_row_id,url,url_mobile,title,seendate,socialimage,domain,language,sourcecountry,_query_id,relevance_score,relevance_hits,llm_vote,llm_score,llm_votes,llm_rationales,llm_importance,llm_vote_agreement,llm_score_importance_nopen,llm_score_importance,llm_importance_votes
5,http://carbon-pulse.com/29889/,,EU Market : EUAs hold on to recent gains as experts diverge on next moves « Carbon Pulse,2017-02-01,,carbon-pulse.com,English,France,1,10,eu_ets_strong;eu_context;carbon_terms=2,YES,1,"[""YES"", ""YES"", ""YES""]","[""Market sentiment remains bullish despite expert divergence, suggesting short-term support for EUA prices."", ""Market sentiment remains cautious but prices are holding steady amid divergent expert forecasts."", ""Market sentiment remains bullish despite expert\u5206\u6b67, suggesting short-term price resilience.""]",7,1.0,0.7,0.7,"[7, 7, 7]"
11,http://carbon-pulse.com/30043/,,EU Market : EUAs slip again on light selling but hold bulk of week ’ s gains « Carbon Pulse,2017-02-03,,carbon-pulse.com,English,France,1,10,eu_ets_strong;eu_context;carbon_terms=2,NO,-1,"[""NO"", ""NO"", ""NO""]","[""Short-term selling pressure may be temporary but lacks strong fundamental support."", ""Short-term selling pressure may temporarily depress prices but lacks sustained momentum."", ""Short-term selling pressure may dampen prices but lacks enough volume to trigger a sustained drop.""]",5,1.0,-0.5,-0.5,"[5, 5, 5]"
17,https://www.traveldailynews.com/post/european-commission-adopts-proposal-for-aviation-emissions-trading-system,,European Commission adopts proposal for aviation emissions trading system,2017-02-06,https://www.traveldailynews.com/assets/thumbnails/c4/c44fa128f003e3e307d4d86f8dcce599.jpg,traveldailynews.com,English,United States,1,11,eu_ets_strong;eu_context;carbon_terms=3,YES,1,"[""YES"", ""YES"", ""YES""]","[""Aviation emissions are a significant sector under EU ETS, and new regulations could increase compliance costs and tighten caps, potentially boosting prices."", ""Aviation emissions are a significant sector in EU ETS, and new regulations could increase compliance costs and drive price upward."", ""Aviation emissions trading could expand EU ETS coverage and increase demand for carbon credits.""]",7,1.0,0.7,0.7,"[7, 7, 7]"
23,http://www.edie.net/news/11/Does-Brexit-offer-a-golden-opportunity-to-pursue-ETS-alternatives/,,Does Brexit offer a  golden opportunity  to pursue EU ETS alternatives ? ,2017-02-08,http://edienet.s3.amazonaws.com/news/images/34458.jpg,edie.net,English,United Kingdom,1,8,eu_ets_strong;eu_context,NO,-1,"[""NO"", ""NO"", ""NO""]","[""Brexit may shift carbon policy focus but doesn\u2019t guarantee immediate ETS price decline or alternative adoption."", ""Brexit may shift carbon pricing dynamics but doesn\u2019t guarantee a short-term ETS price surge or alternative adoption."", ""Brexit may shift carbon pricing dynamics but doesn\u2019t guarantee immediate ETS price collapse or alternatives gain traction.""]",5,1.0,-0.5,-0.5,"[5, 5, 5]"
29,https://www.gov.uk/government/publications/aircraft-operator-guide-how-to-comply-with-phase-iii-of-the-eu-ets,,EU ETS Phase III : guidance for aircraft operators,2017-02-10,https://assets.publishing.service.gov.uk/static/opengraph-image-a1f7d89ffd0782738b1aeb0da37842d8bd0addbd724b8e58c3edbc7287cc11de.png,gov.uk,English,United Kingdom,1,8,eu_ets_strong;eu_context,NO,-1,"[""NO"", ""NO"", ""NO""]","[""Guidance for aircraft operators may influence emissions trading behavior but doesn\u2019t directly alter market fundamentals."", ""Guidance may influence compliance costs but doesn\u2019t directly alter market fundamentals or trading volume."", ""Aircraft operator guidance may influence emissions trading behavior but doesn\u2019t directly drive short-term price volatility.""]",5,1.0,-0.5,-0.5,"[5, 5, 5]"
35,http://carbon-pulse.com/30520/,,COMMENT : Should the united kingdom stay or should it go ? The consequences of a divorce with the EU ETS « Carbon Pulse,2017-02-14,,carbon-pulse.com,English,France,1,9,eu_ets_strong;eu_context;carbon_terms=1,NO,-1,"[""NO"", ""NO"", ""NO""]","[""UK\u2019s exit from EU ETS could trigger market volatility and reshape carbon pricing dynamics in its post-Brexit trading regime."", ""UK\u2019s exit from EU ETS could trigger market volatility and reprice carbon allowances in its own system."", ""UK\u2019s departure from EU ETS could trigger market volatility and pricing uncertainty.""]",7,1.0,-0.7,-0.7,"[7, 7, 7]"
41,http://www.seatrade-maritime.com/news/europe/industry-associations-hit-out-as-eu-persists-with-plan-to-include-shipping-in-emissions-trading-system.html,,Industry associations hit out as EU persists with plan to include shipping in Emissions Trading System,2017-02-16,http://www.seatrade-maritime.com/media/k2/items/cache/570f746cec16d783a7057aa2ddb17062_XL.jpg,seatrade-maritime.com,English,China,1,11,eu_ets_strong;eu_context;carbon_terms=3,NO,-1,"[""NO"", ""NO"", ""NO""]","[""Industry backlash may delay implementation but unlikely to cause immediate price collapse."", ""Industry backlash may delay or weaken implementation, but EU policy remains firm and likely to push prices higher in the long run."", ""Industry backlash may delay implementation but not reverse policy, potentially affecting market sentiment.""]",6,1.0,-0.6,-0.6,"[6, 6, 6]"
47,http://pt.euronews.com/2017/02/18/o-compromisso-dos-eua-com-a-nato-e-inquebravel-garante-mike-pence,,"  O compromisso dos EUA com a NATO é  inquebrável , garante Mike Pence",2017-02-18,http://static.euronews.com/articles/358265/1000x563_358265.jpg,pt.euronews.com,English,United States,1,8,eu_ets_strong;eu_context,NO,-1,"[""NO"", ""NO"", ""NO""]","[""Irrelevant to EU ETS pricing; NATO commitment is geopolitical, not carbon market-related."", ""No direct financial or carbon market impact, as NATO commitments are geopolitical, not carbon policy-related."", ""No direct financial or carbon trading impact, as NATO commitments are geopolitical, not economic or regulatory.""]",1,1.0,-0.1,-0.1,"[1, 1, 1]"
53,http://www.miningglobal.com/operations/2230/What-is-the-future-of-coal-power-in-Europe,,What is the future of coal power in Europe ? ,2017-02-21,http://www.miningglobal.com/public/uploads/large/large_502f1400_da55_be58_242a_473c0ed5e539.jpg,miningglobal.com,English,Australia,1,3,eu_context;energy_driver,NO,-1,"[""NO"", ""NO"", ""NO""]","[""Coal\u2019s phase-out timeline in EU ETS affects long-term price pressure but short-term volatility is less direct."", ""Coal phase-out timelines in EU ETS affect carbon pricing but are not immediate or deterministic."", ""Coal's phase-out timeline in EU ETS affects long-term price pressure but short-term volatility is less direct.""]",5,1.0,-0.5,-0.5,"[5, 5, 5]"
59,http://www.downtoearth.org.in/blog/eu-at-crossroads-in-climate-negotiations-57203,,EU at crossroads of climate negotiations,2017-02-23,http://cdn.downtoearth.org.in/library/medium/2017-02-23/0.33101200_1487838910_climate-chnage-10.jpg,downtoearth.org.in,English,India,1,2,eu_context,NO,-1,"[""YES"", ""NO"", ""NO""]","[""Climate negotiations may influence policy changes that directly affect EU ETS pricing."", ""Climate negotiations may influence policy but short-term ETS price volatility is unlikely without immediate regulatory changes."", ""Climate negotiations may influence policy but short-term ETS price volatility is unlikely without immediate regulatory changes.""]",5,0.6666666666666666,-0.5,-0.3333333333333333,"[7, 5, 5]"
65,http://www.naturalgasworld.com/us-eu-must-prioritize-energy-security-in-policy-discussions-35913,,"US , EU must prioritize energy security in policy discussions",2017-02-25,,naturalgasworld.com,English,,1,2,eu_context,NO,-1,"[""NO"", ""NO"", ""NO""]","[""Energy security focus may indirectly influence ETS policy but lacks direct price drivers."", ""Energy security focus may indirectly influence ETS policy but doesn\u2019t guarantee short-term price movement."", ""Energy security focus may indirectly influence carbon pricing via policy alignment, but no direct price signal.""]",5,1.0,-0.5,-0.5,"[5, 5, 6]"
71,http://www.mondovisione.com/media-and-resources/news/eex-and-belektron-facilitate-access-to-eua-and-euaa-auctions/,,EEX And Belektron Facilitate Access To EUA And EUAA Auctions,2017-02-27,,mondovisione.com,English,United States,1,10,eu_ets_strong;eu_context;carbon_terms=2,NO,-1,"[""NO"", ""NO"", ""NO""]","[""Facilitating access to auctions does not inherently alter market dynamics or supply/demand fundamentals."", ""Facilitating access to auctions does not inherently alter market fundamentals or trading volume significantly."", ""Facilitating access to auctions does not inherently alter market fundamentals or trading volume significantly.""]",2,1.0,-0.2,-0.2,"[2, 2, 2]"
77,http://carbon-pulse.com/31303/,,EU Market : EUAs fall after scraping new 2,2017-03-02,,carbon-pulse.com,English,France,1,9,eu_ets_strong;eu_context;carbon_terms=1,NO,-1,"[""NO"", ""NO"", ""NO""]","[""Short-term price pressure from revised emissions caps may trigger downward momentum."", ""Short-term price drop suggests market reaction to revised emissions targets."", ""Short-term price pressure from revised emissions caps may trigger downward momentum.""]",7,1.0,-0.7,-0.7,"[7, 7, 7]"
83,http://carbon-pulse.com/31438/,,EU states have completed 70 % of their 2017 EUA allocations,2017-03-06,,carbon-pulse.com,English,France,1,8,eu_ets_strong;eu_context,NO,-1,"[""NO"", ""NO"", ""NO""]","[""Allocation completion doesn't directly affect current price volatility or short-term trading dynamics."", ""Allocation completion doesn't directly affect price volatility or future emissions targets."", ""Allocation completion doesn't directly affect price unless it signals future caps or compliance adjustments.""]",3,1.0,-0.3,-0.3,"[3, 3, 3]"
89,http://reneweconomy.com.au/halving-of-coal-demand-pushes-uk-carbon-emissions-down-6-2016/,,Halving of coal demand pushes united kingdom carbon emissions down 6 % ,2017-03-08,http://reneweconomy.com.au/wp-content/uploads/2017/03/re-e1488935559398.png,reneweconomy.com.au,English,Australia,1,4,carbon_terms=3;energy_driver,YES,1,"[""YES"", ""YES"", ""YES""]","[""Coal demand reduction directly lowers UK emissions, likely pressuring EU ETS prices short-term."", ""Coal demand reduction directly impacts UK emissions, which can influence EU ETS pricing via cross-border emission trends."", ""Coal demand reduction directly impacts UK emissions, which can influence EU ETS price via cross-border emission trading dynamics.""]",7,1.0,0.7,0.7,"[7, 7, 7]"
95,https://ec.europa.eu/clima/news/3-april-2017-european-commission-will-release-verified-eu-ets-emissions-data-and-compliance_en,,On 3 April 2017 the European Commission will release verified EU ETS emissions data and compliance information for 2016,2017-03-10,,ec.europa.eu,English,Belgium,1,10,eu_ets_strong;eu_context;carbon_terms=2,NO,-1,"[""NO"", ""NO"", ""NO""]","[""Emissions data release may trigger minor market reactions but does not fundamentally alter price dynamics."", ""Release of verified data may trigger minor market recalibration but unlikely to cause short-term price movement."", ""Release of verified data may trigger minor market adjustments but unlikely to cause significant short-term price movement.""]",3,1.0,-0.3,-0.3,"[3, 3, 3]"
101,http://www.platts.com/latest-news/electric-power/brussels/thermal-power-plants-to-limit-eu-power-price-26685472,,Thermal power plants to limit EU power price falls,2017-03-15,,platts.com,English,United States,1,4,eu_context;carbon_terms=1;energy_driver,NO,-1,"[""NO"", ""NO"", ""NO""]","[""Thermal plants\u2019 capacity constraints may slightly support prices but don\u2019t decisively alter EU ETS volatility."", ""Thermal plants\u2019 capacity constraints may dampen price falls but don\u2019t guarantee sustained upward pressure."", ""Thermal plants\u2019 curtailment of price falls may slightly support prices but doesn\u2019t decisively alter long-term ETS trends.""]",5,1.0,-0.5,-0.5,"[5, 5, 5]"
107,http://www.conservativehome.com/thetorydiary/2017/03/coming-soon-at-least-seven-brexit-bills-perhaps-as-many-as-15-leaving-the-eu-will-define-mays-government-a-fate-she-might-as-well-embrace.html,,Coming soon – at least seven Brexit Bills . Leaving the EU will define May ’ s Government : a fate she should embrace . ,2017-03-20,http://www.conservativehome.com/wp-content/uploads/2016/09/Screen-Shot-2016-09-14-at-07.10.51.png,conservativehome.com,English,United Kingdom,1,2,eu_context,NO,-1,"[""NO"", ""NO"", ""NO""]","[""Brexit-related legislation may influence carbon pricing indirectly via future UK ETS policy, but immediate EU ETS impact is uncertain."", ""Brexit legislation may affect carbon trading rules but lacks immediate market impact."", ""Brexit legislation may affect carbon pricing if UK leaves EU ETS, but immediate price impact is uncertain.""]",3,1.0,-0.3,-0.3,"[3, 3, 3]"
113,http://www.swissinfo.ch/eng/climate-change_swiss-system-of-carbon-trading-faulted/43054560,,Swiss system of carbon trading faulted,2017-03-23,,swissinfo.ch,English,Switzerland,1,2,carbon_terms=2,NO,-1,"[""NO"", ""NO"", ""NO""]","[""Swiss carbon trading system flaws may trigger regulatory scrutiny or policy shifts affecting EU ETS indirectly."", ""Swiss carbon trading system issues may trigger regulatory scrutiny and affect EU ETS market dynamics through cross-border compliance risks."", ""Swiss carbon trading system flaws may trigger regulatory scrutiny and policy adjustments that indirectly affect EU ETS pricing.""]",6,1.0,-0.6,-0.6,"[6, 6, 6]"
119,http://www.4-traders.com/news/EEX-Auction-News-EU-Auction--24107093/,http://www.4-traders.com/amp/news/EEX-Auction-News-EU-Auction--24107093/,EEX Auction News : EU Auction,2017-03-27,,4-traders.com,English,United States,1,9,eu_ets_strong;eu_context;carbon_terms=1,NO,-1,"[""NO"", ""NO"", ""NO""]","[""EU auction results typically reflect market sentiment and may not signal a short-term price trend without context."", ""EU EEX auction results typically reflect market sentiment and may not indicate a short-term price trend without context."", ""EU auction results often reflect market sentiment and can influence short-term price volatility but rarely set long-term trends.""]",3,1.0,-0.3,-0.3,"[3, 3, 3]"
125,http://www.4-traders.com/news/ICYMI-Cassidy-Oped-To-Reduce-Carbon-Emissions-We-Need-More-Manufacturing--24127566/,http://www.4-traders.com/amp/news/ICYMI-Cassidy-Oped-To-Reduce-Carbon-Emissions-We-Need-More-Manufacturing--24127566/,"ICYMI Cassidy Oped : To Reduce Carbon Emissions , We Need More Manufacturing",2017-03-29,,4-traders.com,English,United States,1,3,carbon_terms=3,NO,-1,"[""NO"", ""NO"", ""NO""]","[""Manufacturing expansion may increase emissions, potentially pressuring EU ETS prices if compliance costs rise."", ""Manufacturing expansion could increase emissions, potentially pressuring EU ETS prices unless offset by efficiency gains."", ""Manufacturing expansion may increase emissions, potentially pressuring EU ETS prices unless offset by efficiency gains.""]",3,1.0,-0.3,-0.3,"[3, 3, 3]"
131,http://nyhetsbanken.info/2017/04/01/china-eu-reaffirm-climate-pledges-after-trump-backs-away.html,,"China , EU reaffirm climate pledges after Trump backs away",2017-04-01,,nyhetsbanken.info,English,,2,2,eu_context,YES,1,"[""YES"", ""YES"", ""YES""]","[""EU-China climate alignment may signal stronger global emissions targets, potentially boosting ETS demand."", ""EU-China climate alignment may boost ETS demand via policy coordination."", ""EU-China climate alignment may boost ETS demand via policy coordination.""]",7,1.0,0.7,0.7,"[7, 7, 7]"
137,http://uk.reuters.com/article/uk-europe-emissions-data-idUKKBN17510W,http://uk.mobile.reuters.com/article/amp/idUKKBN17510W,EU carbon market installation emissions up 1 . 1 percent in 2016,2017-04-03,http://s3.reutersmedia.net/resources/r/?m=02&d=20170403&t=2&i=1179115843&w=&fh=545px&fw=&ll=&pl=&sq=&r=LYNXMPED320JJ,uk.reuters.com,English,United States,1,6,eu_context;carbon_terms=4,NO,-1,"[""NO"", ""NO"", ""NO""]","[""Slight emissions increase may imply minor upward pressure, but not a strong signal for short-term price movement."", ""Small emissions increase may not significantly affect price if market is already stable or if compliance mechanisms are robust."", ""Slight emissions increase may signal weak compliance or policy gaps, but 2016 data is outdated and not indicative of current market trends.""]",3,1.0,-0.3,-0.3,"[3, 3, 3]"
143,http://www.hellenicshippingnews.com/cutting-carbon-emissions-in-shipping-the-imo-and-the-eu-in-competing-positions/,,Cutting Carbon Emissions in Shipping : The IMO and the EU in Competing Positions,2017-04-05,,hellenicshippingnews.com,English,China,1,5,eu_context;carbon_terms=3,NO,-1,"[""NO"", ""NO"", ""NO""]","[""IMO\u2019s shipping emission targets could pressure EU ETS by altering global carbon pricing dynamics."", ""IMO\u2019s regulatory pressure may indirectly affect EU ETS pricing via global carbon trade dynamics."", ""IMO\u2019s shipping emissions cap could pressure EU ETS by altering global carbon pricing dynamics.""]",5,1.0,-0.5,-0.5,"[5, 5, 5]"
149,https://www.hellenicshippingnews.com/why-an-emissions-trading-scheme-in-the-eu-can-pose-a-huge-problem-to-our-industry/,,Why an Emissions Trading Scheme in the EU can pose a huge problem to our industry,2017-04-07,,hellenicshippingnews.com,English,China,1,5,eu_context;carbon_terms=3,NO,-1,"[""NO"", ""NO"", ""NO""]","[""The headline suggests industry disruption, which may trigger policy adjustments or compliance costs impacting short-term ETS prices."", ""The headline suggests industry disruption, which may trigger policy adjustments or compliance costs, affecting short-term ETS pricing."", ""The headline implies regulatory pressure that could disrupt industry operations and affect pricing dynamics in the EU ETS.""]",7,1.0,-0.7,-0.7,"[7, 7, 7]"
155,http://www.naturalgasworld.com/ggp-the-carbon-buyers-club-international-emissions-trading-beyond-paris-36911,,GGP : The carbon buyer club : international emissions trading beyond Paris,2017-04-09,,naturalgasworld.com,English,,1,4,carbon_terms=4,NO,-1,"[""NO"", ""NO"", ""NO""]","[""It signals emerging global carbon markets but doesn\u2019t yet imply immediate price shifts in EU ETS."", ""It highlights emerging global carbon markets but lacks specific price-driving data for EU ETS."", ""It signals emerging global carbon markets but doesn\u2019t directly impact immediate EU ETS pricing.""]",5,1.0,-0.5,-0.5,"[5, 5, 5]"
161,http://www.climatechangenews.com/2017/04/11/balkan-utilities-gambling-coal-eu-opts/,,Balkans are gambling on coal as EU utilities opt out,2017-04-11,http://www.climatechangenews.com/files/2016/10/198719658_4c8c5f450b_b-e1477584248564.jpg,climatechangenews.com,English,France,1,3,eu_context;energy_driver,NO,-1,"[""NO"", ""NO"", ""NO""]","[""Coal gamble in Balkans risks EU ETS compliance and could trigger carbon price volatility."", ""Coal gamble in Balkans may trigger EU ETS volatility via supply-side shifts and carbon intensity concerns."", ""Balkan coal investments could trigger EU ETS price volatility if carbon-intensive projects gain traction despite EU decarbonization goals.""]",6,1.0,-0.6,-0.6,"[7, 6, 6]"
167,http://www.independent.ie/breaking-news/irish-news/ireland-to-fall-short-of-2020-greenhouse-gas-emissions-target-35620385.html,http://m.independent.ie/breaking-news/irish-news/ireland-to-fall-short-of-2020-greenhouse-gas-emissions-target-35620385.html,Ireland to fall short of 2020 greenhouse gas emissions target,2017-04-13,http://www.independent.ie/breaking-news/irish-news/article35620384.ece/ALTERNATES/h342/PANews_P-1e034f8f-b5a6-4cac-97ea-0e4f16062b4c_I1.jpg,independent.ie,English,Ireland,1,3,carbon_terms=2;energy_driver,NO,-1,"[""NO"", ""NO"", ""NO""]","[""Ireland\u2019s shortfall may trigger stricter compliance measures, potentially increasing carbon pricing pressure."", ""Ireland\u2019s shortfall may trigger stricter compliance measures, potentially increasing emissions trading demand."", ""Ireland\u2019s shortfall may trigger stricter compliance measures, potentially increasing carbon pricing pressure in the EU ETS.""]",6,1.0,-0.6,-0.6,"[5, 6, 6]"
173,https://medium.com/world-economic-forum/brexit-could-be-the-best-thing-that-happened-to-the-european-union-2636cbc5ade5,,Brexit could be the best thing that happened to the European Union,2017-04-15,https://cdn-images-1.medium.com/max/1200/0*t-8qku5ydoBxkt6A.jpg,medium.com,English,United States,2,2,eu_context,NO,-1,"[""NO"", ""NO"", ""NO""]","[""Brexit may have reduced EU ETS emissions targets but also weakened regulatory cohesion, creating uncertainty for pricing."", ""Brexit may have reduced EU ETS emissions targets but also fragmented carbon markets, creating uncertainty."", ""Brexit may have disrupted EU carbon markets but also created regulatory divergence that could lead to long-term price volatility rather than short-term gains.""]",3,1.0,-0.3,-0.3,"[3, 3, 5]"
179,http://www.expatica.com/es/news/OP-Spain-criticised-by-European-Climate-Foundation-for-reliance-on-carbon-energy-power_1058560.html,,Spain criticised by European Climate Foundation for reliance on carbon energy power ,2017-04-18,,expatica.com,English,France,2,4,eu_context;carbon_terms=1;energy_driver,NO,-1,"[""NO"", ""NO"", ""NO""]","[""Spain\u2019s reliance on carbon energy may signal policy weakness, but EU ETS prices are more influenced by broader market sentiment and regulatory shifts."", ""Spain\u2019s reliance on carbon energy may signal weaker climate policy, potentially lowering EU ETS demand short-term."", ""Spain\u2019s reliance on carbon energy may signal policy weakness, but EU ETS prices are more influenced by broader market sentiment and regulatory tightening.""]",5,1.0,-0.5,-0.5,"[5, 5, 5]"
185,http://blogs.timesofindia.indiatimes.com/Globespotting/in-spite-of-brexit-eu-remains-a-global-power-the-first-global-market-and-the-most-relevant-partner-for-india/,,"  In spite of Brexit , EU remains a global power , the first global market , and the most relevant partner for India  ",2017-04-20,http://blogs.timesofindia.indiatimes.com/wp-content/uploads/2017/04/edit-Federica-Mogherini-1.jpg,blogs.timesofindia.indiatimes.com,English,India,2,4,eu_context;carbon_terms=1;energy_driver,NO,-1,"[""NO"", ""NO"", ""NO""]","[""Brexit has not materially affected EU ETS fundamentals or global carbon pricing dynamics as per recent data."", ""Brexit has not materially altered EU ETS fundamentals or global carbon market dynamics as stated."", ""Brexit has not materially affected EU ETS fundamentals or global market dynamics as stated.""]",3,1.0,-0.3,-0.3,"[3, 3, 3]"
191,http://economictimes.indiatimes.com/news/environment/pollution/europes-pollution-caused-drought-in-india/articleshow/58308376.cms,http://m.economictimes.com/news/environment/pollution/europes-pollution-caused-drought-in-india/amp_articleshow/58308376.cms,  Europe pollution caused drought in India  ,2017-04-22,"http://img.etimg.com/thumb/msid-58308375,width-672,resizemode-4/drought.jpg",economictimes.indiatimes.com,English,India,2,2,eu_context,NO,-1,"[""NO"", ""NO"", ""NO""]","[""EU ETS price is unlikely to be directly affected by India\u2019s drought, as it\u2019s not a direct emissions or regulatory linkage."", ""EU ETS price is unlikely to be directly impacted by India's drought, as it\u2019s not a direct emissions or regulatory linkage."", ""Indirect environmental link with minimal direct impact on EU ETS pricing.""]",2,1.0,-0.2,-0.2,"[2, 2, 1]"
197,http://www.evwind.es/2017/04/25/windeurope-argues-for-an-electricity-market-design-consistent-with-the-eus-climate-strategy/59560,,WindEurope argues for an Electricity Market Design consistent with the EU climate strategy,2017-04-25,,evwind.es,English,Spain,1,4,eu_context;carbon_terms=1;energy_driver,NO,-1,"[""NO"", ""NO"", ""NO""]","[""WindEurope\u2019s call for aligned market design may influence policy but doesn\u2019t directly trigger short-term ETS price volatility."", ""WindEurope\u2019s call for aligned market design may influence policy but doesn\u2019t directly signal short-term ETS price movement."", ""WindEurope\u2019s call for aligned market design may influence policy but doesn\u2019t directly trigger short-term ETS price volatility.""]",5,1.0,-0.5,-0.5,"[5, 5, 5]"
203,http://bellona.org/news/future-energy-system/2017-04-press-release-bellona-reality-checks-proposed-eu-power-to-liquids-policy,,Press Release : Bellona reality checks proposed EU  Power to Liquid policy,2017-04-27,http://network.bellona.org/content/uploads/sites/3/2017/04/ThinkstockPhotos-184856598.jpg,bellona.org,English,Russia,1,3,eu_context;energy_driver,NO,-1,"[""NO"", ""NO"", ""NO""]","[""Bellona\u2019s critique may signal regulatory uncertainty, but lacks concrete policy details to trigger immediate price movement."", ""Bellona\u2019s critique suggests policy risk, but no concrete price-moving mechanism is implied."", ""Bellona\u2019s critique may signal regulatory uncertainty, but lacks concrete policy details to trigger immediate price movement.""]",3,1.0,-0.3,-0.3,"[3, 3, 3]"
209,http://thewestsidestory.net/new-eu-rules-will-force-plants-reduce-harmful-emissions/,,New EU rules will force plants to reduce harmful emissions,2017-04-29,,thewestsidestory.net,English,United States,2,4,eu_context;carbon_terms=2,YES,1,"[""YES"", ""YES"", ""YES""]","[""Stronger emission reduction mandates likely to drive up EU ETS prices as compliance costs rise."", ""Stronger emission reduction mandates likely to boost carbon prices via increased demand for allowances."", ""Emission reduction mandates directly pressure emissions-intensive industries, likely driving up EU ETS prices as compliance costs rise.""]",8,1.0,0.8,0.8,"[8, 8, 8]"
215,http://www.mondovisione.com/media-and-resources/news/eex-trading-results-for-april-2017-eex-achieves-sixfold-volume-increase-on-eua/,,EEX Trading Results For April 2017,2017-05-02,,mondovisione.com,English,United States,1,7,eu_ets_strong;carbon_terms=1,NO,-1,"[""NO"", ""NO"", ""NO""]","[""EEX results from 2017 are historical and do not reflect current market dynamics or policy changes affecting EU ETS."", ""April 2017 data is outdated and does not reflect current market dynamics or policy shifts affecting EU ETS pricing."", ""EEX trading results from 2017 are historical data and do not reflect current market conditions or future price movements.""]",1,1.0,-0.1,-0.1,"[1, 1, 1]"
221,http://www.theenergycollective.com/raulipartanen/2403678/bioenergy-increases-emissions-europe,,Bioenergy increases emissions in Europe,2017-05-04,http://www.theenergycollective.com/wp-content/uploads/2017/05/biomass-pellets-slider-thumb.jpg,theenergycollective.com,English,United States,1,4,eu_context;carbon_terms=2,NO,-1,"[""NO"", ""NO"", ""NO""]","[""Bioenergy expansion may offset emissions but can also increase overall emissions if not managed sustainably, impacting EU ETS compliance and pricing."", ""Bioenergy expansion may offset emissions but can also increase total emissions if not managed sustainably, affecting EU ETS compliance and pricing."", ""Bioenergy expansion may offset emissions but can also increase net emissions if not managed sustainably, impacting EU ETS compliance and pricing.""]",7,1.0,-0.7,-0.7,"[7, 7, 7]"
227,http://carbon-pulse.com/34141/,,EU Market : Macron win fails to lift carbon as EUAs drop 3 . 5 % « Carbon Pulse,2017-05-08,,carbon-pulse.com,English,France,1,10,eu_ets_strong;eu_context;carbon_terms=2,NO,-1,"[""NO"", ""NO"", ""NO""]","[""Macron\u2019s win did not translate into market optimism, suggesting policy uncertainty or weak investor sentiment outweighed political momentum."", ""Macron\u2019s victory did not translate into carbon price support, indicating market sentiment remains cautious despite political change."", ""Macron\u2019s win did not translate into market optimism, suggesting policy uncertainty outweighed political momentum.""]",6,1.0,-0.6,-0.6,"[6, 6, 5]"
233,https://www.hydrocarbonengineering.com/clean-fuels/31052017/ngva-europe-validates-natural-gas-for-decarbonisation/,https://www.hydrocarbonengineering.com/clean-fuels/31052017/ngva-europe-validates-natural-gas-for-decarbonisation/amp/,NGVA Europe validates natural gas for decarbonisation,2017-05-31,https://dlgivnpf6gg8w.cloudfront.net/media/articles/pop/fuel-02.jpg,hydrocarbonengineering.com,English,,2,4,eu_context;carbon_terms=1;energy_driver,NO,-1,"[""NO"", ""NO"", ""NO""]","[""Natural gas as a transitional fuel may lower emissions, but EU ETS pricing is more sensitive to policy and cap changes than fuel validation."", ""Natural gas as a transitional fuel may temporarily support ETS prices but doesn't signal a major structural shift in carbon markets."", ""Natural gas as a transitional fuel may slightly depress EU ETS prices due to reduced carbon intensity, but not a major driver.""]",5,1.0,-0.5,-0.5,"[5, 4, 5]"
239,http://www.greencarcongress.com/2017/06/20170602-eea.html,,Green Car Congress : EU greenhouse gas emissions from transport increased for the second year in a row in 2015 ; on,2017-06-02,,greencarcongress.com,English,United States,1,5,eu_context;carbon_terms=2;energy_driver,NO,-1,"[""NO"", ""NO"", ""NO""]","[""Emissions growth signals potential policy pressure or market adjustment in EU ETS."", ""Emissions growth signals potential policy pressure to tighten carbon pricing or cap compliance, which may support ETS prices in the medium term."", ""Emissions growth signals potential policy tightening or market pressure on ETS prices.""]",6,1.0,-0.6,-0.6,"[6, 6, 6]"
245,https://www.eureporter.co/environment/2017/06/05/european-parliament-president-tajani-the-parisagreement-is-alive-and-we-will-take-it-forward/,,European Parliament President Tajani : ‘ The # ParisAgreement is alive and we will take it forward ’ ,2017-06-05,https://www.eureporter.co/wp-content/uploads/2017/03/Antonio-tajani.jpg,eureporter.co,English,Colombia,1,2,eu_context,NO,-1,"[""NO"", ""NO"", ""NO""]","[""Political reaffirmation of climate goals has limited immediate impact on ETS pricing."", ""Political reaffirmation of climate goals may support long-term policy but has minimal short-term market impact."", ""Political reaffirmation of climate goals may signal regulatory tightening, but lacks concrete policy detail to drive immediate ETS price movement.""]",2,1.0,-0.2,-0.2,"[2, 2, 2]"
251,http://www.hellenicshippingnews.com/europe-and-china-stand-by-climate-action-on-aviation-and-shipping/,,Europe and China stand by climate action on aviation and shipping,2017-06-09,,hellenicshippingnews.com,English,China,1,2,eu_context,YES,1,"[""YES"", ""YES"", ""YES""]","[""Positive sentiment may encourage policy alignment, but short-term price impact is uncertain without concrete regulatory action."", ""Positive sentiment may support long-term ETS trends but lacks immediate market catalysts."", ""Positive sentiment may support long-term ETS trends but lacks immediate market catalysts.""]",5,1.0,0.5,0.5,"[6, 5, 5]"
257,http://carbon-pulse.com/35848/,,EU Parliament Girling to continue as lead ETS negotiator « Carbon Pulse,2017-06-14,,carbon-pulse.com,English,France,1,3,eu_context;carbon_terms=1,NO,-1,"[""NO"", ""NO"", ""NO""]","[""Change in negotiator does not directly impact short-term ETS price dynamics."", ""Change in negotiator does not directly affect ETS price dynamics."", ""Change in negotiator does not directly affect ETS price mechanics or policy trajectory.""]",3,1.0,-0.3,-0.3,"[3, 3, 3]"
263,https://www.edie.net/67800/products/European-Union-Emissions-Trading-Scheme/13318,,European Union Emissions Trading Scheme,2017-06-19,https://edienet.s3.amazonaws.com/products/images/full_13318.jpg?v=19/06/2017,edie.net,English,United Kingdom,1,11,eu_ets_strong;eu_context;carbon_terms=3,NO,-1,"[""NO"", ""NO"", ""NO""]","[""EU ETS price is influenced by policy changes, market demand, and compliance behavior, not just the headline itself."", ""EU ETS price is influenced by policy changes, market demand, and compliance behavior, not just the headline itself."", ""EU ETS price is influenced by policy changes, market sentiment, and compliance behavior, not just the headline itself.""]",3,1.0,-0.3,-0.3,"[3, 3, 5]"
269,http://carbon-pulse.com/36169/,,EU nations align with Brussels on keeping international flights out of EU ETS « Carbon Pulse,2017-06-21,,carbon-pulse.com,English,France,1,9,eu_ets_strong;eu_context;carbon_terms=1,YES,1,"[""YES"", ""YES"", ""YES""]","[""Excludes international flights from ETS may reduce compliance costs and signal policy tightening, potentially boosting prices."", ""Excludes international flights from ETS may reduce emissions but could also limit market depth and price pressure."", ""Excludes international flights from ETS may reduce emissions and lower compliance costs, potentially stabilizing or slightly increasing prices.""]",7,1.0,0.7,0.7,"[7, 7, 7]"
275,https://www.nytimes.com/2017/06/23/world/asia/china-cap-trade-carbon-greenhouse.html,http://mobile.nytimes.com/2017/06/23/world/asia/china-cap-trade-carbon-greenhouse.html,Xi Jinping Is Set for a Big Gamble With China Carbon Trading Market,2017-06-23,https://static01.nyt.com/images/2017/06/16/world/16china-carbon-1/16china-carbon-1-facebookJumbo.jpg,nytimes.com,English,United States,1,3,carbon_terms=3,NO,-1,"[""NO"", ""NO"", ""NO""]","[""China\u2019s carbon trading market moves independently of EU ETS and may not directly affect short-term EU prices."", ""China\u2019s carbon trading market moves independently of EU ETS, so Xi\u2019s gamble has limited short-term price impact."", ""China\u2019s carbon trading market moves independently of EU ETS, so Xi\u2019s gamble has limited short-term price impact.""]",5,1.0,-0.5,-0.5,"[5, 5, 5]"
281,http://www.euronews.com/2017/06/28/eu-nations-parliament-still-divided-on-carbon-market-reform,http://www.euronews.com/amp/2017/06/28/eu-nations-parliament-still-divided-on-carbon-market-reform,"EU nations , Parliament still divided on carbon market reform",2017-06-28,,euronews.com,English,United States,1,4,eu_context;carbon_terms=2,NO,-1,"[""NO"", ""NO"", ""NO""]","[""Political gridlock may delay or dilute reform, but doesn\u2019t guarantee price collapse."", ""Political gridlock may delay or dilute reform, but short-term price stability is unlikely to be materially affected."", ""Political gridlock may delay reform but unlikely to trigger immediate price collapse.""]",5,1.0,-0.5,-0.5,"[5, 5, 5]"
287,http://www.investineu.com/content/juncker-plan-eur-29-million-eib-loan-finance-expansion-gas-distribution-portugal,,Juncker Plan : EUR 29 million EIB loan to finance the expansion of gas distribution in Portugal,2017-06-30,,investineu.com,English,Belgium,2,3,eu_context;energy_driver,NO,-1,"[""NO"", ""NO"", ""NO""]","[""EIB loan for gas infrastructure has minimal direct impact on EU ETS price due to low carbon intensity of gas distribution."", ""EIB loan for gas infrastructure has minimal direct impact on EU ETS price due to low volume and non-emission-intensive nature."", ""EIB loan for gas infrastructure has minimal direct impact on EU ETS price dynamics.""]",2,1.0,-0.2,-0.2,"[2, 2, 2]"
293,http://www.eurasiareview.com/04072017-a-european-union-army-objective-or-chimera-analysis/,,A European Union Army : Objective Or Chimera ? – Analysis – Eurasia Review,2017-07-04,https://i1.wp.com/www.eurasiareview.com/wp-content/uploads/2017/01/web-33.jpg?fit=825%2C510,eurasiareview.com,English,United States,1,2,eu_context,NO,-1,"[""NO"", ""NO"", ""NO""]","[""No direct financial or carbon market implications from military analysis."", ""No direct financial or carbon market implications from military analysis headlines."", ""No direct financial or carbon market implications from military analysis.""]",2,1.0,-0.2,-0.2,"[2, 2, 2]"
299,https://www.economist.com/news/europe/21724834-g20-will-test-whether-world-can-implement-paris-emission-accords-america-quits,,"As America quits , Europe tries to lead on climate change",2017-07-06,,economist.com,English,United States,1,2,eu_context,NO,-1,"[""NO"", ""NO"", ""NO""]","[""EU ETS may face increased regulatory pressure or market volatility as global climate leadership shifts."", ""EU ETS may face increased pressure from global markets if U.S. exits climate leadership, but domestic policy remains key."", ""EU may face policy uncertainty and market volatility as U.S. withdrawal reduces global climate leadership.""]",7,1.0,-0.7,-0.7,"[7, 6, 7]"
305,http://www.reuters.com/article/us-eu-carbon-aviation-parliament-idUSKBN19W1TQ,http://mobile.reuters.com/article/amp/idUSKBN19W1TQ,EU parliament extends exemption for foreign flights from carbon emissions scheme,2017-07-11,https://s4.reutersmedia.net/resources_v2/images/rcom-default.png,reuters.com,English,United States,1,5,eu_context;carbon_terms=3,NO,-1,"[""NO"", ""NO"", ""NO""]","[""Exemptions reduce total emissions covered, potentially dampening price pressure but not eliminating long-term trends."", ""Exemptions reduce market participation, potentially lowering price pressure but not eliminating long-term trend."", ""Exemptions reduce compliance burden but may signal long-term policy uncertainty, potentially dampening price momentum.""]",5,1.0,-0.5,-0.5,"[5, 5, 5]"
311,http://carbon-pulse.com/37409/,,EU court rules against Brussels in glass firm ETS data appeal « Carbon Pulse,2017-07-13,,carbon-pulse.com,English,France,1,3,eu_context;carbon_terms=1,NO,-1,"[""NO"", ""NO"", ""NO""]","[""Court ruling may weaken regulatory enforcement, potentially lowering ETS price confidence."", ""Court ruling may undermine data integrity and trigger compliance scrutiny, potentially affecting market confidence."", ""Court ruling may undermine data integrity and trigger regulatory recalibration in EU ETS.""]",7,1.0,-0.7,-0.7,"[7, 7, 7]"
317,https://thepienews.com/news/uk-buila-fostering-mobility-plan-b-europe/,,UK : BUILA fostering international student mobility plan B with Europe,2017-07-17,https://d1pe6f90ru47yo.cloudfront.net/wp-content/uploads/2017/07/14143632/BUILA-EUA-860x375.jpg,thepienews.com,English,United Kingdom,1,2,eu_context,NO,-1,"[""NO"", ""NO"", ""NO""]","[""No direct impact on EU ETS pricing as student mobility plans are non-economic policy levers."", ""No direct impact on EU ETS pricing as student mobility initiatives are non-market-driven carbon policy actions."", ""No direct impact on EU ETS pricing as student mobility plans are non-economic policy instruments unrelated to carbon markets.""]",1,1.0,-0.1,-0.1,"[1, 1, 1]"
323,http://carbon-pulse.com/37672/,,EU Market : EUAs close at 2,2017-07-20,,carbon-pulse.com,English,France,1,9,eu_ets_strong;eu_context;carbon_terms=1,NO,-1,"[""NO"", ""NO"", ""NO""]","[""EUAs closing at \u20ac2 suggest weak market sentiment or low demand, but short-term direction is uncertain without context."", ""EUAs closing at 2 suggest weak demand or low volatility, but no clear short-term trend direction."", ""EUAs closing at \u20ac2 suggests weak market sentiment or low demand, but lacks context to confirm short-term direction.""]",3,1.0,-0.3,-0.3,"[3, 3, 3]"
329,http://www.desdemonadespair.net/2017/07/xi-jinping-is-set-for-big-gamble-with.html,,Xi Jinping is set for a big gamble with China ’ s carbon trading market –  One of the problems they have had is getting realistic numbers  ,2017-07-23,https://lh3.googleusercontent.com/-3eybIZtMeRs/WXPS8LkQ_hI/AAAAAAAAkMk/-ap3w70RMXUuc3eF1fL_2-Z28N9GDUSgACHMYCw/w1200-h630-p-k-no-nu/image%255B5%255D?imgmax=800,desdemonadespair.net,English,United States,1,3,carbon_terms=3,NO,-1,"[""NO"", ""NO"", ""NO""]","[""China\u2019s carbon trading data challenges may indirectly affect EU ETS via global market sentiment and policy coordination."", ""China\u2019s carbon market challenges may indirectly affect EU ETS via global emissions trends, but direct short-term impact is uncertain."", ""China\u2019s carbon market data challenges may indirectly affect EU ETS volatility through global market sentiment and policy alignment.""]",5,1.0,-0.5,-0.5,"[5, 5, 5]"
335,http://azertag.az/en/xeber/UNEC_creates_opportunity_to_receive_European_Diploma_on_Master_039s_Degree-1080990,,UNEC creates opportunity to receive European Diploma on Master Degree,2017-07-26,,azertag.az,English,Azerbaijan,1,2,eu_context,NO,-1,"[""NO"", ""NO"", ""NO""]","[""Carbon trading and EU ETS prices are unaffected by UNEC diploma programs."", ""No direct financial or carbon market impact from UNEC\u2019s diploma program."", ""No direct financial or carbon market impact from UNEC\u2019s diploma program.""]",1,1.0,-0.1,-0.1,"[1, 1, 1]"
341,https://uk.news.yahoo.com/extreme-weather-hits-europe-scientists-112147095.html,,Extreme weather hits Europe,2017-07-30,,uk.news.yahoo.com,English,United States,2,2,eu_context,YES,1,"[""YES"", ""YES"", ""YES""]","[""Extreme weather can trigger carbon price spikes due to increased emissions from recovery efforts and regulatory penalties."", ""Extreme weather can trigger carbon price spikes due to increased emissions from recovery efforts and regulatory tightening."", ""Extreme weather can trigger carbon price spikes due to increased emissions from recovery efforts and policy responses.""]",7,1.0,0.7,0.7,"[7, 7, 7]"
347,https://www.businessgreen.com/bg/news/3014809/eu-industrial-air-pollution-rules-hailed-for-signalling-end-for-coal-plants,,EU industrial air pollution rules herald  logical end for coal plants  ,2017-08-01,,businessgreen.com,English,United Kingdom,2,3,eu_context;energy_driver,YES,1,"[""YES"", ""YES"", ""YES""]","[""Coal plant closures driven by stricter EU pollution rules likely reduce emissions and boost ETS demand."", ""Coal plant closures reduce emissions, likely boosting EU ETS demand and prices."", ""Coal plant closures driven by EU pollution rules could reduce emissions and boost ETS demand.""]",8,1.0,0.8,0.8,"[8, 8, 8]"
353,https://www.eureporter.co/frontpage/2017/08/03/eex-and-incubex-join-forces-to-develop-and-expand-global-markets/,, # EEX and # IncubEx join forces to develop and expand global markets,2017-08-03,https://www.eureporter.co/wp-content/uploads/2017/08/global-markets.jpg,eureporter.co,English,Colombia,1,7,eu_ets_strong;carbon_terms=1,NO,-1,"[""NO"", ""NO"", ""NO""]","[""Joint development of global markets may signal increased activity but doesn\u2019t yet imply immediate price shifts in EU ETS."", ""Joint development of global markets may signal increased liquidity but doesn\u2019t yet imply direct price pressure on EU ETS."", ""Joint development of global markets may signal increased trading volume but doesn't yet imply immediate price pressure.""]",5,1.0,-0.5,-0.5,"[5, 5, 5]"
359,http://www.mondovisione.com/media-and-resources/news/eex-to-reintroduce-auctions-for-eu-aviation-allowances-euaa/,,EEX To Reintroduce Auctions For EU Aviation Allowances ( EUAA ) ,2017-08-09,,mondovisione.com,English,United States,1,12,eu_ets_strong;eu_context;carbon_terms=4,YES,1,"[""YES"", ""YES"", ""YES""]","[""Reintroducing auctions may increase market efficiency and reduce allowance over-allocation, potentially boosting prices."", ""Reintroducing auctions may increase price volatility and tighten supply, potentially boosting EUAA prices."", ""Reintroducing auctions may increase price volatility and tighten supply, potentially boosting prices.""]",7,1.0,0.7,0.7,"[7, 7, 7]"
365,http://governorswindenergycoalition.org/china-is-about-to-have-the-worlds-biggest-carbon-market/,,China is about to have the world ’ s biggest carbon market,2017-08-15,,governorswindenergycoalition.org,English,United States,1,2,carbon_terms=2,NO,-1,"[""NO"", ""NO"", ""YES""]","[""China\u2019s massive carbon market could shift global emissions trading dynamics and influence EU ETS pricing via supply-demand changes and policy spillovers."", ""China\u2019s massive carbon market could shift global emissions trading dynamics and influence EU ETS pricing via supply-demand shifts and policy spillovers."", ""EU ETS may see upward pressure as China\u2019s massive carbon market signals global decarbonization momentum.""]",7,0.6666666666666666,-0.7,-0.4666666666666666,"[7, 7, 7]"
371,http://carbon-pulse.com/38950/,,EU carbon could top €15 before 2020 under more ravenous MSR,2017-08-17,,carbon-pulse.com,English,France,1,9,eu_ets_strong;eu_context;carbon_terms=1,YES,1,"[""YES"", ""YES"", ""YES""]","[""MSR expansion could drive up EU ETS prices by increasing carbon demand and tightening allowances."", ""MSR expansion could drive higher emissions caps, boosting price pressure."", ""MSR expansion could drive higher emissions caps, boosting price pressure.""]",8,1.0,0.8,0.8,"[8, 8, 8]"
377,https://advancedbiofuelsusa.info/tag/european-emissions-trading-scheme/,,Advanced BioFuels united states » European Emissions Trading System ( ETS ) ,2017-08-29,,advancedbiofuelsusa.info,English,United States,1,11,eu_ets_strong;eu_context;carbon_terms=3,NO,-1,"[""NO"", ""NO"", ""NO""]","[""Biofuels policy shifts in the US may indirectly affect EU ETS via global carbon markets but lack direct regulatory linkage."", ""Biofuels policy in the US has limited direct impact on EU ETS pricing due to jurisdictional separation."", ""Biofuels policy shifts in the US may indirectly affect EU ETS via global carbon market dynamics, but direct impact is limited.""]",3,1.0,-0.3,-0.3,"[3, 3, 3]"
383,https://blueandgreentomorrow.com/energy/study-increasing-eu-carbon-price-would-have-extremely-limited-impact-on-business/,,Study : increasing EU carbon price would have  extremely limited  impact on business,2017-08-31,https://blueandgreentomorrow.com/wp-content/uploads/2015/03/coal-power-plant-by-Emilian-Robert-Vicol-via-flickr.jpg,blueandgreentomorrow.com,English,United Kingdom,1,4,eu_context;carbon_terms=2,NO,-1,"[""NO"", ""NO"", ""NO""]","[""The study\u2019s claim of limited impact may underestimate market behavioral responses to price signals."", ""The study\u2019s claim of minimal impact may understate real-world behavioral and compliance responses to higher prices."", ""The study\u2019s claim of minimal impact may understate real market dynamics, but its findings are unlikely to trigger immediate price shifts.""]",3,1.0,-0.3,-0.3,"[3, 3, 3]"
389,https://blueandgreentomorrow.com/energy/eu-set-to-fund-uk-carbon-capture-and-storage-project/,,EU set to fund united kingdom carbon capture and storage project,2017-09-02,https://blueandgreentomorrow.com/wp-content/uploads/2014/04/coal-By-Emilian-Robert-Vicol-via-FLickr1.jpg,blueandgreentomorrow.com,English,United Kingdom,2,3,eu_context;carbon_terms=1,NO,-1,"[""NO"", ""NO"", ""NO""]","[""EU funding may support UK CCS but doesn\u2019t directly alter short-term ETS price dynamics."", ""Carbon capture funding may support UK emissions reductions, but EU ETS price is more influenced by broader policy and market dynamics."", ""EU funding may support UK CCS but doesn\u2019t directly alter ETS price dynamics.""]",5,1.0,-0.5,-0.5,"[5, 5, 5]"
395,https://blueandgreentomorrow.com/environment/compromise-eu-ets-reform-draws-closer/,,Compromise On The EU ETS Reform Draws Closer,2017-09-04,https://blueandgreentomorrow.com/wp-content/uploads/2016/09/14086693619_1d5641df7d_z-e1475168506784.jpg,blueandgreentomorrow.com,English,United Kingdom,1,8,eu_ets_strong;eu_context,YES,1,"[""YES"", ""YES"", ""YES""]","[""Market anticipation of a compromise may trigger short-term price volatility due to revised policy expectations."", ""Market sentiment shifts toward a more stable, albeit less ambitious, reform, potentially supporting prices."", ""Market anticipation of a compromise may boost investor confidence and trigger short-term price appreciation.""]",7,1.0,0.7,0.7,"[7, 7, 7]"
401,http://www.nineoclock.ro/state-collects-more-than-11-6-m-euros-in-august-from-greenhouse-gas-emissions-certificates/,,State collects more than 11 . 6 M euros in August from greenhouse gas emissions certificates,2017-09-06,,nineoclock.ro,English,Romania,1,5,eu_context;carbon_terms=2;energy_driver,YES,1,"[""YES"", ""YES"", ""YES""]","[""Significant new revenue collection may signal increased compliance or market activity, but doesn't directly imply price movement."", ""Higher revenue signals increased compliance and market activity, suggesting upward pressure on prices."", ""This indicates increased compliance activity, potentially signaling stronger market demand for certificates.""]",7,1.0,0.7,0.7,"[5, 7, 7]"
407,http://carbon-pulse.com/40037/,,EU Market : EUAs hit 19,2017-09-08,,carbon-pulse.com,English,France,1,9,eu_ets_strong;eu_context;carbon_terms=1,YES,1,"[""YES"", ""YES"", ""YES""]","[""EUAs hitting 19 suggest strong demand and potential price support amid tightening caps."", ""EUAs hitting 19 suggest strong demand or tight supply, likely pushing prices higher in the short term."", ""EUAs hitting 19 suggest strong demand or supply constraints, likely signaling upward pressure in short-term pricing.""]",8,1.0,0.8,0.8,"[8, 8, 8]"
413,https://www.telesurtv.net/english/news/China-Looks-to-Reduce-Carbon-Emissions-End-Sales-of-Gasoline-Cars-to-Go-Fully-Electric-20170910-0002.html,http://www.telesurtv.net/english/amp/english/news/China-Looks-to-Reduce-Carbon-Emissions-End-Sales-of-Gasoline-Cars-to-Go-Fully-Electric-20170910-0002.html,"China Looks to Reduce Carbon Emissions , End Sales of Gasoline Cars to Go Fully Electric ",2017-09-10,http://www.telesurtv.net/__export/1505043617898/sites/telesur/img/news/2017/09/10/electric_car_-_afp_x1x.jpg_1810791533.jpg,telesurtv.net,English,United States,2,4,carbon_terms=3;energy_driver,NO,-1,"[""NO"", ""NO"", ""NO""]","[""China\u2019s aggressive emissions reduction and EV transition could shift global carbon pricing dynamics, affecting EU ETS indirectly through supply-demand shifts and carbon leakage concerns."", ""China\u2019s EV transition may indirectly affect global carbon pricing via demand shifts, but EU ETS is primarily driven by domestic policy and emissions caps."", ""China\u2019s EV transition could reduce global emissions and shift demand away from fossil fuels, potentially impacting EU ETS pricing via global carbon markets.""]",7,1.0,-0.7,-0.7,"[7, 5, 7]"
419,http://eeb.org/germany-can-cut-coal-emissions-but-regional-leaders-untrue-and-desperate-claims-threaten-progress-on-air-quality/,,"Germany can cut coal emissions , but regional leader  untrue and desperate  claims threaten progress on air quality – EEB – The European Environmental Bureau",2017-09-12,http://eeb.org/wp-content/uploads/2017/02/Industrial-Emissions-10-web.jpg,eeb.org,English,,2,5,eu_context;carbon_terms=2;energy_driver,NO,-1,"[""NO"", ""NO"", ""NO""]","[""Coal phase-out rhetoric may delay policy, but ETS price more influenced by macroeconomic and regulatory shifts than regional political theater."", ""Coal phase-out rhetoric may distract from real policy, but ETS price less affected by regional political noise."", ""Coal phase-out rhetoric may delay policy, but EU-wide ETS pricing is driven by broader carbon markets and regulatory enforcement.""]",5,1.0,-0.5,-0.5,"[3, 5, 5]"
425,https://centreforaviation.com/news/intercontinental-flights-to-stay-exempt-from-paying-for-co2-emissions-until-2020-714584,,EU prolongs intercontinental exemption from EU Emissions Trading System rules,2017-09-14,,centreforaviation.com,English,United States,1,11,eu_ets_strong;eu_context;carbon_terms=3,NO,-1,"[""NO"", ""NO"", ""NO""]","[""Exemption prolongation may reduce compliance pressure but likely has limited short-term price impact due to existing market expectations."", ""Exemptions may reduce compliance pressure but likely have limited short-term impact on price volatility."", ""Exemption prolongation may reduce compliance pressure but likely has limited short-term price impact due to existing market expectations.""]",5,1.0,-0.5,-0.5,"[5, 5, 5]"
431,https://www.dutchnews.nl/news/archives/2017/09/heavy-industry-greenhouse-gas-emissions-scarcely-dropped-in-12-years/,,Heavy industry greenhouse gas emissions scarcely dropped in 12 years,2017-09-16,http://www.dutchnews.nl/wpcms/wp-content/uploads/2016/07/Depositphotos_6880202_s-2015.jpg,dutchnews.nl,English,Netherlands,1,3,carbon_terms=2;energy_driver,NO,-1,"[""NO"", ""NO"", ""NO""]","[""Heavy industry emissions stagnation signals weak compliance or policy effectiveness, likely pressuring EU ETS prices downward."", ""Heavy industry emissions stagnation signals weak compliance or policy effectiveness, likely pressuring EU ETS prices downward."", ""Heavy industry emissions stagnation signals weak compliance or policy, likely pressuring EU ETS prices downward.""]",7,1.0,-0.7,-0.7,"[7, 7, 7]"
437,http://carbon-pulse.com/40450/,,Vertis acquires Brussels,2017-09-18,,carbon-pulse.com,English,France,1,2,eu_context,NO,-1,"[""NO"", ""NO"", ""NO""]","[""Acquisition of a Brussels-based firm by Vertis is unlikely to have a direct or material impact on EU ETS pricing."", ""Vertis\u2019s acquisition of Brussels is unlikely to directly impact EU ETS pricing due to lack of clear regulatory or market-relevant context."", ""Acquisition of a Brussels-based firm by Vertis is unlikely to directly impact EU ETS pricing unless it involves significant emissions or regulatory exposure.""]",2,1.0,-0.2,-0.2,"[2, 1, 2]"
443,https://www.europa-nu.nl/id/vkhs5yxq4cpe/nieuws/eu_must_cut_emissions_and_also_adapt_to,,"EU must cut emissions and also adapt to climate change , warn Auditors",2017-09-20,http://www.europa-nu.nl/9353265/g/ztwit.jpg,europa-nu.nl,English,Netherlands,1,4,eu_context;carbon_terms=2,YES,1,"[""YES"", ""YES"", ""YES""]","[""Auditors\u2019 warning signals regulatory pressure likely to tighten emissions caps, potentially boosting EU ETS prices."", ""Auditors\u2019 warning signals regulatory tightening, likely boosting ETS demand."", ""Auditors' warning signals potential policy tightening, likely boosting ETS prices short-term.""]",7,1.0,0.7,0.7,"[7, 7, 7]"
449,http://www.rechargenews.com/transition/1352305/ec-knows-emissions-trading-scheme-wont-work-eu-official,,  EC knows Emissions Trading Scheme wont work : EU official,2017-09-25,http://www.rechargenews.com/incoming/article1352385.ece5/ALTERNATES/LANDSCAPE_600/2e89f5e995093e8af22c37dcce1166ad,rechargenews.com,English,,1,5,eu_context;carbon_terms=3,NO,-1,"[""NO"", ""NO"", ""NO""]","[""Official skepticism suggests potential policy shifts that could disrupt market fundamentals."", ""Official skepticism may signal policy shifts that could dampen market confidence."", ""Official skepticism suggests potential policy adjustments that could disrupt market confidence.""]",7,1.0,-0.7,-0.7,"[7, 7, 7]"
455,http://www.4-traders.com/POYRY-PLC-1412520/news/Coherent-decarbonisation-Poyry-presents-policy-coherence-mechanism-to-protect-EU-Emissions-Trading-25185388/,http://www.4-traders.com/amp/POYRY-PLC-1412520/news/Coherent-decarbonisation-Poyry-presents-policy-coherence-mechanism-to-protect-EU-Emissions-Trading-25185388/,Coherent decarbonisation : Pöyry presents policy coherence mechanism to protect EU Emissions Trading Scheme from overlapping instruments,2017-09-27,,4-traders.com,English,United States,1,6,eu_context;carbon_terms=4,YES,1,"[""YES"", ""YES"", ""YES""]","[""Policy coherence mechanism may reduce regulatory overlap, potentially stabilizing or slightly uplifting EU ETS prices."", ""Policy coherence mechanism may reduce regulatory friction and stabilize ETS pricing by preventing overlapping mandates."", ""Policy coherence mechanism may reduce regulatory fragmentation and stabilize ETS pricing.""]",7,1.0,0.7,0.7,"[7, 7, 7]"
461,http://www.baltic-course.com/eng/energy/?doc=133642,,Estonia earns EUR 23 . 5 mln from gas emissions trading in 2016 :: The Baltic Course,2017-09-29,http://www.baltic-course.com/files/multi/2017-09/170929_emissii.jpg,baltic-course.com,English,Latvia,1,6,eu_context;carbon_terms=3;energy_driver,NO,-1,"[""NO"", ""NO"", ""NO""]","[""Estonia\u2019s 2016 emissions trading revenue is a historical snapshot with limited relevance to current EU ETS price dynamics."", ""Estonia\u2019s 2016 emissions trading revenue is a historical snapshot, not indicative of current or near-term EU ETS trends."", ""Estonia\u2019s 2016 emissions trading revenue is a historical snapshot and doesn\u2019t signal current or near-term EU ETS price trends.""]",3,1.0,-0.3,-0.3,"[3, 3, 3]"
467,https://advancedbiofuelsusa.info/clash-looms-between-eu-institutions-on-how-long-to-stop-the-clock-on-scope-of-the-aviation-eu-ets/,,Advanced BioFuels united states » Clash Looms between EU Institutions on How Long to Stop the Clock on Scope of the Aviation EU ETS,2017-10-03,,advancedbiofuelsusa.info,English,United States,1,8,eu_ets_strong;eu_context,NO,-1,"[""NO"", ""NO"", ""NO""]","[""EU aviation ETS scope adjustments may indirectly affect US biofuel policy but not directly impact EU ETS prices."", ""EU aviation ETS scope adjustments may indirectly affect U.S. biofuel policy, but direct price impact is limited."", ""EU aviation ETS scope adjustments may indirectly affect U.S. biofuels trade dynamics but not directly impact EU ETS prices.""]",5,1.0,-0.5,-0.5,"[5, 5, 5]"
473,http://carbon-pulse.com/41240/,,"EU Market : EUAs end flat after strong auction , 1",2017-10-05,,carbon-pulse.com,English,France,1,10,eu_ets_strong;eu_context;carbon_terms=2,NO,-1,"[""NO"", ""NO"", ""NO""]","[""Flat prices suggest limited market momentum despite strong auction, indicating short-term volatility suppression."", ""Flat prices suggest limited market momentum despite strong auction, indicating short-term consolidation."", ""Flat auction results suggest limited market momentum or weak demand signals.""]",3,1.0,-0.3,-0.3,"[3, 3, 3]"
479,http://energy.economictimes.indiatimes.com/news/renewable/eu-split-on-carbon-market-reform-ahead-of-u-n-climate-change-talks/60981497,http://energy.economictimes.indiatimes.com/amp/news/renewable/eu-split-on-carbon-market-reform-ahead-of-u-n-climate-change-talks/60981497,"EU split on carbon market reform ahead of U . N . climate change talks , Energy News , ET EnergyWorld",2017-10-07,"https://etimg.etb2bimg.com/thumb/msid-60981497,width-700,resizemode-4/eu-split-on-carbon-market-reform-ahead-of-u-n-climate-change-talks.jpg",energy.economictimes.indiatimes.com,English,India,1,4,eu_context;carbon_terms=2,NO,-1,"[""NO"", ""NO"", ""NO""]","[""Market uncertainty from political\u5206\u6b67 may dampen investor confidence but doesn\u2019t signal a clear short-term price direction."", ""Uncertainty in EU reform positions may dampen market confidence but doesn't yet signal a clear short-term price direction."", ""Uncertainty in EU reform negotiations could delay or alter market dynamics, but no immediate price shift is expected.""]",5,1.0,-0.5,-0.5,"[5, 5, 5]"
485,http://www.euractiv.com/section/emissions-trading-scheme/opinion/three-fs-to-fix-the-emissions-trading-system/,,Three  F to fix the Emissions Trading System – EURACTIV . com,2017-10-11,http://www.euractiv.com/wp-content/uploads/sites/2/2017/10/admin-ajax-e1507661478868.jpeg,euractiv.com,English,Germany,1,11,eu_ets_strong;eu_context;carbon_terms=3,NO,-1,"[""NO"", ""NO"", ""NO""]","[""The headline suggests regulatory or technical fixes, but lacks specific details to gauge immediate price impact."", ""The headline suggests regulatory or policy adjustments, which could influence prices, but lacks specific details to confirm short-term direction."", ""The headline suggests regulatory or policy adjustments, which could impact ETS pricing, but lacks specific details to confirm short-term direction.""]",5,1.0,-0.5,-0.5,"[3, 5, 5]"
491,https://euobserver.com/tickers/139437,,More talks needed to reach deal on emissions trading system,2017-10-13,https://s3.eu-central-1.amazonaws.com/euobs-media/6e5f90e3e78121ba09aefe7419b47a16-480x.jpg,euobserver.com,English,Germany,1,9,eu_ets_strong;carbon_terms=3,NO,-1,"[""NO"", ""NO"", ""NO""]","[""Uncertainty in negotiations could delay or alter policy, affecting market expectations."", ""Delayed talks may increase market uncertainty and push prices lower temporarily."", ""Uncertainty in negotiations may delay or weaken policy implementation, affecting market expectations.""]",6,1.0,-0.6,-0.6,"[6, 6, 6]"
497,http://www.universityworldnews.com/article.php?story=20171010152453597,,Why Europe needs an HE learning and teaching forum,2017-10-15,,universityworldnews.com,English,United States,1,2,eu_context,NO,-1,"[""NO"", ""NO"", ""NO""]","[""No direct financial or carbon market impact from educational forum initiatives."", ""The headline refers to educational policy and has no direct bearing on EU ETS price dynamics."", ""No direct financial or carbon market impact from educational forum initiatives.""]",1,1.0,-0.1,-0.1,"[1, 1, 1]"
503,http://www.sharenet.co.za/news/EU_agrees_measure_to_safeguard_carbon_market_from_Brexit/9b6d74c2be9b09d2af20468c9f752c3a,,EU agrees measure to safeguard carbon market from Brexit,2017-10-18,,sharenet.co.za,English,South Africa,1,4,eu_context;carbon_terms=2,YES,1,"[""YES"", ""YES"", ""YES""]","[""Brexit-related uncertainty could trigger short-term price volatility as market participants reassess carbon risk exposure."", ""Brexit-related uncertainty could trigger short-term market volatility, but EU safeguards likely stabilize prices."", ""Brexit-related uncertainty could trigger market-wide risk premiums, boosting ETS prices in the short term.""]",7,1.0,0.7,0.7,"[7, 7, 7]"
509,http://carbon-pulse.com/41946/,,ANALYSIS : Netherlands CO2 price floor seen unlikely to spur expansion across western Europe « Carbon Pulse,2017-10-20,,carbon-pulse.com,English,France,1,4,eu_context;carbon_terms=2,NO,-1,"[""NO"", ""NO"", ""NO""]","[""Netherlands\u2019 CO2 price floor may not trigger broad EU ETS expansion due to limited market integration and regulatory divergence."", ""The price floor may not trigger broad expansion due to limited market integration and regulatory divergence across western Europe."", ""Netherlands\u2019 CO2 price floor may not trigger broad EU ETS expansion due to limited market integration and regulatory divergence across western Europe.""]",5,1.0,-0.5,-0.5,"[5, 5, 5]"
515,http://www.hellenicshippingnews.com/abandon-requirement-of-shipping-in-eus-emissions-trading-system/,,Abandon requirement of shipping in EU Emissions Trading System,2017-10-24,,hellenicshippingnews.com,English,China,1,11,eu_ets_strong;eu_context;carbon_terms=3,NO,-1,"[""NO"", ""NO"", ""NO""]","[""Removing shipping from EU ETS could reduce compliance costs and distort market signals, potentially lowering prices short-term."", ""Removing shipping from EU ETS could reduce compliance costs and lower overall emissions, potentially suppressing prices in the short term."", ""Removing shipping emissions from EU ETS could reduce compliance costs and distort market signals, potentially lowering prices.""]",7,1.0,-0.7,-0.7,"[7, 7, 7]"
521,https://www.platts.com/podcasts-detail/policy/2017/october/102617-b2b-eu-ets-carbon-markets,,EU acts to protect carbon price from Brexit,2017-10-26,,platts.com,English,United States,1,4,eu_context;carbon_terms=2,YES,1,"[""YES"", ""YES"", ""YES""]","[""Brexit-related uncertainty could trigger policy interventions to stabilize prices, but market expectations may already be priced in."", ""Brexit-related volatility could be mitigated by EU intervention, potentially stabilizing or supporting prices."", ""Brexit-related uncertainty could have pushed prices down, but EU intervention suggests a stabilizing or supportive stance.""]",7,1.0,0.7,0.7,"[7, 7, 7]"
527,http://www.worldbulletin.net/asia-pacific/194846/eu-stops-natural-gas-sales-to-north-korea,,EU stops natural gas sales to North Korea ,2017-10-29,http://media.worldbulletin.net/news/2016/02/29/gascorridor.jpg,worldbulletin.net,English,Turkey,2,3,eu_context;energy_driver,NO,-1,"[""NO"", ""NO"", ""NO""]","[""EU\u2019s gas cutoff to North Korea has minimal direct impact on EU ETS market dynamics."", ""Minimal direct impact on EU ETS as natural gas trade with North Korea is negligible in EU ETS context."", ""EU\u2019s gas cutoff to North Korea is unlikely to materially affect EU ETS price dynamics.""]",3,1.0,-0.3,-0.3,"[3, 3, 3]"
533,http://carbon-pulse.com/42588/,,"Energy Aspects raises EUA price forecasts on Brexit measure , higher power sector demand « Carbon Pulse",2017-10-31,,carbon-pulse.com,English,France,1,11,eu_ets_strong;eu_context;carbon_terms=2;energy_driver,YES,1,"[""YES"", ""YES"", ""YES""]","[""Brexit-related policy uncertainty and increased power sector demand could drive short-term EUA price upward."", ""Brexit-related uncertainty and increased power sector demand could drive short-term EUA price upward."", ""Brexit-related policy uncertainty and increased power sector demand could drive short-term EUA price upward.""]",7,1.0,0.7,0.7,"[7, 7, 7]"
539,http://www.bnn.ca/audi-recalls-nearly-5-000-cars-in-europe-to-fix-emissions-software-1.903598,,"Audi recalls nearly 5 , 000 cars in Europe to fix emissions software",2017-11-02,http://www.bnn.ca/polopoly_fs/1.903599!/fileimage/httpImage/image.jpg_gen/derivatives/landscape_620/audi-a8.jpg,bnn.ca,English,Canada,2,4,eu_context;carbon_terms=2,NO,-1,"[""NO"", ""NO"", ""NO""]","[""Emissions software recalls can trigger regulatory scrutiny and potential penalties, affecting ETS compliance costs."", ""Emissions software fixes may trigger regulatory scrutiny or compliance adjustments, potentially affecting ETS pricing."", ""Emissions software recalls may signal regulatory scrutiny or compliance risks, potentially pressuring ETS prices short-term.""]",6,1.0,-0.6,-0.6,"[6, 6, 6]"
545,https://www.euractiv.com/section/energy/news/oil-exploration-continues-unabated-in-europe-despite-paris-goals/,,"Oil exploration continues unabated in Europe , despite Paris goals – EURACTIV . com",2017-11-04,https://www.euractiv.com/wp-content/uploads/sites/2/2017/11/MarinerA.jpg,euractiv.com,English,Germany,2,3,eu_context;energy_driver,NO,-1,"[""NO"", ""NO"", ""NO""]","[""Oil exploration activity may offset emissions reductions, but EU ETS pricing is more influenced by policy, compliance, and macroeconomic factors than direct oil exploration."", ""Oil exploration activity may offset emissions reductions, but EU ETS price is more influenced by policy, compliance, and market fundamentals than direct exploration trends."", ""Oil exploration activity may offset carbon reduction targets, potentially pressuring ETS prices in the short term.""]",5,1.0,-0.5,-0.5,"[4, 5, 5]"
551,http://carbon-pulse.com/42890/,,UPDATE – united kingdom formally proposes bringing forward 2018 EU ETS compliance deadline to avoid  disruptive  Brexit,2017-11-06,,carbon-pulse.com,English,France,1,8,eu_ets_strong;eu_context,NO,-1,"[""NO"", ""NO"", ""NO""]","[""The UK\u2019s proposed deadline shift may reduce short-term EU ETS volatility but doesn\u2019t directly alter price fundamentals or market expectations."", ""Brexit-related compliance adjustments may signal broader regulatory uncertainty, but the UK\u2019s proposal to shift the deadline doesn\u2019t directly alter EU ETS fundamentals or market expectations."", ""Early compliance deadline may pressure UK to align with EU ETS rules, potentially affecting future carbon pricing dynamics.""]",5,1.0,-0.5,-0.5,"[5, 5, 7]"
557,http://carbon-pulse.com/43019/,,"EU Market : After failing to hold above €8 , EUAs slide as traders position ahead of trilogue talks « Carbon Pulse",2017-11-08,,carbon-pulse.com,English,France,1,10,eu_ets_strong;eu_context;carbon_terms=2,NO,-1,"[""NO"", ""NO"", ""NO""]","[""Traders are positioning for potential policy uncertainty ahead of trilogue talks, suggesting short-term downward pressure on EUA prices."", ""Traders are positioning for potential policy uncertainty ahead of trilogue talks, suggesting downside pressure on EUA prices."", ""Traders are positioning for potential policy uncertainty ahead of trilogue talks, suggesting downside pressure on EUA prices.""]",7,1.0,-0.7,-0.7,"[7, 7, 7]"
563,https://www.eureporter.co/environment/2017/11/10/euets-eu-emissions-trading-system-landmark-agreement-between-parliament-and-council-delivers-on-eus-commitment-to-turn-paris-agreement-into-reality/,, # EUETS : EU Emissions Trading System – landmark agreement between Parliament and Council delivers on EU ’ s commitment to turn Paris Agreement into reality,2017-11-10,http://www.eureporter.co/wp-content/uploads/2015/07/20150715PHT82105_original.jpg,eureporter.co,English,Colombia,1,11,eu_ets_strong;eu_context;carbon_terms=3,YES,1,"[""YES"", ""YES"", ""YES""]","[""Parliament-Council agreement reinforces policy commitment, likely boosting market confidence and price."", ""Parliament-Council agreement signals strong political commitment to meet Paris targets, likely boosting ETS price via enhanced compliance pressure."", ""Parliament-Council agreement reinforces policy commitment, likely boosting market confidence and driving upward price pressure.""]",8,1.0,0.8,0.8,"[8, 8, 8]"
569,https://in.reuters.com/article/us-eu-carbon/eu-strikes-deal-on-carbon-market-reform-idINKBN1D90PK,http://in.mobile.reuters.com/article/amp/idINKBN1D90PK,EU strikes deal on carbon market reform,2017-11-12,https://s4.reutersmedia.net/resources/r/?m=02&d=20171109&t=2&i=1209067229&w=&fh=545px&fw=&ll=&pl=&sq=&r=LYNXMPEDA80H8,in.reuters.com,English,United States,1,4,eu_context;carbon_terms=2,YES,1,"[""YES"", ""YES"", ""YES""]","[""Reform could unlock new compliance costs or emissions reductions, affecting price dynamics."", ""Reform could unlock new compliance costs and emissions caps, potentially boosting prices."", ""Reform could unlock new compliance costs and market flexibility, boosting price volatility.""]",7,1.0,0.7,0.7,"[7, 7, 7]"
575,http://carbon-pulse.com/43417/,,"EU Market : After touching new November low , EUAs firm to break 5",2017-11-14,,carbon-pulse.com,English,France,1,9,eu_ets_strong;eu_context;carbon_terms=1,YES,1,"[""YES"", ""YES"", ""YES""]","[""Price rebound suggests market sentiment shift amid technical support at 5."", ""Price rebound suggests market sentiment shifting from bearish to bullish after recent low."", ""Price rebound suggests market sentiment shifting from bearish to bullish after recent low.""]",7,1.0,0.7,0.7,"[7, 7, 8]"
581,http://carbon-pulse.com/43512/,,"EU Market : EUAs shed 2 . 5 %, pointing to potential bearish reversal « Carbon Pulse",2017-11-16,,carbon-pulse.com,English,France,1,10,eu_ets_strong;eu_context;carbon_terms=2,NO,-1,"[""NO"", ""NO"", ""NO""]","[""Price drop suggests short-term bearish momentum but may signal a reversal if sentiment shifts."", ""Short-term price decline signals market sentiment shift toward bearish reversal."", ""EUAs dropping 2.5% may signal weakening demand or policy uncertainty, suggesting a potential bearish reversal.""]",7,1.0,-0.7,-0.7,"[7, 7, 7]"
587,http://www.satprnews.com/2017/11/18/know-about-airborne-wind-energy-market-detail-analysis-with-newly-invented-strategies-statistical-investigation-global-trends-forecast-and-key-players-like-awesco-european-union-altaeros-energies/,http://www.satprnews.com/2017/11/18/know-about-airborne-wind-energy-market-detail-analysis-with-newly-invented-strategies-statistical-investigation-global-trends-forecast-and-key-players-like-awesco-european-union-altaeros-energies/amp/,"Know about Airborne Wind Energy Market Detail Analysis with Newly Invented Strategies , Statistical Investigation , Global Trends , Forecast and Key Players like AWESCO European Union , Altaeros Energies united states , Ampyx Power , E",2017-11-18,,satprnews.com,English,United States,2,4,eu_context;carbon_terms=1;energy_driver,NO,-1,"[""NO"", ""NO"", ""NO""]","[""Airborne Wind Energy is still nascent and unlikely to materially impact EU ETS prices in the short term."", ""Airborne Wind Energy is still nascent and unlikely to materially impact EU ETS prices in the short term."", ""Airborne Wind Energy is still nascent and unlikely to materially impact EU ETS prices in the short term.""]",3,1.0,-0.3,-0.3,"[3, 3, 3]"
593,http://carbon-pulse.com/43661/,,EU Market : EUAs climb back from 3,2017-11-20,,carbon-pulse.com,English,France,1,9,eu_ets_strong;eu_context;carbon_terms=1,YES,1,"[""YES"", ""YES"", ""YES""]","[""EUAs rebounding from 3 suggests renewed market confidence or supply constraints, likely boosting short-term prices."", ""EUAs rebounding from 3 suggests renewed market confidence or supply constraints, likely supporting short-term price momentum."", ""EUAs rebounding from 3 suggests renewed market confidence or policy tightening, likely boosting short-term prices.""]",7,1.0,0.7,0.7,"[7, 7, 8]"
599,http://www.consilium.europa.eu/en/press/press-releases/2017/11/22/reform-of-the-eu-emissions-trading-system-council-endorses-deal-with-european-parliament/,,Reform of the EU emissions trading system,2017-11-22,,consilium.europa.eu,English,Latvia,1,11,eu_ets_strong;eu_context;carbon_terms=3,YES,1,"[""YES"", ""YES"", ""YES""]","[""Reform could reshape compliance costs and cap levels, directly affecting price dynamics."", ""Reform could reshape compliance costs and cap levels, directly affecting price dynamics."", ""Reform could significantly alter cap levels or trading rules, directly impacting price dynamics.""]",8,1.0,0.8,0.8,"[7, 8, 8]"
605,https://www.ship-technology.com/news/eu-member-states-approve-eu-emissions-trading-system-revision/,,EU member states approve EU Emissions Trading System revision,2017-11-24,,ship-technology.com,English,United States,1,11,eu_ets_strong;eu_context;carbon_terms=3,YES,1,"[""YES"", ""YES"", ""YES""]","[""Revision could unlock new compliance flexibility and affect market expectations."", ""Revisions may adjust caps or trading rules, influencing market expectations and price volatility."", ""Revisions may adjust cap levels or pricing mechanisms, influencing short-term volatility.""]",7,1.0,0.7,0.7,"[7, 7, 7]"
611,http://www.eubusiness.com/news-eu/renewables.25.es,,EU on track to meet renewables targets but progress slows — EUbusiness . com,2017-11-26,,eubusiness.com,English,Greece,2,2,eu_context,NO,-1,"[""NO"", ""NO"", ""NO""]","[""Renewables progress slowing may reduce future emission cuts, potentially dampening ETS demand."", ""Renewables progress slowing may dampen future ETS demand but doesn't signal immediate price reversal."", ""Renewables progress may delay ETS price momentum due to reduced emissions intensity pressure.""]",4,1.0,-0.4,-0.4,"[4, 4, 4]"
617,http://www.4-traders.com/news/Regulating-Europe-s-electricity-markets-Florence-conference-focuses-on-benefits-for-society--25582332/,http://www.4-traders.com/amp/news/Regulating-Europe-s-electricity-markets-Florence-conference-focuses-on-benefits-for-society--25582332/,Regulating Europe electricity markets : Florence conference focuses on benefits for society,2017-11-28,,4-traders.com,English,United States,2,4,eu_context;carbon_terms=1;energy_driver,NO,-1,"[""NO"", ""NO"", ""NO""]","[""Electricity market regulation focus is unlikely to directly impact EU ETS price volatility."", ""Electricity market regulation focus is unlikely to directly impact short-term EU ETS price volatility."", ""Electricity market regulation focus is unlikely to directly impact EU ETS price volatility in the short term.""]",3,1.0,-0.3,-0.3,"[2, 3, 3]"
623,https://www.bloomberg.com/news/articles/2017-11-30/eu-is-heading-for-first-brexit-compromise-in-carbon-market-plan,https://www.bloomberg.com/amp/news/articles/2017-11-30/eu-is-heading-for-first-brexit-compromise-in-carbon-market-plan,EU Reaches First Brexit Compromise in Carbon Market Plan,2017-11-30,https://assets.bwbx.io/s3/javelin/public/javelin/images/social-default-a4f15fa7ee.jpg,bloomberg.com,English,United States,1,4,eu_context;carbon_terms=2,YES,1,"[""YES"", ""YES"", ""YES""]","[""Brexit compromise may reduce regulatory uncertainty, potentially stabilizing or slightly boosting EU ETS prices."", ""Brexit compromise may reduce regulatory uncertainty and stabilize carbon pricing by aligning ETS rules with UK post-Brexit framework."", ""Brexit compromise may reduce regulatory uncertainty, potentially stabilizing or slightly boosting EU ETS prices.""]",7,1.0,0.7,0.7,"[7, 7, 7]"
629,https://www.flightglobal.com/news/articles/opinion-aviation-must-be-more-ambitious-than-corsia-443842/,,OPINION : Aviation must be more ambitious than CORSIA on emissions,2017-12-05,,flightglobal.com,English,United States,1,2,carbon_terms=2,NO,-1,"[""NO"", ""NO"", ""NO""]","[""CORSIA\u2019s current framework may be insufficient, suggesting potential policy tightening in EU ETS for aviation emissions."", ""CORSIA\u2019s current framework may be insufficient, prompting potential regulatory tightening in EU ETS that could pressure aviation emissions."", ""CORSIA\u2019s current framework may be insufficient, prompting potential regulatory tightening in EU ETS for aviation emissions.""]",6,1.0,-0.6,-0.6,"[6, 6, 6]"
635,http://business.scoop.co.nz/2017/12/07/nz-carbon-price-breaks-through-20-seen-rising-higher/,,"Scoop Business » NZ carbon price breaks through $20 , seen rising higher",2017-12-07,,business.scoop.co.nz,English,New Zealand,1,2,carbon_terms=2,NO,-1,"[""NO"", ""NO"", ""NO""]","[""NZ carbon price breakout may signal global trends but doesn\u2019t directly impact EU ETS short-term dynamics."", ""NZ carbon price movement may signal broader global trends but has limited direct short-term impact on EU ETS."", ""NZ carbon price breakout may signal global market dynamics but doesn\u2019t directly impact EU ETS short-term pricing.""]",5,1.0,-0.5,-0.5,"[5, 5, 5]"
641,http://www.energylivenews.com/2017/12/12/uk-consults-on-aviation-eu-emissions-trading-system/,,Energy Live News – Energy Made Easy – united kingdom consults on aviation EU emissions trading system,2017-12-12,,energylivenews.com,English,United Kingdom,1,11,eu_ets_strong;eu_context;carbon_terms=3,NO,-1,"[""NO"", ""NO"", ""NO""]","[""UK aviation ETS consultation may influence future EU ETS dynamics but not immediate price direction."", ""UK aviation ETS consultation may influence future EU ETS policy but not immediate price movement."", ""UK aviation ETS consultation may influence future EU ETS policy but has limited immediate impact on current prices.""]",5,1.0,-0.5,-0.5,"[5, 5, 5]"
647,https://sciencebusiness.net/network-news/new-eua-data-university-funding-gaps-widen-recovery-fragile,,"New EUA data on university funding : Gaps widen , recovery fragile",2017-12-14,,sciencebusiness.net,English,United Kingdom,1,8,eu_ets_strong;eu_context,NO,-1,"[""NO"", ""NO"", ""NO""]","[""University funding gaps may signal broader economic uncertainty, but lack of direct link to EU ETS trading volume or policy."", ""University funding data may signal broader economic uncertainty affecting emissions-intensive sectors."", ""University funding data may signal broader economic weakness, but lacks direct link to EU ETS market mechanics.""]",3,1.0,-0.3,-0.3,"[3, 3, 3]"
653,https://sputniknews.com/business/201712161060063069-collapse-coal-industry-europe-energy-independence/,https://sputniknews.com/amp/business/201712161060063069-collapse-coal-industry-europe-energy-independence/,Collapse in Coal Industry Threatens Europe Energy Independence,2017-12-16,https://cdn1.img.sputniknews.com/images/105988/08/1059880857.jpg,sputniknews.com,English,Russia,1,3,eu_context;energy_driver,YES,1,"[""YES"", ""YES"", ""YES""]","[""Coal industry collapse reduces emissions, potentially lowering EU ETS demand."", ""Coal industry collapse could reduce emissions, easing EU ETS pressure but risking energy price volatility."", ""Coal industry collapse may reduce emissions, potentially lowering ETS demand but could also spur green energy investments.""]",7,1.0,0.7,0.7,"[7, 7, 7]"
659,https://www.businessgreen.com/bg/news-analysis/3023367/chinas-monumental-emissions-trading-system-to-start-with-power-sector,,  Monumental : China launches national emissions trading system,2017-12-19,,businessgreen.com,English,United Kingdom,1,9,eu_ets_strong;carbon_terms=3,YES,1,"[""YES"", ""YES"", ""YES""]","[""EU ETS may see upward pressure as China\u2019s new cap-and-trade system signals global demand for carbon credits."", ""China's new ETS could reshape global carbon pricing and influence EU ETS dynamics through supply-demand shifts and policy spillovers."", ""China\u2019s new ETS could reshape global carbon pricing and influence EU ETS dynamics through trade and policy alignment.""]",7,1.0,0.7,0.7,"[7, 7, 7]"
665,https://www.europa-nu.nl/id/vkkcmtbp81yi/nieuws/commission_welcomes_ambitious_agreement,,Commission welcomes ambitious agreement on key legislation to cut down greenhouse gas emissions,2017-12-21,https://www.europa-nu.nl/9353265/g/ztwit.jpg,europa-nu.nl,English,Netherlands,1,3,carbon_terms=2;energy_driver,YES,1,"[""YES"", ""YES"", ""YES""]","[""Legislation to cut emissions may boost carbon pricing expectations and trigger short-term upward pressure on EU ETS."", ""Legislation to cut emissions may boost carbon pricing expectations and increase demand for allowances."", ""Legislation to cut emissions may trigger stricter compliance, boosting ETS demand.""]",7,1.0,0.7,0.7,"[7, 7, 7]"
671,http://www.railpage.com.au/news/s/the-key-issues-for-rail-in-europe-today,,The key issues for rail in Europe today / News / News / Railpage,2017-12-24,,railpage.com.au,English,Australia,1,2,eu_context,NO,-1,"[""NO"", ""NO"", ""NO""]","[""Rail infrastructure news is unlikely to directly impact short-term EU ETS pricing unless tied to emissions targets or regulatory changes."", ""Rail infrastructure news has limited direct impact on EU ETS price volatility."", ""Rail infrastructure news has limited direct impact on EU ETS pricing unless tied to emissions targets or regulatory changes.""]",2,1.0,-0.2,-0.2,"[2, 2, 2]"
677,https://af.reuters.com/article/commoditiesNews/idAFL8N1OS1W5,,EUROPE POWER,2017-12-28,https://s4.reutersmedia.net/resources/images/rcom-default.png,af.reuters.com,English,United States,2,3,eu_context;energy_driver,NO,-1,"[""NO"", ""NO"", ""NO""]","[""Lack of specific context or data in headline makes directional prediction unreliable."", ""Lack of specific details on policy, market sentiment, or emissions trends makes impact uncertain."", ""Lack of specific context or data in headline makes directional prediction unreliable.""]",3,1.0,-0.3,-0.3,"[3, 3, 3]"
683,https://kaplanherald.com/2017/12/30/poland-prepared-for-showdown-with-eu-over-local-weather-change-as-trump-sends-74000-tonnes-of-coal/,,"Poland prepared for SHOWDOWN with EU over local weather change as Trump sends 74 , 000 tonnes of coal",2017-12-30,,kaplanherald.com,English,,2,3,eu_context;energy_driver,NO,-1,"[""NO"", ""NO"", ""NO""]","[""EU ETS price may be pressured by Poland\u2019s coal imports, but short-term volatility is unlikely without immediate policy shifts."", ""Poland\u2019s coal import surge could trigger EU ETS compliance pressure, potentially driving up prices as regulators respond to emissions discrepancies."", ""EU emissions trading pressure may intensify as Poland faces regulatory pushback, though coal shipment volume is not yet actionable.""]",7,1.0,-0.7,-0.7,"[5, 7, 7]"
689,http://www.austriantribune.com/informationen/11037-oil-and-gas-drill-bit-sales-market-segmentation-manufacturing-cost-analysis,,"Oil and Gas Drill Bit Sales Market Segmentation , Manufacturing Cost Analysis Including Key Raw Materials , Price Trend , Key Suppliers and Forecast 2022",2018-01-02,,austriantribune.com,English,United States,2,3,carbon_terms=2;energy_driver,NO,-1,"[""NO"", ""NO"", ""NO""]","[""Irrelevant to EU ETS as it pertains to drill bit manufacturing, not carbon emissions trading."", ""Irrelevant to EU ETS as it pertains to oil/gas drill bits, not carbon emissions trading."", ""Irrelevant to EU ETS pricing as it pertains to oil/gas drill bits, not carbon emissions trading.""]",1,1.0,-0.1,-0.1,"[2, 1, 1]"
695,http://www.4-traders.com/news/EEX-European-Energy-Exchange-Publication-of-inside-information-on-emissions-allowances--25749950/,http://www.4-traders.com/amp/news/EEX-European-Energy-Exchange-Publication-of-inside-information-on-emissions-allowances--25749950/,EEX European Energy Exchange,2018-01-04,,4-traders.com,English,United States,1,8,eu_ets_strong;eu_context,NO,-1,"[""NO"", ""NO"", ""NO""]","[""EEX is a trading platform, not a direct driver of EU ETS price movements."", ""EEX is a trading platform, not a direct driver of EU ETS price movements."", ""EEX is a trading platform, not a direct driver of EU ETS price movements.""]",3,1.0,-0.3,-0.3,"[3, 3, 3]"
701,https://www.express.co.uk/news/uk/900902/cars-greenhouse-gases-carbon-pollution-government-diesel-purge,https://www.express.co.uk/news/uk/900902/cars-greenhouse-gases-carbon-pollution-government-diesel-purge/amp,Cars : Rise in carbon emissions blamed on Governent diesel purge | united kingdom | News,2018-01-06,https://cdn.images.express.co.uk/img/dynamic/1/750x445/900902.jpg,express.co.uk,English,United Kingdom,2,3,carbon_terms=3,NO,-1,"[""NO"", ""NO"", ""NO""]","[""Diesel vehicle emissions may rise temporarily post-purge, but EU ETS is not directly tied to UK diesel policy."", ""Diesel vehicle emissions may temporarily spike post-purge but unlikely to significantly impact EU ETS prices due to limited scope and delayed regulatory response."", ""Diesel vehicle phaseout may reduce emissions but could trigger short-term ETS price volatility due to supply-side adjustments.""]",5,1.0,-0.5,-0.5,"[3, 5, 5]"
707,https://ec.europa.eu/clima/news/update-safeguard-measures-eu-emissions-trading-system-2018-following-adoption-uk-law_en,,Update on safeguard measures for EU Emissions Trading System in 2018 following adoption of united kingdom law,2018-01-08,,ec.europa.eu,English,Belgium,1,11,eu_ets_strong;eu_context;carbon_terms=3,NO,-1,"[""NO"", ""NO"", ""NO""]","[""The 2018 safeguard measures were a response to UK\u2019s departure from the EU ETS, but the headline refers to a past event with no current relevance to price direction."", ""The 2018 safeguard measures were already implemented and largely irrelevant to 2024 ETS pricing due to UK\u2019s departure from the EU ETS."", ""Safeguard measures from 2018 are outdated and unlikely to influence current EU ETS pricing dynamics.""]",3,1.0,-0.3,-0.3,"[3, 3, 3]"
713,http://carbon-pulse.com/45587/,,Brussels to propose shifting some EU ETS income from national level to feed EU budget  « Carbon Pulse,2018-01-10,,carbon-pulse.com,English,France,1,9,eu_ets_strong;eu_context;carbon_terms=1,NO,-1,"[""NO"", ""NO"", ""NO""]","[""Shifts revenue but doesn\u2019t alter emissions caps or market fundamentals significantly."", ""Shifts revenue but doesn\u2019t alter emissions caps or market mechanics significantly."", ""Shifts revenue but doesn\u2019t alter emissions caps or market fundamentals significantly.""]",5,1.0,-0.5,-0.5,"[4, 5, 5]"
719,http://www.4-traders.com/news/European-Parliament-Motion-for-a-resolution-to-raise-no-objections-to-the-draft-Commission-regulat--25799680/,http://www.4-traders.com/amp/news/European-Parliament-Motion-for-a-resolution-to-raise-no-objections-to-the-draft-Commission-regulat--25799680/,European Parliament : Motion for a resolution to raise no objections to the draft Commission regulation amending Commission Regulation No 389 / 2013 establishing a Union Registry,2018-01-12,,4-traders.com,English,United States,1,2,eu_context,NO,-1,"[""NO"", ""NO"", ""NO""]","[""This legislative move primarily affects registry infrastructure, not directly impacting market fundamentals or trading volume."", ""This legislative move is procedural and does not directly alter ETS market mechanics or emissions targets."", ""This legislative move is procedural and does not directly alter emissions trading mechanics or market fundamentals.""]",3,1.0,-0.3,-0.3,"[3, 3, 3]"
725,http://www.mondovisione.com/media-and-resources/news/eex-group-achieves-double-digit-growth-in-natural-gas-emissions-and-agricultura/,,"EEX Group Achieves Double - Digit Growth In Natural Gas , Emissions And Agriculturals - Innovation And Diversification Results In Significant Growth Across Majority Of Portfolio",2018-01-16,,mondovisione.com,English,United States,1,9,eu_ets_strong;carbon_terms=2;energy_driver,NO,-1,"[""NO"", ""NO"", ""NO""]","[""EEX Group\u2019s growth in natural gas, emissions, and agriculturals may reflect portfolio diversification but doesn\u2019t directly signal EU ETS price movement without broader market context."", ""EEX Group\u2019s growth in natural gas, emissions, and agriculturals may reflect portfolio diversification but doesn\u2019t directly signal EU ETS price movement without context on emissions trading volume or policy shifts."", ""EEX Group\u2019s growth in natural gas, emissions, and agriculturals may signal increased trading volume, but does not directly indicate a short-term price shift in EU ETS.""]",5,1.0,-0.5,-0.5,"[5, 5, 5]"
731,http://www.euractiv.com/section/economy-jobs/opinion/europe-needs-more-money-for-research-heres-where-to-get-it/,,"Europe needs more money for research , here where to get it – EURACTIV . com",2018-01-18,http://www.euractiv.com/wp-content/uploads/sites/2/2018/01/h_53572976-e1516269035353.jpg,euractiv.com,English,Germany,1,2,eu_context,NO,-1,"[""NO"", ""NO"", ""NO""]","[""EU ETS price is unlikely to be directly impacted by general funding needs for research."", ""EU ETS price is unlikely to be directly impacted by general funding needs for research."", ""EU ETS price is unlikely to be directly impacted by a general call for more research funding.""]",2,1.0,-0.2,-0.2,"[2, 2, 2]"
737,http://econews.com.au/56581/carbon-price-shock-coming-for-car-chemical-and-electricity-sectors/,,"Carbon price shock coming for car , chemical and electricity sectors",2018-01-23,http://econews.com.au/wp-content/uploads/2014/05/carbon-tax-chimney-graphic.jpg,econews.com.au,English,Australia,1,3,carbon_terms=2;energy_driver,YES,1,"[""YES"", ""YES"", ""YES""]","[""Sector-specific shocks could trigger short-term volatility in EU ETS prices due to regulatory or operational disruptions."", ""Carbon price shock likely to trigger immediate market volatility and sectoral repricing."", ""Short-term volatility likely due to sector-specific regulatory or market shocks.""]",8,1.0,0.8,0.8,"[8, 8, 8]"
743,https://af.reuters.com/article/energyOilNews/idAFL8N1PL3DK,,"EUROPE POWER - Monday prices down on fundamentals , months and quarters rise | Energy & Oil",2018-01-26,https://s4.reutersmedia.net/resources_v2/images/rcom-default.png,af.reuters.com,English,United States,2,4,eu_context;carbon_terms=1;energy_driver,NO,-1,"[""NO"", ""NO"", ""NO""]","[""Short-term price dip reflects fundamentals, but longer-term bullish sentiment from months/quarters suggests rebound potential."", ""Short-term price dip reflects fundamentals, but longer-term bullish momentum from policy and demand signals suggests rebound potential."", ""Short-term price dip reflects fundamentals, but longer-term bullish sentiment from quarterly/monthly trends suggests rebound potential.""]",7,1.0,-0.7,-0.7,"[7, 7, 6]"
749,http://www.bernama.com/bernama/v8/bu/newsbusiness.php?id=1431514,,"BERNAMA - EU Should Ban Butter , Not Palm Oil",2018-01-28,,bernama.com,English,Malaysia,2,3,eu_context;energy_driver,NO,-1,"[""NO"", ""NO"", ""NO""]","[""Unlikely to impact EU ETS pricing as butter regulation is not a major carbon-emitting sector."", ""Unlikely to directly impact EU ETS pricing as butter is not a major carbon-emitting commodity under current policy."", ""Carbon pricing focus on high-emission sectors, not butter production.""]",2,1.0,-0.2,-0.2,"[2, 2, 2]"
755,https://af.reuters.com/article/energyOilNews/idAFL8N1PP2OD,,EUROPE POWER - Day - ahead power prices slip on surging wind volumes | Energy & Oil,2018-01-30,https://s4.reutersmedia.net/resources_v2/images/rcom-default.png,af.reuters.com,English,United States,2,4,eu_context;carbon_terms=1;energy_driver,NO,-1,"[""NO"", ""NO"", ""NO""]","[""Wind surplus may temporarily depress power prices but doesn\u2019t signal long-term ETS trend shift."", ""Wind surplus may temporarily depress power prices but doesn\u2019t signal long-term ETS trend shift."", ""Wind surplus may temporarily depress power prices but doesn't signal long-term ETS trend shift.""]",5,1.0,-0.5,-0.5,"[5, 5, 5]"
761,http://www.4-traders.com/news/EEX-Auction-News-EU-Auction--25909950/,http://www.4-traders.com/amp/news/EEX-Auction-News-EU-Auction--25909950/,EEX Auction News : EU Auction,2018-02-01,,4-traders.com,English,United States,1,9,eu_ets_strong;eu_context;carbon_terms=1,NO,-1,"[""NO"", ""NO"", ""NO""]","[""EU auction results typically reflect market sentiment and may not signal a short-term price trend without context."", ""EU EEX auction results typically reflect market sentiment and may not indicate a short-term price trend without context."", ""EU auction results often reflect market sentiment and can influence short-term price volatility but rarely set long-term trends.""]",3,1.0,-0.3,-0.3,"[3, 3, 3]"
767,https://www.oilandgas360.com/gas-utility-monitoring-system-market-increasing-use-of-natural-gas-to-boost-growth-technavio/,,Gas Utility Monitoring System Market - Increasing Use of Natural Gas to Boost Growth,2018-02-03,,oilandgas360.com,English,United States,2,2,carbon_terms=1;energy_driver,NO,-1,"[""NO"", ""NO"", ""NO""]","[""EU ETS price not directly impacted by gas utility monitoring systems, though indirect effects on emissions may exist."", ""Natural gas demand growth may indirectly affect EU ETS prices via emissions reductions, but direct link to ETS is weak."", ""EU ETS price is not directly impacted by gas utility monitoring systems, though indirect effects on gas demand could be minor.""]",3,1.0,-0.3,-0.3,"[3, 3, 3]"
773,http://www.4-traders.com/news/EEX-Auction-News-EU-Auction--25931096/,http://www.4-traders.com/amp/news/EEX-Auction-News-EU-Auction--25931096/,EEX Auction News : EU Auction,2018-02-05,,4-traders.com,English,United States,1,9,eu_ets_strong;eu_context;carbon_terms=1,NO,-1,"[""NO"", ""NO"", ""NO""]","[""EU auction results typically reflect market sentiment and may not signal a short-term price trend without context."", ""EU EEX auction results typically reflect market sentiment and may not indicate a short-term price trend without context."", ""EU auction results often reflect market sentiment and can influence short-term price volatility but rarely set long-term trends.""]",3,1.0,-0.3,-0.3,"[3, 3, 3]"
779,http://carbon-pulse.com/47031/,,EU Market : EUAs lift back above €9 in choppy trade as German envoys conclude coalition deal « Carbon Pulse,2018-02-07,,carbon-pulse.com,English,France,1,11,eu_ets_strong;eu_context;carbon_terms=2;energy_driver,YES,1,"[""YES"", ""YES"", ""YES""]","[""EUAs rebounding above \u20ac9 signals renewed market confidence post-coalition deal, suggesting short-term bullish momentum."", ""EUAs rebounding above \u20ac9 signals renewed market confidence after political stability in Germany."", ""EUAs rebounding above \u20ac9 signals renewed market confidence following political stability in Germany.""]",8,1.0,0.8,0.8,"[7, 8, 8]"
785,http://carbon-pulse.com/47066/,,EU Market : EUAs jump back above €9 amid plummeting coal prices « Carbon Pulse,2018-02-09,,carbon-pulse.com,English,France,1,12,eu_ets_strong;eu_context;carbon_terms=3;energy_driver,YES,1,"[""YES"", ""YES"", ""YES""]","[""Coal price decline likely boosts EUA demand as power plants shift away from carbon-intensive fuels."", ""Coal price drop likely boosts EUA demand as power plants shift away from carbon-intensive fuels."", ""Coal price decline likely boosts EUA demand as power plants shift away from carbon-intensive fuels.""]",8,1.0,0.8,0.8,"[8, 8, 8]"
791,http://www.telegraph.co.uk/politics/0/brussels-plans-plug-brexit-budget-blackhole-cuts-plastic-taxes/,http://www.telegraph.co.uk/politics/0/brussels-plans-plug-brexit-budget-blackhole-cuts-plastic-taxes/amp/,"How Brussels plans to plug its Brexit budget blackhole through cuts , plastic taxes and visa fees",2018-02-12,http://www.telegraph.co.uk/content/dam/news/2017/12/17/TELEMMGLPICT000149392146-xlarge_trans_NvBQzQNjv4BqpVlberWd9EgFPZtcLiMQfy2dmClwgbjjulYfPTELibA.jpeg,telegraph.co.uk,English,United Kingdom,1,2,eu_context,NO,-1,"[""NO"", ""NO"", ""NO""]","[""EU ETS price is unlikely to be directly affected by Brexit-related budget measures, as they are fiscal policy tools unrelated to carbon pricing mechanisms."", ""EU ETS price unlikely to be directly affected by Brexit-related budget measures."", ""EU ETS price unlikely to be directly affected by Brexit-related budget measures.""]",3,1.0,-0.3,-0.3,"[3, 3, 3]"
797,https://www.platts.com/latest-news/coal/london/eu-co2-prices-hit-eur1000mt-for-first-time-in-26891724,,EU CO2 prices hit Eur10 . 00 / mt for first time in six years - Coal,2018-02-14,,platts.com,English,United States,1,4,eu_context;carbon_terms=1;energy_driver,YES,1,"[""YES"", ""YES"", ""YES""]","[""Coal price surge signals potential long-term ETS rebound due to supply constraints."", ""Coal price surge signals potential long-term ETS tightening, though short-term volatility remains likely."", ""Coal price spike signals structural supply constraints and policy tightening, likely to push EU ETS higher.""]",8,1.0,0.8,0.8,"[8, 8, 8]"
803,https://www.channelnewsasia.com/news/topics/budget2018/large-emitters-observers-welcome-initial-carbon-tax-rate-9972068,,"Large emitters , observers welcome initial carbon tax rate of S$5 per tonne of greenhouse gas emissions",2018-02-19,http://www.channelnewsasia.com/image/9195420/16x9/991/529/c87a95f713acb50b07b366a96a4975f/eL/file-photo--sun-rises-behind-billowing-chimneys-of-power-station-in-berlin-1.jpg,channelnewsasia.com,English,United States,1,4,carbon_terms=3;energy_driver,NO,-1,"[""NO"", ""NO"", ""NO""]","[""S$5 per tonne is below EU ETS levels and may signal weaker policy ambition or limited market impact."", ""S$5 per tonne is below EU ETS levels and may signal limited policy ambition, reducing short-term price pressure."", ""Carbon tax in Singapore does not directly affect EU ETS pricing, though it may signal broader policy trends.""]",3,1.0,-0.3,-0.3,"[3, 3, 3]"
809,http://www.scoop.co.nz/stories/WO1802/S00178/eu-supports-the-victims-of-cyclone-gita-in-tonga.htm,https://m.scoop.co.nz/stories/WO1802/S00178/eu-supports-the-victims-of-cyclone-gita-in-tonga.htm,EU supports the victims of cyclone Gita in Tonga,2018-02-21,,scoop.co.nz,English,New Zealand,1,2,eu_context,NO,-1,"[""NO"", ""NO"", ""NO""]","[""Carbon trading markets are unlikely to be directly affected by humanitarian aid for cyclone victims in Tonga."", ""EU ETS price is unlikely to be materially affected by humanitarian aid to Tonga following cyclone Gita."", ""EU ETS price is unlikely to be materially affected by humanitarian aid efforts in Tonga.""]",1,1.0,-0.1,-0.1,"[1, 1, 1]"
815,http://www.sagmart.com/news/Automobiles/polestar-1-will-make-debut-in-europe-during-geneva-motor-show,,Polestar 1 Will Make Debut In Europe During 2018 Geneva Motor Show,2018-02-25,http://www.sagmart.com/uploads/2018/02/23/news_image1/polestar1.jpg,sagmart.com,English,India,2,2,eu_context,NO,-1,"[""NO"", ""NO"", ""NO""]","[""The Geneva Motor Show is a niche automotive event with limited direct impact on EU ETS pricing, especially for a single model debut."", ""The Geneva Motor Show is a niche event with limited direct impact on EU ETS pricing, as it does not influence carbon market fundamentals or regulatory policy."", ""The Geneva Motor Show is a minor event with limited direct impact on EU ETS pricing, as it doesn't affect carbon emissions or regulatory compliance in a material way.""]",1,1.0,-0.1,-0.1,"[1, 1, 1]"
821,https://www.businessgreen.com/bg/news/3027440/eu-carbon-market-reforms-for-2020-onwards-formally-approved,,EU carbon market reforms for 2020 onwards formally approved,2018-02-27,,businessgreen.com,English,United Kingdom,1,4,eu_context;carbon_terms=2,YES,1,"[""YES"", ""YES"", ""YES""]","[""Reforms may increase market flexibility and emissions caps, potentially boosting price volatility and long-term value."", ""Reforms may increase price volatility and long-term price expectations by altering cap structures and compliance mechanisms."", ""Reforms may increase price volatility and long-term price expectations by altering cap structures or trading rules.""]",8,1.0,0.8,0.8,"[8, 8, 8]"
827,https://www.lexology.com/library/detail.aspx?g=64f11fa1-4d22-4608-9197-801d83d02695,,English Litigation Privilege : will an emissions trading case cause a change of climate for investigators ? February 2018,2018-03-01,,lexology.com,English,United States,1,3,carbon_terms=3,NO,-1,"[""NO"", ""NO"", ""NO""]","[""Irrelevant to EU ETS price dynamics; litigation privilege is a legal concept with no direct market impact."", ""Irrelevant to EU ETS price dynamics; litigation privilege is a legal concept not directly tied to carbon markets."", ""Irrelevant to EU ETS price dynamics; litigation privilege is a legal concept not directly tied to carbon market mechanics.""]",1,1.0,-0.1,-0.1,"[1, 1, 1]"
833,https://af.reuters.com/article/energyOilNews/idAFL8N1QH5IM,,UPDATE 1 - European Council approves carbon market reform | Energy & Oil,2018-03-05,https://s4.reutersmedia.net/resources_v2/images/rcom-default.png,af.reuters.com,English,United States,1,5,eu_context;carbon_terms=2;energy_driver,YES,1,"[""YES"", ""YES"", ""YES""]","[""Reform approval signals potential price volatility and increased compliance costs, likely pushing prices higher in short term."", ""Reform approval signals potential price volatility and increased compliance costs, likely boosting short-term ETS prices."", ""Reform approval may boost market confidence and tighten caps, potentially increasing prices short-term.""]",7,1.0,0.7,0.7,"[7, 7, 7]"
839,http://pt.euronews.com/2018/03/07/breves-de-bruxelas-acordo-comercial-pos-brexit-e-guerra-comercial-com-eua,/amp/2018/03/07/breves-de-bruxelas-acordo-comercial-pos-brexit-e-guerra-comercial-com-eua,  Breves de Bruxelas : acordo comercial pós - Brexit e guerra comercial com EUA,2018-03-07,,pt.euronews.com,English,United States,1,8,eu_ets_strong;eu_context,NO,-1,"[""NO"", ""NO"", ""NO""]","[""EU ETS price likely unaffected by post-Brexit trade deals and U.S. trade war, as these are macroeconomic and geopolitical, not direct carbon policy shifts."", ""EU ETS price is unlikely to be directly impacted by post-Brexit trade deals or U.S. trade wars without specific carbon policy alignment."", ""EU ETS price unlikely to react sharply to post-Brexit trade deals or U.S. trade wars due to lack of direct carbon policy linkage.""]",3,1.0,-0.3,-0.3,"[3, 3, 3]"
845,http://www.koreatimes.co.kr/www/nation/2018/03/371_245371.html,,Korean industries will have to bid for carbon permits from 2019,2018-03-09,http://www.koreatimes.co.kr/upload/newsV2/images/201803/46ff9ab512654fb1a7c33018ca3cd391.jpg,koreatimes.co.kr,English,South Korea,1,3,carbon_terms=3,NO,-1,"[""NO"", ""NO"", ""NO""]","[""EU ETS is not directly tied to Korean emissions trading, so minimal short-term impact."", ""Korean industry\u2019s carbon permit bidding starts in 2019, but EU ETS is not directly affected unless Korea joins or trades with EU markets."", ""Korean industry\u2019s carbon permit bidding starts in 2019, but EU ETS is not directly linked to Korea\u2019s market.""]",3,1.0,-0.3,-0.3,"[3, 3, 3]"
851,http://www.theenergycollective.com/karelbeckman/2428357/new-eu-electricity-market-design-market-state,,"The New EU Electricity Market Design : More Market , or More State ? ",2018-03-13,http://www.theenergycollective.com/wp-content/uploads/2018/03/Karins-slider.jpg,theenergycollective.com,English,United States,1,4,eu_context;carbon_terms=1;energy_driver,NO,-1,"[""NO"", ""NO"", ""NO""]","[""Market design shifts may influence trading volume but not immediately impact price fundamentals."", ""The headline suggests regulatory shifts that could affect market dynamics but doesn\u2019t specify concrete price drivers or policy changes."", ""The headline suggests potential regulatory shifts that could affect market dynamics, but no concrete pricing signals or policy details are provided.""]",5,1.0,-0.5,-0.5,"[5, 5, 5]"
857,https://ec.europa.eu/clima/news/3-april-2018-european-commission-will-release-verified-eu-ets-emissions-data-and-compliance_en,,On 3 April 2018 the European Commission will release verified EU ETS emissions data and compliance information for 2017,2018-03-15,,ec.europa.eu,English,Belgium,1,10,eu_ets_strong;eu_context;carbon_terms=2,NO,-1,"[""NO"", ""NO"", ""NO""]","[""Release of verified data may trigger minor price adjustments due to compliance verification, but no major short-term directional impact."", ""Release of verified data may trigger minor price adjustments due to compliance scrutiny but lacks immediate market-moving significance."", ""Release of verified data may trigger minor price adjustments due to compliance verification, but no major short-term directional impact.""]",3,1.0,-0.3,-0.3,"[3, 3, 3]"
863,https://www.energyworldmag.com/romania-state-received-38-8-m-euros-selling-greenhouse-gas-emission-certificates-february/,,Romania : State received 38 . 8 M euros from selling greenhouse gas emission certificates in February,2018-03-19,https://www.energyworldmag.com/wp-content/uploads/2017/07/Greenhouse-gas-emissions.jpg,energyworldmag.com,English,Bulgaria,1,4,eu_context;carbon_terms=1;energy_driver,NO,-1,"[""NO"", ""NO"", ""NO""]","[""Small national transaction unlikely to materially affect EU ETS price trends."", ""Small national transaction unlikely to move EU ETS price significantly."", ""Small national transaction unlikely to move EU ETS price significantly.""]",2,1.0,-0.2,-0.2,"[2, 2, 2]"
869,https://www.euractiv.com/section/energy/news/france-to-push-for-eu-carbon-price-floor-and-border-tariff/,,France to push for EU carbon price floor and border tariff – EURACTIV . com,2018-03-22,https://www.euractiv.com/wp-content/uploads/sites/2/2018/03/Macron_sustainablefinanceEU-800x450.jpg,euractiv.com,English,Germany,1,4,eu_context;carbon_terms=2,YES,1,"[""YES"", ""YES"", ""YES""]","[""France\u2019s push for a carbon price floor and border tariff signals stronger EU-wide demand for carbon pricing, likely boosting short-term EU ETS prices."", ""France\u2019s push for a carbon price floor and border tariff could drive up EU ETS prices by increasing demand for carbon allowances and creating compliance pressure across member states."", ""France\u2019s push for a carbon price floor and border tariff signals stronger EU-wide demand for carbon pricing, likely boosting short-term ETS prices.""]",8,1.0,0.8,0.8,"[8, 8, 8]"
875,https://www.platts.com/latest-news/electric-power/london/eu-ets-co2-emissions-seen-rising-05-in-2017-analysts-27942030,,EU ETS CO2 emissions seen rising 0 . 5 % in 2017 : Analysts - Electric Power,2018-03-27,,platts.com,English,United States,1,11,eu_ets_strong;eu_context;carbon_terms=2;energy_driver,NO,-1,"[""NO"", ""NO"", ""NO""]","[""Slight emissions growth may signal weak compliance or policy slack, but not a strong short-term price driver."", ""Slight emissions growth implies minimal pressure on price, but could signal policy uncertainty."", ""Small emission growth implies minimal pressure on EU ETS prices, but could signal policy tightening or market expectations.""]",3,1.0,-0.3,-0.3,"[3, 3, 3]"
881,http://carbon-pulse.com/49900/,,"Ramp - up in EU utility hedging supported EUA prices heading into 2018 , company reports show « Carbon Pulse",2018-03-29,,carbon-pulse.com,English,France,1,10,eu_ets_strong;eu_context;carbon_terms=2,YES,1,"[""YES"", ""YES"", ""YES""]","[""Utility hedging ramp-up suggests continued demand support for EUA prices."", ""Hedging activity by utilities increased demand for EUA, suggesting sustained upward pressure."", ""Hedging activity by utilities increased demand for EUAs, suggesting sustained upward pressure on prices.""]",7,1.0,0.7,0.7,"[7, 7, 7]"
887,https://businessservices24.com/269033/top-5-thermoplastic-composites-market-players-in-north-america-europe-asia-pacific-south-america-middle-east-and-africa-2018/,,"Top 5 Thermoplastic Composites Market Players in North America , Europe , Asia - Pacific , South America , Middle East and Africa – 2018 – Business News",2018-03-31,,businessservices24.com,English,,2,3,eu_context;carbon_terms=1,NO,-1,"[""NO"", ""NO"", ""NO""]","[""No direct link to EU ETS pricing mechanics or carbon market dynamics."", ""No direct link to EU ETS price movements or carbon trading dynamics."", ""Irrelevant to EU ETS as it focuses on market players in composites, not carbon emissions or trading mechanics.""]",2,1.0,-0.2,-0.2,"[2, 2, 2]"
893,http://www.thewesterlysun.com/News/Westerly/Report-claims-wood-based-energy-doesn-t-add-up.html,,Report finds that wood - based energy doesnt add up to carbon dioxide emissions reduction,2018-04-02,,thewesterlysun.com,English,United States,2,3,carbon_terms=3,NO,-1,"[""NO"", ""NO"", ""NO""]","[""Wood-based energy may be overstated as a carbon sink, potentially reducing EU ETS compliance pressure."", ""Wood-based energy may be offsetting emissions, but the report suggests it doesn\u2019t meet reduction targets, potentially pressuring ETS compliance."", ""Wood-based energy may be overstated as a carbon sink, potentially undermining ETS compliance incentives.""]",6,1.0,-0.6,-0.6,"[6, 6, 6]"
899,http://econews.com.au/57290/2017-eu-carbon-market-emissions-rise-first-in-seven-years/,,2017 EU carbon market emissions rise first in seven years,2018-04-04,http://econews.com.au/wp-content/uploads/2017/11/carbon-trade-permits-graphic-blue.jpg,econews.com.au,English,Australia,1,6,eu_context;carbon_terms=4,NO,-1,"[""NO"", ""NO"", ""NO""]","[""Emissions rising suggests potential market pressure but doesn't directly signal price direction."", ""Emissions rising suggests potential market pressure but not immediate price reversal."", ""Emissions rising suggests potential downward pressure on EU ETS prices due to weaker compliance incentives.""]",3,1.0,-0.3,-0.3,"[3, 3, 3]"
905,https://www.platts.com/latest-news/electric-power/brussels/feature-eu-transmission-system-operators-see-26931825,,Feature : EU transmission system operators see long life in natural gas for power generation - Electric Power,2018-04-06,,platts.com,English,United States,1,3,eu_context;energy_driver,NO,-1,"[""NO"", ""NO"", ""NO""]","[""Natural gas's long life in power generation may slightly dampen demand for carbon-intensive fuels, but EU ETS price is more influenced by policy, emissions caps, and market speculation."", ""Natural gas\u2019s long-term role in power generation may influence emissions intensity but doesn\u2019t directly signal short-term EU ETS price movement."", ""Natural gas\u2019s long-term role in power generation may reduce short-term EU ETS price pressure but doesn\u2019t signal immediate market shift.""]",5,1.0,-0.5,-0.5,"[5, 5, 5]"
911,http://www.eurasiareview.com/08042018-serbia-and-hungary-play-cynical-games-with-past-oped/,,Serbia And Hungary Play Cynical Games With Past – OpEd – Eurasia Review,2018-04-08,https://i0.wp.com/www.eurasiareview.com/wp-content/uploads/2017/07/a-15.jpg?fit=830%2C510,eurasiareview.com,English,United States,2,2,eu_context,NO,-1,"[""NO"", ""NO"", ""NO""]","[""Lack of direct economic or regulatory linkage to EU ETS markets."", ""Lack of direct economic or policy linkage to EU ETS markets."", ""The headline discusses geopolitical tensions and diplomatic posturing, not direct market drivers for EU ETS pricing.""]",2,1.0,-0.2,-0.2,"[2, 2, 2]"
917,https://www.neweurope.eu/article/eu-un-agency-aim-reduce-greenhouse-gas-emissions-shipping/,,"EU , UN agency aim to reduce greenhouse gas emissions from shipping",2018-04-10,https://www.neweurope.eu/wp-content/uploads/2018/04/P036579000101-102220.jpg,neweurope.eu,English,United Kingdom,2,5,eu_context;carbon_terms=2;energy_driver,YES,1,"[""YES"", ""YES"", ""YES""]","[""Shipping emissions are a major but currently unregulated sector in EU ETS, making this policy a significant near-term catalyst."", ""Shipping emissions are a major but untapped sector in EU ETS, and UN-backed targets could trigger new compliance or cap adjustments."", ""Shipping emissions are a major but untapped sector in EU ETS, and UN action may trigger regulatory pressure or compliance costs.""]",7,1.0,0.7,0.7,"[7, 7, 7]"
923,https://www.openpr.com/news/1013268/Activated-Carbon-for-Mercury-Control-Market-Forecast-2018-Increased-in-Regulations-Over-Pollution-Control-and-Hazardous-Gas-Emission-to-USD-38079-7-Million-by-2025.html,,Activated Carbon for Mercury Control Market Forecast 2018 : Increased in Regulations Over Pollution Control and Hazardous Gas Emission to USD 38079 . 7 Million by 2025,2018-04-12,,openpr.com,English,United States,2,4,carbon_terms=3;energy_driver,NO,-1,"[""NO"", ""NO"", ""NO""]","[""Carbon capture tech demand may rise, but EU ETS price is driven by cap-auction dynamics, not mercury control regulations."", ""Carbon capture tech demand may rise, but EU ETS pricing is driven by emissions caps and compliance, not mercury control market trends."", ""Carbon capture tech demand may indirectly affect ETS prices via emissions reduction targets, but not directly tied to EU ETS.""]",3,1.0,-0.3,-0.3,"[3, 3, 3]"
929,http://carbon-pulse.com/50704/,,"Slovakian carbon allowance tax broke EU law , top court rules « Carbon Pulse",2018-04-14,,carbon-pulse.com,English,China,1,4,eu_context;carbon_terms=2,NO,-1,"[""NO"", ""NO"", ""NO""]","[""Slovakia\u2019s tax violation risks EU-wide enforcement and could trigger price volatility or regulatory adjustments."", ""Court ruling may trigger EU-wide compliance reviews and price volatility."", ""Legal challenge undermines EU ETS integrity and may trigger market uncertainty or corrective measures.""]",7,1.0,-0.7,-0.7,"[7, 7, 7]"
935,https://af.reuters.com/article/energyOilNews/idAFL8N1RQ50E,,"EUROPE POWER - Forwards set new highs along with coal , CO2 gains | Energy & Oil",2018-04-16,https://s4.reutersmedia.net/resources_v2/images/rcom-default.png,af.reuters.com,English,United States,1,3,eu_context;energy_driver,YES,1,"[""YES"", ""YES"", ""YES""]","[""Coal and CO2 price surges signal strong demand and policy-driven upward pressure on EU ETS."", ""Coal and CO2 price surges signal strong demand and policy tailwinds for EU ETS."", ""Coal and CO2 price surges signal strong demand and policy-driven upward pressure on EU ETS.""]",8,1.0,0.8,0.8,"[8, 8, 8]"
941,http://www.universityworldnews.com/article.php?story=20180418180954781,,EUA condemns intimidation of academics via blacklist,2018-04-18,,universityworldnews.com,English,United States,1,6,eu_ets_strong,NO,-1,"[""NO"", ""NO"", ""NO""]","[""Blacklisting academics is unlikely to materially affect EU ETS price dynamics."", ""Blacklisting academics is unlikely to directly affect EU ETS price dynamics."", ""Blacklist actions by EUA are unlikely to materially affect short-term EU ETS pricing.""]",3,1.0,-0.3,-0.3,"[3, 3, 2]"
947,https://www.euractiv.com/section/enlargement/opinion/beyond-coal-and-eu-accession-squaring-the-circle-for-kosovo/,,"Beyond coal , nationalism and EU accession : Squaring the circle for Kosovo – EURACTIV . com",2018-04-20,https://www.euractiv.com/wp-content/uploads/sites/2/2018/04/14026346463_9fa1639c55_k-800x450.jpg,euractiv.com,English,Germany,1,3,eu_context;energy_driver,NO,-1,"[""NO"", ""NO"", ""NO""]","[""Kosovo\u2019s EU accession prospects and policy shifts are unlikely to have direct short-term impact on EU ETS pricing."", ""Kosovo\u2019s EU accession prospects have minimal direct impact on EU ETS pricing, as it does not involve major carbon-intensive sectors or direct ETS market participation."", ""Kosovo\u2019s EU accession prospects and energy policy shifts have minimal direct impact on EU ETS pricing.""]",2,1.0,-0.2,-0.2,"[2, 2, 2]"
953,https://thetechnicalprogress.com/2018/04/global-and-united-states-wind-turbine-blade-market-2018-lm-wind-power-vestas-enercon-tecsis-gamesa-suzlon/,,"Global and United States Wind Turbine Blade Market 2018 LM Wind Power , Vestas , Enercon , Tecsis , Gamesa , Suzlon – Technical Progress",2018-04-22,,thetechnicalprogress.com,English,,2,2,carbon_terms=1;energy_driver,NO,-1,"[""NO"", ""NO"", ""NO""]","[""Wind turbine blade tech progress may indirectly affect EU ETS via energy efficiency gains, but no direct price signal."", ""Wind turbine blade tech progress may indirectly affect EU ETS via energy efficiency gains, but no direct price signal."", ""Wind turbine blade tech progress may indirectly affect EU ETS via energy efficiency gains, but no direct price signal.""]",3,1.0,-0.3,-0.3,"[3, 3, 3]"
959,https://www.euractiv.com/section/agriculture-food/news/vella-ammonia-emissions-is-an-enormous-problem-that-needs-to-be-tackled/,,Vella : Ammonia emissions is an  enormou problem that needs to be tackled – EURACTIV . com,2018-04-24,https://www.euractiv.com/wp-content/uploads/sites/2/2018/04/shutterstock_102514100-800x450.jpg,euractiv.com,English,Germany,2,4,eu_context;carbon_terms=2,NO,-1,"[""NO"", ""NO"", ""NO""]","[""Ammonia emissions are not directly tied to EU ETS compliance, so headline has limited short-term price impact."", ""Ammonia emissions are not directly tied to EU ETS compliance, so this headline has limited short-term price impact."", ""Ammonia emissions are not directly tied to EU ETS compliance, so headline has limited short-term price impact.""]",3,1.0,-0.3,-0.3,"[3, 3, 3]"
965,http://pt.euronews.com/2018/04/27/estado-da-uniao-macron-nos-eua-conferencia-pela-siria,/amp/2018/04/27/estado-da-uniao-macron-nos-eua-conferencia-pela-siria,"  Estado da União : Macron nos EUA , Conferência pela Síria",2018-04-27,,pt.euronews.com,English,United States,1,8,eu_ets_strong;eu_context,NO,-1,"[""NO"", ""NO"", ""NO""]","[""Irrelevant to EU ETS price as it pertains to international diplomacy, not carbon markets or policy."", ""Irrelevant to EU ETS market dynamics or carbon pricing."", ""Irrelevant to EU ETS price as it pertains to international diplomacy and Syria, not EU carbon policy or markets.""]",2,1.0,-0.2,-0.2,"[2, 2, 2]"
971,https://af.reuters.com/article/commoditiesNews/idAFL8N1S50C4,,  Tsunami  of hydropower dam building threatens Europe last wild rivers - campaigners | Agricultural Commodities,2018-04-29,https://s4.reutersmedia.net/resources_v2/images/rcom-default.png,af.reuters.com,English,United States,2,3,eu_context;energy_driver,NO,-1,"[""NO"", ""NO"", ""NO""]","[""Hydropower expansion may offset emissions but risks disrupting ecosystems and could trigger regulatory backlash or carbon pricing adjustments."", ""Hydropower expansion may offset emissions but could disrupt river ecosystems and affect agricultural supply chains, introducing minor market volatility."", ""Hydropower expansion may offset emissions but could disrupt river ecosystems and trigger regulatory or political backlash, potentially affecting carbon pricing.""]",3,1.0,-0.3,-0.3,"[3, 3, 3]"
977,http://carbon-pulse.com/51531/,,EU Market : EUAs drift lower in thin holiday trade « Carbon Pulse,2018-05-01,,carbon-pulse.com,English,France,1,10,eu_ets_strong;eu_context;carbon_terms=2,NO,-1,"[""NO"", ""NO"", ""NO""]","[""Thin holiday trade suggests reduced market activity, potentially suppressing price momentum."", ""Thin holiday trade suggests reduced market activity, potentially suppressing price momentum."", ""Thin holiday trade suggests reduced market activity, likely pressuring prices temporarily.""]",5,1.0,-0.5,-0.5,"[5, 5, 4]"
983,https://www.timeshighereducation.com/news/eu-research-budget-increase-not-enough-end-low-success-rates,,EU research budget increase  not enough to end low success rates  ,2018-05-03,https://www.timeshighereducation.com/sites/default/files/istock_000006099157_medium.jpg,timeshighereducation.com,English,United Kingdom,1,2,eu_context,NO,-1,"[""NO"", ""NO"", ""NO""]","[""Low success rates in EU research may indicate weak innovation, potentially reducing carbon efficiency gains and supporting ETS prices, but the headline\u2019s \u201cnot enough\u201d implies limited impact."", ""Low success rates in EU research imply weak innovation, which may not directly affect ETS pricing unless tied to emissions targets or industrial policy shifts."", ""Low success rates in EU research may persist, limiting carbon innovation and policy effectiveness, which could dampen ETS demand.""]",3,1.0,-0.3,-0.3,"[3, 3, 3]"
989,http://www.4-traders.com/news/EEX-European-Energy-Exchange-publishes-2018-Auction-Calendar-for-EU-Aviation-Allowances-EUAA--26531923/,http://www.4-traders.com/amp/news/EEX-European-Energy-Exchange-publishes-2018-Auction-Calendar-for-EU-Aviation-Allowances-EUAA--26531923/,EEX European Energy Exchange,2018-05-07,,4-traders.com,English,United States,1,8,eu_ets_strong;eu_context,NO,-1,"[""NO"", ""NO"", ""NO""]","[""EEX is a trading platform, not a direct driver of EU ETS price movements."", ""EEX is a trading platform, not a direct driver of EU ETS price movements."", ""EEX is a trading platform, not a direct driver of EU ETS price movements.""]",3,1.0,-0.3,-0.3,"[3, 3, 3]"
995,http://pt.euronews.com/2018/05/09/europeus-poderao-pagar-alto-preco-por-defender-acordo-com-irao,/amp/2018/05/09/europeus-poderao-pagar-alto-preco-por-defender-acordo-com-irao,Europeus poderão pagar alto preço por defender acordo com Irão,2018-05-09,,pt.euronews.com,English,United States,1,2,eu_context,NO,-1,"[""NO"", ""NO"", ""NO""]","[""Ir\u00e3o\u2019s nuclear deal could trigger EU ETS price volatility via energy market shifts, but no direct link to carbon pricing yet."", ""Ir\u00e3o\u2019s nuclear deal negotiations may influence global energy markets, but direct impact on EU ETS pricing is minimal."", ""Irrelevant to EU ETS pricing as it discusses Iran-related diplomatic negotiations, not carbon market dynamics.""]",3,1.0,-0.3,-0.3,"[3, 3, 3]"
1001,http://pt.euronews.com/2018/05/11/potencias-europeias-criticam-eua-a-respeito-do-irao,/amp/2018/05/11/potencias-europeias-criticam-eua-a-respeito-do-irao,Potências europeias criticam EUA a respeito do Irão,2018-05-11,,pt.euronews.com,English,United States,1,8,eu_ets_strong;eu_context,NO,-1,"[""NO"", ""NO"", ""NO""]","[""EU ETS price unlikely to be directly affected by EU-Iran diplomatic tensions."", ""EU ETS price unlikely to be directly affected by EU-Iran diplomatic tensions."", ""EU ETS price unlikely to be directly affected by EU-Iran diplomatic tensions.""]",2,1.0,-0.2,-0.2,"[2, 2, 2]"
1007,https://www.hellenicshippingnews.com/european-natural-gas-coal-generation-margins-under-pressure-from-rising-fuel-co2-prices/,,"European natural gas , coal generation margins under pressure from rising fuel , CO2 prices",2018-05-14,,hellenicshippingnews.com,English,China,1,4,eu_context;carbon_terms=1;energy_driver,YES,1,"[""YES"", ""YES"", ""YES""]","[""Rising CO2 prices increase the cost of emitting, squeezing margins for coal and natural gas generators."", ""Rising CO2 prices increase cost of compliance, squeezing generation margins and potentially boosting ETS prices."", ""Rising CO2 prices are squeezing generation margins, likely pushing EU ETS prices higher.""]",7,1.0,0.7,0.7,"[7, 7, 7]"
1013,http://carbon-pulse.com/52411/,,Brussels sets sights on deeper EU climate targets as lawmakers move on ambition « Carbon Pulse,2018-05-17,,carbon-pulse.com,English,China,1,3,eu_context;carbon_terms=1,YES,1,"[""YES"", ""YES"", ""YES""]","[""Higher climate ambition signals potential for stricter emissions caps and increased trading volume."", ""Increased ambition signals potential policy tightening, likely boosting ETS prices."", ""Increased ambition signals potential for stricter caps or higher allowances, likely boosting price pressure.""]",7,1.0,0.7,0.7,"[7, 7, 7]"
1019,http://carbon-pulse.com/52560/,,Governments dole out almost 500k more free EUAs for 2018 « Carbon Pulse,2018-05-21,,carbon-pulse.com,English,China,1,9,eu_ets_strong;eu_context;carbon_terms=1,NO,-1,"[""NO"", ""NO"", ""NO""]","[""Free EUA allocations increase supply pressure, potentially dampening prices short-term."", ""Free EUA allocations increase emissions headroom, potentially suppressing price pressure in the short term."", ""Free EUA allocations increase emissions headroom, potentially suppressing price pressure in the short term.""]",6,1.0,-0.6,-0.6,"[6, 6, 6]"
1025,https://www.businessgreen.com/bg/news/3032842/carbon-markets-back-from-the-brink-of-collapse-says-world-bank,,"Carbon markets back from the brink of collapse , says World Bank",2018-05-23,,businessgreen.com,English,United Kingdom,1,2,carbon_terms=2,YES,1,"[""YES"", ""YES"", ""YES""]","[""World Bank's warning signals potential policy intervention that could stabilize or lift EU ETS prices."", ""World Bank\u2019s warning signals potential policy intervention or market stabilization efforts that could support prices."", ""World Bank\u2019s warning signals potential policy intervention that could stabilize or boost EU ETS prices.""]",7,1.0,0.7,0.7,"[7, 7, 8]"
1031,https://www.naturalgasworld.com/ggp-decarbonisation-of-heat-in-europe-implications-for-natural-gas-demand-61514,, [ GGP ] Decarbonisation of heat in Europe : implications for natural gas demand,2018-05-26,https://www.naturalgasworld.com/content/61514/OIES,naturalgasworld.com,English,Russia,2,4,eu_context;carbon_terms=1;energy_driver,NO,-1,"[""NO"", ""NO"", ""YES""]","[""Decarbonisation of heat reduces natural gas demand, potentially lowering EU ETS price pressure."", ""Decarbonisation of heat reduces natural gas demand, potentially lowering EU ETS price pressure."", ""Decarbonisation of heat reduces natural gas demand, potentially lowering EU ETS price pressure.""]",6,0.6666666666666666,-0.6,-0.3999999999999999,"[6, 7, 7]"
1037,http://www.sundayobserver.lk/2017/12/10/features/carbon-tax-mechanism-control-carbon-dioxide-emissions,,Carbon Tax : a mechanism to control carbon dioxide emissions,2018-05-28,http://www.sundayobserver.lk/sites/default/files/styles/large/public/news/2017/12/09/z_p17-CarbonTax1.jpg?itok=kTGH0HYO,sundayobserver.lk,English,Sri Lanka,1,3,carbon_terms=3,NO,-1,"[""NO"", ""NO"", ""NO""]","[""Carbon tax mechanisms can influence ETS pricing indirectly through policy alignment but are not a direct market driver."", ""Carbon tax policy can influence ETS pricing indirectly through demand-side behavior but lacks direct market linkage."", ""Carbon tax policy may indirectly affect EU ETS prices via emission caps and market signals, but direct short-term impact is limited without immediate regulatory changes.""]",3,1.0,-0.3,-0.3,"[3, 3, 3]"
1043,http://ec.europa.eu/eurostat/statistics-explained/index.php?title=Europe_2020_indicators_-_Hungary,,Europe 2020 indicators - Hungary,2018-05-30,,ec.europa.eu,English,Belgium,1,2,eu_context,NO,-1,"[""NO"", ""NO"", ""NO""]","[""Hungary\u2019s 2020 ETS compliance data is outdated and lacks direct price signal relevance for current EU ETS trends."", ""Hungary\u2019s 2020 ETS indicators are historical and unlikely to influence current EU ETS pricing."", ""Hungary\u2019s 2020 ETS compliance data is outdated and lacks direct market signal relevance for current EU ETS pricing.""]",2,1.0,-0.2,-0.2,"[2, 2, 2]"
1049,http://www.petroleum-economist.com/articles/low-carbon-energy/renewables/2018/europe-drags-feet-on-carbon-capture,,Europe drags feet on carbon capture,2018-06-01,http://www.petroleum-economist.com/media/4179/carbon-permits-home.jpg?mode=pad&format=jpg&quality=90&slimmage=true&rnd=131559038920000000,petroleum-economist.com,English,Saudi Arabia,1,3,eu_context;carbon_terms=1,NO,-1,"[""NO"", ""NO"", ""NO""]","[""Delayed carbon capture policy may reduce emissions targets, potentially pressuring EU ETS prices downward."", ""Delayed carbon capture policy may reduce emissions targets, potentially pressuring EU ETS prices downward."", ""Delayed carbon capture policy may dampen emissions reduction momentum, affecting ETS price pressure.""]",6,1.0,-0.6,-0.6,"[6, 6, 6]"
1055,https://www.reuters.com/article/eu-carbontrading-aviation/britain-auctions-860000-aviation-carbon-permits-at-1551-euros-tonne-each-idUSL5N1T8283,https://mobile.reuters.com/article/amp/idUSL5N1T8283,"Britain auctions 860 , 000 aviation carbon permits at 15 . 51 euros / tonne each",2018-06-06,https://s4.reutersmedia.net/resources_v2/images/rcom-default.png,reuters.com,English,United States,1,6,eu_context;carbon_terms=5,NO,-1,"[""NO"", ""NO"", ""NO""]","[""Aviation permit auctions at below-market levels may signal regulatory tightening or reduced demand, potentially pressuring EU ETS prices."", ""UK aviation permit auction at \u20ac15.51/tonne may signal tighter emissions control, potentially pressuring EU ETS prices via supply-side tightening."", ""Aviation permit auction at a lower price may signal reduced demand or policy tightening, potentially pressuring EU ETS prices.""]",3,1.0,-0.3,-0.3,"[3, 3, 3]"
1061,https://www.businessgreen.com/bg/news/3033807/confidence-in-eu-ets-rises-following-reforms,,Carbon market : Industry reveals sharp uptick in confidence in EU ETS following reforms,2018-06-08,,businessgreen.com,English,United Kingdom,1,10,eu_ets_strong;eu_context;carbon_terms=2,YES,1,"[""YES"", ""YES"", ""YES""]","[""Industry confidence surge may drive higher demand for EU ETS allowances."", ""Industry confidence surge may drive increased compliance and investment, boosting short-term ETS prices."", ""Industry confidence surge may drive upward pressure on EU ETS prices due to increased compliance expectations.""]",7,1.0,0.7,0.7,"[7, 7, 7]"
1067,https://www.hellenicshippingnews.com/uneconomic-coal-could-be-squeezed-out-of-european-union-power-markets-by-2030/,,Uneconomic Coal Could Be Squeezed Out Of European Union Power Markets By 2030,2018-06-12,,hellenicshippingnews.com,English,China,1,4,eu_context;carbon_terms=1;energy_driver,YES,1,"[""YES"", ""YES"", ""YES""]","[""Coal phase-out pressure could drive higher carbon prices as EU ETS compliance becomes tighter."", ""Coal phase-out pressure will likely drive higher carbon prices as EU ETS compliance becomes more costly for remaining coal plants."", ""Coal phase-out pressure could drive higher carbon prices as EU ETS auctions tighten.""]",8,1.0,0.8,0.8,"[8, 8, 8]"
1073,http://pt.euronews.com/2018/06/14/-ocean-s-8-chega-a-europa-depois-de-sucesso-nos-eua,/amp/2018/06/14/-ocean-s-8-chega-a-europa-depois-de-sucesso-nos-eua,  Ocean 8  chega  Europa depois de sucesso nos EUA,2018-06-14,,pt.euronews.com,English,United States,1,8,eu_ets_strong;eu_context,NO,-1,"[""NO"", ""NO"", ""NO""]","[""Ocean 8\u2019s success in the US may not directly translate to EU ETS pricing due to regulatory and market differences."", ""Ocean 8\u2019s success in the US does not directly signal EU ETS price movement due to regulatory divergence and market structure differences."", ""Ocean 8\u2019s success in the US may not directly translate to EU ETS pricing due to regulatory and market differences.""]",3,1.0,-0.3,-0.3,"[3, 3, 3]"
1079,http://joannenova.com.au/2018/06/chinese-set-up-a-giant-strawman-carbon-market-twice-size-of-eu/print/,,JoNova » Chinese set up a giant strawman carbon market twice size of EU » Print,2018-06-18,,joannenova.com.au,English,Australia,1,4,eu_context;carbon_terms=2,NO,-1,"[""NO"", ""NO"", ""NO""]","[""Chinese carbon market expansion could pressure EU ETS prices via global supply/demand shifts."", ""China\u2019s large-scale carbon market could influence global prices and create competitive pressure on EU ETS."", ""Chinese carbon market expansion could trigger global price shifts and influence EU ETS dynamics.""]",7,1.0,-0.7,-0.7,"[7, 7, 7]"
1085,https://www.bloomberg.com/news/articles/2018-06-20/eu-can-toughen-its-emissions-cut-target-under-paris-climate-deal,https://www.bloomberg.com/amp/news/articles/2018-06-20/eu-can-toughen-its-emissions-cut-target-under-paris-climate-deal,EU Can Toughen Its Emissions - Cut Target Under Paris Climate Deal,2018-06-20,https://assets.bwbx.io/images/users/iqjWHBFdfxIU/iLn847ys96xs/v0/1200x800.jpg,bloomberg.com,English,United States,1,4,eu_context;carbon_terms=2,YES,1,"[""YES"", ""YES"", ""YES""]","[""Tougher emissions targets under the Paris Deal could drive higher EU ETS prices by increasing compliance costs and demand for allowances."", ""Tougher emissions cuts under the Paris Deal may boost EU ETS demand and price."", ""Tougher emissions targets under the Paris Deal likely increase demand for carbon credits, supporting short-term EU ETS prices.""]",7,1.0,0.7,0.7,"[7, 7, 7]"
1091,https://www.euractiv.com/section/emissions-trading-scheme/news/polands-anti-emissions-trading-bid-struck-down-by-eu-court/,,Poland s anti - emissions trading bid struck down by EU court – EURACTIV . com,2018-06-22,https://www.euractiv.com/wp-content/uploads/sites/2/2018/06/shutterstock_108444530-800x450.jpg,euractiv.com,English,United Kingdom,1,5,eu_context;carbon_terms=3,NO,-1,"[""NO"", ""NO"", ""NO""]","[""Poland\u2019s legal challenge undermines its emissions trading flexibility, potentially increasing EU ETS compliance costs and market pressure."", ""EU court ruling undermines Poland\u2019s emissions trading strategy, potentially increasing market volatility and shifting price dynamics."", ""EU court ruling undermines Poland\u2019s emissions trading strategy, likely increasing market uncertainty and potentially boosting ETS prices.""]",7,1.0,-0.7,-0.7,"[7, 7, 7]"
1097,https://af.reuters.com/article/energyOilNews/idAFL8N1TS1UR,,"EUROPE POWER - Prompt prices converge with Germany up , France down | Energy & Oil",2018-06-26,https://s4.reutersmedia.net/resources_v2/images/rcom-default.png,af.reuters.com,English,United States,2,4,eu_context;carbon_terms=1;energy_driver,NO,-1,"[""NO"", ""NO"", ""NO""]","[""Convergence suggests market normalization but lacks clear signal for short-term EU ETS direction."", ""Convergence suggests market normalization but Germany\u2019s rise may signal stronger demand or policy tailwinds."", ""Convergence suggests limited price divergence but no clear short-term trend direction.""]",5,1.0,-0.5,-0.5,"[5, 6, 5]"
1103,https://www.industryleadersmagazine.com/beer-rationing-begins-in-europe-due-to-carbon-dioxide-shortage/,,Beer Rationing Begins In Europe Due To Carbon Dioxide Shortage Tags : ,2018-06-28,https://wwwindustryleadersmagazinecom-g8ejptc.stackpathdns.com/wp-content/uploads/2018/06/beer-rationing-europe-co2.jpeg,industryleadersmagazine.com,English,United States,2,3,eu_context;carbon_terms=1,NO,-1,"[""NO"", ""NO"", ""NO""]","[""Beer rationing due to CO2 shortage is unlikely to significantly impact EU ETS prices as it\u2019s a minor sector and not a direct carbon trading mechanism."", ""Beer rationing due to CO2 shortage is unlikely to meaningfully impact EU ETS prices as it\u2019s a minor sector and not a systemic carbon source."", ""Rationing implies supply constraints, not price signals, and CO2 is a traded commodity, not a scarce resource.""]",3,1.0,-0.3,-0.3,"[3, 3, 3]"
1109,http://europe.autonews.com/article/20180630/ANE/180619948/cng-powered-car-sales-set-to-increase-as-automakers-face-tougher,,CNG - powered car sales set to increase as automakers face tougher emissions rules,2018-06-30,,europe.autonews.com,English,United States,2,3,carbon_terms=2;energy_driver,NO,-1,"[""NO"", ""NO"", ""NO""]","[""CNG vehicle growth may offset some emissions but not significantly impact EU ETS prices due to limited market penetration."", ""CNG vehicles may offset some emissions but are not a major driver of EU ETS price movement."", ""CNG vehicles may reduce emissions but are unlikely to significantly impact EU ETS prices due to limited market penetration and low volume.""]",5,1.0,-0.5,-0.5,"[5, 5, 4]"
1115,http://www.4-traders.com/news/EEX-European-Energy-Exchange-trading-results-for-June-2018--26863540/,http://www.4-traders.com/amp/news/EEX-European-Energy-Exchange-trading-results-for-June-2018--26863540/,EEX European Energy Exchange,2018-07-02,,4-traders.com,English,United States,1,8,eu_ets_strong;eu_context,NO,-1,"[""NO"", ""NO"", ""NO""]","[""EEX is a trading platform, not a direct driver of EU ETS price movements."", ""EEX is a trading platform, not a direct driver of EU ETS price movements."", ""EEX is a trading platform, not a direct driver of EU ETS price movements.""]",3,1.0,-0.3,-0.3,"[3, 3, 3]"
1121,https://in.reuters.com/article/europe-electricity/europe-power-prompt-power-down-on-more-supply-curve-off-highs-idINL8N1U026U,https://in.mobile.reuters.com/article/amp/idINL8N1U026U,"EUROPE POWER - Prompt power down on more supply , curve off highs",2018-07-04,https://s4.reutersmedia.net/resources_v2/images/rcom-default.png,in.reuters.com,English,United States,1,3,eu_context;energy_driver,NO,-1,"[""NO"", ""NO"", ""NO""]","[""Supply surplus may dampen price pressure but doesn\u2019t signal strong short-term reversal."", ""Supply surplus may dampen price pressure but not reverse long-term trends."", ""Short-term supply surplus may dampen price momentum but not reverse long-term trends.""]",5,1.0,-0.5,-0.5,"[5, 5, 5]"
1127,https://www.realclearenergy.org/articles/2018/07/06/more_natural_gas_is_slashing_us_co2_emissions_110310.html,https://www.realclearenergy.org/articles/2018/07/06/more_natural_gas_is_slashing_us_co2_emissions_110310.amp.html,"Thanks to Natural Gas , US CO2 Emissions Lowest Since 1985",2018-07-06,https://assets.realclear.com/images/45/453649_5_.jpg,realclearenergy.org,English,United States,2,3,carbon_terms=2;energy_driver,NO,-1,"[""NO"", ""NO"", ""NO""]","[""Natural gas substitution reduces US emissions but has minimal direct impact on EU ETS pricing, which is more sensitive to EU policy and industrial activity."", ""Natural gas substitution reduces US emissions but has limited direct impact on EU ETS pricing, which is more influenced by European policy and industrial activity."", ""Natural gas\u2019s role in reducing US emissions may not directly affect EU ETS pricing, as the EU market is less tied to US energy policy.""]",3,1.0,-0.3,-0.3,"[3, 3, 3]"
1133,https://europeansting.com/2018/07/08/why-todays-leaders-need-to-know-about-the-power-of-narratives/,https://europeansting.com/2018/07/08/why-todays-leaders-need-to-know-about-the-power-of-narratives/amp/,"Why today leaders need to know about the power of narratives - The European Sting - Critical News & Insights on European Politics , Economy , Foreign Affairs , Business & Technology",2018-07-08,https://europeansting.files.wordpress.com/2018/07/jack-ma-alibaba-2018.jpg,europeansting.com,English,Germany,2,3,eu_context;energy_driver,NO,-1,"[""NO"", ""NO"", ""NO""]","[""Narrative-driven headlines rarely signal concrete policy shifts that directly impact short-term EU ETS pricing."", ""Narrative-driven headlines may influence sentiment but lack concrete policy or market data to trigger short-term ETS price movement."", ""Narrative-driven headlines often reflect sentiment rather than concrete policy shifts, making them less predictive for short-term ETS price movements.""]",3,1.0,-0.3,-0.3,"[3, 3, 3]"
1139,http://www.ngvglobal.com/blog/eu-adopts-hdv-co2-emissions-regulation-with-room-for-improvement-0709,,EU Adopts HDV CO2 Emissions Regulation with Room for Improvement,2018-07-10,,ngvglobal.com,English,United States,2,4,eu_context;carbon_terms=2,YES,1,"[""YES"", ""YES"", ""YES""]","[""Regulation may tighten emissions, potentially boosting carbon prices short-term."", ""Regulation introduces new compliance costs that could pressure ETS prices short-term."", ""Regulation introduces new compliance burdens, potentially increasing demand for carbon credits in the short term.""]",7,1.0,0.7,0.7,"[7, 7, 7]"
1145,http://www.4-traders.com/news/Experience-with-long-term-strategies-in-Europe-Norway-s-low-emissions-policy--26914768/,http://www.4-traders.com/amp/news/Experience-with-long-term-strategies-in-Europe-Norway-s-low-emissions-policy--26914768/,Experience with long - term strategies in Europe : Norway low emissions policy,2018-07-12,,4-traders.com,English,United States,1,4,eu_context;carbon_terms=2,NO,-1,"[""NO"", ""NO"", ""NO""]","[""Norway\u2019s low-emissions policy may indirectly influence EU ETS dynamics but lacks direct short-term price impact."", ""Norway\u2019s low-emissions policy may indirectly influence EU ETS dynamics but lacks direct short-term price impact."", ""Norway\u2019s low-emissions policy may indirectly influence EU ETS dynamics but lacks direct short-term price impact.""]",3,1.0,-0.3,-0.3,"[3, 3, 3]"
1151,https://www.scmp.com/comment/insight-opinion/article/2155294/europe-and-china-have-opportunity-turn-words-action-summit,https://m.scmp.com/comment/insight-opinion/article/2155294/europe-and-china-have-opportunity-turn-words-action-summit?amp=1,Europe and China have an opportunity to turn words into action at summit,2018-07-15,https://cdn4.i-scmp.com/sites/default/files/styles/620x356/public/images/methode/2018/07/15/6793a942-87ed-11e8-99b0-7de4d17a9c3a_image_hires_131206.JPG?itok=Dm6_gP2P,scmp.com,English,China,1,2,eu_context,NO,-1,"[""NO"", ""NO"", ""NO""]","[""Potential diplomatic breakthroughs could influence policy, but immediate ETS price impact is unlikely."", ""EU-China summit could influence policy alignment but lacks immediate market signals for ETS pricing."", ""Potential diplomatic momentum could influence policy, but immediate ETS price impact is uncertain.""]",3,1.0,-0.3,-0.3,"[3, 3, 3]"
1157,http://www.businessinsider.com/r-china-eu-reaffirm-paris-climate-commitment-vow-more-cooperation-2018-7,https://amp.businessinsider.com/r-china-eu-reaffirm-paris-climate-commitment-vow-more-cooperation-2018-7,"China , EU reaffirm Paris climate commitment , vow more cooperation",2018-07-17,,businessinsider.com,English,United States,1,2,eu_context,YES,1,"[""YES"", ""YES"", ""YES""]","[""Reaffirmation of commitments may signal future policy alignment but doesn\u2019t immediately alter short-term ETS dynamics."", ""Reaffirmation of commitments may signal policy stability but doesn\u2019t directly impact short-term EU ETS price volatility."", ""Reaffirming commitments may signal policy stability but doesn\u2019t directly impact short-term EU ETS pricing.""]",5,1.0,0.5,0.5,"[5, 5, 5]"
1163,https://www.namibian.com.na/69620/read/EU-steps-up-international-cooperation-on-climate-change,,EU steps up international cooperation on climate change,2018-07-19,,namibian.com.na,English,Namibia,1,2,eu_context,YES,1,"[""YES"", ""YES"", ""YES""]","[""Enhanced international cooperation may signal stronger policy alignment, potentially boosting ETS demand."", ""Enhanced international cooperation may signal stronger policy alignment, potentially boosting ETS demand."", ""Enhanced international cooperation may signal stronger policy alignment, potentially boosting ETS prices through increased global ambition.""]",5,1.0,0.5,0.5,"[5, 5, 5]"
1169,http://www.eurasiareview.com/21072018-climate-change-main-pillar-of-eu-china-relations-analysis/,,Climate Change  Main Pillar  Of EU - China Relations – Analysis – Eurasia Review,2018-07-21,https://i0.wp.com/www.eurasiareview.com/wp-content/uploads/2018/07/a-258.jpg?fit=830%2C510,eurasiareview.com,English,United States,1,2,eu_context,NO,-1,"[""NO"", ""NO"", ""NO""]","[""EU ETS price unlikely to be directly impacted by geopolitical climate discourse between EU and China."", ""EU ETS price not directly affected by China-EU climate diplomacy headline."", ""EU ETS price not directly influenced by China-EU climate diplomacy rhetoric alone.""]",3,1.0,-0.3,-0.3,"[3, 3, 3]"
1175,https://auto.economictimes.indiatimes.com/news/passenger-vehicle/cars/eu-carmakers-inflating-emissions-to-skew-carbon-targets/65144582,https://auto.economictimes.indiatimes.com/amp/news/passenger-vehicle/cars/eu-carmakers-inflating-emissions-to-skew-carbon-targets/65144582,"EU carmakers  inflating  emissions to skew carbon targets , Auto News , ET Auto",2018-07-26,"https://etimg.etb2bimg.com/thumb/msid-65144582,imgsize-238787,width-800,height-434,overlay-etauto/eu-carmakers-inflating-emissions-to-skew-carbon-targets.jpg",auto.economictimes.indiatimes.com,English,India,2,5,eu_context;carbon_terms=3,NO,-1,"[""NO"", ""NO"", ""NO""]","[""Emissions inflation could trigger regulatory penalties and market repricing, impacting ETS compliance costs."", ""Emissions inflation could trigger regulatory penalties and market repricing, affecting EU ETS volatility."", ""Emissions inflation could trigger regulatory scrutiny and penalties, potentially driving up compliance costs and ETS prices.""]",7,1.0,-0.7,-0.7,"[8, 7, 7]"
1181,https://finanza.repubblica.it/Bloomberg/2018/07/28/macron_says_increased_power_links_with_spain_can_lower_emissions-PCJJEOSYF01U01_BLE/,,Macron Says Increased Power Links With Spain Can Lower Emissions - Economia e Finanza,2018-07-28,,finanza.repubblica.it,English,Kosovo,2,3,carbon_terms=2;energy_driver,YES,1,"[""YES"", ""YES"", ""YES""]","[""Enhanced cross-border power links could enable more efficient emission reductions through better grid integration and renewable energy sharing."", ""Enhanced cross-border power links could enable more efficient emission reductions and support EU ETS price stability through cleaner energy integration."", ""Enhanced cross-border power links may enable more efficient emission reductions through better grid integration and renewable energy sharing.""]",7,1.0,0.7,0.7,"[7, 7, 7]"
1187,https://af.reuters.com/article/commoditiesNews/idAFL5N1UN5TN,,"EUROPE POWER - Day - ahead prices rise on high consumption , curve mostly down | Agricultural Commodities",2018-07-30,https://s4.reutersmedia.net/resources_v2/images/rcom-default.png,af.reuters.com,English,United States,2,4,eu_context;carbon_terms=1;energy_driver,YES,1,"[""YES"", ""YES"", ""YES""]","[""High consumption drives short-term price spikes in EU ETS despite downward curve trend."", ""High consumption drives short-term price spikes in EU ETS despite downward curve trend."", ""High consumption drives short-term price spikes in EU ETS, though curve downward suggests limited duration.""]",7,1.0,0.7,0.7,"[7, 7, 7]"
1193,https://www.edf.org/media/dutch-study-stresses-critical-opportunity-europe-cut-methane-emissions-oil-and-gas-operations,,Dutch Study Stresses Critical Opportunity for Europe to Cut Methane Emissions from Oil and Gas Operations,2018-08-01,,edf.org,English,United States,2,5,eu_context;carbon_terms=2;energy_driver,YES,1,"[""NO"", ""YES"", ""YES""]","[""Methane emissions reduction could indirectly affect EU ETS via sectoral compliance, but immediate price impact is uncertain."", ""Methane emissions from oil and gas are a key EU ETS compliance factor, and this study highlights a strategic opportunity to reduce them, potentially lowering compliance costs and boosting ETS prices."", ""Methane emissions from oil and gas are a key EU ETS compliance factor, and this study may trigger regulatory or market-driven pricing adjustments.""]",7,0.6666666666666666,0.7,0.4666666666666666,"[5, 7, 7]"
1199,https://www.hedgeweek.com/2018/08/03/267070/eex-group-growth-story-continues-h1-2018,,EEX Group growth story continues in H1 2018,2018-08-03,https://www.hedgeweek.com/sites/default/files/styles/facebook_200_square/public/image_library/Headshots4/EEX%20Peter%20Reitz.jpg,hedgeweek.com,English,United Kingdom,1,6,eu_ets_strong,NO,-1,"[""NO"", ""NO"", ""NO""]","[""EEX Group\u2019s growth story in H1 2018 reflects broader market trends but offers limited direct insight into short-term EU ETS price movements."", ""EEX Group's growth story in H1 2018 reflects market dynamics but doesn't signal a clear short-term price direction for EU ETS."", ""EEX Group\u2019s growth story in H1 2018 reflects market activity but doesn\u2019t signal a short-term price trend shift in EU ETS.""]",3,1.0,-0.3,-0.3,"[3, 3, 3]"
1205,https://www.journalistbook.com/2018/08/04/carbon-capture-and-storage-market-research-2017-region-wise-analysis-of-top-players-in-market-by-its-types-and-application-2/,,Carbon Capture and Storage Market Research 2017 ; Region Wise Analysis of Top Players in Market by its Types and Application,2018-08-05,,journalistbook.com,English,,2,2,carbon_terms=2,NO,-1,"[""NO"", ""NO"", ""NO""]","[""Lacks direct market impact or policy linkage to EU ETS pricing."", ""Lacks direct market impact on EU ETS pricing as it's a 2017 report with no recent policy or trading implications."", ""Lacks direct market signal or policy linkage to EU ETS pricing.""]",2,1.0,-0.2,-0.2,"[2, 2, 2]"
1211,http://www.kanw.com/post/germany-turns-brown-coal-fill-its-energy-gap,,Germany Bulldozes Old Villages For Coal Despite Lower Emissions Goals,2018-08-07,,kanw.com,English,United States,2,3,carbon_terms=2;energy_driver,NO,-1,"[""NO"", ""NO"", ""NO""]","[""Germany\u2019s coal phaseout accelerates emissions reduction, potentially pressuring EU ETS prices despite lower goals."", ""Germany\u2019s coal removal may boost ETS prices via emissions reduction, but offsetting policy uncertainty and lower goals could dampen impact."", ""Germany\u2019s coal phase-out accelerates emissions reduction, potentially pressuring EU ETS prices despite lower goals.""]",6,1.0,-0.6,-0.6,"[6, 6, 6]"
1217,https://www.southeusummit.com/europe/amid-worldly-clamours-europe-quietly-and-continuously-advances-within-global-renewable-energy-market/,,Europe Continues to Break Records in Renewable Energy Generation,2018-08-09,https://www.southeusummit.com/wp-content/uploads/2018/08/Solar-Power-Farm.jpg,southeusummit.com,English,,1,2,eu_context,YES,1,"[""YES"", ""YES"", ""YES""]","[""Renewable energy growth reduces emissions, potentially lowering ETS price pressure."", ""Renewable energy growth reduces emissions, potentially lowering EU ETS price pressure."", ""Strong renewable growth reduces emissions, potentially lowering ETS price pressure.""]",7,1.0,0.7,0.7,"[7, 7, 7]"
1223,http://carbon-pulse.com/57056/,,EU Market : EUAs hit 10 - year high amid auction shortfall « Carbon Pulse,2018-08-15,,carbon-pulse.com,English,China,1,11,eu_ets_strong;eu_context;carbon_terms=3,YES,1,"[""YES"", ""YES"", ""YES""]","[""Auction shortfall suggests tighter supply, likely to push prices higher in the short term."", ""Auction shortfall suggests tighter supply, likely pushing prices higher in short term."", ""Auction shortfall suggests tighter supply, likely to push prices higher in the short term.""]",8,1.0,0.8,0.8,"[8, 8, 8]"
1229,http://carbon-pulse.com/57210/,,EU Market : EUAs climb back above €18 to stay close to 10 - year high « Carbon Pulse,2018-08-17,,carbon-pulse.com,English,China,1,10,eu_ets_strong;eu_context;carbon_terms=2,YES,1,"[""YES"", ""YES"", ""YES""]","[""EU ETS prices near a 10-year high suggest strong market sentiment and potential for continued upward pressure."", ""EUAs nearing a 10-year high suggests strong market sentiment and potential for continued upward pressure."", ""EUAs nearing a 10-year high suggests strong market sentiment and potential for continued upward pressure.""]",8,1.0,0.8,0.8,"[8, 8, 8]"
1235,https://www.businessgreen.com/bg/news-analysis/3061375/rising-carbon-price-set-to-push-more-coal-off-the-grid,,Rising carbon price set to push more coal off the grid,2018-08-21,,businessgreen.com,English,United Kingdom,1,3,carbon_terms=2;energy_driver,YES,1,"[""YES"", ""YES"", ""YES""]","[""Higher carbon prices incentivize coal plants to shut down or reduce output, directly impacting EU ETS demand and pricing."", ""Higher carbon prices incentivize coal plants to retire or shift operations, reducing emissions and potentially stabilizing or increasing ETS prices."", ""Coal plants are likely to reduce operations as higher carbon prices increase their operational costs.""]",8,1.0,0.8,0.8,"[8, 8, 8]"
1241,https://www.businessgreen.com/bg/news/3061526/eu-carbon-price-clears-eur20-for-first-time-since-2008,,EU carbon price clears €20 for first time since 2008,2018-08-23,,businessgreen.com,English,United Kingdom,1,4,eu_context;carbon_terms=2,YES,1,"[""YES"", ""YES"", ""YES""]","[""Breaks 14-year low and signals potential upward momentum in EU ETS pricing."", ""Breaks long-term trend of low prices and signals potential upward momentum."", ""Breaks long-term trend of price volatility and signals renewed market confidence in carbon pricing.""]",8,1.0,0.8,0.8,"[8, 8, 8]"
1247,https://sciencebusiness.net/network-news/eua-condemns-hungarian-government-plan-ban-gender-studies,,EUA condemns Hungarian government plan to ban gender studies | Science,2018-08-27,,sciencebusiness.net,English,United Kingdom,1,6,eu_ets_strong,NO,-1,"[""NO"", ""NO"", ""NO""]","[""Policy on gender studies has minimal direct impact on EU ETS pricing mechanics."", ""Policy stance on gender studies is unlikely to directly affect EU ETS price dynamics."", ""Carbon trading is unlikely to be directly affected by a political decision on gender studies.""]",2,1.0,-0.2,-0.2,"[2, 2, 2]"
1253,https://www.prnewswire.com:443/news-releases/europe-and-asia-pacific-carbon-emissions-trading-market-2017-2024-featuring-eex-group-intercontinental-exchange-inc-korea-exchange--omf-300704733.html,,"Europe And Asia Pacific Carbon Emissions Trading Market 2017 - 2024 Featuring EEX Group , Intercontinental Exchange , Inc , Korea Exchange & OMF",2018-08-30,https://mma.prnewswire.com/media/732750/Research_and_Markets.jpg?p=facebook,prnewswire.com,English,United States,1,12,eu_ets_strong;eu_context;carbon_terms=5,NO,-1,"[""NO"", ""NO"", ""NO""]","[""Mentions market participants but lacks specific policy or price-driving events relevant to EU ETS."", ""Mentions market participants but lacks specific policy or price-driving events relevant to EU ETS."", ""Mentions past market data without current policy or trading dynamics, limiting predictive value.""]",3,1.0,-0.3,-0.3,"[3, 3, 3]"
1259,https://www.hedgeweek.com/2018/09/03/267918/eex-achieves-major-volume-increases-power-and-emissions,,EEX achieves major volume increases in power and emissions,2018-09-03,https://www.hedgeweek.com/sites/default/files/styles/facebook_200_square/public/image_library/Graphs/Green%20up-arrow.jpg,hedgeweek.com,English,United Kingdom,1,9,eu_ets_strong;carbon_terms=2;energy_driver,YES,1,"[""YES"", ""YES"", ""YES""]","[""Increased trading volume signals stronger market confidence and potential price pressure upward."", ""Increased trading volume suggests stronger market activity and potential price momentum."", ""Increased trading volume signals stronger market confidence and potential price pressure upward.""]",7,1.0,0.7,0.7,"[7, 7, 7]"
1265,https://uk.reuters.com/article/uk-poland-energy/planned-nuclear-plant-will-help-poland-meet-eu-emissions-target-minister-idUKKCN1LL10W,https://uk.mobile.reuters.com/article/amp/idUKKCN1LL10W,Planned nuclear plant will help Poland meet EU emissions target - minister,2018-09-05,https://s4.reutersmedia.net/resources_v2/images/rcom-default.png,uk.reuters.com,English,United States,1,4,eu_context;carbon_terms=2,YES,1,"[""YES"", ""YES"", ""YES""]","[""Poland\u2019s new nuclear plant could reduce emissions, potentially lowering EU ETS demand pressure in the medium term."", ""Poland\u2019s new nuclear plant could reduce emissions, potentially lowering EU ETS demand and pressuring prices short-term."", ""Poland\u2019s nuclear plant could reduce emissions, potentially lowering EU ETS demand pressure but also signaling long-term compliance strength.""]",7,1.0,0.7,0.7,"[7, 7, 7]"
1271,https://www.eco-business.com/opinion/chinas-carbon-market-needs-ambition/,,China carbon market needs ambition,2018-09-10,http://www.eco-business.com/media/cache/3f/c0/3fc04eb28ff8c750495149c41fbf69da.jpg,eco-business.com,English,China,1,2,carbon_terms=2,NO,-1,"[""NO"", ""NO"", ""NO""]","[""China\u2019s ambition may indirectly influence EU ETS via global carbon pricing trends but has limited direct short-term impact."", ""China\u2019s ambition may indirectly influence EU ETS via global carbon pricing trends but has limited direct short-term impact."", ""China\u2019s ambition may influence global carbon pricing trends, but short-term EU ETS price movement is unlikely to be directly affected.""]",3,1.0,-0.3,-0.3,"[3, 4, 3]"
1277,https://af.reuters.com/article/energyOilNews/idAFL5N1VZ3R6,,Poland to ask EU to examine CO2 price rally - PAP | Energy & Oil,2018-09-13,https://s4.reutersmedia.net/resources_v2/images/rcom-default.png,af.reuters.com,English,United States,1,4,eu_context;carbon_terms=1;energy_driver,YES,1,"[""YES"", ""YES"", ""YES""]","[""Poland\u2019s request may signal regulatory pressure that could influence EU ETS pricing dynamics."", ""Poland\u2019s request may signal regulatory pressure to stabilize or adjust the EU ETS, potentially influencing short-term price dynamics."", ""Poland\u2019s request may signal regulatory pressure that could influence EU ETS pricing dynamics.""]",7,1.0,0.7,0.7,"[7, 7, 7]"
1283,https://www.euractiv.com/section/energy-environment/opinion/what-will-be-the-future-of-the-eu-capacity-markets/,,What will be the future of the EU capacity markets ? ,2018-09-17,https://www.euractiv.com/wp-content/uploads/sites/2/2018/09/520040410_rendered.jpg,euractiv.com,English,United Kingdom,1,3,eu_context;carbon_terms=1,NO,-1,"[""NO"", ""NO"", ""NO""]","[""Capacity market reforms may indirectly affect ETS pricing via generation investment shifts but lack direct price linkage."", ""Capacity markets may influence ETS pricing indirectly via generation investment signals but are not a direct driver of short-term price movement."", ""Capacity market reforms could indirectly affect ETS prices via demand-side flexibility, but no direct price linkage is established.""]",5,1.0,-0.5,-0.5,"[5, 5, 5]"
1289,https://www.whatech.com/market-research/semiconductor-and-electronics/512016-global-emission-trading-schemes-market-report-just-published,https://www.whatech.com/market-research/semiconductor-and-electronics/512016-global-emission-trading-schemes-market-report-just-published/amp,Global emission trading schemes market report just published,2018-09-19,,whatech.com,English,United States,1,3,carbon_terms=3,YES,1,"[""YES"", ""YES"", ""YES""]","[""Market report could signal policy shifts or emissions trends affecting EU ETS pricing."", ""New market report may signal policy shifts or supply/demand changes affecting EU ETS."", ""New market report could influence investor sentiment and policy alignment across ETS jurisdictions.""]",7,1.0,0.7,0.7,"[7, 7, 7]"
1295,https://interestingengineering.com/diesel-car-emissions-in-europe-much-higher-than-testing-levels-says-study,https://amp.interestingengineering.com/diesel-car-emissions-in-europe-much-higher-than-testing-levels-says-study,"Diesel Car Emissions in Europe Much Higher Than Testing Levels , Says Study",2018-09-23,https://static.interestingengineering.com/images/SEPTEMBER/sizes/emissions_md.jpg,interestingengineering.com,English,United States,2,4,eu_context;carbon_terms=2,YES,1,"[""YES"", ""YES"", ""YES""]","[""Emissions testing loopholes may trigger stricter regulations, boosting carbon pricing."", ""Higher real-world emissions suggest potential regulatory tightening or carbon pricing adjustments."", ""Higher real-world emissions suggest regulatory tightening or market repricing of diesel compliance risk.""]",7,1.0,0.7,0.7,"[7, 7, 7]"
1301,https://af.reuters.com/article/energyOilNews/idAFL8N1WB2ME,,"EUROPE POWER - Prompt prices fall on more wind , nuclear supply | Energy & Oil",2018-09-25,https://s4.reutersmedia.net/resources_v2/images/rcom-default.png,af.reuters.com,English,United States,2,4,eu_context;carbon_terms=1;energy_driver,NO,-1,"[""NO"", ""NO"", ""NO""]","[""Increased wind and nuclear supply reduces fossil fuel reliance, likely lowering emissions and pressuring EU ETS prices."", ""Increased wind and nuclear supply reduces emissions, potentially lowering EU ETS price pressure."", ""Increased wind and nuclear supply reduces emissions, potentially lowering EU ETS price pressure.""]",6,1.0,-0.6,-0.6,"[6, 6, 6]"
1307,https://www.brettonwoodsproject.org/2018/09/carbon-finance-role-world-bank-carbon-trading-markets/,,Carbon finance : The role of the World Bank in carbon trading markets,2018-09-28,,brettonwoodsproject.org,English,United Kingdom,1,3,carbon_terms=3,NO,-1,"[""NO"", ""NO"", ""NO""]","[""World Bank\u2019s involvement is more about funding and policy support than direct price manipulation in EU ETS."", ""World Bank involvement may influence policy but has limited direct short-term impact on EU ETS price volatility."", ""World Bank\u2019s involvement may influence policy but has limited direct short-term impact on EU ETS price.""]",3,1.0,-0.3,-0.3,"[3, 3, 3]"
1313,https://www.euractiv.com/section/climate-environment/news/eu-business-lobby-to-champion-climate-status-quo-leak/,,EU business lobby to champion climate status quo – leak – EURACTIV . com,2018-10-04,https://www.euractiv.com/wp-content/uploads/sites/2/2018/03/Fabius_hammer_COP21-800x450.jpg,euractiv.com,English,United Kingdom,1,2,eu_context,NO,-1,"[""NO"", ""NO"", ""NO""]","[""Business lobbying may delay reforms but doesn't signal immediate price collapse."", ""Business lobby resistance may dampen policy momentum but unlikely to trigger immediate price swings."", ""Business lobbying to preserve status quo may dampen price momentum but not decisively reverse trends.""]",3,1.0,-0.3,-0.3,"[3, 3, 3]"
1319,http://carbon-pulse.com/60729/,,"Poland to compensate for higher EUA prices , repeats call for ETS intervention « Carbon Pulse",2018-10-12,,carbon-pulse.com,English,China,1,10,eu_ets_strong;eu_context;carbon_terms=2,YES,1,"[""YES"", ""YES"", ""YES""]","[""Poland\u2019s compensation plan may increase demand for EUAs, supporting short-term price stability."", ""Poland\u2019s compensation plan may increase demand for EUAs, supporting short-term price stability."", ""Poland\u2019s compensation plan may increase demand for EUAs, supporting short-term price stability.""]",7,1.0,0.7,0.7,"[7, 7, 7]"
1325,http://econews.com.au/58929/no-deal-brexit-would-exclude-uk-from-eus-emissions-trading-system/,,No - deal Brexit would exclude united kingdom from EU emissions trading system,2018-10-15,http://econews.com.au/wp-content/uploads/2016/07/UKEU-flags-Brexit.jpg,econews.com.au,English,Australia,1,11,eu_ets_strong;eu_context;carbon_terms=3,NO,-1,"[""NO"", ""NO"", ""NO""]","[""Brexit exclusion risks triggering market uncertainty and potential price volatility in EU ETS due to UK\u2019s historical carbon trading participation."", ""Brexit exclusion risks market disruption and could trigger price volatility in EU ETS due to reduced trading volume and regulatory uncertainty."", ""Brexit exclusion risks market disruption and could trigger short-term volatility in EU ETS prices due to reduced trading volume and regulatory uncertainty.""]",8,1.0,-0.8,-0.8,"[8, 8, 7]"
1331,https://www.businesstimes.com.sg/opinion/now-is-the-time-for-asia-pacific-and-europe-to-cosy-up,https://www.businesstimes.com.sg/opinion/now-is-the-time-for-asia-pacific-and-europe-to-cosy-up?amp,Now is the time for Asia - Pacific and Europe to cosy up,2018-10-17,https://www.businesstimes.com.sg/sites/all/themes/custom/businesstimes/images/BTdefault800.png,businesstimes.com.sg,English,Singapore,1,2,eu_context,NO,-1,"[""NO"", ""NO"", ""NO""]","[""Regional cooperation may ease regulatory friction but doesn\u2019t guarantee ETS price movement."", ""Regional cooperation may ease carbon pricing divergence but doesn\u2019t guarantee short-term ETS price movement."", ""Regional cooperation may ease carbon pricing divergence but doesn\u2019t guarantee short-term ETS price movement.""]",5,1.0,-0.5,-0.5,"[5, 5, 5]"
1337,https://www.thecourier.co.uk/fp/business/business-news/747620/sse-warns-hammond-not-to-cut-carbon-price/,https://www.thecourier.co.uk/fp/business/business-news/747620/sse-warns-hammond-not-to-cut-carbon-price/amp/,SSE warns Hammond not to cut carbon price,2018-10-19,https://www.thecourier.co.uk/wp-content/uploads/sites/12/2018/10/5bc8a363f14fe-815x564.jpg,thecourier.co.uk,English,United Kingdom,1,2,carbon_terms=2,NO,-1,"[""NO"", ""NO"", ""NO""]","[""SSE\u2019s warning may signal market concerns but lacks direct regulatory or emission data to confirm short-term price direction."", ""SSE\u2019s warning may reflect market sentiment but lacks direct causal link to EU ETS price movement."", ""SSE\u2019s warning suggests regulatory or market intervention may be needed, but lacks clear short-term price direction.""]",5,1.0,-0.5,-0.5,"[5, 5, 5]"
1343,https://af.reuters.com/article/energyOilNews/idAFL8N1X3251,,EUROPE POWER - Spot prices climb on forecast drop in wind generation | Energy & Oil,2018-10-23,https://s4.reutersmedia.net/resources_v2/images/rcom-default.png,af.reuters.com,English,United States,2,4,eu_context;carbon_terms=1;energy_driver,YES,1,"[""YES"", ""YES"", ""YES""]","[""Wind generation shortfall boosts demand for carbon credits, pushing EU ETS prices higher."", ""Wind generation shortfall boosts demand and tightens supply, pushing prices higher."", ""Wind generation shortfall boosts demand, pushing spot prices higher.""]",7,1.0,0.7,0.7,"[7, 7, 7]"
1349,http://www.sbwire.com/press-releases/membrane-bioreactor-market/release-1072675.htm,http://www.sbwire.com/press-releases/amp/membrane-bioreactor-market/release-1072675.htm,"Global ( United States , European Union and China ) Membrane Bioreactor Market Research Report 2018 - 202",2018-10-25,http://media.releasewire.com/photos/show/?id=156373,sbwire.com,English,United States,2,3,eu_context;carbon_terms=1,NO,-1,"[""NO"", ""NO"", ""NO""]","[""Carbon trading impacts are indirect and unrelated to membrane bioreactor market trends."", ""Carbon trading relevance is indirect and speculative due to lack of direct ETS linkage to membrane bioreactor markets."", ""Carbon trading relevance is indirect and long-term, not tied to immediate EU ETS price movements.""]",2,1.0,-0.2,-0.2,"[2, 2, 2]"
1355,http://today.az/news/business/175311.html,,Today . Az - European Commission talks on clean energy transition and Southern Gas Corridor,2018-10-27,http://www.today.az/pictures/pic175311.jpg,today.az,English,Azerbaijan,2,3,eu_context;energy_driver,NO,-1,"[""NO"", ""NO"", ""NO""]","[""EU ETS price unlikely to react sharply to Commission talks without concrete policy or regulatory shifts."", ""EU ETS price unlikely to react sharply to Commission talks without concrete policy or regulatory updates."", ""EU ETS price unlikely to react sharply to Commission talks without concrete policy or regulatory updates.""]",3,1.0,-0.3,-0.3,"[3, 3, 3]"
1361,https://af.reuters.com/article/energyOilNews/idAFL8N1X95UP,,UPDATE 1 - UK could cut CO2 tax from 2021 - 22 if total carbon price remains high | Energy & Oil,2018-10-29,https://s4.reutersmedia.net/resources_v2/images/rcom-default.png,af.reuters.com,English,United States,1,3,carbon_terms=2;energy_driver,NO,-1,"[""NO"", ""NO"", ""NO""]","[""UK carbon tax cut may reduce demand for EU ETS allowances if carbon price remains high, creating downward pressure."", ""UK tax cuts may reduce demand for carbon allowances, but high EU ETS prices could offset this by increasing cross-border carbon intensity arbitrage."", ""UK carbon tax cut may reduce demand for EU ETS compliance, but high carbon prices could offset this by maintaining market pressure.""]",7,1.0,-0.7,-0.7,"[7, 7, 7]"
1367,https://www.mysanantonio.com/news/world/article/Eurozone-inflation-spikes-to-near-6-year-high-13350621.php,https://www.mysanantonio.com/news/world/amp/Eurozone-inflation-spikes-to-near-6-year-high-13350621.php,Eurozone inflation near 6 - year high as oil price spikes,2018-10-31,https://s.hdnux.com/photos/76/51/67/16424446/5/rawImage.jpg,mysanantonio.com,English,United States,2,4,eu_context;carbon_terms=1;energy_driver,YES,1,"[""YES"", ""YES"", ""YES""]","[""Inflation surge and oil price spikes increase demand for carbon allowances, likely pushing EU ETS prices higher."", ""Inflation spikes and oil price surges typically pressure EU ETS prices as firms face higher energy costs and adjust emissions trading strategies."", ""Inflation spikes and oil price surges typically drive up EU ETS prices as emissions-intensive sectors face higher operating costs, increasing demand for carbon allowances.""]",8,1.0,0.8,0.8,"[8, 8, 8]"
1373,https://www.businesstimes.com.sg/energy-commodities/deutsche-boerse-launches-eex-asia-in-singapore,https://www.businesstimes.com.sg/energy-commodities/deutsche-boerse-launches-eex-asia-in-singapore?amp,Deutsche Boerse launches EEX Asia in Singapore,2018-11-02,https://www.businesstimes.com.sg/sites/all/themes/custom/businesstimes/images/BTdefault800.png,businesstimes.com.sg,English,Singapore,2,6,eu_ets_strong,NO,-1,"[""NO"", ""NO"", ""NO""]","[""EEX Asia\u2019s launch may attract Asian buyers but doesn\u2019t directly impact EU ETS pricing mechanics or current market sentiment."", ""EEX Asia\u2019s launch may signal regional expansion but has limited immediate impact on EU ETS pricing."", ""EEX Asia\u2019s launch may signal regional expansion but doesn\u2019t directly impact EU ETS price mechanics.""]",3,1.0,-0.3,-0.3,"[3, 3, 3]"
1379,https://www.power-technology.com/contractors/events/new-build-south-east-europe/,,New Build South - East Europe - Power Technology,2018-11-04,https://www.power-technology.com/wp-content/uploads/sites/7/2017/09/main-2341.jpg,power-technology.com,English,United Kingdom,2,3,eu_context;energy_driver,NO,-1,"[""NO"", ""NO"", ""NO""]","[""Limited direct impact on EU ETS due to regional scope and non-EU location."", ""Limited direct impact on EU ETS due to regional scope and lack of specific policy linkage."", ""Lacks direct link to EU ETS market dynamics or carbon pricing mechanisms.""]",3,1.0,-0.3,-0.3,"[3, 3, 3]"
1385,https://www.ssuchronicle.com/2018/11/06/europe-biogas-market-key-participants-are-envitech-schmack-ies-biogas-agrinz-technologies-agraferm-technologies-ag/,,"Europe Biogas Market Key Participants Are EnviTech , Schmack , IES Biogas , Agrinz Technologies , Agraferm Technologies AG",2018-11-06,,ssuchronicle.com,English,United States,2,4,eu_context;carbon_terms=1;energy_driver,NO,-1,"[""NO"", ""NO"", ""NO""]","[""Biogas market participants are not direct drivers of EU ETS price volatility."", ""Biogas market participants are not directly tied to EU ETS price drivers like emissions caps or compliance mechanisms."", ""Biogas market participants are not directly tied to EU ETS price drivers like emissions caps or compliance obligations.""]",3,1.0,-0.3,-0.3,"[2, 3, 3]"
1391,https://www.openpr.com/news/1356979/Europe-Biogas-Market-Key-participants-in-Europe-biogas-market-includes-EnviTech-Schmack-IES-Biogas-Agrinz-Technologies-Agraferm-Technologies-AG-BDI-Bioenergy-International-Weltec-BTS-biogas.html,,"Europe Biogas Market Key participants in Europe biogas market includes EnviTech , Schmack , IES Biogas , Agrinz Technologies , Agraferm Technologies AG , BDI - Bioenergy International , Weltec , BTS - biogas",2018-11-08,,openpr.com,English,United States,2,4,eu_context;carbon_terms=1;energy_driver,NO,-1,"[""NO"", ""NO"", ""NO""]","[""Biogas market participants alone do not signal short-term EU ETS price movement without context on policy, emissions, or trading volume."", ""Biogas market participants alone don't signal short-term EU ETS price movement without context on policy, emissions, or trading volume."", ""Biogas market participants are not direct drivers of EU ETS price volatility.""]",3,1.0,-0.3,-0.3,"[3, 3, 3]"
1397,http://www.ekklesia.co.uk/node/27155,,Ekklesia | Europe third largest insurance company turns away from coal,2018-11-10,,ekklesia.co.uk,English,United Kingdom,2,3,eu_context;energy_driver,YES,1,"[""YES"", ""YES"", ""YES""]","[""Insurance sector divestment from coal signals growing ETS compliance pressure and may boost carbon price via demand-side tightening."", ""Insurance sector divestment from coal signals growing ETS demand and carbon pricing support."", ""Insurance sector divestment from coal signals structural demand shift in EU ETS markets.""]",7,1.0,0.7,0.7,"[7, 7, 7]"
1403,https://www.ssuchronicle.com/2018/11/12/europe-boiler-market-2018-2024-top-key-players-grundfos-bdr-thermea-group-daikin-lennox-hovalm-slant-fin-corporation-viessmann-bradford-white-corporation/,,"Europe Boiler Market 2018 - 2024 Top Key Players – Grundfos , BDR Thermea Group , Daikin , Lennox , Hovalm , Slant / Fin Corporation , Viessmann , Bradford White Corporation",2018-11-12,,ssuchronicle.com,English,United States,2,4,eu_context;carbon_terms=1;energy_driver,NO,-1,"[""NO"", ""NO"", ""NO""]","[""Boiler market players are not direct ETS emitters; their activity may indirectly affect emissions, but no immediate price signal is implied."", ""Boiler market players listed are not directly tied to EU ETS price drivers like emissions caps or regulatory shifts."", ""Boiler market players are not direct ETS participants and their performance has minimal short-term impact on carbon price dynamics.""]",2,1.0,-0.2,-0.2,"[2, 2, 2]"
1409,http://www.climatechangenews.com/2018/11/14/eu-must-not-blindly-sign-weak-aviation-carbon-market/,,EU must not blindly sign up to a weak aviation carbon market,2018-11-14,http://www.climatechangenews.com/files/2014/12/plane.jpg,climatechangenews.com,English,France,1,4,eu_context;carbon_terms=2,NO,-1,"[""NO"", ""NO"", ""NO""]","[""Policy backlash may trigger regulatory adjustments that dampen market confidence."", ""Rationale: Policy backlash against weak aviation rules may trigger regulatory tightening or market skepticism, affecting ETS demand."", ""Policy backlash may delay or weaken aviation market design, impacting short-term price volatility.""]",7,1.0,-0.7,-0.7,"[7, 7, 7]"
1415,https://uk.reuters.com/article/europe-electricity/europe-power-german-prompt-tumbles-on-forecast-rise-in-wind-output-idUKL8N1XQ4NY,https://uk.mobile.reuters.com/article/amp/idUKL8N1XQ4NY,EUROPE POWER - German prompt tumbles on forecast rise in wind output,2018-11-16,https://s4.reutersmedia.net/resources_v2/images/rcom-default.png,uk.reuters.com,English,United States,1,3,eu_context;energy_driver,NO,-1,"[""NO"", ""NO"", ""NO""]","[""Wind output forecast rise may slightly depress prices due to increased supply, but short-term volatility dominates."", ""Wind output forecast rise may slightly dampen price pressure but not decisively alter short-term trend."", ""Wind output forecast rise may slightly depress prices due to increased supply expectations.""]",4,1.0,-0.4,-0.4,"[4, 5, 3]"
1421,https://forextv.com/top-news/europe-and-north-america-growth-opportunities-for-pipe-coatings-in-oil-and-gas-and-water-and-wastewater-markets-2018-2022-with-2017-as-the-base-year/,https://forextv.com/top-news/europe-and-north-america-growth-opportunities-for-pipe-coatings-in-oil-and-gas-and-water-and-wastewater-markets-2018-2022-with-2017-as-the-base-year/amp/,"Europe and North America Growth Opportunities for Pipe Coatings in Oil and Gas and Water and Wastewater Markets , 2018 - 2022 with 2017 as the Base Year",2018-11-22,,forextv.com,English,United States,2,4,eu_context;carbon_terms=1;energy_driver,NO,-1,"[""NO"", ""NO"", ""NO""]","[""Pipe coatings demand may indirectly affect infrastructure spending, but no direct link to EU ETS pricing mechanisms."", ""Pipe coatings are a niche segment with limited direct link to EU ETS price dynamics."", ""Pipe coatings are a niche segment with limited direct impact on EU ETS price dynamics.""]",2,1.0,-0.2,-0.2,"[2, 2, 2]"
1427,https://advancedbiofuelsusa.info/european-parliament-admits-role-of-biomethane-to-decarbonize-mobility/,,European Parliament Admits Role of Biomethane to Decarbonize Mobility – Advanced BioFuels united states ,2018-11-24,,advancedbiofuelsusa.info,English,United States,2,3,eu_context;carbon_terms=1,NO,-1,"[""NO"", ""NO"", ""NO""]","[""Biomethane\u2019s role in decarbonizing mobility may influence EU ETS pricing indirectly via fuel substitution, but current policy signals are not yet strong enough to trigger a short-term price shift."", ""Biomethane\u2019s inclusion in EU decarbonization plans may modestly support ETS prices but lacks immediate policy-driven momentum."", ""Biomethane\u2019s role in decarbonizing mobility may influence EU ETS pricing indirectly via sectoral emissions targets, but no immediate price impact is expected.""]",5,1.0,-0.5,-0.5,"[5, 5, 5]"
1433,https://www.business-humanrights.org/en/business-leaders-urge-eu-to-ensure-climate-targets-are-aligned-with-just-transition-to-net-zero-emissions,,Business leaders urge EU to ensure climate targets are aligned with just transition to net - zero emissions,2018-11-26,https://www.business-humanrights.org/sites/all/themes/businesshumanrights/assets/public/assets/images/og-img.png,business-humanrights.org,English,United States,2,4,eu_context;carbon_terms=2,YES,1,"[""YES"", ""YES"", ""YES""]","[""Policy alignment may boost ETS demand as firms commit to compliance."", ""Policy alignment may boost ETS demand as firms seek compliance certainty."", ""Policy alignment may boost ETS demand as firms commit to compliance.""]",7,1.0,0.7,0.7,"[7, 7, 7]"
1439,https://www.euractiv.com/section/energy/news/energy-companies-issue-joint-call-for-eu-carbon-price-floor/,,Energy companies issue joint call for EU carbon price floor,2018-11-28,https://www.euractiv.com/wp-content/uploads/sites/2/2018/11/Offshore_wind_Orsted-800x450.jpg,euractiv.com,English,United Kingdom,1,4,eu_context;carbon_terms=2,YES,1,"[""YES"", ""YES"", ""YES""]","[""Joint calls for a price floor signal strong market demand and could push prices upward."", ""Joint industry calls for a price floor signal strong market demand and could drive upward pressure on EU ETS prices."", ""Joint calls for a price floor signal strong market demand and regulatory pressure to stabilize or increase carbon prices.""]",8,1.0,0.8,0.8,"[8, 8, 8]"
1445,http://today.az/news/regions/176524.html,,Today . Az - Eurogas : Gas is efficient low - cost solution for quick decarbonization in all areas,2018-11-30,http://www.today.az/pictures/pic176524.jpg,today.az,English,Azerbaijan,2,4,eu_context;carbon_terms=1;energy_driver,NO,-1,"[""NO"", ""NO"", ""NO""]","[""Gas\u2019s efficiency as a decarbonization tool may slightly influence ETS pricing, but not decisively short-term."", ""Gas as a low-cost decarbonization solution may temporarily support demand, but EU ETS pricing is more influenced by policy and cap adjustments than short-term gas efficiency narratives."", ""Gas\u2019s efficiency and low cost may temporarily offset carbon pricing pressure but doesn\u2019t signal a short-term ETS price surge.""]",3,1.0,-0.3,-0.3,"[3, 3, 3]"
1451,https://faircolumnist.com/air-and-gas-leak-detectors-market-2018-scope-applications-demand-supply-statistics-with-growth-forecast-to-2023/,,"Air and Gas Leak Detectors Market 2018 Scope , Applications , Demand , Supply Statistics With Growth Forecast To 2023 – Fair Columnist",2018-12-02,,faircolumnist.com,English,,2,2,carbon_terms=1;energy_driver,NO,-1,"[""NO"", ""NO"", ""NO""]","[""Irrelevant to EU ETS pricing as it pertains to industrial leak detection markets, not direct carbon pricing or emissions trading."", ""Irrelevant to EU ETS pricing as it pertains to industrial leak detection markets, not direct carbon emissions trading."", ""Irrelevant to EU ETS pricing as it pertains to industrial leak detection markets, not direct carbon emissions trading.""]",2,1.0,-0.2,-0.2,"[2, 2, 2]"
1457,https://www.insidehighered.com/news/2018/12/04/central-european-university-forced-out-hungary-moving-vienna,,"Central European University is forced out of Hungary , moving to Vienna",2018-12-04,,insidehighered.com,English,United States,1,2,eu_context,NO,-1,"[""NO"", ""NO"", ""NO""]","[""Political realignment and relocation may trigger minor market sentiment shifts but lacks direct carbon pricing linkage."", ""Political realignment in Hungary may affect carbon policy stability, but no direct link to EU ETS pricing."", ""Political realignment in Hungary may indirectly affect carbon policy, but no direct link to EU ETS pricing.""]",2,1.0,-0.2,-0.2,"[2, 2, 2]"
1463,https://neweralive.na/posts/carbon-markets-will-trading-lessen-or-worsen-climate-change-impacts,https://neweralive.na/amp/carbon-markets-will-trading-lessen-or-worsen-climate-change-impacts,Carbon markets : Will trading lessen or worsen climate change impacts ? ,2018-12-07,https://neweralive.na/uploads/2018/11/Carbon.png,neweralive.na,English,,1,3,carbon_terms=3,NO,-1,"[""NO"", ""NO"", ""NO""]","[""Carbon trading may incentivize emissions reductions but could also lead to market distortions or carbon leakage if not properly designed."", ""Carbon trading may incentivize emissions reductions but can also lead to market-based loopholes that undermine climate goals."", ""Carbon trading may incentivize emissions reductions but doesn't guarantee overall climate impact improvement.""]",5,1.0,-0.5,-0.5,"[5, 5, 5]"
1469,https://www.investegate.co.uk/arcelormittal-s-a-/gnw/arcelormittal-call-for-green-border-adjustment-to-address-climate-change-while-securing-the-competitiveness-of-european-steel-mills/20181211120410H9959/,,FE Investegate |ArcelorMittal S . A . Announcements | ArcelorMittal S . A .: ArcelorMittal call for green border adjustment to address climate change while securing the competitiveness of European steel mills,2018-12-11,,investegate.co.uk,English,United Kingdom,1,2,eu_context,NO,-1,"[""NO"", ""YES"", ""NO""]","[""Green border adjustment proposals may influence EU ETS compliance costs and trade dynamics for steel producers."", ""Green border adjustment proposals can influence EU ETS pricing by altering trade dynamics and compliance costs for steel producers."", ""Green border adjustment proposals may influence EU ETS pricing via carbon pricing policy shifts, but direct impact on steel prices is uncertain.""]",6,0.6666666666666666,-0.6,-0.3999999999999999,"[6, 7, 6]"
1475,http://europa.eu/rapid/press-release_IP-18-6824_en.htm,,European Commission - PRESS RELEASES - Press release - UN Climate talks : EU plays instrumental role in making the Paris Agreement operational,2018-12-16,,europa.eu,English,Greece,1,2,eu_context,NO,-1,"[""NO"", ""NO"", ""NO""]","[""EU\u2019s role in operationalizing Paris Agreement may indirectly influence future policy, but not immediate ETS price movement."", ""EU's role in operationalizing Paris Agreement may indirectly influence future carbon pricing policy but doesn't signal immediate ETS price movement."", ""EU\u2019s role in operationalizing the Paris Agreement may indirectly influence future carbon pricing, but immediate ETS price impact is unlikely.""]",3,1.0,-0.3,-0.3,"[3, 3, 3]"
1481,https://finanza.repubblica.it/Bloomberg/2018/12/18/eu_to_rule_out_%E2%80%98managed_no_deal%E2%80%99%C2%A0as_bloc_boosts_brexit_planning-PJW4EQ6TTDS001_BLF/,,EU to Rule Out  Managed No - Deal  as Bloc Boosts Brexit Planning - Economia e Finanza,2018-12-18,https://assets.bwbx.io/images/users/iqjWHBFdfxIU/iFkHiOassx3Q/v0/pi0TFsqn_N8siPbzgcJYQlLw/-1x-1.jpg,finanza.repubblica.it,English,Kosovo,1,2,eu_context,NO,-1,"[""NO"", ""NO"", ""NO""]","[""Brexit planning intensification may dampen market uncertainty, potentially supporting ETS prices via reduced risk premiums."", ""Brexit planning intensification may signal reduced risk of no-deal, potentially stabilizing or slightly lowering ETS prices."", ""Brexit planning gains may slightly dampen ETS volatility but doesn\u2019t signal major policy shifts.""]",6,1.0,-0.6,-0.6,"[6, 6, 5]"
1487,http://www.etribuna.com/eportale/it/2014-03-20-23-48-00/32468-oecd-eu-emissions-trading-system-does-not-hurt-firms-profitability,/eportale/it/2014-03-20-23-48-00/32468-oecd-eu-emissions-trading-system-does-not-hurt-firms-profitability/amp,Oecd - EU Emissions Trading System does not hurt firm profitability,2018-12-20,,etribuna.com,English,Italy,1,11,eu_ets_strong;eu_context;carbon_terms=3,NO,-1,"[""NO"", ""NO"", ""NO""]","[""May suggest limited short-term price pressure but doesn\u2019t imply a major shift in market dynamics."", ""Suggests ETS may not impose significant cost pressure, but doesn't confirm long-term price trends or firm-level profitability effects."", ""May indicate regulatory leniency but doesn't guarantee price stability or firm-level profit gains.""]",5,1.0,-0.5,-0.5,"[5, 5, 5]"
1493,https://www.financialbuzz.com/royal-dutch-shell-plc-notification-and-public-disclosure-in-accordance-with-the-requirements-of-the-eu-market-abuse-regulation-of-transactions-by-persons-discharging-managerial-responsibilities-127010/,,Royal Dutch Shell plc : Notification and Public Disclosure in Accordance With the Requirements of the EU Market Abuse Regulation of Transactions by Persons Discharging Managerial Responsibilities,2018-12-23,,financialbuzz.com,English,United States,2,3,eu_context;carbon_terms=1,NO,-1,"[""NO"", ""NO"", ""NO""]","[""Shell\u2019s compliance with EU Market Abuse Regulation does not directly affect EU ETS price dynamics."", ""No direct impact on EU ETS pricing as it pertains to market abuse regulations, not carbon emissions or trading."", ""No direct impact on EU ETS pricing as it pertains to market abuse regulation, not emissions or trading activity.""]",2,1.0,-0.2,-0.2,"[2, 2, 2]"
1499,http://atwonline.com/government-affairs/european-commission-offers-no-deal-brexit-contingency-plan,,European Commission offers no - deal Brexit contingency plan,2018-12-25,http://atwonline.com/site-files/atwonline.com/files/uploads/2018/12/no-deal-brexit-lightning-getty.jpg,atwonline.com,English,United States,1,2,eu_context,NO,-1,"[""NO"", ""NO"", ""NO""]","[""Brexit contingency plans may influence market uncertainty and regulatory alignment, potentially affecting ETS pricing."", ""Brexit uncertainty may dampen investor confidence, but the absence of a contingency plan could also signal a more stable regulatory approach."", ""Brexit contingency plans may influence market sentiment but lack immediate price impact without concrete policy details.""]",5,1.0,-0.5,-0.5,"[6, 5, 5]"
1505,https://dailyresearchnews.us/global-biomass-pellets-market-2019-market-us/,https://dailyresearchnews.us/global-biomass-pellets-market-2019-market-us/amp/,"Global Biomass Pellets Market Growth by 2028 : Leading Companies - EU Pellets , Enviva , Sinopeak",2018-12-27,https://dailyresearchnews.us/wp-content/uploads/2018/12/knOiuPGA8Kkj5YJuPWUMqdVG1xuVsKvzWb57C3sT.jpeg,dailyresearchnews.us,English,,2,3,eu_context;carbon_terms=1,NO,-1,"[""NO"", ""NO"", ""NO""]","[""Biomass pellet growth may indirectly support EU ETS demand but doesn\u2019t signal immediate price movement."", ""Biomass pellet growth may indirectly affect EU ETS via demand for carbon credits, but no direct price impact is implied."", ""Biomass pellet growth may indirectly affect EU ETS via carbon intensity trends but lacks direct price linkage.""]",3,1.0,-0.3,-0.3,"[3, 4, 3]"
1511,http://www.digitaljournal.com/pr/4089080,,"Trekking Poles Market Overview 2018 - 2025 by Top Key Players Like Black Diamond , Komperdell , Leki , Mountainsmith , MSR - Press Release",2018-12-29,,digitaljournal.com,English,United States,2,7,eu_ets_strong;carbon_terms=1,NO,-1,"[""NO"", ""NO"", ""NO""]","[""Trekking poles market trends have negligible direct impact on EU ETS pricing due to low carbon intensity and minimal emissions linkage."", ""Irrelevant to EU ETS as it pertains to consumer goods, not carbon-intensive industries."", ""Trekking poles market trends have negligible direct impact on EU ETS pricing due to low carbon intensity and minimal emissions linkage.""]",1,1.0,-0.1,-0.1,"[1, 1, 1]"
1517,https://www.gov.uk/guidance/participating-in-the-eu-ets,,Participating in the EU Emissions Trading System ( EU ETS ) ,2019-01-01,https://assets.publishing.service.gov.uk/static/opengraph-image-a1f7d89ffd0782738b1aeb0da37842d8bd0addbd724b8e58c3edbc7287cc11de.png,gov.uk,English,United Kingdom,1,11,eu_ets_strong;eu_context;carbon_terms=3,NO,-1,"[""NO"", ""NO"", ""NO""]","[""Participation in EU ETS is a compliance requirement, not a speculative trading signal, so it has limited direct impact on short-term price volatility."", ""Participation in EU ETS does not directly determine short-term price direction; it reflects compliance behavior rather than market supply/demand dynamics."", ""Participation in EU ETS does not directly drive price movement but reflects market sentiment and regulatory compliance.""]",3,1.0,-0.3,-0.3,"[3, 3, 3]"
1523,https://yle.fi/uutiset/osasto/news/electricity_consumption__and_prices__up_in_2018/10582202,,Electricity consumption – and prices – up in 2018,2019-01-04,https://img.yle.fi/uutiset/kotimaa/article9500407.ece/ALTERNATES/w940h529/9_3_Jari-J%C3%A4rvinen_20170307_123253.jpg,yle.fi,English,Finland,1,2,carbon_terms=1;energy_driver,NO,-1,"[""NO"", ""NO"", ""NO""]","[""Electricity consumption and prices rising in 2018 may reflect seasonal demand or policy-driven shifts, but lacks direct link to EU ETS market mechanics."", ""Electricity consumption and prices rising in 2018 may reflect seasonal or policy-driven demand, but without specific ETS-linked data, it\u2019s hard to gauge direct price impact."", ""Electricity consumption and prices rising in 2018 may reflect seasonal or policy-driven demand, not necessarily a structural shift in EU ETS pricing.""]",3,1.0,-0.3,-0.3,"[3, 3, 3]"
1529,https://www.forbes.com/sites/mfonobongnsehe/2015/04/09/the-french-man-who-built-a-10-million-carbon-trading-company-in-africa/,,The French Man Who Built A $10 Million Carbon Trading Company In Africa,2019-01-09,https://blogs-images.forbes.com/mfonobongnsehe/files/2015/04/Fabrice-linked-in.jpg,forbes.com,English,United States,1,2,carbon_terms=2,NO,-1,"[""NO"", ""NO"", ""NO""]","[""A single individual\u2019s success in Africa does not signal systemic EU ETS price movement."", ""A single entrepreneur\u2019s success in Africa does not signal broader EU ETS market trends."", ""A single individual\u2019s success in Africa does not signal broader EU ETS market trends.""]",2,1.0,-0.2,-0.2,"[2, 2, 2]"
1535,https://uk.reuters.com/article/uk-eu-carbon-poll/analysts-raise-eu-carbon-price-forecasts-warn-of-short-term-brexit-jitters-reuters-poll-idUKKCN1PA1CM,https://uk.mobile.reuters.com/article/amp/idUKKCN1PA1CM,"Analysts raise EU carbon price forecasts , warn of short - term Brexit jitters - Reuters poll",2019-01-16,https://s2.reutersmedia.net/resources/r/?m=02&d=20190116&t=2&i=1346386193&r=LYNXNPEF0F0V4,uk.reuters.com,English,United States,1,4,eu_context;carbon_terms=2,YES,1,"[""YES"", ""YES"", ""YES""]","[""Brexit-related market volatility may temporarily spike prices as traders react to regulatory uncertainty."", ""Brexit-related market volatility could temporarily spike EU ETS prices as traders react to regulatory uncertainty."", ""Brexit-related market volatility may temporarily spike prices as traders reassess risk exposure.""]",7,1.0,0.7,0.7,"[7, 7, 7]"
1541,https://www.thenews.com.pk/print/420345-europe-prepares-for-brexit,https://www.thenews.com.pk/amp/420345-europe-prepares-for-brexit,Europe prepares for Brexit,2019-01-18,https://static.thenews.com.pk/uploads/akhbar/2019-01-18/l_420345_052517_updates.jpg,thenews.com.pk,English,Pakistan,1,2,eu_context,NO,-1,"[""NO"", ""NO"", ""NO""]","[""Brexit uncertainty may disrupt EU ETS compliance and trading, but short-term price impact is likely muted without immediate policy changes."", ""Brexit uncertainty may disrupt EU ETS compliance and trade, but short-term price impact is likely muted."", ""Brexit uncertainty could disrupt EU ETS compliance and trade, but short-term price impact is likely muted without immediate policy changes.""]",5,1.0,-0.5,-0.5,"[5, 5, 5]"
1547,http://mondaq.com/uk/x/773776/Constitutional+Administrative+Law/Brexit+And+The+EU+ETS+10+Things+To+Consider,,"Brexit And The EU ETS – 10 Things To Consider - Government , Public Sector",2019-01-21,,mondaq.com,English,United States,1,8,eu_ets_strong;eu_context,NO,-1,"[""NO"", ""NO"", ""NO""]","[""Brexit-related policy shifts may affect EU ETS compliance costs and market dynamics for UK entities."", ""Brexit-related policy shifts may affect EU ETS compliance and carbon pricing, but short-term direction is uncertain due to ongoing regulatory adjustments."", ""Brexit-related policy shifts may influence EU ETS compliance costs but are not yet decisive for short-term price direction.""]",6,1.0,-0.6,-0.6,"[6, 6, 5]"
1553,https://www.openpr.com/news/1523431/Europe-Boiler-Market-Growth-Analysis-2024-by-Top-Industry-Players-Bradford-White-Siemens-Weil-McLain-A-O-Smith-Corporation-Bosch-Lennox-Daikin-North-America-Viessmann.html,,"Europe Boiler Market Growth Analysis 2024 by Top Industry Players Bradford White , Siemens , Weil - McLain , A . O . Smith Corporation , Bosch , Lennox , Daikin North America , Viessmann",2019-01-23,,openpr.com,English,United States,2,4,eu_context;carbon_terms=1;energy_driver,NO,-1,"[""NO"", ""NO"", ""NO""]","[""Boiler market growth is unlikely to directly influence EU ETS prices in the short term."", ""Boiler market growth is unlikely to directly impact EU ETS prices unless tied to emissions reductions or regulatory changes."", ""Boiler market growth is not directly correlated with EU ETS price movements as it\u2019s driven by demand, efficiency, and regional regulations rather than carbon pricing alone.""]",3,1.0,-0.3,-0.3,"[2, 3, 3]"
1559,http://ens-newswire.com/2019/01/24/oecd-firms-thrive-under-eus-emissions-trading-system/,, – OECD : Firms Thrive Under EU Emissions Trading System,2019-01-25,,ens-newswire.com,English,United States,1,11,eu_ets_strong;eu_context;carbon_terms=3,YES,1,"[""YES"", ""YES"", ""NO""]","[""OECD\u2019s praise suggests improved market efficiency and firm performance, potentially boosting ETS demand."", ""OECD\u2019s positive assessment suggests potential market confidence and policy support, which may lift EU ETS prices short-term."", ""OECD\u2019s praise may reflect operational success but doesn\u2019t signal imminent price volatility or structural shifts in EU ETS.""]",7,0.6666666666666666,0.7,0.4666666666666666,"[7, 7, 5]"
1565,https://finanza.repubblica.it/Bloomberg/2019/01/27/as_europes_drivers_ditch_diesel_they_get_lucky_in_oil_market-PLSOPZ6JTSEJ01_BLE/,,"As Europe Drivers Ditch Diesel , They Get Lucky in Oil Market - Economia e Finanza",2019-01-27,https://assets.bwbx.io/images/users/iqjWHBFdfxIU/ipbZpXZAN.bg/v2/piFq5T3pJF0qzS8rF9LjsWaQ/-1x-1.png,finanza.repubblica.it,English,Kosovo,2,4,eu_context;carbon_terms=1;energy_driver,NO,-1,"[""NO"", ""NO"", ""NO""]","[""Diesel displacement may reduce EU ETS demand but oil market gains suggest limited direct carbon price impact."", ""Diesel phase-out may reduce demand for oil but doesn't directly impact EU ETS price dynamics."", ""Diesel displacement may reduce emissions but doesn\u2019t directly impact EU ETS pricing, which is more sensitive to policy, demand, and global oil prices.""]",3,1.0,-0.3,-0.3,"[3, 3, 5]"
1571,https://www.petroleum-economist.com/articles/midstream-downstream/lng/2019/russia-and-coal-to-set-european-tone,,Russia and coal to set European tone,2019-01-29,https://www.petroleum-economist.com/media/6059/yamal-lng-1.jpg?mode=pad&format=jpg&quality=90&slimmage=true&rnd=131932161050000000,petroleum-economist.com,English,Saudi Arabia,1,3,eu_context;energy_driver,YES,1,"[""YES"", ""YES"", ""YES""]","[""Russia\u2019s coal exports and EU energy policy shifts may influence ETS pricing via supply-demand dynamics."", ""Coal policy shifts in Europe may signal broader ETS market sentiment and influence short-term price dynamics."", ""Coal policy shifts in Europe may influence ETS pricing via emissions caps and compliance costs.""]",7,1.0,0.7,0.7,"[7, 7, 7]"
1577,https://news.yahoo.com/one-german-industry-digging-itself-060000348.html,https://news.yahoo.com/amphtml/one-german-industry-digging-itself-060000348.html,One German Industry Is Digging Itself a Hole With Europe,2019-02-02,https://s.yimg.com/uu/api/res/1.2/vxKkO8j8N.qOp6txPSTaIw--~B/aD03NDg7dz0xMjAwO3NtPTE7YXBwaWQ9eXRhY2h5b24-/http://media.zenfs.com/en-US/homerun/bloomberg_politics_602/0d5b0d07edda24b30fc5857b80f6bc2b,news.yahoo.com,English,United States,1,2,eu_context,NO,-1,"[""NO"", ""NO"", ""NO""]","[""German industry\u2019s emissions-intensive practices may trigger regulatory backlash or carbon pricing adjustments in EU ETS."", ""German industry\u2019s carbon-intensive practices may trigger regulatory backlash or higher compliance costs, pressuring EU ETS prices."", ""German industry\u2019s carbon-intensive practices risk triggering EU ETS price volatility and regulatory penalties.""]",7,1.0,-0.7,-0.7,"[7, 7, 7]"
1583,https://www.reuters.com/article/eex-exchange-commodities/update-1-eex-energy-bourse-delays-asian-lng-contract-as-players-focus-on-brexit-idUSL5N2004KS,https://mobile.reuters.com/article/amp/idUSL5N2004KS,UPDATE 1 - EEX Energy bourse delays Asian LNG contract as players focus on Brexit,2019-02-05,https://s4.reutersmedia.net/resources_v2/images/rcom-default.png,reuters.com,English,United States,1,7,eu_ets_strong;energy_driver,NO,-1,"[""NO"", ""NO"", ""NO""]","[""LNG contract delays may signal reduced demand or speculative trading, but Brexit\u2019s impact is indirect and not immediately tied to EU ETS pricing."", ""LNG contract delays may signal reduced demand or speculative behavior, but Brexit\u2019s impact is indirect and not immediately tied to EU ETS pricing."", ""LNG contract delays may signal reduced demand or speculative activity, but Brexit\u2019s impact is indirect and not immediately tied to EU ETS pricing.""]",3,1.0,-0.3,-0.3,"[3, 3, 3]"
1589,https://www.icis.com/explore/resources/news/2019/02/11/10316807/europe-auto-sector-could-be-next-trade-war-victim-brexit-uncertainty-bites-cefic-dg/,,"Europe auto sector could be next trade war victim , Brexit uncertainty bites - Cefic DG",2019-02-11,,icis.com,English,China,1,2,eu_context,NO,-1,"[""NO"", ""NO"", ""NO""]","[""Brexit uncertainty may dampen auto sector investment but doesn\u2019t directly signal a short-term ETS price reversal."", ""Brexit uncertainty may dampen investment but doesn\u2019t directly trigger short-term EU ETS price movements."", ""Brexit uncertainty may dampen EU ETS demand as auto sector exposure to trade tensions could reduce emissions compliance urgency.""]",5,1.0,-0.5,-0.5,"[5, 5, 6]"
1595,https://www.pv-magazine.com/press-releases/emissions-rights-double-edged-sword-against-climate-change/,,Emissions rights : double - edged sword against climate change,2019-02-13,,pv-magazine.com,English,United States,1,2,carbon_terms=2,NO,-1,"[""NO"", ""NO"", ""NO""]","[""The headline\u2019s metaphor suggests complexity but doesn\u2019t specify actionable policy or market data to drive short-term price movement."", ""The headline\u2019s metaphor suggests complexity but doesn\u2019t specify concrete policy or market drivers that would decisively shift EU ETS prices."", ""The headline\u2019s metaphor suggests complexity but doesn\u2019t specify actionable policy or market drivers that would decisively shift EU ETS prices short-term.""]",5,1.0,-0.5,-0.5,"[5, 5, 5]"
1601,https://www.worldoil.com/news/2019/2/17/eu-starts-natural-gas-price-war-trump-and-putin-will-love,,EU starts natural gas price war Trump and Putin will love,2019-02-18,https://www.worldoil.com/media/7530/yamal-lng-exports-total.jpg,worldoil.com,English,United States,1,4,eu_context;carbon_terms=1;energy_driver,NO,-1,"[""NO"", ""NO"", ""NO""]","[""Natural gas price wars are unlikely to directly impact EU ETS prices, as ETS is carbon-focused, not energy price-driven."", ""Natural gas price wars are unlikely to directly impact EU ETS prices, as ETS is carbon-intensive, not gas-intensive."", ""Natural gas price wars are unlikely to directly impact EU ETS prices, as ETS is primarily driven by carbon emissions and policy, not energy commodity volatility.""]",3,1.0,-0.3,-0.3,"[3, 3, 3]"
1607,https://in.reuters.com/article/europe-electricity/europe-power-drop-in-wind-generation-lifts-german-spot-contract-idINL5N20G5BY,https://in.mobile.reuters.com/article/amp/idINL5N20G5BY,EUROPE POWER - Drop in wind generation lifts German spot contract,2019-02-21,https://s4.reutersmedia.net/resources_v2/images/rcom-default.png,in.reuters.com,English,United States,1,3,eu_context;energy_driver,NO,-1,"[""NO"", ""NO"", ""NO""]","[""Wind generation decline may reduce renewable supply, pressuring spot prices in Germany, which could indirectly affect EU ETS dynamics."", ""Wind generation drop may slightly reduce supply pressure but not decisively impact EU ETS pricing."", ""Wind generation drop may reduce renewable supply, but spot prices are less sensitive to EU ETS than to real-time supply shocks.""]",5,1.0,-0.5,-0.5,"[6, 5, 5]"
1613,https://uk.reuters.com/article/europe-electricity/europe-power-week-ahead-prices-down-on-more-wind-lower-usage-idUKL5N20J0BU,https://uk.mobile.reuters.com/article/amp/idUKL5N20J0BU,"EUROPE POWER - Week - ahead prices down on more wind , lower usage",2019-02-25,https://s4.reutersmedia.net/resources_v2/images/rcom-default.png,uk.reuters.com,English,United States,1,4,eu_context;carbon_terms=1;energy_driver,NO,-1,"[""NO"", ""NO"", ""NO""]","[""Wind expansion and reduced usage suggest lower demand pressure, but short-term volatility remains possible."", ""Wind expansion and reduced usage suggest lower demand pressure, but short-term volatility remains possible."", ""Wind expansion and reduced usage suggest lower demand pressure, but short-term volatility remains possible.""]",6,1.0,-0.6,-0.6,"[5, 6, 6]"
1619,https://www.eureporter.co/energy/2019/02/27/towards-a-climate-neutral-europe-eu-invests-more-than-e10bn-in-innovativecleantechnologies/,,Towards a climate - neutral Europe : EU invests more than €10bn in # InnovativeCleanTechnologies : EU Reporter,2019-02-27,https://www.eureporter.co/wp-content/uploads/2018/10/Climate.jpg,eureporter.co,English,United Kingdom,1,2,eu_context,YES,1,"[""YES"", ""YES"", ""YES""]","[""Investment in clean tech signals long-term policy support, likely boosting ETS demand."", ""Innovative clean tech investments signal long-term demand growth, potentially boosting EU ETS prices through increased compliance and carbon offsetting activity."", ""Innovative clean tech investments signal long-term policy support, likely boosting ETS demand and prices.""]",7,1.0,0.7,0.7,"[7, 7, 7]"
1625,https://www.computerworld.com/article/3277207/now-blockchain-can-turn-carbon-credits-into-tokens-for-trading.html,https://www.computerworld.com/article/3277207/now-blockchain-can-turn-carbon-credits-into-tokens-for-trading.amp.html,"Now , blockchain can turn carbon credits into tokens for trading",2019-03-01,,computerworld.com,English,United States,1,2,carbon_terms=2,YES,1,"[""YES"", ""YES"", ""YES""]","[""Blockchain adoption could enhance transparency and liquidity, potentially boosting EU ETS prices."", ""Blockchain adoption may enhance transparency and liquidity, potentially boosting EU ETS prices."", ""Blockchain adoption could enhance transparency and liquidity, potentially boosting EU ETS prices.""]",7,1.0,0.7,0.7,"[7, 7, 7]"
1631,https://uk.reuters.com/article/uk-climate-change-eu-finland/finland-wants-eu-to-agree-plan-for-net-zero-carbon-footprint-idUKKCN1QM13Q,https://uk.mobile.reuters.com/article/amp/idUKKCN1QM13Q,Finland wants EU to agree plan for net - zero carbon footprint,2019-03-05,https://s4.reutersmedia.net/resources/r/?m=02&d=20190305&t=2&i=1362985103&r=LYNXNPEF240LV,uk.reuters.com,English,United States,1,3,eu_context;carbon_terms=1,YES,1,"[""YES"", ""YES"", ""YES""]","[""EU-wide net-zero ambition could trigger stricter emissions caps and boost carbon prices."", ""EU-wide net-zero ambition could trigger stricter emissions caps and boost carbon price."", ""EU-wide net-zero ambition could trigger stricter emissions caps and boost carbon price.""]",7,1.0,0.7,0.7,"[7, 7, 7]"
1637,https://www.conservativehome.com/thecolumnists/2019/03/syed-kamall-how-the-european-conservatives-and-reformists-serve-britain-and-the-eu-well.html,,Syed Kamall : How the European Conservatives and Reformists serve Britain and the EU well,2019-03-08,https://www.conservativehome.com/wp-content/uploads/2014/12/Screen-shot-2014-12-02-at-18.57.27.png,conservativehome.com,English,United Kingdom,1,2,eu_context,NO,-1,"[""NO"", ""NO"", ""NO""]","[""The headline discusses political alignment between UK conservatives and EU parties, which has no direct bearing on EU ETS price dynamics."", ""Does not directly impact EU ETS price dynamics or policy."", ""Mentions political alignment but lacks concrete carbon policy or ETS-related data to influence price.""]",1,1.0,-0.1,-0.1,"[1, 1, 1]"
1643,https://www.euromoney.com/article/b1dfx8w6wplmn0/reform-of-the-eu-ets-creates-challenges-for-corporate-clients,,Reform of the EU ETS creates challenges for corporate clients,2019-03-12,,euromoney.com,English,China,1,8,eu_ets_strong;eu_context,NO,-1,"[""NO"", ""NO"", ""NO""]","[""Reform-induced compliance complexity may increase short-term volatility and uncertainty for corporate clients."", ""Reform introduces uncertainty that may dampen short-term price momentum for corporate participants."", ""Reform introduces regulatory uncertainty that may temporarily dampen market confidence and pricing.""]",6,1.0,-0.6,-0.6,"[6, 6, 6]"
1649,https://ec.europa.eu/clima/news/1-april-2019-european-commission-will-release-verified-eu-ets-emissions-data-and-compliance_en,,On 1 April 2019 the European Commission will release verified EU ETS emissions data and compliance information for 2018,2019-03-18,,ec.europa.eu,English,Belgium,1,10,eu_ets_strong;eu_context;carbon_terms=2,NO,-1,"[""NO"", ""NO"", ""NO""]","[""Release of verified data may trigger minor market recalibration but lacks immediate price-driving catalyst."", ""Release of verified data may trigger minor adjustments in market expectations but not a significant short-term price shift."", ""Release of verified data may trigger minor market recalibration but does not significantly alter short-term price dynamics.""]",3,1.0,-0.3,-0.3,"[3, 3, 3]"
1655,https://www.thetimes.co.uk/edition/scotland/declining-scottish-universities-tumble-down-european-rankings-pxvkvb3nn,,  Declining  Scottish universities tumble down European rankings | Scotland,2019-03-21,http://www.thetimes.co.uk/imageserver/image/methode%2Ftimes%2Fprod%2Fweb%2Fbin%2Fac5278a4-4b3a-11e9-b472-f58a50a13bbb.jpg?crop=5616%2C3159%2C0%2C293,thetimes.co.uk,English,United Kingdom,1,2,eu_context,NO,-1,"[""NO"", ""NO"", ""NO""]","[""No direct financial or carbon market impact from university rankings decline."", ""University rankings have negligible direct impact on EU ETS pricing."", ""University rankings have negligible direct impact on EU ETS price dynamics.""]",2,1.0,-0.2,-0.2,"[1, 2, 2]"
1661,https://pimediaonline.co.uk/politics/gastronomic-glasnost-the-eus-unlikely-environmental-unfriendliness/,,Gastronomic Glasnost : The EU unlikely environmental unfriendliness,2019-03-23,https://pimediaonline.co.uk/wp-content/uploads/2019/03/cow-1743240_1920.jpg,pimediaonline.co.uk,English,United Kingdom,2,3,eu_context;energy_driver,NO,-1,"[""NO"", ""NO"", ""NO""]","[""The headline's tone suggests a non-serious or satirical take, lacking concrete policy or market-moving data."", ""The headline's vague and potentially sarcastic tone suggests low credibility, with no concrete policy or market signal to influence EU ETS prices."", ""The headline suggests a non-serious or satirical tone, implying no material impact on EU ETS pricing.""]",3,1.0,-0.3,-0.3,"[3, 3, 3]"
1667,https://af.reuters.com/article/commoditiesNews/idAFL8N21C2NL,https://mobile.reuters.com/article/amp/af/idAFL8N21C2NL,"Europe traded less power in 2018 , but at higher prices | Agricultural Commodities",2019-03-25,https://s4.reutersmedia.net/resources_v2/images/rcom-default.png,af.reuters.com,English,United States,2,4,eu_context;carbon_terms=1;energy_driver,NO,-1,"[""NO"", ""NO"", ""NO""]","[""Power trading volume decline may reflect structural shifts, not price suppression, and agricultural commodities are unrelated to EU ETS."", ""Power trading volume decline may indicate reduced market liquidity, but agricultural commodities are unrelated to EU ETS pricing."", ""Power trading volume decline may reflect supply constraints, not demand, potentially limiting price pressure.""]",3,1.0,-0.3,-0.3,"[3, 3, 3]"
1673,https://www.zawya.com/mena/en/markets/story/Nodeal_Brexit_could_send_EU_carbon_prices_down_more_than_20_Energy_Aspects-TR20190327nL8N21E3AXX1/,https://www.zawya.com/mena/en/story/amp/TR20190327nL8N21E3AXX1/,No - deal Brexit could send EU carbon prices down more than 20 %- Energy Aspects,2019-03-27,,zawya.com,English,United Arab Emirates,1,4,eu_context;carbon_terms=2,NO,-1,"[""NO"", ""NO"", ""NO""]","[""Brexit-related uncertainty may disrupt carbon markets and reduce demand for EU ETS allowances."", ""Brexit-related uncertainty may disrupt carbon market stability and reduce demand, potentially lowering EU ETS prices."", ""Brexit-related uncertainty may trigger market repricing, but actual price drops depend on policy implementation and trading behavior.""]",7,1.0,-0.7,-0.7,"[7, 7, 7]"
1679,https://www.hellenicshippingnews.com/analysis-natural-gas-glut-weighs-on-european-energy-q2-outlook/,,Analysis : Natural gas glut weighs on European energy Q2 outlook | Hellenic Shipping News Worldwide,2019-03-31,,hellenicshippingnews.com,English,China,1,3,eu_context;energy_driver,NO,-1,"[""NO"", ""NO"", ""NO""]","[""Natural gas glut may dampen energy demand and indirectly affect EU ETS prices via reduced industrial activity and lower carbon intensity."", ""Natural gas oversupply may dampen energy demand and indirectly pressure EU ETS prices via reduced carbon intensity of energy mix."", ""Natural gas glut may suppress energy prices, indirectly affecting EU ETS dynamics but not a direct or immediate driver.""]",5,1.0,-0.5,-0.5,"[5, 5, 5]"
1685,http://theportugalnews.com/news/tap-has-second-largest-carbon-emission-growth-in-eu-ec/48935,,TAP has second largest carbon emission growth in EU - EC,2019-04-02,http://theportugalnews.com/uploads/news/TAP_plane.png,theportugalnews.com,English,Portugal,1,4,eu_context;carbon_terms=2,NO,-1,"[""NO"", ""NO"", ""NO""]","[""TAP's emissions growth could signal increased EU ETS demand, but its scale and regulatory context make impact uncertain."", ""TAP\u2019s emissions growth could pressure EU ETS prices if regulatory tightening or carbon pricing adjustments follow."", ""TAP's emissions growth could pressure EU ETS prices if regulatory tightening follows.""]",7,1.0,-0.7,-0.7,"[6, 7, 7]"
1691,http://www.helsinkitimes.fi/business/16315-finnair-s-co2-emissions-grew-by-over-11-in-2018.html,,Finnair CO2 emissions grew by over 11 % in 2018,2019-04-04,http://www.helsinkitimes.fi/images/2019/Apr/finnair-emission_growth.jpg,helsinkitimes.fi,English,Finland,1,2,carbon_terms=2,NO,-1,"[""NO"", ""NO"", ""NO""]","[""Finnair\u2019s emissions growth may signal sectoral trends but lacks immediate price impact without policy or regulatory response."", ""Finnair\u2019s emissions growth may signal sectoral trends but lacks immediate price impact without regulatory or market response."", ""Finnair\u2019s emissions growth suggests potential regulatory or operational pressures that could indirectly affect EU ETS pricing, but lacks immediate direct impact.""]",3,1.0,-0.3,-0.3,"[3, 3, 3]"
1697,https://www.maltatoday.com.mt/environment/energy/94172/next_government_will_see_electricity_prices_rise_again,,Next government will see electricity prices rise again,2019-04-09,http://cdn.maltatoday.com.mt/ui_frontend/thumbnail/684/400/konrad_mizzi_signing_gas_power.jpg,maltatoday.com.mt,English,Malta,1,2,carbon_terms=1;energy_driver,NO,-1,"[""NO"", ""NO"", ""NO""]","[""Electricity price increases may reflect supply constraints or regulatory shifts, but don\u2019t directly signal EU ETS price movement."", ""Electricity price increases may reflect higher carbon costs under future EU ETS policies, but short-term ETS price direction is uncertain without policy specifics."", ""Electricity price increases may reflect higher carbon costs under future EU ETS policy, but are not guaranteed to directly drive ETS prices upward.""]",6,1.0,-0.6,-0.6,"[5, 6, 6]"
1703,https://www.neweurope.eu/article/as-co2-emissions-prices-increase-climate-issues-could-weigh-on-european-elections/,,"As CO2 emissions prices increase , climate issues could weigh on European elections",2019-04-11,https://www.neweurope.eu/wp-content/uploads/2016/06/05_Polish-coal.jpg,neweurope.eu,English,United Kingdom,1,5,eu_context;carbon_terms=3,NO,-1,"[""NO"", ""NO"", ""NO""]","[""Emissions price hikes may influence voter sentiment but are unlikely to cause immediate price declines in EU ETS."", ""Emissions pricing may influence voter sentiment but is unlikely to cause a sharp short-term price drop in EU ETS."", ""Emissions price hikes may influence voter sentiment but are unlikely to decisively shift short-term EU ETS prices.""]",6,1.0,-0.6,-0.6,"[5, 6, 6]"
1709,https://www.bbc.co.uk/news/business-47921375,https://www.bbc.co.uk/news/amp/business-47921375,Brexit : British Steel seeks £100m government loan to meet EU rules,2019-04-13,https://ichef.bbci.co.uk/news/1024/branded_news/6AB0/production/_103421372_scunthorpe976.jpg,bbc.co.uk,English,United Kingdom,1,2,eu_context,NO,-1,"[""NO"", ""NO"", ""NO""]","[""British steel firms\u2019 compliance costs may pressure EU ETS prices, but the loan\u2019s scale and timing are uncertain."", ""British steel firms\u2019 compliance costs may pressure EU ETS prices via increased emissions trading demand, but the loan\u2019s scale and timing are uncertain."", ""UK steel sector\u2019s compliance costs may indirectly pressure EU ETS prices via trade disruptions or supply chain adjustments.""]",5,1.0,-0.5,-0.5,"[5, 5, 5]"
1715,https://www.politico.eu/newsletter/brussels-playbook/politico-brussels-playbook-presented-by-bp-notre-dame-burns-more-magic-beans-for-trump-slovenia-gets-out-the-brickbat/,,POLITICO - Brussels Playbook,2019-04-16,https://www.politico.eu/wp-content/uploads/2019/02/Brussels_Playbook_Florian_newsletter.png,politico.eu,English,United States,1,2,eu_context,NO,-1,"[""NO"", ""NO"", ""NO""]","[""Lack of specific policy or market-moving detail in the headline."", ""Lack of specific policy or market-moving detail in the headline."", ""EU ETS price is unlikely to be directly impacted by a general Brussels Playbook headline without specific policy or market context.""]",2,1.0,-0.2,-0.2,"[2, 2, 3]"
1721,https://www.straitstimes.com/world/europe/teen-activist-actress-join-climate-protests-in-europe,,"Teen activist , actress join climate protests in Europe",2019-04-21,,straitstimes.com,English,Singapore,2,2,eu_context,NO,-1,"[""NO"", ""NO"", ""NO""]","[""Activist participation may signal public concern but lacks direct market impact on EU ETS trading."", ""Activist involvement may signal public sentiment but lacks direct market mechanism impact on EU ETS pricing."", ""Activist presence may signal public pressure but lacks direct market mechanism impact.""]",2,1.0,-0.2,-0.2,"[2, 2, 3]"
1727,https://af.reuters.com/article/commoditiesNews/idAFL5N2250YK,https://mobile.reuters.com/article/amp/af/idAFL5N2250YK,"EUROPE POWER - Day - ahead prices at pre - holiday levels , next week down on falling demand - Agricultural Commodities",2019-04-23,https://s4.reutersmedia.net/resources_v2/images/rcom-default.png,af.reuters.com,English,United States,2,4,eu_context;carbon_terms=1;energy_driver,NO,-1,"[""NO"", ""NO"", ""NO""]","[""Falling demand next week may pressure EU ETS prices, but agricultural commodities\u2019 influence is limited."", ""Falling demand next week may pressure prices, but pre-holiday levels suggest short-term volatility rather than a clear trend."", ""Falling demand next week may dampen short-term EU ETS prices, but agricultural commodity focus suggests limited direct impact.""]",6,1.0,-0.6,-0.6,"[6, 6, 6]"
1733,https://www.lexology.com/library/detail.aspx?g=531e9bf9-dc1c-4f87-9617-85962a02bfc3,,EU ETS and ICAO CORSIA Update,2019-04-25,,lexology.com,English,United States,1,8,eu_ets_strong;eu_context,YES,1,"[""YES"", ""YES"", ""YES""]","[""EU ETS and CORSIA updates may influence carbon pricing via policy alignment and market signals."", ""EU ETS and CORSIA updates may influence carbon pricing via policy alignment and market signals."", ""EU ETS and CORSIA updates may trigger policy alignment, affecting carbon price expectations.""]",7,1.0,0.7,0.7,"[7, 7, 7]"
1739,http://nvonews.com/emissions-trading/,,Emissions Trading,2019-04-27,https://i2.wp.com/nvonews.com/wp-content/uploads/2010/10/emi-tra.jpg?fit=300%2C225,nvonews.com,English,India,1,3,carbon_terms=3,NO,-1,"[""NO"", ""NO"", ""NO""]","[""Emissions Trading headline lacks specific context or data to infer short-term price movement."", ""Emissions Trading alone doesn\u2019t specify market dynamics or policy shifts, making short-term price direction uncertain."", ""Emissions Trading alone doesn't specify a short-term price direction without context like policy changes or market sentiment.""]",3,1.0,-0.3,-0.3,"[3, 3, 3]"
1745,https://af.reuters.com/article/commoditiesNews/idAFL5N22B230,https://mobile.reuters.com/article/amp/af/idAFL5N22B230,EUROPE POWER - Renewables weigh on day - ahead power prices - Agricultural Commodities,2019-04-29,https://s4.reutersmedia.net/resources_v2/images/rcom-default.png,af.reuters.com,English,United States,2,4,eu_context;carbon_terms=1;energy_driver,NO,-1,"[""NO"", ""NO"", ""NO""]","[""Renewables\u2019 increased capacity may suppress power price volatility but doesn\u2019t guarantee short-term ETS price direction."", ""Renewables\u2019 increased deployment may suppress power price volatility, but short-term market dynamics could still drive upward pressure."", ""Renewables' increased deployment may suppress power price volatility, but short-term dynamics are uncertain.""]",5,1.0,-0.5,-0.5,"[5, 5, 5]"
1751,https://www.gov.uk/government/speeches/british-steel-eu-emissions-trading-scheme-eu-ets-update,,British Steel : EU Emissions Trading Scheme ( EU ETS ) update,2019-05-01,https://assets.publishing.service.gov.uk/static/opengraph-image-a1f7d89ffd0782738b1aeb0da37842d8bd0addbd724b8e58c3edbc7287cc11de.png,gov.uk,English,United Kingdom,1,11,eu_ets_strong;eu_context;carbon_terms=3,YES,1,"[""YES"", ""YES"", ""YES""]","[""British Steel\u2019s ETS update may signal operational changes affecting emissions, but short-term price impact is uncertain without specific policy details."", ""British Steel\u2019s EU ETS update may reflect operational changes affecting emissions, but short-term price impact is uncertain without specific policy or production details."", ""British Steel\u2019s ETS compliance could influence EU ETS price via emissions caps and industrial demand shifts.""]",5,1.0,0.5,0.5,"[5, 5, 7]"
1757,http://www.mondovisione.com/media-and-resources/news/new-trading-participants-at-eex-in-april-2019/,,New Trading Participants At EEX in April 2019,2019-05-03,,mondovisione.com,English,United States,2,7,eu_ets_strong;carbon_terms=1,NO,-1,"[""NO"", ""NO"", ""NO""]","[""New participants may increase liquidity but unlikely to cause short-term price movement without broader market shifts."", ""New participants may increase liquidity but unlikely to cause short-term price swings."", ""New participants may increase liquidity but unlikely to cause short-term price movement.""]",3,1.0,-0.3,-0.3,"[3, 3, 3]"
1763,https://news.yahoo.com/britain-apos-post-brexit-carbon-040000292.html,https://news.yahoo.com/amphtml/britain-apos-post-brexit-carbon-040000292.html,Britain Post - Brexit Carbon Market Looks Just Like Europe ,2019-05-05,https://s.yimg.com/uu/api/res/1.2/Sa2gVrkL5YXH3dzArPfLOw--~B/aD04MTA7dz0xMjk2O3NtPTE7YXBwaWQ9eXRhY2h5b24-/http://media.zenfs.com/en-US/homerun/bloomberg_politics_602/9e09f58e1e5928cd1d42ea6c1d422d61,news.yahoo.com,English,United States,1,4,eu_context;carbon_terms=2,NO,-1,"[""NO"", ""NO"", ""NO""]","[""The UK\u2019s post-Brexit carbon market is designed to be aligned with EU ETS, but lacks full integration, limiting short-term price impact."", ""Brexit has not yet fully disrupted EU ETS pricing, but UK\u2019s independent carbon market may diverge in the medium term."", ""Brexit has not yet fully disrupted EU ETS dynamics, but UK\u2019s separate carbon market may influence cross-border trading.""]",5,1.0,-0.5,-0.5,"[5, 5, 5]"
1769,https://af.reuters.com/article/energyOilNews/idAFL5N22J34N,https://mobile.reuters.com/article/amp/af/idAFL5N22J34N,"EUROPE POWER - Spot prices slip on increased wind generation , fall in demand - Energy & Oil",2019-05-07,https://s4.reutersmedia.net/resources_v2/images/rcom-default.png,af.reuters.com,English,United States,2,4,eu_context;carbon_terms=1;energy_driver,NO,-1,"[""NO"", ""NO"", ""NO""]","[""Increased wind generation and falling demand suggest reduced pressure on EU ETS prices, but short-term volatility may persist."", ""Increased wind generation and falling demand suggest reduced pressure on EU ETS prices, but short-term volatility remains possible."", ""Increased wind generation and falling demand suggest lower pressure on EU ETS prices, but short-term volatility remains possible.""]",6,1.0,-0.6,-0.6,"[6, 6, 6]"
1775,http://www.mondovisione.com/media-and-resources/news/icis-market-insight-is-the-eu-emissions-trading-system-failing/,,ICIS Market Insight : Is The EU Emissions Trading System Failing ? ,2019-05-09,,mondovisione.com,English,United States,1,12,eu_ets_strong;eu_context;carbon_terms=4,NO,-1,"[""NO"", ""NO"", ""NO""]","[""The headline suggests potential systemic issues, which could trigger policy interventions or market reactions, but lacks concrete data to confirm short-term price direction."", ""The headline suggests potential systemic issues that could trigger policy adjustments or market volatility, impacting short-term pricing."", ""The headline suggests potential systemic issues that could trigger policy or market intervention, affecting short-term price dynamics.""]",7,1.0,-0.7,-0.7,"[6, 7, 7]"
1781,https://www.handelsblatt.com/politik/international/europawahl/europa-kann-es-besser/ceo-of-rwe-ag-rolf-martin-schmitz-the-european-electricity-supply-must-be-connected-more-closely-/24271816.html,https://amp.handelsblatt.com/politik/international/ceo-of-rwe-ag-rolf-martin-schmitz-the-european-electricity-supply-must-be-connected-more-closely-/24271816.html,To vote for Europe means voting for the future,2019-05-13,https://www.handelsblatt.com/images/rolf-martin-schmitz/24273786/2-format7.jpg,handelsblatt.com,English,Germany,1,2,eu_context,NO,-1,"[""NO"", ""NO"", ""NO""]","[""The headline is vague and lacks concrete policy or market signals to influence short-term EU ETS pricing."", ""The headline is vague and lacks concrete policy or market data to influence short-term EU ETS pricing."", ""The headline is vague and lacks concrete policy or market signals to influence short-term EU ETS pricing.""]",3,1.0,-0.3,-0.3,"[3, 3, 3]"
1787,https://www.cleanenergywire.org/news/energy-researchers-spell-out-four-reasons-slow-emissions-reduction-germany,,Energy researchers spell out four reasons for slow emissions reduction in Germany,2019-05-15,,cleanenergywire.org,English,Germany,1,2,carbon_terms=2,NO,-1,"[""NO"", ""NO"", ""NO""]","[""Emissions reduction slowdown may signal weaker policy enforcement or market dynamics, potentially affecting EU ETS demand."", ""Germany\u2019s slow emissions reduction may dampen EU ETS demand due to weaker policy momentum."", ""Germany\u2019s slow emissions reduction may dampen EU ETS demand, but short-term price impact is uncertain.""]",5,1.0,-0.5,-0.5,"[4, 5, 5]"
1793,https://www.mckinsey.com/business-functions/operations/our-insights/value-creation-in-european-building-materials-where-do-the-opportunities-lie,,Value creation in European building materials -- where do the opportunities lie ? ,2019-05-17,https://www.mckinsey.com/~/media/McKinsey/Business%20Functions/Operations/Our%20Insights/Value%20creation%20in%20European%20building%20materials%20where%20do%20the%20opportunities%20lie/hero-value-creation-european.ashx,mckinsey.com,English,China,1,2,eu_context,NO,-1,"[""NO"", ""NO"", ""NO""]","[""Building materials sector\u2019s carbon intensity and regulatory exposure may influence ETS pricing indirectly, but headline lacks specific policy or market signal."", ""Building materials sector\u2019s carbon intensity and regulatory exposure may influence ETS prices indirectly, but not immediately or decisively."", ""Building materials sector\u2019s carbon intensity and regulatory exposure may influence ETS pricing indirectly, but headline lacks specific policy or market data.""]",3,1.0,-0.3,-0.3,"[3, 3, 3]"
1799,http://www.rcinet.ca/eye-on-the-arctic/2019/05/22/finnair-carbon-offset-campaign-mislead-emissions-co2-rise/,,Finnair admits carbon offset sales pitch  misleading  as its emissions rise,2019-05-22,http://www.rcinet.ca/eye-on-the-arctic/wp-content/uploads/sites/30/2019/05/finnair-plane.jpg,rcinet.ca,English,Canada,1,3,carbon_terms=3,NO,-1,"[""NO"", ""NO"", ""NO""]","[""Misleading offset claims may trigger regulatory scrutiny and reputational risk, potentially affecting ETS compliance costs."", ""Finnair\u2019s admission may trigger regulatory scrutiny and reputational risk, potentially affecting investor sentiment and carbon pricing dynamics."", ""Misleading offset sales may signal weak compliance or rising emissions, potentially pressuring ETS prices.""]",6,1.0,-0.6,-0.6,"[6, 6, 6]"
1805,https://www.dw.com/en/elmed-interconnector-aims-to-bring-solar-power-from-the-sahara-to-europe/a-48843725,https://amp.dw.com/en/elmed-interconnector-aims-to-bring-solar-power-from-the-sahara-to-europe/a-48843725,Elmed interconnector aims to bring solar power from the Sahara to Europe | Business| Economy and finance news from a German perspective | DW,2019-05-24,https://www.dw.com/image/16040987_304.jpg,dw.com,English,Germany,2,3,eu_context;energy_driver,NO,-1,"[""NO"", ""NO"", ""NO""]","[""Solar power transmission via Elmed is still in early stages and unlikely to materially impact short-term EU ETS prices."", ""Solar power transmission via Elmed is still in early planning stages and unlikely to materially affect short-term EU ETS prices."", ""Solar power via Elmed is long-term infrastructure, not immediate market driver.""]",3,1.0,-0.3,-0.3,"[3, 3, 3]"
1811,https://www.telegraph.co.uk/business/2019/05/26/eus-filthiest-states-pocketing-clean-energy-funds-no-plans-phase/,https://www.telegraph.co.uk/business/2019/05/26/eus-filthiest-states-pocketing-clean-energy-funds-no-plans-phase/amp/,EU filthiest states pocketing clean energy funds with no plans to phase out coal,2019-05-26,https://www.telegraph.co.uk/content/dam/business/2019/05/08/TELEMMGLPICT000193953899-xlarge_trans_NvBQzQNjv4BqmNxp8vwM9ZpTxbw7o193q39BAaPKMw309yFIlTC7jus.jpeg,telegraph.co.uk,English,United Kingdom,2,3,eu_context;energy_driver,NO,-1,"[""NO"", ""NO"", ""NO""]","[""Coal phase-out delays may reduce ETS demand, but clean energy fund allocations could offset this."", ""Coal phase-out delays may reduce emissions compliance pressure, potentially lowering ETS prices."", ""Coal subsidies and lack of phase-out plans signal regulatory looseness, likely pressuring ETS prices downward.""]",7,1.0,-0.7,-0.7,"[7, 7, 7]"
1817,http://news.trust.org/item/20190527131750-u45i1/,http://mercury.postlight.com/amp?url=http://news.trust.org/item/20190527131750-u45i1/,Spain proposes EU carbon tax on energy imports,2019-05-28,"https://d2sh4fq2xsdeg9.cloudfront.net/contentAsset/image/ad7c0b51-7f55-4914-9144-263069ba8f4d/image/byInode/1/filter/Resize,Jpeg/jpeg_q/70/resize_w/1400",news.trust.org,English,United States,2,3,eu_context;carbon_terms=1,YES,1,"[""YES"", ""YES"", ""YES""]","[""Spain\u2019s proposed carbon tax on energy imports could raise import costs and incentivize cleaner energy, potentially boosting EU ETS prices."", ""Spain\u2019s proposed carbon tax on energy imports could raise import costs and incentivize cleaner energy, potentially boosting EU ETS prices."", ""Spain\u2019s proposed carbon tax on energy imports could increase import costs and spur domestic emissions reductions, potentially boosting EU ETS prices.""]",7,1.0,0.7,0.7,"[7, 7, 7]"
1823,https://www.confectionerynews.com/Article/2019/05/30/Climate-change-and-carbon-footprint-top-of-the-agenda-at-2019-European-Cocoa-Forum,,Climate change and carbon footprint top of the agenda at 2019 European Cocoa Forum,2019-05-30,https://cdn-a.william-reed.com/var/wrbm_gb_food_pharma/storage/images/publications/food-beverage-nutrition/confectionerynews.com/news/regulation-safety/climate-change-and-carbon-footprint-top-of-the-agenda-at-2019-european-cocoa-forum/9529843-1-eng-GB/Climate-change-and-carbon-footprint-top-of-the-agenda-at-2019-European-Cocoa-Forum.jpg,confectionerynews.com,English,United States,1,3,eu_context;carbon_terms=1,NO,-1,"[""NO"", ""NO"", ""NO""]","[""Cocoa sector emissions are niche within EU ETS, unlikely to trigger immediate price shifts."", ""Cocoa sector emissions are niche within EU ETS, unlikely to trigger immediate price shifts."", ""Cocoa sector emissions are niche within EU ETS, unlikely to drive broad price movement.""]",3,1.0,-0.3,-0.3,"[3, 3, 3]"
1829,https://www.norwichbulletin.com/opinion/20190601/another-view-going-green-in-europe,https://www.norwichbulletin.com/opinion/20190601/another-view-going-green-in-europe?template=ampart,Another View : Going green in Europe - Opinion - The Bulletin,2019-06-01,,norwichbulletin.com,English,United States,1,2,eu_context,NO,-1,"[""NO"", ""NO"", ""NO""]","[""The headline is opinion-based and lacks specific data or policy details to influence short-term EU ETS price movements."", ""The headline is opinion-based and lacks specific data or policy details to influence short-term ETS price movements."", ""The headline is opinion-based and lacks specific data or policy signals to influence short-term EU ETS pricing.""]",3,1.0,-0.3,-0.3,"[3, 3, 3]"
1835,https://www.weforum.org/agenda/2019/06/europe-is-sending-a-fleet-of-satellites-into-space-to-monitor-co2-emissions/,,Europe plans to send satellites into space to monitor CO2 emissions,2019-06-03,https://assets.weforum.org/editor/5Q9Me0F29s3gYgkTXE_SCrMeLoOaSIBaPOQcq4NH_YU.png,weforum.org,English,United States,2,4,eu_context;carbon_terms=2,YES,1,"[""YES"", ""YES"", ""YES""]","[""Satellite monitoring could enhance compliance and enforcement, potentially increasing market confidence and price."", ""Satellite monitoring could enhance compliance and reduce emissions loopholes, potentially boosting ETS prices."", ""Satellite monitoring could enhance compliance and transparency, potentially increasing ETS price volatility.""]",7,1.0,0.7,0.7,"[7, 7, 7]"
1841,https://marketbusinessnews.com/blockchain-carbon-trading/204376/,https://marketbusinessnews.com/blockchain-carbon-trading/204376/amp/,The Introduction of Blockchain to Carbon Trading - Market Business News,2019-06-05,https://i0.wp.com/marketbusinessnews.com/wp-content/uploads/2019/06/Blockchain-carbon-trading-image-thumbnail-555.jpg?fit=750%2C510&ssl=1,marketbusinessnews.com,English,United Kingdom,1,3,carbon_terms=3,YES,1,"[""YES"", ""YES"", ""YES""]","[""Blockchain could enhance transparency and reduce fraud, potentially increasing market confidence and price volatility."", ""Blockchain could enhance transparency and reduce fraud, potentially increasing market confidence and price volatility."", ""Blockchain could enhance transparency and reduce fraud, potentially increasing market confidence and price volatility.""]",7,1.0,0.7,0.7,"[7, 7, 7]"
1847,https://www.socialeurope.eu/europes-coal-problem,,Europe coal problem • Social Europe,2019-06-10,https://www.socialeurope.eu/wp-content/uploads/2019/06/adam-tooze.png,socialeurope.eu,English,United Kingdom,1,3,eu_context;energy_driver,NO,-1,"[""NO"", ""NO"", ""NO""]","[""Coal policy shifts in Europe may modestly affect ETS prices, but social sentiment alone is not a strong driver."", ""Coal policy shifts in Europe may modestly affect ETS demand but are unlikely to drive short-term price swings."", ""Coal policy shifts in Europe may indirectly affect ETS prices via emissions caps and sectoral compliance, but no direct price signal is evident.""]",3,1.0,-0.3,-0.3,"[3, 3, 3]"
1853,https://www.greentechmedia.com/articles/read/europes-surging-carbon-price-helping-to-silence-coal-plants,https://www.greentechmedia.com/amp/article/europes-surging-carbon-price-helping-to-silence-coal-plants,Europe surging carbon price helping to silence coal plants,2019-06-12,https://www.greentechmedia.com/assets/content/cache/made/assets/content/cache/remote/https_assets.greentechmedia.com/content/images/articles/Poland_Coal_Lignite_XL_500_334_80.jpg,greentechmedia.com,English,United States,1,5,eu_context;carbon_terms=2;energy_driver,YES,1,"[""YES"", ""YES"", ""YES""]","[""Coal plant closures are being accelerated by rising EU ETS prices, indicating strong market-driven demand for carbon credits."", ""Strong market signals are pushing coal plants offline, reinforcing price trends."", ""Coal plant closures are being accelerated by rising carbon prices, signaling continued upward pressure on EU ETS.""]",8,1.0,0.8,0.8,"[8, 8, 8]"
1859,https://www.gulftoday.ae/opinion/2019/06/18/india-launches-emissions-trading-programme,,India launches emissions trading programme,2019-06-18,http://www.gulftoday.ae/-/media/gulf-today/images/articles/opinion/2019/6/18/pollution-india.ashx?&hash=2DD7EE7662E53A51C5EDE63F440B8C4A,gulftoday.ae,English,United Arab Emirates,1,3,carbon_terms=3,NO,-1,"[""NO"", ""NO"", ""NO""]","[""EU ETS price unlikely to be directly impacted as India\u2019s program is regional and not yet integrated into global carbon markets."", ""EU ETS price unlikely to react strongly due to India\u2019s market size and regulatory divergence from EU standards."", ""EU ETS price unlikely to be directly impacted as India\u2019s scheme is non-EU and operates independently.""]",3,1.0,-0.3,-0.3,"[3, 3, 3]"
1865,http://www.mondovisione.com/media-and-resources/news/trayports-may-2019-monthly-report-on-european-commodities-monthly-contracts-do/,,"Trayport May 2019 Monthly Report On European Commodities : Monthly Contracts Down 8 % Vs . April , Euro Gas And Power See Brokers Reclaim Market Share , TTF Down 9 % MoM",2019-06-20,,mondovisione.com,English,United States,1,4,eu_context;carbon_terms=1;energy_driver,NO,-1,"[""NO"", ""NO"", ""NO""]","[""TTF\u2019s 9% monthly drop suggests short-term pressure on EU ETS-linked energy prices, though broader market dynamics may offset this."", ""TTF's 9% monthly decline suggests short-term pressure, but broader market context and broker reclaims may offset immediate price direction."", ""TTF\u2019s 9% monthly decline suggests short-term pressure on EU ETS-linked energy prices, though broader market dynamics may offset this.""]",6,1.0,-0.6,-0.6,"[6, 5, 6]"
1871,https://thetandd.com/business/agriculture/the-carbon-market-s-c-landowners-have-potential-to-profit/article_935255f9-68d9-5297-8972-8d23b54cc822.html,https://thetandd.com/business/agriculture/the-carbon-market-s-c-landowners-have-potential-to-profit/article_935255f9-68d9-5297-8972-8d23b54cc822.amp.html,The carbon market : S . C . landowners have potential to profit from selling credits,2019-06-24,https://bloximages.chicago2.vip.townnews.com/thetandd.com/content/tncms/assets/v3/editorial/d/22/d22ffdce-a006-57a1-96ee-8589261eff62/5cf5690be0919.image.jpg?crop=1763%2C992%2C0%2C91,thetandd.com,English,United States,1,2,carbon_terms=2,NO,-1,"[""NO"", ""NO"", ""NO""]","[""S. C. landowners\u2019 potential to profit is a niche opportunity that may not significantly affect overall EU ETS price trends."", ""S. C. landowners\u2019 potential to profit is niche and unlikely to significantly shift short-term EU ETS prices."", ""S. C. landowners\u2019 potential to profit is niche and unlikely to significantly shift EU ETS prices.""]",3,1.0,-0.3,-0.3,"[3, 3, 3]"
1877,https://runwaygirlnetwork.com/2019/06/26/campaign-for-eu-wide-aviation-tax-to-tackle-climate-change-gathers-pace/,,Campaign for EU - wide aviation tax to tackle climate change gathers pace - Runway Girl,2019-06-26,https://mk0runwaygirl0t0gjwt.kinstacdn.com/wp-content/uploads/2019/06/Aviation-tax-photo-1024x683.jpg,runwaygirlnetwork.com,English,United States,1,2,eu_context,YES,1,"[""YES"", ""YES"", ""YES""]","[""Potential aviation tax could increase compliance costs and drive demand for carbon credits in EU ETS."", ""EU aviation tax could boost compliance costs and drive demand for carbon credits, impacting ETS prices."", ""Potential aviation tax could increase compliance costs and drive demand for carbon credits in EU ETS.""]",7,1.0,0.7,0.7,"[7, 7, 7]"
1883,https://www.thenews.com.pk/print/490848-un-climate-talks-limp-to-close-as-europe-sizzles,https://www.thenews.com.pk/amp/490848-un-climate-talks-limp-to-close-as-europe-sizzles,UN climate talks limp to close as Europe sizzles,2019-06-28,https://static.thenews.com.pk/front/img/no-img-fb.jpg,thenews.com.pk,English,Pakistan,1,2,eu_context,NO,-1,"[""NO"", ""NO"", ""NO""]","[""EU ETS price may be supported by strong domestic policy, but global climate talks failing to deliver major agreements could dampen long-term investor sentiment."", ""EU emissions trading system may benefit from stronger domestic policy, but global talks lack decisive action."", ""EU ETS price may be supported by strong domestic policy signals despite global talks failing to deliver breakthroughs.""]",5,1.0,-0.5,-0.5,"[5, 5, 5]"
1889,https://www.energyworldmag.com/eu-takes-stock-after-climate-deal-disappointment/,,EU takes stock after climate deal disappointment | EnergyWorld Magazine,2019-07-02,https://www.energyworldmag.com/wp-content/uploads/2019/07/climate-change.jpg,energyworldmag.com,English,Romania,1,2,eu_context,NO,-1,"[""NO"", ""NO"", ""NO""]","[""Market sentiment may dampen short-term prices due to disappointment, but long-term fundamentals remain intact."", ""Market sentiment and policy uncertainty may dampen short-term ETS prices following disappointment."", ""Climate deal disappointment may dampen investor sentiment but doesn\u2019t immediately trigger price movement.""]",5,1.0,-0.5,-0.5,"[5, 6, 5]"
1895,https://sciencebusiness.net/jobs/eua-looking-secretary-general,,EUA is looking for a Secretary General,2019-07-09,,sciencebusiness.net,English,United Kingdom,1,6,eu_ets_strong,NO,-1,"[""NO"", ""NO"", ""NO""]","[""Appointment of a Secretary General is unlikely to materially affect short-term EU ETS price dynamics."", ""Appointment of a Secretary General is unlikely to directly impact short-term EU ETS price dynamics."", ""Appointment of a Secretary General is unlikely to materially affect short-term EU ETS price dynamics.""]",2,1.0,-0.2,-0.2,"[2, 2, 2]"
1901,http://www.mondovisione.com/media-and-resources/news/eex-publishes-revised-2019-auction-calendar-as-well-as-2020-auction-calendar-for/,,EEX Publishes Revised 2019 Auction Calendar As Well As 2020 Auction Calendar For Emission,2019-07-11,,mondovisione.com,English,United States,1,8,eu_ets_strong;carbon_terms=2,NO,-1,"[""NO"", ""NO"", ""NO""]","[""Revised auction calendars may affect market expectations but are unlikely to cause significant short-term price shifts."", ""Revised auction calendars may affect market expectations but have limited immediate price impact."", ""Revised auction calendars may affect market expectations but are unlikely to cause significant short-term price movement.""]",3,1.0,-0.3,-0.3,"[3, 3, 3]"
1907,https://airlinegeeks.com/2019/07/13/35265/,,European Airline Chiefs Meet to Discuss Environmental Impacts of Aviation,2019-07-13,https://airlinegeeks.com/wp-content/uploads/2019/07/EasyJet-Europe_A320S_MUC_Fabian-Behr.jpg,airlinegeeks.com,English,United States,1,2,eu_context,NO,-1,"[""NO"", ""NO"", ""NO""]","[""Airline executives\u2019 discussions may influence policy but don\u2019t directly signal short-term ETS price movement."", ""Airline executives\u2019 discussions may influence policy but don\u2019t directly alter market fundamentals or trading volume."", ""Airline executives\u2019 discussions may signal regulatory or operational shifts, but no immediate price movement is implied.""]",3,1.0,-0.3,-0.3,"[3, 4, 3]"
1913,https://www.businessgreen.com/bg/news/3079028/carbon-targets-border-taxes-and-a-climate-bank-von-der-leyen-promises-overhaul-of-eu-net-zero-efforts,,"Carbon targets , border taxes , and a climate bank : Von der Leyen promises overhaul of EU net zero efforts",2019-07-16,,businessgreen.com,English,United Kingdom,1,3,eu_context;carbon_terms=1,YES,1,"[""YES"", ""YES"", ""YES""]","[""Von der Leyen\u2019s policy shift could trigger short-term volatility as market participants react to new regulatory frameworks and border carbon adjustments."", ""Von der Leyen\u2019s policy overhaul could signal tighter emissions caps and border carbon adjustments, likely boosting EU ETS demand."", ""Von der Leyen\u2019s policy overhaul could boost ETS demand via stricter targets and border carbon taxes, increasing short-term price pressure.""]",7,1.0,0.7,0.7,"[7, 7, 7]"
1919,https://www.hellenicshippingnews.com/uk-gas-prices-edge-up-as-norway-gas-re-routed-to-europe/,,UK GAS - Prices edge up as Norway gas re - routed to Europe | Hellenic Shipping News Worldwide,2019-07-20,,hellenicshippingnews.com,English,China,2,4,eu_context;carbon_terms=1;energy_driver,NO,-1,"[""NO"", ""NO"", ""NO""]","[""Norway gas rerouting to Europe may slightly increase European gas prices, but EU ETS is less directly affected by gas price movements."", ""Norway gas rerouting to Europe may slightly increase European gas prices, but EU ETS is less directly affected than gas spot markets."", ""Norway gas rerouting may slightly increase European gas demand, but EU ETS is less directly impacted than gas prices themselves.""]",3,1.0,-0.3,-0.3,"[3, 3, 3]"
1925,https://finance.yahoo.com/news/coals-demise-quickens-europe-market-040007128.html,https://finance.yahoo.com/amphtml/news/coals-demise-quickens-europe-market-040007128.html,Coal Demise Quickens in Europe as Market Shift Idles Plants,2019-07-22,https://s.yimg.com/uu/api/res/1.2/rkbXAUxu0.ijuuQutrSrBg--~B/aD04NDA7dz0xMjk2O3NtPTE7YXBwaWQ9eXRhY2h5b24-/https://media.zenfs.com/en/bloomberg_markets_842/b1474a3cfb7a70457f670668dfc26768,finance.yahoo.com,English,United States,1,4,eu_context;carbon_terms=1;energy_driver,YES,1,"[""YES"", ""YES"", ""YES""]","[""Coal plant idling reduces emissions, boosting EU ETS demand and signaling tighter carbon pricing."", ""Coal plant idling reduces emissions demand, boosting carbon price as cleaner alternatives gain traction."", ""Coal plant idling reduces emissions, boosting carbon price pressure.""]",8,1.0,0.8,0.8,"[8, 8, 8]"
1931,https://www.marketwatch.com/press-release/2019-europe-electric-radiators-market-240-pages-report-2019-07-23,,2019 Europe Electric Radiators – Market | 240 Pages Report,2019-07-24,,marketwatch.com,English,United States,2,3,eu_context;carbon_terms=1,NO,-1,"[""NO"", ""NO"", ""NO""]","[""Electric radiators are a niche product and not directly tied to EU ETS price movements."", ""Electric radiators are a niche product and not directly tied to EU ETS emissions trading or policy."", ""Electric radiators are a niche product and not directly tied to EU ETS emissions trading dynamics.""]",1,1.0,-0.1,-0.1,"[1, 1, 1]"
1937,https://www.businessgreen.com/bg/news-analysis/3079598/coal-collapse-are-coal-powers-days-numbered-in-europe,,Coal collapse : Are coal power days in Europe numbered ? ,2019-07-26,,businessgreen.com,English,United Kingdom,1,3,eu_context;energy_driver,YES,1,"[""YES"", ""YES"", ""YES""]","[""Coal\u2019s decline accelerates EU ETS demand for cleaner alternatives, pressuring prices upward."", ""Coal\u2019s decline accelerates ETS demand for cleaner alternatives, pushing prices higher."", ""Coal\u2019s decline accelerates EU ETS demand for cleaner alternatives, pushing prices higher.""]",8,1.0,0.8,0.8,"[8, 8, 8]"
1943,https://sciencebusiness.net/network-updates/eua-joint-call-ambitious-horizon-europe-budget,,EUA : Joint call for an ambitious Horizon Europe budget,2019-07-30,,sciencebusiness.net,English,United Kingdom,1,8,eu_ets_strong;eu_context,NO,-1,"[""NO"", ""NO"", ""NO""]","[""Joint calls for budget increases may signal policy ambition but don\u2019t directly affect ETS price mechanics."", ""Joint funding announcements may signal policy momentum but don\u2019t directly affect ETS price mechanics."", ""Joint calls for budget increases are unlikely to directly impact EU ETS pricing, though they may indirectly affect carbon-intensive sectors.""]",3,1.0,-0.3,-0.3,"[3, 3, 3]"
1949,https://www.hedgeweek.com/2019/08/01/277771/power-derivatives-market-55-cent-july,,Power derivatives market up by 55 per cent in July,2019-08-01,https://www.hedgeweek.com/sites/all/themes/theme2014/img/article1200x1200.jpg,hedgeweek.com,English,United Kingdom,1,2,carbon_terms=1;energy_driver,YES,1,"[""YES"", ""YES"", ""YES""]","[""Power derivatives surge signals strong demand for clean energy, likely boosting EU ETS prices."", ""Power derivatives surge suggests increased demand or supply tightness, potentially pressuring EU ETS prices."", ""Power derivatives surge suggests rising demand or supply constraints, potentially pressuring EU ETS prices.""]",7,1.0,0.7,0.7,"[7, 7, 7]"
1955,https://www.euronews.com/2019/08/07/the-long-term-strategy-to-make-the-eu-carbon-neutral-needs-a-hard-reality-check-view,/amp/2019/08/07/the-long-term-strategy-to-make-the-eu-carbon-neutral-needs-a-hard-reality-check-view,The long - term strategy to make the EU carbon neutral needs a hard reality check ǀ View,2019-08-07,https://static.euronews.com/articles/stories/04/07/63/56/1000x563_cmsv2_8215af0c-4903-5f9a-8f71-82e7f071d2d0-4076356.jpg,euronews.com,English,United States,1,3,eu_context;carbon_terms=1,NO,-1,"[""NO"", ""NO"", ""NO""]","[""The headline suggests a critical reassessment of long-term EU carbon neutrality goals, which may imply short-term market volatility but not a direct price signal."", ""Short-term ETS price volatility may be driven by policy uncertainty rather than long-term carbon neutrality goals."", ""Short-term ETS price volatility may be influenced by policy uncertainty but long-term carbon neutrality goals are not directly priced in the market.""]",5,1.0,-0.5,-0.5,"[5, 5, 5]"
1961,https://www.businessgreen.com/bg/news/3080348/reports-investors-eye-gbp900m-british-steel-turnaround-plan-for-greenest-steel-in-europe,,Reports : Investors eye £900m British Steel turnaround plan to deliver  greenest steel in Europe  ,2019-08-12,,businessgreen.com,English,United Kingdom,1,2,eu_context,YES,1,"[""YES"", ""YES"", ""YES""]","[""Green steel ambitions may drive demand for EU ETS allowances, boosting short-term prices."", ""Green steel initiatives may boost EU ETS demand as investors favor carbon-efficient assets."", ""Green steel initiatives may boost ETS demand as investors prioritize low-carbon assets.""]",7,1.0,0.7,0.7,"[7, 7, 7]"
1967,https://finance.yahoo.com/news/britain-break-europe-palm-oil-001354219.html,https://finance.yahoo.com/amphtml/news/britain-break-europe-palm-oil-001354219.html,Britain Should Break With Europe on Palm Oil,2019-08-19,,finance.yahoo.com,English,United States,2,3,eu_context;energy_driver,NO,-1,"[""NO"", ""NO"", ""NO""]","[""Palm oil trade policy shifts may indirectly affect EU ETS via supply chain emissions, but direct impact is limited."", ""Palm oil trade policy shifts may indirectly affect EU ETS via supply chain disruptions but are unlikely to cause immediate price swings."", ""Palm oil trade policy shifts may indirectly affect EU ETS via supply chain disruptions, but no direct price signal is implied.""]",3,1.0,-0.3,-0.3,"[3, 5, 3]"
1973,https://ca.finance.yahoo.com/news/britain-break-europe-palm-oil-001354219.html,https://ca.finance.yahoo.com/amphtml/news/britain-break-europe-palm-oil-001354219.html,Britain Should Break With Europe on Palm Oil,2019-08-21,,ca.finance.yahoo.com,English,United States,2,3,eu_context;energy_driver,NO,-1,"[""NO"", ""NO"", ""NO""]","[""Palm oil trade policy shifts may indirectly affect EU ETS via supply chain emissions, but direct impact is limited."", ""Palm oil trade policy shifts may indirectly affect EU ETS via supply chain disruptions but are unlikely to cause immediate price swings."", ""Palm oil trade policy shifts may indirectly affect EU ETS via supply chain disruptions, but no direct price signal is implied.""]",3,1.0,-0.3,-0.3,"[3, 5, 3]"
1979,https://www.leta.lv/eng/home/press_release/F3E1A18D-3B8F-450E-A4F7-D77C0F656023/,,University of Latvia asks for the international support of the European University Association | Press Releases,2019-08-23,,leta.lv,English,Latvia,1,2,eu_context,NO,-1,"[""NO"", ""NO"", ""NO""]","[""No direct financial or carbon market impact from university association press release."", ""No direct financial or carbon market impact from university press release."", ""No direct financial or carbon market implications from university press releases.""]",1,1.0,-0.1,-0.1,"[1, 1, 1]"
1985,https://www.hedgeweek.com/2019/09/02/278334/eex-see-clear-double-digit-growth-power-markets-germany-netherlands-and-south,,"EEX see clear double - digit growth in power markets for Germany , the Netherlands and South - Eastern Europe",2019-09-02,https://www.hedgeweek.com/sites/default/files/styles/facebook_200_square/public/image_library/Graphs/Green%20up-arrow.jpg,hedgeweek.com,English,United Kingdom,1,10,eu_ets_strong;eu_context;carbon_terms=1;energy_driver,YES,1,"[""YES"", ""YES"", ""YES""]","[""Power market growth signals increased demand for carbon credits, potentially boosting EU ETS prices."", ""Power market growth in those regions may boost demand for carbon allowances, lifting EU ETS prices."", ""Power market growth in those regions may boost demand for carbon allowances, supporting EU ETS prices.""]",7,1.0,0.7,0.7,"[7, 7, 7]"
1991,https://www.politico.eu/article/von-der-leyens-climate-brussels-reality/,https://www.politico.eu/article/von-der-leyens-climate-brussels-reality/amp/,Von der Leyen climate promises run into Brussels reality – POLITICO,2019-09-06,https://www.politico.eu/wp-content/uploads/2019/09/GettyImages-1155832334-1200x628.jpg,politico.eu,English,United States,1,2,eu_context,NO,-1,"[""NO"", ""NO"", ""NO""]","[""Policy rhetoric without concrete implementation may dampen market expectations for ETS compliance."", ""Policy rhetoric without concrete implementation risks market skepticism and reduced ETS price momentum."", ""Policy rhetoric without concrete implementation may dampen market confidence in EU ETS.""]",5,1.0,-0.5,-0.5,"[5, 5, 4]"
1997,https://prime.economictimes.indiatimes.com/news/71057634/environment/curbing-greenhouse-gases-china-plans-to-build-the-worlds-largest-national-carbon-trading-market,,Curbing greenhouse gases : China plans to build the world largest national carbon trading market,2019-09-10,https://etimg.etb2bimg.com/thumb/340867/71057634.cms?&overlay=etprime,prime.economictimes.indiatimes.com,English,India,1,4,carbon_terms=3;energy_driver,NO,-1,"[""NO"", ""YES"", ""NO""]","[""China\u2019s massive carbon market could shift global emissions trading dynamics and pressure EU ETS prices downward via supply-side competition."", ""China\u2019s massive carbon market could influence global prices via demand shifts and policy spillovers."", ""China\u2019s large carbon market could shift global emissions trading dynamics and indirectly affect EU ETS prices through supply/demand shifts or policy spillovers.""]",6,0.6666666666666666,-0.6,-0.3999999999999999,"[7, 7, 6]"
2003,https://www.dw.com/en/eu-plans-energy-tax-to-combat-climate-change/a-50426176,https://amp.dw.com/en/eu-plans-energy-tax-to-combat-climate-change/a-50426176,EU plans energy tax to combat climate change | News | DW,2019-09-14,https://www.dw.com/image/40187304_304.png,dw.com,English,Germany,1,2,eu_context,YES,1,"[""YES"", ""YES"", ""YES""]","[""Energy tax could boost compliance and increase emissions trading demand."", ""Energy tax could boost carbon pricing and increase demand for ETS allowances."", ""Energy tax could increase emissions intensity, potentially boosting EU ETS demand.""]",7,1.0,0.7,0.7,"[7, 7, 7]"
2009,https://af.reuters.com/article/commoditiesNews/idAFL3N2692PT,https://mobile.reuters.com/article/amp/af/idAFL3N2692PT,"NORDIC POWER - Prices dip on higher water reserves , weaker European market - Agricultural Commodities",2019-09-18,https://s4.reutersmedia.net/resources_v2/images/rcom-default.png,af.reuters.com,English,United States,2,5,eu_context;carbon_terms=2;energy_driver,NO,-1,"[""NO"", ""NO"", ""NO""]","[""Water reserves and weak European market may dampen demand but not decisively alter EU ETS pricing."", ""Water reserves and weak European demand suggest reduced power generation pressure, mildly supporting lower ETS prices."", ""Water reserves and weak European demand suggest reduced power generation pressure, slightly lowering ETS price momentum.""]",3,1.0,-0.3,-0.3,"[4, 3, 3]"
2015,https://www.euractiv.com/section/emissions-trading-scheme/news/fri-ready-coal-bubble-puts-eu-carbon-market-under-threat-watchdog-warns/,,"  Coal bubble  puts EU carbon market under threat , watchdog warns – EURACTIV . com",2019-09-20,https://www.euractiv.com/wp-content/uploads/sites/2/2018/03/Coal_sunset-800x450.jpg,euractiv.com,English,United Kingdom,1,5,eu_context;carbon_terms=2;energy_driver,NO,-1,"[""NO"", ""NO"", ""NO""]","[""Coal sector rebound risks disrupting carbon price stability due to oversupply and regulatory uncertainty."", ""Coal sector revival risks undermining carbon price stability by increasing emissions and reducing compliance incentives."", ""Coal sector rebound risks undermining carbon price stability through increased emissions and regulatory uncertainty.""]",7,1.0,-0.7,-0.7,"[7, 7, 7]"
2021,https://www.euractiv.com/section/climate-environment/news/eu-countries-urged-to-reject-un-scheme-that-could-thwart-action-on-aviation-emissions/,,EU countries urged to reject UN scheme that could thwart action on aviation emissions,2019-09-23,https://www.euractiv.com/wp-content/uploads/sites/2/2019/05/shutterstock_305459558-800x450.jpg,euractiv.com,English,United Kingdom,1,4,eu_context;carbon_terms=2,NO,-1,"[""NO"", ""NO"", ""NO""]","[""Potential regulatory divergence could disrupt market certainty, but aviation emissions are not directly tied to EU ETS price movements."", ""Potential regulatory clash could delay or weaken aviation emissions compliance, impacting ETS demand."", ""Potential regulatory divergence could dampen EU ETS price if aviation emissions targets are undermined.""]",5,1.0,-0.5,-0.5,"[5, 5, 5]"
2027,https://nz.finance.yahoo.com/news/europe-seeks-bring-laggards-climate-030000205.html,https://nz.finance.yahoo.com/amphtml/news/europe-seeks-bring-laggards-climate-030000205.html,Europe Seeks to Bring Its Laggards on Climate Policy Into Line,2019-09-25,https://s.yimg.com/uu/api/res/1.2/bJBagFoCEXB0DXAOQo0pyA--~B/aD03MTY7dz0xMjk2O3NtPTE7YXBwaWQ9eXRhY2h5b24-/https://media.zenfs.com/en/bloomberg_markets_842/c9b43d225f7730e78ff54f3ab669d6f5,nz.finance.yahoo.com,English,United States,1,2,eu_context,YES,1,"[""YES"", ""YES"", ""YES""]","[""Policy alignment pressure may drive higher compliance costs and emissions caps, boosting ETS prices."", ""Policy tightening may boost compliance costs and drive up ETS prices."", ""Policy alignment pressure may boost ETS demand as compliance costs rise.""]",7,1.0,0.7,0.7,"[7, 7, 7]"
2033,https://www.journalpioneer.com/business/reuters/new-group-tries-to-boost-the-eus-capital-markets-as-brexit-looms-357440/,,New group tries to boost the EU capital markets as Brexit looms | Reuters | Business,2019-09-27,https://www.journalpioneer.com/media/photologue/photos/cache/new-group-tries-to-boost-the-eus-capital-markets-as-brexit-looms_medium,journalpioneer.com,English,Canada,1,3,eu_context;carbon_terms=1,NO,-1,"[""NO"", ""NO"", ""NO""]","[""Carbon pricing and EU ETS are not directly affected by Brexit-related capital market initiatives."", ""Brexit-related capital market activity is unlikely to directly impact EU ETS pricing in the short term."", ""Carbon pricing and EU ETS are not directly impacted by Brexit-related capital market developments.""]",2,1.0,-0.2,-0.2,"[2, 2, 2]"
2039,https://www.euractiv.com/section/energy/interview/academic-higher-carbon-price-needed-to-ramp-up-eu-biomethane-production/,,Academic : Higher carbon price needed to ramp up EU biomethane production,2019-10-01,https://www.euractiv.com/wp-content/uploads/sites/2/2019/10/Biogas_sunrise-800x450.jpg,euractiv.com,English,United Kingdom,1,4,eu_context;carbon_terms=2,YES,1,"[""YES"", ""YES"", ""YES""]","[""Higher carbon prices incentivize biomethane production, potentially driving up EU ETS demand and prices."", ""Higher carbon prices incentivize biomethane production, potentially increasing demand and pushing EU ETS prices upward."", ""Higher carbon prices incentivize biomethane production, potentially boosting EU ETS demand and prices.""]",7,1.0,0.7,0.7,"[7, 7, 7]"
2045,https://www.reuters.com/article/us-eu-carbon-bordertax/eu-leaders-risk-trade-tension-with-carbon-border-tax-to-protect-industry-idUSKBN1WH1XO,https://mobile.reuters.com/article/amp/idUSKBN1WH1XO,EU leaders risk trade tension with carbon border tax to protect industry,2019-10-03,https://s4.reutersmedia.net/resources/r/?m=02&d=20191002&t=2&i=1436308164&r=LYNXMPEF911AS,reuters.com,English,United States,1,3,eu_context;carbon_terms=1,YES,1,"[""YES"", ""YES"", ""YES""]","[""Carbon border tax risks triggering trade retaliation, potentially disrupting EU ETS-linked exports and affecting price volatility."", ""Carbon border tax may drive price increases as industries face compliance costs and trade tensions escalate."", ""Carbon border tax risks triggering trade retaliation, potentially pressuring EU ETS demand as industries face compliance costs.""]",7,1.0,0.7,0.7,"[7, 7, 7]"
2051,https://www.dawn.com/news/1509285,,Towards a net - zero emissions world - Newspaper,2019-10-06,,dawn.com,English,Pakistan,1,2,carbon_terms=2,NO,-1,"[""NO"", ""NO"", ""NO""]","[""General sentiment about net-zero goals has limited direct short-term impact on EU ETS pricing."", ""General sentiment about net-zero goals has limited direct short-term impact on EU ETS pricing."", ""General sentiment about net-zero goals has limited immediate impact on short-term EU ETS pricing.""]",3,1.0,-0.3,-0.3,"[3, 3, 3]"
2057,https://www.agriculture.com/markets/newswire/update-1-incoming-top-eu-climate-official-pledges-to-tax-polluting-imports,,UPDATE 1 - Incoming top EU climate official pledges to tax polluting imports,2019-10-09,,agriculture.com,English,United States,1,2,eu_context,YES,1,"[""YES"", ""YES"", ""YES""]","[""Potential import tax could increase demand for EU ETS allowances, boosting prices."", ""Rationale: A pledge to tax polluting imports signals stronger enforcement and could boost ETS prices by increasing compliance costs for importers."", ""Rationale: A pledge to tax polluting imports signals potential policy tightening, likely boosting ETS prices.""]",7,1.0,0.7,0.7,"[7, 8, 7]"
2063,https://lsolum.typepad.com/legaltheory/2019/10/dabner-on-the-eu-emissions-trading-scheme.html,,Legal Theory Blog : Dabner on the EU Emissions Trading Scheme,2019-10-11,,lsolum.typepad.com,English,United States,1,5,eu_context;carbon_terms=3,NO,-1,"[""NO"", ""NO"", ""NO""]","[""Legal theory analysis may offer conceptual insights but lacks immediate market data or policy action to influence short-term price."", ""Legal theory analysis may offer conceptual insights but lacks immediate market data or policy shifts to affect short-term price."", ""Legal theory analysis may offer conceptual insights but lacks immediate market data or policy triggers to affect short-term price.""]",3,1.0,-0.3,-0.3,"[3, 3, 3]"
2069,https://af.reuters.com/article/energyOilNews/idAFL5N2702GN,https://mobile.reuters.com/article/amp/af/idAFL5N2702GN,EUROPE POWER - Day - ahead prices pressured by wind generation surge - Energy & Oil,2019-10-15,https://s4.reutersmedia.net/resources_v2/images/rcom-default.png,af.reuters.com,English,United States,1,4,eu_context;carbon_terms=1;energy_driver,NO,-1,"[""NO"", ""NO"", ""NO""]","[""Wind surge reduces demand for fossil fuels, pressuring short-term EU ETS prices."", ""Wind generation surge reduces demand for fossil fuels, pressuring short-term EU ETS prices."", ""Wind generation surge reduces demand for fossil fuels, pressuring short-term EU ETS prices.""]",6,1.0,-0.6,-0.6,"[6, 6, 7]"
2075,https://www.envirotech-online.com/article/air-monitoring/6/source-testing-association/pstationary-source-emissions-emission-monitoring-and-measurement-of-flue-gas-flow-ratep/2627,,Stationary Source Emissions Emission monitoring and measurement of flue gas flow rate - Oct 01 2019 - Andy Curtis - Environmental Science News Articles,2019-10-17,https://www.envirotech-online.com/assets/file_store/article_files/2627/thumbnails/600w_chimneys.jpg,envirotech-online.com,English,United Kingdom,1,3,carbon_terms=2;energy_driver,NO,-1,"[""NO"", ""NO"", ""NO""]","[""Emission monitoring updates may trigger compliance adjustments but are unlikely to cause short-term price volatility."", ""Emission monitoring updates are unlikely to cause short-term price swings in EU ETS due to their routine nature and lack of regulatory surprise."", ""Emission monitoring updates are unlikely to cause short-term price swings in EU ETS due to their routine nature and lack of immediate market impact.""]",2,1.0,-0.2,-0.2,"[3, 2, 2]"
2081,http://www.xinhuanet.com/english/2019-10/19/c_138483815.htm,,France inaugurates Europe largest floating solar plant - Xinhua,2019-10-19,,xinhuanet.com,English,China,2,2,eu_context,YES,1,"[""YES"", ""YES"", ""YES""]","[""Floating solar plants reduce long-term emissions, potentially influencing EU ETS policy and pricing via carbon intensity benchmarks."", ""Floating solar plants can reduce future emissions, potentially influencing EU ETS policy or carbon pricing."", ""Floating solar plants reduce emissions, potentially lowering EU ETS compliance costs and influencing market sentiment.""]",5,1.0,0.5,0.5,"[5, 5, 5]"
2087,https://www.armstrongeconomics.com/markets-by-sector/energy/poland-rejects-eu-demand-for-zero-co2-emissions/,,Poland Rejects EU Demand for Zero CO2 Emissions | Armstrong Economics,2019-10-21,,armstrongeconomics.com,English,United States,2,4,eu_context;carbon_terms=2,NO,-1,"[""NO"", ""NO"", ""NO""]","[""Poland\u2019s rejection signals potential policy divergence, which could affect EU ETS pricing through altered compliance dynamics and carbon leakage risks."", ""Poland\u2019s rejection signals potential policy divergence that could pressure EU ETS prices if member states resist emissions targets."", ""Poland\u2019s rejection signals potential policy divergence that could affect EU ETS pricing via market uncertainty and reduced compliance pressure.""]",6,1.0,-0.6,-0.6,"[6, 7, 5]"
2093,https://www.aljazeera.com/ajimpact/carbon-tracker-vast-majority-eu-coal-plants-unprofitable-191023201119796.html,https://www.aljazeera.com/amp/ajimpact/carbon-tracker-vast-majority-eu-coal-plants-unprofitable-191023201119796.html,Carbon Tracker : Vast majority of EU coal plants are unprofitable,2019-10-23,https://www.aljazeera.com/mritems/Images/2019/10/23/77367caa2e7f4bb7809533b477437330_18.jpg,aljazeera.com,English,United States,2,4,eu_context;carbon_terms=1;energy_driver,YES,1,"[""YES"", ""YES"", ""YES""]","[""Coal plant unprofitability pressures EU ETS demand as emissions reductions accelerate."", ""Coal plant unprofitability pressures emissions reduction targets, likely boosting ETS demand."", ""Coal plant unprofitability pressures emissions reduction, potentially boosting ETS demand.""]",8,1.0,0.8,0.8,"[8, 8, 8]"
2099,https://af.reuters.com/article/energyOilNews/idAFL5N27A4A9,https://mobile.reuters.com/article/amp/af/idAFL5N27A4A9,EUROPE POWER - Prices for early next week soar on drop in wind generation - Energy & Oil,2019-10-25,https://s4.reutersmedia.net/resources_v2/images/rcom-default.png,af.reuters.com,English,United States,2,4,eu_context;carbon_terms=1;energy_driver,YES,1,"[""YES"", ""YES"", ""YES""]","[""Wind generation drop boosts demand and tightens supply, likely pushing prices higher."", ""Wind generation drop likely triggers higher carbon prices as emissions intensity rises."", ""Wind generation drop likely boosts carbon prices as supply tightens.""]",8,1.0,0.8,0.8,"[8, 8, 8]"
2105,https://www.nbc-2.com/story/41222875/how-the-dirtiest-power-station-in-western-europe-switched-to-renewable-energy,,How the dirtiest power station in western Europe switched to renewable energy,2019-10-27,https://ftpcontent.worldnow.com/professionalservices/clients/wbbh/nbc2.svg,nbc-2.com,English,United States,2,3,eu_context;energy_driver,YES,1,"[""YES"", ""YES"", ""YES""]","[""Switching a major polluting facility to renewables signals policy enforcement and market-driven decarbonization, likely boosting ETS demand."", ""Switching a major polluter to renewables signals policy enforcement and could boost ETS demand."", ""Switching a major polluting plant to renewables signals policy enforcement and could boost ETS demand.""]",7,1.0,0.7,0.7,"[7, 7, 7]"
2111,https://reneweconomy.com.au/four-in-five-eu-coal-plants-are-unprofitable-cant-compete-with-renewables-72837/,https://reneweconomy.com.au/four-in-five-eu-coal-plants-are-unprofitable-cant-compete-with-renewables-72837/amp/,"Four in five EU coal plants are unprofitable , cant compete with renewables",2019-10-29,https://reneweconomy.com.au/wp-content/uploads/2019/07/vattenfall-coal-plant-germany-DACTP9-1550x804.jpg,reneweconomy.com.au,English,Australia,2,3,eu_context;energy_driver,YES,1,"[""YES"", ""YES"", ""YES""]","[""Coal plant closures reduce emissions and signal policy tightening, boosting ETS demand."", ""Coal plant closures reduce emissions and pressure on carbon prices as renewables displace fossil fuels."", ""Coal plant closures reduce emissions, likely boosting ETS prices.""]",8,1.0,0.8,0.8,"[8, 8, 8]"
2117,https://www.reuters.com/article/us-eu-carbon/europes-carbon-market-emissions-fell-4-in-2018-idUSKBN1XA1NE,https://mobile.reuters.com/article/amp/idUSKBN1XA1NE,Europe carbon market emissions fell 4 % in 2018,2019-10-31,https://s4.reutersmedia.net/resources_v2/images/rcom-default.png,reuters.com,English,United States,1,6,eu_context;carbon_terms=4,NO,-1,"[""NO"", ""NO"", ""NO""]","[""Lower emissions suggest potential downward pressure on EU ETS prices, but 2018 data is historical and doesn't predict future trends."", ""Emissions decline suggests potential downward pressure on EU ETS prices, but 2018 data is historical and doesn't reflect current market dynamics."", ""Lower emissions suggest potential downward pressure on EU ETS prices due to reduced compliance demand.""]",3,1.0,-0.3,-0.3,"[3, 3, 3]"
2123,http://www.china.org.cn/world/Off_the_Wire/2019-11/02/content_75367055.htm,,Feature : BiH sees first power plant in Europe built by Chinese company,2019-11-02,,china.org.cn,English,China,2,3,eu_context;energy_driver,NO,-1,"[""NO"", ""NO"", ""NO""]","[""Chinese investment in BiH\u2019s power plant may signal future energy diversification but lacks immediate ETS market impact."", ""Potential for increased carbon intensity due to less regulated Chinese construction practices."", ""Chinese investment may introduce efficiency gains but doesn\u2019t signal major EU ETS volatility.""]",3,1.0,-0.3,-0.3,"[3, 3, 3]"
2129,https://aviationweek.com/awincommercial/uk-switzerland-plan-emissions-trading-systems,,"UK , Switzerland Plan Emissions Trading Systems",2019-11-04,https://aviationweek.com/site-files/aviationweek.com/files/uploads/2019/11/generic-boeing-777x-photo-source-boeing.jpg,aviationweek.com,English,United States,1,9,eu_ets_strong;carbon_terms=3,NO,-1,"[""NO"", ""NO"", ""NO""]","[""New ETS frameworks could influence EU ETS pricing via cross-border emissions trading dynamics."", ""New ETS frameworks may indirectly affect EU ETS via cross-border emissions and policy alignment, but immediate price impact is uncertain."", ""New ETS frameworks may influence EU ETS pricing via cross-border emissions trading dynamics.""]",5,1.0,-0.5,-0.5,"[6, 5, 5]"
2135,https://af.reuters.com/article/commoditiesNews/idAFL8N27L6DR,https://mobile.reuters.com/article/amp/af/idAFL8N27L6DR,EUROPE POWER - Wind surge weighs down prompt prices - Agricultural Commodities,2019-11-06,https://s4.reutersmedia.net/resources_v2/images/rcom-default.png,af.reuters.com,English,United States,2,4,eu_context;carbon_terms=1;energy_driver,NO,-1,"[""NO"", ""NO"", ""NO""]","[""Wind surge likely displaces demand for fossil fuels, potentially lowering prompt prices in EU ETS."", ""Wind surge indicates increased renewable energy supply, potentially reducing demand for fossil fuels and pressuring EU ETS prices."", ""Wind surge implies oversupply, pressuring prompt prices in EU ETS via reduced demand for fossil fuels.""]",3,1.0,-0.3,-0.3,"[5, 3, 3]"
2141,https://www.reuters.com/article/us-poland-electric-idUSKBN1XI1KY,https://mobile.reuters.com/article/amp/idUSKBN1XI1KY,Coal - reliant Poland e - car push clouded by EU emissions row,2019-11-08,https://s4.reutersmedia.net/resources/r/?m=02&d=20191108&t=2&i=1449837727&r=LYNXMPEFA717R,reuters.com,English,United States,2,5,eu_context;carbon_terms=2;energy_driver,NO,-1,"[""NO"", ""NO"", ""NO""]","[""Poland\u2019s coal reliance and EV push may be offset by EU emissions disputes, creating market uncertainty."", ""Poland\u2019s coal dependency and EV push may be offset by EU emissions policy tensions, creating market uncertainty."", ""Poland\u2019s coal-dependent economy and EV push may face regulatory friction with EU emissions targets, potentially dampening short-term ETS demand.""]",6,1.0,-0.6,-0.6,"[6, 6, 6]"
2147,https://www.stuff.co.nz/business/world/117314953/qantas-pledges-zero-net-carbon-emissions-by-2050,,Qantas pledges zero net carbon emissions by 2050,2019-11-10,https://resources.stuff.co.nz/content/dam/images/1/u/0/b/4/7/image.related.StuffLandscapeSixteenByNine.1420x800.1xugsp.png/1573413394511.jpg,stuff.co.nz,English,New Zealand,2,3,carbon_terms=3,NO,-1,"[""NO"", ""NO"", ""NO""]","[""Short-term EU ETS price impact unlikely as Qantas\u2019s 2050 target is long-term and lacks immediate policy or operational implications."", ""Short-term ETS price impact unlikely due to long-term target and no immediate policy or operational changes."", ""Short-term ETS price impact unlikely as long-term emissions goals don't trigger immediate policy or trading adjustments.""]",3,1.0,-0.3,-0.3,"[3, 3, 3]"
2153,https://www.nasdaq.com/articles/eex-group-buys-commodities-business-of-nasdaq-futures-2019-11-12,https://www.nasdaq.com/articles/eex-group-buys-commodities-business-of-nasdaq-futures-2019-11-12?amp,EEX Group buys commodities business of Nasdaq Futures,2019-11-12,https://www.nasdaq.com/sites/acquia.prod/files/2019-11-12T143352Z_1_OG5_RTRLXPP_2_LYNXPACKAGER.JPG,nasdaq.com,English,United States,2,7,eu_ets_strong;carbon_terms=1,NO,-1,"[""NO"", ""NO"", ""NO""]","[""EEX Group\u2019s acquisition may diversify its offerings but doesn\u2019t directly impact EU ETS price dynamics."", ""EEX Group\u2019s acquisition of Nasdaq Futures\u2019 commodities business may slightly diversify its offerings but doesn\u2019t directly alter EU ETS market dynamics."", ""EEX Group\u2019s acquisition may diversify its offerings but doesn\u2019t directly affect EU ETS price dynamics or carbon market fundamentals.""]",3,1.0,-0.3,-0.3,"[3, 3, 3]"
2159,https://www.marketscreener.com/news/European-Court-of-Auditors-Upcoming-report-on-greenhouse-gas-emissions--29577378/,https://www.marketscreener.com/amp/news/European-Court-of-Auditors-Upcoming-report-on-greenhouse-gas-emissions--29577378/,European Court of Auditors : Upcoming report on greenhouse gas emissions,2019-11-14,https://www.marketscreener.com/images/twitter_MS_fdblanc.png,marketscreener.com,English,,2,5,eu_context;carbon_terms=2;energy_driver,NO,-1,"[""NO"", ""NO"", ""NO""]","[""Court report may highlight compliance gaps but lacks immediate market signals."", ""Court report may highlight compliance gaps but lacks immediate market-moving data."", ""Court report may highlight compliance gaps but lacks direct market intervention signal.""]",3,1.0,-0.3,-0.3,"[3, 3, 3]"
2165,https://www.farmersjournal.ie/comparing-nitrate-levels-in-water-across-the-eu-505899,https://www.farmersjournal.ie/amp/comparing-nitrate-levels-in-water-across-the-eu-505899,Comparing nitrate levels in water across the EU,2019-11-16,https://s3-eu-west-1.amazonaws.com/ifj/WEBFILES/000/505/899/1391064-505899.jpg,farmersjournal.ie,English,Ireland,1,2,eu_context,NO,-1,"[""NO"", ""NO"", ""NO""]","[""Nitrate levels in water are not a direct driver of EU ETS price dynamics."", ""Nitrate levels in water are not directly linked to EU ETS price dynamics or carbon trading mechanisms."", ""Nitrate levels in water are not directly linked to EU ETS price movements or carbon trading mechanisms.""]",2,1.0,-0.2,-0.2,"[2, 2, 2]"
2171,https://www.azernews.az/region/158596.html,,Kazakhstan to match emissions to environment to European volume,2019-11-18,https://www.azernews.az/media/2019/11/18/trend_astana_161111.jpg,azernews.az,English,Azerbaijan,2,4,eu_context;carbon_terms=2,NO,-1,"[""NO"", ""NO"", ""NO""]","[""Kazakhstan\u2019s emissions matching to EU ETS volume is unlikely to materially affect short-term EU ETS prices due to low current exposure and minimal direct market linkage."", ""Kazakhstan\u2019s emissions matching to EU ETS volume is unlikely to trigger immediate price shifts due to low market participation."", ""Kazakhstan\u2019s emissions matching to EU volume is unlikely to materially affect EU ETS pricing due to low volume and limited market influence.""]",3,1.0,-0.3,-0.3,"[3, 3, 3]"
2177,https://af.reuters.com/article/energyOilNews/idAFL8N27Z3GI,https://mobile.reuters.com/article/amp/af/idAFL8N27Z3GI,EUROPE POWER - German spot soars on forecast drop in wind power - Energy & Oil,2019-11-20,https://s4.reutersmedia.net/resources_v2/images/rcom-default.png,af.reuters.com,English,United States,2,3,eu_context;energy_driver,YES,1,"[""YES"", ""YES"", ""YES""]","[""Wind power shortfall boosts demand for fossil fuels, pushing spot prices up."", ""Wind power shortfall drives short-term price spike in German spot market."", ""Wind power shortfall boosts demand for fossil fuels, pushing spot prices higher.""]",7,1.0,0.7,0.7,"[7, 7, 7]"
2183,https://www.euractiv.com/section/energy-environment/opinion/why-the-eu-ets-wont-deliver-better-buildings-for-all-but-a-green-deal-could/,,"Why the EU ETS wont deliver better buildings for all , but a Green Deal could – EURACTIV . com",2019-11-25,https://www.euractiv.com/wp-content/uploads/sites/2/2019/11/shutterstock_135519194-800x450.jpg,euractiv.com,English,United Kingdom,1,8,eu_ets_strong;eu_context,NO,-1,"[""NO"", ""NO"", ""NO""]","[""The headline suggests limited direct price impact from building efficiency, but implies broader policy shifts that could indirectly affect ETS pricing."", ""The headline suggests a disconnect between EU ETS policy and building decarbonization, implying limited short-term price impact."", ""The article suggests limited immediate impact on ETS prices due to focus on policy implementation rather than market-driven emissions reductions.""]",3,1.0,-0.3,-0.3,"[3, 3, 3]"
2189,https://www.esi-africa.com/industry-sectors/future-energy/op-ed-emissions-trading-is-irrelevant-to-africas-energy-deficit/,,Op - Ed : Emissions trading is irrelevant to Africa energy deficit,2019-11-27,https://d1jbg4la8qhw2x.cloudfront.net/wp-content/uploads/2019/09/CO2.jpg,esi-africa.com,English,South Africa,1,3,carbon_terms=3,NO,-1,"[""NO"", ""NO"", ""NO""]","[""The headline\u2019s claim is misleading and overlooks EU ETS\u2019s role in global carbon markets, which may indirectly influence African energy policy through carbon pricing signals."", ""The headline's claim is misleading and irrelevant to EU ETS price dynamics, as Africa's energy deficit does not directly affect European carbon markets."", ""Emissions trading has minimal direct relevance to Africa\u2019s energy deficit, as it primarily affects industrial emissions, not energy access.""]",2,1.0,-0.2,-0.2,"[2, 2, 2]"
2195,http://carbon-pulse.com/87701/,,EU Parliament adopts toned down climate emergency declaration « Carbon Pulse,2019-11-29,,carbon-pulse.com,English,China,1,3,eu_context;carbon_terms=1,NO,-1,"[""NO"", ""NO"", ""NO""]","[""Toned-down declaration may signal reduced policy urgency, but doesn\u2019t directly impact market fundamentals or trading volume."", ""Toned-down declaration may signal reduced urgency, but doesn\u2019t directly alter emissions targets or trading mechanics."", ""Toned-down declaration may signal reduced urgency, but doesn't directly impact market fundamentals or trading volume.""]",5,1.0,-0.5,-0.5,"[5, 5, 5]"
2201,https://www.universityworldnews.com/post.php?story=20191129093249666,,"Diversity , equity and inclusion in European universities",2019-12-01,https://www.universityworldnews.com/images/uwn-ball-320.png,universityworldnews.com,English,United States,1,2,eu_context,NO,-1,"[""NO"", ""NO"", ""NO""]","[""EU ETS price is unlikely to be directly affected by university DEI initiatives."", ""EU ETS price is unlikely to be directly affected by university DEI initiatives."", ""EU ETS price is unlikely to be directly affected by university DEI initiatives, unless tied to broader policy or emissions targets.""]",2,1.0,-0.2,-0.2,"[2, 2, 1]"
2207,https://mondovisione.com/media-and-resources/news/eex-trading-results-in-november-double-digit-growth-in-french-spanish-and-csee/,,"EEX Trading Results In November : Double Digit Growth In French , Spanish And CSEE Power",2019-12-03,,mondovisione.com,English,United States,1,8,eu_ets_strong;carbon_terms=1;energy_driver,YES,1,"[""YES"", ""YES"", ""YES""]","[""Higher cross-border power trading volumes suggest increased demand and potential price pressure in the EU ETS."", ""Higher power generation volumes in key ETS markets suggest increased demand for allowances, potentially boosting prices."", ""Higher power sector trading volumes in key ETS markets suggest increased demand and potential price pressure.""]",7,1.0,0.7,0.7,"[7, 7, 7]"
2213,https://governorswindenergycoalition.org/un-climate-talks-aim-to-pave-way-for-global-carbon-market/,,UN Climate Talks Aim to Pave Way for Global Carbon Market - Governor Wind Energy Coalition,2019-12-05,,governorswindenergycoalition.org,English,United States,1,3,carbon_terms=2;energy_driver,NO,-1,"[""NO"", ""NO"", ""NO""]","[""Global carbon market alignment could influence EU ETS but immediate price impact is uncertain."", ""Potential global carbon market alignment could influence EU ETS but lacks immediate policy clarity."", ""Potential policy alignment could boost ETS prices, but immediate market impact is uncertain.""]",5,1.0,-0.5,-0.5,"[5, 5, 5]"
2219,https://www.newdelhitimes.com/un-climate-talks-aim-to-pave-way-for-global-carbon-market/,,UN Climate Talks Aim to Pave Way for Global Carbon Market - New Delhi Times - India Only International Newspaper,2019-12-07,https://i1.wp.com/www.newdelhitimes.com/wp-content/uploads/2017/05/545bbf684248466aa4d4a9796bf9f3af.jpg?fit=512%2C355&ssl=1,newdelhitimes.com,English,United States,1,2,carbon_terms=2,NO,-1,"[""NO"", ""NO"", ""NO""]","[""Uncertain global policy alignment may delay or dilute EU ETS price momentum."", ""Uncertainty around global market design and enforcement risks dampens immediate price momentum."", ""Uncertainty around global carbon market design may dampen immediate EU ETS demand.""]",3,1.0,-0.3,-0.3,"[3, 3, 3]"
2225,https://www.europa-nu.nl/id/vl4bbgffy5jp/nieuws/agreement_on_linking_the_emissions,,Agreement on linking the emissions trading systems of the EU and Switzerland,2019-12-10,https://www.europa-nu.nl/9353265/g/twcard.jpg,europa-nu.nl,English,Netherlands,1,11,eu_ets_strong;eu_context;carbon_terms=3,YES,1,"[""YES"", ""YES"", ""YES""]","[""EU-Swiss ETS linkage could expand market depth and increase price volatility due to cross-border trading."", ""Enhances market integration and may boost trading volume and price stability in EU ETS."", ""EU-Swiss ETS linkage could boost trading volume and tighten price convergence, enhancing market liquidity.""]",7,1.0,0.7,0.7,"[7, 7, 7]"
2231,https://wtop.com/europe/2019/12/eu-to-offer-billions-to-help-poorer-member-states-cut-co2/,https://wtop.com/europe/2019/12/eu-to-offer-billions-to-help-poorer-member-states-cut-co2/amp/,EU to offer billions to help poorer EU nations cut emissions,2019-12-12,https://wtop.com/wp-content/uploads/2019/11/Belgium_EU_Berlin_Wall_40768.jpg,wtop.com,English,United States,1,4,eu_context;carbon_terms=2,YES,1,"[""YES"", ""YES"", ""YES""]","[""Funding may accelerate emission cuts, potentially boosting demand for carbon credits."", ""Government funding may boost compliance and create demand for carbon credits."", ""Funding may accelerate emission cuts, potentially boosting demand for carbon credits.""]",7,1.0,0.7,0.7,"[7, 7, 7]"
2237,https://www.natlawreview.com/article/eu-and-switzerland-link-emissions-trading-schemes,https://www.natlawreview.com/article/eu-and-switzerland-link-emissions-trading-schemes?amp,EU & Switzerland to Link Greenhouse Gas Emissions Trading Syst . ,2019-12-14,https://www.natlawreview.com/%3Ca%20href%3D%22/node/%22%3E%3C/a%3E,natlawreview.com,English,United States,1,6,eu_context;carbon_terms=3;energy_driver,YES,1,"[""YES"", ""YES"", ""YES""]","[""Linking EU ETS with Switzerland could expand trading volume and increase price pressure due to cross-border compliance."", ""Enhanced market integration may boost trading volume and price volatility in EU ETS."", ""Linking ETS systems increases market size and trading volume, potentially boosting prices.""]",7,1.0,0.7,0.7,"[8, 7, 7]"
2243,https://www.pv-magazine.com/press-releases/european-green-deal-zero-emissions-by-2050/,,European Green Deal : Zero emissions by 2050,2019-12-17,,pv-magazine.com,English,United States,1,4,eu_context;carbon_terms=2,YES,1,"[""YES"", ""NO"", ""YES""]","[""Long-term policy signal may pressure emissions reductions, affecting ETS pricing over decades."", ""Long-term policy signal may pressure emissions reductions, but short-term ETS price volatility is unlikely to be directly driven by this headline alone."", ""Long-term policy signal may pressure emissions reductions, affecting ETS pricing trajectory.""]",8,0.6666666666666666,0.8,0.5333333333333333,"[7, 7, 8]"
2249,https://www.energylivenews.com/2019/12/19/arcelormittal-europe-steels-itself-to-cut-carbon-emissions-by-30-before-2030/,,ArcelorMittal Europe steels itself to cut carbon emissions by 30 % before 2030,2019-12-19,https://www.energylivenews.com/wp-content/uploads/2019/12/shutterstock_1138752473-1.jpg,energylivenews.com,English,United Kingdom,2,5,eu_context;carbon_terms=3,YES,1,"[""YES"", ""YES"", ""YES""]","[""Major steel producer\u2019s emission cuts signal tightening EU ETS compliance pressure and potential price support."", ""Major steel producer\u2019s emission cuts signal regulatory tightening and higher compliance costs for EU ETS."", ""Major emission reduction targets signal regulatory tightening and increased carbon pricing pressure.""]",7,1.0,0.7,0.7,"[7, 7, 7]"
2255,https://www.investmentwatchblog.com/china-is-building-148-gigawatts-of-coal-power-plants-as-much-electricity-as-europe-uses/,,China is building 148 gigawatts of coal power plants – as much electricity as Europe uses – Investment Watch,2019-12-21,,investmentwatchblog.com,English,United States,2,3,eu_context;energy_driver,NO,-1,"[""NO"", ""NO"", ""NO""]","[""Coal expansion in China could increase global emissions, potentially pressuring EU ETS prices via carbon pricing dynamics."", ""China's coal expansion could depress global carbon prices by increasing supply and reducing emissions intensity."", ""Coal expansion in China may offset EU ETS price gains via global carbon intensity shifts.""]",7,1.0,-0.7,-0.7,"[7, 7, 7]"
2261,https://www.worth.com/the-madrid-climate-conferences-real-failure-was-not-getting-a-broad-deal-on-global-carbon-markets/,https://www.worth.com/the-madrid-climate-conferences-real-failure-was-not-getting-a-broad-deal-on-global-carbon-markets/?amp,The Madrid Climate Conference Real Failure Was Not Getting a Broad Deal on Global Carbon Markets,2019-12-23,https://i0.wp.com/www.worth.com/wp-content/uploads/2019/12/GettyImages-1187545102-e1576872030305.jpg?fit=1259%2C654&ssl=1,worth.com,English,United States,1,2,carbon_terms=2,NO,-1,"[""NO"", ""NO"", ""NO""]","[""The failure to reach a broad global carbon market deal may dampen investor confidence and reduce demand for EU ETS credits."", ""The failure to reach a broad global carbon market deal may dampen investor confidence and reduce demand for EU ETS, though short-term price volatility is more likely than sustained decline."", ""The failure to secure a broad global carbon market deal may dampen investor confidence and reduce demand for EU ETS, but short-term price impact is uncertain.""]",6,1.0,-0.6,-0.6,"[6, 6, 5]"
2267,https://carbon-pulse.com/89270/,,"Climate and Energy Correspondent , Carbon Pulse – Brussels « Carbon Pulse",2020-01-01,,carbon-pulse.com,English,China,1,3,eu_context;carbon_terms=1,NO,-1,"[""NO"", ""NO"", ""NO""]","[""Lack of specific data or actionable insight in the headline."", ""Lacks specific data or actionable insight to influence short-term EU ETS pricing."", ""Lack of specific data or actionable insight in headline.""]",2,1.0,-0.2,-0.2,"[2, 2, 3]"
2273,https://www.marketscreener.com/DEUTSCHE-BORSE-AG-449617/news/Deutsche-Borse-December-rounds-off-a-strong-year-for-Eurex-29797854/,https://www.marketscreener.com/amp/DEUTSCHE-BORSE-AG-449617/news/Deutsche-Borse-December-rounds-off-a-strong-year-for-Eurex-29797854/,Deutsche Börse : December rounds off a strong year for Eurex,2020-01-06,https://www.marketscreener.com/images/twitter_MS_fdnoir.png,marketscreener.com,English,,1,2,eu_context,YES,1,"[""YES"", ""YES"", ""YES""]","[""Eurex\u2019s strong performance suggests continued market momentum that may support EU ETS prices in the short term."", ""Eurex\u2019s strong performance suggests continued market momentum and potential upward pressure on EU ETS prices."", ""Eurex\u2019s strong performance suggests continued demand for EU ETS derivatives, potentially supporting prices.""]",7,1.0,0.7,0.7,"[7, 7, 7]"
2279,http://mondaq.com/uk/x/881372/Climate+Change/The+European+Green+Deal+a+clear+vision+for+EU+climate+change+action,,The European Green Deal - A Clear Vision For EU Climate Change Action ? - Environment,2020-01-08,,mondaq.com,English,United States,1,2,eu_context,NO,-1,"[""NO"", ""NO"", ""NO""]","[""The headline reflects political ambition but lacks concrete policy details or immediate market triggers to affect short-term EU ETS pricing."", ""The headline reflects political ambition rather than immediate market signals, so it has moderate influence on short-term EU ETS pricing."", ""The headline\u2019s focus on vision and policy framing doesn\u2019t signal immediate market-moving events or data.""]",5,1.0,-0.5,-0.5,"[5, 5, 5]"
2285,https://www.socialeurope.eu/the-european-green-deal-will-the-ends-will-the-means,https://www.socialeurope.eu/the-european-green-deal-will-the-ends-will-the-means/amp,"The European Green Deal : will the ends , will the means ? – Andrew Watt",2020-01-14,https://www.socialeurope.eu/wp-content/uploads/2020/01/Andrew-Watt-2.jpg,socialeurope.eu,English,United Kingdom,1,2,eu_context,NO,-1,"[""NO"", ""NO"", ""NO""]","[""The headline raises questions about policy implementation and trade-offs, which may influence market sentiment but doesn\u2019t directly signal short-term price movement."", ""The headline raises questions about policy implementation and trade-offs, which could influence market sentiment but doesn\u2019t specify concrete price-moving events."", ""The headline raises questions about policy implementation, which may influence market sentiment but doesn\u2019t directly signal short-term price movement.""]",5,1.0,-0.5,-0.5,"[5, 5, 5]"
2291,https://www.hedgeweek.com/2020/01/16/282004/eex-group-reports-major-increases-2019-trading-volumes,,EEX Group reports major increases in 2019 trading volumes,2020-01-16,,hedgeweek.com,English,United Kingdom,1,7,eu_ets_strong;carbon_terms=1,NO,-1,"[""NO"", ""NO"", ""NO""]","[""Higher trading volumes may indicate increased market activity but don't directly signal price direction or carbon pricing trends."", ""Higher trading volumes may indicate increased market activity but don\u2019t directly signal price direction."", ""Higher trading volumes may signal increased market activity but don\u2019t directly indicate price direction or carbon price trends.""]",3,1.0,-0.3,-0.3,"[3, 3, 3]"
2297,https://theprint.in/world/pakistan-wants-to-set-up-carbon-emissions-market-to-help-polluter-china/337525/,https://theprint.in/world/pakistan-wants-to-set-up-carbon-emissions-market-to-help-polluter-china/337525/?amp,Pakistan wants to set up carbon emissions market to help polluter China,2020-01-18,https://d2c7ipcroan06u.cloudfront.net/wp-content/uploads/2019/10/Pak-PM-Imran-Khan.jpg,theprint.in,English,India,1,4,carbon_terms=4,NO,-1,"[""NO"", ""NO"", ""NO""]","[""EU ETS is not directly affected by Pakistan\u2019s carbon market initiative, which targets China."", ""EU ETS is not directly affected by Pakistan\u2019s carbon market initiative, which targets China."", ""EU ETS is not directly affected by Pakistan\u2019s carbon market initiative, which targets China.""]",2,1.0,-0.2,-0.2,"[2, 2, 2]"
2303,https://www.benzinga.com/pressreleases/20/01/b15148785/global-solar-power-window-market-2019-2024-europe-set-to-dominate-the-market-researchandmarkets-co,https://amp.benzinga.com/amp/content/15148785,Global Solar Power Window Market 2019 - 2024 : Europe Set to Dominate the Market - ResearchAndMarkets . com,2020-01-20,,benzinga.com,English,United States,2,4,eu_context;carbon_terms=1;energy_driver,NO,-1,"[""NO"", ""NO"", ""NO""]","[""Solar growth in Europe may slightly support ETS prices via increased demand for clean energy, but not a major short-term driver."", ""Solar growth in Europe may indirectly support ETS prices via increased renewable energy demand, but no direct link to short-term ETS volatility."", ""Solar market growth in Europe may indirectly support ETS prices via increased industrial demand for carbon offsets, but no direct link to ETS pricing mechanism.""]",3,1.0,-0.3,-0.3,"[3, 3, 3]"
2309,https://www.seattletimes.com/business/the-latest/,https://www.seattletimes.com/business/the-latest/?amp=1,The Latest : EU chief : Trading partners must cut emissions,2020-01-22,https://static.seattletimes.com/wp-content/uploads/2020/01/urn-publicid-ap-org-52d0b2699f7b3b64eab8916e2a6f2bfaSwitzerland_Davos_Forum_70679-1200x630.jpg,seattletimes.com,English,United States,2,5,eu_context;carbon_terms=3,YES,1,"[""NO"", ""YES"", ""YES""]","[""EU\u2019s demand for emission cuts may signal tighter compliance or higher compliance costs, potentially pressuring prices."", ""EU\u2019s call for emission cuts signals potential policy tightening, likely boosting ETS prices."", ""EU leadership\u2019s call for emission cuts may signal tightening compliance or policy, boosting ETS demand.""]",7,0.6666666666666666,0.7,0.4666666666666666,"[6, 7, 7]"
2315,http://www.swissinfo.ch/eng/climate-and-emissions_switzerland-and-eu-link-co2-emissions-trading-schemes/45514934,,Switzerland and EU link CO2 emissions trading schemes,2020-01-24,http://www.swissinfo.ch/image/45483162/2x1/1200/630/21bc2b4c3bac5012d890239d859a0886/lw/39341636_highres.jpg,swissinfo.ch,English,Switzerland,1,5,eu_context;carbon_terms=3,YES,1,"[""YES"", ""YES"", ""YES""]","[""EU ETS expansion via Swiss linkage could increase demand and price pressure due to broader market coverage."", ""EU ETS expansion via Swiss linkage could increase demand and price pressure due to broader market coverage."", ""EU ETS expansion via Swiss linkage could increase demand and pressure prices upward.""]",8,1.0,0.8,0.8,"[8, 8, 8]"
2321,https://www.irishtimes.com/business/economy/us-threatens-retaliation-against-eu-over-proposed-carbon-tax-1.4151974,https://www.irishtimes.com/business/economy/us-threatens-retaliation-against-eu-over-proposed-carbon-tax-1.4151974?mode=amp,US threatens retaliation against EU over proposed carbon tax,2020-01-26,https://www.irishtimes.com/image-creator/?id=1.4151968&origw=1440,irishtimes.com,English,Ireland,1,3,eu_context;carbon_terms=1,YES,1,"[""YES"", ""NO"", ""YES""]","[""EU carbon pricing pressure may escalate, prompting retaliatory measures or market volatility."", ""US retaliation risk could trigger EU ETS volatility via trade uncertainty."", ""EU carbon pricing pressure may escalate US retaliation, boosting ETS demand.""]",7,0.6666666666666666,0.7,0.4666666666666666,"[7, 7, 7]"
2327,https://www.euractiv.com/section/emissions-trading-scheme/news/what-will-germanys-coal-phase-out-mean-for-the-eu-carbon-market/,,What will Germany coal phase - out mean for the EU carbon market ? ,2020-01-28,https://www.euractiv.com/wp-content/uploads/sites/2/2020/01/shutterstock_92660983-800x450.jpg,euractiv.com,English,United Kingdom,1,5,eu_context;carbon_terms=2;energy_driver,YES,1,"[""YES"", ""YES"", ""YES""]","[""Germany\u2019s coal phase-out will likely increase EU ETS demand as coal-fired generation declines, pushing prices higher."", ""Germany\u2019s coal phase-out will likely increase demand for carbon credits as it accelerates emissions reductions across the EU."", ""Germany\u2019s coal phase-out will tighten supply and boost EU ETS prices due to increased carbon intensity in power generation.""]",8,1.0,0.8,0.8,"[8, 8, 8]"
2333,http://allghananews.com/eu-ghana-work-together-to-curtail-greenhouse-gas-emissions/,,"EU , Ghana work together to curtail greenhouse gas emissions",2020-01-30,https://allghananews.com/wp-content/uploads/2019/10/Science-EU-Project.png,allghananews.com,English,Ghana,2,5,eu_context;carbon_terms=2;energy_driver,NO,-1,"[""NO"", ""NO"", ""NO""]","[""Ghana\u2019s emissions reduction efforts have limited direct impact on EU ETS pricing due to minimal trade or regulatory linkage."", ""Ghana\u2019s emissions reduction efforts are unlikely to directly impact EU ETS prices due to limited trading volume and market linkage."", ""Ghana\u2019s emissions reduction efforts may have limited direct impact on EU ETS pricing due to small market size and indirect influence.""]",3,1.0,-0.3,-0.3,"[3, 3, 3]"
2339,https://shippingwatch.com/regulation/article11908753.ece,https://m.shippingwatch.com/article/11908753,European shipowners have no official stance on disputed carbon quotas,2020-02-01,https://finanswatch.dk/Billeder/article11908973.ece/ALTERNATES/b/doc792irpfpvytpv2r819i.jpg,shippingwatch.com,English,South Korea,1,3,eu_context;carbon_terms=1,NO,-1,"[""NO"", ""NO"", ""NO""]","[""Uncertainty in carbon quota allocation may delay or complicate compliance, indirectly affecting market sentiment."", ""Lack of official stance may delay regulatory clarity, but doesn\u2019t directly impact immediate carbon quota trading volume."", ""Lack of official stance may delay regulatory clarity, but doesn't directly impact immediate carbon quota trading volumes.""]",3,1.0,-0.3,-0.3,"[3, 3, 3]"
2345,https://www.reuters.com/article/us-eu-carbon-auctions/britain-to-restart-carbon-permit-auctions-on-march-4-eu-commission-idUSKBN1ZX15B,https://mobile.reuters.com/article/amp/idUSKBN1ZX15B,Britain to restart carbon permit auctions on March 4 : EU Commission,2020-02-03,https://s4.reutersmedia.net/resources_v2/images/rcom-default.png,reuters.com,English,United States,1,6,eu_context;carbon_terms=4,NO,-1,"[""NO"", ""YES"", ""NO""]","[""UK auction restart may signal policy divergence impacting EU ETS volatility."", ""UK auction\u91cd\u542f\u53ef\u80fd\u5f71\u54cd\u6b27\u76df\u78b3\u4ef7\u56e0\u5e02\u573a\u9884\u671f\u8c03\u6574\u548c\u8de8\u5883\u78b3\u4ea4\u6613\u8054\u52a8\u3002"", ""Britain\u2019s restart of carbon permit auctions may influence EU ETS dynamics via cross-border carbon trading and policy alignment.""]",6,0.6666666666666666,-0.6,-0.3999999999999999,"[7, 7, 6]"
2351,https://mondovisione.com/media-and-resources/news/eex-response-to-the-climate-law-roadmap-consultation/,,EEX Response To The Climate Law Roadmap Consultation,2020-02-05,,mondovisione.com,English,United States,1,6,eu_ets_strong,NO,-1,"[""NO"", ""NO"", ""NO""]","[""EEX\u2019s response may signal regulatory alignment but lacks immediate market impact without concrete policy changes."", ""EEX\u2019s response may signal regulatory alignment but lacks immediate market-moving data."", ""EEX\u2019s response may signal regulatory alignment but lacks immediate market impact without concrete policy details.""]",5,1.0,-0.5,-0.5,"[5, 5, 5]"
2357,https://energy.economictimes.indiatimes.com/news/renewable/fortum-says-the-eus-emissions-trading-clearly-delivering/74003402,https://energy.economictimes.indiatimes.com/amp/news/renewable/fortum-says-the-eus-emissions-trading-clearly-delivering/74003402,"Fortum says the EU emissions trading  clearly delivering , Energy News , ET EnergyWorld",2020-02-07,"https://etimg.etb2bimg.com/thumb/msid-74003402,imgsize-38143,width-800,height-434,overlay-etenergyworld/fortum-says-the-eu-s-emissions-trading-clearly-delivering.jpg",energy.economictimes.indiatimes.com,English,India,1,5,eu_context;carbon_terms=3,YES,1,"[""YES"", ""YES"", ""YES""]","[""Fortum\u2019s positive assessment suggests market sentiment may strengthen, potentially boosting short-term EU ETS prices."", ""Fortum\u2019s statement suggests market confidence, potentially boosting short-term prices."", ""Fortum\u2019s statement suggests positive momentum in EU ETS, potentially boosting short-term prices.""]",7,1.0,0.7,0.7,"[7, 7, 7]"
2363,https://www.euractiv.com/section/economy-jobs/news/lawmakers-pressure-paris-to-do-more-for-eu-budget/,,Lawmakers pressure Paris to do more for EU budget,2020-02-11,https://www.euractiv.com/wp-content/uploads/sites/2/2018/12/shutterstock_575394460-800x450.jpg,euractiv.com,English,United Kingdom,1,2,eu_context,NO,-1,"[""NO"", ""NO"", ""NO""]","[""Paris climate policy shifts may indirectly affect EU ETS pricing via budgetary allocations but lack direct market signal."", ""Paris climate policy adjustments may indirectly affect EU ETS pricing via budgetary allocations, but direct short-term impact is uncertain."", ""Paris climate policy adjustments may indirectly affect EU ETS pricing via budgetary constraints or regulatory shifts.""]",3,1.0,-0.3,-0.3,"[3, 3, 3]"
2369,https://www.reuters.com/article/uk-eu-budget-official/plastics-tax-carbon-trading-cash-to-cover-eus-brexit-gap-officials-say-idUSKBN2081V8,https://mobile.reuters.com/article/amp/idUSKBN2081V8,"Plastics tax , carbon - trading cash to cover EU Brexit gap , officials say",2020-02-14,https://s4.reutersmedia.net/resources/r/?m=02&d=20200214&t=2&i=1490291950&r=LYNXMPEG1D18X,reuters.com,English,United States,1,4,eu_context;carbon_terms=2,YES,1,"[""YES"", ""YES"", ""YES""]","[""Plastics tax revenue may help bridge EU ETS funding gaps post-Brexit, potentially supporting price stability."", ""Plastics tax revenue may offset EU ETS shortfalls, influencing price stability."", ""Plastics tax revenue may supplement EU ETS funds to offset Brexit-related carbon market gaps, influencing short-term pricing.""]",7,1.0,0.7,0.7,"[7, 7, 7]"
2375,https://www.nasdaq.com/articles/iea%3A-carbon-emissions-didnt-grow-in-2019-oil-demand-to-fall-in-first-quarter-2020-02-15,https://www.nasdaq.com/articles/iea%3A-carbon-emissions-didnt-grow-in-2019-oil-demand-to-fall-in-first-quarter-2020-02-15?amp,IEA : Carbon Emissions Didnt Grow in 2019 ; Oil Demand to Fall in First Quarter,2020-02-16,https://www.nasdaq.com/sites/acquia.prod/files/2019-05/0902-Q19%20Total%20Markets%20photos%20and%20gif_CC8.jpg,nasdaq.com,English,United States,2,4,carbon_terms=3;energy_driver,NO,-1,"[""NO"", ""NO"", ""NO""]","[""Oil demand falling in Q1 may signal reduced fossil fuel reliance, but IEA\u2019s emission stability doesn\u2019t directly translate to EU ETS price movement."", ""Carbon emissions stagnation in 2019 may signal structural decarbonization trends, but oil demand decline in Q1 is not yet a clear signal for EU ETS price movement."", ""Lower oil demand signals potential decarbonization pressure, but IEA\u2019s emissions stability doesn\u2019t directly translate to EU ETS price movement.""]",5,1.0,-0.5,-0.5,"[5, 5, 5]"
2381,https://finance.yahoo.com/news/glencore-sees-carbon-emissions-falling-070203646.html,https://finance.yahoo.com/amphtml/news/glencore-sees-carbon-emissions-falling-070203646.html,Glencore Sees Carbon Emissions Falling as Coal Mines Fade Away,2020-02-18,https://s.yimg.com/uu/api/res/1.2/1F4JvRN83Elmi7WkVLC8UA--~B/aD04NTY7dz0xMjk2O3NtPTE7YXBwaWQ9eXRhY2h5b24-/https://media.zenfs.com/en/bloomberg_markets_842/37467505a2984ae422f779c7e7357ed9,finance.yahoo.com,English,United States,2,4,carbon_terms=3;energy_driver,NO,-1,"[""NO"", ""NO"", ""NO""]","[""Coal mine decline may reduce emissions, but Glencore\u2019s broader operations and EU ETS compliance could offset this trend."", ""Coal mine decline may reduce emissions, but Glencore\u2019s broader operations and market dynamics could offset this effect."", ""Reduced coal mining activity may lower emissions, but Glencore\u2019s outlook is speculative and doesn\u2019t directly signal a short-term ETS price shift.""]",5,1.0,-0.5,-0.5,"[6, 5, 5]"
2387,https://www.investegate.co.uk/dept-busenrg--38-indstr/rns/statement-re-uk-2020-eu-ets-auction-calendar/202002200700075306D/,,Investegate |Dept BusEnrg Announcements | Dept BusEnrg : Statement re united kingdom 2020 EU ETS auction calendar,2020-02-20,,investegate.co.uk,English,United Kingdom,1,9,eu_ets_strong;eu_context;carbon_terms=1,NO,-1,"[""NO"", ""NO"", ""NO""]","[""EU ETS auction calendar changes are unlikely to cause short-term price volatility without clear policy shifts or market reactions."", ""EU ETS auction calendar changes are unlikely to have immediate short-term price impact without clear policy shifts or market reactions."", ""EU ETS auction calendar updates may have minor short-term impact due to lack of specific pricing signals or regulatory changes.""]",3,1.0,-0.3,-0.3,"[3, 3, 3]"
2393,https://finance.yahoo.com/news/graphic-green-deal-sprinkles-stardust-132211014.html,https://finance.yahoo.com/amphtml/news/graphic-green-deal-sprinkles-stardust-132211014.html,GRAPHIC - Green deal sprinkles stardust on European power stocks,2020-02-22,,finance.yahoo.com,English,United States,2,3,eu_context;energy_driver,YES,1,"[""NO"", ""YES"", ""YES""]","[""Green Deal initiatives may boost long-term ETS prices but short-term volatility is likely due to market speculation."", ""Green Deal policy signals long-term regulatory support, likely boosting ETS prices via enhanced compliance costs and carbon pricing."", ""Green Deal policy signals long-term support for clean energy, potentially boosting EU ETS prices through increased demand for carbon credits.""]",7,0.6666666666666666,0.7,0.4666666666666666,"[5, 7, 7]"
2399,https://www.industrialinfo.com/news/abstract.jsp?newsitemID=281486,,"Nuclear Energy Excluded from EU Power Strategy , an Industrial Info Market Brief",2020-02-24,,industrialinfo.com,English,United States,2,4,eu_context;carbon_terms=1;energy_driver,NO,-1,"[""NO"", ""NO"", ""NO""]","[""Excluding nuclear may reduce long-term emissions targets, potentially increasing carbon pricing pressure."", ""Excluding nuclear may increase reliance on carbon-intensive sources, potentially pressuring EU ETS prices short-term."", ""Excludes nuclear from strategy may signal reduced long-term reliance, but short-term ETS price impact is uncertain without immediate policy changes.""]",5,1.0,-0.5,-0.5,"[5, 5, 5]"
2405,https://af.reuters.com/article/energyOilNews/idAFL8N2AP15N,https://mobile.reuters.com/article/amp/af/idAFL8N2AP15N,"EUROPE POWER - Prompt up on higher demand , curve sags as coal , carbon sink - Energy & Oil",2020-02-26,https://s4.reutersmedia.net/resources_v2/images/rcom-default.png,af.reuters.com,English,United States,2,4,eu_context;carbon_terms=1;energy_driver,NO,-1,"[""NO"", ""NO"", ""NO""]","[""Higher demand and coal substitution may temporarily pressure prices, but carbon sink effects could offset gains."", ""Higher demand and coal substitution may temporarily pressure prices but curve sagging suggests underlying supply-side support."", ""Higher demand and coal/carbon sink dynamics may pressure prices short-term due to supply-side shifts.""]",7,1.0,-0.7,-0.7,"[7, 7, 7]"
2411,https://www.petroleum-economist.com/articles/low-carbon-energy/energy-transition/2020/eu-s-green-deal-threatens-seismic-shift,,EU Green Deal threatens seismic shift,2020-02-28,https://www.petroleum-economist.com/media/7864/eu-small.jpg?mode=pad&format=jpg&quality=90&slimmage=true&rnd=132273434460000000,petroleum-economist.com,English,Saudi Arabia,1,2,eu_context,YES,1,"[""YES"", ""YES"", ""YES""]","[""The Green Deal\u2019s ambitious targets could trigger major emissions reductions and drive up carbon pricing."", ""Green Deal mandates could trigger major emissions reductions, driving up ETS demand and prices."", ""Green Deal\u2019s ambitious targets could trigger major emissions cuts and price volatility in EU ETS.""]",8,1.0,0.8,0.8,"[8, 8, 8]"
2417,https://www.ecb.europa.eu/pub/fie/html/ecb.fie202003~197074785e.en.html,,"Financial Integration and Structure in the Euro Area , March 2020",2020-03-03,,ecb.europa.eu,English,Greece,1,2,eu_context,NO,-1,"[""NO"", ""NO"", ""NO""]","[""EU ETS price not directly affected by Euro Area financial integration reports from 2020."", ""EU ETS price not directly affected by Euro Area financial integration headline from 2020."", ""EU ETS price not directly affected by Euro Area financial integration reports from 2020.""]",3,1.0,-0.3,-0.3,"[3, 3, 3]"
2423,https://shipandbunker.com/news/emea/157059-shipping-industry-awaits-eu-emissions-trading-review-in-june-2021,,Shipping Industry Awaits EU Emissions Trading Review in June 2021,2020-03-05,https://shipandbunker.cdn.speedyrails.net/a/img/_mt_e84f49a6655d87b1127165f14f23bfd4.jpg,shipandbunker.com,English,Singapore,1,5,eu_context;carbon_terms=3,NO,-1,"[""NO"", ""NO"", ""NO""]","[""EU ETS review may signal policy shifts but lacks immediate market impact due to lack of concrete regulatory changes."", ""Review timing may influence policy, but no immediate price impact expected."", ""Review timing may influence policy but lacks immediate market signal.""]",5,1.0,-0.5,-0.5,"[5, 4, 5]"
2429,https://www.prnewswire.com/news-releases/sp-dow-jones-indices-launches-first-of-its-kind-carbon-emissions-single-commodity-index-301019355.html,,S & P Dow Jones Indices Launches First - of - its - Kind Carbon Emissions Single - Commodity Index,2020-03-09,,prnewswire.com,English,United States,1,3,carbon_terms=3,NO,-1,"[""NO"", ""NO"", ""NO""]","[""May signal increased market attention to carbon pricing but lacks immediate ETS price influence due to single-commodity focus."", ""May signal increased market attention to carbon pricing, but lacks immediate direct impact on EU ETS trading volume or price."", ""May signal increased market attention to carbon emissions but doesn't directly impact EU ETS pricing mechanics.""]",5,1.0,-0.5,-0.5,"[5, 5, 5]"
2435,https://www.mondaq.com/Environment/902790/Making-The-EU-Climate-Neutral-By-2050-European-Commission-Initiates-New-Legislative-Proposals-Tackling-Carbon-Leakage-And-Taxation-Of-Energy,,Making The EU Climate - Neutral By 2050 : European Commission Initiates New Legislative Proposals Tackling Carbon Leakage And Taxation Of Energy - Environment,2020-03-11,,mondaq.com,English,United States,1,3,eu_context;carbon_terms=1,YES,1,"[""YES"", ""YES"", ""YES""]","[""New legislation targeting carbon leakage and energy taxation signals tightening emissions controls, likely boosting EU ETS prices."", ""New legislation targeting carbon leakage and energy taxation signals stronger policy commitment, likely boosting ETS demand."", ""Legislation targeting carbon leakage and energy taxation signals tighter emissions controls, likely boosting EU ETS demand.""]",8,1.0,0.8,0.8,"[8, 8, 8]"
2441,https://www.hellenicshippingnews.com/sp-dow-jones-indices-launches-first-single-commodity-carbon-emission-allowances-index/,https://www.hellenicshippingnews.com/sp-dow-jones-indices-launches-first-single-commodity-carbon-emission-allowances-index/amp/,S & P Dow Jones Indices Launches First Single - Commodity Carbon Emission Allowances Index,2020-03-13,,hellenicshippingnews.com,English,China,1,4,carbon_terms=4,NO,-1,"[""NO"", ""NO"", ""NO""]","[""May signal growing market interest but lacks immediate price impact due to small allocation and nascent structure."", ""May signal growing market interest but lacks immediate price impact due to small sample size and nascent structure."", ""New index may attract speculative trading but lacks immediate market impact.""]",3,1.0,-0.3,-0.3,"[3, 3, 3]"
2447,https://www.automotiveworld.com/news-releases/automatic-emission-free-city-driving-green-light-for-bmw-edrive-zones-in-nearly-80-cities-across-europe/,,Automatic emission - free city driving : Green light for BMW eDrive Zones in nearly 80 cities across Europe,2020-03-16,,automotiveworld.com,English,United States,2,3,eu_context;carbon_terms=1,NO,-1,"[""NO"", ""NO"", ""NO""]","[""Emission-free city driving may reduce regulatory pressure but doesn't directly impact EU ETS pricing."", ""Emission-free city driving may reduce regulatory pressure but doesn't directly impact EU ETS price volatility."", ""Emission-free city driving may reduce regulatory pressure but doesn\u2019t directly impact EU ETS price volatility.""]",5,1.0,-0.5,-0.5,"[5, 5, 5]"
2453,https://uk.reuters.com/article/uk-eu-carbon-prices/coronavirus-pushes-eu-carbon-permits-to-lowest-since-summer-2018-idUKKBN2151XP,https://uk.mobile.reuters.com/article/amp/idUKKBN2151XP,Coronavirus pushes EU carbon permits to lowest since summer 2018,2020-03-18,https://s4.reutersmedia.net/resources_v2/images/rcom-default.png,uk.reuters.com,English,United States,1,5,eu_context;carbon_terms=3,NO,-1,"[""NO"", ""NO"", ""NO""]","[""Short-term price weakness likely due to pandemic-induced demand shock and reduced emissions activity."", ""Coronavirus-induced demand shocks and reduced industrial activity likely to keep prices depressed in the short term."", ""Short-term oversupply and weak demand due to pandemic-induced economic slowdown are likely to keep prices low.""]",7,1.0,-0.7,-0.7,"[7, 7, 7]"
2459,https://www.endseurope.com/article/1677846/interview-eurogas-secretary-general-james-watson-decarbonisation-infrastructure-carbon-capture-molecules,,"Interview : Eurogas secretary general James Watson on decarbonisation , infrastructure , carbon capture , and molecules",2020-03-20,https://cached.imagescaler.hbpl.co.uk/resize/scaleHeight/150/cached.offlinehbpl.hbpl.co.uk/news/EDN/jameswatsonRESIZE.jpg,endseurope.com,English,United Kingdom,2,4,eu_context;carbon_terms=1;energy_driver,NO,-1,"[""NO"", ""NO"", ""NO""]","[""Mentions decarbonisation and carbon capture but lacks specific policy or market-moving data."", ""Mentions decarbonisation and carbon capture but lacks specific price-moving data or policy signals."", ""Mentions decarbonisation and carbon capture but lacks concrete policy or market signals to trigger short-term price movement.""]",3,1.0,-0.3,-0.3,"[3, 3, 3]"
2465,https://www.malaymail.com/news/money/2020/03/22/crude-reality-price-crash-means-oil-firms-must-slash-spending/1848988,https://www.malaymail.com/amp/news/money/2020/03/22/crude-reality-price-crash-means-oil-firms-must-slash-spending/1848988,Crude reality : Price crash means oil firms must slash spending | Money,2020-03-22,https://media.malaymail.com/resize_cache/uploads/articles/2019/2019-11/s.aramco.reuters_20191129-seo.jpg,malaymail.com,English,United States,2,2,carbon_terms=1;energy_driver,NO,-1,"[""NO"", ""NO"", ""NO""]","[""Oil price crash may reduce demand for carbon credits but doesn\u2019t directly impact EU ETS pricing mechanics."", ""Oil price crash may reduce demand for carbon credits, but EU ETS is less directly tied to crude spending."", ""Oil price crash may reduce demand for carbon credits but doesn\u2019t directly impact EU ETS pricing mechanics.""]",5,1.0,-0.5,-0.5,"[5, 3, 5]"
2471,https://uk.reuters.com/article/uk-health-coronavirus-europe-power/coronavirus-crisis-shakes-europes-power-gas-prices-idUKKBN21B2K0,https://uk.mobile.reuters.com/article/amp/idUKKBN21B2K0,"Coronavirus crisis shakes Europe power , gas prices",2020-03-24,https://s3.reutersmedia.net/resources/r/?m=02&d=20200324&t=2&i=1507604425&r=LYNXMPEG2N1ON,uk.reuters.com,English,United States,1,4,eu_context;carbon_terms=1;energy_driver,NO,-1,"[""NO"", ""NO"", ""NO""]","[""Short-term volatility due to disrupted energy markets and uncertainty in demand."", ""Coronavirus-induced demand shocks and supply chain disruptions may temporarily depress power and gas prices, impacting EU ETS volatility."", ""Coronavirus-induced demand shocks and supply chain disruptions can trigger short-term volatility in EU ETS prices due to altered emissions trading dynamics.""]",7,1.0,-0.7,-0.7,"[6, 7, 7]"
2477,https://www.hellenicshippingnews.com/coronavirus-crisis-shakes-europes-power-gas-prices-2/,https://www.hellenicshippingnews.com/coronavirus-crisis-shakes-europes-power-gas-prices-2/amp/,"Coronavirus crisis shakes Europe power , gas prices | Hellenic Shipping News Worldwide",2020-03-26,,hellenicshippingnews.com,English,China,1,4,eu_context;carbon_terms=1;energy_driver,NO,-1,"[""NO"", ""NO"", ""NO""]","[""Coronavirus-related disruptions may temporarily affect energy demand and supply chains, but long-term EU ETS pricing is driven by policy and emissions targets, not short-term crisis volatility."", ""Short-term volatility in energy markets may dampen ETS price momentum due to pandemic-related supply disruptions."", ""Coronavirus-related disruptions may temporarily affect energy demand and supply chains, but long-term EU ETS pricing is driven by policy and emissions targets, not short-term crisis volatility.""]",3,1.0,-0.3,-0.3,"[3, 4, 3]"
2483,https://www.agriland.ie/farming-news/fire-ahead-on-reducing-carbon-emissions-serial-entrepreneur/,,  Fire ahead  on reducing carbon emissions - 19 - year - old serial entrepreneur,2020-03-28,https://cdn.agriland.ie/uploads/2020/03/Image-source-IQFA-800x400.png,agriland.ie,English,Ireland,2,3,carbon_terms=3,NO,-1,"[""NO"", ""NO"", ""NO""]","[""Irrelevant to EU ETS price as it describes a personal story without policy or market indicators."", ""Irrelevant to EU ETS price dynamics; personal entrepreneurship story lacks market or policy linkage."", ""Irrelevant to EU ETS price dynamics as it describes a personal initiative without policy or market impact.""]",2,1.0,-0.2,-0.2,"[2, 1, 2]"
2489,https://www.globalcement.com/news/item/10655-cembureau-offers-eu-carbon-border-adjustment-mechanism-guidance-to-european-commission,,Cembureau offers EU carbon border adjustment mechanism guidance to European Commission - Cement industry news from Global Cement,2020-03-31,https://www.globalcement.com/media/k2/items/cache/b960ceb7176d1dc423e1c5a12e6d8a73_M.jpg,globalcement.com,English,India,1,9,eu_ets_strong;eu_context;carbon_terms=1,NO,-1,"[""NO"", ""NO"", ""YES""]","[""Cement industry guidance may influence policy but doesn\u2019t yet signal a short-term price shift."", ""Cement industry guidance may influence policy but doesn't immediately alter short-term ETS price dynamics."", ""Cembureau\u2019s guidance may influence policy design, potentially affecting emissions compliance costs and market dynamics.""]",5,0.6666666666666666,-0.5,-0.3333333333333333,"[5, 5, 7]"
2495,https://www.massdevice.com/siemens-healthineers-seeking-eua-for-its-corovirus-test-kit/,,Siemens Healthineers seeking EUA for its corovirus test kit,2020-04-02,,massdevice.com,English,United States,1,8,eu_ets_strong;eu_context,NO,-1,"[""NO"", ""NO"", ""NO""]","[""EUA allocation for a single test kit is unlikely to materially affect EU ETS prices."", ""EUA issuance for a test kit is unlikely to drive significant price movement as it\u2019s not a major emissions source."", ""EUA issuance for a single test kit is unlikely to materially affect EU ETS prices.""]",3,1.0,-0.3,-0.3,"[3, 3, 3]"
2501,http://www.cidrap.umn.edu/news-perspective/2020/04/us-covid-19-total-tops-300000-european-nations-eye-longer-lockdown,,"US COVID - 19 total tops 300 , 000 ; European nations eye longer lockdown",2020-04-05,https://www.cidrap.umn.edu/sites/default/files/public/styles/thumbnail/public/images/news/older_people_wearing_masks-ronnie_pitman.jpg?itok=JmWpGooj,cidrap.umn.edu,English,United States,1,2,eu_context,NO,-1,"[""NO"", ""NO"", ""NO""]","[""Lockdowns in Europe may suppress emissions and boost ETS prices, but US data alone doesn\u2019t directly impact EU ETS."", ""Extended lockdowns in Europe may suppress emissions and boost carbon prices, but US pandemic data alone has limited direct impact."", ""Extended lockdowns in Europe may increase emissions compliance costs and boost demand for carbon credits.""]",6,1.0,-0.6,-0.6,"[6, 6, 7]"
2507,https://www.prnewswire.com/news-releases/viracor-eurofins-receives-emergency-use-authorization-eua-from-the-us-food-and-drug-administration-fda-for-its-sars-cov-2-rt-pcr-laboratory-developed-test-ldt-301037657.html,,Viracor Eurofins Receives Emergency Use Authorization ( EUA ) from the U . S . Food and Drug Administration ( FDA ) for its SARS - CoV - 2 RT - PCR laboratory - developed test ( LDT ) ,2020-04-08,,prnewswire.com,English,United States,1,8,eu_ets_strong;eu_context,NO,-1,"[""NO"", ""NO"", ""NO""]","[""EUA for a diagnostic test does not directly affect EU ETS carbon pricing or emissions trading."", ""EUA approval for a diagnostic test has no direct bearing on EU ETS carbon pricing mechanics or emissions trading."", ""LDT authorization has no direct bearing on EU ETS price dynamics or carbon trading mechanisms.""]",2,1.0,-0.2,-0.2,"[2, 2, 1]"
2513,https://www.environmentalleader.com/2020/04/european-carbon-market-succeeds/,,European Carbon Market Slashed Emissions Despite Low Prices,2020-04-10,https://www.environmentalleader.com/wp-content/uploads/2020/04/ant-rozetsky-SLIFI67jv5k-unsplash_cropped-scaled.jpg,environmentalleader.com,English,United States,1,6,eu_context;carbon_terms=5,NO,-1,"[""NO"", ""NO"", ""NO""]","[""Low prices may indicate weak demand or policy uncertainty, potentially dampening future price momentum."", ""Low prices may indicate market oversupply or weak demand, but emissions cuts suggest policy enforcement, not price-driven behavior."", ""Low prices may indicate weak demand or regulatory leniency, potentially signaling future price volatility rather than sustained low levels.""]",5,1.0,-0.5,-0.5,"[5, 5, 5]"
2519,https://af.reuters.com/article/energyOilNews/idAFL5N2C32C4,https://mobile.reuters.com/article/amp/af/idAFL5N2C32C4,EUROPE POWER - German spot price soars as wind power forecast to ease - Energy & Oil,2020-04-15,https://s4.reutersmedia.net/resources_v2/images/rcom-default.png,af.reuters.com,English,United States,2,4,eu_context;carbon_terms=1;energy_driver,NO,-1,"[""NO"", ""NO"", ""NO""]","[""Wind power forecast easing may trigger higher fossil fuel reliance, pressuring spot prices."", ""Wind power forecast easing may reduce supply, pushing spot prices up but not necessarily EU ETS."", ""Wind power forecast easing may reduce supply and push spot prices up, but EU ETS is longer-term and less directly affected.""]",7,1.0,-0.7,-0.7,"[7, 7, 6]"
2525,https://energycentral.com/c/ec/now-more-ever-it%E2%80%99s-time-strong-eu-standards-methane-emissions,,"Now more than ever , it time for strong EU standards on methane emissions",2020-04-17,,energycentral.com,English,United States,2,4,eu_context;carbon_terms=2,YES,1,"[""YES"", ""YES"", ""YES""]","[""Strong methane standards could trigger higher compliance costs and carbon pricing pressure in EU ETS."", ""Strong methane standards could trigger higher compliance costs and emissions trading volume in EU ETS."", ""Strong methane standards could trigger higher compliance costs and emissions trading volume in EU ETS.""]",7,1.0,0.7,0.7,"[7, 7, 7]"
2531,https://finance.yahoo.com/news/investors-caution-cement-steel-firms-164457413.html,https://finance.yahoo.com/amphtml/news/investors-caution-cement-steel-firms-164457413.html,"Investors caution cement , steel firms on EU climate lobbying",2020-04-19,https://s.yimg.com/uu/api/res/1.2/zSFWyifzqfn1omqfxPSw7g--~B/aD01MzM7dz04MDA7c209MTthcHBpZD15dGFjaHlvbg--/https://media.zenfs.com/en-US/reuters.com/fbc429e93308bb60d7146d2685effbee,finance.yahoo.com,English,United States,1,2,eu_context,NO,-1,"[""NO"", ""NO"", ""NO""]","[""Lobbying pressure may delay emissions reductions, potentially impacting ETS compliance and pricing."", ""Climate lobbying may influence policy but doesn't yet signal immediate price shifts in EU ETS."", ""Lobbying pressure may delay emissions reductions, risking long-term price stability but not immediate short-term movement.""]",6,1.0,-0.6,-0.6,"[6, 5, 6]"
2537,https://www.irishtimes.com/news/environment/carbon-emissions-from-power-generation-and-industry-fell-by-8-7-per-last-year-1.4235403,https://www.irishtimes.com/news/environment/carbon-emissions-from-power-generation-and-industry-fell-by-8-7-per-last-year-1.4235403?mode=amp,Carbon emissions from power generation and industry fell by 8 . 7 per last year,2020-04-22,https://www.irishtimes.com/polopoly_fs/1.4235402.1587582405!/image/image.jpg,irishtimes.com,English,Ireland,1,4,carbon_terms=3;energy_driver,YES,1,"[""YES"", ""YES"", ""YES""]","[""Lower emissions suggest potential downward pressure on carbon prices due to improved compliance and reduced scarcity."", ""Lower emissions suggest potential downward pressure on EU ETS prices due to improved compliance and reduced carbon intensity."", ""Lower emissions suggest potential downward pressure on EU ETS prices due to improved compliance and reduced carbon intensity.""]",7,1.0,0.7,0.7,"[7, 7, 7]"
2543,https://uk.reuters.com/article/us-eu-carbon-poll/analysts-cut-eu-carbon-price-forecasts-as-coronavirus-causes-demand-slump-idUKKCN2261GO,https://uk.mobile.reuters.com/article/amp/idUKKCN2261GO,Analysts cut EU carbon price forecasts as coronavirus causes demand slump,2020-04-24,https://s4.reutersmedia.net/resources/r/?m=02&d=20200424&t=2&i=1516314134&r=LYNXNPEG3N0WR,uk.reuters.com,English,United States,1,4,eu_context;carbon_terms=2,NO,-1,"[""NO"", ""NO"", ""NO""]","[""Coronavirus-induced demand slump pressures emissions-intensive sectors, reducing price support despite carbon trading mechanisms."", ""Coronavirus-induced demand slump reduces near-term ETS price support, though rebound potential remains."", ""Coronavirus-induced demand slump weakens near-term price support, though rebound potential remains.""]",7,1.0,-0.7,-0.7,"[7, 7, 7]"
2549,https://www.cityam.com/angela-merkel-seeks-to-impose-financial-transactions-tax-on-eu-countries/,https://www.cityam.com/angela-merkel-seeks-to-impose-financial-transactions-tax-on-eu-countries/amp/,Angela Merkel seeks to impose financial transactions tax on EU countries : CityAM,2020-04-26,https://www.cityam.com/wp-content/uploads/2020/04/1210807240.jpg,cityam.com,English,United Kingdom,1,2,eu_context,NO,-1,"[""NO"", ""NO"", ""NO""]","[""A financial transactions tax could reduce trading volume and affect market dynamics, but its direct impact on EU ETS prices is uncertain without policy specifics."", ""A financial transactions tax could affect capital flows and investor sentiment, but its direct impact on EU ETS prices is uncertain without clearer policy details."", ""A financial transactions tax could reduce trading activity and affect market liquidity, but its direct impact on EU ETS prices is uncertain without policy specifics.""]",5,1.0,-0.5,-0.5,"[5, 5, 5]"
2555,https://www.endseurope.com/article/1681807/future-eu-ets-uncertain-amid-green-deal-covid-19,,Future of EU ETS uncertain amid Green Deal and Covid - 19,2020-04-29,https://cached.imagescaler.hbpl.co.uk/resize/scaleHeight/150/cached.offlinehbpl.hbpl.co.uk/news/EDN/EUETScarbonRESIZE.jpg,endseurope.com,English,United Kingdom,1,8,eu_ets_strong;eu_context,NO,-1,"[""NO"", ""NO"", ""NO""]","[""Green Deal and pandemic uncertainties may disrupt emissions targets and compliance, affecting short-term price volatility."", ""Green Deal and pandemic uncertainties could disrupt emissions targets and compliance, affecting price volatility."", ""Green Deal policy shifts and pandemic-induced economic uncertainty create volatile pricing conditions.""]",6,1.0,-0.6,-0.6,"[6, 6, 6]"
2561,https://www.universityworldnews.com/post.php?story=20200501095005418,,Challenges for  European Universitie revealed by survey,2020-05-01,https://www.universityworldnews.com/images/uwn-ball-320.png,universityworldnews.com,English,United States,1,2,eu_context,NO,-1,"[""NO"", ""NO"", ""NO""]","[""No direct financial or carbon market impact from university survey challenges."", ""No direct financial or carbon market impact from university survey findings."", ""No direct financial or carbon market implications from university survey challenges.""]",1,1.0,-0.1,-0.1,"[1, 1, 1]"
2567,https://www.businesspost.ie/columnists/comment-the-eu-must-borrow-to-fund-its-own-recovery-9682907a,,Comment : The EU must borrow to fund its own recovery,2020-05-06,,businesspost.ie,English,Ireland,1,2,eu_context,NO,-1,"[""NO"", ""NO"", ""NO""]","[""EU borrowing for recovery may signal fiscal expansion, but has limited direct impact on carbon pricing mechanics."", ""EU borrowing to fund recovery may signal fiscal expansion, but has limited direct impact on carbon pricing mechanics."", ""EU borrowing to fund recovery may signal fiscal expansion, but has limited direct impact on carbon price dynamics.""]",3,1.0,-0.3,-0.3,"[3, 3, 3]"
2573,https://carbon-pulse.com/98672/,,EU Midday Market Update « Carbon Pulse,2020-05-08,,carbon-pulse.com,English,China,1,4,eu_context;carbon_terms=2,NO,-1,"[""NO"", ""NO"", ""NO""]","[""Carbon Pulse headline likely reflects short-term volatility but lacks specific data to confirm directional bias."", ""Carbon Pulse headline lacks specific data or context to gauge short-term price movement."", ""Carbon Pulse headline lacks specific data or context to reliably predict short-term price direction.""]",3,1.0,-0.3,-0.3,"[3, 3, 3]"
2579,https://in.reuters.com/article/climate-change-eu-aviation/global-airline-co2-scheme-will-supplement-not-replace-eu-carbon-market-commission-idINKBN22O0CM,https://in.mobile.reuters.com/article/amp/idINKBN22O0CM,"Global airline CO2 scheme will supplement , not replace EU carbon market - Commission",2020-05-12,https://s1.reutersmedia.net/resources/r/?m=02&d=20200512&t=2&i=1518286204&r=LYNXMPEG4B071,in.reuters.com,English,United States,1,4,eu_context;carbon_terms=2,YES,1,"[""YES"", ""YES"", ""YES""]","[""Supplementing the EU ETS with a global airline scheme could increase demand and support price stability, though not necessarily a sharp rise."", ""Supplementing the EU ETS with a global airline scheme could increase overall carbon pricing pressure, potentially boosting short-term EU ETS prices."", ""Supplementing the EU ETS with a global airline scheme may increase demand and support price stability, but not necessarily drive a sharp short-term spike.""]",7,1.0,0.7,0.7,"[7, 7, 7]"
2585,https://www.prnewswire.com/news-releases/cru-eu-steel-why-carbon-matters-more-with-covid-19-301059623.html,,CRU : EU Steel : Why Carbon Matters More with COVID - 19,2020-05-15,,prnewswire.com,English,United States,1,3,eu_context;carbon_terms=1,NO,-1,"[""NO"", ""NO"", ""NO""]","[""Carbon pricing is becoming more critical for EU steel producers amid pandemic-related supply chain disruptions and regulatory pressure."", ""Carbon pricing and pandemic-induced supply chain shifts may temporarily affect steel demand but not decisively alter EU ETS pricing."", ""Carbon pricing and pandemic-related supply chain shifts may influence steel demand but are not decisive short-term drivers.""]",5,1.0,-0.5,-0.5,"[6, 5, 5]"
2591,https://reneweconomy.com.au/five-reasons-why-now-is-a-good-time-for-a-fee-on-carbon-emissions-29995/,https://reneweconomy.com.au/five-reasons-why-now-is-a-good-time-for-a-fee-on-carbon-emissions-29995/amp/,Five reasons why now is a good time for a fee on carbon emissions,2020-05-17,https://reneweconomy.com.au/wp-content/uploads/2020/05/carbon-emissions-scaled.jpg,reneweconomy.com.au,English,Australia,2,3,carbon_terms=3,NO,-1,"[""NO"", ""NO"", ""YES""]","[""May signal regulatory tightening but doesn\u2019t yet imply immediate price movement."", ""May signal policy momentum but doesn\u2019t guarantee immediate price movement."", ""The headline suggests policy momentum that could increase regulatory pressure and emissions trading volume, potentially boosting EU ETS prices.""]",5,0.6666666666666666,-0.5,-0.3333333333333333,"[5, 5, 7]"
2597,https://euobserver.com/tickers/148406,,EU emissions trading system to go to online auction,2020-05-19,https://s3.eu-central-1.amazonaws.com/euobs-media/6e5f90e3e78121ba09aefe7419b47a16-480x.jpg,euobserver.com,English,United Kingdom,1,12,eu_ets_strong;eu_context;carbon_terms=4,YES,1,"[""YES"", ""YES"", ""YES""]","[""Online auctions may increase price volatility and transparency, potentially boosting market confidence."", ""Online auctions may increase price transparency and reduce market manipulation, potentially stabilizing or slightly increasing prices."", ""Online auctions may increase price volatility and transparency, potentially boosting prices.""]",7,1.0,0.7,0.7,"[7, 7, 7]"
2603,https://www.icis.com/explore/resources/news/2020/05/21/10510039/european-gas-markets-plunge-despite-us-lng-cancellations,,European gas markets plunge despite US LNG cancellations,2020-05-21,https://icis.com/assets/getasset-901259.jpg,icis.com,English,China,2,4,eu_context;carbon_terms=1;energy_driver,NO,-1,"[""NO"", ""NO"", ""NO""]","[""Gas price drops may signal reduced demand or supply shocks, potentially pressuring EU ETS via lower industrial activity."", ""Gas price drops may signal reduced demand or supply shocks, potentially pressuring EU ETS prices via lower industrial activity."", ""LNG cancellations may reduce supply pressure, but gas market plunge suggests broader demand or storage issues outweighing supply concerns.""]",6,1.0,-0.6,-0.6,"[6, 6, 6]"
2609,https://www.universityworldnews.com/post.php?story=20200523081242294,,Impact of crisis on HE will be large and long - lasting – EUA,2020-05-23,https://www.universityworldnews.com/images/uwn-ball-320.png,universityworldnews.com,English,United States,1,8,eu_ets_strong;eu_context,YES,1,"[""YES"", ""NO"", ""YES""]","[""Crisis-induced demand shocks and supply chain disruptions can significantly alter EU ETS price dynamics over the medium term."", ""Crisis-induced supply shocks and prolonged economic disruption could drive EUA prices higher due to increased carbon intensity and demand for emissions allowances."", ""Crisis-induced demand shocks and supply chain disruptions can significantly alter emissions trading dynamics, affecting EUA prices over the medium term.""]",8,0.6666666666666666,0.8,0.5333333333333333,"[8, 7, 7]"
2615,https://af.reuters.com/article/commoditiesNews/idAFL8N2D44AF,https://mobile.reuters.com/article/amp/af/idAFL8N2D44AF,"EUROPE POWER - Prompt prices up on wind decline , more demand - Agricultural Commodities",2020-05-25,https://s4.reutersmedia.net/resources_v2/images/rcom-default.png,af.reuters.com,English,United States,2,4,eu_context;carbon_terms=1;energy_driver,NO,-1,"[""NO"", ""NO"", ""NO""]","[""Wind decline may reduce supply but demand surge from agriculture could offset, creating mixed signals."", ""Wind decline may reduce supply but demand surge from agriculture could offset, creating mixed signals."", ""Wind decline may reduce supply, but agricultural commodities are unlikely to directly drive EU ETS prices.""]",6,1.0,-0.6,-0.6,"[5, 6, 6]"
2621,https://af.reuters.com/article/commoditiesNews/idAFL8N2D91ZA,https://mobile.reuters.com/article/amp/af/idAFL8N2D91ZA,EUROPE POWER - Prompt prices down on increased wind power generation - Agricultural Commodities,2020-05-27,https://s4.reutersmedia.net/resources_v2/images/rcom-default.png,af.reuters.com,English,United States,1,4,eu_context;carbon_terms=1;energy_driver,NO,-1,"[""NO"", ""NO"", ""NO""]","[""Increased wind power generation reduces demand for fossil fuels, potentially lowering EU ETS prices short-term."", ""Increased wind power generation reduces demand for fossil fuels, potentially lowering EU ETS prices, though agricultural commodities may introduce volatility."", ""Increased wind power generation reduces fossil fuel demand, pressuring EU ETS prices short-term.""]",6,1.0,-0.6,-0.6,"[7, 6, 6]"
2627,https://www.finanznachrichten.de/nachrichten-2020-05/49790307-letsgetchecked-debuts-fda-eua-authorized-at-home-coronavirus-covid-19-sure-track-test-004.htm,,LetsGetChecked Debuts FDA EUA - Authorized At - Home Coronavirus ( COVID - 19 ) Sure - track Test,2020-05-29,https://cts.businesswire.com/ct/CT?id=bwnews&sty=20200529005138r1&sid=gefi2&distro=ftp,finanznachrichten.de,English,Germany,1,8,eu_ets_strong;eu_context,NO,-1,"[""NO"", ""NO"", ""NO""]","[""FDA EUA for at-home COVID tests may signal regulatory easing but has minimal direct impact on EU ETS pricing."", ""EU ETS price unlikely to be materially affected by a new at-home COVID-19 test authorization."", ""FDA EUA for at-home tests may signal regulatory easing, but has minimal direct impact on EU ETS pricing.""]",3,1.0,-0.3,-0.3,"[3, 3, 3]"
2633,http://www.mondaq.com/gibraltar/financial-services/944580/eu-commission-proposes-to-take-tax-raising-powers-is-this-a-covid-power-grab,,EU Commission Proposes To Take Tax Raising Powers . Is This A Covid Power Grab ? - Finance and Banking,2020-06-01,,mondaq.com,English,United States,1,3,eu_context;energy_driver,NO,-1,"[""NO"", ""NO"", ""NO""]","[""Tax-raising powers may affect fiscal policy but don\u2019t directly alter EU ETS market dynamics or carbon pricing."", ""Tax-raising powers may affect fiscal policy but don\u2019t directly impact EU ETS price dynamics."", ""Tax-raising powers may not directly affect EU ETS pricing but could indirectly influence policy direction.""]",4,1.0,-0.4,-0.4,"[5, 4, 3]"
2639,http://www.bio-medicine.org/medicine-news-1/NDA-Partners-Supports-Successful-EUA-by-FDA-for-Expedited-Approval-of-COVID-19-At-home-Diagnostic-Test-Kit-168148-1/,,NDA Partners Supports Successful EUA by FDA for Expedited Approval of COVID - 19 At - home Diagnosti ... ( ROCHELL ...) ,2020-06-04,,bio-medicine.org,English,United States,1,8,eu_ets_strong;eu_context,NO,-1,"[""NO"", ""NO"", ""NO""]","[""EUA approval for diagnostics is unrelated to EU ETS price dynamics."", ""EUA approval for diagnostics is unrelated to EU ETS price dynamics."", ""EU ETS price not directly affected by FDA approval of a diagnostic product.""]",2,1.0,-0.2,-0.2,"[2, 2, 2]"
2645,https://mondovisione.com/media-and-resources/news/consultation-response-preparation-of-the-eu-hydrogen-strategy-europex-feedb/,,Consultation Response – Preparation Of The EU Hydrogen Strategy – Europex Feedback,2020-06-08,,mondovisione.com,English,United States,1,2,eu_context,NO,-1,"[""NO"", ""NO"", ""NO""]","[""Hydrogen strategy consultation may influence future ETS compliance but lacks immediate market impact."", ""EU hydrogen strategy consultation may influence future ETS compliance but does not immediately alter short-term price dynamics."", ""EU hydrogen strategy consultation feedback may influence future policy, but short-term ETS price impact is indirect and uncertain.""]",3,1.0,-0.3,-0.3,"[3, 3, 3]"
2651,https://emerging-europe.com/news/recovered-waste-heat-could-be-a-cost-effective-source-of-clean-energy-for-southern-poland/,,Recovered waste heat could be a cost - effective source of clean energy for southern Poland - Emerging Europe,2020-06-11,https://emerging-europe.com/wp-content/uploads/2020/06/bigstock-chprz-w-town-at-silesia-212278390-1024x681.jpg,emerging-europe.com,English,Romania,1,2,eu_context,NO,-1,"[""NO"", ""NO"", ""NO""]","[""May indicate modest long-term supply-side shifts but not immediate price volatility in EU ETS."", ""May indicate modest long-term supply-side growth but not immediate price pressure."", ""May signal long-term structural shifts in EU ETS pricing via energy efficiency gains, but not immediate short-term volatility.""]",3,1.0,-0.3,-0.3,"[3, 3, 3]"
2657,https://www.jdsupra.com/legalnews/fda-issues-revised-eua-for-disposable-73067/,,FDA Issues Revised EUA for Disposable Filtering Facepiece Respirators Manufactured in China | Wilson Sonsini Goodrich & Rosati,2020-06-15,https://jdsupra-static.s3.amazonaws.com/profile-images/og.7499_759.jpg,jdsupra.com,English,United States,1,8,eu_ets_strong;eu_context,NO,-1,"[""NO"", ""NO"", ""NO""]","[""FDA\u2019s revised EUA may indirectly affect supply chain transparency but has minimal direct impact on EU ETS pricing."", ""EUA revisions may affect supply chain transparency but unlikely to trigger immediate ETS price shifts."", ""EUA revision may signal regulatory tightening, but no direct link to EU ETS price movement.""]",3,1.0,-0.3,-0.3,"[3, 3, 3]"
2663,https://www.thechemicalengineer.com/news/uk-government-announces-new-emissions-trading-system/,,UK Government announces new Emissions Trading System,2020-06-17,https://www.thechemicalengineer.com/media/13833/emissions.jpg,thechemicalengineer.com,English,United Kingdom,1,9,eu_ets_strong;carbon_terms=3,YES,1,"[""YES"", ""YES"", ""NO""]","[""UK ETS changes could influence EU ETS pricing via cross-border emissions trading dynamics."", ""UK ETS expansion could increase EU ETS demand and volatility through cross-border carbon pricing effects."", ""UK ETS could influence EU ETS via policy spillovers and market integration.""]",7,0.6666666666666666,0.7,0.4666666666666666,"[7, 7, 7]"
2669,https://finance.yahoo.com/news/eastern-countries-reject-using-eu-113613478.html,https://finance.yahoo.com/amphtml/news/eastern-countries-reject-using-eu-113613478.html,Eastern countries reject using EU carbon revenue to repay COVID debt,2020-06-19,,finance.yahoo.com,English,United States,1,3,eu_context;carbon_terms=1,NO,-1,"[""NO"", ""NO"", ""NO""]","[""Eastern countries\u2019 rejection could reduce EU ETS revenue flow, impacting price dynamics."", ""Carbon revenue repurposing could affect EU ETS pricing if Eastern countries withhold funds, altering market expectations and supply dynamics."", ""Carbon revenue repurposing could affect market sentiment and policy alignment, potentially dampening price momentum.""]",7,1.0,-0.7,-0.7,"[6, 7, 7]"
2675,http://www.equitybulls.com/admin/news2006/news_det.asp?id=268303,,"Cipla launches Cipremi ( remdesivir lyophilised powder for injection 100 mg ), the only U . S . FDA approved Emergency Use Authorisation ( EUA ) treatment for patients with severe COVID - 19 disease",2020-06-21,https://equitybulls.com/images/News-By-EquityBulls.jpg,equitybulls.com,English,India,1,8,eu_ets_strong;eu_context,NO,-1,"[""NO"", ""NO"", ""NO""]","[""Carbon trading relevance is minimal as this is a pharmaceutical product with no direct link to emissions or carbon markets."", ""Carbon trading relevance is minimal as this is a pharmaceutical product with no direct link to emissions or carbon markets."", ""Carbon trading relevance is minimal as this is a pharmaceutical product approval with no direct link to emissions or carbon markets.""]",2,1.0,-0.2,-0.2,"[2, 2, 2]"
2681,https://www.natlawreview.com/article/fda-amends-imported-non-niosh-approved-respirator-eua,https://www.natlawreview.com/article/fda-amends-imported-non-niosh-approved-respirator-eua?amp,FDA Imported Respirator EUA Amendment,2020-06-24,https://www.natlawreview.com/%3Ca%20href%3D%22/node/%22%3E%3C/a%3E,natlawreview.com,English,United States,1,8,eu_ets_strong;eu_context,NO,-1,"[""NO"", ""NO"", ""NO""]","[""Limited direct impact on EU ETS due to non-regulatory, non-industrial context."", ""Limited direct impact on EU ETS due to non-EU regulatory action."", ""Limited direct impact on EU ETS due to non-EU regulatory action.""]",2,1.0,-0.2,-0.2,"[2, 2, 2]"
2687,https://www.irishtimes.com/opinion/new-eu-borrowing-plan-could-accelerate-green-recovery-1.4288789,https://www.irishtimes.com/opinion/new-eu-borrowing-plan-could-accelerate-green-recovery-1.4288789?mode=amp,New EU borrowing plan could accelerate green recovery,2020-06-27,https://www.irishtimes.com/image-creator/?id=1.4288781&origw=1440,irishtimes.com,English,Ireland,1,2,eu_context,YES,1,"[""YES"", ""YES"", ""YES""]","[""New borrowing could fund green projects, boosting ETS demand and prices short-term."", ""Green recovery funding may boost emission reduction targets, pressuring ETS prices upward."", ""New borrowing could fund green projects, boosting ETS demand and prices.""]",7,1.0,0.7,0.7,"[7, 7, 7]"
2693,https://renews.biz/61400/windeurope-calls-for-strong-eu-offshore-strategy/,,WindEurope calls for strong EU offshore strategy,2020-07-02,https://renews.biz/media/23147/merkel-eu-credit-european-council.jpg,renews.biz,English,United Kingdom,1,2,eu_context,YES,1,"[""YES"", ""YES"", ""YES""]","[""Offshore wind expansion could boost EU ETS demand as more emissions are reduced, potentially lifting prices."", ""Offshore wind expansion could boost EU ETS demand as more projects require carbon allowances."", ""Offshore wind expansion could boost EU ETS demand as more emissions are offset by renewables.""]",7,1.0,0.7,0.7,"[7, 7, 7]"
2699,https://af.reuters.com/article/energyOilNews/idAFL8N2ED1VW,https://mobile.reuters.com/article/amp/af/idAFL8N2ED1VW,"EUROPE POWER - German year - ahead price jumps on rising carbon , fuel prices - Energy & Oil",2020-07-06,https://s4.reutersmedia.net/resources_v2/images/rcom-default.png,af.reuters.com,English,United States,1,5,eu_context;carbon_terms=2;energy_driver,YES,1,"[""YES"", ""YES"", ""YES""]","[""Rising carbon and fuel prices suggest sustained upward pressure on EU ETS prices in the short term."", ""Rising carbon and fuel prices suggest continued upward pressure on EU ETS prices in the short term."", ""Rising carbon and fuel prices suggest continued upward pressure on EU ETS prices in the short term.""]",8,1.0,0.8,0.8,"[8, 8, 8]"
2705,https://www.ship-technology.com/news/european-parliament-include-maritime-emissions-carbon-market,,European Parliament to include maritime emissions in carbon market,2020-07-08,,ship-technology.com,English,United States,1,6,eu_context;carbon_terms=4,YES,1,"[""YES"", ""YES"", ""YES""]","[""Expands market scope, likely increasing demand and price pressure in the short term."", ""Expands scope of EU ETS, likely increasing demand and prices due to new emission sources."", ""Expands scope of EU ETS, likely increasing compliance costs and driving upward pressure on prices.""]",7,1.0,0.7,0.7,"[7, 7, 7]"
2711,https://uk.reuters.com/article/uk-eu-recovery-michel-proposal-factbox/factbox-eus-michel-lays-out-compromise-proposal-on-blocs-covid-stimulus-idUKKBN24B1FB,https://uk.mobile.reuters.com/article/amp/idUKKBN24B1FB,Factbox : EU Michel lays out compromise proposal on bloc COVID stimulus,2020-07-10,https://s3.reutersmedia.net/resources/r/?m=02&d=20200710&t=2&i=1525283402&r=LYNXMPEG690S5,uk.reuters.com,English,United States,1,2,eu_context,NO,-1,"[""NO"", ""NO"", ""NO""]","[""EU ETS price unlikely to be directly affected by a COVID stimulus compromise proposal."", ""Covid stimulus talks may shift focus from carbon pricing to fiscal relief, reducing immediate ETS demand."", ""EU ETS price unlikely to be directly impacted by a COVID stimulus compromise proposal.""]",3,1.0,-0.3,-0.3,"[3, 3, 3]"
2717,https://www.abc.net.au/news/2020-07-15/studies-show-methane-emissions-rising-globally/12458850,https://amp.abc.net.au/article/12458850,Climate change : Methane emissions have gone up everywhere except Europe,2020-07-15,https://www.abc.net.au/cm/rimage/12458984-16x9-large.jpg?v=2,abc.net.au,English,Australia,2,4,eu_context;carbon_terms=2,NO,-1,"[""NO"", ""NO"", ""NO""]","[""EU ETS markets may benefit from lower methane emissions in Europe, potentially reducing carbon intensity and supporting price stability."", ""EU ETS markets may benefit from lower methane emissions in Europe, potentially suppressing price pressure from global emissions."", ""EU ETS may benefit from lower methane emissions in Europe, potentially stabilizing or slightly boosting prices.""]",7,1.0,-0.7,-0.7,"[7, 7, 7]"
2723,https://www.euractiv.com/section/energy/news/norways-e2-1bn-carbon-capture-mega-project-gets-approval/,,Norway €2 . 1bn carbon - capture mega - project gets approval – EURACTIV . com,2020-07-17,https://www.euractiv.com/wp-content/uploads/sites/2/2020/07/brevik-plant-norcem-e1594985568568-800x450.jpg,euractiv.com,English,United Kingdom,1,3,eu_context;carbon_terms=1,NO,-1,"[""NO"", ""NO"", ""NO""]","[""Carbon capture project approval may influence EU ETS dynamics via emissions reduction potential, but direct short-term price impact is uncertain."", ""Norway\u2019s carbon capture project may influence global carbon pricing trends but has limited direct short-term impact on EU ETS prices."", ""May influence long-term EU ETS trends via carbon capture tech adoption but short-term price impact is limited.""]",5,1.0,-0.5,-0.5,"[5, 5, 5]"
2729,https://www.energyworldmag.com/what-role-will-hydrogen-play-in-the-eus-future/,,What role will hydrogen play in the EU future ? | EnergyWorld Magazine,2020-07-19,https://www.energyworldmag.com/wp-content/uploads/2020/07/hydrogen.jpg,energyworldmag.com,English,Romania,2,2,eu_context,NO,-1,"[""NO"", ""NO"", ""NO""]","[""Hydrogen\u2019s role is still emerging and not yet directly tied to immediate EU ETS price movements."", ""Hydrogen\u2019s role is still evolving and may not immediately impact EU ETS pricing, but long-term demand could reshape carbon markets."", ""Hydrogen\u2019s role is still emerging and not yet directly tied to immediate EU ETS price movements.""]",3,1.0,-0.3,-0.3,"[4, 3, 3]"
2735,https://www.hedgeweek.com/2020/07/21/287733/eex-group-reports-significant-global-growth,,EEX Group reports significant global growth,2020-07-21,,hedgeweek.com,English,United Kingdom,2,6,eu_ets_strong,NO,-1,"[""NO"", ""NO"", ""NO""]","[""Global growth may imply higher demand for carbon credits, but EEX Group\u2019s report doesn\u2019t specify ETS-related metrics or market dynamics."", ""Global growth signals may imply higher emissions and demand for allowances, but EEX\u2019s report doesn\u2019t specify sectoral or regulatory context."", ""Global growth signals may imply higher emissions and thus higher ETS demand, but EEX Group\u2019s performance alone doesn\u2019t confirm this trend.""]",3,1.0,-0.3,-0.3,"[3, 3, 3]"
2741,https://uk.reuters.com/article/us-climate-change-eu-carbon/eu-considers-tax-emissions-trading-for-carbon-border-plan-idUKKCN24O1IM,https://uk.mobile.reuters.com/article/amp/idUKKCN24O1IM,"EU considers tax , emissions trading for carbon border plan",2020-07-23,https://s3.reutersmedia.net/resources/r/?m=02&d=20200723&t=2&i=1526849907&r=LYNXNPEG6M0WO,uk.reuters.com,English,United States,1,6,eu_context;carbon_terms=4,YES,1,"[""YES"", ""YES"", ""YES""]","[""EU\u2019s carbon border tax and ETS alignment could boost demand for carbon credits in the short term."", ""EU\u2019s carbon border tax could boost ETS demand by penalizing non-EU emissions-intensive goods."", ""EU\u2019s carbon border tax could boost ETS demand and prices by incentivizing compliance.""]",7,1.0,0.7,0.7,"[7, 7, 7]"
2747,https://www.dailytrust.com.ng/akk-pipeline-we-can-deliver-gas-to-europe-professor-bugaje.html,https://www.dailytrust.com.ng/akk-pipeline-we-can-deliver-gas-to-europe-professor-bugaje.html/amp,AKK pipeline : We can deliver gas to Europe – Professor Bugaje,2020-07-25,https://cdn.dailytrust.com.ng/wp-content/uploads/2020/07/Kadpoly-rector-Prof.jpg,dailytrust.com.ng,English,Nigeria,2,3,eu_context;energy_driver,NO,-1,"[""NO"", ""NO"", ""NO""]","[""Pipeline announcement may signal increased supply, but lacks concrete pricing or regulatory details to influence short-term ETS."", ""Pipeline announcement may signal supply capacity but doesn\u2019t yet imply immediate ETS price movement."", ""Pipeline announcement may signal increased supply but lacks concrete pricing or regulatory details to affect short-term ETS volatility.""]",3,1.0,-0.3,-0.3,"[3, 3, 3]"
2753,https://www.reuters.com/article/europe-electricity/europe-power-spot-power-prices-slide-on-expected-surge-in-wind-output-idUSL5N2EY1AV,https://mobile.reuters.com/article/amp/idUSL5N2EY1AV,EUROPE POWER - Spot power prices slide on expected surge in wind output,2020-07-27,https://s4.reutersmedia.net/resources_v2/images/rcom-default.png,reuters.com,English,United States,2,4,eu_context;carbon_terms=1;energy_driver,NO,-1,"[""NO"", ""NO"", ""NO""]","[""Wind output surge may dampen price volatility but doesn't guarantee a short-term ETS price drop."", ""Wind output surge may dampen price volatility but not significantly affect EU ETS fundamentals."", ""Wind output surge may dampen price volatility but doesn't signal a strong short-term ETS price reversal.""]",5,1.0,-0.5,-0.5,"[5, 5, 5]"
2759,https://www.natlawreview.com/article/european-commission-consults-carbon-border-mechanism,https://www.natlawreview.com/article/european-commission-consults-carbon-border-mechanism?amp,European Commission Consults a Carbon Border Mechanism,2020-07-29,https://www.natlawreview.com/%3Ca%20href%3D%22/node/%22%3E%3C/a%3E,natlawreview.com,English,United States,1,3,eu_context;carbon_terms=1,YES,1,"[""YES"", ""YES"", ""YES""]","[""Potential regulatory uncertainty may pressure short-term ETS prices as markets await final policy details."", ""Carbon Border Mechanism could increase import costs and boost EU ETS demand."", ""Carbon Border Mechanism could raise import costs and boost EU ETS demand.""]",7,1.0,0.7,0.7,"[7, 7, 7]"
2765,https://www.reuters.com/article/europe-electricity/europe-power-forecast-drop-in-renewables-lifts-german-spot-for-monday-idUSL5N2F23FV,https://mobile.reuters.com/article/amp/idUSL5N2F23FV,EUROPE POWER - Forecast drop in renewables lifts German spot for Monday,2020-07-31,https://s4.reutersmedia.net/resources_v2/images/rcom-default.png,reuters.com,English,United States,1,3,eu_context;energy_driver,NO,-1,"[""NO"", ""NO"", ""NO""]","[""Renewables decline may reduce green power surplus, temporarily pressuring spot prices in Germany."", ""Renewables decline may temporarily boost spot prices but doesn't signal long-term EU ETS trend."", ""Renewables decline may temporarily boost spot prices but doesn't signal long-term ETS trend.""]",5,1.0,-0.5,-0.5,"[6, 5, 5]"
2771,https://carbon-pulse.com/105913/,,Swiss - EU ETS trading link to launch in late September with 10 transfer windows for 2020 « Carbon Pulse,2020-08-05,,carbon-pulse.com,English,China,1,10,eu_ets_strong;eu_context;carbon_terms=2,NO,-1,"[""NO"", ""NO"", ""NO""]","[""Initial link launch may create short-term volatility but lacks immediate market impact."", ""Initial link launch may create minor volatility but not decisive short-term price movement."", ""Initial link launch may trigger minor volatility but not decisive long-term price shift.""]",5,1.0,-0.5,-0.5,"[6, 5, 5]"
2777,https://www.hellenicshippingnews.com/eu-switzerland-to-link-emissions-trading-platforms-from-september/,https://www.hellenicshippingnews.com/eu-switzerland-to-link-emissions-trading-platforms-from-september/amp/,"EU , Switzerland to link emissions trading platforms from September | Hellenic Shipping News Worldwide",2020-08-07,,hellenicshippingnews.com,English,China,1,5,eu_context;carbon_terms=3,YES,1,"[""YES"", ""YES"", ""YES""]","[""Cross-border ETS linkage could increase trading volume and price volatility due to expanded market coverage."", ""Cross-border ETS linkage could increase market liquidity and price volatility in EU ETS."", ""EU-Swiss linkage could boost ETS volume and price volatility due to expanded trading scope.""]",7,1.0,0.7,0.7,"[7, 7, 7]"
2783,https://www.petroleum-economist.com/articles/low-carbon-energy/energy-transition/2020/letter-from-brussels-gas-still-fuelling-eus-green-transition,,Letter from Brussels : Gas still fuelling EU green transition,2020-08-09,https://www.petroleum-economist.com/media/8758/european-commission-homepage.jpg?mode=pad&format=jpg&quality=90&slimmage=true&rnd=132412906390000000,petroleum-economist.com,English,Saudi Arabia,1,3,eu_context;energy_driver,NO,-1,"[""NO"", ""NO"", ""NO""]","[""Gas remains a transitional fuel, not a long-term solution, which may dampen ETS price momentum."", ""Gas continues to play a role in EU energy mix, potentially offsetting price pressures from green transition policies."", ""Gas remains a transitional fuel, potentially limiting ETS price upside as EU seeks to reduce carbon intensity.""]",3,1.0,-0.3,-0.3,"[3, 4, 3]"
2789,https://isp.netscape.com/pf/story/0002/20200813/KCN2590K3_2,,European battery makers power up for a green recovery - Netscape Money & Business,2020-08-13,,isp.netscape.com,English,United States,2,3,eu_context;energy_driver,NO,-1,"[""NO"", ""NO"", ""NO""]","[""Battery production demand may slightly boost emissions, but EU ETS pricing is more influenced by broader industrial policy and carbon pricing mechanisms."", ""Battery production boosts demand for carbon credits, but short-term ETS price impact is uncertain due to market liquidity and policy lag."", ""Battery production demand may boost emissions, potentially pressuring ETS prices short-term.""]",5,1.0,-0.5,-0.5,"[5, 5, 5]"
2795,http://www.digitaljournal.com/pr/4775738,,"Carbon Black Market Research Report by Type , by Grade , by Application - Global Forecast to 2025 - Cumulative Impact of COVID - 19 - Press Release",2020-08-15,,digitaljournal.com,English,United States,2,2,carbon_terms=2,NO,-1,"[""NO"", ""NO"", ""NO""]","[""Carbon black market data does not directly influence EU ETS pricing, though indirect supply chain effects may be minor."", ""Carbon black market data is not directly tied to EU ETS price movements, though indirect supply chain effects may exist."", ""Carbon black market data may indirectly affect ETS prices via industrial demand shifts but lacks direct policy or emission linkage.""]",3,1.0,-0.3,-0.3,"[3, 3, 3]"
2801,https://kesq.com/money/2020/08/17/green-recovery-or-nightmare-for-trade-europe-wants-to-tax-emissions-from-ships/,https://kesq.com/amp/green-recovery-or-nightmare-for-trade-europe-wants-to-tax-emissions-from-ships,Green recovery or  nightmare  for trade ? Europe wants to tax emissions from ships – KESQ,2020-08-17,https://kesq.b-cdn.net/2020/08/hypatia-h_a4ce26ff695ffada3c968f12dbc555ff-h_c134da4803e9bc336a1b55ac34a0bf55_preview.jpg,kesq.com,English,United States,1,4,eu_context;carbon_terms=2,NO,-1,"[""NO"", ""YES"", ""NO""]","[""EU\u2019s ship emissions tax could disrupt global trade flows and pressure shipping costs, affecting ETS pricing indirectly."", ""EU\u2019s ship emissions tax could boost ETS demand as maritime sector adjusts to compliance."", ""EU\u2019s maritime emissions tax could disrupt global trade flows and pressure shipping costs, indirectly affecting ETS prices.""]",6,0.6666666666666666,-0.6,-0.3999999999999999,"[6, 7, 7]"
2807,https://interfax.com/newsroom/top-stories/69593/,,Sibur postponing decisions on some projects due to possible EU carbon tax,2020-08-19,,interfax.com,English,Russia,2,3,eu_context;carbon_terms=1,NO,-1,"[""NO"", ""NO"", ""NO""]","[""Sibur\u2019s delay may reflect risk aversion to EU ETS pricing, potentially dampening short-term market sentiment."", ""Sibur's delay may reflect uncertainty around EU ETS pricing, potentially dampening short-term market momentum."", ""Sibur\u2019s delay may reflect risk aversion to EU ETS pricing, potentially signaling market uncertainty.""]",6,1.0,-0.6,-0.6,"[6, 6, 7]"
2813,https://uk.reuters.com/article/us-eu-energy-methane-strategy-exclusive/exclusive-draft-eu-methane-strategy-shies-away-from-binding-emissions-standards-idUKKBN25H2BL,https://uk.mobile.reuters.com/article/amp/idUKKBN25H2BL,Exclusive : Draft EU methane strategy shies away from binding emissions standards,2020-08-21,https://s3.reutersmedia.net/resources/r/?m=02&d=20200821&t=2&i=1530530956&r=LYNXMPEG7K1J6,uk.reuters.com,English,United States,2,4,eu_context;carbon_terms=2,NO,-1,"[""NO"", ""NO"", ""NO""]","[""Methane policy ambiguity may dampen investor confidence but doesn't immediately shift EU ETS pricing."", ""Lack of binding standards may reduce regulatory pressure, potentially lowering ETS price momentum."", ""Methane policy ambiguity may dampen investor confidence but doesn't immediately alter ETS pricing mechanics.""]",5,1.0,-0.5,-0.5,"[5, 6, 5]"
2819,https://www.naturalgasworld.com/greening-the-covid-19-recovery-feasibility-and-implementation-issues-in-the-european-union-ggp-81187,,Greening The Covid - 19 Recovery : Feasibility And Implementation Issues In The European Union [ GGP ] ,2020-08-23,,naturalgasworld.com,English,Russia,2,2,eu_context,NO,-1,"[""NO"", ""NO"", ""NO""]","[""Policy greenwashing risks could undermine ETS credibility and trigger market repricing."", ""Policy shifts toward green recovery may influence ETS compliance but short-term price volatility is uncertain."", ""Policy shifts toward green recovery may temporarily depress ETS prices due to regulatory uncertainty and implementation delays.""]",6,1.0,-0.6,-0.6,"[7, 6, 6]"
2825,https://www.energyvoice.com/oilandgas/europe/260515/virus-era-threatens-europes-war-on-dirty-imports/,,Virus era threatens Europe war on dirty imports - News for the Oil and Gas Sector,2020-08-25,https://wpcluster.dctdigital.com/energyvoice/wp-content/uploads/sites/4/2016/08/EuropeanUnion-1024x685.jpg,energyvoice.com,English,United Kingdom,1,3,eu_context;energy_driver,NO,-1,"[""NO"", ""NO"", ""NO""]","[""Virus-related disruptions may impact supply chains but are unlikely to significantly alter EU ETS pricing in the short term."", ""Virus-related disruptions may temporarily affect supply chains but do not directly impact EU ETS pricing fundamentals."", ""Virus-era disruptions may affect supply chains but not directly impact EU ETS pricing fundamentals.""]",3,1.0,-0.3,-0.3,"[3, 3, 3]"
2831,https://www.euractiv.com/section/global-europe/news/russia-bristles-at-proposed-eu-carbon-tax/,,Russia bristles at proposed EU carbon tax,2020-08-27,https://www.euractiv.com/wp-content/uploads/sites/2/2020/08/Dmitry-Medvedev-800x450.jpg,euractiv.com,English,United Kingdom,2,3,eu_context;carbon_terms=1,NO,-1,"[""NO"", ""NO"", ""NO""]","[""Russia\u2019s reaction may signal potential policy shifts or trade tensions that could indirectly affect EU ETS demand or supply chains."", ""Russia\u2019s protest may trigger retaliatory measures or supply disruptions, indirectly affecting EU ETS demand."", ""EU carbon tax proposal may trigger retaliatory measures but lacks immediate market impact.""]",6,1.0,-0.6,-0.6,"[6, 6, 5]"
2837,https://www.energyworldmag.com/daily-global-co2-emissions-cut-through-covid/,,Daily global CO2 emissions cut through Covid,2020-08-29,https://www.energyworldmag.com/wp-content/uploads/2020/08/India-Covid.jpg,energyworldmag.com,English,Romania,2,2,carbon_terms=2,NO,-1,"[""NO"", ""NO"", ""NO""]","[""Covid-related emission cuts were temporary and not sustained, reducing immediate pressure on EU ETS prices but not signaling long-term structural change."", ""Covid-related emission cuts are temporary and likely to reverse as economies rebound."", ""Covid-related emissions reductions were temporary and not sustained, limiting long-term market signals.""]",3,1.0,-0.3,-0.3,"[3, 3, 3]"
2843,https://tass.com/pressreview/1195375,https://tass.com/pressreview/1195375/amp,Press review : EU carbon tax to hit Russia and India pulls out of Russian military exercise,2020-08-31,https://phototass2.cdnvideo.ru/width/1200_4ce85301/tass/m2/en/uploads/i/20200831/1281489.jpg,tass.com,English,,2,3,eu_context;carbon_terms=1,NO,-1,"[""NO"", ""NO"", ""NO""]","[""EU ETS price unlikely to be directly impacted by Russia-India military exercise withdrawal."", ""EU ETS price unlikely to be directly affected by Russia-India military exercise withdrawal."", ""EU ETS price unlikely to be directly affected by Russia-India military exercise withdrawal.""]",3,1.0,-0.3,-0.3,"[3, 3, 3]"
2849,https://wtvbam.com/news/articles/2020/sep/02/exclusive-eu-draft-plan-targets-free-carbon-credit-cut-for-most-industries/1054483/,,Exclusive : EU draft plan targets free carbon credit cut for most industries | News,2020-09-02,https://radiocms-images.us1.eldarioncloud.com/resize/1200/https://storage.googleapis.com/media.mwcradio.com/mimesis/2020-09/02/2020-09-02T144726Z_1_LYNXMPEG811CZ_RTROPTP_3_CLIMATE-CHANGE-EU-INDUSTRY.JPG?upscale=False,wtvbam.com,English,United States,2,3,eu_context;carbon_terms=1,YES,1,"[""YES"", ""YES"", ""YES""]","[""Free credit cuts likely to increase compliance costs and drive upward pressure on ETS prices."", ""Free credit cuts likely to increase compliance costs and drive upward pressure on ETS prices."", ""Free credit cuts likely to increase compliance costs and drive upward pressure on ETS prices.""]",8,1.0,0.8,0.8,"[8, 8, 8]"
2855,https://finance.yahoo.com/news/capstone-turbine-nasdaq-cpst-executes-120000887.html,https://finance.yahoo.com/amphtml/news/capstone-turbine-nasdaq-cpst-executes-120000887.html,Capstone Turbine ( NASDAQ : CPST ) Executes Another 5 - Year Long - Term FPP Service Contract in Italy as Europe Rebounds,2020-09-04,,finance.yahoo.com,English,United States,2,2,eu_context,NO,-1,"[""NO"", ""NO"", ""NO""]","[""FPP contract wins are modestly positive but don\u2019t signal broad EU ETS demand or policy shifts."", ""FPP contracts may signal industrial demand but don\u2019t directly impact EU ETS pricing mechanics."", ""FPP contracts may indicate stable operations but don't directly signal EU ETS price movement.""]",3,1.0,-0.3,-0.3,"[3, 3, 3]"
2861,http://jordantimes.com/opinion/mark-leonard/europes-self-help-moment,,Europe self - help moment | Jordan Times,2020-09-06,,jordantimes.com,English,Jordan,2,2,eu_context,NO,-1,"[""NO"", ""NO"", ""NO""]","[""Lack of specific financial or policy details in headline makes impact uncertain."", ""Lack of specific financial or policy details in headline makes impact uncertain."", ""Lack of specific financial or policy details in headline makes impact uncertain.""]",3,1.0,-0.3,-0.3,"[3, 2, 3]"
2867,https://www.lexology.com/library/detail.aspx?g=dca61fb8-2f0d-49a1-b603-0a4f203b9491,,Maren Strandevold in NS Energy : Industry View : Energy Businesses Will Need to Adopt a New Approach to Reach EU Net - Zero Targets,2020-09-09,,lexology.com,English,United States,1,2,eu_context,YES,1,"[""YES"", ""YES"", ""YES""]","[""Industry shift toward net-zero targets likely to drive higher ETS compliance costs and demand."", ""Industry adaptation pressure may drive increased compliance costs and emissions trading activity."", ""Industry adoption pressure could drive higher compliance costs and emissions trading activity.""]",7,1.0,0.7,0.7,"[7, 7, 7]"
2873,http://econews.com.au/65298/worlds-largest-carbon-market-faces-revamp-under-draft-eu-plan/,,World largest carbon market faces revamp under draft EU plan,2020-09-13,http://econews.com.au/wp-content/uploads/2016/06/eu-emissions-trading-scheme-generic.jpg,econews.com.au,English,Australia,1,4,eu_context;carbon_terms=2,YES,1,"[""YES"", ""YES"", ""YES""]","[""Draft EU plan could reshape market structure and pricing dynamics significantly."", ""Draft EU plan could reshape market structure and pricing dynamics."", ""Draft EU plan could reshape market structure and pricing dynamics.""]",7,1.0,0.7,0.7,"[7, 7, 7]"
2879,https://mondovisione.com/media-and-resources/news/eu-emissions-trading-system-free-allowances-must-be-better-targeted-say-audito/,,"EU Emissions Trading System : Free Allowances Must Be Better Targeted , Say Auditors",2020-09-15,,mondovisione.com,English,United States,1,12,eu_ets_strong;eu_context;carbon_terms=5,NO,-1,"[""NO"", ""NO"", ""NO""]","[""Auditors\u2019 call for better targeting of free allowances may signal tighter policy, potentially suppressing price if market perception shifts to reduced supply."", ""Auditors' call for better targeting may signal tighter compliance, potentially reducing oversupply and supporting prices."", ""Auditors' call for better targeting may signal tighter compliance, potentially reducing surplus allowances and supporting price stability.""]",6,1.0,-0.6,-0.6,"[6, 6, 6]"
2885,https://www.marketscreener.com/news/latest/Press-Release-EU-emissions-trading-system-free-allowances-must-be-better-targeted-say-auditors--31300378/,https://www.marketscreener.com/amp/news/latest/Press-Release-EU-emissions-trading-system-free-allowances-must-be-better-targeted-say-auditors--31300378/,"Press Release : EU emissions trading system : free allowances must be better targeted , say auditors",2020-09-17,https://www.marketscreener.com/images/twitter_MS_fdblanc.png,marketscreener.com,English,,1,12,eu_ets_strong;eu_context;carbon_terms=5,NO,-1,"[""NO"", ""NO"", ""NO""]","[""Auditors' call for better targeting of free allowances may signal tightening future allocation, potentially pressuring prices."", ""Auditors' call for better targeting of free allowances may signal tighter future allocation, potentially suppressing prices if market expects reduced supply."", ""Auditors\u2019 call for better targeting may lead to reduced free allowances, potentially boosting prices.""]",6,1.0,-0.6,-0.6,"[6, 6, 6]"
2891,https://www.reuters.com/article/us-climate-change-accord-carbon-trading-idUSKBN1YE2EO,https://mobile.reuters.com/article/amp/idUSKBN1YE2EO,Factbox : Global schemes putting a price on carbon emissions,2020-09-19,https://s1.reutersmedia.net/resources_v2/images/rcom-default.png,reuters.com,English,United States,1,4,carbon_terms=4,NO,-1,"[""NO"", ""NO"", ""NO""]","[""Global carbon pricing schemes may influence EU ETS indirectly but don't guarantee short-term price movement."", ""Global carbon pricing schemes may signal long-term structural trends but don\u2019t immediately trigger short-term price volatility in EU ETS."", ""Global carbon pricing schemes may influence EU ETS indirectly but don't guarantee short-term price movement.""]",5,1.0,-0.5,-0.5,"[5, 5, 5]"
2897,https://www.hellenicshippingnews.com/shippings-inclusion-in-eu-ets-ignores-industrys-calls-for-collaboration/,https://www.hellenicshippingnews.com/shippings-inclusion-in-eu-ets-ignores-industrys-calls-for-collaboration/amp/,Shipping inclusion in EU ETS ignores industry calls for collaboration | Hellenic Shipping News Worldwide,2020-09-21,,hellenicshippingnews.com,English,China,1,8,eu_ets_strong;eu_context,NO,-1,"[""NO"", ""NO"", ""NO""]","[""Shipping sector\u2019s exclusion may trigger market volatility and push prices upward due to perceived regulatory imbalance."", ""Shipping sector\u2019s exclusion may trigger market volatility and renegotiation pressures."", ""Shipping sector\u2019s exclusion may trigger market volatility and push prices higher due to perceived regulatory imbalance.""]",6,1.0,-0.6,-0.6,"[6, 6, 6]"
2903,https://www.acer.europa.eu/Media/News/Pages/ACER-finds-EU-gas-market-rules-successful-and-recommends-decarbonisation-to-be-built-on-current-market-design.aspx,,ACER finds EU gas market rules successful and recommends decarbonisation to be built on current market design,2020-09-23,,acer.europa.eu,English,,2,5,eu_context;carbon_terms=2;energy_driver,NO,-1,"[""NO"", ""NO"", ""NO""]","[""Market design stability may dampen price volatility but doesn\u2019t directly drive ETS price direction."", ""Market design stability may support prices but doesn\u2019t directly trigger carbon price volatility."", ""Market design stability may support price continuity but doesn\u2019t directly drive ETS volatility.""]",5,1.0,-0.5,-0.5,"[3, 5, 5]"
2909,https://www.hellenicshippingnews.com/can-biomethane-decarbonise-europes-gas-market/,https://www.hellenicshippingnews.com/can-biomethane-decarbonise-europes-gas-market/amp/,Can biomethane decarbonise Europe gas market ? | Hellenic Shipping News Worldwide,2020-09-25,,hellenicshippingnews.com,English,China,2,5,eu_context;carbon_terms=2;energy_driver,NO,-1,"[""NO"", ""NO"", ""NO""]","[""Biomethane\u2019s role in decarbonising Europe\u2019s gas market is still emerging and unlikely to significantly impact short-term EU ETS prices."", ""Biomethane\u2019s scalability and integration into gas grids face regulatory and infrastructure hurdles, limiting near-term price impact on EU ETS."", ""Biomethane\u2019s role in decarbonizing Europe\u2019s gas market is niche and not yet large-scale enough to significantly impact EU ETS prices.""]",3,1.0,-0.3,-0.3,"[3, 3, 4]"
2915,https://www.bignewsnetwork.com/news/266524856/european-union-wants-greenhouse-gas-emissions-cut-by-55-by-2030,,European Union wants greenhouse gas emissions cut by 55 % by 2030,2020-09-27,https://cdn.bignewsnetwork.com/cus1601210241277.jpg,bignewsnetwork.com,English,United States,1,5,eu_context;carbon_terms=2;energy_driver,YES,1,"[""YES"", ""YES"", ""YES""]","[""Strong policy signal likely to drive higher ETS prices through stricter emission targets."", ""Strong policy signal likely to boost ETS compliance costs and drive upward price pressure."", ""Strong policy signal likely to boost ETS demand and prices via stricter emission caps.""]",8,1.0,0.8,0.8,"[8, 8, 8]"
2921,https://www.politico.com/newsletters/prescription-pulse/2020/09/29/fda-official-eua-guidance-may-be-quashed-790674,,FDA official : EUA guidance may be quashed,2020-09-29,https://static.politico.com/da/f5/44342c424c68b675719324b1106b/politico.jpg,politico.com,English,United States,1,8,eu_ets_strong;eu_context,NO,-1,"[""NO"", ""NO"", ""NO""]","[""EUA guidance could be invalidated, creating regulatory uncertainty that may dampen investor confidence in EU ETS."", ""EUA guidance being quashed could trigger market uncertainty and reduce investor confidence in EU ETS compliance."", ""EUA guidance could be invalidated, potentially disrupting market expectations and triggering short-term price volatility.""]",7,1.0,-0.7,-0.7,"[7, 7, 7]"
2927,https://www.cnbc.com/2020/10/01/european-stock-futures-markets-track-gains-on-wall-street.html,https://www.cnbc.com/amp/2020/10/01/european-stock-futures-markets-track-gains-on-wall-street.html,European stock markets today : Markets track gains on Wall Street,2020-10-01,https://image.cnbcfm.com/api/v1/image/106717323-1601037129831-2020-06-11T000000Z_1886231381_RC297H9CV5MI_RTRMADP_3_USA-STOCKS.JPG?v=1601037208,cnbc.com,English,United States,1,3,eu_context;carbon_terms=1,NO,-1,"[""NO"", ""NO"", ""NO""]","[""Wall Street gains may not directly translate to EU ETS pricing due to divergent market fundamentals and regulatory frameworks."", ""Wall Street gains may not directly translate to EU ETS pricing due to divergent market fundamentals and regulatory focus."", ""Wall Street gains may signal broader market optimism but don\u2019t directly impact EU ETS pricing mechanics.""]",3,1.0,-0.3,-0.3,"[2, 3, 3]"
2933,https://techcrunch.com/2020/10/03/this-week-in-apps-google-play-gets-new-rules-apple-launches-app-marketing-tools-eu-looks-to-reign-in-tech-giants/,https://techcrunch.com/2020/10/03/this-week-in-apps-google-play-gets-new-rules-apple-launches-app-marketing-tools-eu-looks-to-reign-in-tech-giants/amp/,"This Week in Apps : Google Play gets new rules , Apple launches app marketing tools , EU looks to reign in tech giants – TechCrunch",2020-10-03,https://techcrunch.com/wp-content/uploads/2020/02/this-week-in-apps-splash.png,techcrunch.com,English,United States,2,3,eu_context;carbon_terms=1,NO,-1,"[""NO"", ""NO"", ""NO""]","[""EU regulatory focus on tech giants may indirectly influence carbon pricing via corporate emissions reporting and compliance costs."", ""EU ETS price is unlikely to be directly impacted by tech app regulations, as they are unrelated to carbon emissions trading."", ""Tech giants\u2019 regulatory scrutiny may indirectly affect carbon emissions trading via corporate compliance costs, but no direct price signal is implied.""]",3,1.0,-0.3,-0.3,"[3, 3, 3]"
2939,http://www.globenewswire.com/news-release/2020/10/05/2103749/0/en/Reverse-Flame-Steam-Boiler-Market-Will-Witness-High-Growth-Increasing-Demand-for-Clean-Energy-to-Reduce-Carbon-Emissions-Will-Promote-Growth-says-Fortune-Business-Insights.html,,"Reverse Flame Steam Boiler Market Will Witness High Growth ; Increasing Demand for Clean Energy to Reduce Carbon Emissions Will Promote Growth , says Fortune Business Insights",2020-10-05,,globenewswire.com,English,United States,2,5,carbon_terms=4;energy_driver,NO,-1,"[""NO"", ""NO"", ""NO""]","[""Clean energy demand may indirectly support EU ETS prices, but reverse flame boiler growth is not a direct or immediate driver of carbon market dynamics."", ""Clean energy demand may indirectly support EU ETS prices, but boiler market growth is not a direct or immediate driver of carbon pricing."", ""Clean energy demand may indirectly support EU ETS prices, but boiler market growth is not a direct or immediate driver of carbon pricing.""]",5,1.0,-0.5,-0.5,"[4, 5, 5]"
2945,https://www.euractiv.com/section/energy-environment/news/eu-parliament-votes-for-60-carbon-emissions-cut-by-2030/,,EU Parliament votes for 60 % carbon emissions cut by 2030,2020-10-07,https://www.euractiv.com/wp-content/uploads/sites/2/2020/10/Gutteland-800x450.jpg,euractiv.com,English,United Kingdom,2,5,eu_context;carbon_terms=3,YES,1,"[""YES"", ""YES"", ""YES""]","[""Stronger emissions targets likely to boost carbon price via increased compliance costs and auction demand."", ""Strong policy signal likely to boost ETS demand and price as emissions targets tighten."", ""Strong policy signal likely to boost ETS demand and price as emissions targets tighten.""]",8,1.0,0.8,0.8,"[8, 8, 8]"
2951,https://www.stcatharinesstandard.ca/ts/politics/federal/2020/10/08/we-know-what-it-will-take-to-get-to-net-zero-carbon-emissions-so-why-isnt-canada-doing-it.html,,We know what it will take to get to net - zero carbon emissions . So why isnt Canada doing it ? ,2020-10-09,https://images.thestar.com/YAeFxGxkpBZUx6VjgmBsV-IhX2Q=/1200x800/smart/filters:cb(1602200725269)/https://www.stcatharinesstandard.ca/content/dam/thestar/politics/federal/2020/10/08/we-know-what-it-will-take-to-get-to-net-zero-carbon-emissions-so-why-isnt-canada-doing-it/mark_carney.jpg,stcatharinesstandard.ca,English,Canada,2,3,carbon_terms=3,NO,-1,"[""NO"", ""NO"", ""NO""]","[""It\u2019s a rhetorical question that doesn\u2019t directly affect EU ETS pricing mechanics or policy."", ""It focuses on Canada\u2019s policy lag rather than EU ETS market mechanics or pricing drivers."", ""It\u2019s a rhetorical question about policy lag, not a direct market signal for EU ETS pricing.""]",3,1.0,-0.3,-0.3,"[3, 3, 3]"
2957,https://www.downtoearth.org.in/blog/climate-change/eu-first-climate-neutral-continent-by-2050-needs-60-reduction-in-emissions-by-2030-73761,https://www.downtoearth.org.in/blog/climate change/amp/eu-first-climate-neutral-continent-by-2050-needs-60-reduction-in-emissions-by-2030-73761,"EU , first climate neutral continent by 2050 , needs 60 % reduction in emissions by 2030",2020-10-12,https://cdn.downtoearth.org.in/library/large/2020-10-12/0.60108200_1602507527_17.jpg,downtoearth.org.in,English,India,2,4,eu_context;carbon_terms=2,YES,1,"[""YES"", ""YES"", ""YES""]","[""Strong policy signal drives demand for carbon allowances, likely pushing prices higher."", ""Strong policy signal drives demand for carbon credits, pushing EU ETS prices higher."", ""Strong policy signal drives demand for carbon credits and boosts ETS price expectations.""]",7,1.0,0.7,0.7,"[7, 7, 7]"
2963,https://uk.reuters.com/article/uk-eu-energy-methane/eu-considers-binding-methane-emissions-standards-for-gas-idUKKBN26Z1FK,https://uk.mobile.reuters.com/article/amp/idUKKBN26Z1FK,EU considers binding methane emissions standards for gas,2020-10-14,https://static.reuters.com/resources/r/?m=02&d=20201014&t=2&i=1537413744&r=LYNXMPEG9D0TE,uk.reuters.com,English,United States,2,5,eu_context;carbon_terms=2;energy_driver,YES,1,"[""YES"", ""YES"", ""YES""]","[""Methane regulations could increase compliance costs and alter gas market dynamics, potentially boosting EU ETS prices."", ""Methane regulations could boost compliance costs and affect gas demand, influencing EU ETS price volatility."", ""Methane regulations could boost compliance costs and reduce supply, potentially tightening EU ETS demand.""]",7,1.0,0.7,0.7,"[7, 7, 7]"
2969,https://www.offshore-energy.biz/liberian-registry-against-unilateral-eu-ets-scheme/,,Liberian Registry against unilateral EU ETS scheme,2020-10-16,https://cdn.offshorewind.biz/wp-content/uploads/sites/6/2020/10/16111942/Fotolia_122985286_XL-1-1024x469.jpg,offshore-energy.biz,English,,1,8,eu_ets_strong;eu_context,NO,-1,"[""NO"", ""NO"", ""NO""]","[""Liberian Registry opposition may signal broader resistance to unilateral ETS measures, potentially influencing policy debates but not directly impacting short-term price."", ""Liberian Registry opposition may signal broader international resistance to unilateral EU ETS expansion, potentially influencing global carbon pricing dynamics."", ""Liberian Registry opposition may signal global regulatory divergence but lacks immediate market impact on EU ETS pricing.""]",3,1.0,-0.3,-0.3,"[3, 3, 3]"
2975,http://tradearabia.com/news/HEAL_374089.html,,Eco Wave Power joins global drive to reduce emissions,2020-10-18,,tradearabia.com,English,United Arab Emirates,2,3,carbon_terms=2;energy_driver,NO,-1,"[""NO"", ""NO"", ""NO""]","[""Eco Wave Power\u2019s entry may signal green tech growth but doesn\u2019t directly impact EU ETS price volatility."", ""Eco Wave Power\u2019s entry may signal green tech growth but lacks immediate market impact on EU ETS pricing."", ""Eco Wave Power\u2019s entry may signal increased green investment but lacks immediate market impact on EU ETS pricing.""]",3,1.0,-0.3,-0.3,"[3, 3, 3]"
2981,https://www.hedgeweek.com/2020/10/21/291151/nzxeex-partnership-selected-provide-emissions-auctions-nz-government,,NZX / EEX partnership selected to provide emissions auctions for NZ Government,2020-10-21,,hedgeweek.com,English,United Kingdom,1,10,eu_ets_strong;carbon_terms=4,NO,-1,"[""NO"", ""NO"", ""NO""]","[""NZX/EEX partnership may influence auction design but not directly impact EU ETS price volatility."", ""NZX/EEX partnership may influence auction design but not directly impact EU ETS price volatility."", ""Emissions auction mechanism in NZ may indirectly affect EU ETS via cross-border carbon pricing signals, but no direct link to EU ETS price movement.""]",3,1.0,-0.3,-0.3,"[3, 3, 3]"
2987,https://asia.nikkei.com/Spotlight/Environment/Japan-to-reduce-greenhouse-gas-emissions-to-net-zero-by-2050,,Japan to reduce greenhouse - gas emissions to net zero by 2050 - Nikkei Asia,2020-10-23,https://www.ft.com/__origami/service/image/v2/images/raw/https%253A%252F%252Fs3-ap-northeast-1.amazonaws.com%252Fpsh-ex-ftnikkei-3937bb4%252Fimages%252F6%252F7%252F3%252F7%252F30117376-1-eng-GB%252Fclimatechangegas.jpg?&fit=cover&gravity=faces&source=nar-cms,asia.nikkei.com,English,Japan,2,3,carbon_terms=2;energy_driver,NO,-1,"[""NO"", ""NO"", ""NO""]","[""Japan\u2019s 2050 net-zero target may influence global carbon pricing indirectly but doesn\u2019t directly impact EU ETS short-term dynamics."", ""Japan\u2019s 2050 net-zero target may influence global carbon pricing trends but has limited direct short-term impact on EU ETS."", ""Japan\u2019s 2050 net-zero target may influence global carbon pricing via supply chain effects, but not immediate EU ETS impact.""]",5,1.0,-0.5,-0.5,"[5, 5, 3]"
2993,https://asia.nikkei.com/Spotlight/Datawatch/Companies-slashing-carbon-emissions-see-15-rise-in-market-cap,,Companies slashing carbon emissions see 15 % rise in market cap - Nikkei Asia,2020-10-25,,asia.nikkei.com,English,Japan,2,4,carbon_terms=4,YES,1,"[""YES"", ""YES"", ""YES""]","[""Emissions cuts by companies may signal stronger carbon pricing expectations, boosting investor sentiment."", ""Emission reductions by companies can signal stronger ESG compliance and future regulatory alignment, potentially boosting ETS prices."", ""Emission cuts by companies may signal stronger ETS compliance and future price support.""]",7,1.0,0.7,0.7,"[7, 7, 7]"
2999,https://www.finanznachrichten.de/nachrichten-2020-10/51061457-total-lanzatech-total-and-l-oreal-announce-a-worldwide-premiere-the-production-of-the-first-cosmetic-plastic-bottle-made-from-industrial-carbon-emi-004.htm,,"TOTAL : LanzaTech , Total and LOréal Announce a Worldwide Premiere : the Production of the First Cosmetic Plastic Bottle Made From Industrial Carbon Emissions",2020-10-27,https://www.finanznachrichten.de/chart-total-se-aktie-intraklein-tg.png,finanznachrichten.de,English,Germany,2,3,carbon_terms=3,NO,-1,"[""NO"", ""NO"", ""NO""]","[""This is a first-of-its-kind carbon-negative plastic production, which could signal future ETS price pressure if scaled, but current impact is limited."", ""This is a symbolic step toward carbon-negative materials, but lacks immediate market impact or regulatory mandate to drive short-term ETS prices."", ""This is a first-of-its-kind carbon-negative plastic production, potentially reducing demand for fossil-based plastics and impacting ETS compliance costs, but long-term market effects are uncertain.""]",5,1.0,-0.5,-0.5,"[5, 5, 5]"
3005,https://www.euractiv.com/section/energy-environment/opinion/the-carbon-border-adjustment-mechanism-ensuring-fairness/,,The Carbon Border Adjustment Mechanism : ensuring fairness,2020-10-29,https://www.euractiv.com/wp-content/uploads/sites/2/2020/10/NLMK-Dansteel-800x450.jpg,euractiv.com,English,United Kingdom,1,7,eu_ets_strong;carbon_terms=1,NO,-1,"[""NO"", ""NO"", ""NO""]","[""CBAM\u2019s implementation could trigger supply-side adjustments and increase compliance costs, affecting EU ETS demand."", ""CBA\u2019s implementation may increase import costs, potentially pressuring EU ETS prices upward in the short term."", ""CBAM\u2019s implementation could trigger supply-side adjustments and price volatility in EU ETS markets.""]",6,1.0,-0.6,-0.6,"[6, 7, 6]"
3011,https://www.washingtonpost.com/world/europe/europe-trump-biden-election/2020/10/30/7f7e6a62-188a-11eb-8bda-814ca56e138b_story.html,https://www.washingtonpost.com/world/europe/europe-trump-biden-election/2020/10/30/7f7e6a62-188a-11eb-8bda-814ca56e138b_story.html?outputType=amp,"Trump or Biden , Europe doesnt think it can depend on U . S ., whoever wins election",2020-10-31,https://www.washingtonpost.com/resizer/aLwzKfKIhPmWqD2bf22tB8gGD4g=/1484x0/arc-anglerfish-washpost-prod-washpost.s3.amazonaws.com/public/COW376A23YI6XLXMXE54YKNADM.jpg,washingtonpost.com,English,United States,2,2,eu_context,NO,-1,"[""NO"", ""NO"", ""NO""]","[""EU ETS pricing may be influenced by U.S. policy uncertainty, but short-term direction is unlikely to shift sharply."", ""EU ETS pricing may be affected by U.S. policy uncertainty, but not immediately or decisively."", ""EU ETS pricing may be influenced by U.S. policy uncertainty, but direct short-term impact is limited without immediate regulatory shifts.""]",6,1.0,-0.6,-0.6,"[6, 6, 6]"
3017,https://www.seatrade-maritime.com/regulation/liberian-registry-opposes-eu-emissions-regulations-international-shipping,,Liberian Registry opposes EU emissions regulations for global shipping,2020-11-02,https://www.seatrade-maritime.com/sites/seatrade-maritime.com/files/Alfonso%20Castillero_COO.jpg,seatrade-maritime.com,English,China,1,4,eu_context;carbon_terms=2,NO,-1,"[""NO"", ""NO"", ""NO""]","[""Liberian Registry opposition may signal global shipping industry resistance, but EU ETS price is more influenced by domestic policy and compliance than foreign registry stance."", ""Liberian Registry opposition may signal global shipping industry resistance, but EU ETS price is more influenced by domestic policy and compliance than international registry stances."", ""Liberian Registry opposition may signal global shipping industry resistance, but EU ETS price is more influenced by domestic policy and cap levels.""]",3,1.0,-0.3,-0.3,"[3, 3, 3]"
3023,https://oilvoice.com/Event/46428/European-Gas-Virtual-2021,,European Gas Virtual 2021 - OilVoice,2020-11-04,,oilvoice.com,English,United States,2,3,eu_context;energy_driver,NO,-1,"[""NO"", ""NO"", ""NO""]","[""Lacks direct relevance to EU ETS price dynamics or carbon market fundamentals."", ""Lack of direct relevance to EU ETS price dynamics or carbon market activity."", ""Lacks specific market context or direct carbon trading relevance.""]",2,1.0,-0.2,-0.2,"[2, 2, 2]"
3029,https://www.eea.europa.eu/highlights/impact-of-covid-19-lockdown,,COVID - 19 measures have mixed impacts on the environment European Environment Agency,2020-11-06,https://www.eea.europa.eu/highlights/impact-of-covid-19-lockdown/@@images/72933c10-8315-4479-851b-9c2bbf2403b1.jpeg,eea.europa.eu,English,,2,2,eu_context,NO,-1,"[""NO"", ""NO"", ""NO""]","[""Mixed environmental impacts from COVID-19 measures create uncertainty for ETS pricing."", ""Mixed environmental impacts from COVID-19 measures may create short-term volatility but not a clear directional signal for EU ETS prices."", ""Mixed environmental impacts from COVID-19 measures may modestly affect ETS pricing due to uncertain policy continuity.""]",5,1.0,-0.5,-0.5,"[5, 4, 5]"
3035,https://news.yahoo.com/oil-prices-only-going-one-060002748.html,https://news.yahoo.com/amphtml/oil-prices-only-going-one-060002748.html,Oil Prices Are Only Going in One Direction,2020-11-08,https://s.yimg.com/uu/api/res/1.2/HyHTzJCHEKT8Y8qnTpcMSA--~B/aD0xMjA1O3c9MjAwMDthcHBpZD15dGFjaHlvbg--/https://media.zenfs.com/en/bloomberg_opinion_268/9c873b875e7d0ada26dc2d6f0baf4d2b,news.yahoo.com,English,United States,2,2,carbon_terms=1;energy_driver,NO,-1,"[""NO"", ""NO"", ""NO""]","[""Oil price direction may not directly correlate with EU ETS pricing due to differing market drivers and regulatory frameworks."", ""Oil price direction alone doesn't reliably predict EU ETS movements due to carbon policy divergence."", ""Oil price trends may not directly correlate with EU ETS prices due to differing market drivers and regulatory frameworks.""]",5,1.0,-0.5,-0.5,"[5, 5, 5]"
3041,https://www.energylivenews.com/2020/11/11/europe-likely-to-miss-emissions-targets-because-of-the-seven-dirtiest-nations-electricity-grids/,,Europe  likely to miss emissions targets because of the seven dirtiest nation electricity grids  ,2020-11-11,https://www.energylivenews.com/wp-content/uploads/2019/05/coal-plant-emissions.jpg,energylivenews.com,English,United Kingdom,2,5,eu_context;carbon_terms=2;energy_driver,NO,-1,"[""NO"", ""NO"", ""NO""]","[""Higher emissions from dirtiest grids likely to push EU ETS prices up as compliance costs rise."", ""Higher emissions from dirtiest grids likely to push EU ETS prices up due to stricter compliance needs."", ""EU ETS prices may rise due to stricter compliance costs from missed targets, but market reactions are uncertain.""]",7,1.0,-0.7,-0.7,"[7, 7, 7]"
3047,https://phys.org/news/2020-11-europe-climate-counter-movement-tanks.html,https://phys.org/news/2020-11-europe-climate-counter-movement-tanks.amp,"In Europe , climate change counter movement think tanks are conservative and neoliberal",2020-11-13,https://scx2.b-cdn.net/gfx/news/hires/2020/ineuropeclim.jpg,phys.org,English,United States,2,2,eu_context,NO,-1,"[""NO"", ""NO"", ""NO""]","[""Minimal direct influence on EU ETS pricing as ideological leanings don\u2019t translate to immediate market intervention."", ""Political ideology shifts may influence policy but have limited direct impact on short-term ETS pricing."", ""Minimal impact as ideological shifts in think tanks are unlikely to directly alter EU ETS pricing mechanics.""]",2,1.0,-0.2,-0.2,"[2, 2, 2]"
3053,http://www.justmeans.com/press-release/trane-technologies-spotlights-the-latest-trends-in-decarbonized-cities-at-world,,Trane Technologies Spotlights the Latest Trends in Decarbonized Cities at World Climate Forum Europe,2020-11-17,,justmeans.com,English,United States,2,3,eu_context;carbon_terms=1,NO,-1,"[""NO"", ""NO"", ""NO""]","[""Mentions decarbonization trends but lacks specific policy or market-linked data to influence short-term EU ETS prices."", ""Mentions decarbonization trends but lacks specific policy or market signals to trigger short-term ETS price movement."", ""Mentions decarbonization trends but lacks specific policy or market signals to impact EU ETS prices.""]",3,1.0,-0.3,-0.3,"[3, 3, 3]"
3059,https://www.euractiv.com/section/energy-environment/news/taxing-times-as-eu-mulls-best-way-to-price-carbon-at-the-border/,,Taxing times as EU mulls best way to price carbon at the border,2020-11-19,https://www.euractiv.com/wp-content/uploads/sites/2/2020/11/shutterstock_523261015-800x450.jpg,euractiv.com,English,United Kingdom,1,4,eu_context;carbon_terms=2,YES,1,"[""YES"", ""YES"", ""YES""]","[""Border carbon pricing could trigger supply-side adjustments and boost EU ETS demand."", ""Border carbon pricing could boost EU ETS demand by incentivizing cleaner imports."", ""Border carbon pricing could trigger supply-side adjustments and increase EU ETS demand.""]",7,1.0,0.7,0.7,"[7, 7, 7]"
3065,https://cleantechnica.com/2020/11/20/un-shipping-agency-greenlights-a-decade-of-rising-greenhouse-gas-emissions/,https://cleantechnica.com/2020/11/20/un-shipping-agency-greenlights-a-decade-of-rising-greenhouse-gas-emissions/amp/,UN Shipping Agency Greenlights A Decade Of Rising Greenhouse Gas Emissions,2020-11-21,https://cleantechnica.com/files/2020/11/Shipping-pexels-pixabay-570x380.jpg,cleantechnica.com,English,United States,2,3,carbon_terms=2;energy_driver,NO,-1,"[""NO"", ""NO"", ""NO""]","[""Greenhouse gas emissions rising under UN shipping mandates could offset ETS gains, but long-term impact is uncertain."", ""Greenhouse gas emissions rising under UN shipping mandates could offset ETS gains, but impact is uncertain."", ""Greenhouse gas emissions rising under UN shipping mandates may offset ETS gains, but long-term impact is uncertain.""]",3,1.0,-0.3,-0.3,"[3, 3, 3]"
3071,https://in.reuters.com/article/climate-change-oil-emissions/eu-u-n-led-pact-commits-oil-and-gas-firms-to-tackle-methane-emissions-idINKBN2831YA,https://in.mobile.reuters.com/article/amp/idINKBN2831YA,"EU , U . N .- led pact commits oil and gas firms to tackle methane emissions",2020-11-23,https://static.reuters.com/resources/r/?m=02&d=20201123&t=2&i=1542165107&r=LYNXMPEGAM10L,in.reuters.com,English,United States,2,5,eu_context;carbon_terms=2;energy_driver,YES,1,"[""YES"", ""YES"", ""YES""]","[""Methane emission commitments may trigger regulatory tightening and carbon pricing adjustments in the EU ETS."", ""Methane emissions reductions under the UN pact could trigger regulatory tightening and carbon pricing adjustments in the EU ETS."", ""Methane emissions reductions may trigger regulatory adjustments or compliance costs that affect ETS pricing.""]",7,1.0,0.7,0.7,"[7, 7, 6]"
3077,https://eandt.theiet.org/content/articles/2020/11/draft-deal-proposes-cutting-eu-carbon-emissions-by-55-per-cent-by-2030/,,Draft deal proposes cutting EU carbon emissions by 55 per cent by 2030,2020-11-25,https://eandt.theiet.org/media/8707/2019-06-06t123421z_1049286111_rc13b584a8a0_rtrmadp_3_britain-climatechange.jpg?anchor=center&mode=crop&rnd=132043763090000000,eandt.theiet.org,English,United Kingdom,2,5,eu_context;carbon_terms=3,YES,1,"[""YES"", ""YES"", ""YES""]","[""Stronger emission targets likely to boost carbon price via tighter compliance costs and increased demand for allowances."", ""Stronger emissions targets likely to boost carbon prices via increased compliance costs."", ""Stronger emissions targets likely to boost carbon prices as compliance costs rise.""]",8,1.0,0.8,0.8,"[8, 8, 8]"
3083,https://bellona.org/publication/consultation-response-roadmap-for-the-eu-ets-revision,,Consultation Response - Roadmap for the EU ETS revision,2020-11-27,,bellona.org,English,Russia,1,8,eu_ets_strong;eu_context,YES,1,"[""YES"", ""YES"", ""YES""]","[""EU ETS revision roadmap could reshape compliance costs and emissions caps, influencing short-term price volatility."", ""EU ETS revision roadmap could reshape compliance costs and cap levels, affecting short-term price dynamics."", ""EU ETS revision roadmap may influence future caps and pricing mechanisms, creating short-term volatility.""]",7,1.0,0.7,0.7,"[7, 7, 7]"
3089,https://www.croatiaweek.com/european-travel-commissions-marketing-group-to-hold-annual-meeting-in-croatia-next-year/,,European Travel Commission marketing group to hold annual meeting in Croatia next year,2020-11-29,https://www.croatiaweek.com/wp-content/uploads/2020/08/Dubrovnik-1-715x429.jpg,croatiaweek.com,English,Croatia,2,3,eu_context;carbon_terms=1,NO,-1,"[""NO"", ""NO"", ""NO""]","[""Minimal direct impact on EU ETS pricing due to limited scope of travel commission activities."", ""Minimal impact as travel demand is not directly tied to EU ETS pricing mechanisms."", ""Limited direct impact on EU ETS pricing due to non-regulatory, promotional event.""]",2,1.0,-0.2,-0.2,"[2, 2, 2]"
3095,https://www.startribune.com/report-eu-greenhouse-gas-emissions-down-24-since-1990/573234561/,https://m.startribune.com/report-eu-greenhouse-gas-emissions-down-24-since-1990/573234561/,Report : EU greenhouse gas emissions down 24 % since 1990,2020-12-01,,startribune.com,English,United States,1,5,eu_context;carbon_terms=2;energy_driver,YES,1,"[""YES"", ""YES"", ""YES""]","[""Emissions decline signals potential policy success and could reduce future carbon pricing pressure."", ""Lower emissions suggest potential for reduced compliance costs and market tightening, impacting price dynamics."", ""Lower emissions suggest potential for reduced compliance costs and market tightening, impacting price dynamics.""]",7,1.0,0.7,0.7,"[7, 7, 7]"
3101,https://www.thehour.com/news/article/Report-EU-greenhouse-gas-emissions-down-24-15762879.php,https://www.thehour.com/news/amp/Report-EU-greenhouse-gas-emissions-down-24-15762879.php,Report : EU greenhouse gas emissions down 24 % since 1990,2020-12-03,https://www.thehour.com/img/pages/article/opengraph_default.jpg,thehour.com,English,United States,1,5,eu_context;carbon_terms=2;energy_driver,YES,1,"[""YES"", ""YES"", ""YES""]","[""Emissions decline signals potential policy success and could reduce future carbon pricing pressure."", ""Lower emissions suggest potential for reduced compliance costs and market tightening, impacting price dynamics."", ""Lower emissions suggest potential for reduced compliance costs and market tightening, impacting price dynamics.""]",7,1.0,0.7,0.7,"[7, 7, 7]"
3107,https://www.msn.com/en-us/news/world/the-eu-e2-80-99s-biggest-oil-producer-has-taken-a-huge-step-it-e2-80-99s-ending-oil-production-by-2050/ar-BB1bDY5M,,The EU biggest oil producer has taken a huge step : It ending oil production by 2050,2020-12-05,,msn.com,English,United States,2,3,eu_context;energy_driver,YES,1,"[""NO"", ""YES"", ""YES""]","[""Major oil producer exiting production by 2050 signals structural shift in EU energy mix, likely reducing emissions and impacting carbon pricing dynamics."", ""EU\u2019s largest oil producer cutting production by 2050 signals a major shift toward decarbonization, likely impacting ETS demand and pricing."", ""Major oil producer exiting production by 2050 signals structural demand shift, impacting EU ETS carbon intensity benchmarks.""]",7,0.6666666666666666,0.7,0.4666666666666666,"[7, 7, 7]"
3113,https://www.sfgate.com/news/article/Tough-budget-talks-risk-delaying-EU-s-new-15781334.php,https://www.sfgate.com/news/amp/Tough-budget-talks-risk-delaying-EU-s-new-15781334.php,Tough budget talks risk delaying EU new emissions target,2020-12-07,https://www.sfgate.com/img/pages/article/opengraph_default.png,sfgate.com,English,United States,2,4,eu_context;carbon_terms=2,NO,-1,"[""NO"", ""NO"", ""NO""]","[""Delayed target could reduce regulatory pressure and lower price expectations."", ""Delayed target could weaken policy certainty and reduce emissions compliance, affecting market sentiment."", ""Delayed target could reduce compliance pressure and lower short-term price momentum.""]",6,1.0,-0.6,-0.6,"[6, 6, 6]"
3119,https://www.euractiv.com/section/circular-economy/interview/jan-huitema-mep-eu-must-tackle-price-gap-between-secondary-and-virgin-plastics/,,Jan Huitema MEP : EU must tackle price gap between secondary and virgin plastics,2020-12-09,https://www.euractiv.com/wp-content/uploads/sites/2/2020/12/Huitema-800x450.jpg,euractiv.com,English,United Kingdom,1,3,eu_context;carbon_terms=1,NO,-1,"[""NO"", ""NO"", ""NO""]","[""Plastics price disparity may influence EU ETS compliance costs but doesn\u2019t directly drive short-term price movements."", ""Plastic pricing reforms may indirectly affect ETS compliance but don\u2019t directly alter carbon price dynamics."", ""Plastics price disparity may influence recycling incentives but not directly drive EU ETS volatility.""]",5,1.0,-0.5,-0.5,"[5, 5, 5]"
3125,https://www.breitbart.com/politics/2020/12/11/eu-commits-55-per-cent-cut-greenhouse-gas-emissions-boris-68-per-cent-uk/,https://www.breitbart.com/europe/2020/12/11/eu-commits-55-per-cent-cut-greenhouse-gas-emissions-boris-68-per-cent-uk/amp/,"EU Commits to 55 % Cut in Greenhouse Gas Emissions , Boris to 68 % ",2020-12-12,https://media.breitbart.com/media/2020/12/macron-eu-640x335.png,breitbart.com,English,United States,1,5,eu_context;carbon_terms=2;energy_driver,YES,1,"[""YES"", ""YES"", ""YES""]","[""Strong policy signal boosts investor confidence and likely drives upward pressure on EU ETS prices."", ""Stronger emission targets signal increased regulatory pressure and likely higher carbon prices."", ""Strong policy signal boosts investor confidence and triggers upward pressure on EU ETS prices.""]",8,1.0,0.8,0.8,"[8, 8, 8]"
3131,https://cleantechnica.com/2020/12/14/negligible-risk-of-ships-evading-eu-carbon-market-study/,https://cleantechnica.com/2020/12/14/negligible-risk-of-ships-evading-eu-carbon-market-study/amp/,Negligible Risk of Ships Evading EU Carbon Market Study,2020-12-14,https://cleantechnica.com/files/2020/12/evasive-port-call-example-570x396.png,cleantechnica.com,English,United States,1,4,eu_context;carbon_terms=2,NO,-1,"[""NO"", ""NO"", ""NO""]","[""Lack of enforcement risk suggests minimal impact on EU ETS price volatility."", ""Lack of enforcement risk suggests minimal impact on EU ETS pricing."", ""Minimal impact as ships are not directly covered under EU ETS, and evasion risk is negligible per the study.""]",3,1.0,-0.3,-0.3,"[3, 3, 3]"
3137,https://www.downtoearth.org.in/blog/climate-change/why-does-china-await-its-emission-trading-scheme-for-thermal-power-plants-74663,https://www.downtoearth.org.in/blog/climate change/amp/why-does-china-await-its-emission-trading-scheme-for-thermal-power-plants-74663,Why does China await its emission trading scheme for thermal power plants,2020-12-16,https://cdn.downtoearth.org.in/library/large/2020-12-16/0.96701000_1608114246_china.jpg,downtoearth.org.in,English,India,1,3,carbon_terms=2;energy_driver,NO,-1,"[""NO"", ""NO"", ""NO""]","[""China\u2019s ETS rollout may influence global carbon pricing, but its immediate impact on EU ETS is minimal."", ""China\u2019s delayed ETS rollout may dampen global carbon price momentum, but short-term EU ETS impact is limited."", ""China\u2019s delayed ETS rollout may signal cautious policy, potentially dampening global demand for EU ETS credits.""]",3,1.0,-0.3,-0.3,"[3, 3, 3]"
3143,https://www.foxnews.com/politics/trump-moderna-covid-19-vaccine-distribution-start-immediately-europe-to-come,https://www.foxnews.com/politics/trump-moderna-covid-19-vaccine-distribution-start-immediately-europe-to-come.amp,"Trump says Moderna COVID - 19 vaccine distribution will start  immediately , signals to Europe vaccines to come",2020-12-18,https://cf-images.us-east-1.prod.boltdns.net/v1/static/694940094001/af78b2b4-e951-442f-91cf-eb00065c8520/94278357-6b28-40c2-8a3c-f55e01fd0355/1280x720/match/image.jpg,foxnews.com,English,United States,1,2,eu_context,NO,-1,"[""NO"", ""NO"", ""NO""]","[""Vaccine distribution timelines in the U.S. have minimal direct impact on EU ETS pricing, which is driven by carbon policy and market dynamics."", ""Vaccine distribution timelines are unlikely to directly influence EU ETS pricing, as carbon markets are driven by policy, emissions, and compliance, not public health events."", ""Vaccine distribution timing has minimal direct impact on EU ETS pricing, as carbon markets are driven by policy, emissions, and compliance, not public health announcements.""]",2,1.0,-0.2,-0.2,"[2, 2, 2]"
3149,https://www.ghtcoalition.org/blog/research-roundup-12-21-20,,"Research Roundup : Moderna shot gets EUA , 2 phase 3 antibody trials , and an at - home , OTC diagnostic",2020-12-21,https://www.ghtcoalition.org/blog-images/12.21_PATHRocky%20Prajapati.jpeg,ghtcoalition.org,English,United States,1,8,eu_ets_strong;eu_context,NO,-1,"[""NO"", ""NO"", ""NO""]","[""Moderna\u2019s EUA and OTC diagnostic may boost demand for biotech, but has minimal direct impact on EU ETS price."", ""Moderna\u2019s EUA and OTC diagnostic may boost demand for carbon credits via health sector decarbonization, but short-term ETS impact is minimal."", ""Moderna\u2019s EUA and OTC diagnostic could influence demand for carbon credits indirectly via health-sector emissions reductions, but no direct link to EU ETS pricing.""]",3,1.0,-0.3,-0.3,"[3, 3, 3]"
3155,https://financefeeds.com/ice-host-new-uk-carbon-emission-auctions-futures-contracts/,,ICE to host new united kingdom carbon emission auctions and futures contracts,2020-12-23,https://s15993.pcdn.co/wp-content/uploads/Factory_Europe.jpg,financefeeds.com,English,Cyprus,1,4,carbon_terms=5,YES,1,"[""YES"", ""YES"", ""YES""]","[""New UK auctions could increase market liquidity and drive price volatility in EU ETS due to cross-border carbon trading dynamics."", ""New UK auctions may boost EU ETS volatility via cross-border carbon price signals."", ""New UK auctions could increase market liquidity and price volatility in EU ETS due to cross-border trading dynamics.""]",7,1.0,0.7,0.7,"[7, 7, 7]"
3161,https://www.reuters.com/article/britain-eu-deal/explainer-how-will-the-eu-british-trade-deal-change-ties-idUSKBN2900CZ,https://mobile.reuters.com/article/amp/idUSKBN2900CZ,Explainer - How will the EU - British trade deal change ties ? ,2020-12-26,https://static.reuters.com/resources/r/?m=02&d=20201226&t=2&i=1545837116&r=LYNXMPEGBP065,reuters.com,English,United States,1,2,eu_context,NO,-1,"[""NO"", ""NO"", ""NO""]","[""Trade deal may affect carbon border adjustment mechanisms but short-term EU ETS price impact is uncertain."", ""Trade deal may reduce EU ETS compliance costs for UK firms, but short-term price impact is uncertain."", ""Trade deal may affect carbon border adjustments but not immediately impact EU ETS price.""]",3,1.0,-0.3,-0.3,"[3, 3, 5]"
3167,https://www.latimes.com/opinion/story/2020-12-28/wood-burning-power-plants-clean-energy,https://www.latimes.com/opinion/story/2020-12-28/wood-burning-power-plants-clean-energy?_amp=true,Op - Ed : Is burning wood for power carbon - neutral ? Not a chance,2020-12-28,https://california-times-brightspot.s3.amazonaws.com/e3/f1/eb6f9d824db98380dc0a41fd3c49/ap19259483937654.jpg,latimes.com,English,United States,1,2,carbon_terms=1;energy_driver,NO,-1,"[""NO"", ""NO"", ""NO""]","[""Wood-burning power is not carbon-neutral due to emissions and forest carbon debt."", ""Wood biomass combustion is not carbon-neutral due to net emissions from land-use changes and incomplete carbon accounting."", ""Wood biomass combustion is not carbon-neutral due to net emissions and land-use changes.""]",7,1.0,-0.7,-0.7,"[7, 7, 7]"
3173,https://www.reuters.com/article/japan-environment-finance/refile-japan-to-mull-bolder-emissions-target-carbon-pricing-scheme-next-year-vice-minister-idUSL4N2J11V1,https://mobile.reuters.com/article/amp/idUSKBN28V0XM,"Japan to mull bolder emissions target , carbon pricing scheme next year - minister",2020-12-30,https://static.reuters.com/resources/r/?m=02&d=20201221&t=2&i=1545276923&r=LYNXMPEGBK0HB,reuters.com,English,United States,1,3,carbon_terms=3,NO,-1,"[""NO"", ""NO"", ""NO""]","[""Japan\u2019s potential carbon pricing scheme could indirectly influence EU ETS via global market dynamics and policy spillovers."", ""Japan\u2019s potential carbon pricing scheme could influence EU ETS via global market dynamics and policy spillovers."", ""Japan\u2019s potential carbon pricing scheme could influence EU ETS via global market dynamics and policy spillovers.""]",6,1.0,-0.6,-0.6,"[6, 6, 6]"
3179,https://eandt.theiet.org/content/articles/2021/01/view-from-brussels-brexit-fallout-what-to-watch-in-2021/,,"View from Brussels : Brexit fallout , what to watch in 2021",2021-01-04,https://eandt.theiet.org/media/1691/viewfrombrussels.jpg?anchor=center&mode=crop&rnd=131196201440000000,eandt.theiet.org,English,United Kingdom,1,2,eu_context,NO,-1,"[""NO"", ""NO"", ""NO""]","[""Brexit fallout may affect EU ETS pricing via trade disruptions and regulatory uncertainty, but short-term direction is uncertain."", ""Brexit-related uncertainty may affect EU ETS pricing in 2021 due to regulatory divergence, but short-term direction is not clearly predictable."", ""Brexit fallout may affect EU ETS pricing via trade disruptions and policy uncertainty, but 2021\u2019s impact was likely muted by market adaptation.""]",5,1.0,-0.5,-0.5,"[5, 5, 5]"
3185,https://www.malaymail.com/news/money/2021/01/06/china-to-launch-carbon-emissions-trading-scheme-next-month/1937853,https://www.malaymail.com/amp/news/money/2021/01/06/china-to-launch-carbon-emissions-trading-scheme-next-month/1937853,China to launch carbon emissions trading scheme next month | Money,2021-01-06,https://media2.malaymail.com/resize_cache/uploads/articles/2016-01/2016-01-20T030212Z_2122554043_GF20000100526_RTRMADP_3_CHINA-POLLUTION-seo.JPG,malaymail.com,English,United States,1,4,carbon_terms=4,NO,-1,"[""NO"", ""NO"", ""NO""]","[""EU ETS may be affected indirectly via global carbon pricing trends, but immediate short-term impact is limited."", ""EU ETS may be affected indirectly via global carbon pricing trends, but immediate short-term impact is limited."", ""EU ETS may be affected indirectly via global carbon pricing trends, but immediate short-term impact is unlikely.""]",5,1.0,-0.5,-0.5,"[5, 5, 5]"
3191,https://www.hellenicshippingnews.com/europes-green-deal-and-pandemic-recovery-to-take-centre-stage-in-2021/,https://www.hellenicshippingnews.com/europes-green-deal-and-pandemic-recovery-to-take-centre-stage-in-2021/amp/,Europe Green Deal and pandemic recovery to take centre stage in 2021 | Hellenic Shipping News Worldwide,2021-01-08,,hellenicshippingnews.com,English,China,1,2,eu_context,YES,1,"[""YES"", ""YES"", ""YES""]","[""Green Deal priorities and pandemic recovery could boost carbon pricing as EU mandates stricter emissions targets."", ""Green Deal momentum and pandemic recovery could boost carbon pricing as EU mandates stricter emissions targets."", ""Green Deal priorities and recovery spending could boost EU ETS demand and prices.""]",7,1.0,0.7,0.7,"[7, 7, 7]"
3197,https://www.breezejmu.org/business/eu-s-carbon-neutral-push-makes-corporations-feel-the-heat/article_fc84470e-5389-11eb-8264-4f6c6451adc8.html,,EU carbon - neutral push makes corporations feel the heat | Business,2021-01-11,https://bloximages.newyork1.vip.townnews.com/breezejmu.org/content/tncms/assets/v3/editorial/2/7f/27f1bd2e-53ba-11eb-b950-d3a143713bd6/5ffbc113b3529.image.jpg,breezejmu.org,English,United States,1,3,eu_context;carbon_terms=1,YES,1,"[""YES"", ""YES"", ""YES""]","[""Corporate emissions pressure could drive higher compliance costs and bid up EU ETS prices."", ""Corporate emissions pressure from EU carbon neutrality targets likely to drive up ETS prices."", ""Corporate emissions pressure may drive higher compliance costs and bid up EU ETS prices.""]",7,1.0,0.7,0.7,"[7, 8, 7]"
3203,https://www.bioenergy-news.com/news/total-acquires-fonroche-biogaz-to-develop-renewable-gas-in-europe/,,Total acquires Fonroche Biogaz to develop renewable gas in Europe,2021-01-13,https://www.bioenergy-news.com/wp-content/uploads/2020/04/bigstock-Red-tractor-in-front-of-a-biog-70900513.jpg,bioenergy-news.com,English,United Kingdom,2,3,eu_context;energy_driver,NO,-1,"[""NO"", ""NO"", ""NO""]","[""Fonroche Biogaz\u2019s acquisition may add modest scale to biogas, but EU ETS pricing is driven more by macro policy and emissions trends than single projects."", ""Fonroche Biogaz\u2019s acquisition suggests niche renewable gas development, unlikely to significantly shift EU ETS pricing in the short term."", ""Acquisition may signal green energy expansion but lacks immediate market impact or regulatory clarity.""]",3,1.0,-0.3,-0.3,"[3, 3, 3]"
3209,https://www.reuters.com/article/europe-electricity/europe-power-rising-german-wind-power-weighs-on-monday-prices-idUSL8N2JQ2KH,,EUROPE POWER - Rising German wind power weighs on Monday prices,2021-01-15,https://s1.reutersmedia.net/resources_v2/images/rcom-default.png,reuters.com,English,United States,2,4,eu_context;carbon_terms=1;energy_driver,NO,-1,"[""NO"", ""NO"", ""NO""]","[""Wind power growth reduces demand for carbon credits, pressuring prices."", ""Wind power surplus reduces demand for carbon credits, pressuring prices."", ""Wind power expansion reduces carbon intensity and may lower emissions trading demand.""]",5,1.0,-0.5,-0.5,"[5, 5, 5]"
3215,https://www.straitstimes.com/world/europe/arctic-blast-will-prop-up-european-energy-prices-into-spring,,Arctic blast will prop up European energy prices into spring,2021-01-17,https://www.straitstimes.com/sites/all/themes/custom/bootdemo/images/facebook_default_pic_new.jpg,straitstimes.com,English,Singapore,2,3,eu_context;carbon_terms=1,YES,1,"[""YES"", ""YES"", ""YES""]","[""Arctic blast may increase winter heating demand, boosting EU ETS prices as energy-intensive sectors respond to higher costs."", ""Arctic blast increases winter heating demand, potentially boosting EU ETS prices as energy-intensive sectors respond to higher costs."", ""Arctic blast increases winter heating demand, pushing energy prices higher and potentially sustaining spring price pressure.""]",7,1.0,0.7,0.7,"[7, 7, 7]"
3221,https://www.hedgeweek.com/2021/01/19/294655/eex-group-continues-strengthen-its-global-position-year-exceptional-change,,EEX Group continues to strengthen its global position in year of exceptional change,2021-01-19,,hedgeweek.com,English,United Kingdom,2,6,eu_ets_strong,NO,-1,"[""NO"", ""NO"", ""NO""]","[""EEX Group\u2019s global positioning alone doesn\u2019t directly signal short-term EU ETS price movement without concrete policy or market event context."", ""EEX Group\u2019s global positioning alone does not directly signal short-term EU ETS price movement."", ""EEX Group\u2019s global positioning alone does not directly signal short-term EU ETS price movement without concrete policy or market action indicators.""]",3,1.0,-0.3,-0.3,"[3, 3, 3]"
3227,https://www.sandiegosun.com/news/267602230/gas-treatments-market-2021-global-flue-system-research-report-trends-and-developments-by-berryman-chemical-inc-eunisell-chemicals-hexion-inc-innospec-inc-varichem-international-inc-till-2027,,"Gas Treatments Market 2021| Global Flue System Research Report , Trends and Developments by Berryman Chemical Inc , Eunisell Chemicals , Hexion Inc , Innospec Inc , Varichem International Inc . till 2027",2021-01-21,,sandiegosun.com,English,United States,2,4,eu_context;carbon_terms=1;energy_driver,NO,-1,"[""NO"", ""NO"", ""NO""]","[""No direct link to EU ETS pricing mechanism or carbon emissions trading."", ""Gas treatments and flue system research by chemical firms has limited direct impact on EU ETS pricing, as it is not a core emissions trading sector."", ""Irrelevant to EU ETS pricing as it covers gas treatments and flue systems without direct carbon pricing or regulatory linkage.""]",2,1.0,-0.2,-0.2,"[2, 2, 2]"
3233,https://www.reuters.com/article/us-climate-change-eu-target/worlds-largest-carbon-market-faces-revamp-under-draft-eu-plan-idUSKBN2630H6?rpc=401,https://mobile.reuters.com/article/amp/idUSKBN2630H6,World largest carbon market faces revamp under draft EU plan,2021-01-24,https://static.reuters.com/resources/r/?m=02&d=20200912&t=2&i=1533151971&r=LYNXMPEG8B0AM,reuters.com,English,United States,1,4,eu_context;carbon_terms=2,YES,1,"[""YES"", ""YES"", ""YES""]","[""Draft EU plan could reshape market structure and pricing dynamics significantly."", ""Draft EU plan could reshape market structure and pricing dynamics."", ""Draft EU plan could reshape market structure and pricing dynamics.""]",7,1.0,0.7,0.7,"[7, 7, 7]"
3239,https://www.greenbiz.com/article/why-forest-based-carbon-trading-poised-go-mainstream,,Why forest - based carbon trading is poised to go mainstream,2021-01-26,https://www.greenbiz.com/sites/default/files/2021-01/forest_trading.jpg,greenbiz.com,English,United States,1,2,carbon_terms=2,YES,1,"[""YES"", ""YES"", ""YES""]","[""Forest-based carbon trading could drive demand and price pressure in EU ETS as mainstream adoption accelerates."", ""Forest-based carbon trading could drive demand and price volatility in EU ETS as mainstream adoption accelerates."", ""Forest-based carbon trading could drive demand and price volatility in EU ETS as mainstream adoption accelerates.""]",7,1.0,0.7,0.7,"[7, 7, 7]"
3245,http://www.msn.com/en-nz/news/national/pm-encourages-higher-spending-on-cars-to-reduce-emissions-as-act-fears-for-less-fortunate/ar-BB1d9cT7,,PM encourages higher spending on cars to reduce emissions as ACT fears for less fortunate,2021-01-28,,msn.com,English,United States,1,2,carbon_terms=2,NO,-1,"[""NO"", ""NO"", ""NO""]","[""Policy shift toward car spending contradicts ETS emissions reduction goals, potentially dampening price momentum."", ""Policy shift toward car spending may offset emission reductions, potentially pressuring EU ETS prices."", ""Policy shift toward car spending may offset emissions reductions, potentially dampening ETS demand.""]",3,1.0,-0.3,-0.3,"[3, 3, 3]"
3251,http://www.digitaljournal.com/news/world/china-launches-carbon-emissions-trading-scheme/article/584781,,China launches carbon emissions trading scheme,2021-02-01,http://www.digitaljournal.com/img/1/0/4/8/0/9/3/i/4/8/7/p-large/08f927b8a8f0bea1064218926b389f30e5608967.jpg,digitaljournal.com,English,United States,1,4,carbon_terms=4,NO,-1,"[""NO"", ""NO"", ""YES""]","[""EU ETS may face competitive pressure from China\u2019s new carbon market, altering global pricing dynamics."", ""EU ETS may face competitive pressure from China\u2019s new carbon market, altering global pricing dynamics."", ""EU ETS may see upward pressure due to global carbon pricing alignment and China\u2019s large emissions footprint.""]",7,0.6666666666666666,-0.7,-0.4666666666666666,"[7, 7, 7]"
3257,https://www.finanznachrichten.de/nachrichten-2021-02/51908185-datametrex-ai-limited-datametrex-secures-exclusive-rights-to-distribute-fda-eua-and-ce-approved-covid-19-saliva-kit-296.htm,,"Datametrex AI Limited : Datametrex Secures Exclusive Rights to Distribute FDA , EUA and CE Approved COVID - 19 Saliva Kit",2021-02-03,https://www.finanznachrichten.de/chart-datametrex-ai-limited-aktie-intraday-tg.png,finanznachrichten.de,English,Germany,1,8,eu_ets_strong;eu_context,NO,-1,"[""NO"", ""NO"", ""NO""]","[""EU ETS price unlikely to be directly impacted by a saliva kit distribution rights deal, unless tied to emissions-intensive manufacturing or healthcare infrastructure."", ""EU ETS is not directly impacted by FDA/EUA/CE approval of a saliva kit, unless tied to emissions from manufacturing or logistics."", ""EU ETS price unlikely to be directly affected by a saliva kit distribution rights deal.""]",3,1.0,-0.3,-0.3,"[3, 3, 3]"
3263,https://www.seatrade-maritime.com/environmental/last-day-shipping-submissions-eu-emissions-trading-scheme,,Last day for shipping submissions on EU ETS | Seatrade Maritime,2021-02-05,https://www.seatrade-maritime.com/sites/seatrade-maritime.com/files/euflagsnew.jpg,seatrade-maritime.com,English,China,1,8,eu_ets_strong;eu_context,NO,-1,"[""NO"", ""NO"", ""NO""]","[""Shipping emissions data submissions nearing deadline may influence final compliance levels but won\u2019t drastically alter short-term price trends."", ""Shipping emissions data submissions may influence future compliance, but last-day deadline doesn't signal immediate price movement."", ""Shipping emissions data submission deadline may influence final cap adjustments but is unlikely to cause sharp short-term price movement.""]",5,1.0,-0.5,-0.5,"[5, 5, 5]"
3269,https://www.france24.com/en/live-news/20210207-q-a-what-is-china-s-carbon-trading-scheme,https://amp.france24.com/en/live-news/20210207-q-a-what-is-china-s-carbon-trading-scheme,Q & A : What is China carbon trading scheme ? ,2021-02-07,https://s.france24.com/media/display/64f1d790-68fa-11eb-a020-005056a964fe/w:1280/p:16x9/e1ccd01be2a080f9b8c712b3fa55b2a103d87d76.jpg,france24.com,English,France,1,2,carbon_terms=2,NO,-1,"[""NO"", ""NO"", ""NO""]","[""China\u2019s carbon trading scheme has limited direct impact on EU ETS pricing due to different regulatory frameworks and markets."", ""China\u2019s carbon trading scheme has limited direct impact on EU ETS pricing due to different regulatory frameworks and market structures."", ""China\u2019s carbon trading scheme has limited direct impact on EU ETS prices due to differing regulatory frameworks and market sizes.""]",2,1.0,-0.2,-0.2,"[2, 2, 2]"
3275,https://www.globalcement.com/news/item/11989-emissions-trading-in-europe-and-china,,Emissions trading in Europe and China,2021-02-10,,globalcement.com,English,India,1,5,eu_context;carbon_terms=3,NO,-1,"[""NO"", ""NO"", ""NO""]","[""EU ETS price is unlikely to be directly impacted by China\u2019s emissions trading system due to different regulatory frameworks and market structures."", ""EU ETS price is primarily driven by domestic policy and market dynamics, not directly by China\u2019s emissions trading system."", ""EU ETS price is more directly influenced by domestic policy and market dynamics than cross-border emissions trading with China.""]",3,1.0,-0.3,-0.3,"[3, 3, 3]"
3281,https://www.finanznachrichten.de/nachrichten-2021-02/52004268-fda-grants-eua-ce-mark-for-bd-s-combination-molecular-diagnostic-to-detect-sars-cov-2-020.htm,,"FDA Grants EUA , CE Mark For BD Combination Molecular Diagnostic To Detect SARS - CoV - 2",2021-02-12,https://www.finanznachrichten.de/chart-becton-dickinson-and-company-aktie-intraday-tg.png,finanznachrichten.de,English,Germany,1,8,eu_ets_strong;eu_context,NO,-1,"[""NO"", ""NO"", ""NO""]","[""Diagnostic approval may boost biotech demand but has minimal direct impact on carbon markets."", ""Diagnostic approval may spur demand for related testing infrastructure, but has minimal direct impact on EU ETS pricing."", ""Diagnostic approval may spur demand for testing, but not directly tied to EU ETS price mechanics.""]",3,1.0,-0.3,-0.3,"[3, 3, 3]"
3287,https://www.maltatoday.com.mt/environment/energy/107686/eu_door_to_gas_pipeline_finance_is_shut_despite_hydrogenready_changes_to_plan,,"EU door to gas pipeline finance is shut , despite hydrogen - ready changes to plan",2021-02-14,http://cdn.maltatoday.com.mt/ui_frontend/thumbnail/684/400/1_lng.jpg,maltatoday.com.mt,English,Malta,2,3,eu_context;energy_driver,NO,-1,"[""NO"", ""NO"", ""NO""]","[""Pipeline finance restrictions may dampen demand for carbon-intensive gas, but hydrogen readiness doesn\u2019t fully offset this."", ""Pipeline finance restrictions may dampen demand for carbon-intensive gas, but hydrogen readiness doesn\u2019t fully offset this."", ""Pipeline finance restrictions may dampen demand for carbon-intensive gas, but hydrogen readiness doesn\u2019t fully offset this.""]",5,1.0,-0.5,-0.5,"[5, 5, 5]"
3293,https://pemedianetwork.com/transition-economist/articles/trading-markets/2021/eu-carbon-market-roiled-by-intervention-rumours,,EU carbon market roiled by intervention rumours,2021-02-16,https://pemedianetwork.com/media/10526/eu-flags-homepage.jpg?mode=pad&format=jpg&quality=90&slimmage=true&rnd=132579479710000000,pemedianetwork.com,English,,1,5,eu_context;carbon_terms=2;energy_driver,NO,-1,"[""NO"", ""NO"", ""YES""]","[""Rumors of intervention can trigger volatility and short-term price swings due to market uncertainty."", ""Rumors of intervention can trigger volatility but may not sustain price movement without actual policy action."", ""Rumors of intervention can trigger short-term volatility by altering market expectations of policy direction.""]",7,0.6666666666666666,-0.7,-0.4666666666666666,"[7, 7, 7]"
3299,https://www.rechargenews.com/markets/doubling-wind-and-solar-what-the-eu-must-do-to-reach-its-2030-emissions-target/2-1-962242,,Doubling wind and solar : What the EU must do to reach its 2030 emissions target,2021-02-18,https://images-global.nhst.tech/image/KzAxNkpBMVdXU0V1MTZ0NnR4bk9UUWJBUEdCdmh4b1l5dlU4cDZKYmRxYz0=/nhst/binary/9b5e8d5ceb3bdd8986fb69e2f190a2a8?image_version=720,rechargenews.com,English,United States,1,4,eu_context;carbon_terms=2,YES,1,"[""YES"", ""YES"", ""NO""]","[""Wind and solar expansion could drive down emissions, potentially pressuring ETS prices upward."", ""Wind and solar expansion likely to reduce emissions, pressuring EU ETS prices upward."", ""Wind and solar expansion likely supports emissions targets but may not directly drive short-term ETS price volatility.""]",7,0.6666666666666666,0.7,0.4666666666666666,"[7, 7, 6]"
3305,https://www.kingstonthisweek.com/opinion/europe-offers-hope-for-the-future,https://www.kingstonthisweek.com/opinion/europe-offers-hope-for-the-future/wcm/62a16eea-b189-4900-a89d-62dafd4e601a/amp/,Europe offers hope for the future,2021-02-20,https://smartcdn.prod.postmedia.digital/nexus/wp-content/uploads/2021/02/qw.health-coronavirusgermany-merkel.jpg,kingstonthisweek.com,English,Canada,1,2,eu_context,NO,-1,"[""NO"", ""NO"", ""NO""]","[""Vague optimism doesn't signal concrete policy or market action affecting short-term ETS pricing."", ""The headline is vague and lacks concrete policy or market indicators to influence short-term EU ETS pricing."", ""The headline is vague and lacks specific policy or market indicators to influence short-term EU ETS pricing.""]",3,1.0,-0.3,-0.3,"[3, 3, 3]"
3311,https://nationalinterest.org/blog/buzz/azerbaijani-natural-gas-can-help-europe-transition-renewable-energy-178499,,Azerbaijani Natural Gas Can Help Europe Transition to Renewable Energy,2021-02-22,https://nationalinterest.org/sites/default/files/main_images/2021-02-05T151452Z_1371642577_RC2FML9TBCO4_RTRMADP_3_EUROPE-REGULATIONS-FINANCE.JPG.jpg,nationalinterest.org,English,United States,2,3,eu_context;energy_driver,NO,-1,"[""NO"", ""NO"", ""NO""]","[""Azerbaijan\u2019s gas exports are unlikely to significantly affect EU ETS pricing as they are not a major carbon-emitting sector in Europe."", ""Azerbaijan\u2019s gas exports are unlikely to significantly influence EU ETS pricing, as they are not a major carbon-emitting sector within the EU."", ""Azerbaijan\u2019s gas exports are unlikely to significantly influence EU ETS pricing, as they are not a major carbon-intensive sector or direct replacement for renewables.""]",3,1.0,-0.3,-0.3,"[3, 3, 2]"
3317,https://www.economist.com/finance-and-economics/2021/02/24/prices-in-europes-carbon-market-the-worlds-biggest-are-soaring,https://amp.economist.com/finance-and-economics/2021/02/24/prices-in-europes-carbon-market-the-worlds-biggest-are-soaring,"Coming into its own - Prices in Europe carbon market , the world biggest , are soaring | Finance & economics",2021-02-24,https://www.economist.com/img/b/1280/720/90/sites/default/files/images/2021/02/articles/main/20210227_fnp001.jpg,economist.com,English,United States,1,5,eu_context;carbon_terms=3,YES,1,"[""YES"", ""YES"", ""YES""]","[""Strong market sentiment and record-high emissions caps are driving upward pressure on EU ETS prices."", ""Strong market sentiment and record-high emissions caps are driving upward pressure on EU ETS prices."", ""Strong market momentum and global attention suggest sustained upward pressure.""]",8,1.0,0.8,0.8,"[8, 8, 8]"
3323,https://news.err.ee/1608123202/eu-co2-emissions-quota-system-reform-will-inflate-oil-shale-energy-prices,,EU CO2 emissions quota system reform will inflate oil shale energy prices,2021-02-26,https://s.err.ee/photo/crop/2020/05/19/780020hd404t24.jpg,news.err.ee,English,Estonia,1,6,eu_context;carbon_terms=3;energy_driver,NO,-1,"[""NO"", ""NO"", ""NO""]","[""EU ETS reform may affect carbon pricing, but oil shale prices are driven by supply, demand, and tech costs, not directly by ETS quotas."", ""EU ETS reform may affect carbon pricing, but oil shale prices are driven by supply, demand, and geopolitics, not directly by EU ETS quotas."", ""EU ETS reform may affect carbon pricing, but oil shale prices are driven more by supply/demand and tech costs, not directly by ETS quotas.""]",3,1.0,-0.3,-0.3,"[3, 3, 3]"
3329,https://www.businesswire.com/news/home/20210226005343/en/ICE-publishes-auction-calendar-for-UK%E2%80%99s-new-Emissions-Trading-Scheme,,ICE publishes auction calendar for united kingdom new Emissions Trading Scheme,2021-02-28,https://mms.businesswire.com/media/20210226005343/en/411456/23/ICE_R_colour.jpg,businesswire.com,English,United States,1,4,carbon_terms=4,YES,1,"[""YES"", ""YES"", ""YES""]","[""New UK ETS auction calendar signals regulatory clarity and potential price stabilization."", ""New UK ETS auction calendar signals regulatory clarity and potential price stabilization."", ""New UK ETS auction calendar signals potential price volatility and regulatory clarity.""]",7,1.0,0.7,0.7,"[7, 7, 7]"
3335,https://www.marketscreener.com/news/latest/EUROPE-POWER-Day-ahead-prices-fall-on-rising-supply--32580772/,https://www.marketscreener.com/amp/news/latest/EUROPE-POWER-Day-ahead-prices-fall-on-rising-supply--32580772/,EUROPE POWER - Day - ahead prices fall on rising supply,2021-03-02,https://www.marketscreener.com/images/twitter_MS_fdblanc.png,marketscreener.com,English,,2,4,eu_context;carbon_terms=1;energy_driver,NO,-1,"[""NO"", ""NO"", ""NO""]","[""Increased supply likely to suppress short-term price pressure in EU ETS."", ""Supply-side expansion may dampen price pressure but not fully offset demand shifts."", ""Higher supply expectations dampen short-term price momentum in EU ETS.""]",6,1.0,-0.6,-0.6,"[6, 6, 7]"
3341,https://www.gov.uk/guidance/uk-emissions-trading-scheme-for-aviation-how-to-comply,,UK Emissions Trading Scheme for aviation : how to comply,2021-03-04,https://www.gov.uk/assets/static/opengraph-image-a1f7d89ffd0782738b1aeb0da37842d8bd0addbd724b8e58c3edbc7287cc11de.png,gov.uk,English,United Kingdom,1,3,carbon_terms=3,NO,-1,"[""NO"", ""NO"", ""NO""]","[""May influence aviation compliance costs, indirectly affecting EU ETS dynamics through cross-border emissions."", ""UK aviation ETS compliance may influence EU ETS indirectly via cross-border emissions but lacks immediate price impact."", ""May influence aviation compliance costs, indirectly affecting EU ETS demand via cross-border emissions.""]",5,1.0,-0.5,-0.5,"[5, 5, 4]"
3347,https://www.northwestgeorgianews.com/associated_press/business/ice-announces-update-on-global-environmental-complex-as-the-ice-global-carbon-futures-index-hits/article_c4763415-433a-58f2-b347-8b6f33827b44.html,,ICE Announces Update on Global Environmental Complex as the ICE Global Carbon Futures Index Hits Record High and EUA Options Reaches Record Volume,2021-03-07,https://bloximages.newyork1.vip.townnews.com/northwestgeorgianews.com/content/tncms/custom/image/c64789fc-5b19-11e6-80be-3f5962a3a1a4.jpg,northwestgeorgianews.com,English,United States,1,10,eu_ets_strong;eu_context;carbon_terms=2,YES,1,"[""YES"", ""YES"", ""YES""]","[""Record-high carbon futures and options volume suggest strong market sentiment and potential price momentum."", ""Record-high carbon futures and options volume suggest strong market sentiment and potential upward pressure on EU ETS prices."", ""Record volume and index highs suggest strong market sentiment and potential upward pressure on EUA prices.""]",8,1.0,0.8,0.8,"[8, 8, 8]"
3353,https://www.maltatoday.com.mt/news/ewropej/108222/eu_carbon_levy_to_prevent_leakage_can_raise_global_climate_ambitions,,EU carbon levy to prevent leakage can raise global climate ambitions,2021-03-09,http://cdn.maltatoday.com.mt/ui_frontend/thumbnail/684/400/how-serious-is-labour-over-infant-carbon-technology-20120519.png,maltatoday.com.mt,English,Malta,1,3,eu_context;carbon_terms=1,YES,1,"[""YES"", ""YES"", ""YES""]","[""Higher global ambition may drive demand for EU ETS allowances, boosting prices."", ""Higher global ambition may drive demand for carbon credits, boosting EU ETS prices."", ""Higher global ambition may drive demand for carbon credits, supporting EU ETS prices.""]",7,1.0,0.7,0.7,"[7, 7, 7]"
3359,https://www.europarl.europa.eu/news/en/press-room/20210304IPR99208/,,MEPs : Put a carbon price on certain EU imports to raise global climate ambition | News,2021-03-11,https://www.europarl.europa.eu/resources/library/images/20210308PHT99407/20210308PHT99407_original.jpg,europarl.europa.eu,English,France,1,4,eu_context;carbon_terms=2,YES,1,"[""YES"", ""YES"", ""YES""]","[""EU import carbon pricing could boost global ambition and increase demand for carbon credits, potentially lifting EU ETS prices."", ""EU import carbon pricing could boost global ambition and increase demand for carbon credits, potentially lifting EU ETS prices."", ""Carbon pricing on imports could boost EU ETS demand by aligning global trade with climate targets.""]",7,1.0,0.7,0.7,"[7, 7, 7]"
3365,https://www.briefingwire.com/pr/medical-pharmaceutical-gases-and-equipment-market-to-grow-at-a-cagr-of-64-during-2020-2025,,Medical & Pharmaceutical Gases and Equipment Market to Grow at a CAGR of 6 . 4 % During 2020 - 2025,2021-03-13,,briefingwire.com,English,United States,2,2,carbon_terms=1;energy_driver,NO,-1,"[""NO"", ""NO"", ""NO""]","[""Pharmaceutical gases and equipment growth may indirectly support EU ETS via higher energy demand, but no direct price link is evident."", ""Pharmaceutical gases and equipment demand growth is unlikely to directly influence EU ETS prices in the short term."", ""Pharmaceutical gases and equipment demand may indirectly support EU ETS prices via increased industrial energy use, but no direct link to carbon pricing is evident.""]",3,1.0,-0.3,-0.3,"[3, 3, 3]"
3371,https://energycentral.com/c/ec/china%E2%80%99s-carbon-neutral-opportunity-economic-growth-driven-early-emissions-peak,,China Carbon Neutral Opportunity : Economic Growth Driven By An Early Emissions Peak,2021-03-15,,energycentral.com,English,United States,1,3,carbon_terms=3,NO,-1,"[""NO"", ""NO"", ""NO""]","[""China\u2019s early emissions peak may not directly affect EU ETS pricing but could influence global carbon markets indirectly."", ""China\u2019s early emissions peak may influence global carbon pricing trends but doesn\u2019t directly impact short-term EU ETS price movement."", ""China\u2019s early emissions peak may not directly impact EU ETS prices due to market segmentation and differing regulatory frameworks.""]",5,1.0,-0.5,-0.5,"[5, 5, 5]"
3377,https://www.europa-nu.nl/id/vlh6nh5a7sxh/nieuws/8e_milieuactieprogramma_lidstaten_klaar,,8e milieuactieprogramma : lidstaten klaar voor onderhandelingen met Parlement,2021-03-17,https://www.europa-nu.nl/9353265/g/twcard.jpg,europa-nu.nl,English,Netherlands,2,6,eu_ets_strong,NO,-1,"[""NO"", ""NO"", ""NO""]","[""EU ETS price unlikely to be materially affected by parliamentary negotiations on the 8e milieuactieprogramma."", ""EU ETS price unlikely to be directly impacted by national readiness for parliamentary negotiations."", ""EU ETS price unlikely to be directly affected by parliamentary negotiations on the 8e milieuactieprogramma.""]",3,1.0,-0.3,-0.3,"[3, 3, 3]"
3383,https://sebgroup.com/press/news/analysis-of-strategic-growing-market-for-emission-allowances,,Analysis of strategic growing market for emission allowances,2021-03-19,https://sebgroup.com/ImageVault/publishedmedia/o812fo6tj6qk52nhac8v/AdobeStock_196117554_factory_pollution.jpg,sebgroup.com,English,Sweden,1,4,carbon_terms=4,YES,1,"[""YES"", ""YES"", ""YES""]","[""Strategic growth in emission allowances may signal increased demand, but short-term price direction is uncertain without specific market data."", ""Strategic growth signals potential increased demand for allowances, but short-term price impact is uncertain."", ""Strategic growth in the market can signal increased demand, but short-term price direction is uncertain without specific policy or market data.""]",5,1.0,0.5,0.5,"[5, 6, 5]"
3389,https://www.bnnbloomberg.ca/france-vows-to-make-eu-carbon-border-levy-top-green-deal-issue-1.1579036,https://www.bnnbloomberg.ca/france-vows-to-make-eu-carbon-border-levy-top-green-deal-issue-1.1579036.amp.html,France Vows to Make EU Carbon Border Levy Top Green Deal Issue,2021-03-21,http://www.bnnbloomberg.ca/polopoly_fs/1.1579037!/fileimage/httpImage/image.jpg_gen/derivatives/landscape_620/cargo-trucks-stand-at-traffic-control-gates-at-the-channel-tunnel-railway-terminal-on-the-french-border-in-coquelles-france-on-monday-march-18-2019-french-cabinet-last-month-approved-a-decree-that-would-keep-eurostar-trains-running-through-eurotunnel-s-channel-tunnel-in-the-case-of-a-so-called-hard-brexit.jpg,bnnbloomberg.ca,English,Canada,1,3,eu_context;carbon_terms=1,YES,1,"[""YES"", ""YES"", ""YES""]","[""France\u2019s prioritization of the carbon border levy signals stronger EU-wide policy alignment, likely boosting ETS demand."", ""France\u2019s prioritization of the carbon border levy signals stronger regulatory pressure on emissions-intensive imports, likely boosting EU ETS prices."", ""France\u2019s emphasis on the carbon border levy signals stronger EU-wide policy alignment, likely boosting ETS demand.""]",7,1.0,0.7,0.7,"[7, 7, 8]"
3395,https://www.msn.com/en-us/money/markets/eu-urges-trading-partners-to-impose-co2-price-to-avoid-levy/ar-BB1eSJVA,,EU Urges Trading Partners to Impose CO2 Price to Avoid Levy,2021-03-23,,msn.com,English,United States,1,4,eu_context;carbon_terms=2,YES,1,"[""YES"", ""YES"", ""YES""]","[""EU\u2019s call for CO2 pricing pressure may trigger retaliatory measures or compliance shifts, affecting ETS volatility."", ""EU\u2019s call may pressure trading partners to adopt carbon pricing, potentially increasing EU ETS demand."", ""EU\u2019s call pressures partners to act, potentially boosting ETS demand and price.""]",7,1.0,0.7,0.7,"[7, 7, 7]"
3401,https://balkangreenenergynews.com/europe-is-halfway-into-closing-all-coal-power-plants-by-2030/,,Europe is halfway into closing all coal power plants by 2030,2021-03-25,https://balkangreenenergynews.com/wp-content/uploads/2021/03/Europe-halfway-closing-coal-power-plants-2030.jpg,balkangreenenergynews.com,English,Serbia,1,3,eu_context;energy_driver,YES,1,"[""YES"", ""YES"", ""YES""]","[""Coal phase-out accelerates ETS demand for clean alternatives, boosting price pressure."", ""Coal phase-out accelerates demand for carbon credits, likely pushing EU ETS prices higher."", ""Coal phase-out accelerates ETS demand for carbon credits, pushing prices upward.""]",8,1.0,0.8,0.8,"[8, 8, 7]"
3407,https://www.bnnbloomberg.ca/poland-asks-eu-to-clarify-carbon-rally-on-speculation-concerns-1.1582775,https://www.bnnbloomberg.ca/poland-asks-eu-to-clarify-carbon-rally-on-speculation-concerns-1.1582775.amp.html,Poland Asks EU to Clarify Carbon Rally on Speculation Concerns,2021-03-27,http://www.bnnbloomberg.ca/polopoly_fs/1.1582776!/fileimage/httpImage/image.png_gen/derivatives/landscape_620/emissions-rise-from-chimneys-at-the-turow-coal-powered-power-plant-operated-by-pge-sa-at-night-in-bogatynia-poland-on-tuesday-sept-29-2020-poland-may-finally-be-on-the-path-to-set-the-end-date-for-its-unprofitable-coal-industry-as-an-agreement-with-mining-unions-is-within-sight.png,bnnbloomberg.ca,English,Canada,1,3,eu_context;carbon_terms=1,NO,-1,"[""NO"", ""NO"", ""NO""]","[""Speculation concerns may dampen rally but EU policy clarity could offset this."", ""Speculation concerns may dampen rally but EU policy clarity could offset this."", ""Speculation concerns may dampen rally but EU policy clarity could offset this.""]",6,1.0,-0.6,-0.6,"[5, 6, 6]"
3413,https://www.tradewindsnews.com/regulation/market-based-measures-gain-supporters-in-drive-to-cut-shipping-emissions/2-1-989319,,Market - based measures gain supporters in drive to cut shipping emissions,2021-03-31,https://images-global.nhst.tech/image/aWplZnJySFE2NFlTYjRKd3FMM05rZWZWT1Avc05tazZ6aWJQQ3E5ejdhZz0=/nhst/binary/73d8e3cc79ce3871e2ef2a7a67b7d734?image_version=720,tradewindsnews.com,English,China,1,3,carbon_terms=3,YES,1,"[""YES"", ""YES"", ""YES""]","[""Shipping emissions are a major compliance risk for EU ETS participants, driving demand for carbon pricing."", ""Shipping emissions are a major compliance risk for EU ETS participants, driving demand for carbon pricing mechanisms."", ""Shipping emissions are a major carbon source, and market-based measures could increase compliance costs, boosting EU ETS demand.""]",7,1.0,0.7,0.7,"[7, 7, 6]"
3419,https://qz.com/1992256/the-uk-is-leaving-europes-carbon-market-at-record-highs/,https://qz.com/1992256/the-uk-is-leaving-europes-carbon-market-at-record-highs/amp/,The united kingdom is leaving Europe carbon market at record highs Quartz,2021-04-03,https://cms.qz.com/wp-content/uploads/2021/02/2021-02-23T175856Z_1262471970_RC2HYL912IVS_RTRMADP_3_HEDGEFUNDS-RATAN.jpg?quality=75&strip=all&crop=1,qz.com,English,United States,1,4,eu_context;carbon_terms=2,YES,1,"[""YES"", ""YES"", ""YES""]","[""UK leaving EU ETS may trigger short-term price spikes due to market uncertainty and potential rebalancing."", ""UK leaving EU ETS may trigger market re-pricing and increased demand for carbon credits."", ""UK leaving EU ETS may trigger short-term volatility and price spikes due to market uncertainty and potential reallocation of allowances.""]",8,1.0,0.8,0.8,"[8, 8, 8]"
3425,https://www.houstonchronicle.com/business/energy/article/Occidental-CEO-Rejects-U-S-Carbon-Tax-in-Break-16081092.php,https://www.houstonchronicle.com/business/energy/amp/Occidental-CEO-Rejects-U-S-Carbon-Tax-in-Break-16081092.php,Occidental CEO rejects U . S . carbon tax in break with Big Oil,2021-04-06,https://s.hdnux.com/photos/01/16/61/12/20648592/3/rawImage.jpg,houstonchronicle.com,English,United States,1,2,carbon_terms=1;energy_driver,NO,-1,"[""NO"", ""NO"", ""NO""]","[""Big Oil\u2019s stance may signal resistance to carbon pricing, but EU ETS is not directly tied to U.S. policy."", ""Big Oil\u2019s resistance to carbon pricing may signal broader industry skepticism, potentially influencing EU ETS dynamics through trade or investment flows."", ""Big Oil\u2019s stance may signal resistance to carbon pricing, but EU ETS is not directly tied to U.S. policy.""]",5,1.0,-0.5,-0.5,"[5, 6, 5]"
3431,https://www.reuters.com/article/us-trafigura-beheer-carbon-idUSKBN2BW11U,https://mobile.reuters.com/article/amp/idUSKBN2BW11U,Commodities trader Trafigura launches carbon trading desk,2021-04-10,https://static.reuters.com/resources/r/?m=02&d=20210409&t=2&i=1557834063&r=LYNXMPEH380IR,reuters.com,English,United States,1,2,carbon_terms=2,NO,-1,"[""NO"", ""NO"", ""NO""]","[""New carbon trading desk may signal increased market activity but lacks immediate price-moving volume or regulatory impact."", ""New carbon trading desk by a major trader may signal increased market activity but lacks immediate price-driving scale."", ""Launching a carbon trading desk by a major commodities trader may signal increased market activity but is unlikely to cause immediate price swings.""]",3,1.0,-0.3,-0.3,"[3, 3, 3]"
3437,https://www.endseurope.com/article/1712565/call-dramatic-lowering-eu-greenhouse-gas-emissions-cap,,Call for dramatic lowering of EU greenhouse gas emissions cap,2021-04-12,,endseurope.com,English,United Kingdom,1,5,eu_context;carbon_terms=2;energy_driver,YES,1,"[""YES"", ""YES"", ""YES""]","[""Lowering the cap directly reduces allowable emissions, likely driving up carbon prices as compliance costs rise."", ""Lowering the cap forces higher emissions prices to meet targets."", ""Lowering the cap forces stricter emissions reductions, likely increasing carbon prices.""]",8,1.0,0.8,0.8,"[8, 8, 8]"
3443,https://www.caixinglobal.com/2021-04-14/voluntary-carbon-markets-will-encourage-more-firms-to-cut-emissions-standard-chartered-ceo-says-101691237.html,,"Voluntary Carbon Markets Will Encourage More Firms to Cut Emissions , Standard Chartered CEO Says",2021-04-14,,caixinglobal.com,English,China,1,4,carbon_terms=4,YES,1,"[""YES"", ""YES"", ""YES""]","[""Voluntary carbon markets may increase corporate emission reductions, potentially boosting EU ETS demand and prices."", ""Voluntary carbon markets may increase corporate ETS-related emissions reductions, potentially boosting demand and prices."", ""Voluntary carbon markets may increase corporate emission reductions, potentially boosting EU ETS demand and prices.""]",7,1.0,0.7,0.7,"[7, 6, 7]"
3449,https://www.euractiv.com/section/emissions-trading-scheme/news/gas-overtakes-lignite-as-europes-largest-source-of-power-emissions/,,Gas overtakes lignite as Europe largest source of power emissions – EURACTIV . com,2021-04-16,https://www.euractiv.com/wp-content/uploads/sites/2/2021/04/Gas-power-plant-800x450.jpg,euractiv.com,English,United Kingdom,1,5,eu_context;carbon_terms=2;energy_driver,NO,-1,"[""NO"", ""NO"", ""NO""]","[""Shift in fuel mix may signal policy tightening or market recalibration, affecting emissions trading dynamics."", ""Shift in fuel mix may signal policy tightening, but short-term ETS price volatility is unlikely without immediate regulatory changes."", ""Shift in fuel mix may slightly reduce emissions, but EU ETS price driven more by policy and cap levels than fuel substitution.""]",6,1.0,-0.6,-0.6,"[6, 6, 5]"
3455,http://en.people.cn/n3/2021/0418/c90000-9840230.html,,"China - France - Germany climate summit demonstrates resolution to tackle climate change , promotes China - EU cooperation -- observers",2021-04-18,,en.people.cn,English,China,2,2,eu_context,NO,-1,"[""NO"", ""NO"", ""NO""]","[""Signals diplomatic momentum but lacks concrete policy commitments to trigger immediate ETS price shifts."", ""Signaling cooperation may boost EU ETS sentiment but lacks concrete policy or emissions data to drive short-term price movement."", ""Signaling cooperation may boost EU ETS sentiment but lacks immediate policy-driven price catalysts.""]",5,1.0,-0.5,-0.5,"[5, 5, 5]"
3461,https://www.naturalgasintel.com/european-asian-natural-gas-prices-rally-as-market-continues-tightening-lng-recap/,,"European , Asian Natural Gas Prices Rally as Market Continues Tightening - LNG Recap",2021-04-20,https://e8ca3vmtat3.exactdn.com/wp-content/uploads/2021/04/gulf-coast-netbacks0419.png?strip=all&lossy=1&ssl=1,naturalgasintel.com,English,United States,2,5,eu_context;carbon_terms=2;energy_driver,NO,-1,"[""NO"", ""NO"", ""NO""]","[""LNG price rallies may signal tightening supply, but EU ETS is less directly tied to LNG than to domestic emissions caps and policy."", ""LNG price rallies may signal tightening supply but don\u2019t directly impact EU ETS pricing unless linked to emissions intensity or policy shifts."", ""LNG price rallies may reflect supply constraints but don't directly signal EU ETS price movement.""]",5,1.0,-0.5,-0.5,"[5, 5, 5]"
3467,https://www.farmersjournal.ie/binding-eu-greenhouse-gas-emissions-target-to-become-law-617351,https://www.farmersjournal.ie/amp/binding-eu-greenhouse-gas-emissions-target-to-become-law-617351,Binding EU greenhouse gas emissions target to become law,2021-04-22,https://s3-eu-west-1.amazonaws.com/ifj/WEBFILES/000/617/351/1648180-617351.jpg,farmersjournal.ie,English,Ireland,2,5,eu_context;carbon_terms=2;energy_driver,YES,1,"[""YES"", ""YES"", ""YES""]","[""Legislation enshrining binding targets likely boosts long-term ETS demand and price stability."", ""Legally binding targets increase compliance pressure and likely boost carbon prices."", ""Legally binding targets increase regulatory pressure and likely boost ETS prices through enhanced compliance costs.""]",8,1.0,0.8,0.8,"[8, 8, 8]"
3473,https://cleantechnica.com/2021/04/24/a-moral-imperative-joe-biden-commits-to-halving-us-emissions/,https://cleantechnica.com/2021/04/24/a-moral-imperative-joe-biden-commits-to-halving-us-emissions/amp/,  A Moral Imperative  Joe Biden Commits To Halving US Emissions,2021-04-24,https://cleantechnica.com/files/2021/04/half-a-car-1024x576.jpg,cleantechnica.com,English,United States,1,2,carbon_terms=2,NO,-1,"[""NO"", ""NO"", ""NO""]","[""EU ETS is not directly affected by US emissions targets, though global policy shifts may indirectly influence prices."", ""EU ETS price may be indirectly affected by US policy signals but lacks direct regulatory linkage."", ""EU ETS may be indirectly affected by US policy shifts, but direct price impact is uncertain without immediate regulatory changes.""]",5,1.0,-0.5,-0.5,"[5, 5, 6]"
3479,https://www.msn.com/en-us/money/other/carbon-restrictions-are-finally-here-to-bend-the-emissions-curve/ar-BB1g6hlw,,Carbon Restrictions Are Finally Here to Bend the Emissions Curve,2021-04-27,,msn.com,English,United States,1,3,carbon_terms=3,YES,1,"[""YES"", ""YES"", ""YES""]","[""Carbon restrictions signal tightening policy, likely boosting ETS prices short-term."", ""Carbon restrictions signal stronger policy enforcement, likely boosting ETS prices in the short term."", ""Carbon restrictions signal tightening policy, likely boosting ETS prices in the short term.""]",8,1.0,0.8,0.8,"[7, 8, 8]"
3485,https://agmetalminer.com/2021/04/29/european-steel-producers-clamor-for-early-adoption-of-carbon-border-tax/,,Emissions targets from EU put pressure on higher - polluting industries,2021-04-29,,agmetalminer.com,English,China,1,4,eu_context;carbon_terms=2,YES,1,"[""YES"", ""YES"", ""YES""]","[""Higher-polluting industries face compliance costs that could drive up EU ETS prices as emissions targets tighten."", ""Higher-polluting industries face cost pressures that could drive up EU ETS prices as compliance becomes more stringent."", ""Higher-polluting industries face compliance costs, likely driving up EU ETS prices as emissions targets tighten.""]",7,1.0,0.7,0.7,"[7, 8, 7]"
3491,https://mynorthwest.com/2859331/daimler-truck-volvo-to-make-fuel-cells-in-europe-from-2025/,https://mynorthwest.com/2859331/daimler-truck-volvo-to-make-fuel-cells-in-europe-from-2025/amp/,"Daimler Truck , Volvo to make fuel cells in Europe from 2025",2021-05-01,https://mynorthwest.com/wp-content/uploads/2018/01/MYNW_Facebookj.jpg,mynorthwest.com,English,United States,1,2,eu_context,YES,1,"[""YES"", ""YES"", ""YES""]","[""Fuel cell adoption by major OEMs signals long-term decarbonization, potentially pressuring carbon prices via emissions reductions."", ""Fuel cell adoption by major OEMs signals long-term decarbonization trends, potentially pressuring carbon prices as emissions targets tighten."", ""Fuel cell adoption by major OEMs signals long-term decarbonization, potentially boosting EU ETS demand as emissions targets tighten.""]",7,1.0,0.7,0.7,"[7, 7, 7]"
3497,https://www.wiredprnews.com/the-price-of-eu-carbon-has-reached-50-euros-per-tonne/,,The price of EU carbon has reached 50 euros per tonne,2021-05-04,https://www.ft.com/__origami/service/image/v2/images/raw/https://d1e00ek4ebabms.cloudfront.net/production/e74c64c6-7ef9-4473-a2e5-b32da6765dca.jpg?source=next-opengraph&fit=scale-down,wiredprnews.com,English,United States,1,4,eu_context;carbon_terms=2,NO,-1,"[""NO"", ""YES"", ""NO""]","[""Current price at 50 EUR/tonne suggests no immediate short-term upward momentum."", ""Recent price levels suggest momentum, but short-term volatility remains high."", ""Recent price levels are not indicative of a short-term trend reversal without context.""]",3,0.6666666666666666,-0.3,-0.1999999999999999,"[3, 5, 3]"
3503,https://voxeu.org/article/pricing-carbon-within-and-border-europe,,"Pricing of carbon within and at the border of Europe | VOX , CEPR Policy Portal",2021-05-06,https://voxeu.org/sites/default/files/cover_images/article/AdobeStock_388567822_0.jpeg,voxeu.org,English,United Kingdom,1,3,eu_context;carbon_terms=1,NO,-1,"[""NO"", ""NO"", ""NO""]","[""Border carbon pricing adjustments may influence short-term ETS volatility but lack immediate policy clarity."", ""Border carbon pricing signals regulatory tightening but lacks concrete policy action to drive immediate price movement."", ""Border carbon pricing adjustments may influence trade flows but lack immediate market impact.""]",5,1.0,-0.5,-0.5,"[5, 5, 5]"
3509,https://www.seatrade-maritime.com/environmental/greece-says-charterers-should-pay-eu-emissions-trading-costs,,Greece says charterers should pay EU emissions trading costs,2021-05-10,https://www.seatrade-maritime.com/sites/seatrade-maritime.com/files/funnel.jpeg,seatrade-maritime.com,English,China,1,5,eu_context;carbon_terms=3,NO,-1,"[""NO"", ""NO"", ""NO""]","[""Greece\u2019s policy shift may signal broader EU ETS cost allocation changes, but lacks immediate market impact."", ""Greece\u2019s policy shift may signal broader EU ETS cost allocation changes, but lacks immediate market impact."", ""Greece\u2019s stance may shift cost allocation but has limited direct impact on EU ETS price dynamics.""]",3,1.0,-0.3,-0.3,"[3, 3, 3]"
3515,https://www.electricityforum.com/news/eu-solar-price-impact,,Solar changing shape of electricity prices in Northern Europe,2021-05-12,,electricityforum.com,English,Canada,2,4,eu_context;carbon_terms=1;energy_driver,YES,1,"[""YES"", ""YES"", ""YES""]","[""Solar expansion is reshaping price dynamics by increasing supply and reducing volatility in Northern Europe\u2019s electricity markets."", ""Solar growth is reshaping price dynamics by increasing supply and reducing volatility in Northern Europe\u2019s electricity markets."", ""Solar growth is reshaping price dynamics by increasing supply and reducing volatility in Northern Europe\u2019s electricity markets.""]",7,1.0,0.7,0.7,"[7, 7, 7]"
3521,https://ksusentinel.com/2021/05/14/gas-separation-membranes-market-size-2021-2028-top-manufacturers-air-liquide-advanced-separations-fujifilm-manufacturing-europe-b-v-dic-corporation-evonik-industries-ag-parker-hannifin/,,"Gas Separation Membranes Market Size ( 2021 - 2028 ) | Top Manufacturers – Air Liquide Advanced Separations , Fujifilm Manufacturing Europe B . V ., DIC Corporation , Evonik Industries AG , Parker - Hannifin , UBE Industries – KSU",2021-05-14,,ksusentinel.com,English,United States,2,4,eu_context;carbon_terms=1;energy_driver,NO,-1,"[""NO"", ""NO"", ""NO""]","[""Gas separation membranes are niche tech with limited direct link to EU ETS price movements."", ""Gas separation membranes are niche tech with limited direct link to EU ETS price movements."", ""Gas separation membranes are niche tech with limited direct link to EU ETS carbon pricing mechanisms.""]",2,1.0,-0.2,-0.2,"[2, 2, 2]"
3527,https://tribune.com.pk/story/2299917/gas-faces-existential-crisis-in-europe,,Gas faces existential crisis in Europe,2021-05-16,https://i.tribune.com.pk/media/images/11621105195-0/11621105195-0.jpg,tribune.com.pk,English,Pakistan,2,3,eu_context;energy_driver,YES,1,"[""YES"", ""YES"", ""YES""]","[""Gas price volatility may trigger EU ETS demand spikes as utilities seek carbon credits to offset emissions."", ""Gas price volatility may trigger ETS compliance pressures and carbon-intensive sector adjustments."", ""Gas price volatility and EU ETS compliance risks could trigger accelerated transition, boosting ETS prices.""]",7,1.0,0.7,0.7,"[7, 7, 7]"
3533,https://www.endsreport.com/article/1716219/uk-emissions-trading-scheme-could-face-rapid-price-spike,,UK emissions trading scheme  could face rapid price spike  ,2021-05-18,,endsreport.com,English,United Kingdom,1,4,carbon_terms=4,YES,1,"[""YES"", ""YES"", ""YES""]","[""UK ETS volatility could spill over to EU ETS due to cross-border trading dynamics."", ""UK ETS volatility could spill over to EU ETS due to policy divergence and market reactions."", ""UK ETS volatility could spill over to EU ETS due to policy divergence and market anticipation.""]",7,1.0,0.7,0.7,"[7, 7, 7]"
3539,https://www.reuters.com/article/britain-carbontrading/update-3-britains-carbon-market-begins-trading-at-higher-prices-than-eu-idUSL2N2N6145,https://mobile.reuters.com/article/amp/idUSKCN2D00TC,Britain carbon market begins trading at higher prices than EU,2021-05-20,https://static.reuters.com/resources/r/?m=02&d=20210519&t=2&i=1562644640&r=LYNXNPEH4I0EC,reuters.com,English,United States,1,6,eu_context;carbon_terms=4,YES,1,"[""YES"", ""NO"", ""YES""]","[""Higher UK prices may signal stronger carbon pricing expectations, influencing EU ETS dynamics."", ""Higher UK prices may signal stronger carbon demand, potentially influencing EU ETS sentiment."", ""Higher UK prices may signal stronger carbon pricing and influence EU ETS dynamics through cross-border spillovers.""]",7,0.6666666666666666,0.7,0.4666666666666666,"[7, 7, 7]"
3545,https://www.businesswire.com/news/home/20210521005428/en/Eurofins%E2%80%99-empowerDX-At-home-COVID-19-Testing-Kit-Receives-EUA-For-Children-Three-Years-and-Older,,Eurofin empowerDX At - home COVID - 19 Testing Kit Receives EUA For Children Three Years and Older,2021-05-22,https://mms.businesswire.com/media/20210521005428/en/319576/23/EUROFINS_jpg.jpg,businesswire.com,English,United States,1,9,eu_ets_strong;eu_context;energy_driver,NO,-1,"[""NO"", ""NO"", ""NO""]","[""No direct link to EU ETS pricing or carbon markets."", ""No direct link to EU ETS pricing or carbon markets."", ""No direct link to EU ETS carbon pricing or emissions trading dynamics.""]",1,1.0,-0.1,-0.1,"[1, 1, 1]"
3551,https://www.telegraph.co.uk/business/2021/05/24/ministers-resist-calls-top-adviser-tie-uk-carbon-market-brussels/,https://www.telegraph.co.uk/business/2021/05/24/ministers-resist-calls-top-adviser-tie-uk-carbon-market-brussels/amp/,Ministers resist calls from top adviser to tie united kingdom carbon market to Brussels,2021-05-24,,telegraph.co.uk,English,United Kingdom,1,4,eu_context;carbon_terms=2,NO,-1,"[""NO"", ""NO"", ""NO""]","[""EU ETS price may be affected by UK market integration, but current resistance suggests limited immediate impact."", ""Tying UK carbon market to EU ETS could affect price convergence, but ministers\u2019 resistance suggests limited near-term impact."", ""Tying UK carbon market to EU ETS could affect price convergence, but ministers\u2019 resistance suggests limited immediate impact.""]",5,1.0,-0.5,-0.5,"[5, 5, 5]"
3557,https://isp.netscape.com/news/story/0002/20210525/KCN2D62W4_2,,U . S . FDA may not review new COVID - 19 vaccine EUA requests during pandemic,2021-05-26,,isp.netscape.com,English,United States,1,8,eu_ets_strong;eu_context,NO,-1,"[""NO"", ""NO"", ""NO""]","[""Carbon trading is unlikely to be directly affected by U.S. FDA vaccine review delays."", ""Carbon trading markets are unlikely to be directly affected by FDA vaccine review delays."", ""Minimal direct impact on EU ETS pricing due to unrelated regulatory domain.""]",2,1.0,-0.2,-0.2,"[2, 2, 2]"
3563,https://www.politico.com/newsletters/prescription-pulse/2021/05/28/fda-updates-eua-covid-shot-guidance-795602,,FDA updates EUA Covid shot guidance,2021-05-28,https://static.politico.com/da/f5/44342c424c68b675719324b1106b/politico.jpg,politico.com,English,United States,1,8,eu_ets_strong;eu_context,NO,-1,"[""NO"", ""NO"", ""NO""]","[""EUA guidance updates may influence market expectations for future emissions reductions but are unlikely to cause short-term price volatility."", ""May slightly reduce demand for EUAs as regulatory uncertainty decreases."", ""EUA guidance updates may influence market expectations for compliance but are unlikely to trigger major price shifts.""]",3,1.0,-0.3,-0.3,"[3, 3, 3]"
3569,https://oilprice.com/Energy/Energy-General/The-Biggest-Problem-With-The-EUs-Emission-Trading-System.html,https://oilprice.com/Energy/Energy-General/The-Biggest-Problem-With-The-EUs-Emission-Trading-System.amp.html,The Biggest Problem With The EU Emission Trading System,2021-05-30,https://d32r1sh890xpii.cloudfront.net/article/718x300/2021-05-28_dkyzl4tihf.jpg,oilprice.com,English,United States,1,4,eu_context;carbon_terms=2,NO,-1,"[""NO"", ""NO"", ""NO""]","[""The headline suggests systemic issues that could pressure prices in the short term, though long-term impacts are uncertain."", ""The headline suggests systemic issues that could pressure prices, but without specifics, impact is uncertain."", ""The headline suggests systemic issues that could pressure prices in the short term.""]",7,1.0,-0.7,-0.7,"[7, 6, 7]"
3575,https://energycentral.com/c/ec/what-next-european-emissions-trading-system-eu-ets-part-i,,What is next for the European emissions trading system ( EU ETS )? Part I,2021-06-01,,energycentral.com,English,United States,1,11,eu_ets_strong;eu_context;carbon_terms=3,NO,-1,"[""NO"", ""NO"", ""NO""]","[""The headline is too vague to determine short-term price direction without specific policy or market event context."", ""The headline is a general inquiry without specific policy or market data, making short-term price direction uncertain."", ""The headline is exploratory and lacks specific policy or market-moving data to determine short-term direction.""]",3,1.0,-0.3,-0.3,"[3, 3, 3]"
3581,https://www.euractiv.com/section/energy-environment/opinion/fit-for-55-europe-needs-science-and-practice-based-sustainability-criteria/,,Fit for 55 ? Europe needs science - and practice - based Sustainability Criteria,2021-06-03,https://www.euractiv.com/wp-content/uploads/sites/2/2021/06/AdobeStock_336041947-800x450.jpg,euractiv.com,English,United Kingdom,1,8,eu_ets_strong;eu_context,NO,-1,"[""NO"", ""NO"", ""NO""]","[""Sustainability criteria could reshape compliance costs and market demand, but implementation timing and scope remain uncertain."", ""Sustainability criteria could reshape compliance costs and emissions targets, affecting market dynamics."", ""Sustainability criteria could reshape compliance costs and market demand, but implementation timing remains uncertain.""]",6,1.0,-0.6,-0.6,"[6, 7, 6]"
3587,https://oilprice.com/Energy/Energy-General/A-War-On-Coal-Is-Playing-Out-In-Central-Europe.html,https://oilprice.com/Energy/Energy-General/A-War-On-Coal-Is-Playing-Out-In-Central-Europe.amp.html,A War On Coal Is Playing Out In Central Europe,2021-06-05,https://d32r1sh890xpii.cloudfront.net/article/718x300/2021-06-04_tysbpkrty2.jpg,oilprice.com,English,United States,2,3,eu_context;energy_driver,YES,1,"[""YES"", ""YES"", ""YES""]","[""Coal phase-out policies in Central Europe are driving demand for carbon credits and boosting ETS prices."", ""Coal phase-out policies in Central Europe are likely to boost EU ETS demand and prices."", ""Coal phase-out policies in Central Europe are likely to boost EU ETS demand and prices.""]",7,1.0,0.7,0.7,"[7, 8, 7]"
3593,https://www.globalcement.com/news/item/12504-european-commission-to-introduce-carbon-border-adjustment-mechanism-for-cement-imports-from-2023,,European Commission to introduce carbon border adjustment mechanism for cement imports from 2023,2021-06-07,https://www.globalcement.com/media/k2/items/cache/a4c7591c17ea36e7cc76880d02cb2e19_M.jpg,globalcement.com,English,India,1,9,eu_ets_strong;eu_context;carbon_terms=1,YES,1,"[""YES"", ""YES"", ""YES""]","[""Cement imports face new compliance costs, likely increasing demand for carbon credits and pushing EU ETS prices higher."", ""Carbon border adjustment will increase import costs for cement, likely boosting EU ETS prices as firms seek to offset compliance costs."", ""Cement imports face new compliance costs, likely increasing EU ETS demand and pushing prices higher.""]",8,1.0,0.8,0.8,"[8, 8, 8]"
3599,https://leaderpost.com/pmn/business-pmn/ice-exchange-suspends-european-carbon-trading-after-migration-to-endex,https://leaderpost.com/pmn/business-pmn/ice-exchange-suspends-european-carbon-trading-after-migration-to-endex/wcm/4afaecd7-86e8-4cd7-b664-540b5003649e/amp/,ICE exchange suspends European carbon trading after migration to Endex,2021-06-09,,leaderpost.com,English,Canada,1,4,eu_context;carbon_terms=2,NO,-1,"[""NO"", ""NO"", ""NO""]","[""ICE's suspension disrupts a major trading venue, likely causing short-term price volatility in EU ETS."", ""ICE's suspension disrupts a major trading venue, potentially causing short-term volatility and liquidity gaps in EU ETS."", ""ICE's suspension disrupts a major trading venue, potentially triggering market volatility and reducing liquidity in EU ETS.""]",8,1.0,-0.8,-0.8,"[8, 8, 8]"
3605,https://centreforaviation.com/members/direct-news/single-european-sky-regulation-must-be-agreed-before-additional-decarbonisation-costs-imposed-on-air-564222,,Single European Sky Regulation must be agreed before additional decarbonisation costs imposed on air,2021-06-11,,centreforaviation.com,English,China,1,3,eu_context;carbon_terms=1,NO,-1,"[""NO"", ""NO"", ""NO""]","[""Delayed agreement risks higher compliance costs, pressuring ETS prices upward."", ""EU ETS pricing may be affected by regulatory delays impacting aviation decarbonisation costs."", ""Regulation delays may push costs onto industry, but no immediate price impact is expected.""]",7,1.0,-0.7,-0.7,"[7, 7, 5]"
3611,https://isp.netscape.com/pf/story/0002/20210613/KCN2DP0EZ_1,,G7 pledge cooperation on carbon leakage as EU border tariff looms - Netscape Money & Business,2021-06-13,,isp.netscape.com,English,United States,2,3,eu_context;carbon_terms=1,YES,1,"[""YES"", ""YES"", ""YES""]","[""Border tariff threat could boost EU ETS demand as firms hedge against carbon leakage risks."", ""Border tariff risk increases EU ETS demand as firms hedge against carbon leakage."", ""EU border carbon tariffs may boost ETS demand as firms hedge against leakage risks.""]",7,1.0,0.7,0.7,"[7, 7, 7]"
3617,https://gcaptain.com/wartsila-supports-eu-and-waterborne-technology-platform-partnership-to-reach-zero-emissions-by-2050/,,Wärtsilä supports EU and Waterborne Technology Platform partnership to reach zero emissions by 2050,2021-06-15,,gcaptain.com,English,United States,2,4,eu_context;carbon_terms=2,NO,-1,"[""NO"", ""NO"", ""NO""]","[""W\u00e4rtsil\u00e4\u2019s support for zero-emissions goals may signal industry alignment but lacks immediate market impact on EU ETS pricing."", ""W\u00e4rtsil\u00e4\u2019s involvement signals industry alignment with long-term decarbonization goals, but lacks immediate market impact on ETS pricing."", ""Supports long-term decarbonization goals but lacks immediate market impact or policy triggers.""]",3,1.0,-0.3,-0.3,"[3, 3, 3]"
3623,https://www.marinelink.com/news/imo-adopts-new-measures-cut-ship-488549,,IMO Adopts New Measures To Cut Ship Emissions,2021-06-17,https://images.marinelink.com/images/maritime/w800/photo-gallery-adobe-stock-123728.jpeg,marinelink.com,English,United States,1,2,carbon_terms=2,YES,1,"[""YES"", ""YES"", ""YES""]","[""New IMO measures could trigger demand for carbon credits as shipping sector faces compliance obligations."", ""New IMO measures could trigger compliance costs and demand for carbon offsets, pressuring EU ETS prices."", ""New IMO measures could trigger compliance costs and demand for carbon offsets, impacting EU ETS volume and price.""]",7,1.0,0.7,0.7,"[7, 7, 7]"
3629,https://www.finanznachrichten.de/nachrichten-2021-06/53201739-research-and-markets-europe-in-vitro-diagnostics-market-forecast-report-2021-2027-increasing-adoption-and-popularity-of-automation-in-clinical-labor-004.htm,,Research and Markets : Europe In - Vitro Diagnostics Market Forecast Report 2021 - 2027 : Increasing Adoption and Popularity of Automation in Clinical Laboratories,2021-06-21,https://cts.businesswire.com/ct/CT?id=bwnews&sty=20210621005329r1&sid=gefi2&distro=ftp,finanznachrichten.de,English,Germany,1,3,eu_context;carbon_terms=1,NO,-1,"[""NO"", ""NO"", ""NO""]","[""No direct link to EU ETS pricing as in vitro diagnostics automation is not a carbon trading or emissions regulation driver."", ""In vitro diagnostics market growth and automation trends are unlikely to directly influence EU ETS pricing, as they are not tied to emissions or carbon markets."", ""In vitro diagnostics automation may indirectly boost lab efficiency but has no direct or immediate impact on EU ETS price dynamics.""]",2,1.0,-0.2,-0.2,"[2, 2, 2]"
3635,https://yle.fi/uutiset/osasto/news/finland_record_drop_in_emissions_but_still_not_on_track_for_2035_target/11995996,,"Finland : Record drop in emissions , but still not on track for 2035 target",2021-06-23,https://img.yle.fi/uutiset/uutisen-ims-kuvat/article11995034.ece/ALTERNATES/w940h529/17-664585819a81d6c15f,yle.fi,English,Finland,1,2,carbon_terms=2,NO,-1,"[""NO"", ""NO"", ""NO""]","[""Emissions drop may signal policy success but still falls short of 2035 targets, suggesting continued regulatory pressure on prices."", ""Emissions drop may signal policy success but still falls short of 2035 target, implying continued regulatory pressure on prices."", ""Emissions drop may signal policy success but still falls short of 2035 target, suggesting continued regulatory pressure on prices.""]",5,1.0,-0.5,-0.5,"[5, 5, 5]"
3641,https://www.endseurope.com/article/1720385/fit-55-expect-carbon-pricing-proposals,,  Fit for 55 : What to expect from the carbon pricing proposals,2021-06-25,https://cached.imagescaler.hbpl.co.uk/resize/scaleHeight/150/cached.offlinehbpl.hbpl.co.uk/news/EDN/GettyImages-1187903329.jpg,endseurope.com,English,United Kingdom,1,7,eu_ets_strong;carbon_terms=1,NO,-1,"[""NO"", ""YES"", ""NO""]","[""Carbon pricing reforms may influence future ETS design but short-term price direction is uncertain due to pending legislative details."", ""Carbon pricing reforms under Fit for 55 could boost EU ETS demand and prices in the short term."", ""Carbon pricing reforms under Fit for 55 could materially affect EU ETS pricing by increasing compliance costs and altering emissions trajectories.""]",6,0.6666666666666666,-0.6,-0.3999999999999999,"[6, 7, 7]"
3647,https://gcaptain.com/eu-carbon-market-to-expand-to-shipping/,,EU Carbon Market to Expand to Shipping,2021-06-27,https://gcaptain.com/wp-content/uploads/2018/02/shutterstock_72804592.jpg,gcaptain.com,English,United States,1,4,eu_context;carbon_terms=2,YES,1,"[""YES"", ""YES"", ""YES""]","[""Expansion into shipping adds new emissions volume, potentially increasing demand and price pressure."", ""Expansion to shipping introduces new emissions volume and compliance complexity, likely increasing demand for carbon credits."", ""Expansion into shipping could increase demand and volatility in the EU ETS.""]",7,1.0,0.7,0.7,"[7, 7, 7]"
3653,https://www.naturalgasworld.com/eu-plans-to-slash-number-of-ets-permits-press-89739,,EU plans to slash number of ETS permits : press,2021-06-29,,naturalgasworld.com,English,Russia,1,4,eu_context;carbon_terms=2,YES,1,"[""YES"", ""YES"", ""YES""]","[""Reduced permit supply likely to drive upward pressure on EU ETS prices."", ""Reducing ETS permits directly tightens supply, likely pushing prices higher in the short term."", ""Reduced permit supply likely to drive up prices in short term.""]",8,1.0,0.8,0.8,"[8, 8, 8]"
3659,https://www.marinelink.com/news/eu-steers-shipping-toward-carbon-trading-488858,,EU Steers Shipping Toward Carbon Trading Market To Curb,2021-07-01,https://images.marinelink.com/images/maritime/w800/marco2811-adobe-stock-124047.jpeg,marinelink.com,English,United States,1,5,eu_context;carbon_terms=3,YES,1,"[""YES"", ""YES"", ""YES""]","[""Shipping sector\u2019s alignment with carbon markets signals rising compliance costs and price pressure."", ""Carbon trading for shipping incentivizes decarbonization, likely boosting EU ETS prices short-term."", ""Carbon trading for shipping incentivizes decarbonization, likely boosting EU ETS prices as demand for compliance credits rises.""]",7,1.0,0.7,0.7,"[7, 7, 7]"
3665,https://sciencebusiness.net/network-updates/eua-survey-finds-half-europes-universities-have-open-science-policies-place,,EUA survey finds half of Europe universities have open science policies in place | Science,2021-07-05,,sciencebusiness.net,English,United Kingdom,1,8,eu_ets_strong;eu_context,NO,-1,"[""NO"", ""NO"", ""NO""]","[""Open science policies may indirectly influence research funding and collaboration, but have minimal direct impact on EU ETS price dynamics."", ""Open science policies in universities are unlikely to directly affect EU ETS price dynamics."", ""Open science policies may indirectly influence research funding and collaboration, but have negligible direct impact on EU ETS price dynamics.""]",2,1.0,-0.2,-0.2,"[3, 2, 2]"
3671,https://bellona.org/publication/making-a-difference-in-european-carbon-fitting-in-a-cbam-to-support-heavy-industry-transformation,,Making a Difference in European Carbon : fitting in a CBAM to support heavy industry transformation,2021-07-07,,bellona.org,English,Russia,1,9,eu_ets_strong;eu_context;carbon_terms=1,YES,1,"[""YES"", ""YES"", ""YES""]","[""CBAM integration may boost EU ETS demand as heavy industries seek compliance, driving price upward."", ""CBAM integration may drive higher EU ETS compliance costs for heavy industries, boosting demand for carbon credits."", ""CBAM integration may increase compliance costs for heavy industries, potentially boosting EU ETS demand.""]",7,1.0,0.7,0.7,"[7, 7, 7]"
3677,https://www.euractiv.pl/section/energia-i-srodowisko/interview/the-decisive-decade-to-fight-climate-change-fit-for-55-michael-bloss-green-deal-the-greens/,,The decisive decade to fight climate change . Is the EU doing enough ? ,2021-07-10,https://www.euractiv.pl/wp-content/uploads/sites/6/2021/07/66-north-NaQMJ-xNDWI-unsplash-800x450.jpg,euractiv.pl,English,Poland,1,2,eu_context,NO,-1,"[""NO"", ""NO"", ""NO""]","[""The headline\u2019s rhetorical tone suggests potential policy shifts, but lacks specific data to confirm short-term ETS price movement."", ""The headline raises a policy question rather than a direct market signal, making its short-term price impact uncertain."", ""The headline raises questions about policy ambition but doesn\u2019t specify concrete market-moving data or regulatory changes.""]",5,1.0,-0.5,-0.5,"[5, 5, 5]"
3683,http://www.epc.eu/en/Publications/Is-the-EUs-building-renovation-wave-fit-for-55~40d990,,Is the EU building renovation wave  fit for 55 ? ,2021-07-12,http://www.epc.eu/content/publications/Renovation_Wave.jpg,epc.eu,English,Belgium,1,8,eu_ets_strong;eu_context,NO,-1,"[""NO"", ""NO"", ""NO""]","[""The renovation wave could boost emissions reductions and support EU ETS compliance, potentially stabilizing or slightly lifting prices."", ""Renovation demand could drive emissions reductions, potentially lowering EU ETS prices if compliance is achieved without offsetting emissions."", ""Renovation demand may boost emissions reductions, potentially stabilizing or slightly lifting EU ETS prices in the short term.""]",7,1.0,-0.7,-0.7,"[7, 7, 7]"
3689,https://shipandbunker.com/news/emea/842545-european-commission-proposes-including-shipping-in-emissions-trading-system,,European Commission Proposes Including Shipping in Emissions Trading System,2021-07-14,https://shipandbunker.cdn.speedyrails.net/a/img/_mt_699db83e53eb66583d153f840fd2eb79.jpg,shipandbunker.com,English,Singapore,1,11,eu_ets_strong;eu_context;carbon_terms=3,YES,1,"[""YES"", ""YES"", ""YES""]","[""Shipping sector emissions are large and currently unregulated, so inclusion could drive significant price volatility."", ""Shipping emissions are a significant but previously unregulated sector, and inclusion could drive price volatility and long-term upward pressure."", ""Shipping sector emissions are significant and currently unregulated under EU ETS, so inclusion could drive price upward.""]",7,1.0,0.7,0.7,"[7, 7, 7]"
3695,https://www.euronews.com/2021/07/16/why-is-the-eu-s-new-emissions-trading-system-so-controversial,https://www.euronews.com/amp/2021/07/16/why-is-the-eu-s-new-emissions-trading-system-so-controversial,Why is the EU new Emissions Trading System so controversial ? ,2021-07-16,https://static.euronews.com/articles/stories/05/87/51/12/1000x563_cmsv2_2ccca74a-7fa8-53dc-8900-88e366832be4-5875112.jpg,euronews.com,English,United States,1,11,eu_ets_strong;eu_context;carbon_terms=3,NO,-1,"[""NO"", ""NO"", ""NO""]","[""Controversy may reflect policy disagreements but doesn\u2019t directly signal short-term price movement."", ""The headline highlights political and regulatory controversy, which may influence market sentiment but doesn\u2019t directly signal a short-term price movement."", ""Controversy may reflect political and economic friction, but doesn\u2019t directly signal short-term price movement.""]",5,1.0,-0.5,-0.5,"[5, 5, 5]"
3701,https://economictimes.indiatimes.com/opinion/et-editorial/european-union-greenhouse-gas-wto-carbon-border-adjustment-mechanism-bam-bam/articleshow/84531912.cms,https://m.economictimes.com/opinion/et-editorial/european-union-greenhouse-gas-wto-carbon-border-adjustment-mechanism-bam-bam/amp_articleshow/84531912.cms,"European Union , greenhouse gas , WTO , carbon border adjustment mechanism , bam - bam",2021-07-18,"https://img.etimg.com/thumb/msid-84532125,width-1070,height-580,imgsize-738890,overlay-economictimes/photo.jpg",economictimes.indiatimes.com,English,India,1,10,eu_ets_strong;eu_context;carbon_terms=1;energy_driver,YES,1,"[""YES"", ""NO"", ""YES""]","[""WTO negotiations may influence CBAM implementation timelines and trade rules, affecting EU ETS demand."", ""WTO negotiations may influence CBAM implementation timelines and trade rules, affecting EU ETS price volatility."", ""WTO negotiations may influence CBAM implementation timelines and trade rules, affecting EU ETS demand.""]",7,0.6666666666666666,0.7,0.4666666666666666,"[7, 7, 7]"
3707,https://www.jdsupra.com/legalnews/europe-announces-fit-for-55-its-scheme-3438336/,,"Europe Announces  Fit for 55 , Its Scheme for Carbon Neutrality by 2050 | Akin Gump Strauss Hauer & Feld LLP",2021-07-20,https://jdsupra-static.s3.amazonaws.com/profile-images/og.15281_4342.jpg,jdsupra.com,English,United States,1,9,eu_ets_strong;eu_context;carbon_terms=1,YES,1,"[""YES"", ""YES"", ""YES""]","[""Policy shift signals long-term price support via stricter emissions targets."", ""The Fit for 55 package introduces stricter emissions targets and market mechanisms, likely boosting EU ETS prices in the short term."", ""Policy signals long-term structural changes likely to increase ETS demand and price pressure.""]",7,1.0,0.7,0.7,"[7, 7, 7]"
3713,https://www.euractiv.com/section/energy-environment/news/us-lawmakers-push-carbon-border-tariff-similar-to-eus-cbam/,,US lawmakers push carbon border tariff similar to EU CBAM – EURACTIV . com,2021-07-22,https://www.euractiv.com/wp-content/uploads/sites/2/2021/07/Chuck-Schumer-800x450.jpg,euractiv.com,English,United Kingdom,1,9,eu_ets_strong;eu_context;carbon_terms=1,YES,1,"[""YES"", ""YES"", ""YES""]","[""Potential price pressure on EU ETS due to increased import competition from CBAM-aligned tariffs."", ""Potential price pressure on EU ETS due to increased import competition from CBAM-aligned tariffs."", ""Potential price pressure on EU ETS due to retaliatory or parallel carbon pricing mechanisms.""]",7,1.0,0.7,0.7,"[7, 7, 7]"
3719,http://econintersect.com/pages/opinion/opinion.php?post=202107240335,,The EU Unveiled A Carbon Tariff . How Should The U . S . Respond ? ,2021-07-24,,econintersect.com,English,United States,1,3,eu_context;carbon_terms=1,YES,1,"[""NO"", ""YES"", ""YES""]","[""Carbon tariff could trigger retaliatory measures and reshape global trade dynamics, impacting EU ETS demand."", ""The carbon tariff may pressure EU ETS prices if U.S. retaliatory measures disrupt trade flows."", ""Carbon tariff could trigger retaliatory measures and reshape global trade dynamics affecting EU ETS price volatility.""]",7,0.6666666666666666,0.7,0.4666666666666666,"[7, 7, 7]"
3725,https://www.jdsupra.com/legalnews/fit-for-55-eu-moves-to-introduce-carbon-2398960/,,Fit for 55 : EU moves to introduce carbon border adjustment mechanism | White & Case LLP,2021-07-26,https://jdsupra-static.s3.amazonaws.com/profile-images/og.12122_4252.jpg,jdsupra.com,English,United States,1,9,eu_ets_strong;eu_context;carbon_terms=1,YES,1,"[""YES"", ""YES"", ""YES""]","[""Carbon border adjustment could drive increased compliance costs and demand for allowances, boosting EU ETS prices."", ""Carbon border adjustment could drive increased compliance costs and demand for allowances, boosting EU ETS prices."", ""CBAM introduces new compliance costs and trade friction, likely boosting EU ETS prices in the short term.""]",7,1.0,0.7,0.7,"[7, 7, 7]"
3731,https://www.hellenicshippingnews.com/european-power-markets-ease-but-prices-remain-high/,https://www.hellenicshippingnews.com/european-power-markets-ease-but-prices-remain-high/amp/,European power markets ease but prices remain high | Hellenic Shipping News Worldwide,2021-07-28,,hellenicshippingnews.com,English,China,1,5,eu_context;carbon_terms=2;energy_driver,NO,-1,"[""NO"", ""NO"", ""NO""]","[""Short-term price stability is likely due to reduced demand, not a significant price drop."", ""Short-term price stability expected due to low demand and high supply in European power markets."", ""Short-term price stability is likely due to reduced demand, not a significant price drop.""]",3,1.0,-0.3,-0.3,"[3, 3, 3]"
3737,https://www.oliveoiltimes.com/business/europe-introduces-plan-to-cut-greenhouse-gas-emissions-in-half-by-2030/96829,https://www.oliveoiltimes.com/business/europe-introduces-plan-to-cut-greenhouse-gas-emissions-in-half-by-2030/96829?amp,Europe Introduces Plan to Cut Greenhouse Gas Emissions in Half by 2030,2021-07-30,https://img-cdn.oliveoiltimes.com/VcLj4nE-kUHw6oqr/w:auto/h:auto/q:75/https://www.oliveoiltimes.com/media/2021/07/12882604_m.jpg,oliveoiltimes.com,English,Italy,1,5,eu_context;carbon_terms=2;energy_driver,YES,1,"[""YES"", ""YES"", ""YES""]","[""Strong policy signal likely to increase ETS demand and price as emissions targets tighten."", ""Strong policy signal likely to boost ETS demand and price as emissions targets tighten."", ""Strong policy signal likely to boost ETS demand and push prices higher.""]",8,1.0,0.8,0.8,"[8, 8, 7]"
3743,https://www.hellenicshippingnews.com/fuel-eu-maritime-eu-ets-and-bunker-tax-proposals-raise-many-questions/,https://www.hellenicshippingnews.com/fuel-eu-maritime-eu-ets-and-bunker-tax-proposals-raise-many-questions/amp/,"Fuel EU Maritime , EU ETS and bunker tax proposals raise many questions | Hellenic Shipping News Worldwide",2021-08-03,,hellenicshippingnews.com,English,China,1,8,eu_ets_strong;eu_context,NO,-1,"[""NO"", ""NO"", ""NO""]","[""Proposals may introduce regulatory uncertainty but lack clear implementation timelines or binding targets to significantly impact short-term ETS prices."", ""Uncertainty around maritime emissions and tax structures may dampen short-term ETS demand."", ""Proposals may delay or complicate implementation, but no clear short-term price signal is evident.""]",5,1.0,-0.5,-0.5,"[5, 5, 4]"
3749,https://www.hellenicshippingnews.com/maritime-market-update-shipping-to-be-included-in-the-european-union-emissions-trading-system/,https://www.hellenicshippingnews.com/maritime-market-update-shipping-to-be-included-in-the-european-union-emissions-trading-system/amp/,Maritime Market Update : Shipping To Be Included In The European Union Emissions Trading System,2021-08-05,,hellenicshippingnews.com,English,China,1,12,eu_ets_strong;eu_context;carbon_terms=4,YES,1,"[""YES"", ""YES"", ""YES""]","[""EU ETS expansion to shipping will significantly increase demand for carbon credits and likely raise prices in the short term."", ""EU ETS expansion to shipping will significantly increase demand for carbon credits and likely push prices higher."", ""EU shipping inclusion will significantly expand ETS coverage, likely driving up prices due to increased compliance costs.""]",8,1.0,0.8,0.8,"[8, 8, 8]"
3755,https://theprint.in/health/covaxin-receives-first-good-manufacturing-practice-certificate-in-eu-from-hungary/709728/,https://theprint.in/health/covaxin-receives-first-good-manufacturing-practice-certificate-in-eu-from-hungary/709728/?amp,Covaxin receives first Good Manufacturing Practice certificate in EU from Hungary,2021-08-07,https://static.theprint.in/wp-content/uploads/2021/01/vaccine-696x392-2-1.jpg,theprint.in,English,India,1,2,eu_context,NO,-1,"[""NO"", ""NO"", ""NO""]","[""Covaxin\u2019s certification is a regulatory milestone but has minimal direct impact on EU ETS pricing given the lack of immediate market or emission-related linkage."", ""Covaxin\u2019s certification is a regulatory milestone but has minimal direct impact on EU ETS pricing given no immediate supply chain or carbon intensity changes."", ""Covaxin\u2019s GMP certification in Hungary is a regulatory milestone but has minimal direct impact on EU ETS pricing, as it doesn\u2019t affect emissions or carbon market fundamentals.""]",2,1.0,-0.2,-0.2,"[2, 2, 1]"
3761,https://www.h2-view.com/story/russian-government-approves-plans-to-produce-and-export-hydrogen-to-european-and-asian-markets/,,Russian Government approves plans to produce and export hydrogen to European and Asian markets,2021-08-09,https://www.h2-view.com/wp-content/files/fly-images/40930/shutterstock_199537013-scaled-600x600.jpg,h2-view.com,English,,2,3,eu_context;carbon_terms=1,YES,1,"[""YES"", ""YES"", ""YES""]","[""Hydrogen exports from Russia could disrupt EU ETS pricing by altering energy supply dynamics and potentially reducing reliance on carbon-intensive imports."", ""Hydrogen exports from Russia could disrupt EU ETS pricing by altering energy supply dynamics and potentially reducing reliance on carbon-intensive fuels."", ""Hydrogen exports from Russia could disrupt EU ETS pricing by altering energy supply dynamics and potentially reducing reliance on carbon-intensive imports.""]",7,1.0,0.7,0.7,"[7, 7, 7]"
3767,https://www.hellenicshippingnews.com/shipping-industry-reduces-carbon-emissions-with-space-technology/,https://www.hellenicshippingnews.com/shipping-industry-reduces-carbon-emissions-with-space-technology/amp/,Shipping industry reduces carbon emissions with space technology | Hellenic Shipping News Worldwide,2021-08-11,,hellenicshippingnews.com,English,China,2,3,carbon_terms=3,NO,-1,"[""NO"", ""NO"", ""NO""]","[""Space tech emissions reduction may be marginal and not yet reflected in EU ETS pricing."", ""Space tech emissions reductions may be marginal and not yet reflected in EU ETS pricing."", ""Space tech emissions reductions may be marginal and not yet reflected in EU ETS pricing.""]",3,1.0,-0.3,-0.3,"[3, 3, 3]"
3773,https://asia.nikkei.com/Spotlight/Caixin/China-s-carbon-market-records-its-first-cross-border-deal,,China carbon market records its first cross - border deal - Nikkei Asia,2021-08-13,https://www.ft.com/__origami/service/image/v2/images/raw/https%253A%252F%252Fs3-ap-northeast-1.amazonaws.com%252Fpsh-ex-ftnikkei-3937bb4%252Fimages%252F2%252F4%252F1%252F7%252F35877142-1-eng-GB%252F2014-01-23T120000Z_1560811918_GM1EA1O0CYW01_RTRMADP_3_CHINA-SOLAR.JPG?&fit=cover&gravity=faces&source=nar-cms,asia.nikkei.com,English,Japan,1,2,carbon_terms=2,NO,-1,"[""NO"", ""NO"", ""NO""]","[""Cross-border carbon deals in China are early-stage and unlikely to immediately affect EU ETS pricing."", ""Cross-border carbon deals are early-stage and unlikely to significantly impact EU ETS prices in the short term."", ""Cross-border carbon deals in China may signal future global carbon market integration, but have limited immediate impact on EU ETS pricing.""]",3,1.0,-0.3,-0.3,"[3, 3, 3]"
3779,https://www.economist.com/graphic-detail/2021/08/15/can-europe-go-green-without-nuclear-power,,Can Europe go green without nuclear power ? ,2021-08-15,https://www.economist.com/img/b/1280/720/90/sites/default/files/20210814_WOC370_promo.png,economist.com,English,United States,2,3,eu_context;energy_driver,NO,-1,"[""NO"", ""NO"", ""NO""]","[""Nuclear power's phase-out could increase emissions, pressuring EU ETS prices upward as compliance costs rise."", ""Nuclear power\u2019s phase-out could increase emissions, potentially pressuring ETS prices if EU targets are not met."", ""Nuclear power\u2019s potential exclusion could increase emissions, pressuring EU ETS prices upward, but short-term volatility depends on policy timing and market adaptation.""]",5,1.0,-0.5,-0.5,"[6, 5, 5]"
3785,https://tass.com/economy/1327069,https://tass.com/economy/1327069/amp,Russia built Europe first test bench for LNG plant equipment - Business & Economy,2021-08-17,,tass.com,English,,2,3,eu_context;energy_driver,NO,-1,"[""NO"", ""NO"", ""NO""]","[""LNG equipment investment in Europe may indirectly affect energy markets, but no direct link to EU ETS pricing is evident."", ""LNG equipment development may indirectly affect energy markets, but no direct link to EU ETS pricing is evident."", ""LNG equipment investment in Europe may indirectly affect energy markets, but no direct link to EU ETS pricing is evident.""]",3,1.0,-0.3,-0.3,"[3, 3, 3]"
3791,https://www.schroders.com/en/ch/asset-management/insights/markets/which-companies-can-help-europe-achieve-its-fit-for-55-plans/,,Which companies can help Europe achieve its  Fit for 55  plans ? - Asset management,2021-08-19,https://www.schroders.com/en/sysglobalassets/digital/insights/2021/hero-images/european-commissions.jpg,schroders.com,English,,1,8,eu_ets_strong;eu_context,NO,-1,"[""NO"", ""NO"", ""NO""]","[""Asset management firms\u2019 influence on corporate ETS compliance may be indirect and not immediately decisive for short-term price movements."", ""Asset management firms\u2019 influence on corporate ESG compliance may indirectly affect ETS pricing via emissions reduction, but not directly."", ""Asset management firms' involvement is more about portfolio allocation than direct price influence on EU ETS.""]",3,1.0,-0.3,-0.3,"[3, 3, 3]"
3797,https://balkangreenenergynews.com/prices-on-power-exchanges-soar-60-against-pre-pandemic-levels/,,Prices on power exchanges soar 60 % against pre - pandemic levels,2021-08-21,https://balkangreenenergynews.com/wp-content/uploads/2021/08/electricty-price-rise-power-exchanges-60-percent.jpg,balkangreenenergynews.com,English,Serbia,2,2,carbon_terms=1;energy_driver,YES,1,"[""YES"", ""YES"", ""YES""]","[""Power exchange prices reflecting high demand and supply constraints signal strong upward pressure on EU ETS."", ""Power exchange prices reflecting supply-demand shifts and carbon pricing signals suggest upward pressure on EU ETS."", ""Power price spikes suggest strong demand and supply constraints, likely to pressure EU ETS prices upward.""]",8,1.0,0.8,0.8,"[8, 8, 8]"
3803,http://www.1prime.biz/news/_PRESS_Rosneft_CEO_suggests_making_EU_see_Russias_CO2_quotas/0/%7B6196F0A9-BF52-4EFE-AEB8-40B015E7AEAA%7D.uif,,PRESS : Rosneft CEO suggests making EU see RussiaТs CO2 quotas - All News - PRIME Business News Agency - All News Politics Economy Business Wire Financial Wire Oil Gas Chemical Industry Power Industry Metals Mining Pulp Paper Agro Commodities Transpo...,2021-08-23,,1prime.biz,English,Russia,2,3,eu_context;energy_driver,NO,-1,"[""NO"", ""NO"", ""NO""]","[""Rosneft's suggestion could trigger regulatory or market reactions, but lacks immediate concrete policy or trading mechanism."", ""Rosneft\u2019s suggestion could trigger regulatory or market reactions but lacks immediate execution or policy clarity."", ""Rosneft's suggestion could trigger regulatory or market reactions, potentially affecting EU ETS pricing due to geopolitical and carbon quota dynamics.""]",6,1.0,-0.6,-0.6,"[6, 6, 7]"
3809,https://www.hellenicshippingnews.com/shape-up-or-ship-out-eu-commission-pushes-hard-on-maritime-emissions/,https://www.hellenicshippingnews.com/shape-up-or-ship-out-eu-commission-pushes-hard-on-maritime-emissions/amp/,Shape up or ship out : EU Commission pushes hard on maritime emissions | Hellenic Shipping News Worldwide,2021-08-25,,hellenicshippingnews.com,English,China,1,4,eu_context;carbon_terms=2,YES,1,"[""YES"", ""YES"", ""YES""]","[""EU Commission\u2019s maritime emissions push may trigger new compliance costs and cap adjustments, impacting ETS prices."", ""EU Commission\u2019s push on maritime emissions may trigger new compliance costs and cap adjustments, impacting ETS pricing."", ""EU Commission\u2019s push on maritime emissions may trigger new compliance costs or regulatory changes affecting shipping emissions trading.""]",7,1.0,0.7,0.7,"[7, 7, 7]"
3815,https://www.hellenicshippingnews.com/how-europe-could-get-china-and-the-u-s-on-its-side-with-new-carbon-tax/,https://www.hellenicshippingnews.com/how-europe-could-get-china-and-the-u-s-on-its-side-with-new-carbon-tax/amp/,How Europe could get China and the U . S . on its side with new carbon tax | Hellenic Shipping News Worldwide,2021-08-27,,hellenicshippingnews.com,English,China,2,3,eu_context;carbon_terms=1,NO,-1,"[""NO"", ""NO"", ""NO""]","[""Carbon tax diplomacy may influence global emissions but has limited direct short-term impact on EU ETS pricing."", ""Carbon tax negotiations may influence global trade but don\u2019t directly signal short-term EU ETS price movement."", ""Carbon tax policy shifts may influence global markets but don\u2019t immediately alter EU ETS pricing.""]",3,1.0,-0.3,-0.3,"[3, 5, 3]"
3821,https://www.sott.net/article/457483-mRNA-Vaccines-Eugenics-the-Push-for-Transhumanism,,"mRNA  Vaccines , Eugenics & the Push for Transhumanism -- Society Child -- Sott . net",2021-08-29,https://www.sott.net/image/s30/618951/full/ryan_matters_transhumanism_ess.jpg,sott.net,English,United States,1,2,eu_context,NO,-1,"[""NO"", ""NO"", ""NO""]","[""Mentions speculative topics unrelated to EU ETS market fundamentals or policy."", ""No direct financial or carbon market implications from the headline content."", ""Mentions speculative topics unrelated to EU ETS market dynamics or carbon pricing fundamentals.""]",1,1.0,-0.1,-0.1,"[1, 1, 1]"
3827,https://www.bnnbloomberg.ca/landmark-report-shows-scale-of-eu-shipping-s-harm-on-environment-1.1646464,https://www.bnnbloomberg.ca/landmark-report-shows-scale-of-eu-shipping-s-harm-on-environment-1.1646464.amp.html,Landmark Report Shows Scale of EU Shipping Harm on Environment,2021-08-31,http://www.bnnbloomberg.ca/polopoly_fs/1.1646465!/fileimage/httpImage/image.png_gen/derivatives/landscape_620/a-dockworker-monitors-a-shipping-container-being-loaded-onto-a-freight-train-at-the-railway-terminal-at-behala-inland-port-in-berlin-germany-on-tuesday-jan-26-2021-a-global-shortage-of-shipping-containers-that-s-sent-ocean-freight-rates-skyrocketing-shows-signs-of-easing-according-to-an-index-that-tracks-the-steel-boxes-used-to-transport-90-of-the-global-trade-in-goods-photographer-liesa-johannssen-koppitz-bloomberg.png,bnnbloomberg.ca,English,Canada,1,2,eu_context,YES,1,"[""YES"", ""YES"", ""YES""]","[""Shipping emissions are a major EU ETS compliance risk, prompting regulatory action and market pricing adjustments."", ""Shipping emissions are a major EU ETS compliance risk, driving regulatory pressure and potential price spikes."", ""Shipping emissions are a major EU ETS compliance risk, prompting regulatory action and market volatility.""]",7,1.0,0.7,0.7,"[7, 7, 8]"
3833,https://www.prweb.com/releases/datapred_starts_coverage_of_european_carbon_allowances/prweb18163771.htm,,Datapred Starts Coverage Of European Carbon Allowances,2021-09-02,,prweb.com,English,United States,1,5,eu_context;carbon_terms=3,YES,1,"[""YES"", ""YES"", ""YES""]","[""New coverage expands market depth and potential price pressure."", ""New coverage expands the market, potentially increasing demand and price pressure."", ""New coverage expands market depth and potential price pressure.""]",7,1.0,0.7,0.7,"[7, 7, 7]"
3839,https://www.afr.com/companies/energy/eu-emissions-market-is-not-doing-its-job-20210905-p58oxw,,EU emissions market is not doing its job,2021-09-05,https://static.ffx.io/images/$zoom_0.3475%2C$multiply_3%2C$ratio_1.777778%2C$width_1059%2C$x_0%2C$y_95/t_crop_custom/c_scale%2Cw_800%2Cq_88%2Cf_jpg/t_afr_opinion_no_age_social_wm/442287e355e4703a64ab087dfe1084bcec9703e1,afr.com,English,Australia,1,5,eu_context;carbon_terms=3,NO,-1,"[""NO"", ""NO"", ""NO""]","[""The headline suggests regulatory failure, which could trigger policy changes or market interventions with significant short-term price volatility."", ""The headline suggests market inefficiency, which could trigger policy interventions or increased trading volume, potentially affecting prices."", ""The headline suggests market failure, which could trigger policy interventions or increased compliance costs, potentially boosting prices short-term.""]",7,1.0,-0.7,-0.7,"[7, 6, 7]"
3845,https://www.bnnbloomberg.ca/german-utility-calls-for-limits-on-eu-carbon-market-speculators-1.1649322,https://www.bnnbloomberg.ca/german-utility-calls-for-limits-on-eu-carbon-market-speculators-1.1649322.amp.html,German Utility Calls for Limits on EU Carbon Market Speculators,2021-09-08,http://www.bnnbloomberg.ca/polopoly_fs/1.1649323!/fileimage/httpImage/image.jpg_gen/derivatives/landscape_620/smoke-is-emitted-from-a-chimney-behind-a-stack-of-coal-at-a-rwe-ag-owned-essent-energie-power-station-in-geertruidenberg-netherlands-on-monday-march-22-2010-more-than-five-months-after-buying-the-netherlands-two-biggest-utilities-rwe-ag-and-vattenfall-ab-are-resisting-consumers-calls-to-reduce-costs-by-continuously-telling-buyers-and-sellers-how-much-electricity-their-plants-are-producing-photographer-bloomberg-bloomberg.jpg,bnnbloomberg.ca,English,Canada,1,4,eu_context;carbon_terms=2,NO,-1,"[""NO"", ""NO"", ""NO""]","[""Speculator limits may reduce volatility but could also dampen market liquidity and price signals."", ""Speculator limits may dampen market volatility but unlikely to drastically alter long-term price trends."", ""Speculator limits may dampen volatility but unlikely to drastically alter long-term price trends.""]",7,1.0,-0.7,-0.7,"[7, 7, 6]"
3851,https://www.schroders.com/nl/sg/wealth-management/insights/monthly-viewpoint/which-companies-can-help-europe-achieve-its-fit-for-55-plans/,,Which companies can help Europe achieve its  Fit for 55  plans ? - Wealth management,2021-09-10,https://www.schroders.com/nl/sysglobalassets/digital/insights/2021/hero-images/european-commissions.jpg,schroders.com,English,,1,8,eu_ets_strong;eu_context,NO,-1,"[""NO"", ""NO"", ""NO""]","[""The headline focuses on corporate fit for 55, not direct ETS price drivers like emissions, policy changes, or market sentiment."", ""Focuses on corporate alignment with climate targets rather than direct price drivers in EU ETS."", ""The headline focuses on corporate suitability for EU climate targets, not direct market signals affecting ETS pricing.""]",3,1.0,-0.3,-0.3,"[3, 3, 3]"
3857,https://www.businesslive.co.za/bd/world/europe/2021-09-12-expensive-winter-awaits-europe-as-record-energy-prices-inflate-power-costs/,,Expensive winter awaits Europe as record energy prices inflate power costs,2021-09-12,,businesslive.co.za,English,South Africa,2,4,eu_context;carbon_terms=1;energy_driver,YES,1,"[""YES"", ""YES"", ""YES""]","[""Record energy prices suggest sustained upward pressure on EU ETS due to high demand and limited supply."", ""Record energy prices likely to push EU ETS prices higher due to increased carbon intensity of power generation."", ""Record energy prices suggest sustained upward pressure on EU ETS due to higher emissions from power generation.""]",8,1.0,0.8,0.8,"[8, 8, 8]"
3863,https://montrealgazette.com/pmn/business-pmn/u-s-eu-pursuing-global-deal-to-slash-planet-warming-methane-emissions-documents/wcm/cd43aa1f-5ff0-4d1b-9f36-b5d358ef53e7,https://montrealgazette.com/pmn/business-pmn/u-s-eu-pursuing-global-deal-to-slash-planet-warming-methane-emissions-documents/wcm/cd43aa1f-5ff0-4d1b-9f36-b5d358ef53e7/amp/,"U . S ., EU pursuing global deal to slash planet - warming methane emissions : documents",2021-09-14,https://smartcdn.prod.postmedia.digital/montrealgazette/wp-content/uploads/2018/05/la309-ap.jpg,montrealgazette.com,English,Canada,2,4,eu_context;carbon_terms=2,YES,1,"[""YES"", ""YES"", ""YES""]","[""Methane emission reductions could trigger EU ETS price volatility due to revised climate policy alignment."", ""Methane emission reductions could trigger EU ETS price volatility due to revised emissions targets and potential carbon pricing adjustments."", ""Methane emission reductions could trigger EU ETS price volatility via revised compliance costs and cap adjustments.""]",7,1.0,0.7,0.7,"[7, 7, 7]"
3869,https://www.msn.com/en-us/money/markets/europes-energy-crisis-is-making-the-market-nervous-and-analysts-expect-record-high-prices-to-persist/ar-AAOuQo8,,Europe energy crisis is making the market nervous . And analysts expect record - high prices to persist,2021-09-16,,msn.com,English,United States,1,4,eu_context;carbon_terms=2,YES,1,"[""YES"", ""YES"", ""YES""]","[""Energy crisis and record-high price expectations strongly reinforce upward pressure on EU ETS."", ""Market anxiety and expected sustained high prices strongly support upward pressure on EU ETS."", ""Energy crisis and record-high price expectations strongly reinforce upward pressure on EU ETS.""]",10,1.0,1.0,1.0,"[10, 10, 10]"
3875,https://www.marketscreener.com/quote/stock/ENDESA-S-A-69599/news/Analysis-Europe-s-power-firms-locked-out-of-record-price-bonanza-36454643/,https://www.marketscreener.com/amp/quote/stock/ENDESA-S-A-69599/news/Analysis-Europe-s-power-firms-locked-out-of-record-price-bonanza-36454643/,Analysis - Europe power firms locked out of record price bonanza,2021-09-18,https://img.zonebourse.com/reuters/2021-09-17T155425Z_1_LYNXMPEH8G0PI_RTROPTP_3_EUROPE-POWER-COMPANIES.JPG,marketscreener.com,English,,2,4,eu_context;carbon_terms=1;energy_driver,NO,-1,"[""NO"", ""NO"", ""NO""]","[""Power firms\u2019 exclusion from record prices suggests market dynamics shifting, possibly pressuring ETS prices short-term."", ""Power firms\u2019 exclusion from record prices suggests market dynamics or regulatory constraints may dampen short-term ETS volatility."", ""Power firms' exclusion from price bonanza suggests reduced supply-side flexibility, potentially pressuring EU ETS prices.""]",7,1.0,-0.7,-0.7,"[7, 6, 7]"
3881,http://tradearabia.com/news/IND_387226.html,,"EU , US announce initiative to cut methane emissions",2021-09-20,,tradearabia.com,English,United Arab Emirates,2,4,eu_context;carbon_terms=2,YES,1,"[""YES"", ""YES"", ""YES""]","[""Methane cuts may trigger regulatory tightening and increased compliance costs, boosting EU ETS demand."", ""Methane emissions reductions could trigger regulatory tightening and market expectations for higher compliance costs, impacting EU ETS pricing."", ""Methane cuts could trigger EU ETS price volatility via revised emission caps or carbon pricing adjustments.""]",7,1.0,0.7,0.7,"[7, 7, 7]"
3887,https://www.msn.com/en-us/money/markets/europe-s-green-ambitions-could-be-hit-as-gas-prices-reach-record-highs/ar-AAOGTy3,,Europe green ambitions could be hit as gas prices reach record highs,2021-09-22,,msn.com,English,United States,2,4,eu_context;carbon_terms=1;energy_driver,NO,-1,"[""NO"", ""NO"", ""NO""]","[""Record gas prices may increase EU ETS compliance costs, pressuring prices upward."", ""Record gas prices may undermine EU ETS compliance costs and delay green transitions."", ""Record gas prices may strain Europe\u2019s green transition, potentially triggering policy adjustments that could dampen ETS demand.""]",7,1.0,-0.7,-0.7,"[7, 7, 7]"
3893,https://euobserver.com/climate/153012,,"VW emissions software was illegal , top EU lawyer says",2021-09-24,https://s3.eu-central-1.amazonaws.com/euobs-media/752ca2bb94edaa3cbc3bc64e60541fb4-480x.jpg,euobserver.com,English,United Kingdom,2,4,eu_context;carbon_terms=2,YES,1,"[""YES"", ""YES"", ""YES""]","[""Legal ruling invalidates emissions software, likely triggering compliance costs and market volatility."", ""Legal findings may trigger regulatory tightening or penalties, impacting emissions compliance costs."", ""Legal findings may trigger regulatory tightening and increased compliance costs for EU emitters.""]",8,1.0,0.8,0.8,"[8, 8, 8]"
3899,https://www.fool.com/investing/2021/09/26/is-novavax-delaying-its-covid-vaccine-eua-filings/,https://www.fool.com/amp/investing/2021/09/26/is-novavax-delaying-its-covid-vaccine-eua-filings/,Is Novavax Delaying Its COVID Vaccine EUA Filings Yet Again ? ,2021-09-26,https://g.foolcdn.com/editorial/images/644076/delay-note-pinned-to-board.jpg,fool.com,English,United States,1,8,eu_ets_strong;eu_context,NO,-1,"[""NO"", ""NO"", ""NO""]","[""Novavax\u2019s delay in EUA filings is unlikely to materially affect EU ETS pricing, as it\u2019s a niche biotech player with minimal direct impact on carbon markets."", ""Novavax\u2019s delay in EUA filings is unlikely to materially affect EU ETS price dynamics."", ""Novavax\u2019s delay in EUA filings is unlikely to significantly impact EU ETS pricing, as it\u2019s a minor player in the global vaccine market and not directly tied to carbon emissions trading.""]",2,1.0,-0.2,-0.2,"[2, 2, 2]"
3905,https://www.henryherald.com/features/health/pfizer-biontech-submit-initial-data-on-covid-19-vaccine-for-people-ages-5-to-11/article_ab97a1fa-46e9-563f-9d2d-2073f971599c.html,,"Pfizer / BioNTech submit initial data on Covid - 19 vaccine for people ages 5 to 11 to FDA , but arent seeking EUA yet",2021-09-28,https://bloximages.newyork1.vip.townnews.com/henryherald.com/content/tncms/custom/image/d8480364-9f73-11e5-b32d-cff46ff26c7d.jpg,henryherald.com,English,United States,1,8,eu_ets_strong;eu_context,NO,-1,"[""NO"", ""NO"", ""NO""]","[""Vaccine data for younger children is a potential long-term factor for public health and policy, but not an immediate driver of EU ETS pricing."", ""Vaccine data for younger children may influence regulatory timelines, but EU ETS pricing is unlikely to be directly impacted."", ""Vaccine development news may influence public health sentiment but has limited direct impact on EU ETS pricing.""]",2,1.0,-0.2,-0.2,"[2, 3, 2]"
3911,https://www.reuters.com/business/energy/poland-joins-calls-eu-action-energy-price-spike-2021-09-30/,,Poland joins calls for EU action on energy price spike,2021-09-30,https://www.reuters.com/resizer/efgRT79ey0tll6j5ef8sTAlzj3c=/1200x628/smart/filters:quality(80)/cloudfront-us-east-2.images.arcpublishing.com/reuters/HDGV6KUBXFMYZO3MGMVUQZLOJI.jpg,reuters.com,English,United States,1,3,eu_context;carbon_terms=1,YES,1,"[""YES"", ""YES"", ""YES""]","[""Poland\u2019s call for EU action may signal regulatory pressure that could influence ETS pricing via policy alignment."", ""Poland\u2019s call for EU action may signal increased regulatory pressure, potentially boosting ETS demand."", ""Poland\u2019s call for EU action may signal increased regulatory pressure and potential carbon pricing adjustments.""]",7,1.0,0.7,0.7,"[5, 7, 7]"
3917,https://www.oilandgasmiddleeast.com/exploration-production/unprecedented-high-gas-price-security-of-global-supply-at-risk,,Unprecedented high gas price : security of global supply at risk ? ,2021-10-02,https://www.oilandgasmiddleeast.com/cloud/2021/08/04/gasoline-scaled.jpg,oilandgasmiddleeast.com,English,,1,2,carbon_terms=1;energy_driver,YES,1,"[""YES"", ""YES"", ""YES""]","[""High gas prices signal supply uncertainty, likely increasing EU ETS demand as industries hedge against volatility."", ""High gas prices signal supply risk, likely pushing EU ETS prices higher as emissions trading tightens."", ""High gas prices signal supply uncertainty, likely driving up EU ETS demand as firms hedge against energy cost volatility.""]",8,1.0,0.8,0.8,"[8, 8, 8]"
3923,https://www.hellenicshippingnews.com/re-balancing-of-europes-gas-power-markets-seen-unlikely-in-q4/,https://www.hellenicshippingnews.com/re-balancing-of-europes-gas-power-markets-seen-unlikely-in-q4/amp/,"Re - balancing of Europe gas , power markets seen unlikely in Q4 | Hellenic Shipping News Worldwide",2021-10-04,,hellenicshippingnews.com,English,China,1,4,eu_context;carbon_terms=1;energy_driver,NO,-1,"[""NO"", ""NO"", ""NO""]","[""Gas market rebalancing unlikely may reduce pressure on EU ETS as power sector emissions targets become less contested."", ""Gas market rebalancing unlikely may dampen demand for carbon credits due to reduced emissions intensity in power sector."", ""Gas market rebalancing unlikely may dampen demand for carbon credits in Q4.""]",3,1.0,-0.3,-0.3,"[3, 3, 3]"
3929,https://www.texasguardian.com/news/271403480/boronia-oil-market-to-witness-stunning-growth--ultra-treatt-elixens-berje,,"Boronia Oil Market to Witness Stunning Growth | Ultra , Treatt , Elixens , Berje",2021-10-06,,texasguardian.com,English,United States,2,2,carbon_terms=1;energy_driver,NO,-1,"[""NO"", ""NO"", ""NO""]","[""Boronia Oil Market is unrelated to EU ETS and lacks credible link to carbon pricing mechanisms."", ""Boronia Oil Market is unrelated to EU ETS; no direct or indirect impact on carbon pricing."", ""Boronia Oil Market is unrelated to EU ETS; no direct or indirect impact on carbon pricing.""]",1,1.0,-0.1,-0.1,"[1, 1, 1]"
3935,https://www.washingtonpost.com/business/energy/whats-behind-europes-skyrocketing-power-prices/2021/10/08/481888e2-27ec-11ec-8739-5cb6aba30a30_story.html,,What Behind Europe Skyrocketing Power Prices - The Washington Post,2021-10-08,,washingtonpost.com,English,United States,2,4,eu_context;carbon_terms=1;energy_driver,NO,-1,"[""NO"", ""NO"", ""NO""]","[""Power price spikes may reflect supply constraints, not direct ETS market dynamics."", ""Power price spikes may signal increased demand or supply constraints, potentially pressuring EU ETS prices indirectly through higher industrial costs."", ""Power price spikes may reflect supply constraints or grid issues, not direct ETS market signals.""]",6,1.0,-0.6,-0.6,"[6, 6, 6]"
3941,https://english.aawsat.com/home/article/3237246/meghan-o%E2%80%99sullivan/europe%E2%80%99s-gas-crunch-isn%E2%80%99t-all-good-news-producers,https://english.aawsat.com/home/article/3237246/meghan-oâsullivan/europeâs-gas-crunch-isnât-all-good-news-producers?amp,Europe Gas Crunch Isnt All Good News For Producers,2021-10-10,https://english.aawsat.com/sites/default/files/styles/large/public/2017/09/09/meghan-osullivan.jpg?itok=py921G-3,english.aawsat.com,English,Syria,2,3,eu_context;energy_driver,NO,-1,"[""NO"", ""NO"", ""NO""]","[""Gas price spikes may offset ETS compliance costs, but long-term ETS volatility remains uncertain."", ""Gas prices rising may pressure EU ETS compliance costs for producers."", ""Gas price spikes may pressure EU ETS compliance costs for producers.""]",7,1.0,-0.7,-0.7,"[6, 7, 7]"
3947,https://www.euronews.com/green/2021/10/12/soaring-gas-prices-prompt-european-utility-companies-to-go-back-to-coal,,Soaring gas prices prompt European utility companies to go back to coal,2021-10-12,https://static.euronews.com/articles/stories/06/14/16/40/1000x563_cmsv2_cde460dd-a68a-5edd-a899-cdf21a360620-6141640.jpg,euronews.com,English,United States,1,4,eu_context;carbon_terms=1;energy_driver,NO,-1,"[""NO"", ""NO"", ""NO""]","[""Coal reactivation may temporarily boost emissions and pressure ETS prices as utilities seek cheaper energy."", ""Coal reactivation risks short-term ETS price pressure due to increased emissions intensity."", ""Coal resurgence may temporarily boost emissions and pressure ETS prices as utilities seek cheaper fuel amid gas volatility.""]",7,1.0,-0.7,-0.7,"[7, 7, 7]"
3953,https://www.maritime-executive.com/article/uecc-backs-stringent-eu-carbon-pricing-for-shipping,,UECC Backs Stringent EU Carbon Pricing for Shipping,2021-10-14,https://www.maritime-executive.com/media/images/article/Photos/Vessels_Large/UECC-LNG-ship.96656b.jpg,maritime-executive.com,English,United States,1,3,eu_context;carbon_terms=1,YES,1,"[""YES"", ""YES"", ""YES""]","[""Stronger carbon pricing signals from UECC could boost compliance costs and drive market demand for allowances."", ""Strong regulatory backing from UECC may boost investor confidence and drive higher carbon prices for shipping emissions."", ""Strong regulatory backing may boost carbon pricing expectations for shipping, increasing demand for EU ETS allowances.""]",7,1.0,0.7,0.7,"[7, 7, 7]"
3959,https://hungarytoday.hu/istvan-hollik-hungary-climate-policy/,,Fidesz Comms Director : EU Responsible for  Public Utility Crisis  ,2021-10-16,https://hungarytoday.hu/wp-content/uploads/2020/06/D_NOE20200603004.jpg,hungarytoday.hu,English,Hungary,1,2,eu_context,NO,-1,"[""NO"", ""NO"", ""NO""]","[""EU ETS price unlikely to be directly impacted by political commentary on public utility crises."", ""Fidesz's comment may reflect political sentiment but lacks concrete policy or regulatory action to directly impact EU ETS pricing."", ""EU ETS price unlikely to be directly impacted by political commentary on public utility crises.""]",3,1.0,-0.3,-0.3,"[3, 3, 3]"
3965,https://www.ecb.europa.eu/pub/financial-stability/macroprudential-bulletin/html/ecb.mpbu202110_2~ea64c9692d.en.html,,Travelling down the green brick road : a status quo assessment of the EU taxonomy,2021-10-19,,ecb.europa.eu,English,Greece,1,2,eu_context,NO,-1,"[""NO"", ""NO"", ""NO""]","[""EU taxonomy updates may subtly influence investor sentiment but unlikely to trigger short-term ETS price movement."", ""EU taxonomy updates may influence investment flows but unlikely to cause short-term ETS price volatility."", ""EU taxonomy updates may slightly influence investor sentiment but not drive immediate price shifts in ETS.""]",3,1.0,-0.3,-0.3,"[3, 3, 3]"
3971,https://www.worldoil.com/news/2021/10/21/soaring-energy-prices-increase-tensions-between-europe-s-leaders,,Soaring energy prices increase tensions between Europe leaders,2021-10-21,https://www.worldoil.com/media/17675/christian-lue-8yw6tsb8tnc-unsplash.jpg,worldoil.com,English,United States,1,3,eu_context;carbon_terms=1,YES,1,"[""YES"", ""YES"", ""YES""]","[""Rising energy prices signal potential ETS price pressure as policymakers may tighten emissions caps to curb inflation."", ""Rising energy prices may pressure EU ETS markets as policymakers consider carbon pricing adjustments."", ""Energy price spikes may trigger policy shifts that affect EU ETS compliance costs and market dynamics.""]",7,1.0,0.7,0.7,"[7, 7, 7]"
3977,https://www.eubusiness.com/news-eu/eu-summit-energy.22ta,,"EU leaders search for solutions to soaring energy prices EUbusiness . com | EU news , business and politics",2021-10-24,,eubusiness.com,English,Greece,1,3,eu_context;carbon_terms=1,NO,-1,"[""NO"", ""NO"", ""NO""]","[""Soaring energy prices may signal increased demand for carbon allowances, potentially pressuring EU ETS prices in the short term."", ""Soaring energy prices may pressure ETS compliance but lack immediate price signal clarity."", ""Soaring energy prices may pressure ETS compliance but lack direct link to immediate price movement.""]",5,1.0,-0.5,-0.5,"[5, 5, 5]"
3983,https://sciencebusiness.net/network-updates/eua-calls-members-states-co-create-new-era-stakeholders,,EUA calls for members states to co - create the new ERA with stakeholders,2021-10-26,,sciencebusiness.net,English,United Kingdom,1,6,eu_ets_strong,NO,-1,"[""NO"", ""NO"", ""NO""]","[""Stakeholder co-creation may delay or alter policy design, but doesn\u2019t directly signal short-term price movement."", ""Stakeholder co-creation may delay or reshape policy, but doesn't directly signal short-term price movement."", ""Stakeholder co-creation may delay or reshape the ERA\u2019s design, potentially affecting market dynamics but not immediately impacting EUA prices.""]",3,1.0,-0.3,-0.3,"[3, 3, 3]"
3989,https://www.theguardian.com/environment/2021/oct/28/eu-carbon-border-levy-could-sabotage-climate-goals-says-thinktank,https://amp.theguardian.com/environment/2021/oct/28/eu-carbon-border-levy-could-sabotage-climate-goals-says-thinktank,"EU carbon border levy could sabotage climate goals , says thinktank",2021-10-28,https://i.guim.co.uk/img/media/c66c6959b76efce2cba39361ef4cd21fbe5d402c/0_64_4724_2834/master/4724.jpg?&quality=85&auto=format&fit=crop&overlay-align=bottom%2Cleft&overlay-width=100p&overlay-base64=L2ltZy9zdGF0aWMvb3ZlcmxheXMvdGctZGVmYXVsdC5wbmc&enable=upscale&s=7c7cecbb2d1a046e0ee633ae7ac35bdf,theguardian.com,English,United Kingdom,1,3,eu_context;carbon_terms=1,NO,-1,"[""NO"", ""NO"", ""NO""]","[""The levy may increase compliance costs and disrupt trade, potentially dampening ETS price momentum."", ""The levy may increase compliance costs and disrupt trade, potentially dampening ETS price momentum."", ""The levy may increase compliance costs and disrupt trade, potentially dampening ETS price momentum.""]",7,1.0,-0.7,-0.7,"[7, 7, 7]"
3995,https://www.telegraph.co.uk/business/2021/10/30/can-global-carbon-market-agreed-cop26/,,Can a global carbon market be agreed at Cop26 ? ,2021-10-30,,telegraph.co.uk,English,United Kingdom,1,2,carbon_terms=2,NO,-1,"[""NO"", ""NO"", ""NO""]","[""A global carbon market agreement at Cop26 could reshape EU ETS dynamics but remains uncertain and unlikely to materialize in the short term."", ""A global carbon market agreement could influence EU ETS pricing via trade mechanisms, but current political and technical hurdles limit immediate impact."", ""Potential global agreement could reshape EU ETS pricing via cross-border trade and regulatory alignment.""]",5,1.0,-0.5,-0.5,"[5, 5, 5]"
4001,https://www.koreatimes.co.kr/www/world/2021/11/672_317916.html,https://m.koreatimes.co.kr/pages/article.amp.asp?newsIdx=317916,China must broaden scope of national carbon trading market to meet climate commitments : experts,2021-11-01,https://ston.koreatimes.co.kr/web/IMAGE/upload/newsV2/images/202110/5a6839f4640742dda452e6b33cc8d675.jpg,koreatimes.co.kr,English,South Korea,1,3,carbon_terms=3,NO,-1,"[""NO"", ""NO"", ""NO""]","[""China\u2019s expansion of its carbon market may indirectly affect EU ETS via global carbon pricing signals, but immediate short-term impact is limited."", ""China\u2019s expansion of its carbon market could influence global prices via increased supply and demand dynamics."", ""China\u2019s expansion of its carbon market could influence global prices by increasing supply and altering demand dynamics.""]",6,1.0,-0.6,-0.6,"[5, 6, 6]"
4007,https://www.politico.eu/newsletter/pro-morning-energy/politico-pro-morning-energy-and-climate-money-money-money-methane-moment-cbam-crashes-cop26/,https://www.politico.eu/newsletter/pro-morning-energy/politico-pro-morning-energy-and-climate-money-money-money-methane-moment-cbam-crashes-cop26/amp/,POLITICO Pro Morning Energy and Climate : Money money money Methane moment CBAM crashes COP26,2021-11-03,https://www.politico.eu/wp-content/uploads/2021/10/29/Energy-and-Climate-Card-High-Quality-1.jpg,politico.eu,English,United States,1,6,eu_ets_strong,NO,-1,"[""NO"", ""NO"", ""NO""]","[""CBAM's market reaction and COP26 outcomes may influence short-term ETS volatility through policy uncertainty and methane pricing signals."", ""CBAM's market reaction and methane policy focus may signal short-term volatility in EU ETS pricing."", ""CBAM market reactions and COP26 sentiment may temporarily pressure EU ETS prices but long-term trends remain uncertain.""]",7,1.0,-0.7,-0.7,"[7, 7, 7]"
4013,https://www.arabnews.com/node/1962641/business-economy,https://www.arabnews.com/node/1962641/amp,Egypt discusses ways to boost gas exports to Europe,2021-11-06,https://www.arabnews.com/sites/default/files/main-image/2021/11/06/2899956-865107806.jpg,arabnews.com,English,Saudi Arabia,2,3,eu_context;energy_driver,NO,-1,"[""NO"", ""NO"", ""NO""]","[""Egypt\u2019s gas exports to Europe are unlikely to significantly impact EU ETS pricing in the short term."", ""Egypt\u2019s gas exports to Europe are unlikely to significantly impact EU ETS prices in the short term."", ""EU ETS price is not directly affected by Egypt\u2019s gas export discussions, as Egypt is not a major EU ETS participant or emitter.""]",3,1.0,-0.3,-0.3,"[3, 3, 3]"
4019,https://www.business-standard.com/article/international/eu-gas-and-power-prices-jump-as-higher-russian-flows-fail-to-materialize-121110801271_1.html,https://wap.business-standard.com/article-amp/international/eu-gas-and-power-prices-jump-as-higher-russian-flows-fail-to-materialize-121110801271_1.html,EU gas and power prices jump as higher Russian flows fail to materialize,2021-11-08,https://bsmedia.business-standard.com/_media/bs/img/article/2021-11/08/full/1636370334-9101.jpg,business-standard.com,English,India,2,4,eu_context;carbon_terms=1;energy_driver,NO,-1,"[""NO"", ""NO"", ""NO""]","[""Higher Russian gas flows not materializing could signal supply tightness, pressuring EU ETS prices."", ""Higher Russian gas flows not materializing could signal supply tightness, potentially boosting EU ETS prices."", ""Higher Russian gas flows not materializing could signal tighter supply, potentially boosting EU ETS prices as demand pressures increase.""]",7,1.0,-0.7,-0.7,"[7, 7, 7]"
4025,https://www.hellenicshippingnews.com/europe-gas-prices-fall-as-russian-gas-flows-resume-into-germany/,https://www.hellenicshippingnews.com/europe-gas-prices-fall-as-russian-gas-flows-resume-into-germany/amp/,Europe Gas : Prices fall as Russian gas flows resume into Germany | Hellenic Shipping News Worldwide,2021-11-10,,hellenicshippingnews.com,English,China,2,4,eu_context;carbon_terms=1;energy_driver,NO,-1,"[""NO"", ""NO"", ""NO""]","[""Resuming Russian gas flows may reduce European gas market stress, potentially lowering ETS price pressure."", ""Resuming Russian gas flows may reduce EU gas price volatility but doesn't directly impact EU ETS prices."", ""Resuming Russian gas flows may reduce EU gas price volatility but doesn't directly impact ETS prices significantly.""]",5,1.0,-0.5,-0.5,"[5, 5, 5]"
4031,https://www.bnnbloomberg.ca/scholz-hunts-for-50-billion-euros-to-seal-german-coalition-deal-1.1681012,https://www.bnnbloomberg.ca/scholz-hunts-for-50-billion-euros-to-seal-german-coalition-deal-1.1681012.amp.html,Scholz Hunts for 50 Billion Euros to Seal German Coalition Deal,2021-11-12,,bnnbloomberg.ca,English,Canada,1,3,eu_context;energy_driver,NO,-1,"[""NO"", ""NO"", ""NO""]","[""German coalition deal financing may indirectly affect carbon policy but not directly impact EU ETS prices."", ""Coalition deal may influence energy policy but not directly impact EU ETS pricing."", ""German coalition deal may influence energy policy, but no direct link to EU ETS pricing mechanics.""]",2,1.0,-0.2,-0.2,"[3, 2, 2]"
4037,https://www.finanznachrichten.de/nachrichten-2021-11/54485094-celltrion-healthcare-celltrion-s-monoclonal-antibody-treatment-regdanvimab-approved-by-the-european-commission-for-the-treatment-of-covid-19-004.htm,,"Celltrion Healthcare : Celltrion Monoclonal Antibody Treatment regdanvimab , Approved by the European Commission for the Treatment of COVID - 19",2021-11-15,https://cts.businesswire.com/ct/CT?id=bwnews&sty=20211114005312r1&sid=gefi2&distro=ftp,finanznachrichten.de,English,Germany,1,2,eu_context,NO,-1,"[""NO"", ""NO"", ""NO""]","[""EU ETS price not directly affected by monoclonal antibody approval for COVID-19."", ""EU ETS price not directly affected by monoclonal antibody approval; no immediate carbon trading or regulatory linkage."", ""EU ETS price not directly affected by monoclonal antibody approval for COVID-19 treatment.""]",2,1.0,-0.2,-0.2,"[2, 2, 2]"
4043,https://www.prnewswire.com/news-releases/novavax-confirms-european-medicines-agency-review-of-covid-19-vaccine-filing-for-conditional-marketing-authorization-301426812.html,,Novavax Confirms European Medicines Agency Review of COVID - 19 Vaccine Filing for Conditional Marketing Authorization,2021-11-17,,prnewswire.com,English,United States,1,3,eu_context;carbon_terms=1,NO,-1,"[""NO"", ""NO"", ""NO""]","[""EU ETS price unlikely to be directly impacted by Novavax\u2019s regulatory filing status."", ""EU ETS price unlikely to be directly affected by vaccine regulatory updates."", ""EU ETS price unlikely to be directly impacted by vaccine regulatory updates unless tied to broader carbon policy or industrial emissions.""]",2,1.0,-0.2,-0.2,"[2, 2, 2]"
4049,https://euobserver.com/climate/153570,,EU watchdog : no proof of carbon market manipulation,2021-11-19,https://s3.eu-central-1.amazonaws.com/euobs-media/9f18c23e8b6a08fa0586669ea43a941a-480x.jpg,euobserver.com,English,United Kingdom,1,4,eu_context;carbon_terms=2,NO,-1,"[""NO"", ""NO"", ""NO""]","[""Lack of proof suggests minimal regulatory intervention, reducing short-term price volatility."", ""Lack of proof suggests minimal regulatory intervention, reducing short-term price volatility."", ""Lack of proof reduces regulatory pressure, potentially stabilizing prices short-term.""]",3,1.0,-0.3,-0.3,"[3, 3, 3]"
4055,https://www.bnnbloomberg.ca/europe-gas-prices-gain-as-u-s-sanctions-pressure-russia-1.1685927,https://www.bnnbloomberg.ca/europe-gas-prices-gain-as-u-s-sanctions-pressure-russia-1.1685927.amp.html,Europe Gas Prices Gain as U . S . Sanctions Pressure Russia,2021-11-23,http://www.bnnbloomberg.ca/polopoly_fs/1.1685928!/fileimage/httpImage/image.png_gen/derivatives/landscape_620/gas-burns-on-a-domestic-oven-hob-in-danbury-u-k-on-tuesday-sept-21-2021-u-k-business-secretary-kwasi-kwarteng-warned-the-next-few-days-will-be-challenging-as-the-energy-crisis-deepens-and-meat-producers-struggle-with-a-crunch-in-carbon-dioxide-supplies-photographer-chris-ratcliffe-bloomberg.png,bnnbloomberg.ca,English,Canada,1,4,eu_context;carbon_terms=1;energy_driver,NO,-1,"[""NO"", ""YES"", ""NO""]","[""Gas price spikes may indirectly pressure EU ETS via higher energy costs and reduced competitiveness."", ""Gas price spikes in Europe may pressure EU ETS as energy-intensive sectors face higher input costs."", ""Gas price spikes may pressure EU ETS via higher energy costs and reduced competitiveness.""]",6,0.6666666666666666,-0.6,-0.3999999999999999,"[6, 7, 7]"
4061,https://www.moneyweb.co.za/news/international/eu-carbon-rises-to-record-as-germany-considers-floor-price/,,EU carbon rises to record as Germany considers floor price,2021-11-25,https://www.moneyweb.co.za/wp-content/uploads/2021/11/381527023-1024x652.jpg,moneyweb.co.za,English,South Africa,1,4,eu_context;carbon_terms=2,YES,1,"[""YES"", ""YES"", ""YES""]","[""Germany\u2019s potential floor price could boost EU ETS demand and support higher prices."", ""Germany\u2019s potential floor price could anchor upward pressure on EU ETS prices."", ""Germany\u2019s potential floor price could boost EU ETS demand and support higher prices.""]",8,1.0,0.8,0.8,"[8, 8, 8]"
4067,https://news.cgtn.com/news/2021-11-12/China-s-emissions-trading-scheme-gains-allure-amid-COP26-chaos-157OtX4MnkI/,https://news.cgtn.com/news/2021-11-12/China-s-emissions-trading-scheme-gains-allure-amid-COP26-chaos-157OtX4MnkI/share_amp.html,China emissions trading scheme gains allure amid COP26 chaos,2021-11-29,https://news.cgtn.com/news/2021-11-12/China-s-emissions-trading-scheme-gains-allure-amid-COP26-chaos-157OtX4MnkI/img/09042fc79e154a1b9a10209debef1c9b/09042fc79e154a1b9a10209debef1c9b-750.png,news.cgtn.com,English,China,1,3,carbon_terms=3,NO,-1,"[""NO"", ""NO"", ""NO""]","[""China\u2019s ETS may draw global attention but has limited immediate impact on EU ETS pricing due to divergent market structures and regulatory frameworks."", ""China\u2019s ETS growth may indirectly influence EU ETS via global carbon pricing trends, but direct short-term impact is limited."", ""China\u2019s ETS growth may indirectly influence global carbon pricing, but EU ETS is unlikely to react sharply in the short term.""]",5,1.0,-0.5,-0.5,"[5, 5, 5]"
4073,https://www.lexology.com/library/detail.aspx?g=eaa7f76f-320d-4418-9804-a1b8c5d3f3d7,,EU Proposals to include Shipping in the Emissions Trading Scheme - what do we know ? ,2021-12-01,,lexology.com,English,United States,1,5,eu_context;carbon_terms=3,NO,-1,"[""NO"", ""NO"", ""NO""]","[""Shipping inclusion could reshape ETS dynamics but remains uncertain due to regulatory and technical complexities."", ""Shipping inclusion could reshape ETS dynamics but lacks immediate price impact due to phased implementation."", ""Shipping inclusion could significantly alter ETS dynamics by adding ~1.5% of EU emissions, triggering market recalibration.""]",6,1.0,-0.6,-0.6,"[6, 6, 7]"
4079,https://www.eureporter.co/environment/2021/12/03/european-green-deal-commission-welcomes-political-agreement-on-the-8th-environment-action-programme/,,European Green Deal : Commission welcomes political agreement on the 8th Environment Action Programme,2021-12-03,https://www.eureporter.co/wp-content/uploads/2021/07/Forests.jpg,eureporter.co,English,United Kingdom,1,2,eu_context,NO,-1,"[""NO"", ""NO"", ""NO""]","[""Policy alignment may support long-term ETS reform but lacks immediate market signals."", ""The agreement is a long-term policy signal, not an immediate market driver for ETS prices."", ""Political agreement on the 8th Environment Action Programme may signal regulatory momentum but doesn\u2019t directly impact short-term EU ETS price volatility.""]",3,1.0,-0.3,-0.3,"[3, 3, 3]"
4085,https://www.etftrends.com/china-insights-channel/everything-advisors-need-to-know-about-the-keua-share-split/,https://www.etftrends.com/china-insights-channel/everything-advisors-need-to-know-about-the-keua-share-split/amp/,Everything Advisors Need to Know About the KEUA Share Split,2021-12-07,,etftrends.com,English,China,1,6,eu_ets_strong,NO,-1,"[""NO"", ""NO"", ""NO""]","[""Share split has negligible direct impact on EU ETS pricing unless tied to broader market sentiment or regulatory changes."", ""Share split has negligible direct impact on EU ETS pricing as it\u2019s a corporate action unrelated to emissions trading mechanics."", ""Share split news is unlikely to directly impact EU ETS pricing unless tied to broader market sentiment or regulatory changes.""]",2,1.0,-0.2,-0.2,"[2, 2, 2]"
4091,https://www.eenews.net/articles/carbon-prices-long-in-the-dumps-surge-in-u-s-and-europe/,,"Carbon prices , long in the dumps , surge in U . S . and Europe",2021-12-09,https://static.politico.com/33/6c/4c090a3e422d8647c5531e0d86ef/cw-1209-storrow-energytransitions-1160-01.jpg,eenews.net,English,United States,2,4,eu_context;carbon_terms=2,YES,1,"[""YES"", ""YES"", ""YES""]","[""Surge in U.S. and Europe suggests demand-side strength may lift EU ETS prices despite recent lulls."", ""Short-term surge in U.S. and Europe may trigger EU ETS rebound due to renewed demand and policy tightening."", ""Short-term EU ETS price surge likely due to U.S. and European market dynamics and policy shifts.""]",7,1.0,0.7,0.7,"[7, 7, 7]"
4097,https://menafn.com/1103340316/European-gas-tightness-to-persist&source=138,,European gas tightness to persist,2021-12-11,https://menafn.com/updates/pr/2021-12/10/I_6b770image_story.jpg,menafn.com,English,Qatar,2,3,eu_context;energy_driver,YES,1,"[""YES"", ""YES"", ""YES""]","[""Gas tightness increases demand for carbon-intensive energy, pressuring EU ETS prices upward."", ""Gas tightness reinforces demand pressure on EU ETS prices through higher energy costs and reduced flexibility."", ""Gas tightness increases demand for carbon-intensive energy, pushing EU ETS prices higher.""]",7,1.0,0.7,0.7,"[7, 7, 7]"
4103,https://www.thejournal.ie/report-meat-and-dairy-emissions-ireland-5624660-Dec2021/,,Two Irish companies accounted for 7 . 5 % of emissions from EU beef sector in 2018,2021-12-13,https://img2.thejournal.ie/article/5624660/river/?&version=5625034,thejournal.ie,English,Ireland,2,4,eu_context;carbon_terms=2,NO,-1,"[""NO"", ""NO"", ""NO""]","[""Irish beef emissions data from 2018 is outdated and doesn't reflect current regulatory or market dynamics affecting EU ETS pricing."", ""Irish beef emissions data from 2018 is outdated and may not reflect current market dynamics or policy shifts affecting EU ETS pricing."", ""Irish beef emissions data from 2018 is outdated and unlikely to influence current EU ETS pricing trends significantly.""]",3,1.0,-0.3,-0.3,"[3, 3, 3]"
4109,https://kelo.com/2021/12/15/eu-to-clamp-down-on-domestic-methane-emissions-from-oil-and-gas/,,EU to clamp down on domestic methane emissions from oil and gas,2021-12-15,https://storage.googleapis.com/media.mwcradio.com/mimesis/2021-12/15/2021-12-15T114411Z_1_LYNXMPEHBE0IM_RTROPTP_3_CLIMATE-CHANGE-EU.JPG,kelo.com,English,United States,2,5,eu_context;carbon_terms=2;energy_driver,YES,1,"[""YES"", ""YES"", ""YES""]","[""Stricter methane regulations could increase compliance costs and reduce emissions, potentially boosting EU ETS demand."", ""Methane emissions are a potent GHG, and stricter domestic controls could trigger compliance costs and market signals that boost EU ETS prices."", ""Stricter methane regulations could increase compliance costs and reduce emissions, potentially boosting EU ETS demand.""]",7,1.0,0.7,0.7,"[7, 7, 7]"
4115,https://www.eureporter.co/environment/methane/2021/12/17/commission-proposes-new-eu-framework-to-decarbonize-gas-markets-promote-hydrogen-and-reduce-methane-emissions/,,"Commission proposes new EU framework to decarbonize gas markets , promote hydrogen and reduce methane emissions",2021-12-17,https://www.eureporter.co/wp-content/uploads/2021/12/Hydrogen.jpg,eureporter.co,English,United Kingdom,2,7,eu_context;carbon_terms=4;energy_driver,YES,1,"[""YES"", ""YES"", ""YES""]","[""New regulatory framework could boost carbon pricing via stricter emissions targets and hydrogen incentives."", ""New framework could boost compliance costs and hydrogen demand, lifting EU ETS prices."", ""New regulatory framework may boost demand for carbon credits and hydrogen, lifting EU ETS prices short-term.""]",7,1.0,0.7,0.7,"[7, 7, 7]"
4121,https://cointelegraph.com/news/carbon-neutral-bitcoin-new-approach-aims-to-help-investors-offset-btc-carbon-emissions,https://cointelegraph.com/news/carbon-neutral-bitcoin-new-approach-aims-to-help-investors-offset-btc-carbon-emissions/amp,Carbon - neutral Bitcoin ? New approach aims to help investors offset BTC carbon emissions,2021-12-19,https://images.cointelegraph.com/images/1200_aHR0cHM6Ly9zMy5jb2ludGVsZWdyYXBoLmNvbS91cGxvYWRzLzIwMjEtMTIvMTIxMDJhOTktOGNkMS00NWY4LTk0Y2EtZTA4M2VjNmI5MmEzLmpwZw==.jpg,cointelegraph.com,English,China,1,3,carbon_terms=3,NO,-1,"[""NO"", ""NO"", ""NO""]","[""May introduce new offsets but doesn\u2019t guarantee price stability or immediate market impact."", ""New offsetting approaches may slightly influence investor sentiment but won\u2019t materially shift EU ETS prices."", ""New carbon offsetting initiatives may slightly influence investor sentiment but won\u2019t decisively alter short-term EU ETS pricing.""]",5,1.0,-0.5,-0.5,"[5, 5, 5]"
4127,https://www.pnas.org/content/118/52/e2109912118,,The effectiveness of China regional carbon market pilots in reducing firm emissions,2021-12-21,https://www.pnas.org/sites/default/files/highwire/pnas/118/52.cover-source.jpg,pnas.org,English,United States,1,4,carbon_terms=4,NO,-1,"[""NO"", ""NO"", ""NO""]","[""May influence long-term EU ETS dynamics via global emissions trends, but short-term price impact is indirect."", ""Limited direct impact on EU ETS pricing due to China\u2019s regional pilots being non-EU and not yet integrated into global carbon markets."", ""May influence global carbon pricing dynamics but has limited direct short-term impact on EU ETS.""]",3,1.0,-0.3,-0.3,"[3, 3, 3]"
4133,https://businessmirror.com.ph/2021/12/24/govt-eyes-procurement-of-vaccine-for-kids-below-12-after-eua-okay/,,Govt eyes procurement of vaccine for kids below 12 after EUA okay,2021-12-23,https://businessmirror.com.ph/wp-content/uploads/2020/11/BusinessMirror-BM-lettermark.jpg,businessmirror.com.ph,English,Philippines,1,8,eu_ets_strong;eu_context,NO,-1,"[""NO"", ""NO"", ""NO""]","[""Vaccine procurement for kids under 12 has minimal direct impact on EU ETS pricing, as it doesn\u2019t alter emissions trading fundamentals or policy frameworks."", ""Vaccine procurement for kids under 12 has minimal direct impact on EU ETS pricing, as it doesn\u2019t alter emissions or carbon market fundamentals."", ""Vaccine procurement for kids under 12 has minimal direct impact on EU ETS pricing, as it doesn\u2019t alter emissions or regulatory frameworks directly.""]",1,1.0,-0.1,-0.1,"[1, 1, 1]"
4139,http://www.chinaview.cn/20211225/9774aa9e5735428292e1f928adeacf90/c.html,,World Insights : How the Belt and Road is quietly improving livelihoods in Europe - Xinhua,2021-12-25,,chinaview.cn,English,China,2,2,eu_context,NO,-1,"[""NO"", ""NO"", ""NO""]","[""No direct link to EU ETS market mechanics or carbon pricing dynamics."", ""Carbon trading relevance is minimal as this headline focuses on socioeconomic impacts unrelated to emissions markets."", ""No direct link to EU ETS market mechanics or carbon pricing dynamics.""]",1,1.0,-0.1,-0.1,"[1, 2, 1]"
4145,https://www.hellenicshippingnews.com/asian-lng-diverted-to-europe-after-bullish-energy-price-surge/,https://www.hellenicshippingnews.com/asian-lng-diverted-to-europe-after-bullish-energy-price-surge/amp/,Asian LNG diverted to Europe after bullish energy price surge | Hellenic Shipping News Worldwide,2021-12-27,,hellenicshippingnews.com,English,China,2,4,eu_context;carbon_terms=1;energy_driver,YES,1,"[""YES"", ""YES"", ""YES""]","[""LNG diversion to Europe increases demand pressure on EU ETS, potentially boosting prices."", ""LNG diversion to Europe increases demand pressure on EU ETS, potentially boosting prices."", ""LNG diversion to Europe boosts demand and supports higher energy prices, potentially uplifting EU ETS prices.""]",7,1.0,0.7,0.7,"[7, 7, 7]"
4151,https://www.jpost.com/business-and-innovation/article-690221,https://m.jpost.com/business-and-innovation/article-690221,Airlines have a recipe to reach zero emissions by 2050 : Cooking oil,2021-12-30,"https://images.jpost.com/image/upload/f_auto,fl_lossy/t_JD_ArticleMainImageFaceDetect/491751",jpost.com,English,Israel,1,3,carbon_terms=2;energy_driver,NO,-1,"[""NO"", ""NO"", ""NO""]","[""The headline\u2019s metaphorical reference to \""cooking oil\"" suggests a misleading or unserious approach to decarbonization, potentially undermining investor confidence in aviation\u2019s ETS compliance."", ""The headline's metaphorical reference to \""cooking oil\"" suggests a misleading or oversimplified approach, potentially underestimating the complexity of decarbonization, which could dampen investor confidence."", ""The headline\u2019s metaphorical \""recipe\"" and \""cooking oil\"" suggest a misleading or satirical take on aviation decarbonization, likely reducing market credibility and investor confidence.""]",3,1.0,-0.3,-0.3,"[3, 3, 2]"
4157,https://www.dailyrepublic.com/all-dr-news/wires/business/airlines-have-a-recipe-to-reach-zero-emissions-by-2050-the-key-ingredient-cooking-oil/,,Airlines have a recipe to reach zero emissions by 2050 . The key ingredient : cooking oil,2022-01-02,https://www.dailyrepublic.com/files/2021/12/BIZ-AIRLINES-EMISSIONS-COOKINGOIL-MCT.jpg,dailyrepublic.com,English,United States,1,3,carbon_terms=2;energy_driver,NO,-1,"[""NO"", ""NO"", ""NO""]","[""It\u2019s a distraction from real emissions reduction efforts and may not meaningfully impact EU ETS pricing."", ""Cooking oil as a fuel is not a scalable or economically viable solution for aviation decarbonization under EU ETS."", ""It\u2019s a misleading headline; cooking oil isn\u2019t a viable zero-emission solution for aviation and likely won\u2019t affect EU ETS prices materially.""]",3,1.0,-0.3,-0.3,"[3, 3, 3]"
4163,https://www.frontiersin.org/articles/10.3389/fenvs.2021.824298/full,,"Frontiers | Carbon Emission Trading Scheme , Carbon Emissions Reduction and Spatial Spillover Effects : Quasi - Experimental Evidence From China",2022-01-04,https://www.frontiersin.org/files/MyHome%20Article%20Library/824298/824298_Thumb_400.jpg,frontiersin.org,English,United States,1,4,carbon_terms=4,NO,-1,"[""NO"", ""NO"", ""NO""]","[""Limited direct relevance to EU ETS pricing due to China\u2019s market being separate and not directly linked to EU regulations."", ""Limited direct relevance to EU ETS pricing due to China\u2019s different market structure and policy framework."", ""China\u2019s quasi-experimental evidence on spatial spillovers may influence EU ETS policy but not immediate price direction.""]",3,1.0,-0.3,-0.3,"[3, 3, 3]"
4169,https://houstonianonline.com/gas-price-continues-to-fall-as-lng-ships-sail-to-europe/,,Gas price continues to fall as LNG ships sail to Europe,2022-01-06,,houstonianonline.com,English,United States,2,4,eu_context;carbon_terms=1;energy_driver,NO,-1,"[""NO"", ""NO"", ""NO""]","[""LNG shipments to Europe may reduce domestic gas prices, potentially lowering demand for carbon-intensive alternatives and easing ETS pressure."", ""LNG arrivals may ease European gas price pressure, potentially reducing ETS compliance costs for firms."", ""LNG shipments to Europe may reduce domestic gas prices, potentially lowering emissions intensity and easing EU ETS pressure.""]",6,1.0,-0.6,-0.6,"[6, 6, 6]"
4175,https://www.theguardian.com/environment/2022/jan/09/brexit-decision-left-uk-firms-paying-10-more-than-eu-rivals-for-emissions,https://amp.theguardian.com/environment/2022/jan/09/brexit-decision-left-uk-firms-paying-10-more-than-eu-rivals-for-emissions,Brexit decision left united kingdom firms paying 10 % more than EU rivals for emissions,2022-01-09,https://i.guim.co.uk/img/media/01e028b746870201f5f78e8888f4dcaaaca971f7/0_191_5100_3060/master/5100.jpg?&quality=85&auto=format&fit=crop&overlay-align=bottom%2Cleft&overlay-width=100p&overlay-base64=L2ltZy9zdGF0aWMvb3ZlcmxheXMvdGctZGVmYXVsdC5wbmc&enable=upscale&s=ef2d4c47376f8482313fc807e2314668,theguardian.com,English,United Kingdom,1,4,eu_context;carbon_terms=2,YES,1,"[""YES"", ""YES"", ""YES""]","[""UK firms\u2019 higher emissions costs create competitive pressure, likely driving EU ETS prices up as firms seek to offset costs."", ""UK firms\u2019 higher emissions costs create competitive pressure, potentially boosting EU ETS prices as firms seek to offset costs."", ""UK firms\u2019 higher emissions costs create competitive pressure, potentially driving EU ETS prices up as firms seek to offset cost disadvantages.""]",7,1.0,0.7,0.7,"[8, 7, 7]"
4181,https://news.webindia123.com/news/press_showdetailsPR.asp?id=1229804&cat=PR%20News%20Wire,,Net Zero Markets to launch Global Carbon Emission Reduction contract with EEX and ACX - PRN India News,2022-01-11,,news.webindia123.com,English,India,1,9,eu_ets_strong;carbon_terms=3,NO,-1,"[""NO"", ""NO"", ""NO""]","[""Global carbon contract launch may signal increased market activity but lacks immediate impact on EU ETS pricing."", ""Global carbon contract launch may signal market expansion but lacks immediate EU ETS linkage or regulatory weight."", ""Global carbon contract launch may signal market expansion but lacks immediate ETS price linkage or regulatory impact.""]",3,1.0,-0.3,-0.3,"[3, 3, 3]"
4187,https://www.japantimes.co.jp/news/2022/01/13/world/eu-shipping-plan-emissions/,,"EU shipping plan leaves millions of tons of carbon dioxide unregulated , study says",2022-01-13,https://cdn-japantimes.com/wp-content/uploads/2022/01/np_file_135053-870x489.jpeg,japantimes.co.jp,English,Japan,1,3,eu_context;carbon_terms=1,NO,-1,"[""NO"", ""NO"", ""NO""]","[""EU shipping emissions remain unregulated under current ETS rules, potentially pressuring prices downward."", ""Unregulated shipping emissions could drive up EU ETS compliance costs and trigger market adjustments."", ""EU shipping emissions are now partially regulated under the EU ETS, but the new plan may not fully cover all emissions, potentially limiting price pressure.""]",7,1.0,-0.7,-0.7,"[7, 7, 7]"
4193,https://seekingalpha.com/article/4450028-the-new-market-for-carbon-offsets,https://seekingalpha.com/amp/article/4450028-the-new-market-for-carbon-offsets,The New Market For Carbon Offsets,2022-01-15,https://static.seekingalpha.com/cdn/s3/uploads/getty_images/183039655/medium_image_183039655.jpg,seekingalpha.com,English,United States,1,2,carbon_terms=2,NO,-1,"[""NO"", ""NO"", ""NO""]","[""Carbon offsets market expansion may dilute EU ETS price pressure but doesn't yet signal immediate short-term direction."", ""May indicate increased carbon market complexity but not immediate price shift."", ""Carbon offsets may dilute EU ETS price signals but don\u2019t yet materially impact short-term trading.""]",3,1.0,-0.3,-0.3,"[3, 3, 3]"
4199,https://www.mondaq.com/marine-shipping/1151558/eu-proposal-to-include-shipping-in-the-emissions-trading-scheme,,EU Proposal To Include Shipping In The Emissions Trading Scheme - Transport,2022-01-19,,mondaq.com,English,United States,1,5,eu_context;carbon_terms=3,YES,1,"[""YES"", ""YES"", ""YES""]","[""Expanding the EU ETS to include shipping could increase demand for allowances and boost prices in the short term."", ""Shipping sector emissions inclusion could significantly increase EU ETS demand and price pressure."", ""Expanding the ETS to include shipping could increase compliance costs and drive up prices in the short term.""]",8,1.0,0.8,0.8,"[8, 8, 8]"
4205,https://www.universityworldnews.com/post.php?story=20220121143311811,,European degree at heart of EU strategy for universities,2022-01-21,https://www.universityworldnews.com/images/uwn-ball-320.png,universityworldnews.com,English,United States,1,2,eu_context,NO,-1,"[""NO"", ""NO"", ""NO""]","[""EU university strategy has negligible direct impact on EU ETS price dynamics."", ""University degree policies have minimal direct impact on EU ETS price dynamics."", ""University degree policies have negligible direct impact on EU ETS price dynamics.""]",1,1.0,-0.1,-0.1,"[1, 2, 1]"
4211,https://shippingwatch.com:443/regulation/article13669675.ece,https://m.shippingwatch.com/regulation/article13669675.ece,Container lines criticize changes to EU ETS proposal for shipping,2022-01-24,,shippingwatch.com,English,South Korea,1,8,eu_ets_strong;eu_context,NO,-1,"[""NO"", ""NO"", ""NO""]","[""Shipping sector backlash may pressure policymakers to soften ETS rules, potentially affecting price volatility."", ""Shipping sector backlash may pressure policy, but short-term ETS price impact is likely muted."", ""Shipping sector backlash may pressure policymakers to delay or modify ETS rules, affecting short-term price volatility.""]",6,1.0,-0.6,-0.6,"[6, 6, 6]"
4217,https://www.lewrockwell.com/2022/01/no_author/big-pharma-conglomerate-with-a-criminal-record-pfizer-takes-over-the-eu-vaccine-market-1-8-billion-doses/,,Big Pharma Conglomerate with a Criminal Record : Pfizer  Takes Over  the EU Vaccine Market . 1 . 8 Billion Doses,2022-01-26,,lewrockwell.com,English,United States,1,3,eu_context;carbon_terms=1,NO,-1,"[""NO"", ""NO"", ""NO""]","[""Pfizer\u2019s vaccine dominance could reduce EU ETS emissions from biotech manufacturing, potentially lowering carbon price pressure short-term."", ""Pfizer\u2019s vaccine dominance may reduce demand for carbon-intensive alternatives, potentially lowering EU ETS emissions and supporting price stability."", ""Pfizer\u2019s vaccine dominance may reduce EU ETS demand for carbon-intensive alternatives, but short-term price impact is uncertain due to market adaptation.""]",7,1.0,-0.7,-0.7,"[7, 7, 7]"
4223,https://www.seatrade-maritime.com/regulation/greek-shipowners-welcome-proposed-eu-ets-changes,,Greek shipowners welcome proposed EU ETS changes,2022-01-31,https://www.seatrade-maritime.com/sites/seatrade-maritime.com/files/euflagsnew.jpg,seatrade-maritime.com,English,China,1,8,eu_ets_strong;eu_context,NO,-1,"[""NO"", ""NO"", ""NO""]","[""Greek shipowners\u2019 welcome may signal industry support, but does not yet imply significant price movement in EU ETS."", ""Greek shipowners' welcome may signal industry support but doesn't yet imply immediate price movement."", ""Greek shipowners\u2019 welcome may signal industry support, but doesn\u2019t directly alter EU ETS price mechanics.""]",3,1.0,-0.3,-0.3,"[3, 3, 3]"
4229,https://www.pharmaceutical-technology.com/news/pfizer-biontech-vaccine-children/,,Pfizer and BioNTech seek FDA EUA for Covid - 19 vaccine use in children,2022-02-02,https://www.pharmaceutical-technology.com/wp-content/uploads/sites/24/2022/02/covid-19-vaccine-5902833_1280-1038x720.jpg,pharmaceutical-technology.com,English,,1,8,eu_ets_strong;eu_context,NO,-1,"[""NO"", ""NO"", ""NO""]","[""Vaccine approval for children is unlikely to have direct impact on EU ETS pricing due to limited carbon trading relevance."", ""Vaccine approval for children may slightly increase demand for healthcare services, but has negligible direct impact on EU ETS pricing."", ""Vaccine approval for children may influence public health policy but has minimal direct impact on EU ETS pricing.""]",2,1.0,-0.2,-0.2,"[2, 2, 2]"
4235,https://thepeninsulaqatar.com/article/29/11/2012/obama-rejects-eu-aviation-carbon-regime,,Obama rejects EU aviation carbon regime,2022-02-06,,thepeninsulaqatar.com,English,Qatar,1,3,eu_context;carbon_terms=1,NO,-1,"[""NO"", ""NO"", ""NO""]","[""Obama\u2019s rejection signals potential U.S. policy divergence, but EU ETS is primarily driven by EU member states\u2019 compliance."", ""Obama's rejection may signal U.S. non-compliance, but EU ETS is primarily driven by EU policy and market dynamics."", ""Obama's rejection of the EU aviation carbon regime has limited direct impact on EU ETS pricing, as the regime was never implemented.""]",3,1.0,-0.3,-0.3,"[3, 5, 3]"
4241,https://www.malaymail.com/news/money/2022/02/08/italy-expects-eu-carbon-price-to-trade-around-80-per-tonne-this-year/2040107,https://www.malaymail.com/amp/news/money/2022/02/08/italy-expects-eu-carbon-price-to-trade-around-80-per-tonne-this-year/2040107,Italy expects EU carbon price to trade around €80 per tonne this year | Money,2022-02-08,https://media2.malaymail.com/resize_cache/uploads/articles/2019/2019-03/euro_bank_notes_afp_20190322-seo.jpg,malaymail.com,English,United States,1,4,eu_context;carbon_terms=2,NO,-1,"[""NO"", ""NO"", ""NO""]","[""Italy\u2019s expectation of \u20ac80/tonne may reflect local policy or market sentiment but doesn\u2019t guarantee broader EU ETS price direction."", ""Italy\u2019s expectation of \u20ac80/tonne may reflect local market sentiment but doesn\u2019t guarantee EU-wide price movement."", ""Italy\u2019s expectation of \u20ac80/tonne may reflect local policy or market sentiment but doesn\u2019t imply a broad EU ETS price direction.""]",6,1.0,-0.6,-0.6,"[6, 6, 5]"
4247,https://www.mayerbrown.com/en/perspectives-events/publications/2022/02/europe-daily-news/europe-daily-news-feb0922,,"Europe Daily News , 09 February 2022 | Perspectives & Events",2022-02-10,,mayerbrown.com,English,United States,1,2,eu_context,NO,-1,"[""NO"", ""NO"", ""NO""]","[""Lack of specific event or data in headline to gauge immediate price movement."", ""Lack of specific event details in headline limits actionable insight for short-term price movement."", ""Lack of specific event details in headline limits actionable insight.""]",3,1.0,-0.3,-0.3,"[3, 3, 3]"
4253,https://www.offshore-energy.biz/two-shipping-measures-could-interfere-with-eus-fit-for-55-plans-report-shows/,,"Two shipping measures could interfere with EU  Fit for 55  plans , report shows",2022-02-14,https://cdn.offshorewind.biz/wp-content/uploads/sites/6/2022/02/14095007/Two-shipping-measures-could-interfere-with-EUs-Fit-for-55-plans-report-shows.jpg,offshore-energy.biz,English,,1,8,eu_ets_strong;eu_context,NO,-1,"[""NO"", ""NO"", ""NO""]","[""Shipping measures may constrain EU ETS flexibility but likely won\u2019t derail Fit for 55."", ""Shipping measures may disrupt EU ETS compliance but likely won\u2019t cause sharp price swings."", ""Shipping measures may constrain EU ETS flexibility but are unlikely to cause immediate price collapse.""]",6,1.0,-0.6,-0.6,"[6, 5, 6]"
4259,https://mondovisione.com/media-and-resources/news/eex-updates-2022-auction-calendar-for-emissions-auctions/,,EEX Updates 2022 Auction Calendar For Emissions Auctions,2022-02-16,,mondovisione.com,English,United States,1,10,eu_ets_strong;carbon_terms=4,NO,-1,"[""NO"", ""NO"", ""NO""]","[""Auction calendar update is a procedural change with limited direct impact on market pricing."", ""Auction calendar update is a procedural change with limited direct impact on market fundamentals or price drivers."", ""Auction calendar update may influence market expectations but doesn't directly alter price fundamentals.""]",3,1.0,-0.3,-0.3,"[3, 3, 3]"
4265,https://invezz.com/news/2022/02/18/where-to-buy-eurasia-mining-stock-eua-it-has-gained-4-today/,https://invezz.com/news/2022/02/18/where-to-buy-eurasia-mining-stock-eua-it-has-gained-4-today/?amp,Where to buy Eurasia Mining stock ( EUA ): it has gained 4 % today,2022-02-18,https://invezz.com/wp-content/uploads/2022/02/where-to-buy-eurasia-mining-stock-eua-it-has-gained-4-today.jpg,invezz.com,English,United Kingdom,1,8,eu_ets_strong;eu_context,NO,-1,"[""NO"", ""NO"", ""NO""]","[""Eurasia Mining's stock performance is unrelated to EU ETS price movements."", ""Eurasia Mining's stock performance is unrelated to EU ETS price movements."", ""Eurasia Mining\u2019s stock performance is unrelated to EU ETS price movements.""]",2,1.0,-0.2,-0.2,"[2, 2, 2]"
4271,https://zeenews.india.com/india/serum-institute-seeks-eua-for-covovax-covid-19-vaccine-for-12-17-years-age-group-2438554.html,https://zeenews.india.com/india/serum-institute-seeks-eua-for-covovax-covid-19-vaccine-for-12-17-years-age-group-2438554.html/amp,Serum Institute seeks EUA for Covovax Covid - 19 vaccine for 12 - 17 years age group,2022-02-21,https://english.cdn.zeenews.com/sites/default/files/2022/02/21/1016551-covax-emergency-use-autorisation.jpg,zeenews.india.com,English,India,1,8,eu_ets_strong;eu_context,NO,-1,"[""NO"", ""NO"", ""NO""]","[""EUA approval for Covovax in teens is unlikely to significantly affect EU ETS prices due to minimal direct carbon trading linkage."", ""EUA approval for a specific age group may not directly affect EU ETS pricing unless it triggers broader regulatory or market sentiment shifts."", ""EUA approval for Covovax in teens is unlikely to significantly impact EU ETS prices due to minimal direct carbon trading relevance.""]",2,1.0,-0.2,-0.2,"[2, 2, 2]"
4277,https://www.mondaq.com/renewables/1162056/eu-adopts-revised-guidelines-on-state-aid-for-climate-environmental-protection-and-energy,,"EU Adopts Revised Guidelines On State Aid For Climate , Environmental Protection And Energy - Energy and Natural Resources",2022-02-23,,mondaq.com,English,United States,1,2,eu_context,YES,1,"[""YES"", ""YES"", ""YES""]","[""Revised state aid guidelines may incentivize green investments, potentially boosting demand for EU ETS allowances."", ""Revised state aid guidelines may incentivize green investments, potentially boosting demand for EU ETS allowances."", ""Revised state aid guidelines may incentivize green investments, potentially boosting EU ETS demand.""]",7,1.0,0.7,0.7,"[7, 7, 7]"
4283,https://www.etribuna.com/eportale/it/2014-03-20-23-48-00/37596-eu-norway-on-climate,/eportale/it/2014-03-20-23-48-00/37596-eu-norway-on-climate/amp,EU - Norway on Climate,2022-02-25,,etribuna.com,English,Italy,1,2,eu_context,NO,-1,"[""NO"", ""NO"", ""NO""]","[""Norway\u2019s climate policy alignment with EU ETS may offer minor indirect support but lacks immediate market impact."", ""Norway\u2019s climate policy alignment with EU ETS may slightly influence prices, but lacks immediate market impact."", ""Norway\u2019s climate policy alignment with EU ETS may influence future emissions trading dynamics but lacks immediate market impact.""]",3,1.0,-0.3,-0.3,"[3, 3, 3]"
4289,https://www.prnewswire.com:443/news-releases/europes-carbon-border-adjustment-mechanism-report-2021-prospects-for-russian-suppliers-russias-potential-response-301493848.html,,"Europe Carbon Border Adjustment Mechanism Report 2021 : Prospects for Russian Suppliers , Russia Potential Response",2022-03-02,,prnewswire.com,English,United States,1,9,eu_ets_strong;eu_context;carbon_terms=1,NO,-1,"[""NO"", ""NO"", ""NO""]","[""Russian suppliers may face higher compliance costs, potentially reducing EU import volumes but not immediately impacting ETS prices."", ""Russia\u2019s potential response may affect EU ETS compliance costs but doesn\u2019t immediately alter price direction."", ""Russia\u2019s potential response may affect EU ETS pricing via supply chain disruptions or trade adjustments, but short-term impact is uncertain.""]",5,1.0,-0.5,-0.5,"[5, 5, 5]"
4295,https://www.dailyexcelsior.com/govt-panel-recommends-eua-for-covid-vaccine-covovax-for-12-17-age-group/,,Govt panel recommends EUA for Covid vaccine Covovax for 12 - 17 age group - Jammu Kashmir Latest News | Tourism,2022-03-04,https://www.dailyexcelsior.com/wp-content/uploads/2022/03/injection.jpg,dailyexcelsior.com,English,India,1,8,eu_ets_strong;eu_context,NO,-1,"[""NO"", ""NO"", ""NO""]","[""Covovax vaccine approval for 12-17 year olds is unrelated to EU ETS market dynamics or carbon pricing."", ""Covovax vaccine approval for 12-17 year olds is unrelated to EU ETS market dynamics or carbon pricing."", ""No direct link to EU ETS pricing as Covovax is unrelated to carbon markets or emissions trading.""]",1,1.0,-0.1,-0.1,"[1, 1, 1]"
4301,https://www.globaltimes.cn/page/202203/1254082.shtml,,European businesses hold high expectations for Chinese market,2022-03-06,https://www.globaltimes.cn/Portals/0/attachment/2022/2022-03-06/0a1bb165-6441-497a-bfb6-1e298ab827ad.jpeg,globaltimes.cn,English,China,2,3,eu_context;carbon_terms=1,NO,-1,"[""NO"", ""NO"", ""NO""]","[""Chinese market sentiment has limited direct impact on EU ETS pricing, as ETS is primarily driven by EU policy and emissions compliance."", ""Chinese market expectations have limited direct impact on EU ETS pricing, as ETS is primarily driven by EU policy and emissions trading dynamics."", ""Chinese market expectations have limited direct impact on EU ETS pricing due to regulatory and market separation.""]",3,1.0,-0.3,-0.3,"[3, 3, 3]"
4307,https://menafn.com/1103805585/Carbon-prices-in-the-EU-crash-despite-rising-fossil-fuel-prices&source=138,,Carbon prices in the EU crash despite rising fossil fuel pri ... ,2022-03-08,https://menafn.com/updates/pr/2022-03/07/I_65826image_story.jpg,menafn.com,English,Qatar,1,4,eu_context;carbon_terms=2,NO,-1,"[""NO"", ""NO"", ""NO""]","[""Fossil fuel price rises typically support carbon prices, so a crash suggests policy or market disruption."", ""Fossil fuel price rises typically support carbon prices, so a crash suggests policy or market disruption."", ""Fossil fuel price rises typically support carbon prices, so a crash suggests policy or market disruption.""]",8,1.0,-0.8,-0.8,"[8, 8, 8]"
4313,https://www.eco-business.com/news/europe-ditching-russia-gas-could-price-out-emerging-asia-buyers-spur-renewables/,,"Europe ditching Russia gas could price out emerging Asia buyers , spur renewables",2022-03-10,https://eco-business.imgix.net/ebmedia/fileuploads/LNG_ship.jpg?fit=crop&ixlib=django-1.2.0&q=85,eco-business.com,English,China,2,4,eu_context;carbon_terms=1;energy_driver,NO,-1,"[""NO"", ""NO"", ""NO""]","[""EU gas price volatility may reduce Asian buyers\u2019 willingness to enter EU ETS, shifting demand toward renewables."", ""Emerging Asia buyers may shift away from EU ETS due to higher costs, reducing demand and pressuring prices."", ""Emerging Asia buyers may shift toward renewables, reducing demand for EU ETS-compliant gas and pressuring prices.""]",7,1.0,-0.7,-0.7,"[7, 7, 6]"
4319,https://www.msn.com/en-gb/money/other/what-are-europe-s-energy-alternatives-now-that-russian-gas-is-off-the-cards/ar-AAUTNcA,,What are Europe energy alternatives now that Russian gas is off the cards ? ,2022-03-12,https://img-s-msn-com.akamaized.net/tenant/amp/entityid/AAUTAYD.img?&m=6&q=60&o=t&l=f&f=jpg,msn.com,English,United States,2,3,eu_context;energy_driver,YES,1,"[""YES"", ""YES"", ""YES""]","[""Shift toward renewables and LNG may boost demand and price volatility in EU ETS."", ""Shift to renewables and LNG may temporarily spike prices due to supply uncertainty and transition costs."", ""Shift to renewables and LNG may temporarily spike prices as supply chains adjust.""]",7,1.0,0.7,0.7,"[7, 7, 7]"
4325,https://www.expatica.com/es/uncategorized/spain-an-option-as-eu-tries-to-cut-reliance-on-russian-gas-180182/,,Spain an option as EU tries to cut reliance on Russian gas,2022-03-14,https://www.expatica.com/app/uploads/sites/2/2018/06/ES-homepage-hero-e1575379738800.jpg,expatica.com,English,Russia,2,3,eu_context;energy_driver,NO,-1,"[""NO"", ""NO"", ""NO""]","[""Spain\u2019s potential role in gas diversification may slightly affect EU ETS demand but not decisively alter short-term prices."", ""Spain\u2019s potential role in gas diversification may indirectly affect EU ETS pricing via energy policy shifts, but no direct link to carbon pricing is evident."", ""Spain\u2019s potential role in gas diversification may slightly affect EU ETS demand but not decisively alter short-term prices.""]",5,1.0,-0.5,-0.5,"[5, 5, 5]"
4331,https://www.euronews.com/green/2022/03/16/eu-s-proposed-co2-emissions-tariff-is-a-major-step-forward-in-the-fight-against-climate-ch,,World first CO2 emissions tariff to be introduced in the EU by 2026,2022-03-16,https://static.euronews.com/articles/stories/06/54/72/04/1000x563_cmsv2_60486f32-0d27-51c5-9dc9-2987dd1a8239-6547204.jpg,euronews.com,English,United States,2,4,eu_context;carbon_terms=2,YES,1,"[""YES"", ""YES"", ""YES""]","[""EU emissions tariff may increase carbon pricing pressure and boost ETS demand."", ""EU emissions tariff may increase compliance costs and boost ETS demand by 2026."", ""EU emissions tariff may increase compliance costs and drive demand for carbon credits, boosting ETS prices.""]",7,1.0,0.7,0.7,"[7, 7, 7]"
4337,https://www.raconteur.net/infrastructure/carbon-adjustment-mechanism-impacts/,,How Europe new carbon adjustment mechanism will impact global infrastructure,2022-03-18,https://www.raconteur.net/wp-content/uploads/2022/03/Web-images-Mar-2022-12.jpg,raconteur.net,English,United Kingdom,1,3,eu_context;carbon_terms=1,NO,-1,"[""NO"", ""NO"", ""NO""]","[""EU ETS adjustments may influence domestic pricing but have limited direct global infrastructure ripple effects."", ""EU ETS adjustments may indirectly affect global infrastructure via trade, but direct price impact is unlikely."", ""The mechanism may influence EU ETS prices indirectly via carbon pricing signals, but global infrastructure impacts are diffuse and delayed.""]",3,1.0,-0.3,-0.3,"[3, 3, 3]"
4343,https://hub-4.com/news/kohler-engines-approves-use-of-hvo-for-all-its-diesel-engines-in-europe,,KOHLER Engines approves use of HVO for all its Diesel engines in Europe . ,2022-03-20,,hub-4.com,English,United Kingdom,2,2,eu_context,YES,1,"[""YES"", ""YES"", ""YES""]","[""HVO use reduces emissions, potentially boosting EU ETS compliance and pricing."", ""HVO use by KOHLER reduces diesel emissions, potentially lowering EU ETS compliance costs and influencing market sentiment."", ""HVO use by KOHLER reduces diesel emissions, potentially lowering EU ETS compliance costs and signaling broader decarbonization trends.""]",7,1.0,0.7,0.7,"[7, 7, 7]"
4349,https://www.maritime-executive.com/article/inland-shipping-to-make-carbon-capture-available-in-northern-europe,,Inland Shipping to Make Carbon Capture Available in Northern Europe,2022-03-22,https://www.maritime-executive.com/media/images/article/Photos/Vessels_Small/Inland-barge-Victrol.a1350e.jpg,maritime-executive.com,English,United States,2,3,eu_context;carbon_terms=1,NO,-1,"[""NO"", ""NO"", ""NO""]","[""Carbon capture availability for inland shipping is unlikely to materially affect EU ETS prices in the short term due to limited scope and low emissions volume."", ""Carbon capture availability for inland shipping may have limited direct impact on EU ETS prices due to low volume and indirect emissions."", ""Carbon capture availability for inland shipping may have limited direct impact on EU ETS pricing due to low volume and indirect emissions.""]",3,1.0,-0.3,-0.3,"[3, 3, 3]"
4355,https://www.msn.com/en-us/news/world/biden-and-europeans-to-announce-major-plan-to-redirect-gas-to-europe/ar-AAVqtT5,,Biden and Europeans to announce major plan to redirect gas to Europe,2022-03-24,https://img-s-msn-com.akamaized.net/tenant/amp/entityid/AAVpcY3.img?&m=6&q=60&o=t&l=f&f=jpg&x=759&y=911,msn.com,English,United States,2,3,eu_context;energy_driver,YES,1,"[""NO"", ""YES"", ""YES""]","[""Redirecting gas to Europe could boost demand and support EU ETS prices, but timing and scale are uncertain."", ""Redirecting gas to Europe may reduce EU reliance on carbon-intensive imports, boosting ETS demand."", ""Redirecting gas to Europe may reduce EU reliance on volatile imports, potentially lowering emissions and supporting ETS price stability.""]",8,0.6666666666666666,0.8,0.5333333333333333,"[7, 8, 7]"
4361,https://www.morningbrew.com/daily/stories/2022/03/25/europe-scrambles-to-shore-up-gas-supplies,,Europe scrambles to shore up gas supplies as it tries to break energy ties with Russia,2022-03-26,"https://cdn.sanity.io/images/bl383u0v/production/165cf477ddf15f3efdb94e4f4abbd336d1605bdc-1200x675.jpg?rect=0,22,1200,630&q=70",morningbrew.com,English,,2,3,eu_context;energy_driver,NO,-1,"[""NO"", ""NO"", ""NO""]","[""Gas supply insecurity may pressure energy prices, indirectly affecting ETS demand as firms hedge against volatility."", ""Gas supply insecurity may pressure energy prices, indirectly affecting ETS volatility through increased carbon intensity."", ""Short-term gas supply uncertainty may pressure energy prices, indirectly affecting EU ETS via increased carbon intensity.""]",6,1.0,-0.6,-0.6,"[6, 6, 6]"
4367,https://www.washingtonexaminer.com/policy/energy-environment/daily-on-energy-could-boosting-shipments-of-natural-gas-to-europe-reduce-emissions,https://www.washingtonexaminer.com/policy/energy-environment/daily-on-energy-could-boosting-shipments-of-natural-gas-to-europe-reduce-emissions?_amp=true,Daily on Energy : Could boosting shipments of natural gas to Europe reduce emissions ? ,2022-03-28,http://mediadc-brightspot.s3.amazonaws.com/c8/40/016b8bca469ab82de53cd02d36c4/doe-default-0222-1060x600.png,washingtonexaminer.com,English,United States,2,5,eu_context;carbon_terms=2;energy_driver,NO,-1,"[""NO"", ""NO"", ""NO""]","[""Natural gas, while cleaner than coal, still emits CO\u2082 and may offset emissions reductions if not fully offset by other measures."", ""Natural gas shipments to Europe may lower emissions, but EU ETS pricing is more influenced by policy, carbon intensity, and market fundamentals than short-term gas shipment volume."", ""Natural gas shipments to Europe may lower emissions short-term, but EU ETS pricing is more influenced by policy and cap adjustments than fuel transport volumes.""]",5,1.0,-0.5,-0.5,"[5, 3, 5]"
4373,https://www.bnnbloomberg.ca/record-european-power-prices-show-costly-path-away-from-russia-1.1745142,https://www.bnnbloomberg.ca/record-european-power-prices-show-costly-path-away-from-russia-1.1745142.amp.html,Record European Power Prices Show Costly Path Away From Russia,2022-03-30,http://www.bnnbloomberg.ca/polopoly_fs/1.1745143!/fileimage/httpImage/image.png_gen/derivatives/landscape_620/an-electricity-transmission-tower-in-brandenburg-germany-on-thursday-march-24-2022-germany-s-ruling-coalition-reached-a-deal-on-a-second-package-of-measures-to-ease-the-burden-on-consumers-and-businesses-from-soaring-energy-costs.png,bnnbloomberg.ca,English,Canada,2,4,eu_context;carbon_terms=1;energy_driver,YES,1,"[""YES"", ""YES"", ""YES""]","[""High power price spikes signal increased carbon intensity and likely push EU ETS prices higher as firms face higher compliance costs."", ""Record power prices signal increased carbon intensity and likely higher ETS compliance costs."", ""Record prices signal rising carbon intensity and policy-driven demand for emissions reductions.""]",8,1.0,0.8,0.8,"[8, 8, 8]"
4379,https://www.energyintel.com/0000017f-defb-de7c-a57f-dffb1ee80000,https://www.energyintel.com/0000017f-defb-de7c-a57f-dffb1ee80000?_amp=true,"Europe Push for Gas , Security",2022-04-01,http://energy-intelligence-brightspot.s3.amazonaws.com/e9/3b/e6101af84b16838372c4e6bbe6cc/ss1186189150-tankers.jpg,energyintel.com,English,United States,2,3,eu_context;energy_driver,NO,-1,"[""NO"", ""NO"", ""NO""]","[""Gas security concerns may temporarily support prices but don\u2019t signal a sustained EU ETS trend."", ""Gas security concerns may temporarily support prices but don\u2019t signal long-term ETS trend shifts."", ""Gas security concerns may temporarily support prices but don't signal long-term ETS trend shifts.""]",5,1.0,-0.5,-0.5,"[5, 5, 5]"
4385,https://truthout.org/articles/as-europe-turns-away-from-russian-oil-gas-exporters-global-clout-is-increasing/,https://truthout.org/articles/as-europe-turns-away-from-russian-oil-gas-exporters-global-clout-is-increasing/?amp,"As Europe Turns Away From Russian Oil , Gas Exporter Global Clout Is Increasing",2022-04-03,https://truthout.org/wp-content/uploads/2022/04/GettyImages-1372673287-1200x675.jpg,truthout.org,English,United States,2,3,eu_context;energy_driver,NO,-1,"[""NO"", ""NO"", ""NO""]","[""Reduced EU reliance on Russian energy may signal a shift in carbon pricing dynamics, but global oil/gas export trends don't directly correlate with EU ETS price movements."", ""Shift in energy trade dynamics may affect EU ETS emissions targets but not directly impact price short-term."", ""Reduced EU reliance on Russian energy may signal a shift in global energy dynamics, but doesn\u2019t directly impact EU ETS price mechanics.""]",5,1.0,-0.5,-0.5,"[4, 5, 5]"
4391,https://www.japantimes.co.jp/news/2022/04/06/business/europe-russia-coal-energy/,,Europe Russia coal ban foreshadows higher global energy prices,2022-04-06,https://cdn-japantimes.com/wp-content/uploads/2022/04/np_file_151336-870x489.jpeg,japantimes.co.jp,English,Japan,2,4,eu_context;carbon_terms=1;energy_driver,NO,-1,"[""YES"", ""NO"", ""NO""]","[""Coal ban may trigger higher global energy costs, indirectly pressuring EU ETS via increased demand for cleaner alternatives."", ""Coal ban may push EU to buy more gas or renewables, increasing global energy demand and pricing pressure."", ""Coal ban may increase EU ETS prices via higher demand for carbon-intensive alternatives, but global energy price rise is uncertain.""]",7,0.6666666666666666,-0.7,-0.4666666666666666,"[7, 7, 7]"
4397,https://www.bloombergquint.com/business/europe-to-become-world-s-fastest-growing-lng-market-bofa-says,/amp/business/europe-to-become-world-s-fastest-growing-lng-market-bofa-says,Shale Producers Court European Buyers in Bid for Key LNG Market,2022-04-08,,bloombergquint.com,English,India,2,4,eu_context;carbon_terms=1;energy_driver,NO,-1,"[""NO"", ""NO"", ""NO""]","[""Shale producers seeking EU buyers may increase LNG supply, potentially pressuring EU ETS prices if demand shifts from carbon-intensive sectors."", ""LNG market shifts may indirectly affect EU ETS pricing via energy demand changes, but direct carbon trading impact is limited."", ""Shale producers\u2019 shift toward European LNG markets may increase supply and pressure EU ETS prices, but long-term impact is uncertain.""]",5,1.0,-0.5,-0.5,"[5, 5, 6]"
4403,"https://english.ahram.org.eg/NewsContentP/1/464390/Egypt/Egypt,-EU-agree-to-reinforce-cooperation-on-LNG,-g.aspx",,"Egypt , EU agree to reinforce cooperation on LNG , green hydrogen - Foreign Affairs - Egypt",2022-04-10,https://english.ahram.org.eg/Media/News/2022/4/10/41_2022-637852226001237477-123.jpg,english.ahram.org.eg,English,Egypt,2,3,eu_context;energy_driver,NO,-1,"[""NO"", ""NO"", ""NO""]","[""LNG and green hydrogen cooperation is unlikely to directly impact EU ETS pricing in the short term."", ""LNG and green hydrogen cooperation with Egypt has limited direct impact on EU ETS price dynamics."", ""LNG and green hydrogen cooperation with Egypt has limited direct impact on EU ETS pricing.""]",2,1.0,-0.2,-0.2,"[2, 2, 2]"
4409,HTTP://en.ce.cn/main/latest/202204/12/t20220412_37481884.shtml,,"Highest fuel prices in Europe recorded in Netherlands , Denmark , Germany -- China Economic Net",2022-04-12,,en.ce.cn,English,China,2,3,eu_context;carbon_terms=1,NO,-1,"[""NO"", ""NO"", ""NO""]","[""Fuel price spikes in Europe may reflect local demand or supply shocks, not necessarily EU ETS price drivers."", ""Fuel price spikes in Europe may pressure emissions-intensive industries, but China\u2019s economic net has limited direct ETS linkage."", ""Fuel price spikes in Europe may signal higher emissions costs, but China\u2019s economic net has no direct link to EU ETS pricing.""]",5,1.0,-0.5,-0.5,"[5, 5, 3]"
4415,https://www.hellenicshippingnews.com/europe-gas-prices-mixed-on-lower-wind-output-bullish-coal/,https://www.hellenicshippingnews.com/europe-gas-prices-mixed-on-lower-wind-output-bullish-coal/amp/,"Europe Gas : Prices mixed on lower wind output , bullish coal | Hellenic Shipping News Worldwide",2022-04-14,,hellenicshippingnews.com,English,China,2,4,eu_context;carbon_terms=1;energy_driver,NO,-1,"[""NO"", ""NO"", ""NO""]","[""Mixed wind output may slightly dampen bullishness but coal demand could offset, suggesting modest price stability."", ""Mixed wind output may slightly dampen bullishness but coal\u2019s rise suggests limited ETS price upside."", ""Mixed wind output may slightly dampen bullishness but coal\u2019s rise suggests limited price upside in EU ETS.""]",5,1.0,-0.5,-0.5,"[5, 4, 5]"
4421,https://www.msn.com/en-xl/africa/other/ukraine-war-where-does-each-eu-country-stand-on-cutting-off-russian-oil-and-gas/ar-AAWhGF5,,Ukraine war : Where does each EU country stand on cutting off Russian oil and gas ? ,2022-04-16,https://img-s-msn-com.akamaized.net/tenant/amp/entityid/AAWhDb1.img?&m=6&q=60&o=t&l=f&f=jpg,msn.com,English,United States,2,3,eu_context;energy_driver,NO,-1,"[""NO"", ""NO"", ""NO""]","[""Policy divergence among EU nations may delay or complicate gas/oil cutoffs, affecting energy price volatility and ETS demand."", ""Policy divergence among EU nations may delay or complicate gas/oil cutoffs, impacting energy price volatility and indirectly affecting ETS demand."", ""Policy divergence among EU nations may delay or complicate gas/oil cutoffs, affecting energy demand and thus ETS price volatility.""]",5,1.0,-0.5,-0.5,"[5, 5, 5]"
4427,https://www.prnewswire.com/news-releases/xtx-markets-one-of-the-first-companies-to-remove-employees-household-carbon-emissions-301526994.html,,XTX Markets one of the first companies to remove employee household carbon emissions,2022-04-18,,prnewswire.com,English,United States,2,4,carbon_terms=4,NO,-1,"[""NO"", ""NO"", ""NO""]","[""Limited impact as employee household emissions are not directly traded or regulated under EU ETS."", ""Limited impact as employee household emissions are not directly traded or regulated in EU ETS."", ""Employee carbon emissions removal by a broker may signal broader ESG trends but has minimal direct impact on EU ETS pricing.""]",3,1.0,-0.3,-0.3,"[3, 3, 3]"
4433,https://www.benningtonbanner.com/opinion/weston-want-to-cut-carbon-emissions-from-buildings-cut-costs-here-s-how/article_156e2d4e-bfdf-11ec-8c80-1f5b6b37f59c.html,,Weston : Want to cut carbon emissions from buildings ? Cut costs . Here how . | Opinion,2022-04-20,https://bloximages.newyork1.vip.townnews.com/benningtonbanner.com/content/tncms/assets/v3/editorial/1/56/156288e0-bfdf-11ec-bc6e-6f92a9cfab78/625eafbbdcae3.image.jpg?crop=255%2C255%2C2%2C0,benningtonbanner.com,English,United States,2,3,carbon_terms=3,NO,-1,"[""NO"", ""NO"", ""NO""]","[""Building decarbonization efforts may modestly affect EU ETS prices via demand-side shifts, but headline lacks specific policy or market data."", ""Building decarbonization efforts may modestly pressure EU ETS prices via increased demand for carbon credits, but headline is opinion-based and lacks specific policy or market data."", ""Building decarbonization efforts may influence ETS prices indirectly through sectoral demand, but headline lacks specific policy or market data.""]",3,1.0,-0.3,-0.3,"[3, 3, 3]"
4439,https://techstory.in/eu-proposes-bitcoin-trading-ban-to-push-for-mining-ban/,,EU proposes Bitcoin trading ban to push for mining ban,2022-04-22,https://techstory.in/wp-content/uploads/2022/04/cryptocurrency-bitcoin.jpg,techstory.in,English,India,2,3,eu_context;carbon_terms=1,NO,-1,"[""NO"", ""NO"", ""NO""]","[""Bitcoin mining\u2019s carbon intensity may indirectly affect ETS compliance, but a ban is unlikely to trigger immediate price shifts."", ""Bitcoin mining emissions could indirectly affect EU ETS compliance if mining bans are enforced, but direct price impact is uncertain."", ""Bitcoin mining emissions could indirectly affect EU ETS prices if a ban is enforced, but regulatory uncertainty remains.""]",5,1.0,-0.5,-0.5,"[5, 6, 5]"
4445,https://seekingalpha.com/news/3825986-top-us-oil-trade-group-drafts-carbon-tax-proposal-that-could-hike-pump-prices-wsj,https://seekingalpha.com/amp/news/3825986-top-us-oil-trade-group-drafts-carbon-tax-proposal-that-could-hike-pump-prices-wsj,Top U . S . oil trade group drafts carbon tax proposal that could hike pump prices - WSJ,2022-04-24,https://static.seekingalpha.com/cdn/s3/uploads/getty_images/1280385662/image_1280385662.jpg?io=getty-c-w750,seekingalpha.com,English,United States,2,3,carbon_terms=2;energy_driver,NO,-1,"[""NO"", ""NO"", ""NO""]","[""U.S. carbon tax proposal may indirectly affect EU ETS via global price signals and trade dynamics."", ""Carbon tax proposal may influence U.S. fuel pricing, but EU ETS is separate and not directly tied to U.S. oil trade policy."", ""U.S. carbon tax proposal may indirectly affect EU ETS via global pricing shifts, but direct impact is uncertain.""]",6,1.0,-0.6,-0.6,"[6, 6, 6]"
4451,https://www.hellenicshippingnews.com/europe-gas-prices-rise-on-strong-demand-from-power-plants-as-wind-power-dips/,https://www.hellenicshippingnews.com/europe-gas-prices-rise-on-strong-demand-from-power-plants-as-wind-power-dips/amp/,EUROPE GAS - Prices rise on strong demand from power plants as wind power dips | Hellenic Shipping News Worldwide,2022-04-26,,hellenicshippingnews.com,English,China,2,4,eu_context;carbon_terms=1;energy_driver,YES,1,"[""YES"", ""YES"", ""YES""]","[""Wind power dip and power plant demand boost gas usage, pressuring EU ETS prices."", ""Wind power dip and rising power plant demand likely to push EU ETS prices higher."", ""Wind power dip increases reliance on gas, driving up EU ETS price pressure.""]",7,1.0,0.7,0.7,"[7, 7, 7]"
4457,https://en.portnews.ru/news/328751/,,Green electricity significantly reduces Metrans carbon emissions,2022-04-28,,en.portnews.ru,English,,2,4,carbon_terms=3;energy_driver,NO,-1,"[""NO"", ""YES"", ""NO""]","[""Green electricity adoption may reduce Metrans emissions, but short-term EU ETS price impact is uncertain without quantified emission reductions or policy triggers."", ""Green electricity adoption may lower Metrans emissions, potentially easing price pressure in EU ETS."", ""Green electricity adoption may lower Metrans emissions, but short-term EU ETS price impact is uncertain without quantified emission reductions or policy triggers.""]",3,0.6666666666666666,-0.3,-0.1999999999999999,"[3, 5, 3]"
4463,https://www.djournal.com/terna-sells-its-latin-american-power-transmission-activities-to-cdpq-for-over-265-million-euros/article_68aad35c-6c3d-5835-b29d-d106e6ff6b4e.html,,Terna sells its Latin American power transmission activities to CDPQ for over 265 million euros,2022-04-30,https://bloximages.newyork1.vip.townnews.com/djournal.com/content/tncms/custom/image/bfc7269c-600d-11ec-9643-8b34fd62a341.jpg,djournal.com,English,United States,2,3,eu_context;energy_driver,NO,-1,"[""NO"", ""NO"", ""NO""]","[""Limited direct impact on EU ETS as transaction is outside EU jurisdiction and not tied to EU emissions trading."", ""EU ETS price is unlikely to be directly affected by a single transmission asset sale in Latin America."", ""Limited direct impact on EU ETS as transaction is outside EU jurisdiction and not tied to EU emissions trading.""]",2,1.0,-0.2,-0.2,"[2, 3, 2]"
4469,https://www.wvgazettemail.com/ap/business/new-gas-pipeline-boosts-europes-bid-to-ease-russian-supply/article_c122eb4b-fed3-5f5c-8d3a-b6f72de98baf.html,,New gas pipeline boosts Europe bid to ease Russian supply,2022-05-02,https://bloximages.newyork1.vip.townnews.com/wvgazettemail.com/content/tncms/assets/v3/editorial/6/ec/6ec54e71-d08c-59f8-9eea-403f95e14c9a/626c7c064c73a.image.jpg?crop=1705%2C895%2C0%2C159,wvgazettemail.com,English,United States,2,3,eu_context;energy_driver,YES,1,"[""YES"", ""YES"", ""NO""]","[""Reduced Russian gas dependency may lower EU ETS emissions targets, potentially boosting prices."", ""Reduced reliance on Russian gas may lower emissions targets, potentially easing EU ETS pressure."", ""Reduced reliance on Russian gas may lower emissions targets, potentially easing EU ETS pressure.""]",7,0.6666666666666666,0.7,0.4666666666666666,"[7, 7, 6]"
4475,https://bellona.org/news/carbon-dioxide-removal/2022-05-three-basics-for-the-eu-to-get-cdr-right,,Three basics for the EU to get CDR right,2022-05-04,https://network.bellona.org/content/uploads/sites/3/2022/04/Approach-1.png,bellona.org,English,Russia,1,2,eu_context,NO,-1,"[""NO"", ""NO"", ""NO""]","[""Lacks specific policy signals or market data to influence short-term ETS pricing."", ""Lacks specific policy or market signals to influence short-term EU ETS pricing."", ""Lacks specific policy signals or market data to influence short-term ETS pricing.""]",3,1.0,-0.3,-0.3,"[3, 3, 3]"
4481,https://www.prnewswire.com:443/news-releases/europe-data-center-power-market-outlook--forecast-2022-2027-adoption-of-cutting-edge-ups-battery-technologies-rising-adoption-of-modular-power-infrastructure-sustainable-innovations-301541538.html,,"Europe Data Center Power Market Outlook & Forecast 2022 - 2027 : Adoption of Cutting - Edge UPS Battery Technologies , Rising Adoption of Modular Power Infrastructure , Sustainable Innovations",2022-05-06,,prnewswire.com,English,United States,2,4,eu_context;carbon_terms=1;energy_driver,NO,-1,"[""NO"", ""NO"", ""NO""]","[""Battery tech and modular infrastructure adoption may boost demand for clean power, indirectly affecting ETS prices through emissions intensity shifts."", ""Battery tech and modular infrastructure adoption may boost data center energy efficiency, indirectly affecting EU ETS demand but not directly pricing."", ""UPS battery tech and modular infrastructure adoption may boost data center energy efficiency, but EU ETS price short-term direction is not directly tied to these developments.""]",5,1.0,-0.5,-0.5,"[6, 5, 5]"
4487,https://www.scmp.com/comment/opinion/article/3176779/how-hong-kong-can-connect-chinas-carbon-market-world,https://amp.scmp.com/comment/opinion/article/3176779/how-hong-kong-can-connect-chinas-carbon-market-world,How Hong Kong can connect China carbon market with the world,2022-05-08,https://cdn.i-scmp.com/sites/default/files/styles/og_image_scmp_opinion/public/d8/images/canvas/2022/05/06/3a73d845-3d4e-4689-bd93-8013a751166f_69d972ad.jpg?itok=2F1dvpK-&v=1651825354,scmp.com,English,China,1,2,carbon_terms=2,NO,-1,"[""NO"", ""NO"", ""NO""]","[""Potential linkage could influence global carbon pricing but not immediate EU ETS direction."", ""Limited direct impact on EU ETS due to market segmentation and regulatory divergence."", ""Hong Kong\u2019s role as a bridge is still nascent and lacks immediate market impact on EU ETS pricing.""]",3,1.0,-0.3,-0.3,"[3, 3, 3]"
4493,https://www.businesstravelnewseurope.com/Management/Study-identifies-the-corporates-best-tackling-air-travel-emissions,,Study identifies the corporates best tackling air travel emissions | Business Travel News Europe,2022-05-10,https://ik.imgkit.net/3vlqs5axxjf/BTNE/uploadedImages/1_Sections/Traveler_Management/sustainable%20business%20travel.jpg,businesstravelnewseurope.com,English,,2,4,eu_context;carbon_terms=2,NO,-1,"[""NO"", ""NO"", ""NO""]","[""Air travel emissions are a niche segment within corporate emissions, unlikely to materially shift EU ETS pricing short-term."", ""Air travel emissions reduction by corporates may slightly influence ETS demand but lacks immediate market impact."", ""Air travel emissions reduction efforts may slightly dampen demand for carbon credits but are unlikely to significantly alter short-term EU ETS pricing.""]",3,1.0,-0.3,-0.3,"[3, 3, 3]"
4499,https://www.hellenicshippingnews.com/europe-gas-prices-rise-on-lower-russian-flows/,https://www.hellenicshippingnews.com/europe-gas-prices-rise-on-lower-russian-flows/amp/,EUROPE GAS - Prices rise on lower Russian flows | Hellenic Shipping News Worldwide,2022-05-12,,hellenicshippingnews.com,English,China,2,4,eu_context;carbon_terms=1;energy_driver,NO,-1,"[""NO"", ""NO"", ""NO""]","[""Lower Russian gas flows may signal supply tightness, potentially boosting EU ETS prices via increased carbon intensity."", ""Lower Russian gas flows may pressure EU ETS prices via higher domestic energy costs, but short-term direction is uncertain due to market volatility."", ""Reduced Russian gas flows may signal supply constraints, potentially pressuring EU ETS prices via higher energy costs, but short-term direction remains uncertain.""]",5,1.0,-0.5,-0.5,"[6, 5, 5]"
4505,https://advancedbiofuelsusa.info/regulation-of-the-european-parliament-and-of-the-council-on-the-deployment-of-alternative-fuels-infrastructure-and-repealing-directive-2014-94-eu-of-the-european-parliament-and-of-the-council/,,"Regulation of the European Parliament and of the Council on the Deployment of Alternative Fuels Infrastructure , and Repealing Directive 2014 / 94 / EU of the European Parliament and of the Council – Advanced BioFuels united states ",2022-05-14,,advancedbiofuelsusa.info,English,United States,2,2,eu_context,NO,-1,"[""NO"", ""NO"", ""NO""]","[""Biofuel regulation may influence energy demand but has limited direct impact on EU ETS pricing."", ""May influence biofuel demand but lacks direct ETS linkages or pricing mechanism."", ""Biofuels regulation may influence carbon intensity thresholds but has limited direct impact on EU ETS pricing.""]",5,1.0,-0.5,-0.5,"[5, 5, 5]"
4511,https://www.msn.com/en-xl/news/other/climate-change-eu-emissions-surpass-pre-pandemic-levels/ar-AAXllhP,,Climate change : EU emissions surpass pre - pandemic levels,2022-05-16,https://img-s-msn-com.akamaized.net/tenant/amp/entityid/AAXldkz.img?&m=6&q=60&o=t&l=f&f=jpg,msn.com,English,United States,2,4,eu_context;carbon_terms=2,YES,1,"[""YES"", ""YES"", ""NO""]","[""Emissions surpassing pre-pandemic levels signals potential policy tightening or market pressure, which may push EU ETS prices higher."", ""Emissions surpassing pre-pandemic levels signals potential regulatory tightening or market pressure to increase carbon prices."", ""Emissions surpassing pre-pandemic levels signals potential regulatory tightening or market pressure to increase carbon prices.""]",7,0.6666666666666666,0.7,0.4666666666666666,"[7, 7, 7]"
4517,https://cleantechnica.com/2022/05/18/ford-volvo-cars-broad-industry-coalition-appeals-to-eu-to-ensure-all-new-cars-vans-are-0-emissions-from-2035/,https://cleantechnica.com/2022/05/18/ford-volvo-cars-broad-industry-coalition-appeals-to-eu-to-ensure-all-new-cars-vans-are-0-emissions-from-2035/amp/,"Ford , Volvo Cars , & Broad Industry Coalition Appeals to EU to Ensure All New Cars & Vans Are 0 Emissions from 2035",2022-05-18,https://cleantechnica.com/files/2022/02/274996_Volvo_XC40-1024x576.jpg,cleantechnica.com,English,United States,2,5,eu_context;carbon_terms=2;energy_driver,YES,1,"[""YES"", ""YES"", ""YES""]","[""Strong regulatory pressure on automakers could accelerate demand for carbon credits and push EU ETS prices higher."", ""Strong regulatory push accelerates demand for carbon credits and ETS compliance."", ""Strong regulatory push accelerates EV adoption, likely boosting carbon price via tighter emissions caps.""]",8,1.0,0.8,0.8,"[8, 8, 8]"
4523,https://www.hellenicshippingnews.com/europe-gas-prices-ease-on-healthy-supply-storage-deal/,https://www.hellenicshippingnews.com/europe-gas-prices-ease-on-healthy-supply-storage-deal/amp/,"Europe Gas : Prices ease on healthy supply , storage deal | Hellenic Shipping News Worldwide",2022-05-20,,hellenicshippingnews.com,English,China,2,4,eu_context;carbon_terms=1;energy_driver,NO,-1,"[""NO"", ""NO"", ""NO""]","[""Gas price easing suggests reduced supply tightness, which may indirectly lower EU ETS demand via lower industrial energy costs."", ""Gas price easing suggests reduced supply tightness, which may dampen ETS demand but is not a direct ETS price driver."", ""Gas price easing suggests reduced supply tightness, potentially lowering EU ETS demand pressure.""]",3,1.0,-0.3,-0.3,"[3, 3, 3]"
4529,https://www.hellenicshippingnews.com/europe-admits-itll-have-to-burn-more-coal-as-it-tries-to-wean-itself-off-russian-energy/,https://www.hellenicshippingnews.com/europe-admits-itll-have-to-burn-more-coal-as-it-tries-to-wean-itself-off-russian-energy/amp/,Europe admits itll have to burn more coal as it tries to wean itself off Russian energy,2022-05-22,,hellenicshippingnews.com,English,China,2,3,eu_context;energy_driver,NO,-1,"[""NO"", ""NO"", ""NO""]","[""Coal burn-up undermines emissions targets and risks triggering ETS price volatility."", ""Coal burn increases likely to raise emissions, potentially pressuring ETS prices as compliance costs rise."", ""Coal burn-up undermines EU ETS price stability by increasing emissions and potentially triggering carbon price volatility.""]",7,1.0,-0.7,-0.7,"[7, 6, 7]"
4535,https://www.yakimaherald.com/news/northwest/wa-will-soon-put-a-price-on-carbon-emissions-for-its-biggest-polluters-heres-how/article_d0e886c5-f2ff-584b-a378-9308855195d9.html,https://www.yakimaherald.com/news/northwest/wa-will-soon-put-a-price-on-carbon-emissions-for-its-biggest-polluters-heres-how/article_d0e886c5-f2ff-584b-a378-9308855195d9.amp.html,WA will soon put a price on carbon emissions for its biggest polluters . Here how it will work,2022-05-24,https://bloximages.newyork1.vip.townnews.com/yakimaherald.com/content/tncms/assets/v3/editorial/0/1a/01ac7a3a-db6a-11ec-b920-f73a483a3c76/628ce555bcc9b.image.jpg?crop=1987%2C1043%2C0%2C0,yakimaherald.com,English,United States,1,4,carbon_terms=4,NO,-1,"[""NO"", ""NO"", ""NO""]","[""WA\u2019s carbon pricing mechanism may influence regional markets but lacks direct impact on EU ETS due to jurisdictional separation."", ""WA\u2019s carbon pricing mechanism may influence regional markets but is unlikely to cause immediate EU ETS price movement."", ""WA\u2019s carbon pricing mechanism may influence regional markets but lacks direct impact on EU ETS due to jurisdictional separation.""]",5,1.0,-0.5,-0.5,"[5, 5, 5]"
4541,https://www.investing.com/news/cryptocurrency-news/ecarbon-concludes-initial-funding-round-shifts-focus-to-new-blockchain-tech-aimed-at-democratizing-access-to-carbon-emissions-allowance-programs-2830952,https://m.investing.com/news/cryptocurrency-news/ecarbon-concludes-initial-funding-round-shifts-focus-to-new-blockchain-tech-aimed-at-democratizing-access-to-carbon-emissions-allowance-programs-2830952?ampMode=1,"eCarbon concludes initial funding round , shifts focus to new blockchain tech aimed at democratizing access to carbon emissions allowance programs By BTC Peers",2022-05-27,https://i-invdn-com.investing.com/news/Cryptocurrencies_800x533_L_1556444885.jpg,investing.com,English,United States,1,4,carbon_terms=4,NO,-1,"[""NO"", ""NO"", ""NO""]","[""eCarbon\u2019s funding and tech shift may signal long-term structural change but lacks immediate market impact on EU ETS pricing."", ""eCarbon\u2019s funding and tech shift may signal long-term structural changes but lacks immediate market impact on EU ETS pricing."", ""eCarbon\u2019s funding and tech shift may influence investor sentiment but doesn\u2019t directly alter EU ETS fundamentals or supply/demand dynamics.""]",5,1.0,-0.5,-0.5,"[5, 5, 5]"
4547,https://www.cemnet.com/News/story/172789/carbon-prices-rise-due-to-increased-coal-demand-speculators-return-to-the-market.html,,Carbon prices rise due to increased coal demand – speculators return to the market,2022-05-31,,cemnet.com,English,United States,1,4,carbon_terms=3;energy_driver,YES,1,"[""YES"", ""YES"", ""YES""]","[""Speculators returning to the market can amplify price increases driven by rising coal demand."", ""Speculators\u2019 return increases demand, potentially pushing prices higher amid rising coal demand."", ""Speculators' return amplifies demand and pushes prices higher as coal demand surges.""]",8,1.0,0.8,0.8,"[7, 8, 8]"
4553,https://www.eureporter.co/environment/co2-emissions/emissions-trading-scheme-ets/2022/06/02/the-eu-emissions-trading-scheme-ets-and-its-reform-in-brief/,,The EU Emissions Trading Scheme ( ETS ) and its reform in brief,2022-06-02,https://www.eureporter.co/wp-content/uploads/2022/06/ETS.jpg,eureporter.co,English,United Kingdom,1,5,eu_context;carbon_terms=3,NO,-1,"[""NO"", ""NO"", ""NO""]","[""Reform details are too vague to predict short-term price direction without specific policy changes."", ""The headline is a general overview without specific market-moving data or policy changes."", ""Reform details are too vague to predict short-term price movement without specific policy changes.""]",3,1.0,-0.3,-0.3,"[3, 3, 3]"
4559,https://www.stuff.co.nz/business/opinion-analysis/128683666/cement-tax-in-the-mix-if-eu-war-on-carbon-leakage-spills-over-to-nz,,  Cement tax  in the mix if EU war on carbon leakage spills over to NZ,2022-06-04,https://resources.stuff.co.nz/content/dam/images/4/y/y/w/7/k/image.related.StuffLandscapeSixteenByNine.1420x800.24m4ya.png/1654121346601.jpg,stuff.co.nz,English,New Zealand,1,3,eu_context;carbon_terms=1,NO,-1,"[""NO"", ""YES"", ""NO""]","[""Cement sector emissions could trigger EU ETS price volatility if NZ is exposed to carbon leakage penalties."", ""Cement sector emissions are significant and a potential catalyst for EU ETS price volatility if NZ is included under carbon leakage rules."", ""Cement sector emissions are significant and a potential tax could pressure EU ETS prices if carbon leakage concerns escalate.""]",7,0.6666666666666666,-0.7,-0.4666666666666666,"[7, 7, 7]"
4565,https://www.mediamatters.org/cable-news/eus-embargo-russian-oil-causes-gas-prices-spike-fox-news-falsely-blamed-biden,,The EU embargo on Russian oil causes gas prices to spike . Fox News falsely blamed Biden,2022-06-06,https://cloudfront.mediamatters.org/static/D8Image/2022/06/06/Gasprices_FoxNews.png?VersionId=xitz.ZjyXFCDxrd5BzyhSxVKtaqjRpC8,mediamatters.org,English,United States,2,4,eu_context;carbon_terms=1;energy_driver,NO,-1,"[""NO"", ""NO"", ""NO""]","[""Gas price spikes from the EU embargo are unlikely to directly impact EU ETS prices, as ETS targets carbon intensity, not crude oil prices."", ""Gas price spikes may indirectly affect EU ETS via energy demand shifts, but no direct link to carbon pricing."", ""Gas price spikes from the EU embargo are unlikely to directly impact EU ETS prices, as ETS is primarily carbon-intensive sectors, not oil.""]",3,1.0,-0.3,-0.3,"[3, 3, 3]"
4571,https://www.maltatoday.com.mt/news/ewropej/117200/fit_for_55_epp_attempts_to_water_down_climate_laws_pushed_back_by_meps,,Fit for 55 : EPP attempts to water down climate laws pushed back by MEPs,2022-06-08,http://cdn.maltatoday.com.mt/ui_frontend/thumbnail/684/400/7_climate.jpg,maltatoday.com.mt,English,Malta,1,6,eu_ets_strong,NO,-1,"[""NO"", ""NO"", ""NO""]","[""Political pushback may delay or weaken legislation, potentially reducing ETS compliance pressure."", ""Political backlashes may dampen market confidence but unlikely to trigger immediate price collapse."", ""Political backlashes may dampen market confidence in EU climate policy enforcement.""]",6,1.0,-0.6,-0.6,"[6, 6, 6]"
4577,https://centreforaviation.com/news/iata-criticises-european-parliaments-plans-to-expand-eu-ets-1141575,,IATA criticises European Parliament plans to expand EU ETS,2022-06-10,,centreforaviation.com,English,China,1,8,eu_ets_strong;eu_context,NO,-1,"[""NO"", ""NO"", ""NO""]","[""IATA\u2019s criticism may signal industry resistance to broader emissions coverage, potentially dampening demand for carbon credits."", ""IATA\u2019s criticism may signal industry resistance to broader coverage, potentially dampening demand for carbon credits."", ""IATA\u2019s criticism may signal industry resistance, but EU ETS expansion is unlikely to materially alter short-term price dynamics.""]",6,1.0,-0.6,-0.6,"[6, 6, 5]"
4583,https://notesfrompoland.com/2022/06/12/we-dont-feel-obligated-to-implement-all-milestones-to-unblock-eu-funds-says-polish-coalition-partner/,,"  We dont feel obligated to implement all milestones  to unblock EU funds , says Polish coalition partner",2022-06-12,https://notesfrompoland.com/wp-content/uploads/2022/06/MJJ220611_200246074a-scaled.jpg,notesfrompoland.com,English,,2,3,eu_context;energy_driver,NO,-1,"[""NO"", ""NO"", ""NO""]","[""Polish political stance on EU funds may signal delayed or diluted policy alignment, potentially affecting ETS compliance timelines."", ""Polish political stance on EU funds may signal regulatory flexibility, but lacks direct price impact on ETS."", ""Polish political stance on EU funds may delay policy alignment, but lacks direct impact on ETS price mechanics.""]",3,1.0,-0.3,-0.3,"[3, 3, 3]"
4589,https://www.bnnbloomberg.ca/france-proposes-stronger-eu-shield-against-carbon-price-spikes-1.1778538,https://www.bnnbloomberg.ca/france-proposes-stronger-eu-shield-against-carbon-price-spikes-1.1778538.amp.html,France Proposes Stronger EU Shield Against Carbon Price Spikes,2022-06-14,http://www.bnnbloomberg.ca/polopoly_fs/1.1778539!/fileimage/httpImage/image.png_gen/derivatives/landscape_620/a-chimney-stands-at-the-dk6-combined-cycle-gas-turbines-ccgt-gas-power-plant-operated-by-engie-sa-in-dunkirk-france-on-monday-sept-10-2018-french-power-prices-for-the-fourth-quarter-rose-as-much-as-4-6-percent-to-record-77-50-euros-per-megawatt-hour-according-to-broker-data-compiled-by-bloomberg-photographer-christophe-morin-bloomberg.png,bnnbloomberg.ca,English,Canada,1,4,eu_context;carbon_terms=2,YES,1,"[""YES"", ""YES"", ""YES""]","[""France\u2019s shield proposal may dampen price volatility but could also trigger market adjustments or increased compliance costs."", ""France\u2019s shield proposal may dampen price volatility, but market reaction depends on implementation speed and EU-wide adoption."", ""France\u2019s shield proposal may dampen price volatility but could also trigger market uncertainty.""]",7,1.0,0.7,0.7,"[7, 7, 7]"
4595,"https://www.streetinsider.com/Business+Wire/Orion+to+Increase+Prices,+Reduce+Payment+Terms+for+Rubber+Carbon+Black+Made+in+Europe+and+the+Americas/20225028.html",,"Orion to Increase Prices , Reduce Payment Terms for Rubber Carbon Black Made in Europe and the Americas",2022-06-16,,streetinsider.com,English,United States,2,4,eu_context;carbon_terms=2,NO,-1,"[""NO"", ""NO"", ""NO""]","[""Price increases and tighter payment terms may reflect margin pressure but don\u2019t directly signal EU ETS volatility."", ""Price increases and tighter payment terms may reflect margin pressure but don\u2019t directly signal EU ETS volatility."", ""Price increases and tighter payment terms may reduce demand from buyers, offsetting any potential ETS price boost.""]",5,1.0,-0.5,-0.5,"[5, 5, 3]"
4601,https://journalrecord.com/2022/06/17/biden-hosts-climate-meeting-amid-high-gas-price-pressure/,,Biden hosts climate meeting amid high gas price pressure,2022-06-18,https://journalrecord.com/files/2022/06/E-6-20-Biden-hosts-climate-meeting-amid-high-gas-price-pressure.jpg,journalrecord.com,English,United States,2,2,carbon_terms=1;energy_driver,NO,-1,"[""NO"", ""NO"", ""NO""]","[""High gas prices may signal policy tightening, but EU ETS is less directly affected than U.S. markets."", ""Biden\u2019s climate meeting may signal policy momentum but lacks immediate market data to confirm ETS price impact."", ""Biden\u2019s climate meeting may signal policy shifts that could influence EU ETS pricing via global carbon policy coordination.""]",5,1.0,-0.5,-0.5,"[5, 4, 6]"
4607,https://www.prnewswire.com/news-releases/food-waste-management-market-records-a-cagr-of-3-9-growing-concern-about-carbon-emissions-to-boost-market-growth-technavio-301570353.html,,Food Waste Management Market Records a CAGR of 3 . 9 % | Growing Concern about Carbon Emissions to boost market growth,2022-06-20,,prnewswire.com,English,United States,2,4,carbon_terms=4,NO,-1,"[""NO"", ""NO"", ""NO""]","[""Food waste management\u2019s growth could indirectly influence carbon pricing via emissions reductions, but no direct market link to EU ETS is evident."", ""Food waste management\u2019s CAGR growth may indirectly support carbon pricing via emissions reduction, but lacks direct market linkage to EU ETS."", ""Carbon emissions concern may indirectly support EU ETS prices via policy-driven demand, but direct market impact is limited.""]",5,1.0,-0.5,-0.5,"[5, 5, 5]"
4613,https://menafn.com/1104417599/Meps-Vote-To-Reform-The-EUs-Emissions-Trading-System-And-Impose-A-Carbon-Tax,,Meps Vote To Reform The EU Emissions Trading System And Im ... ,2022-06-22,https://menafn.com/updates/pr/2022-06/22/TNA_c02b5image_story.jpg,menafn.com,English,Qatar,1,11,eu_ets_strong;eu_context;carbon_terms=3,YES,1,"[""YES"", ""YES"", ""YES""]","[""Reform votes signal potential policy shifts that could influence market expectations and pricing."", ""Reform votes signal potential policy shifts that could impact future carbon pricing."", ""Reform votes signal potential policy shifts that could affect compliance costs and market dynamics.""]",7,1.0,0.7,0.7,"[7, 7, 7]"
4619,https://www.globalcement.com/news/item/14291-cembureau-welcomes-updates-to-european-union-carbon-border-adjustment-mechanism,,Cembureau welcomes updates to European Union Carbon Border Adjustment Mechanism,2022-06-24,https://www.globalcement.com/media/k2/items/cache/5888bbbb39b870630cee6e882d41beab_M.jpg,globalcement.com,English,India,1,9,eu_ets_strong;eu_context;carbon_terms=1,YES,1,"[""YES"", ""YES"", ""YES""]","[""Cembureau\u2019s endorsement signals industry support for stronger carbon pricing, potentially boosting EU ETS demand."", ""Cembureau\u2019s endorsement signals industry support for stricter carbon pricing, likely boosting EU ETS demand."", ""Cembureau\u2019s endorsement may signal industry support for stricter compliance, potentially boosting ETS demand.""]",7,1.0,0.7,0.7,"[7, 7, 5]"
4625,https://www.thejournal.ie/mep-questionnaire-ireland-eu-5799405-Jun2022/,https://www.thejournal.ie/mep-questionnaire-ireland-eu-5799405-Jun2022/?amp=1,The Big MEP Questionnaire : What do our Irish MEPs think of the EU ? ,2022-06-26,https://img2.thejournal.ie/article/5799405/river/?&version=5799512,thejournal.ie,English,Ireland,1,2,eu_context,NO,-1,"[""NO"", ""NO"", ""NO""]","[""Irish MEPs\u2019 opinions on EU policy are unlikely to materially affect short-term EU ETS price dynamics."", ""Irish MEPs\u2019 opinions are unlikely to materially affect EU ETS pricing as they are not market participants or policy enforcers with direct trading influence."", ""Irish MEPs\u2019 opinions are unlikely to materially affect EU ETS pricing, as the questionnaire is non-binding and lacks direct policy leverage.""]",2,1.0,-0.2,-0.2,"[2, 2, 2]"
4631,https://www.klkntv.com/i/live-updates-g-7-talks-draw-to-close-nato-meet-to-begin/,,Live updates | Macron says oil prices  untenable  in Europe,2022-06-28,https://wpcdn.us-east-1.vip.tn-cloud.net/www.klkntv.com/content/uploads/2022/06/y/g/7681ba93cc070567cae164aa238ce0511b7bdfbd.jpg,klkntv.com,English,United States,2,4,eu_context;carbon_terms=1;energy_driver,NO,-1,"[""NO"", ""NO"", ""NO""]","[""Macron\u2019s comment signals potential policy pressure on energy costs, which could indirectly affect EU ETS pricing via carbon intensity adjustments."", ""Macron\u2019s comment signals potential policy pressure on energy costs, which could indirectly affect EU ETS pricing via carbon-intensive sector responses."", ""Macron\u2019s comment signals potential policy pressure on energy costs, which could indirectly affect EU ETS pricing via carbon pricing policy alignment.""]",6,1.0,-0.6,-0.6,"[6, 7, 6]"
4637,https://www.globenewswire.com/news-release/2022/06/30/2471838/0/en/Europe-Rubber-Derived-Unrefined-Pyrolysis-Oil-Market-Strikingat-5-5-CAGR-During2022-2032-Future-Market-Insights-Inc.html,,Europe Rubber Derived Unrefined Pyrolysis Oil Market,2022-06-30,https://ml.globenewswire.com/Resource/Download/915d2f9c-7dc6-40c7-995c-2ba168208baa?size=1,globenewswire.com,English,United States,2,4,eu_context;carbon_terms=1;energy_driver,NO,-1,"[""NO"", ""NO"", ""NO""]","[""Pyrolysis oil market dynamics are unlikely to directly influence EU ETS prices unless tied to industrial emissions or carbon intensity benchmarks."", ""Pyrolysis oil is not a direct EU ETS-covered commodity and lacks immediate market linkage to carbon pricing mechanisms."", ""Pyrolysis oil market dynamics are unlikely to directly influence EU ETS prices without clear linkages to emissions trading or industrial carbon intensity.""]",2,1.0,-0.2,-0.2,"[2, 2, 2]"
4643,https://www.eubulletin.com/12971-eus-carbon-border-tax-how-the-new-policy-could-hurt-developing-countries.html,,EU Carbon Border Tax : How the New Policy Could Hurt Developing Countries,2022-07-02,https://www.eubulletin.com/wp-content/uploads/2022/07/Carbon-Tax-Europe.jpg,eubulletin.com,English,Russia,1,3,eu_context;carbon_terms=1,NO,-1,"[""NO"", ""NO"", ""NO""]","[""EU ETS price is not directly affected by the carbon border tax\u2019s impact on developing countries; it\u2019s more about export competitiveness and compliance."", ""EU ETS price may be unaffected as the carbon border tax targets imports, not domestic ETS emissions."", ""EU ETS price is unlikely to be directly impacted by the carbon border tax as it primarily affects importers, not the ETS market itself.""]",3,1.0,-0.3,-0.3,"[3, 3, 3]"
4649,https://www.yahoo.com/news/climentum-capital-targets-european-startups-070043952.html,https://news.yahoo.com/amphtml/news/climentum-capital-targets-european-startups-070043952.html,Climentum Capital targets European startups with $157M fund to reduce CO2 emissions,2022-07-05,https://s.yimg.com/ny/api/res/1.2/_t7QG9POPcUy5eSIlmqleA--/YXBwaWQ9aGlnaGxhbmRlcjt3PTEyMDA7aD02MTM-/https://s.yimg.com/uu/api/res/1.2/8WTsCySEZvmSvyz_NAjnvw--~B/aD0xMDg0O3c9MjEyMTthcHBpZD15dGFjaHlvbg--/https://media.zenfs.com/en/techcrunch_350/22a820ab0f65a4bd3854e083370345de,yahoo.com,English,United States,2,4,eu_context;carbon_terms=2,NO,-1,"[""NO"", ""NO"", ""NO""]","[""Startup investments may have limited direct impact on EU ETS pricing due to scale and indirect emission reductions."", ""Startup funding may indirectly influence emissions, but lacks direct market impact on EU ETS pricing."", ""Startup funding may indirectly influence emissions reductions but does not directly impact EU ETS price mechanics.""]",3,1.0,-0.3,-0.3,"[3, 3, 3]"
4655,https://wnyt.com/us-news/higher-gas-prices-hurt-pockets-make-small-dent-in-emissions/,,"Higher gas prices hurt pockets , make small dent in emissions",2022-07-07,https://wnyt.com/wp-content/uploads/AP/Climate_Gas_Prices_96014.jpg,wnyt.com,English,United States,2,4,carbon_terms=3;energy_driver,NO,-1,"[""NO"", ""NO"", ""NO""]","[""Higher gas prices may slightly reduce emissions but are unlikely to significantly impact EU ETS pricing in the short term."", ""Higher gas prices may slightly reduce emissions but unlikely to significantly impact EU ETS prices in the short term."", ""Higher gas prices may slightly reduce emissions, but the impact is marginal and unlikely to significantly affect EU ETS pricing.""]",3,1.0,-0.3,-0.3,"[3, 3, 3]"
4661,http://en.people.cn/n3/2022/0709/c90000-10121037.html,,"Interview : China carbon emissions set to peak before 2030 , says green finance expert",2022-07-09,,en.people.cn,English,China,1,3,carbon_terms=3,NO,-1,"[""NO"", ""NO"", ""NO""]","[""China\u2019s emissions peak before 2030 may reduce global demand for carbon credits, indirectly affecting EU ETS pricing."", ""China\u2019s emission peak before 2030 could reduce global demand for carbon credits, indirectly affecting EU ETS pricing."", ""China\u2019s early emissions peak could reduce global demand for carbon credits, indirectly affecting EU ETS pricing.""]",5,1.0,-0.5,-0.5,"[5, 5, 6]"
4667,https://www.ballstatedaily.com/article/2022/07/news-ap-higher-gas-prices-hurt-pockets-make-small-dent-in-emissions,,"AP : Higher gas prices hurt pockets , make small dent in emissions",2022-07-11,https://snworksceo.imgix.net/bsd/311d6110-b520-4e55-99f8-b724ff395b74.sized-1000x1000.jpg,ballstatedaily.com,English,United States,2,4,carbon_terms=3;energy_driver,NO,-1,"[""NO"", ""NO"", ""NO""]","[""Higher gas prices may slightly reduce emissions but are unlikely to significantly impact EU ETS prices in the short term."", ""Higher gas prices may slightly reduce emissions, but the impact is minor and unlikely to significantly alter EU ETS pricing short-term."", ""Higher gas prices may modestly reduce emissions, but their impact on EU ETS prices is limited due to short-term volatility and market adjustments.""]",3,1.0,-0.3,-0.3,"[3, 3, 3]"
4673,https://bellona.org/news/eu/2022-07-press-release-eu-innovation-fund-invests-in-crucial-infrastructure-needed-to-decarbonise-europes-industry-and-misses-a-few-shots,,"Press release : EU Innovation Fund invests in crucial infrastructure needed to decarbonise Europe industry , and misses a few shots",2022-07-13,https://network.bellona.org/content/uploads/sites/3/2022/07/Innovation-fund.jpg,bellona.org,English,Russia,1,3,eu_context;carbon_terms=1,YES,1,"[""YES"", ""YES"", ""YES""]","[""Investment in critical decarbonisation infrastructure may boost demand for carbon credits, supporting short-term ETS price."", ""Infrastructure investments signal long-term decarbonisation momentum, likely supporting ETS demand."", ""Investment in decarbonisation infrastructure may boost long-term demand for carbon credits, but short-term price impact is uncertain due to market timing and regulatory uncertainty.""]",7,1.0,0.7,0.7,"[7, 7, 7]"
4679,https://shipandbunker.com/news/world/553475-maersk-to-apply-eu-emissions-trading-surcharges-from-start-of-next-year,,Maersk to Apply EU Emissions Trading Surcharges From Start of Next Year,2022-07-15,https://shipandbunker.cdn.speedyrails.net/a/img/_mt_9af757195f7bc03bc10e9fb767fb2ee2.jpg,shipandbunker.com,English,Singapore,1,5,eu_context;carbon_terms=3,YES,1,"[""YES"", ""YES"", ""YES""]","[""Maersk\u2019s surcharge application signals increased compliance costs for major shippers, likely boosting ETS demand and prices."", ""Maersk\u2019s surcharge imposition signals increased compliance costs for large emitters, likely pressuring EU ETS prices upward."", ""Maersk\u2019s surcharge imposition signals increased compliance costs, likely pressuring ETS prices upward.""]",7,1.0,0.7,0.7,"[7, 7, 7]"
4685,https://www.afr.com/wealth/investing/how-to-use-software-to-eat-carbon-emissions-20220715-p5b1xs,,Global warming : How to use software to eat carbon emissions,2022-07-17,https://static.ffx.io/images/$zoom_1.0605%2C$multiply_1%2C$ratio_1.777778%2C$width_1059%2C$x_0%2C$y_0/t_crop_custom/c_scale%2Cw_800%2Cq_88%2Cf_jpg/t_afr_opinion_no_age_social_wm/9b3d02d292968d06f54c2c9dc3c729952bd270d9,afr.com,English,Australia,2,3,carbon_terms=3,NO,-1,"[""NO"", ""NO"", ""NO""]","[""The headline is metaphorical and lacks concrete policy or market data to influence EU ETS pricing."", ""Software for carbon emissions reduction is unlikely to materially affect short-term EU ETS prices."", ""Software for carbon emissions reduction is a nascent trend with limited immediate market impact on EU ETS pricing.""]",2,1.0,-0.2,-0.2,"[2, 3, 2]"
4691,https://sciencebusiness.net/network-updates/ukraines-rectors-union-joins-eua,,Ukraine rectors union joins EUA | Science,2022-07-19,,sciencebusiness.net,English,United Kingdom,1,8,eu_ets_strong;eu_context,NO,-1,"[""NO"", ""NO"", ""NO""]","[""Ukraine\u2019s academic union joining EUA may signal minor institutional alignment but lacks direct market impact on ETS pricing."", ""Ukraine\u2019s academic union joining EUA may signal soft carbon pricing sentiment but lacks immediate market impact."", ""Ukraine\u2019s academic union joining EUA may signal soft regulatory alignment but lacks immediate market impact.""]",3,1.0,-0.3,-0.3,"[3, 3, 3]"
4697,https://www.heavyliftpfi.com/sectors/eu-emissions-trading-scheme-ets-what-we-know-so-far/21219.article,,EU Emissions Trading Scheme ( ETS ) – what we know so far,2022-07-21,https://d3i5hb7w7uz115.cloudfront.net/Pictures/1024x536/4/0/0/9400_maerskapmterminalslow_651081.jpg,heavyliftpfi.com,English,United States,1,5,eu_context;carbon_terms=3,NO,-1,"[""NO"", ""NO"", ""NO""]","[""Lacks specific data or actionable insight to influence short-term price movement."", ""Lack of specific data or actionable insights in the headline limits predictive power."", ""Lacks specific data or market signals to influence short-term price movement.""]",2,1.0,-0.2,-0.2,"[2, 2, 3]"
4703,https://www.streetinsider.com/Business+Wire/ESG:+EUROAPI+Moves+Forward+With+Its+Carbon+Reduction+Ambition+and+Invests+to+Build+a+State-of-the-Art+Biomass+Boiler+in+France/20349246.html,,ESG : EUROAPI Moves Forward With Its Carbon Reduction Ambition and Invests to Build a State - of - the - Art Biomass Boiler in France,2022-07-23,,streetinsider.com,English,United States,2,4,eu_context;carbon_terms=1;energy_driver,YES,1,"[""YES"", ""YES"", ""YES""]","[""EUROAPI\u2019s biomass boiler investment signals stronger ESG-aligned carbon reduction, likely boosting EU ETS demand."", ""EUROAPI\u2019s biomass boiler investment signals stronger ESG-aligned carbon reduction, likely boosting EU ETS demand."", ""EUROAPI\u2019s biomass boiler investment signals stronger ESG-aligned carbon reduction, likely boosting EU ETS demand.""]",7,1.0,0.7,0.7,"[7, 7, 7]"
4709,https://www.integra927.com/News/Global-market-trend-2022-2027-European-countries-announced-the-restart-of-coal-power-on-the-china-box-type-substation-manufacture-market-has-a-certain-impact-by-Newsintegra927.html,,Global market trend 2022 - 2027 European countries announced the restart of coal power on the china box type substation manufacture market has a certain impact by Newsintegra927,2022-07-25,,integra927.com,English,Mexico,2,4,eu_context;carbon_terms=1;energy_driver,NO,-1,"[""NO"", ""NO"", ""NO""]","[""Coal restarts may slightly pressure ETS prices, but China\u2019s substation market has negligible direct link."", ""Coal restarts may slightly dampen ETS demand but China\u2019s substation market is unrelated to EU emissions trading."", ""Coal restarts may offset emissions cuts, but China\u2019s box-type substation market has negligible direct impact on EU ETS pricing.""]",3,1.0,-0.3,-0.3,"[3, 3, 3]"
4715,https://www.offshore-energy.biz/sp-global-introducing-carbon-accounted-tanker-assessments-under-eu-ets/,,S & P Global introducing carbon - accounted tanker assessments under EU ETS,2022-07-27,https://cdn.offshorewind.biz/wp-content/uploads/sites/6/2022/07/26151507/SP-Global-introducing-carbon-accounted-tanker-assessments-under-EU-ETS.png,offshore-energy.biz,English,,1,9,eu_ets_strong;eu_context;carbon_terms=1,YES,1,"[""YES"", ""YES"", ""YES""]","[""Introduces new compliance risk for tankers, potentially increasing ETS demand."", ""S&P Global\u2019s new carbon-accounted tanker assessments could influence market pricing and compliance behavior under EU ETS."", ""May influence pricing via new compliance standards for carbon-intensive shipping.""]",7,1.0,0.7,0.7,"[7, 7, 7]"
4721,https://oilprice.com/Energy/Energy-General/The-Unstoppable-Rise-Of-European-Power-Prices.html,https://oilprice.com/Energy/Energy-General/The-Unstoppable-Rise-Of-European-Power-Prices.amp.html,The Unstoppable Rise Of European Power Prices,2022-07-29,https://d32r1sh890xpii.cloudfront.net/article/718x300/2022-07-29_nxb2f0vcur.jpg,oilprice.com,English,United States,2,4,eu_context;carbon_terms=1;energy_driver,YES,1,"[""YES"", ""YES"", ""YES""]","[""Power price hikes often correlate with ETS compliance costs and demand for clean energy, suggesting upward pressure on ETS prices."", ""Power price surge often correlates with ETS compliance pressures and carbon costs."", ""Power price spikes often correlate with ETS compliance pressures, driving up carbon costs.""]",7,1.0,0.7,0.7,"[7, 7, 7]"
4727,https://news.err.ee/1608670480/marten-kokk-estonian-forestry-was-not-cut-down-in-europe,,Marten Kokk : Estonian forestry was not cut down in Europe,2022-07-31,https://s.err.ee/photo/crop/2019/05/14/636839h4166t24.jpg,news.err.ee,English,Estonia,2,2,eu_context,NO,-1,"[""NO"", ""NO"", ""NO""]","[""Estonian forestry activity is unlikely to directly affect EU ETS price due to low emissions intensity and minimal cross-border carbon trading exposure."", ""Estonian forestry activity is unlikely to materially affect EU ETS pricing given its small scale and lack of direct emissions linkage."", ""Estonian forestry activity is unlikely to significantly affect EU ETS price given the headline's focus on non-cutting activity.""]",2,1.0,-0.2,-0.2,"[2, 2, 2]"
4733,https://www.eenews.net/articles/as-europe-hunts-for-gas-where-do-the-emissions-go/,,"As Europe hunts for gas , where do the emissions go ? ",2022-08-03,https://static.politico.com/23/72/ee30aa9148c18336ca28e08e84c6/cw-0803-schonhardt-international-1160-01.jpg,eenews.net,English,United States,2,5,eu_context;carbon_terms=2;energy_driver,NO,-1,"[""NO"", ""NO"", ""NO""]","[""Emissions may shift to other sectors or countries, potentially affecting EU ETS pricing through altered compliance dynamics."", ""Rationale: Gas substitution may reduce emissions, but EU ETS price volatility depends more on policy and market fundamentals than short-term energy sourcing shifts."", ""Emissions may shift to other sectors or countries, potentially affecting EU ETS pricing via supply-demand dynamics.""]",5,1.0,-0.5,-0.5,"[6, 5, 5]"
4739,https://apnews.com/press-release/kisspr/technology-health-canada-medical-devices-649254f5dd77a3a4b6159f80ffd8e430,,Therma Bright Provides Progress Update on FDA EUA & Health Canada Interim Order Applications for Its AcuVid ( TM ) COVID - 19 Rapid Antigen Saliva Test,2022-08-05,https://apnews.com/images/PaidContent3.png,apnews.com,English,United States,1,8,eu_ets_strong;eu_context,NO,-1,"[""NO"", ""NO"", ""NO""]","[""Carbon trading impact is minimal as this is a regulatory update on a diagnostic test, not a direct emissions or policy change."", ""Regulatory progress on a single diagnostic test has minimal direct impact on EU ETS pricing."", ""Regulatory progress on a single test product has minimal direct impact on EU ETS pricing.""]",2,1.0,-0.2,-0.2,"[2, 2, 2]"
4745,https://financialpost.com/pmn/business-pmn/carbon-prices-in-asia-are-too-cheap-to-help-curb-emissions,https://financialpost.com/pmn/business-pmn/carbon-prices-in-asia-are-too-cheap-to-help-curb-emissions/wcm/65145e88-993e-486a-85a5-2286544dd6a1/amp/,Carbon Prices in Asia Are Too Cheap to Help Curb Emissions,2022-08-07,https://smartcdn.gprod.postmedia.digital/financialpost/wp-content/uploads/2022/08/775392389.jpg,financialpost.com,English,Canada,1,4,carbon_terms=4,NO,-1,"[""NO"", ""NO"", ""NO""]","[""Asia\u2019s low carbon prices may undermine global emission reduction efforts, potentially influencing EU ETS dynamics through trade and policy spillovers."", ""Asia\u2019s low carbon prices may undermine global emission reduction efforts, potentially affecting EU ETS pricing via trade and policy alignment."", ""Asia\u2019s low carbon prices may undermine global emissions reduction efforts and pressure EU ETS to adjust.""]",7,1.0,-0.7,-0.7,"[7, 7, 7]"
4751,https://www.finanznachrichten.de/nachrichten-2022-08/56760197-gencell-energy-collaborates-with-milani-s-p-a-to-maximize-market-penetration-of-its-alkaline-fuel-cell-technology-for-powering-critical-applications-008.htm,,GenCell Energy Collaborates with Milani S . p . A . to Maximize Market Penetration of its Alkaline Fuel Cell Technology for Powering Critical Applications in Commercial and Industrial Buildings ( C & I ) Across Europe,2022-08-09,,finanznachrichten.de,English,Germany,2,4,eu_context;carbon_terms=1;energy_driver,NO,-1,"[""NO"", ""NO"", ""NO""]","[""Alkaline fuel cell tech is niche and not yet widely deployed in EU ETS-covered sectors, so collaboration unlikely to drive immediate price movement."", ""Alkaline fuel cell tech is niche and not yet mainstream in EU ETS-covered sectors, limiting immediate price impact."", ""Alkaline fuel cell tech in C&I buildings is niche and not yet large-scale, limiting immediate ETS price impact.""]",3,1.0,-0.3,-0.3,"[3, 3, 3]"
4757,https://www.etftrends.com/climate-insights-channel/what-europes-energy-crisis-means-for-carbon-markets-in-the-second-half/,https://www.etftrends.com/climate-insights-channel/what-europes-energy-crisis-means-for-carbon-markets-in-the-second-half/amp/,What Europe Energy Crisis Means for Carbon Markets in the Second Half,2022-08-11,https://www.etftrends.com/wp-content/uploads/2022/08/What-Europes-Energy-Crisis-Means-for-Carbon-Markets-in-the-Second-Half.jpg,etftrends.com,English,China,1,4,eu_context;carbon_terms=2,YES,1,"[""YES"", ""YES"", ""YES""]","[""Energy crisis drives short-term price spikes via increased emissions and regulatory pressure."", ""Energy crisis drives short-term ETS price upward due to increased emissions and regulatory pressure."", ""Energy crisis drives short-term ETS price spikes via higher emissions and policy tightening.""]",7,1.0,0.7,0.7,"[7, 7, 7]"
4763,https://ec.europa.eu/clima/eu-action/eu-emissions-trading-system-eu-ets_en,,EU Emissions Trading System ( EU ETS ) ,2022-08-13,https://ec.europa.eu/clima/profiles/contrib/ewcms/modules/ewcms_seo/assets/images/ec-socialmedia-fallback.png,ec.europa.eu,English,Belgium,1,11,eu_ets_strong;eu_context;carbon_terms=3,NO,-1,"[""NO"", ""NO"", ""NO""]","[""Lack of specific event or data in headline limits actionable insight."", ""Lack of specific policy or market-moving event in headline makes directional prediction uncertain."", ""Lack of specific event or data in headline limits actionable insight.""]",3,1.0,-0.3,-0.3,"[3, 3, 3]"
4769,https://energy.einnews.com/pr_news/586074219/global-scrubber-system-market-to-reach-usd-3-65-billion-by-2028-powered-by-stringent-environmental-regulations-to-reduce-atmospheric-emissions,,Global Scrubber System Market to Reach USD 3 . 65 Billion by 2028 ; Powered by Stringent Environmental Regulations to Reduce Atmospheric Emissions | Vantage Market Research,2022-08-15,,energy.einnews.com,English,United States,2,4,carbon_terms=3;energy_driver,NO,-1,"[""NO"", ""NO"", ""NO""]","[""EU ETS price not directly impacted by scrubber market growth unless tied to industrial emissions caps."", ""EU ETS price is unlikely to be directly impacted by global scrubber market growth unless tied to specific EU regulation or emission caps."", ""EU ETS price not directly impacted by scrubber market growth unless tied to industrial emissions compliance.""]",3,1.0,-0.3,-0.3,"[3, 3, 3]"
4775,https://www.europesun.com/news/272656898/european-forest-fires-release-record-breaking-carbon-emissions,,European forest fires release record - breaking carbon emissions,2022-08-17,https://cdn.bignewsnetwork.com/frc1660743430.jpg,europesun.com,English,Russia,2,5,eu_context;carbon_terms=3,YES,1,"[""YES"", ""YES"", ""YES""]","[""Forest fires directly increase carbon emissions, potentially triggering price spikes in the EU ETS."", ""Forest fires release significant carbon, likely pressuring ETS prices as emissions data impacts compliance costs."", ""Forest fires directly increase carbon emissions, likely pressuring EU ETS prices as compliance costs rise.""]",8,1.0,0.8,0.8,"[8, 7, 8]"
4781,https://www.worldoil.com/news/2022/8/19/europe-s-carbon-price-hits-new-record-as-natural-gas-becomes-scarce/,,Europe carbon price hits new record as natural gas becomes scarce,2022-08-19,https://www.worldoil.com/media/ekmhckxw/power-plant-coal-pollution-stock.png,worldoil.com,English,United States,2,5,eu_context;carbon_terms=2;energy_driver,YES,1,"[""YES"", ""YES"", ""YES""]","[""Scarcity of natural gas drives up energy demand and carbon-intensive production, pushing EU ETS prices higher."", ""Scarcity of natural gas drives up energy demand and carbon-intensive activity, pushing EU ETS prices higher."", ""Scarcity of natural gas drives up energy demand and carbon-intensive production, boosting EU ETS prices.""]",8,1.0,0.8,0.8,"[8, 8, 8]"
4787,https://www.hellenicshippingnews.com/eu-carbon-price-hits-all-time-high-of-eur99-14-mtco2e/,https://www.hellenicshippingnews.com/eu-carbon-price-hits-all-time-high-of-eur99-14-mtco2e/amp/,EU carbon price hits all - time high of Eur99 . 14 / mtCO2e | Hellenic Shipping News Worldwide,2022-08-21,,hellenicshippingnews.com,English,China,1,4,eu_context;carbon_terms=2,YES,1,"[""YES"", ""YES"", ""YES""]","[""This record high signals strong market demand and potential for sustained upward pressure."", ""This record high signals strong market demand and policy strength, likely to sustain upward pressure."", ""This record price signals strong market confidence in carbon pricing and potential policy tightening.""]",10,1.0,1.0,1.0,"[10, 10, 10]"
4793,https://www.eco-business.com/opinion/the-implications-of-eus-carbon-border-adjustment-mechanism-for-southeast-asia/,,The implications of EU Carbon Border Adjustment Mechanism for Southeast Asia,2022-08-23,https://eco-business.imgix.net/ebmedia/fileuploads/AirPollution_resized-964857752-1660880513893.jpg?fit=crop&ixlib=django-1.2.0&q=85,eco-business.com,English,China,1,9,eu_ets_strong;eu_context;carbon_terms=1,NO,-1,"[""YES"", ""NO"", ""NO""]","[""EU CBAM may drive demand for carbon credits from Southeast Asia, indirectly influencing EU ETS prices."", ""Potential indirect pressure on EU ETS prices via increased import costs for carbon-intensive goods from Southeast Asia."", ""EU CBAM may indirectly pressure Southeast Asian emitters to decarbonize, potentially affecting global carbon pricing dynamics.""]",6,0.6666666666666666,-0.6,-0.3999999999999999,"[7, 6, 6]"
4799,https://fulcrum.sg/the-implications-of-eus-cbam-for-southeast-asia/,,The Implications of EU CBAM for Southeast Asia,2022-08-25,https://fulcrum.sg/wp-content/uploads/AirPollution_resized-964857752-1660880513893.jpg,fulcrum.sg,English,,1,8,eu_ets_strong;eu_context,NO,-1,"[""NO"", ""NO"", ""NO""]","[""EU CBAM may indirectly affect ETS prices via trade flows, but Southeast Asia\u2019s current exposure is limited."", ""CBAM may indirectly affect EU ETS via import tariffs, but Southeast Asia\u2019s direct ETS linkage is minimal."", ""EU CBAM may indirectly affect ETS prices via trade flows, but Southeast Asia\u2019s direct exposure is limited.""]",5,1.0,-0.5,-0.5,"[5, 5, 5]"
4805,https://www.breitbart.com/environment/2022/08/26/hayward-china-worlds-worst-polluter-condemns-u-s-and-europe-for-coal-plants/,https://www.breitbart.com/environment/2022/08/26/hayward-china-worlds-worst-polluter-condemns-u-s-and-europe-for-coal-plants/amp/,"Hayward : China , World Worst Polluter , Condemns U . S . and Europe for Coal Plants",2022-08-27,https://media.breitbart.com/media/2022/08/china-us-carbon-reduction-nov-28-2019-file-photo-smoke-steam-rise-coal-processing-plant-hejin-640x335.png,breitbart.com,English,United States,2,3,eu_context;energy_driver,NO,-1,"[""NO"", ""NO"", ""NO""]","[""China\u2019s coal plant criticism may trigger EU ETS volatility via global carbon pricing sentiment shifts."", ""China\u2019s coal plant criticism may signal future policy shifts but doesn\u2019t immediately impact EU ETS pricing."", ""China\u2019s coal plant criticism may pressure EU ETS as global emissions targets shift.""]",7,1.0,-0.7,-0.7,"[7, 6, 7]"
4811,https://www.politico.eu/article/pressure-for-eu-level-intervention-in-energy-market-mounts-amid-soaring-prices/,https://www.politico.eu/article/pressure-for-eu-level-intervention-in-energy-market-mounts-amid-soaring-prices/amp/,EU promises  emergency intervention  to rein in energy prices – POLITICO,2022-08-29,"https://www.politico.eu/cdn-cgi/image/width=1200,height=630,fit=crop,quality=80,onerror=redirect/wp-content/uploads/2022/08/29/GettyImages-1242010778-scaled.jpg",politico.eu,English,United States,1,3,eu_context;carbon_terms=1,NO,-1,"[""NO"", ""NO"", ""NO""]","[""Emergency intervention signals policy tightening, likely to suppress ETS prices short-term."", ""Emergency intervention may suppress prices but could trigger market uncertainty and affect long-term ETS dynamics."", ""Emergency intervention may signal policy tightening, potentially suppressing ETS prices short-term.""]",6,1.0,-0.6,-0.6,"[6, 6, 6]"
4817,"https://www.streetinsider.com/Corporate+News/%E2%80%8BPfizer+(PFE),+BioNTech+SE+(BNTX)+Confirm+FDA+EUA+for+Omicron+Booster/20534282.html",,"Pfizer ( PFE ), BioNTech SE ( BNTX ) Confirm FDA EUA for Omicron Booster",2022-08-31,http://www.streetinsider.com/https://www.streetinsider.com/images/summaries/1823/resize_BioNtech.jpg,streetinsider.com,English,United States,1,8,eu_ets_strong;eu_context,NO,-1,"[""NO"", ""NO"", ""NO""]","[""Vaccine booster approvals may signal reduced public health urgency, potentially lowering demand for carbon credits tied to pandemic-related emissions."", ""Vaccine booster approvals may signal reduced pandemic urgency, potentially lowering carbon-intensive healthcare demand."", ""Vaccine booster approvals may signal reduced pandemic-related carbon emissions, but impact on EU ETS is indirect and short-term.""]",3,1.0,-0.3,-0.3,"[3, 3, 3]"
4823,https://www.theguardian.com/environment/2022/sep/03/energy-citizenship-europes-communities-forging-a-low-carbon-future,https://amp.theguardian.com/environment/2022/sep/03/energy-citizenship-europes-communities-forging-a-low-carbon-future,Energy citizenship : Europe communities forging a low - carbon future | Energy,2022-09-03,https://i.guim.co.uk/img/media/f7eeaf9778ad23d34916d33069303642a57a53fb/118_0_1272_763/master/1272.png?&quality=85&auto=format&fit=crop&overlay-align=bottom%2Cleft&overlay-width=100p&overlay-base64=L2ltZy9zdGF0aWMvb3ZlcmxheXMvdGctZGVmYXVsdC5wbmc&enable=upscale&s=904b71e2919d7a95c39bb16083ecaaa7,theguardian.com,English,United Kingdom,2,3,eu_context;carbon_terms=1,NO,-1,"[""NO"", ""NO"", ""NO""]","[""Community-level initiatives may have limited direct impact on EU ETS price volatility."", ""Low-carbon community initiatives may signal policy shifts but lack immediate market impact."", ""Low-carbon community initiatives may have modest, localized impacts on EU ETS pricing.""]",3,1.0,-0.3,-0.3,"[3, 3, 3]"
4829,https://www.zerohedge.com/markets/europe-implodes-its-leaders-plan-radical-intervention-including-price-setting-suspending,,"As Europe Implodes , Its Plans  Radical Intervention  Including Price - Setting , Suspending Derivatives Markets And Europe - Wide Margin Call Bailouts",2022-09-05,https://assets.zerohedge.com/s3fs-public/styles/16_9_max_700/public/2022-09/trader%20hand%20on%20face%208.jpg?h=a5aef433&itok=YgQYzP5h,zerohedge.com,English,United States,2,4,eu_context;carbon_terms=2,YES,1,"[""YES"", ""YES"", ""YES""]","[""Radical intervention measures like price-setting and margin call bailouts signal strong policy-driven volatility, likely pushing EU ETS prices sharply upward in the short term."", ""Radical intervention measures like price-setting and margin call bailouts signal direct policy-driven volatility, likely pushing EU ETS prices sharply higher in the short term."", ""Radical intervention measures like price-setting and margin call bailouts signal policy-driven volatility that could trigger short-term price spikes in EU ETS.""]",8,1.0,0.8,0.8,"[8, 8, 8]"
4835,https://www.hedgeweek.com/2022/09/07/317238/eex-reports-13-august-increase-european-power-spot-market-trading,,EEX reports 13 % August increase in European Power Spot market trading,2022-09-07,,hedgeweek.com,English,United Kingdom,2,11,eu_ets_strong;eu_context;carbon_terms=2;energy_driver,NO,-1,"[""NO"", ""NO"", ""NO""]","[""Spot trading volume surge may signal higher demand but doesn\u2019t directly impact ETS price fundamentals."", ""Spot trading volume surge may reflect speculative activity, not direct ETS price pressure."", ""Spot trading volume surge may indicate higher demand but doesn\u2019t directly signal ETS price movement.""]",3,1.0,-0.3,-0.3,"[3, 3, 3]"
4841,https://community.oilprice.com/topic/32262-europe%E2%80%99s-carbon-price-hits-new-record-as-coal-drives-emissions-bloomberg/,,  Europe carbon price hits new record as coal drives emissions  - Bloomberg - Oil ( General ) ,2022-09-09,,community.oilprice.com,English,United States,2,7,eu_context;carbon_terms=4;energy_driver,YES,1,"[""YES"", ""YES"", ""YES""]","[""Coal-driven emissions are pushing EU ETS prices higher, signaling strong demand for carbon credits."", ""Coal-driven emissions are pushing EU ETS prices higher, signaling strong demand for carbon credits."", ""Coal-driven emissions are pushing EU ETS prices higher, indicating strong short-term demand for carbon credits.""]",8,1.0,0.8,0.8,"[8, 8, 8]"
4847,https://www.tdtnews.com/news/article_ced60338-3186-11ed-b66a-e703024970e7.html,,Europe struggles to cope with Russia gas shutoffs,2022-09-11,https://bloximages.newyork1.vip.townnews.com/tdtnews.com/content/tncms/custom/image/70ad2d3a-1413-11ed-84ba-1f8f863280d7.png,tdtnews.com,English,United States,2,3,eu_context;energy_driver,NO,-1,"[""NO"", ""NO"", ""NO""]","[""Gas shortages may pressure energy prices and indirectly affect ETS compliance costs, but direct ETS impact is limited."", ""Gas shortages may pressure energy prices and indirectly affect carbon pricing via increased emissions and regulatory tightening."", ""Gas shortages may trigger energy price spikes, indirectly pressuring EU ETS as emissions-intensive industries face higher costs.""]",6,1.0,-0.6,-0.6,"[6, 6, 7]"
4853,https://www.socialistsanddemocrats.eu/newsroom/sds-reduce-drought-europe-we-need-speed-fit-55-and-climate-ambitions,,S : To reduce drought in Europe we need to speed up Fit for 55 and climate ambitions,2022-09-13,https://www.socialistsanddemocrats.eu/sites/default/files/styles/meta_tags/public/2022-09/drought%20dried%20lake.jpg?itok=TBVemwt6,socialistsanddemocrats.eu,English,Austria,2,8,eu_ets_strong;eu_context,YES,1,"[""YES"", ""YES"", ""YES""]","[""Accelerating Fit for 55 could increase carbon pricing pressure, supporting short-term ETS price gains."", ""Climate policy acceleration could boost carbon pricing via stricter emissions targets."", ""Accelerating Fit for 55 could increase carbon pricing pressure, potentially boosting EU ETS prices in the short term.""]",7,1.0,0.7,0.7,"[7, 7, 7]"
4859,https://www.etftrends.com/climate-insights-channel/europes-carbon-market-already-pricing-in-credit-reserve-sales/,https://www.etftrends.com/climate-insights-channel/europes-carbon-market-already-pricing-in-credit-reserve-sales/amp/,Europe Carbon Market Already Pricing in Credit Reserve Sales,2022-09-15,https://www.etftrends.com/wp-content/uploads/2022/09/Europes-Carbon-Market-Already-Pricing-in-Credit-Reserve-Sales.jpg,etftrends.com,English,China,1,4,eu_context;carbon_terms=2,YES,1,"[""YES"", ""YES"", ""YES""]","[""Credit reserve sales signal increased market confidence and may drive upward pressure on ETS prices."", ""Credit reserve sales already embedded in pricing suggest market participants expect future policy flexibility."", ""Credit reserve sales signal increased market confidence and may boost short-term ETS prices.""]",7,1.0,0.7,0.7,"[7, 7, 7]"
4865,https://www.washingtonpost.com/world/2022/09/17/europe-russian-natural-gas-prices-firewood/,,Europe suffers fuel prices soar as Russia cuts natural gas supply,2022-09-17,https://arc-anglerfish-washpost-prod-washpost.s3.amazonaws.com/public/UAWPOVBV7YI63IGWIFJJTP7L2U.jpg,washingtonpost.com,English,United States,2,4,eu_context;carbon_terms=1;energy_driver,YES,1,"[""YES"", ""YES"", ""YES""]","[""Russia\u2019s gas cut forces Europe to seek alternatives, increasing demand for carbon-intensive fuels and likely pushing EU ETS prices higher."", ""Russia\u2019s gas cut reduces EU energy security, pushing up fuel costs and likely increasing ETS compliance costs for industries."", ""Russia\u2019s gas cut reduces EU reliance on cheap imports, pushing up heating and industrial fuel costs and likely increasing emissions-intensive production, which may trigger ETS price pressure.""]",7,1.0,0.7,0.7,"[8, 7, 7]"
4871,https://www.hellenicshippingnews.com/is-china-reexporting-russian-gas-to-europe/,,Is China reexporting Russian gas to Europe ? | Hellenic Shipping News Worldwide,2022-09-19,,hellenicshippingnews.com,English,China,2,9,eu_ets_strong;eu_context;energy_driver,NO,-1,"[""NO"", ""NO"", ""NO""]","[""Limited direct impact on EU ETS as reexporting gas is not a major carbon-intensive activity under current ETS rules."", ""Reexporting Russian gas via China is unlikely to significantly impact EU ETS prices due to limited volume and lack of direct EU market linkage."", ""Limited direct impact on EU ETS as reexporting gas is not a major carbon-intensive activity under current ETS rules.""]",3,1.0,-0.3,-0.3,"[3, 3, 3]"
4877,https://www.etftrends.com/climate-insights-channel/as-eu-addresses-energy-reforms-carbon-prices-stabilize/,https://www.etftrends.com/climate-insights-channel/as-eu-addresses-energy-reforms-carbon-prices-stabilize/amp/,"As EU Addresses Energy Reforms , Carbon Prices Stabilize",2022-09-21,https://www.etftrends.com/wp-content/uploads/2022/09/As-EU-Addresses-Energy-Reforms-Carbon-Prices-Stabilize.jpg,etftrends.com,English,China,1,4,eu_context;carbon_terms=2,NO,-1,"[""NO"", ""YES"", ""NO""]","[""Stabilization suggests reduced volatility but doesn\u2019t imply a clear short-term directional move."", ""Stabilization suggests market sentiment is calming, but reforms may introduce future volatility."", ""Stabilization suggests reduced volatility but doesn\u2019t imply a clear short-term price direction.""]",5,0.6666666666666666,-0.5,-0.3333333333333333,"[5, 5, 5]"
4883,https://www.france24.com/en/tv-shows/talking-europe/20220923-a-suicidal-war-against-nature-europe-s-climate-ambitions-under-the-microscope,https://amp.france24.com/en/tv-shows/talking-europe/20220923-a-suicidal-war-against-nature-europe-s-climate-ambitions-under-the-microscope,  A suicidal war against nature : Europe climate ambitions under the microscope,2022-09-23,https://s.france24.com/media/display/34e93d40-3a63-11ed-933b-005056a9a7b9/w:1280/p:16x9/TALKING%20EUROPE%20CLEAN.jpg,france24.com,English,France,1,2,eu_context,NO,-1,"[""NO"", ""NO"", ""NO""]","[""Climate scrutiny may pressure EU ETS policy, potentially boosting prices."", ""Climate scrutiny may push EU ETS prices higher as policymakers tighten emissions targets."", ""Climate scrutiny may pressure EU ETS policy, potentially boosting prices short-term.""]",7,1.0,-0.7,-0.7,"[7, 7, 7]"
4889,https://www.orfonline.org/research/making-a-case-for-a-carbon-pricing-mechanism-for-india/,https://www.orfonline.org/research/making-a-case-for-a-carbon-pricing-mechanism-for-india/?amp,To Price or not to Price ? Making a Case for a Carbon Pricing Mechanism for India,2022-09-27,https://www.orfonline.org/wp-content/uploads/2022/09/OP_368.jpg,orfonline.org,English,India,1,2,carbon_terms=2,NO,-1,"[""NO"", ""NO"", ""NO""]","[""EU ETS price not directly affected by India\u2019s carbon pricing policy, as it operates in a different market and regulatory framework."", ""EU ETS price not directly affected by India\u2019s carbon pricing mechanism due to jurisdictional separation."", ""EU ETS price not directly affected by India\u2019s carbon pricing mechanism due to market segmentation.""]",3,1.0,-0.3,-0.3,"[3, 3, 3]"
4895,https://www.hellenicshippingnews.com/dedicated-fund-within-maritime-eu-ets-must-support-investments-in-port-infrastructure-to-enable-the-greening-of-shipping/,,Dedicated fund within Maritime EU ETS must support investments in port infrastructure to enable the greening of shipping,2022-09-30,,hellenicshippingnews.com,English,China,1,8,eu_ets_strong;eu_context,NO,-1,"[""NO"", ""NO"", ""NO""]","[""Port infrastructure investments may modestly influence ETS pricing via sectoral demand, but not decisive short-term driver."", ""Port infrastructure investments may modestly support ETS compliance but don\u2019t directly drive price volatility."", ""Port infrastructure investments may slightly boost ETS demand but don\u2019t directly alter price dynamics.""]",5,1.0,-0.5,-0.5,"[5, 5, 5]"
4901,https://www.bignewsnetwork.com/news/272813813/european-commission-threatens-to-sue-ireland-to-end-cutting-of-peat,,European Commission threatens to sue Ireland to end cutting of peat,2022-10-02,https://cdn.bignewsnetwork.com/cus1664652968961.jpg,bignewsnetwork.com,English,United States,2,2,eu_context,NO,-1,"[""NO"", ""NO"", ""NO""]","[""Peat cutting restrictions may influence Ireland\u2019s emissions profile, potentially impacting EU ETS compliance and pricing."", ""Peat cutting restrictions could affect Ireland\u2019s emissions profile and potentially trigger EU ETS compliance adjustments."", ""Peat cutting restrictions may affect Ireland\u2019s emissions profile, but EU ETS price is more sensitive to broader policy shifts or industrial emissions.""]",6,1.0,-0.6,-0.6,"[6, 6, 5]"
4907,https://www.aerospace-technology.com/features/featureemissions-trading-scheme-revenue-stream-airlines/,,"Emissions Trading Scheme , simply a revenue stream ? ",2022-10-04,,aerospace-technology.com,English,United States,1,3,carbon_terms=3,NO,-1,"[""NO"", ""NO"", ""NO""]","[""The headline suggests a potential underappreciation of ETS\u2019s role beyond revenue, which could signal market sentiment shifts affecting price dynamics."", ""The headline suggests a potential devaluation of the EU ETS as a revenue generator, which could signal policy shifts or market skepticism affecting short-term pricing."", ""The headline suggests a potential devaluation of the EU ETS as a revenue generator, which could signal policy shifts impacting price dynamics.""]",6,1.0,-0.6,-0.6,"[6, 6, 7]"
4913,https://finance.yahoo.com/news/global-coal-power-decommissioning-market-100000612.html,https://finance.yahoo.com/amphtml/news/global-coal-power-decommissioning-market-100000612.html,Global Coal power decommissioning market is projected to grow at a CAGR of 6 . 9 % By 2032 : Visiongain Reports Ltd,2022-10-07,https://s.yimg.com/ny/api/res/1.2/F06IHV7x9m6zHW.Rv.qYug--/YXBwaWQ9aGlnaGxhbmRlcjt3PTEyMDA7aD00ODY-/https://media.zenfs.com/en/globenewswire.com/4525b4ad5ff84622581f99a9a2ed1a34,finance.yahoo.com,English,United States,1,2,carbon_terms=1;energy_driver,NO,-1,"[""NO"", ""NO"", ""NO""]","[""Coal decommissioning growth may indirectly affect carbon prices via supply-side shifts but lacks direct ETS linkage."", ""Coal decommissioning growth may indirectly affect EU ETS via reduced emissions, but lacks direct price linkage."", ""Coal decommissioning growth may indirectly affect EU ETS via reduced emissions, but direct price impact is uncertain.""]",5,1.0,-0.5,-0.5,"[5, 4, 5]"
4919,https://www.pv-magazine.com/2022/10/08/the-weekend-read-catalyst-for-an-eu-solar-cell-module-comeback/,,"The weekend read : Catalyst for an EU solar cell , module comeback",2022-10-10,https://www.pv-magazine.com/wp-content/uploads/2022/10/10027-3Sun1.jpg,pv-magazine.com,English,United States,1,2,eu_context,NO,-1,"[""NO"", ""NO"", ""NO""]","[""Solar module rebound may signal demand growth but doesn\u2019t directly impact EU ETS pricing mechanics."", ""Solar module rebound may signal demand growth but lacks direct ETS price linkage."", ""Solar module rebound may signal increased demand, but lacks direct ETS price linkage without policy or supply chain specifics.""]",3,1.0,-0.3,-0.3,"[3, 3, 3]"
4925,https://www.timeshighereducation.com/world-university-rankings/european-universities-tentatively-embrace-working-industry,,European universities tentatively embrace industry | Times Higher Education ( THE ) ,2022-10-16,https://www.timeshighereducation.com/sites/default/files/robot_alamy.jpg,timeshighereducation.com,English,United Kingdom,1,2,eu_context,NO,-1,"[""NO"", ""NO"", ""NO""]","[""Industry collaboration may modestly influence ETS policy but unlikely to drive short-term price swings."", ""Industry collaboration may modestly influence ETS dynamics but lacks immediate price impact."", ""Industry collaboration may slightly increase emissions-related demand but doesn't signal major ETS price shifts.""]",3,1.0,-0.3,-0.3,"[3, 3, 3]"
4931,https://science.thewire.in/environment/india-national-carbon-market-stake/,https://science.thewire.in/environment/india-national-carbon-market-stake/amp/,"As India Readies Its Carbon Market , a Q & A of What at Stake – The Wire Science",2022-10-19,https://cdn.thewire.in/wp-content/uploads/2022/10/19120747/anjan-rajani-X4Ui1ibMEEM-unsplash-scaled.jpg,science.thewire.in,English,,1,2,carbon_terms=2,NO,-1,"[""NO"", ""NO"", ""NO""]","[""India\u2019s carbon market development may indirectly influence EU ETS dynamics through global carbon pricing trends and policy spillovers."", ""India\u2019s carbon market development may indirectly influence EU ETS via global carbon pricing dynamics but has limited immediate short-term impact."", ""India\u2019s carbon market development may indirectly influence EU ETS volatility through global carbon pricing dynamics, but no immediate short-term impact is expected.""]",3,1.0,-0.3,-0.3,"[3, 3, 3]"
4937,https://www.fastmarkets.com/insights/european-ferro-alloys-energy-crisis-lme-week,,European ferro - alloys industry needs urgent help to survive energy crisis Euroalliages : LME Week,2022-10-21,https://fastmarkets-production-web.s3.amazonaws.com/brightspot/b4/41/e658f778499fbd7688d9d50e9ffe/gettyimages-157695931.jpg,fastmarkets.com,English,China,1,2,eu_context,NO,-1,"[""NO"", ""NO"", ""NO""]","[""Ferroalloys sector\u2019s energy crisis may trigger policy interventions, but short-term ETS price impact is uncertain without clear regulatory response."", ""Ferroalloy industry\u2019s energy crisis may drive short-term ETS volatility via emissions trading adjustments."", ""Ferroalloys industry\u2019s energy crisis may affect EU ETS prices indirectly via emissions-intensive production, but short-term direction is uncertain without policy interventions.""]",5,1.0,-0.5,-0.5,"[5, 6, 5]"
4943,https://www.mayerbrown.com/en/perspectives-events/publications/2022/10/europe-daily-news/europe-daily-news-oct2722,,"Europe Daily News , 27 October 2022 | Perspectives & Events",2022-10-27,,mayerbrown.com,English,United States,1,2,eu_context,NO,-1,"[""NO"", ""NO"", ""NO""]","[""Lack of specific event details in headline limits actionable insight."", ""Lack of specific event details in headline limits actionable insight."", ""Lack of specific event details in headline limits actionable insight.""]",3,1.0,-0.3,-0.3,"[3, 3, 3]"
4949,https://www.lexology.com/library/detail.aspx?g=51c20c7d-4743-4316-bb4f-3771c96d0aad,,Update on Fit for 55 and REPowerEU : fast - tracking of renewable energy projects remains a priority amid initiatives to decarbonise all sectors,2022-11-01,,lexology.com,English,United States,2,10,eu_ets_strong;eu_context;carbon_terms=1;energy_driver,YES,1,"[""YES"", ""YES"", ""YES""]","[""Renewable project fast-tracking under Fit for 55 and REPowerEU likely boosts demand for carbon allowances, supporting short-term EU ETS prices."", ""Renewable project fast-tracking under Fit for 55 and REPowerEU boosts emissions reductions, likely pressuring EU ETS prices upward."", ""Renewable project fast-tracking under Fit for 55 and REPowerEU could boost demand for carbon allowances, supporting short-term ETS prices.""]",7,1.0,0.7,0.7,"[7, 7, 7]"
4955,https://www.businesswire.com/news/home/20221028005298/en/ICE-Publishes-2023-Auction-Calendar-for-UK%E2%80%99s-Emissions-Trading-Scheme,,ICE Publishes 2023 Auction Calendar for united kingdom Emissions Trading Scheme,2022-11-03,https://mms.businesswire.com/media/20221028005298/en/411456/23/ICE_R_colour.jpg,businesswire.com,English,United States,1,4,carbon_terms=4,NO,-1,"[""NO"", ""NO"", ""NO""]","[""Auction calendar update doesn\u2019t directly impact EU ETS price, as it\u2019s unrelated to the EU market."", ""EU ETS auction calendar updates are minor operational news with limited direct impact on price."", ""Auction calendar update doesn\u2019t directly impact price movements unless it alters market expectations or regulatory timing.""]",3,1.0,-0.3,-0.3,"[3, 3, 3]"
4961,https://www.energyintel.com/00000184-3f14-d266-ad96-3fdd3fb40000,https://www.energyintel.com/00000184-3f14-d266-ad96-3fdd3fb40000?_amp=true,Burgeoning Carbon Trading Business Poised for Further Growth,2022-11-05,http://energy-intelligence-brightspot.s3.amazonaws.com/ed/27/18c43f574722aad6ca149806dbb9/shutterstock-1184696290.jpg,energyintel.com,English,United States,1,2,carbon_terms=2,YES,1,"[""YES"", ""YES"", ""YES""]","[""Burgeoning carbon trading suggests increased demand and potential price pressure due to expanding market participation."", ""Burgeoning carbon trading suggests increased market activity and potential price pressure upward."", ""Positive sentiment suggests increased demand and market expansion, likely boosting prices.""]",7,1.0,0.7,0.7,"[7, 7, 7]"
4967,https://www.mayerbrown.com/en/perspectives-events/publications/2022/11/europe-daily-news/europe-daily-news-nov0822,,"Europe Daily News , 08 November 2022 | Perspectives & Events",2022-11-08,,mayerbrown.com,English,United States,1,2,eu_context,NO,-1,"[""NO"", ""NO"", ""NO""]","[""Lack of specific event details in headline limits actionable insight for short-term price direction."", ""Lack of specific event details in headline limits actionable insight."", ""Lack of specific event or data in headline to assess short-term price movement.""]",3,1.0,-0.3,-0.3,"[3, 3, 3]"
4973,https://sciencebusiness.net/network-updates/sorbonne-university-signs-eu-research-assessment-reform-agreement,,Sorbonne University signs EU research assessment reform agreement,2022-11-10,,sciencebusiness.net,English,United Kingdom,1,2,eu_context,NO,-1,"[""NO"", ""NO"", ""NO""]","[""EU ETS price is unlikely to be materially affected by academic research agreements."", ""EU ETS price unlikely to be directly affected by academic research agreements."", ""EU ETS price unlikely to be directly affected by academic research agreements.""]",2,1.0,-0.2,-0.2,"[1, 2, 2]"
4979,https://www.finanznachrichten.de/nachrichten-2022-11/57584550-junshi-biosciences-announces-submission-of-a-marketing-authorization-application-to-the-european-medicines-agency-for-toripalimab-399.htm,,Junshi Biosciences Announces Submission of a Marketing Authorization Application to the European Medicines Agency for Toripalimab,2022-11-15,https://ml.globenewswire.com/media/ODM1YTQ3MTMtYWYyNS00Yjg2LThlOTEtYjA1MGViNjU4NDAxLTEyMDY5Mjg=/tiny/Junshi-Biosciences.png,finanznachrichten.de,English,Germany,1,3,eu_context;carbon_terms=1,NO,-1,"[""NO"", ""NO"", ""NO""]","[""EU ETS price is unlikely to be directly affected by a biotech company\u2019s regulatory filing."", ""EU ETS price is unlikely to be directly affected by a biotech company\u2019s regulatory filing."", ""EU ETS price is unlikely to be directly affected by a biotech company\u2019s regulatory filing.""]",2,1.0,-0.2,-0.2,"[2, 2, 2]"
4985,https://sciencebusiness.net/network-updates/eua-new-irecs-project-tackle-challenges-research-ethics-and-integrity,,EUA : New iRECS project to tackle challenges in research ethics and integrity,2022-11-17,,sciencebusiness.net,English,United Kingdom,1,6,eu_ets_strong,NO,-1,"[""NO"", ""NO"", ""NO""]","[""Carbon trading market reacts to policy or regulatory developments, not research ethics projects."", ""Carbon pricing is unlikely to be directly affected by a research ethics project."", ""Carbon trading markets are unlikely to be directly impacted by research ethics initiatives.""]",2,1.0,-0.2,-0.2,"[2, 2, 2]"
4991,https://www.hellenicshippingnews.com/private-seaport-operators-and-terminals-reiterate-their-call-for-a-continuous-monitoring-of-the-future-impacts-of-fueleu-and-eu-ets-on-business-activity-and-employment-in-eu-ports/,,Private Seaport Operators and Terminals reiterate their call for a continuous monitoring of the future impacts of FuelEU and EU ETS – on business activity and employment in EU ports,2022-11-21,,hellenicshippingnews.com,English,China,1,8,eu_ets_strong;eu_context,NO,-1,"[""NO"", ""NO"", ""NO""]","[""FuelEU and EU ETS monitoring calls may signal regulatory uncertainty but don\u2019t yet indicate immediate price movement."", ""FuelEU and EU ETS monitoring calls may signal regulatory uncertainty but lack immediate pricing impact."", ""FuelEU and EU ETS monitoring calls may signal regulatory uncertainty but lack immediate price-moving data.""]",5,1.0,-0.5,-0.5,"[5, 5, 5]"
4997,https://energycentral.com/c/ec/eu-energy-outlook-2060-%E2%80%93-how-will-european-electricity-market-develop-over-next,,EU Energy Outlook 2060 – how will the European electricity market develop over the next 37 years ? ,2022-11-23,,energycentral.com,English,United States,1,4,eu_context;carbon_terms=1;energy_driver,NO,-1,"[""NO"", ""NO"", ""NO""]","[""Long-term scenario analysis doesn\u2019t directly signal short-term ETS price movements."", ""Long-term scenario analysis doesn't directly impact short-term EU ETS price volatility."", ""Long-term outlooks don\u2019t directly influence short-term EU ETS pricing, which reacts to immediate policy, emissions, and market dynamics.""]",3,1.0,-0.3,-0.3,"[2, 3, 3]"
5003,https://www.theguardian.com/environment/2022/nov/29/big-polluters-given-almost-100bn-in-free-carbon-permits-by-eu,https://amp.theguardian.com/environment/2022/nov/29/big-polluters-given-almost-100bn-in-free-carbon-permits-by-eu,Big polluters given almost €100bn in free carbon permits by EU,2022-11-29,https://i.guim.co.uk/img/media/c6e032cfed80e0188e9d37e52dced40bce691d8f/0_158_3500_2101/master/3500.jpg?&quality=85&auto=format&fit=crop&overlay-align=bottom%2Cleft&overlay-width=100p&overlay-base64=L2ltZy9zdGF0aWMvb3ZlcmxheXMvdGctZGVmYXVsdC5wbmc&enable=upscale&s=142cb6a6e366e83e410fc7ca51a9623d,theguardian.com,English,United Kingdom,1,5,eu_context;carbon_terms=3,NO,-1,"[""NO"", ""NO"", ""NO""]","[""Free permits to big polluters reduce market pressure and signal policy leniency."", ""Free permits to big polluters may depress prices in the short term by reducing market pressure."", ""Free permits to big polluters reduce market pressure and signal policy leniency.""]",7,1.0,-0.7,-0.7,"[7, 7, 7]"
5009,https://shipandbunker.com/news/world/584226-container-lines-ready-for-the-eu-emissions-trading-system-wsc,,Container Lines Ready for the EU Emissions Trading System : WSC,2022-12-01,https://shipandbunker.cdn.speedyrails.net/a/img/_mt_7719d48c8d911e859f5d0f37fe33291d.jpg,shipandbunker.com,English,Singapore,1,11,eu_ets_strong;eu_context;carbon_terms=3,YES,1,"[""YES"", ""YES"", ""YES""]","[""Container lines may face compliance costs and operational adjustments, potentially impacting shipping freight rates and ETS demand."", ""Container lines are preparing for compliance, signaling increased demand for carbon credits and potential price pressure."", ""Container lines\u2019 readiness for EU ETS signals increased compliance pressure and potential price support.""]",7,1.0,0.7,0.7,"[7, 7, 7]"
5015,https://www.mis-asia.com/News/It-is-possible-that-the-auction-of-undeveloped-gas-fields-in-Indonesia-will-have-an-impact-on-the-market-for-3d-printed-sand-molds-cost.html,,It is possible that the auction of undeveloped gas fields in Indonesia will have an impact on the market for 3d printed sand molds cost,2022-12-03,,mis-asia.com,English,Malaysia,2,3,carbon_terms=2;energy_driver,NO,-1,"[""NO"", ""NO"", ""NO""]","[""The auction of Indonesian gas fields has no direct or plausible link to 3D printed sand mold costs in carbon markets."", ""Indonesia\u2019s gas field auctions have no direct link to 3D-printed sand mold costs in carbon markets."", ""Indonesia\u2019s gas field auctions have no direct link to 3D-printed sand mold costs or carbon markets.""]",1,1.0,-0.1,-0.1,"[0, 1, 1]"
5021,https://cleantechnica.com/2022/12/04/eu-agrees-to-include-shipping-in-emissions-trading-system-at-last/,https://cleantechnica.com/2022/12/04/eu-agrees-to-include-shipping-in-emissions-trading-system-at-last/amp/,EU Agrees To Include Shipping In Emissions Trading System ( At Last !) ,2022-12-05,https://cleantechnica.com/files/2019/11/Maersk-shipping.jpg,cleantechnica.com,English,United States,1,11,eu_ets_strong;eu_context;carbon_terms=3,YES,1,"[""YES"", ""YES"", ""YES""]","[""Shipping emissions inclusion expands EU ETS coverage, likely boosting prices due to increased compliance costs."", ""Shipping emissions inclusion expands EU ETS coverage, likely boosting price pressure short-term."", ""Shipping sector emissions inclusion expands EU ETS coverage, likely boosting price pressure due to increased compliance costs.""]",8,1.0,0.8,0.8,"[8, 8, 8]"
5027,https://www.rte.ie/news/business/2022/1207/1340581-eu-strikes-deal-on-law-to-increase-airline-carbon-taxes/,https://amp.rte.ie/amp/1340581/ ,EU strikes deal on law to increase airline carbon taxes,2022-12-07,https://img.rasset.ie/00080c6c-1600.jpg,rte.ie,English,Ireland,1,3,eu_context;carbon_terms=1,YES,1,"[""YES"", ""YES"", ""YES""]","[""Increased carbon taxes directly pressure airline emissions, likely boosting EU ETS prices."", ""Higher carbon taxes directly increase airline emissions costs, likely boosting ETS compliance costs and driving upward pressure on prices."", ""Higher airline carbon taxes directly increase emissions-related costs for airlines, likely boosting EU ETS prices.""]",8,1.0,0.8,0.8,"[8, 8, 8]"
5033,https://www.bnnbloomberg.ca/china-s-carbon-market-falls-far-short-of-making-a-climate-impact-1.1856954,https://www.bnnbloomberg.ca/china-s-carbon-market-falls-far-short-of-making-a-climate-impact-1.1856954.amp.html,China Carbon Market Falls Far Short of Making a Climate Impact,2022-12-09,http://www.bnnbloomberg.ca/polopoly_fs/1.1856955!/fileimage/httpImage/image.png_gen/derivatives/landscape_620/image.png,bnnbloomberg.ca,English,Canada,1,2,carbon_terms=2,NO,-1,"[""NO"", ""NO"", ""NO""]","[""China\u2019s underperforming carbon market may dampen global ETS sentiment but won\u2019t decisively shift short-term EU ETS prices."", ""China's underperforming carbon market may indirectly pressure EU ETS by altering global carbon pricing signals, but direct short-term impact is limited."", ""China\u2019s underperforming carbon market may indirectly affect EU ETS via global emissions trends but lacks direct price linkage.""]",5,1.0,-0.5,-0.5,"[5, 5, 5]"
5039,https://www.consilium.europa.eu/en/press/press-releases/2022/12/13/eu-climate-action-provisional-agreement-reached-on-carbon-border-adjustment-mechanism-cbam/,,EU climate action : provisional agreement reached on Carbon Border Adjustment Mechanism ( CBAM ) ,2022-12-13,https://www.consilium.europa.eu/media/60778/20221212-cbam-press-release.png,consilium.europa.eu,English,Latvia,1,9,eu_ets_strong;eu_context;carbon_terms=1,YES,1,"[""YES"", ""YES"", ""YES""]","[""CBAM could drive increased compliance costs and export tariffs, boosting EU ETS demand."", ""CBAM could trigger increased compliance costs and export tariffs, boosting EU ETS demand."", ""CBAM could trigger increased compliance costs and trade tensions, boosting EU ETS demand in the short term.""]",8,1.0,0.8,0.8,"[8, 8, 8]"
5045,https://sciencebusiness.net/network-updates/eua-prepares-next-steps-science-20open-science,,EUA prepares next steps on Science 2 . 0 / Open Science,2022-12-15,,sciencebusiness.net,English,United Kingdom,1,6,eu_ets_strong,NO,-1,"[""NO"", ""NO"", ""NO""]","[""Science 2.0/Open Science initiatives are unlikely to directly impact short-term EU ETS pricing."", ""Science 2.0/open science initiatives are unlikely to have immediate impact on EU ETS pricing."", ""Science 2.0/Open Science initiatives are unlikely to have immediate impact on EU ETS pricing.""]",3,1.0,-0.3,-0.3,"[3, 3, 3]"
5051,https://bioprepwatch.com/reducing-carbon-dioxide-by-2030-european-union-summit-postpones-climate-protection-decision/,,Reducing carbon dioxide by 2030 : European Union summit postpones climate protection decision,2022-12-17,https://bioprepwatch.com/wp-content/uploads/2021/05/Reducing-carbon-dioxide-by-2030-European-Union-summit-postpones-climate.jpg,bioprepwatch.com,English,United States,1,3,eu_context;carbon_terms=1,NO,-1,"[""NO"", ""NO"", ""NO""]","[""Postponing the decision may delay emissions reductions, potentially affecting market expectations and price dynamics."", ""Postponement may delay policy implementation, potentially affecting market expectations but not immediately altering price dynamics."", ""Postponing the decision may delay policy implementation, potentially dampening short-term market expectations for carbon pricing.""]",5,1.0,-0.5,-0.5,"[5, 5, 5]"
5057,https://www.news24.com/fin24/climate_future/news/explainer-can-europes-new-social-climate-fund-protect-poor-from-rising-carbon-cost-20221222,/amp/fin24/climate_future/news/explainer-can-europes-new-social-climate-fund-protect-poor-from-rising-carbon-cost-20221222,EXPLAINER | Can Europe new Social Climate Fund protect poor from rising carbon cost ? ,2022-12-28,https://cdn.24.co.za/files/Cms/General/d/3963/01e79fec6c874696a1c2abe2b88365c6.jpg,news24.com,English,South Africa,1,3,eu_context;carbon_terms=1,NO,-1,"[""NO"", ""NO"", ""NO""]","[""The fund\u2019s direct impact on EU ETS pricing is limited as it targets social equity rather than carbon market mechanics."", ""The fund\u2019s direct impact on EU ETS pricing is limited as it targets social equity rather than carbon market mechanics."", ""The fund\u2019s direct impact on EU ETS prices is limited as it targets social equity, not carbon market mechanics.""]",3,1.0,-0.3,-0.3,"[3, 3, 3]"
5063,https://www.politico.eu/article/eu-uk-fresh-start-in-2023-brexit-gibraltar-northern-ireland-trade-emissions/,https://www.politico.eu/article/eu-uk-fresh-start-in-2023-brexit-gibraltar-northern-ireland-trade-emissions/amp/,Brexual healing ? EU and Britain dream of a fresh start in 2023,2022-12-30,"https://www.politico.eu/cdn-cgi/image/width=1200,height=630,fit=crop,quality=80,onerror=redirect/wp-content/uploads/2022/12/28/GettyImages-1244145329-scaled.jpg",politico.eu,English,United States,1,2,eu_context,NO,-1,"[""NO"", ""NO"", ""NO""]","[""Brexit-related political developments may influence carbon pricing indirectly, but no immediate market impact is expected."", ""Brexit-related political developments are unlikely to directly impact EU ETS pricing in the short term."", ""Brexit-related political developments are unlikely to directly impact EU ETS pricing in the short term.""]",3,1.0,-0.3,-0.3,"[3, 3, 3]"
5069,https://ecfr.eu/publication/sunny-side-up-maximising-the-european-green-deals-potential-for-north-africa-and-europe/,https://ecfr.eu/publication/sunny-side-up-maximising-the-european-green-deals-potential-for-north-africa-and-europe/?amp,Sunny side up : Maximising the European Green Deal potential for North Africa and Europe – European Council on Foreign Relations,2023-01-09,https://ecfr.eu/wp-content/uploads/2023/01/33144390060_a1f497d749_o-scaled-864x486-c-center.jpg,ecfr.eu,English,Russia,1,2,eu_context,NO,-1,"[""NO"", ""NO"", ""NO""]","[""It focuses on policy cooperation rather than immediate market drivers affecting EU ETS pricing."", ""It focuses on geopolitical and policy coordination rather than immediate ETS market dynamics."", ""It focuses on policy alignment and regional cooperation rather than immediate market drivers affecting EU ETS prices.""]",3,1.0,-0.3,-0.3,"[3, 3, 3]"
5075,https://www.etftrends.com/climate-insights-channel/a-guide-to-u-s-carbon-markets-in-2022-and-2023/,https://www.etftrends.com/climate-insights-channel/a-guide-to-u-s-carbon-markets-in-2022-and-2023/amp/,A Guide to U . S . Carbon Markets in 2022 and 2023,2023-01-12,https://www.etftrends.com/wp-content/uploads/2023/01/A-Guide-to-U.S.-Carbon-Markets-in-2022-and-2023.jpg,etftrends.com,English,China,1,2,carbon_terms=2,NO,-1,"[""NO"", ""NO"", ""NO""]","[""U.S. carbon markets are not directly linked to EU ETS pricing, so this headline has limited short-term impact."", ""U.S. carbon markets are not directly tied to EU ETS pricing, so this headline has limited short-term impact."", ""U.S. carbon markets are not directly tied to EU ETS price movements, so limited short-term impact.""]",3,1.0,-0.3,-0.3,"[3, 3, 3]"
5081,https://advancedbiofuelsusa.info/brussels-talks-on-sustainable-aviation-fuel-targets-set-to-restart/,,Brussels Talks on Sustainable Aviation Fuel Targets Set to Restart – Advanced BioFuels united states ,2023-01-19,,advancedbiofuelsusa.info,English,United States,1,2,eu_context,NO,-1,"[""NO"", ""NO"", ""NO""]","[""Sustainable Aviation Fuel targets may influence EU ETS pricing indirectly via carbon intensity benchmarks, but U.S. involvement adds complexity without immediate price signal."", ""Sustainable Aviation Fuel (SAF) targets could influence EU ETS pricing via demand-side shifts, but U.S. involvement adds complexity and uncertainty."", ""Sustainable Aviation Fuel targets may influence EU ETS pricing via demand-side policy, but U.S. involvement adds uncertainty.""]",5,1.0,-0.5,-0.5,"[5, 6, 5]"
5087,https://www.econotimes.com/The-worlds-carbon-price-is-a-fraction-of-what-we-need--because-only-a-fifth-of-global-emissions-are-priced-1649301,,The world carbon price is a fraction of what we need – because only a fifth of global emissions are priced,2023-01-24,https://f1.econotimes.com/2023/01/p13heq4weq_th_1024x0.jpg,econotimes.com,English,United States,1,4,carbon_terms=4,NO,-1,"[""NO"", ""NO"", ""NO""]","[""Global carbon pricing gap suggests potential for EU ETS price upside due to policy pressure and market alignment needs."", ""Global carbon pricing gap suggests potential for EU ETS price increase as market signals demand stronger emissions pricing."", ""Global carbon pricing gap suggests EU ETS may need policy tightening to align with international targets.""]",7,1.0,-0.7,-0.7,"[7, 7, 7]"
5093,https://www.architectureanddesign.com.au/features/features-articles/the-world-s-carbon-price-is-a-fraction,,The world carbon price is a fraction of what we need – because only a fifth of global emissions are priced,2023-01-27,http://www.architectureanddesign.com.au/getmedia/8f55a339-79d2-471e-b182-8b4fe0568381/Screen-Shot-2023-01-27-at-12-10-22-pm.aspx?&ext=.png,architectureanddesign.com.au,English,Australia,1,4,carbon_terms=4,NO,-1,"[""NO"", ""NO"", ""NO""]","[""Global carbon pricing gap suggests potential for EU ETS price upside due to policy pressure and market alignment needs."", ""Global carbon pricing gap suggests potential for EU ETS price increase as market signals demand stronger emissions pricing."", ""Global carbon pricing gap suggests EU ETS may need policy tightening to align with international targets.""]",7,1.0,-0.7,-0.7,"[7, 7, 7]"
5099,https://whbl.com/2023/01/30/eu-urged-to-speed-up-permits-for-critical-mineral-projects/,,EU urged to speed up permits for critical mineral projects,2023-01-30,https://storage.googleapis.com/media.mwcradio.com/mimesis/2023-01/30/2023-01-30T154842Z_2_LYNXMPEJ0T0M6_RTROPTP_3_USA-TRADE-EU-FRANCE.JPG,whbl.com,English,United States,2,4,eu_context;carbon_terms=2,YES,1,"[""YES"", ""YES"", ""YES""]","[""Accelerating critical mineral permits may boost demand for EU ETS allowances as industries scale up green tech production."", ""Critical mineral projects could boost industrial demand, lifting EU ETS prices via increased emissions."", ""Accelerating critical mineral permits may boost demand for EU ETS allowances as industries scale up green tech production.""]",7,1.0,0.7,0.7,"[7, 7, 7]"
5105,https://www.lexology.com/library/detail.aspx?g=ad13b50e-8f2c-4eb4-abd1-80c900ad73a3,,Courts against climate change ? Climate change litigations are reaching Europe,2023-02-01,,lexology.com,English,United States,1,2,eu_context,NO,-1,"[""NO"", ""NO"", ""NO""]","[""Litigations may pressure policymakers to strengthen emissions targets, potentially boosting ETS prices."", ""Litigations may pressure policy, potentially boosting ETS prices through increased regulatory stringency."", ""Litigations may pressure policy but unlikely to immediately spike ETS prices.""]",6,1.0,-0.6,-0.6,"[6, 7, 5]"
5111,https://www.europesun.com/news/273541079/guest-opinion-europes-green-ambition-frustrated-by-selfish-washington,,Guest Opinion : Europe green ambition frustrated by selfish Washington,2023-02-19,,europesun.com,English,Russia,1,2,eu_context,NO,-1,"[""NO"", ""NO"", ""NO""]","[""Washington\u2019s reluctance to cooperate may delay global carbon pricing alignment, indirectly affecting EU ETS demand."", ""EU ETS prices may be pressured by U.S. policy inaction, but short-term volatility is unlikely without direct market signals."", ""Washington\u2019s reluctance to cooperate may delay global carbon pricing alignment, indirectly affecting EU ETS dynamics.""]",6,1.0,-0.6,-0.6,"[6, 6, 6]"
5117,https://www.marketwatch.com/articles/eu-carbon-price-milestone-how-to-invest-481ffdb2,,EU Carbon Price Hit a Key Level . How to Invest and What to Know . ,2023-02-21,https://images.barrons.com/im-729164/social,marketwatch.com,English,United States,1,4,eu_context;carbon_terms=2,YES,1,"[""YES"", ""YES"", ""YES""]","[""The headline signals a pivotal price milestone, suggesting potential momentum or reversal in short-term ETS trends."", ""The headline suggests a significant price milestone, which may trigger institutional response and speculative activity."", ""The headline signals a pivotal price level, suggesting potential momentum or reversal in the short-term EU ETS trajectory.""]",7,1.0,0.7,0.7,"[7, 7, 7]"
5123,https://english.ahram.org.eg/News/489575.aspx,,One Year On : EU carbon price passes symbolic 100 euros as reforms bite - War in Ukraine - World,2023-02-25,https://english.ahram.org.eg/Media/News/2023/2/22/41_2023-638126833210393495-39.jpg,english.ahram.org.eg,English,Egypt,1,4,eu_context;carbon_terms=2,YES,1,"[""YES"", ""YES"", ""YES""]","[""Ukraine war-induced energy shocks and EU ETS reforms are likely to sustain upward pressure on carbon prices."", ""Ukraine war-driven energy volatility and EU ETS reforms are likely to sustain upward pressure on carbon prices."", ""Ukraine war-driven energy volatility and EU ETS reforms are likely to sustain upward pressure on carbon prices.""]",7,1.0,0.7,0.7,"[7, 7, 8]"
5129,https://www.albanyherald.com/news/world_nation/germany-and-eu-pursue-talks-on-deal-to-ban-combustion-engines/article_484eea4e-6602-5cd2-bc28-bb5c91a686b9.html,,Germany and EU pursue talks on deal to ban combustion engines,2023-03-06,https://bloximages.newyork1.vip.townnews.com/albanyherald.com/content/tncms/assets/v3/editorial/4/a9/4a9fc25d-29ac-567a-89ae-2b7ef6b070c7/640536173a1f8.image.jpg?crop=1780%2C935%2C0%2C114,albanyherald.com,English,United States,2,2,eu_context,YES,1,"[""YES"", ""YES"", ""YES""]","[""A ban on combustion engines could trigger major emissions reductions, boosting EU ETS demand."", ""EU-wide ban on combustion engines could drive demand for clean tech and carbon credits, boosting ETS prices."", ""EU-wide emissions reduction targets could drive higher carbon prices via stricter compliance.""]",8,1.0,0.8,0.8,"[8, 7, 8]"
5135,https://www.timeshighereducation.com/depth/university-autonomy-europe-eroded-political-meddling,,European autonomy eroded by political meddling | Times Higher Education ( THE ) ,2023-03-08,https://www.timeshighereducation.com/sites/default/files/istock-1220700914.jpg,timeshighereducation.com,English,United Kingdom,1,2,eu_context,NO,-1,"[""NO"", ""NO"", ""NO""]","[""Political meddling may dampen policy consistency but has limited direct impact on EU ETS price mechanics."", ""Political meddling may dampen policy coherence but unlikely to directly impact short-term EU ETS pricing."", ""Political meddling may dampen policy coherence, but EU ETS price is more influenced by macroeconomic and regulatory factors than higher education politics.""]",3,1.0,-0.3,-0.3,"[3, 3, 3]"
5141,https://www.proactiveinvestors.co.uk/companies/news/1008690/today-s-market-update-china-moves-to-subdue-commodity-prices-as-npc-sets-3-inflation-target-1008690.html,,Today Market Update - China moves to subdue commodity prices as NPC sets 3 % inflation target,2023-03-10,https://cdn.proactiveinvestors.com/eyJidWNrZXQiOiJwYS1jZG4iLCJrZXkiOiJ1cGxvYWRcL05ld3NcL0ltYWdlXC8yMDIzXzAzXC9zaHV0dGVyc3RvY2stNTYzOTY1OTI0LmpwZyIsImVkaXRzIjp7InJlc2l6ZSI6eyJ3aWR0aCI6MTIwMCwiaGVpZ2h0Ijo2MzAsImZpdCI6ImNvdmVyIn19fQ==,proactiveinvestors.co.uk,English,United Kingdom,1,2,carbon_terms=2,NO,-1,"[""NO"", ""NO"", ""NO""]","[""China\u2019s inflation target may indirectly affect global commodity prices, but EU ETS is less directly impacted by China\u2019s monetary policy."", ""China\u2019s inflation target may indirectly affect global commodity pricing, but EU ETS is less directly impacted by China\u2019s monetary policy."", ""China\u2019s inflation target may indirectly affect commodity demand, but EU ETS is largely insulated from direct commodity price shocks.""]",3,1.0,-0.3,-0.3,"[3, 3, 3]"
5147,https://www.thehindu.com/business/watch-business-matters-how-can-eus-carbon-tax-hurt-india/article66623455.ece,,Watch | Business Matters | How can EU carbon tax hurt India ? ,2023-03-15,https://th-i.thgim.com/public/incoming/3va02z/article66623414.ece/alternates/LANDSCAPE_1200/BM%20March%2015%20-%20thumbnail.jpg,thehindu.com,English,India,1,3,eu_context;carbon_terms=1,NO,-1,"[""NO"", ""NO"", ""NO""]","[""EU ETS price is unlikely to be directly affected by India\u2019s carbon tax policy as they operate in different markets and regulatory frameworks."", ""EU ETS policy primarily affects EU-emitting industries, not India\u2019s carbon pricing directly."", ""EU ETS policy impacts global carbon pricing, but India's direct exposure is limited unless it joins the market or faces export-related penalties.""]",3,1.0,-0.3,-0.3,"[3, 3, 3]"
5153,https://vietnamnet.vn/en/vietnamese-enterprises-prepare-for-carbon-credit-market-2122063.html,,Vietnamese enterprises prepare for carbon credit market,2023-03-19,https://static-images.vnncdn.net/files/publish/2023/3/18/vietnamese-enterprises-prepare-for-carbon-credit-market-1640.jpg,vietnamnet.vn,English,Vietnam,1,2,carbon_terms=2,NO,-1,"[""NO"", ""NO"", ""NO""]","[""Vietnamese carbon credit market development is unlikely to significantly impact EU ETS prices in the short term due to market size and regulatory divergence."", ""Vietnamese carbon credit market development may indirectly influence EU ETS via cross-border emissions trading, but no immediate price impact is expected."", ""Vietnamese carbon credit market development is early-stage and unlikely to significantly impact EU ETS prices in the short term.""]",3,1.0,-0.3,-0.3,"[3, 3, 3]"
5159,https://www.livemint.com/industry/energy/eu-says-it-s-ready-to-work-with-india-on-carbon-tax-11679423674958.html,https://www.livemint.com/industry/energy/eu-says-it-s-ready-to-work-with-india-on-carbon-tax/amp-11679423674958.html,EU says it ready to work with India on carbon tax,2023-03-21,https://images.livemint.com/img/2018/12/28/600x338/Companies_-_People_1545994191272.jpg,livemint.com,English,India,1,3,eu_context;carbon_terms=1,NO,-1,"[""NO"", ""NO"", ""NO""]","[""India\u2019s carbon tax policy could influence EU ETS pricing via future bilateral trade or regulatory alignment."", ""India\u2019s carbon tax policy could influence EU ETS dynamics via future bilateral trade or regulatory alignment."", ""India\u2019s carbon tax framework may influence EU ETS dynamics via future bilateral trade or policy alignment.""]",3,1.0,-0.3,-0.3,"[3, 3, 3]"
5165,https://www.consilium.europa.eu/en/press/press-releases/2023/03/28/fit-for-55-council-adopts-decision-on-market-stability-reserve/,,  Fit for 55 : Council adopts decision on market stability reserve,2023-03-28,,consilium.europa.eu,English,Latvia,1,7,eu_ets_strong;carbon_terms=1,YES,1,"[""YES"", ""YES"", ""YES""]","[""Market stability reserve adjustment may influence future emissions caps and price volatility."", ""Market stability reserve adjustments may influence emission allowance supply and thus impact short-term EU ETS prices."", ""Market stability reserve adjustment may influence emissions trading volume and price volatility.""]",7,1.0,0.7,0.7,"[7, 7, 7]"
5171,https://carbon-pulse.com/197623/,,Euro Markets : Midday Update « Carbon Pulse,2023-03-30,,carbon-pulse.com,English,China,1,2,carbon_terms=2,NO,-1,"[""NO"", ""NO"", ""NO""]","[""Lack of specific data in headline suggests no actionable short-term price movement signal."", ""Lack of specific data or context in headline limits actionable insight."", ""Lack of specific data in headline suggests minor or no immediate directional impact.""]",3,1.0,-0.3,-0.3,"[3, 3, 3]"
5177,https://www.talkvietnam.com/tag/fair-lakes-european-wax-center/,,Fair lakes european wax center – Talk Vietnam,2023-05-07,http://media.hanoitimes.vn/2023/05/07/Vietnam_OCOP_joins_Artigiano_in_Fiera_.jpg,talkvietnam.com,English,Vietnam,2,2,eu_context,NO,-1,"[""NO"", ""NO"", ""NO""]","[""Irrelevant to EU ETS market dynamics or carbon pricing."", ""Irrelevant to EU ETS market dynamics; unrelated to carbon trading or emissions policy."", ""Irrelevant to EU ETS market dynamics or carbon pricing.""]",1,1.0,-0.1,-0.1,"[1, 1, 1]"
5183,https://www.environmentalleader.com/2023/05/eu-parliament-votes-to-strengthen-energy-industry-methane-emissions-restrictions/,,EU Parliament Votes to Strengthen Energy Industry Methane Emissions Restrictions,2023-05-09,https://www.environmentalleader.com/wp-content/uploads/2023/05/screen_2x.jpg,environmentalleader.com,English,United States,2,4,eu_context;carbon_terms=2,YES,1,"[""YES"", ""YES"", ""YES""]","[""Stricter methane rules likely increase compliance costs and emissions targets, potentially boosting EU ETS prices."", ""Stricter methane rules likely boost compliance costs and drive upward pressure on EU ETS prices."", ""Stricter methane rules may boost compliance costs and drive up emissions trading demand.""]",7,1.0,0.7,0.7,"[7, 7, 7]"
5189,https://www.pv-magazine.com/2023/05/11/enerparc-coo-signals-10-20-potential-increase-in-european-pv-module-prices/,,Enerparc COO signals 10 - 20 % potential increase in European PV module prices,2023-05-11,https://www.pv-magazine.com/wp-content/uploads/2023/05/Enerparc_Gaarz_Kran_2020-scaled-e1605796784571-1536x768-1-1200x600.jpg,pv-magazine.com,English,United States,2,3,eu_context;carbon_terms=1,NO,-1,"[""NO"", ""NO"", ""NO""]","[""PV price increases may indirectly affect EU ETS via higher energy costs, but direct ETS impact is minimal."", ""PV price increases may indirectly affect EU ETS via higher energy costs, but direct ETS impact is limited."", ""PV price increases may indirectly affect EU ETS via higher energy costs, but direct ETS impact is limited.""]",3,1.0,-0.3,-0.3,"[3, 3, 3]"
5195,https://www.fijitimes.com/filipino-priest-on-mission-in-europe-to-halt-fossil-fuel-financing/,,The Fiji Times » Filipino priest on mission in Europe to halt fossil fuel financing,2023-05-13,https://www.fijitimes.com/wp-content/uploads/2023/05/Catholic-priest-Edwin-G.jpg,fijitimes.com,English,Fiji,2,2,eu_context,NO,-1,"[""NO"", ""NO"", ""NO""]","[""Irrelevant to EU ETS market dynamics as it pertains to religious missionary activity, not policy or emissions trading."", ""Minimal direct impact on EU ETS pricing due to localized religious activism unrelated to carbon markets."", ""Minimal direct impact on EU ETS pricing due to localized religious activism unrelated to carbon markets.""]",1,1.0,-0.1,-0.1,"[2, 1, 1]"
5201,https://www.msn.com/en-ie/money/economy/ireland-sees-largest-rise-in-greenhouse-gas-emissions-in-the-eu/ar-AA1bcJL8,,Ireland sees largest rise in greenhouse gas emissions in the EU,2023-05-15,https://img-s-msn-com.akamaized.net/tenant/amp/entityid/AA1bd80q.img?&m=6&q=60&o=t&l=f&f=jpg,msn.com,English,United States,2,5,eu_context;carbon_terms=2;energy_driver,NO,-1,"[""NO"", ""NO"", ""NO""]","[""Emissions rise may signal policy weakness, potentially lowering ETS price if markets perceive reduced compliance."", ""Emission increases may signal policy gaps or economic growth, potentially pressuring EU ETS prices if compliance costs rise."", ""Emission increases may signal policy backfire or sectoral disruption, potentially pressuring EU ETS prices short-term.""]",6,1.0,-0.6,-0.6,"[6, 6, 6]"
5207,https://www.irishtimes.com/business/2023/05/17/air-travel-not-economic-growth-boosted-irish-emissions-late-last-year-eurostat-says/,,"Air travel not economic growth boosted Irish emissions late last year , Eurostat says",2023-05-17,https://www.irishtimes.com/resizer/OEAGGs-KrNICJHxaAmZy0iyyPok=/1200x630/filters:format(jpg):quality(70)/cloudfront-eu-central-1.images.arcpublishing.com/irishtimes/IQADIM453JHJVGN452QPDZ2YSQ.jpg,irishtimes.com,English,Ireland,2,4,eu_context;carbon_terms=2,NO,-1,"[""NO"", ""NO"", ""NO""]","[""Irish emissions spike linked to air travel may offset growth, but EU ETS price is more influenced by broader policy and market dynamics."", ""Irish emissions spike tied to air travel, not growth, suggests sectoral volatility may affect EU ETS pricing short-term."", ""Irish emissions were not tied to economic growth, suggesting limited direct impact on EU ETS pricing.""]",3,1.0,-0.3,-0.3,"[4, 3, 3]"
5213,https://www.chemeurope.com/en/news/1180521/countries-would-be-well-advised-to-assist-each-other-with-regard-to-gas.html,,"Countries would be well advised to assist each other with regard to gas - If European countries collaborate , they can avoid severe energy scarcity due to a gas shortage",2023-05-19,"https://img.chemie.de/Portal/News/6464bf5f9695e_SgWcxbS6y.png?tr=w-1232,h-924,cm-extract,x-0,y-0:n-xzoom",chemeurope.com,English,United States,2,3,eu_context;energy_driver,NO,-1,"[""NO"", ""NO"", ""NO""]","[""Gas collaboration may reduce short-term energy stress but doesn\u2019t directly impact EU ETS price dynamics."", ""Gas collaboration may reduce short-term energy stress but doesn\u2019t directly impact EU ETS price dynamics."", ""Gas collaboration may reduce short-term scarcity but does not directly impact EU ETS price dynamics.""]",3,1.0,-0.3,-0.3,"[3, 3, 3]"
5219,https://www.irishtimes.com/business/economy/2023/05/21/emissions-data-sends-government-into-spin-mode/,,Emissions data send Government into spin mode,2023-05-21,https://www.irishtimes.com/resizer/S8_bphOCAGbj8F9H-89CFH8MNwo=/1200x630/filters:format(jpg):quality(70)/cloudfront-eu-central-1.images.arcpublishing.com/irishtimes/25WBRHBHW4J4YWKEWFSTXTDRRA.jpg,irishtimes.com,English,Ireland,1,2,carbon_terms=2,NO,-1,"[""NO"", ""NO"", ""NO""]","[""Uncertainty in emissions data could trigger regulatory adjustments or market volatility in EU ETS."", ""Emissions data volatility may trigger policy uncertainty, affecting market sentiment and trading behavior."", ""Emissions data volatility may trigger regulatory uncertainty, affecting market sentiment and pricing.""]",6,1.0,-0.6,-0.6,"[6, 6, 6]"
5225,https://euobserver.com/green-economy/157063,,Four EU states seek clampdown on private jet travel emissions,2023-05-23,https://media.euobserver.com/58d998c285ceb98e42e7db832f28b90b-800x.jpg,euobserver.com,English,United Kingdom,2,4,eu_context;carbon_terms=2,YES,1,"[""YES"", ""YES"", ""YES""]","[""Private jet emissions are a significant but often overlooked segment of EU ETS coverage, and regulatory action could drive demand for compliance credits."", ""Private jet emissions are a significant but often overlooked segment of EU ETS coverage, and new regulatory pressure could drive demand for carbon offsets or compliance credits."", ""Private jet emissions are a significant but underregulated sector; clampdowns could trigger supply-side tightening and boost ETS prices.""]",7,1.0,0.7,0.7,"[7, 7, 7]"
5231,https://www.marketscreener.com/quote/currency/US-DOLLAR-RUSSIAN-ROUBL-2370597/news/The-Big-4-drivers-of-coal-imports-and-power-emissions-Maguire-43940319/,https://www.marketscreener.com/amp/quote/currency/US-DOLLAR-RUSSIAN-ROUBL-2370597/news/The-Big-4-drivers-of-coal-imports-and-power-emissions-Maguire-43940319/,The  Big 4  drivers of coal imports and power emissions : Maguire,2023-05-25,https://www.marketscreener.com/images/twitter_ZB_fdblanc.png,marketscreener.com,English,,2,3,carbon_terms=2;energy_driver,NO,-1,"[""NO"", ""NO"", ""NO""]","[""Coal import dynamics may influence emissions, but short-term EU ETS price volatility is less directly tied to this headline."", ""Coal import dynamics and emissions are key to EU ETS price volatility, especially with policy shifts and energy transition pressures."", ""Coal import dynamics may influence emissions, but short-term EU ETS price volatility is more driven by policy and market sentiment.""]",5,1.0,-0.5,-0.5,"[5, 6, 5]"
5237,https://menafn.com/1106329808/EU-Assures-India-To-Tackle-Concerns-On-Carbon-Tax,,EU Assures India To Tackle Concerns On Carbon Tax,2023-05-27,https://menafn.com/updates/pr/2023-05/27/KI_17f83image_story.jpg,menafn.com,English,Qatar,2,3,eu_context;carbon_terms=1,NO,-1,"[""NO"", ""NO"", ""NO""]","[""India\u2019s carbon tax stance may influence EU ETS pricing via global carbon market dynamics, but direct short-term impact is uncertain."", ""India\u2019s carbon tax stance may influence EU ETS volatility via global carbon pricing signals."", ""India\u2019s carbon tax stance may influence EU ETS volatility via global carbon pricing signals.""]",3,1.0,-0.3,-0.3,"[3, 3, 3]"
5243,https://www.theglobeandmail.com/business/commentary/article-how-big-are-canadas-carbon-emissions-compared-to-china-were-a-rounding/,,"Opinion : How big are Canada carbon emissions ? Compared to China , were a rounding error",2023-05-30,https://www.theglobeandmail.com/resizer/rb89SGSbfyy6qebSD3Xsj5phwKc=/1200x793/filters:quality(80)/cloudfront-us-east-1.images.arcpublishing.com/tgam/S67R2ZBQCNLH3LSGOQTCJJKPKY.JPG,theglobeandmail.com,English,Canada,2,3,carbon_terms=3,NO,-1,"[""NO"", ""NO"", ""NO""]","[""Does not directly impact EU ETS pricing or carbon market dynamics."", ""Irrelevant to EU ETS price dynamics as it\u2019s a comparative emissions statement without policy or market signals."", ""Irrelevant to EU ETS pricing dynamics as it discusses Canada\u2019s emissions relative to China without direct market or policy linkage.""]",2,1.0,-0.2,-0.2,"[2, 2, 2]"
5249,https://www.euractiv.com/section/energy-environment/news/first-hydrogen-bank-auction-will-help-gauge-market-eu-commission-says/,,"First hydrogen bank auction will help gauge market , EU Commission says",2023-06-01,https://www.euractiv.com/wp-content/uploads/sites/2/2023/05/green-hydrogen-800x450.jpg,euractiv.com,English,United Kingdom,2,4,eu_context;carbon_terms=2,YES,1,"[""YES"", ""YES"", ""YES""]","[""Hydrogen auction signals potential demand shifts but lacks immediate price impact."", ""Hydrogen auction outcomes may signal future demand and pricing trends in the EU ETS."", ""Hydrogen auction signals potential market expansion, but short-term price impact remains uncertain.""]",5,1.0,0.5,0.5,"[5, 7, 5]"
5255,https://fortune.com/2023/06/03/solar-beating-coal-in-europe-exposes-energy-system-flaws/,https://fortune.com/2023/06/03/solar-beating-coal-in-europe-exposes-energy-system-flaws/amp/,Solar beating coal in Europe exposes energy system flaws,2023-06-03,https://content.fortune.com/wp-content/uploads/2023/06/GettyImages-1239416487-e1685800626476.jpg,fortune.com,English,United States,2,3,eu_context;energy_driver,NO,-1,"[""NO"", ""NO"", ""NO""]","[""Solar's cost advantage may signal structural shifts but doesn't immediately trigger ETS price volatility."", ""Solar's cost advantage may signal structural shifts but doesn't yet imply immediate ETS price volatility."", ""Solar's victory over coal signals structural shifts that could reduce long-term ETS demand but may not immediately affect short-term pricing.""]",6,1.0,-0.6,-0.6,"[6, 6, 6]"
5261,https://www.marketscreener.com/quote/index/DOW-JONES-AFRICA-TITANS-5-3966403/news/Europe-must-help-Africa-grow-with-low-carbon-tech-Italian-minister-says-44041971/,https://www.marketscreener.com/amp/quote/index/DOW-JONES-AFRICA-TITANS-5-3966403/news/Europe-must-help-Africa-grow-with-low-carbon-tech-Italian-minister-says-44041971/,"Europe must help Africa grow with low - carbon tech , Italian minister says",2023-06-05,https://www.marketscreener.com/images/twitter_ZB_fdblanc.png,marketscreener.com,English,,2,3,eu_context;carbon_terms=1,NO,-1,"[""NO"", ""NO"", ""NO""]","[""EU ETS price is unlikely to be directly impacted by Africa\u2019s low-carbon tech development announcements."", ""EU ETS price unlikely to be directly impacted by African tech investment pledges."", ""EU ETS price not directly affected by African tech development pledges.""]",3,1.0,-0.3,-0.3,"[3, 3, 3]"
5267,https://cyprus-mail.com/2023/06/07/planned-eu-changes-to-the-electricity-market/,,Planned EU changes to the electricity market,2023-06-07,https://cyprus-mail.com/wp-content/uploads/2023/06/solar-panels-944002_1280.jpg,cyprus-mail.com,English,Cyprus,2,4,eu_context;carbon_terms=1;energy_driver,NO,-1,"[""NO"", ""NO"", ""NO""]","[""Planned changes may affect market dynamics but lack immediate price signaling."", ""Planned changes may affect market dynamics but lack immediate price impact without specific policy details."", ""Planned changes may affect market dynamics but lack immediate price impact without specific policy details.""]",5,1.0,-0.5,-0.5,"[5, 5, 5]"
5273,https://www.hellenicshippingnews.com/lower-european-gas-prices-encourage-switch-from-coal/,,Lower European gas prices encourage switch from coal | Hellenic Shipping News Worldwide,2023-06-09,,hellenicshippingnews.com,English,China,2,4,eu_context;carbon_terms=1;energy_driver,YES,1,"[""YES"", ""YES"", ""YES""]","[""Lower gas prices reduce coal\u2019s competitiveness, potentially increasing coal-to-gas switching and easing emissions pressure on EU ETS."", ""Lower gas prices reduce coal\u2019s competitiveness, potentially boosting EU ETS demand as emissions-intensive sectors shift energy sources."", ""Lower gas prices reduce coal\u2019s competitiveness, potentially increasing coal-to-gas switching and easing EU ETS emissions pressure.""]",6,1.0,0.6,0.6,"[6, 6, 6]"
5279,https://www.euractiv.com/section/energy-environment/news/not-there-yet-frances-edf-frustrated-with-nuclear-powers-status-in-eus-net-zero-industry-act/,,  Not there yet : France EDF frustrated with nuclear power status in EU Net - Zero Industry Act – EURACTIV . com,2023-06-11,https://www.euractiv.com/wp-content/uploads/sites/2/2023/06/EDF-helmets-800x450.jpg,euractiv.com,English,United Kingdom,2,3,eu_context;energy_driver,NO,-1,"[""NO"", ""NO"", ""NO""]","[""EU ETS price may be mildly affected by France\u2019s nuclear policy stance, but no immediate market impact is expected."", ""EU ETS price may be affected by France\u2019s nuclear policy stance, but direct short-term impact is uncertain."", ""EU net-zero legislation may indirectly affect nuclear power subsidies, but immediate ETS price impact is unlikely.""]",4,1.0,-0.4,-0.4,"[4, 5, 3]"
5285,https://www.fibre2fashion.com/news/textile-news/carbon-dioxide-emissions-from-eu-energy-use-falls-by-2-8-in-2022-288190-newsdetails.htm,https://www.fibre2fashion.com/news/textile-news/carbon-dioxide-emissions-from-eu-energy-use-falls-by-2-8-in-2022-288190-newsdetails.htm?amp=true,Carbon dioxide emissions from EU energy use falls by 2 . 8 % in 2022,2023-06-13,https://static.fibre2fashion.com/Newsresource/images/288/carbon-dioxide_299778.jpg,fibre2fashion.com,English,India,2,5,eu_context;carbon_terms=3,YES,1,"[""YES"", ""YES"", ""YES""]","[""Lower emissions suggest potential downward pressure on EU ETS prices due to improved compliance and reduced demand for allowances."", ""Lower emissions signal potential policy tightening or market optimism, impacting price dynamics."", ""Lower emissions suggest potential downward pressure on EU ETS prices due to reduced compliance costs.""]",6,1.0,0.6,0.6,"[6, 7, 6]"
5291,https://www.zawya.com/en/world/uk-and-europe/eu-told-to-slash-greenhouse-gas-emissions-90-95-by-2040-kjukwlye,https://www.zawya.com/en/world/uk-and-europe/eu-told-to-slash-greenhouse-gas-emissions-90-95-by-2040-kjukwlye?amp=1,EU told to slash greenhouse gas emissions 90 - 95 % by 2040,2023-06-15,https://static.zawya.com/view/acePublic/alias/contentid/MGQwNjg1M2UtZTg5MC00/32/eu-summit.jpeg?f=3%3A2,zawya.com,English,United Arab Emirates,2,5,eu_context;carbon_terms=2;energy_driver,YES,1,"[""YES"", ""YES"", ""YES""]","[""Stricter 2040 emission targets likely to increase carbon pricing pressure and boost demand for allowances."", ""Stricter 2040 targets likely to increase long-term ETS demand and push prices higher."", ""Stricter 2040 emission targets likely to boost carbon prices as compliance costs rise.""]",8,1.0,0.8,0.8,"[8, 7, 8]"
5297,https://www.evwind.es/2023/06/17/exploring-the-growth-and-potential-of-the-european-offshore-wind-energy-market/92280,,Exploring the Growth and Potential of the European Offshore Wind Energy Market | REVE News of the wind sector in Spain and in the world,2023-06-17,,evwind.es,English,Spain,2,3,eu_context;carbon_terms=1,NO,-1,"[""NO"", ""NO"", ""NO""]","[""Offshore wind expansion in Spain may indirectly affect EU ETS prices via increased renewable capacity and reduced fossil fuel reliance, but no direct short-term price signal is evident."", ""Offshore wind growth in Spain and globally may indirectly affect EU ETS prices via increased renewable capacity and reduced fossil fuel reliance, but no immediate direct price signal is evident."", ""Offshore wind growth in Spain and globally may indirectly influence EU ETS prices via increased renewable capacity and carbon intensity reduction, but no direct short-term price signal is implied.""]",3,1.0,-0.3,-0.3,"[3, 3, 3]"
5303,https://advancedbiofuelsusa.info/european-airlines-warn-of-emissions/,,European Airlines Warn of Emissions – Advanced BioFuels united states ,2023-06-19,,advancedbiofuelsusa.info,English,United States,2,4,eu_context;carbon_terms=2,NO,-1,"[""NO"", ""NO"", ""NO""]","[""Biofuels policy in the US may indirectly influence EU ETS via global emissions trends but lacks direct regulatory linkage."", ""Biofuels policy in the US may indirectly affect EU ETS via global emissions trends but lacks direct regulatory linkage."", ""Biofuels policy in the US may indirectly affect EU ETS via global emissions trends but lacks direct regulatory linkage.""]",5,1.0,-0.5,-0.5,"[5, 5, 3]"
5309,https://www.news18.com/viral/these-nasa-visuals-prove-why-carbon-emissions-are-the-clear-and-present-danger-8135437.html,https://www.news18.com/amp/viral/these-nasa-visuals-prove-why-carbon-emissions-are-the-clear-and-present-danger-8135437.html,These NASA Visuals Prove Why Carbon Emissions Are The Clear And Present Danger,2023-06-21,,news18.com,English,India,2,3,carbon_terms=3,NO,-1,"[""NO"", ""NO"", ""NO""]","[""NASA visuals may raise public awareness but don\u2019t directly affect EU ETS market mechanics or policy."", ""NASA visuals may raise public awareness but don\u2019t directly influence EU ETS market mechanics."", ""NASA visuals may raise public awareness but don\u2019t directly influence EU ETS market mechanics.""]",5,1.0,-0.5,-0.5,"[3, 5, 5]"
5315,https://www.thehitavada.com/Encyc/2023/6/23/EU-s-CBAM-framework-to-impact-India-s-15-40-pc-of-steel-export-to-Europe-Icra.html,https://www.thehitavada.com/Encyc/2023/6/23/EU-s-CBAM-framework-to-impact-India-s-15-40-pc-of-steel-export-to-Europe-Icra.amp.html,EU CBAM framework to impact India 15 - 40 pc of steel export to Europe : Icra,2023-06-23,https://www.thehitavada.com/Encyc/2023/6/23/steel-export-to-Europe_202306231145004522_H@@IGHT_300_W@@IDTH_500.jpg,thehitavada.com,English,India,2,8,eu_ets_strong;eu_context,NO,-1,"[""NO"", ""NO"", ""NO""]","[""India\u2019s steel exports to Europe may face CBAM compliance costs, potentially dampening EU ETS price momentum via reduced supply."", ""India\u2019s steel exports to Europe may face CBAM compliance costs, potentially pressuring EU ETS prices via reduced supply or increased costs."", ""India\u2019s steel exports to Europe may face compliance costs under CBAM, potentially affecting EU ETS pricing via supply chain dynamics.""]",7,1.0,-0.7,-0.7,"[7, 7, 7]"
5321,https://cleantechnica.com/2023/06/25/making-cement-from-electricity-slashes-carbon-emissions/,https://cleantechnica.com/2023/06/25/making-cement-from-electricity-slashes-carbon-emissions/amp/,Making Cement From Electricity Slashes Carbon Emissions,2023-06-25,https://cleantechnica.com/files/2023/03/MIT-CarbonEatingCement-01-press-1024x576.jpg,cleantechnica.com,English,United States,2,4,carbon_terms=3;energy_driver,YES,1,"[""YES"", ""YES"", ""YES""]","[""Electricity-based cement production could disrupt emissions benchmarks if grid decarbonization accelerates."", ""Electricity-based cement production could disrupt carbon-intensive cement manufacturing, boosting EU ETS demand for carbon credits."", ""Electricity-based cement production could disrupt carbon-intensive cement manufacturing, potentially lowering EU ETS demand.""]",7,1.0,0.7,0.7,"[7, 8, 7]"
5327,https://www.wsj.com/articles/oil-gas-companies-urged-to-pursue-relatively-cheap-fix-on-emissions-7314b1ab,,"Oil , Gas Companies Urged to Pursue Relatively Cheap Fix on Emissions",2023-06-27,https://images.wsj.net/im-442040/social,wsj.com,English,United States,2,3,carbon_terms=2;energy_driver,NO,-1,"[""NO"", ""NO"", ""NO""]","[""Relatively cheap fixes may reduce emissions pressure, potentially lowering ETS demand."", ""Relatively cheap fixes may reduce emissions pressure, potentially lowering ETS demand."", ""Relatively cheap emission fixes may reduce compliance costs and dampen price pressure in the EU ETS.""]",6,1.0,-0.6,-0.6,"[6, 6, 6]"
5333,https://www.ipe.com/news/carbon-offsetting-debate-shouldnt-distract-from-compliance-markets-say-investors/10067515.article,,"Carbon offsetting debate shouldnt distract from compliance markets , say investors | News",2023-06-30,https://d3ese01zxankcs.cloudfront.net/Pictures/1024x536/8/8/3/140883_rickstathersatavivainvestors_914224.jpg,ipe.com,English,United Kingdom,1,2,carbon_terms=2,NO,-1,"[""NO"", ""NO"", ""NO""]","[""Investor sentiment may influence market focus but doesn\u2019t signal immediate price movement in compliance markets."", ""Investor sentiment may influence market dynamics, but short-term EU ETS price movement is unlikely to be significantly impacted by the debate."", ""Investor sentiment may slightly dampen speculative demand but won\u2019t decisively alter short-term ETS price trends.""]",5,1.0,-0.5,-0.5,"[5, 5, 5]"
5339,https://www.investineu.com/eus-new-green-tech-strategy-aims-to-keep-production-in-the-bloc,,EU new green tech strategy aims to keep production in the bloc,2023-07-02,https://calidigi.b-cdn.net/files/article/eu-s-new-green-tech-strategy-aims-to-keep-producti.jpg,investineu.com,English,Malta,2,2,eu_context,YES,1,"[""YES"", ""YES"", ""YES""]","[""Supports EU ETS price by reinforcing domestic green tech demand and reducing export leakage."", ""Supports domestic production, potentially boosting demand for EU ETS allowances."", ""Supports domestic production, potentially increasing demand for EU ETS allowances.""]",7,1.0,0.7,0.7,"[7, 7, 7]"
5345,https://gcaptain.com/europe-targets-missing-emissions-that-could-bust-climate-goals/,,Europe Targets Missing Emissions That Could Bust Climate Goals,2023-07-04,https://gcaptain.com/wp-content/uploads/2022/02/shutterstock_287386388.jpg,gcaptain.com,English,United States,2,4,eu_context;carbon_terms=2,NO,-1,"[""NO"", ""YES"", ""NO""]","[""Emissions gaps risk triggering regulatory tightening and higher compliance costs, potentially boosting EU ETS prices."", ""Emissions gaps could trigger regulatory tightening and higher compliance costs, pushing prices up."", ""Uncertainty around unmeasured emissions risks undermining EU ETS compliance and triggering market adjustments.""]",7,0.6666666666666666,-0.7,-0.4666666666666666,"[7, 7, 7]"
5351,https://www.hellenicshippingnews.com/shipping-set-for-e3-billion-plus-2024-eu-ets-bill/,,Shipping set for €3 billion - plus 2024 EU ETS bill | Hellenic Shipping News Worldwide,2023-07-06,,hellenicshippingnews.com,English,China,1,8,eu_ets_strong;eu_context,YES,1,"[""YES"", ""YES"", ""YES""]","[""Shipping emissions under EU ETS could drive significant price pressure due to new compliance costs."", ""Shipping sector\u2019s \u20ac3B+ ETS cost signals strong regulatory pressure, likely to push prices higher in 2024."", ""Shipping sector\u2019s \u20ac3B+ ETS cost signals regulatory pressure that could boost EU ETS prices in 2024.""]",7,1.0,0.7,0.7,"[8, 7, 7]"
5357,https://www.arabnews.com/node/2334336,https://www.arabnews.com/node/2334336/amp,Climate change cooperation could curb the chill in China - EU ties,2023-07-08,https://www.arabnews.com/sites/default/files/authors/1527771-ah.png,arabnews.com,English,Saudi Arabia,1,2,eu_context,NO,-1,"[""NO"", ""NO"", ""NO""]","[""China\u2019s climate cooperation with EU could influence emissions trading dynamics but doesn\u2019t guarantee short-term ETS price movement."", ""China\u2019s climate cooperation with EU may reduce demand-side pressure on EU ETS, but short-term price direction remains uncertain."", ""China\u2019s climate cooperation with EU may reduce demand-side pressure on EU ETS, but short-term price impact remains uncertain.""]",5,1.0,-0.5,-0.5,"[5, 6, 5]"
5363,https://www.euractiv.com/section/electricity/news/spain-floats-options-for-eu-electricity-market-reform/,,Spain floats options for EU electricity market reform,2023-07-10,https://www.euractiv.com/wp-content/uploads/sites/2/2023/07/EMd-800x450.jpg,euractiv.com,English,United Kingdom,2,4,eu_context;carbon_terms=1;energy_driver,NO,-1,"[""NO"", ""NO"", ""NO""]","[""Spain\u2019s electricity market reform could indirectly affect EU ETS pricing via carbon intensity shifts, but no immediate direct impact is evident."", ""Spain\u2019s electricity market reform could influence EU ETS pricing via carbon intensity shifts, but short-term impact is uncertain."", ""Spain\u2019s electricity market reform could influence cross-border pricing but doesn\u2019t directly impact EU ETS carbon price mechanics.""]",4,1.0,-0.4,-0.4,"[4, 4, 4]"
5369,https://www.euronews.com/green/2023/07/12/carbon-tax-on-luxury-items-is-a-fairer-and-more-effective-way-to-cut-emissions-research-re,,"Carbon tax on luxury items is a fairer and more effective way to cut emissions , research reveals",2023-07-12,https://static.euronews.com/articles/stories/07/74/72/90/1000x563_cmsv2_a499892d-5fae-5bbf-8b65-1d461d58a1ea-7747290.jpg,euronews.com,English,United States,1,3,carbon_terms=3,NO,-1,"[""NO"", ""NO"", ""NO""]","[""May signal policy shift away from cap-and-trade toward direct pricing, but lacks immediate market impact."", ""May signal policy shift away from ETS, but lacks immediate market impact."", ""May signal policy shift away from EU ETS, but luxury tax is not directly tied to ETS price mechanics.""]",3,1.0,-0.3,-0.3,"[3, 3, 3]"
5375,https://www.rechargenews.com/energy-transition/solar-factory-reshoring-boost-as-eu-splashes-4bn-in-grants-for-green-power-and-hydrogen/2-1-1486510,,Solar factory  reshoring  boost as EU splashes $4bn in grants for green power and hydrogen,2023-07-14,https://images-global.nhst.tech/image/QjJSOC9UZ2dQY25EY3RManFqc0grZ1Vja2FvQ1hTU3dlcVZadmlGSm9BMD0=/nhst/binary/7b5548db5432e29142d0a8390ffa6d7e?image_version=720,rechargenews.com,English,United States,1,3,eu_context;energy_driver,YES,1,"[""YES"", ""YES"", ""YES""]","[""EU green investment drives demand for clean energy, supporting ETS price through increased compliance costs and carbon intensity shifts."", ""EU\u2019s large-scale green investment signals strong policy support for renewables, likely boosting ETS demand."", ""EU\u2019s large green investment push likely to boost demand for carbon credits and drive up ETS prices.""]",8,1.0,0.8,0.8,"[8, 8, 8]"
5381,https://www.thenational.scot/news/23657909.eu-nature-restoration-law-scotland-go-much-further/,,EU Nature Restoration Law : Scotland should go  much further  ,2023-07-16,https://www.thenational.scot/resources/images/17003994/?type=og-image,thenational.scot,English,United Kingdom,2,2,eu_context,NO,-1,"[""NO"", ""NO"", ""NO""]","[""EU Nature Restoration Law\u2019s scope may indirectly affect carbon pricing via regulatory alignment, but Scotland\u2019s \u201cmuch further\u201d stance doesn\u2019t directly impact short-term ETS price."", ""Nature restoration law may indirectly affect carbon pricing via compliance costs or emissions reductions, but no direct price signal yet."", ""Nature restoration law may influence carbon pricing indirectly via sectoral compliance, but Scotland\u2019s policy divergence from EU-wide targets is unlikely to trigger immediate ETS price shifts.""]",4,1.0,-0.4,-0.4,"[3, 4, 5]"
5387,https://www.marketscreener.com/quote/stock/S-P-GLOBAL-INC-27377749/news/Europe-HRC-spread-contracts-19-in-June-on-sharply-lower-steel-prices-44355928/,https://www.marketscreener.com/amp/quote/stock/S-P-GLOBAL-INC-27377749/news/Europe-HRC-spread-contracts-19-in-June-on-sharply-lower-steel-prices-44355928/,Europe HRC spread contracts 19 % in June on sharply lower steel prices,2023-07-18,https://www.marketscreener.com/images/twitter_MS_fdnoir.png,marketscreener.com,English,,1,3,eu_context;carbon_terms=1,NO,-1,"[""NO"", ""NO"", ""NO""]","[""Lower steel prices reduce industrial demand, potentially dampening ETS price momentum."", ""Lower steel prices reduce industrial demand, potentially dampening ETS price momentum."", ""Steel price declines likely reduce industrial demand, pressuring EU ETS prices short-term.""]",6,1.0,-0.6,-0.6,"[6, 6, 6]"
5393,https://planetsave.com/articles/eu-member-states-commit-to-30-emission-reductions-by-2030/,,EU Member States Commit To 30 % Emission Reductions By 2030,2023-07-20,http://planetsave.com/wp-content/uploads/2018/05/EU-Non-ETS-Emissions-1-600x521.png,planetsave.com,English,United States,1,3,eu_context;carbon_terms=1,YES,1,"[""YES"", ""YES"", ""YES""]","[""Stronger targets signal increased compliance costs and demand for carbon allowances."", ""Stronger emission targets signal increased regulatory pressure and likely higher carbon prices."", ""Strong policy commitment signals increased demand for carbon credits, likely boosting EU ETS prices.""]",7,1.0,0.7,0.7,"[7, 7, 8]"
5399,https://www.prnewswire.com/news-releases/gas-utilities-market-to-grow-by-usd-445-37-billion-from-2022-to-2027expansion-of-gas-pipeline-infrastructure-boosts-the-market-growth---technavio-301882499.html,,Gas Utilities Market to grow by USD 445 . 37 billion from 2022 to 2027|Expansion of gas pipeline infrastructure boosts the market growth,2023-07-22,,prnewswire.com,English,United States,1,2,carbon_terms=1;energy_driver,NO,-1,"[""NO"", ""NO"", ""NO""]","[""Gas pipeline expansion may indirectly support ETS compliance but doesn\u2019t directly drive short-term price volatility."", ""Gas utility expansion may indirectly support carbon pricing via increased infrastructure, but lacks direct ETS linkage."", ""Gas utility growth may indirectly affect carbon pricing via infrastructure demand but doesn't directly signal ETS price movement.""]",5,1.0,-0.5,-0.5,"[5, 5, 5]"
5405,https://www.chemicalonline.com/doc/hycamite-raises-million-euros-from-support-low-carbon-hydrogen-production-with-methane-pyrolysis-0001,,Hycamite Raises 25 Million Euros From Sojitz And Other Investors To Support Low - Carbon Hydrogen Production With Methane Pyrolysis,2023-07-24,,chemicalonline.com,English,United States,2,3,eu_context;carbon_terms=1,NO,-1,"[""NO"", ""NO"", ""NO""]","[""Low-carbon hydrogen production via methane pyrolysis could signal EU ETS demand growth, but scale and regulatory compliance remain uncertain."", ""Low-carbon hydrogen production via methane pyrolysis may influence EU ETS dynamics, but the scale and timing of Hycamite\u2019s investment are not yet sufficient to materially impact prices."", ""Low-carbon hydrogen production via methane pyrolysis is a niche technology with limited immediate market impact on EU ETS prices.""]",5,1.0,-0.5,-0.5,"[6, 5, 5]"
5411,https://www.euractiv.com/section/energy-environment/news/ukrainian-campaigners-call-on-europe-to-ban-russian-lng-imports/,,Ukrainian campaigners call on Europe to ban Russian LNG imports,2023-07-26,https://www.euractiv.com/wp-content/uploads/sites/2/2023/07/Russia-800x450.jpg,euractiv.com,English,United Kingdom,2,3,eu_context;energy_driver,YES,1,"[""NO"", ""YES"", ""YES""]","[""Potential regulatory shift could impact EU energy mix and carbon intensity of imports."", ""Ukrainian campaigners' calls may pressure EU policymakers to impose trade restrictions, potentially affecting energy market dynamics and ETS pricing."", ""Potential EU policy shift could trigger carbon-intensive energy disruption, impacting ETS demand.""]",7,0.6666666666666666,0.7,0.4666666666666666,"[6, 7, 7]"
5417,https://menafn.com/1106728823/Power-Management-Integrated-Circuit-PMIC-Market-Opportunity-Till-2030,,Power Management Integrated Circuit ( PMIC ) Market Opportunity Till 2030,2023-07-29,https://menafn.com/updates/pr/2023-07/29/TEW_03774image_story.JPG,menafn.com,English,Qatar,2,2,carbon_terms=1;energy_driver,NO,-1,"[""NO"", ""NO"", ""NO""]","[""PMIC market growth is unrelated to EU ETS price dynamics in the short term."", ""PMIC market growth is unrelated to EU ETS price dynamics."", ""PMIC market growth is unlikely to directly influence EU ETS price dynamics.""]",2,1.0,-0.2,-0.2,"[2, 2, 2]"
5423,https://www.greencarcongress.com/2023/07/20230731-tne-oilmap.html,,T & E study finds EU has replaced Russian oil barrel - for - barrel as continent fails to cut demand,2023-07-31,https://bioage.typepad.com/.a/6a00d8341c4fbe53ef02c1b25b8149200d-600wi,greencarcongress.com,English,United States,2,3,eu_context;energy_driver,NO,-1,"[""NO"", ""NO"", ""NO""]","[""EU\u2019s oil substitution may signal demand resilience, indirectly affecting carbon intensity and ETS pricing."", ""EU\u2019s oil substitution may indirectly affect energy sector emissions, but not directly the EU ETS price."", ""EU\u2019s oil substitution may signal demand resilience but doesn\u2019t directly impact ETS carbon pricing mechanics.""]",5,1.0,-0.5,-0.5,"[7, 5, 5]"
5429,https://www.lngindustry.com/small-scale-lng/02082023/rev-lng-and-hopa-complete-first-bunkering-of-european-vessel/,https://www.lngindustry.com/small-scale-lng/02082023/rev-lng-and-hopa-complete-first-bunkering-of-european-vessel/amp/,REV LNG and HOPA complete first bunkering of European vessel,2023-08-02,https://d11onib03523a2.cloudfront.net/media/articles/pop/277662.jpg,lngindustry.com,English,United States,2,3,eu_context;energy_driver,NO,-1,"[""NO"", ""NO"", ""NO""]","[""Bunkering milestone may signal industry readiness but doesn\u2019t directly impact EU ETS pricing mechanics."", ""Bunkering milestone may signal industry readiness but doesn\u2019t directly impact EU ETS pricing mechanics."", ""Bunkering milestone may signal industry readiness but lacks direct price-driving mechanism.""]",3,1.0,-0.3,-0.3,"[3, 3, 3]"
5435,https://oilprice.com/Energy/Energy-General/UK-Carbon-Prices-Tumble-Casting-Shadows-On-Decarbonization-Efforts.html,https://oilprice.com/Energy/Energy-General/UK-Carbon-Prices-Tumble-Casting-Shadows-On-Decarbonization-Efforts.amp.html,"UK Carbon Prices Tumble , Casting Shadows On Decarbonization Efforts",2023-08-06,https://d32r1sh890xpii.cloudfront.net/article/718x300/2023-08-04_ishqdnsajz.jpg,oilprice.com,English,United States,1,2,carbon_terms=2,NO,-1,"[""NO"", ""NO"", ""NO""]","[""UK price drop may signal broader EU ETS volatility and weaken decarbonization momentum."", ""UK price drop may signal policy uncertainty, potentially dampening EU ETS sentiment."", ""UK price drop may signal policy uncertainty, affecting EU ETS sentiment.""]",6,1.0,-0.6,-0.6,"[7, 6, 6]"
5441,https://carbon-pulse.com/216149/,,EU greenlights state aid for Germany energy - intensive fuel companies at risk of carbon leakage « Carbon Pulse,2023-08-10,,carbon-pulse.com,English,China,1,3,eu_context;carbon_terms=1,NO,-1,"[""NO"", ""NO"", ""NO""]","[""State aid could distort carbon pricing by subsidizing high-emission firms, risking leakage and triggering market adjustments."", ""State aid could distort carbon pricing by subsidizing high-emission firms, risking leakage and triggering EU ETS volatility."", ""State aid could distort carbon pricing by enabling emissions-intensive firms to operate without full market costs, risking leakage and undermining EU ETS integrity.""]",7,1.0,-0.7,-0.7,"[7, 7, 7]"
5447,https://www.eureporter.co/politics/european-commission/2023/08/14/commission-approves-e6-5-billion-german-scheme-to-address-carbon-leakage-risk-for-energy-intensive-companies-resulting-from-national-fuel-emission-trading-system/,,Commission approves €6 . 5 billion German scheme to address carbon leakage risk for energy - intensive companies resulting from national fuel emission trading system,2023-08-14,https://www.eureporter.co/wp-content/uploads/2022/11/QYZWSGAZZJJ2LB7HCA6MELVOVU-scaled.jpg,eureporter.co,English,United Kingdom,1,3,carbon_terms=3,YES,1,"[""YES"", ""YES"", ""YES""]","[""German scheme may boost EU ETS demand by mitigating leakage risks for energy-intensive firms."", ""German scheme may boost EU ETS demand by mitigating leakage risks for energy-intensive firms."", ""German scheme may boost EU ETS demand by mitigating leakage risks for energy-intensive firms.""]",7,1.0,0.7,0.7,"[7, 7, 7]"
5453,https://www.globalcement.com/news/item/16180-eu-enacts-carbon-border-adjustment-mechanism-regulation,,EU enacts carbon border adjustment mechanism regulation,2023-08-18,https://www.globalcement.com/media/k2/items/cache/1b1638229af9af60bfe9b5daa851bfc2_M.jpg,globalcement.com,English,India,1,9,eu_ets_strong;eu_context;carbon_terms=1,YES,1,"[""YES"", ""YES"", ""YES""]","[""Carbon border adjustment mechanism likely drives increased compliance costs and demand for allowances, boosting EU ETS prices."", ""Carbon border adjustment mechanism likely boosts EU ETS demand as importers face compliance costs."", ""Carbon border adjustment may increase import prices and trigger compliance costs, boosting demand for EU ETS allowances.""]",8,1.0,0.8,0.8,"[8, 8, 8]"
5459,https://www.rfi.fr/en/science-environment/20230822-eu-green-champion-swaps-brussels-for-home-front,https://amp.rfi.fr/en/science-environment/20230822-eu-green-champion-swaps-brussels-for-home-front,EU green champion swaps Brussels for home front,2023-08-22,https://s.rfi.fr/media/display/c7f3c566-409c-11ee-8217-005056a90321/w:1280/p:16x9/926c6410f6a11c01e1b38ceff004f06e119bab46.jpg,rfi.fr,English,France,1,2,eu_context,NO,-1,"[""NO"", ""NO"", ""NO""]","[""Shifts focus from international carbon markets to domestic policy may dampen speculative demand."", ""Shifts focus from international to domestic policy may reduce EU ETS volatility but doesn\u2019t signal major price movement."", ""Shifts policy focus from international to domestic markets may reduce EU ETS volatility.""]",6,1.0,-0.6,-0.6,"[5, 6, 6]"
5465,https://www.euractiv.com/section/climate-environment/opinion/why-the-eus-2050-climate-neutrality-target-is-10-years-too-late/,,Why the EU 2050 climate neutrality target is 10 years too late,2023-09-03,https://www.euractiv.com/wp-content/uploads/sites/2/2023/09/Timmermans-01022023-800x450.jpg,euractiv.com,English,United Kingdom,1,2,eu_context,NO,-1,"[""NO"", ""NO"", ""NO""]","[""Short-term EU ETS price unlikely to react significantly to long-term policy targets."", ""Short-term EU ETS price may be unaffected by long-term policy timing, as markets react to near-term emissions caps and compliance."", ""The headline suggests a delay in climate policy, which may reduce future emissions targets but doesn't directly impact short-term EU ETS price dynamics.""]",3,1.0,-0.3,-0.3,"[3, 3, 3]"
5471,https://www.globalcement.com/news/item/16252-six-dormant-cement-plants-reportedly-received-euro88m-in-european-union-emissions-allowances,,Six dormant cement plants reportedly received Euro88m in European Union emissions allowances,2023-09-05,https://www.globalcement.com/media/k2/items/cache/4d9f8449e88968bbaedf3442a17ecf8d_M.jpg,globalcement.com,English,India,1,6,eu_context;carbon_terms=4,NO,-1,"[""NO"", ""NO"", ""NO""]","[""Unallocated allowances to dormant plants may signal future emissions growth and disrupt market expectations."", ""Unallocated allowances to dormant plants may signal future emissions intensity or regulatory leniency, affecting market expectations."", ""Large-scale allocation of allowances to dormant plants may signal regulatory leniency or market distortion, potentially pressuring prices.""]",7,1.0,-0.7,-0.7,"[7, 7, 7]"
5477,https://carbon-pulse.com/220927/,,EU nations urged to pursue power market reform in grid renovation wave « Carbon Pulse,2023-09-07,,carbon-pulse.com,English,China,1,5,eu_context;carbon_terms=2;energy_driver,NO,-1,"[""NO"", ""YES"", ""NO""]","[""Grid renovation and power market reforms may indirectly affect emissions trading, but short-term ETS price direction is not directly impacted."", ""Grid renovation and power market reform could boost demand for clean energy compliance, lifting EU ETS prices."", ""Grid renovation and power market reforms may influence long-term supply dynamics but don\u2019t immediately alter EU ETS price volatility.""]",5,0.6666666666666666,-0.5,-0.3333333333333333,"[5, 7, 5]"
5483,https://www.zawya.com/en/economy/global/eu-commission-chief-asks-g20-to-join-global-carbon-pricing-akhwhas9,https://www.zawya.com/en/economy/global/eu-commission-chief-asks-g20-to-join-global-carbon-pricing-akhwhas9?amp=1,EU commission chief asks G20 to join global carbon pricing,2023-09-09,https://static.zawya.com/view/acePublic/alias/contentid/MWM4N2U1NDAtM2Q5My00/1/g20-summit.jpeg?f=3%3A2,zawya.com,English,United Arab Emirates,1,3,eu_context;carbon_terms=1,YES,1,"[""YES"", ""YES"", ""YES""]","[""G20 alignment could boost global carbon pricing, increasing EU ETS demand."", ""G20 alignment could boost global carbon pricing, increasing EU ETS demand and price pressure."", ""G20 participation could amplify policy coherence and increase global carbon pricing, potentially boosting EU ETS demand.""]",7,1.0,0.7,0.7,"[7, 7, 7]"
5489,https://en.vietnamplus.vn/thai-exporters-face-difficulties-in-meeting-eus-requirement-for-carbonemissions-reporting/267735.vnp,https://en.vietnamplus.vn/thai-exporters-face-difficulties-in-meeting-eus-requirement-for-carbonemissions-reporting/267735.amp,Thai exporters face difficulties in meeting EU requirement for carbon - emissions reporting | World,2023-09-11,,en.vietnamplus.vn,English,Vietnam,2,5,eu_context;carbon_terms=3,NO,-1,"[""NO"", ""NO"", ""NO""]","[""Thai exporters' reporting challenges may indirectly affect EU ETS compliance costs but are unlikely to cause immediate price swings."", ""Thai exporters' compliance challenges may indirectly affect EU ETS pricing via supply chain disruptions, but not immediately."", ""Thai exporters' compliance challenges may indirectly affect EU ETS demand via supply chain disruptions but are not direct price drivers.""]",5,1.0,-0.5,-0.5,"[5, 5, 5]"
5495,https://carbon-pulse.com/222076/,,European Green Deal and economic competitiveness key issues for EU von der Leyen in last speech of her term « Carbon Pulse,2023-09-13,,carbon-pulse.com,English,China,1,3,eu_context;carbon_terms=1,NO,-1,"[""NO"", ""NO"", ""YES""]","[""Policy shifts could affect emissions targets and market design, impacting short-term price volatility."", ""Policy shifts could influence emissions targets and market design, affecting price volatility."", ""Policy shifts could influence ETS compliance costs and market expectations.""]",7,0.6666666666666666,-0.7,-0.4666666666666666,"[7, 7, 7]"
5501,http://www.bjreview.com/China/202309/t20230915_800342384.html,,How carbon markets and pricing can pave the way for a greener future -- Beijing Review,2023-09-17,https://www.bjreview.com/China/202309/W020230915722605109072.jpg,bjreview.com,English,China,1,2,carbon_terms=2,NO,-1,"[""NO"", ""NO"", ""NO""]","[""Carbon market dynamics are not directly tied to this headline\u2019s optimistic framing without specific policy or pricing data."", ""Carbon market pricing trends are not directly tied to Beijing\u2019s editorial coverage without specific policy or regulatory signals."", ""The headline is general and optimistic, lacking specific data or policy shifts to influence short-term EU ETS pricing.""]",2,1.0,-0.2,-0.2,"[2, 2, 2]"
5507,https://www.prnewswire.com/news-releases/acx-partners-with-the-athens-stock-exchange-in-greece-to-develop-carbon-market-in-the-region-301931479.html,,ACX Partners With the Athens Stock Exchange in Greece to Develop Carbon Market in the region,2023-09-19,,prnewswire.com,English,United States,1,2,carbon_terms=2,NO,-1,"[""NO"", ""NO"", ""NO""]","[""Regional carbon market development may have limited immediate impact on EU ETS pricing."", ""Greece\u2019s carbon market development is nascent and lacks immediate scale or regulatory certainty to significantly impact EU ETS prices."", ""Greece\u2019s carbon market development is nascent and may not immediately impact EU ETS pricing due to limited scale and regulatory integration.""]",3,1.0,-0.3,-0.3,"[3, 3, 3]"
5513,https://247wallst.com/business/2023/09/21/europes-new-carbon-pricing-system-will-change-the-world/,https://247wallst.com/business/2023/09/21/europes-new-carbon-pricing-system-will-change-the-world/?amp=1,Europe New Carbon Pricing System  Will Change the World  – 24 / 7 Wall St . ,2023-09-21,https://247wallst.com/wp-content/uploads/2022/06/imageForEntry28-eUn.jpg,247wallst.com,English,United States,1,3,eu_context;carbon_terms=1,YES,1,"[""YES"", ""NO"", ""YES""]","[""New pricing system could drive volatility and reshape market expectations for EU ETS compliance."", ""The headline suggests a major policy shift that could disrupt current market dynamics and pricing expectations."", ""New pricing system could drive significant emissions reductions and reshape global carbon markets.""]",8,0.6666666666666666,0.8,0.5333333333333333,"[7, 7, 8]"
5519,https://www.straitstimes.com/asia/se-asia/indonesia-launches-carbon-trading-under-push-to-tame-coal,,Indonesia launches carbon trading under push to tame coal,2023-09-26,,straitstimes.com,English,Singapore,1,3,carbon_terms=2;energy_driver,NO,-1,"[""NO"", ""NO"", ""NO""]","[""Indonesia\u2019s new carbon market may dampen coal demand but likely has limited immediate impact on EU ETS prices due to market size and regulatory divergence."", ""Indonesia\u2019s new carbon market may dampen coal demand but lacks immediate global price linkage to affect EU ETS significantly."", ""Indonesia\u2019s new carbon market may dampen coal demand but won\u2019t immediately shift EU ETS prices due to limited export linkage and short-term market inertia.""]",5,1.0,-0.5,-0.5,"[5, 5, 5]"
5525,https://www.prnewswire.com/news-releases/new-eu-carbon-emissions-tariff-will-significantly-impact-businesses-highlights-report-from-the-conference-board-301940519.html,,"New EU Carbon Emissions Tariff Will Significantly Impact Businesses , Highlights Report from The Conference Board",2023-09-28,,prnewswire.com,English,United States,1,5,eu_context;carbon_terms=3,YES,1,"[""YES"", ""YES"", ""YES""]","[""The new EU Carbon Emissions Tariff will directly increase compliance costs for businesses, likely pushing EU ETS prices higher in the short term."", ""The new EU Carbon Emissions Tariff will directly increase compliance costs for businesses, likely pushing EU ETS prices higher in the short term."", ""The new EU Carbon Emissions Tariff introduces direct cost pressure on businesses, likely boosting EU ETS prices in the short term.""]",8,1.0,0.8,0.8,"[8, 8, 8]"
5531,https://economictimes.indiatimes.com/industry/renewables/exporters-seek-clarity-on-eus-carbon-certification/articleshow/104074700.cms,https://m.economictimes.com/industry/renewables/exporters-seek-clarity-on-eus-carbon-certification/amp_articleshow/104074700.cms,carbon : Exporters seek clarity on EU carbon certification,2023-09-30,"https://img.etimg.com/thumb/msid-104074705,width-1200,height-630,imgsize-81538,overlay-economictimes/photo.jpg",economictimes.indiatimes.com,English,India,2,3,eu_context;carbon_terms=1,NO,-1,"[""NO"", ""NO"", ""NO""]","[""Uncertainty over certification standards may delay export compliance and affect short-term market sentiment."", ""Uncertainty over certification rules may delay or disrupt export compliance, affecting short-term market sentiment."", ""Uncertainty around certification standards may dampen export confidence and reduce demand for EU ETS allowances.""]",6,1.0,-0.6,-0.6,"[6, 6, 6]"
5537,https://marketbusinessnews.com/eu-launches-first-global-carbon-border-tax-for-green-shift/350269/,https://marketbusinessnews.com/eu-launches-first-global-carbon-border-tax-for-green-shift/350269/amp/,EU Launches First Global Carbon Border Tax for Green Shift,2023-10-02,https://marketbusinessnews.com/wp-content/uploads/2023/10/smoke-258786_1280.jpg,marketbusinessnews.com,English,United Kingdom,1,3,eu_context;carbon_terms=1,YES,1,"[""YES"", ""YES"", ""YES""]","[""Carbon border tax signals regulatory tightening, likely boosting EU ETS prices as compliance costs rise."", ""The global carbon border tax signals stronger international pressure on emissions, likely boosting EU ETS prices as demand for carbon credits rises."", ""Carbon border tax signals regulatory tightening, likely boosting ETS prices as compliance costs rise.""]",8,1.0,0.8,0.8,"[8, 8, 8]"
5543,https://www.naturalgasworld.com/europe-can-cut-co2-emissions-70-by-2050-says-equinor-executive-107546,,"Europe can slice CO2 emissions 70 % by 2050 , says Equinor executive",2023-10-04,,naturalgasworld.com,English,Russia,2,4,eu_context;carbon_terms=2,NO,-1,"[""NO"", ""NO"", ""NO""]","[""Long-term emission targets don\u2019t directly impact short-term EU ETS pricing, which is driven by near-term policy and market dynamics."", ""EU ETS price is unlikely to react sharply to long-term emission targets set by Equinor, as they are not binding or immediate policy signals."", ""EU ETS price is more sensitive to near-term policy and market dynamics than long-term emission targets.""]",3,1.0,-0.3,-0.3,"[3, 3, 3]"
5549,https://shipandbunker.com/news/emea/878707-cma-cgm-follows-suit-on-eu-ets-surcharges,,CMA CGM Follows Suit on EU ETS Surcharges,2023-10-06,https://shipandbunker.cdn.speedyrails.net/a/img/_mt_5f7170ed18b764b5b3c658acebb5135e.jpg,shipandbunker.com,English,Singapore,1,8,eu_ets_strong;eu_context,YES,1,"[""YES"", ""YES"", ""YES""]","[""CMA CGM\u2019s move signals broader industry adoption of ETS surcharges, likely boosting demand for carbon credits and supporting price stability."", ""CMA CGM\u2019s move signals industry-wide compliance pressure, likely boosting ETS demand."", ""CMA CGM\u2019s move signals broader industry adoption of ETS surcharges, likely boosting demand for carbon credits and pushing prices higher.""]",7,1.0,0.7,0.7,"[7, 7, 7]"
5555,https://www.russiaherald.com/news/273992174/nord-stream-syndrome-one-year-on-eu-states-and-the-us-collude-to-sweep-the-pipeline-attacks-under-the-rug,,"Nord Stream syndrome : One year on , EU states and the US collude to sweep the pipeline attacks under the rug",2023-10-08,https://cdn.bignewsnetwork.com/MDQ1OTc3NjItY2Q.jpg,russiaherald.com,English,Russia,2,2,eu_context,NO,-1,"[""NO"", ""NO"", ""NO""]","[""Political cover-up may dampen EU ETS market sentiment but lacks direct price-driving mechanism."", ""Political cover-up may dampen regulatory urgency, but unlikely to materially shift ETS price short-term."", ""Political cover-up may dampen EU ETS policy urgency but unlikely to trigger immediate price swings.""]",3,1.0,-0.3,-0.3,"[3, 3, 3]"
5561,https://www.etftrends.com/climate-insights-channel/understanding-investments-carbon-allowances-carbon-offsets/,https://www.etftrends.com/climate-insights-channel/understanding-investments-carbon-allowances-carbon-offsets/amp/,Understanding Investments in Carbon Allowances or Carbon Offsets,2023-10-12,https://www.etftrends.com/wp-content/uploads/2023/10/Understanding-Investments-in-Carbon-Allowances-or-Carbon-Offsets.jpg,etftrends.com,English,China,1,3,carbon_terms=3,NO,-1,"[""NO"", ""NO"", ""NO""]","[""Investment in carbon allowances or offsets may signal future demand but doesn\u2019t immediately affect short-term price volatility."", ""Investment in carbon allowances or offsets may signal market sentiment but doesn\u2019t directly drive short-term price movement."", ""Investment in carbon allowances or offsets may signal market sentiment but doesn\u2019t directly drive short-term price movements.""]",3,1.0,-0.3,-0.3,"[3, 3, 3]"
5567,https://www.energyglobal.com/solar/27102023/baywa-re-fuse-solar-power-and-agriculture-with-eu-funding/,https://www.energyglobal.com/solar/27102023/baywa-re-fuse-solar-power-and-agriculture-with-eu-funding/amp/,BayWa . r . e . fuse solar power and agriculture with EU funding,2023-10-27,https://d34dnmy5vyawut.cloudfront.net/media/articles/pop/farm-01.jpg,energyglobal.com,English,United States,2,3,eu_context;energy_driver,NO,-1,"[""NO"", ""NO"", ""NO""]","[""EU funding for integrated projects may support renewables but doesn\u2019t directly drive ETS price volatility."", ""Solar-agriculture projects under EU funding may slightly influence ETS demand but are not a major short-term driver."", ""Solar agri-complexes funded by EU programs may slightly increase supply but unlikely to materially impact EU ETS prices.""]",2,1.0,-0.2,-0.2,"[2, 3, 2]"
5573,https://cyprus-mail.com/2023/11/05/europes-battery-charge-to-power-a-green-economy/,,Europe battery charge to power a green economy,2023-11-05,https://cyprus-mail.com/wp-content/uploads/2023/11/Horizon-Silvia.jpg,cyprus-mail.com,English,Cyprus,2,3,eu_context;energy_driver,NO,-1,"[""NO"", ""NO"", ""NO""]","[""Battery sector growth may boost demand for clean energy, but EU ETS price is more influenced by emissions caps and policy shifts than battery adoption alone."", ""Battery charging infrastructure may support green energy but doesn\u2019t directly impact EU ETS price volatility."", ""Battery charging infrastructure investment may support long-term ETS demand but doesn\u2019t signal immediate price movement.""]",3,1.0,-0.3,-0.3,"[3, 3, 3]"
5579,https://economictimes.indiatimes.com/news/economy/foreign-trade/india-will-not-accept-unfair-taxes-on-steel-aluminum-industry-goyal-on-eus-carbon-tax/articleshow/105035361.cms,https://m.economictimes.com/news/economy/foreign-trade/india-will-not-accept-unfair-taxes-on-steel-aluminum-industry-goyal-on-eus-carbon-tax/amp_articleshow/105035361.cms,"India will not accept unfair taxes on steel , aluminum industry : Goyal on EU carbon tax",2023-11-07,"https://img.etimg.com/thumb/msid-105035433,width-1200,height-630,imgsize-47970,overlay-economictimes/photo.jpg",economictimes.indiatimes.com,English,India,2,3,eu_context;carbon_terms=1,NO,-1,"[""NO"", ""NO"", ""NO""]","[""India\u2019s rejection of EU carbon taxes may trigger retaliatory measures or trade disputes, affecting EU ETS demand."", ""India\u2019s rejection of EU carbon taxes could trigger retaliatory measures and disrupt global trade, affecting EU ETS pricing via reduced demand for carbon-intensive exports."", ""India\u2019s rejection of EU carbon taxes could trigger retaliatory measures or market volatility in EU ETS.""]",6,1.0,-0.6,-0.6,"[6, 7, 6]"
5585,https://www.globalwitness.org/en/press-releases/investigation-reveals-the-eus-russian-oil-loophole-contributing-an-estimated-11-billion-in-taxes-to-kremlin/,,Investigation reveals the EU  Russian oil loophole  contributing an estimated €1 . 1 billion in taxes to Kremlin,2023-11-09,https://cdn2.globalwitness.org/media/images/gw-fallback.width-1024.png,globalwitness.org,English,United Kingdom,2,3,eu_context;energy_driver,NO,-1,"[""NO"", ""NO"", ""NO""]","[""EU ETS price unlikely to be directly affected by a tax loophole in Russian oil, though it may signal broader regulatory concerns."", ""EU ETS price unlikely to be directly impacted by a tax loophole involving Russian oil, as it pertains to non-EU emissions and tax evasion, not direct ETS compliance."", ""EU ETS price unlikely to be directly affected by a tax loophole involving Russian oil, as it pertains to non-EU emissions and tax evasion rather than EU compliance.""]",3,1.0,-0.3,-0.3,"[5, 3, 3]"
5591,https://www.nakedcapitalism.com/2023/11/under-the-cover-of-energy-crisis-europe-shifts-industry-emissions-and-pollution-to-balkans.html,,"Under the Cover of Energy Crisis , Europe Shifts Industry , Emissions and Pollution to Balkans",2023-11-12,,nakedcapitalism.com,English,United States,2,4,eu_context;carbon_terms=2,YES,1,"[""YES"", ""YES"", ""YES""]","[""Shifts in industrial emissions to the Balkans may temporarily relieve EU ETS pressure but could trigger future compliance costs and regulatory scrutiny."", ""Balkan industrial relocation may increase emissions, potentially pressuring EU ETS prices as compliance costs rise."", ""Shifts in industrial emissions to the Balkans may trigger regional carbon pricing adjustments, impacting EU ETS volatility.""]",7,1.0,0.7,0.7,"[7, 7, 7]"
5597,http://www.maritimeprofessional.com/news/uecc-solution-brings-clarity-emission-389439,https://www.maritimeprofessional.com/amp/news/uecc-solution-brings-clarity-emission-389439,UECC EU ETS Solution Brings Clarity to Emission Costs,2023-11-16,https://images.maritimeprofessional.com/images/maritime/w800/source-145550.jpg,maritimeprofessional.com,English,United States,1,9,eu_ets_strong;eu_context;carbon_terms=1,YES,1,"[""YES"", ""YES"", ""YES""]","[""Clarity in emission costs may boost market confidence and drive higher compliance-driven demand."", ""Clarifies regulatory certainty, potentially boosting market confidence and stabilizing prices."", ""Clarifies regulatory certainty, potentially boosting market confidence and stabilizing prices.""]",7,1.0,0.7,0.7,"[7, 7, 7]"
5603,https://thefrontierpost.com/eu-renews-its-global-green-leadership-with-canada-deal/,https://thefrontierpost.com/eu-renews-its-global-green-leadership-with-canada-deal/amp/,EU renews its global green leadership with Canada deal,2023-11-26,https://thefrontierpost.com/wp-content/uploads/2023/11/EU-renews-its-global-green-leadership-with-Canada-deal-1.jpg,thefrontierpost.com,English,Pakistan,1,2,eu_context,YES,1,"[""YES"", ""YES"", ""YES""]","[""Canada\u2019s green deal may boost EU ETS demand via expanded carbon markets and regulatory alignment."", ""Canada\u2019s green deal boosts EU ETS credibility and may attract more carbon-intensive industries to comply."", ""Canada\u2019s green deal signals stronger policy alignment, potentially boosting EU ETS demand.""]",7,1.0,0.7,0.7,"[7, 7, 7]"
5609,https://www.offshore-energy.biz/five-eu-countries-strengthen-carbon-capture-and-storage-bonds-with-new-declaration-paving-the-way-for-europes-ccus-market/,,"Five EU countries strengthen carbon capture and storage bonds with new declaration , paving the way for Europe CCUS market",2023-11-28,https://cdn.offshorewind.biz/wp-content/uploads/sites/6/2023/11/28112120/Kadri-Simson-at-the-podium-during-the-third-edition-of-the-carbon-capture-utilisation-and-storage-CCUS-Forum.jpg?image-crop-positioner-ts=1701166885,offshore-energy.biz,English,,2,4,eu_context;carbon_terms=2,YES,1,"[""YES"", ""YES"", ""YES""]","[""Enhanced CCUS commitments signal policy tailwinds that could boost EU ETS demand and prices."", ""Enhances policy momentum for CCUS, likely boosting ETS demand for low-carbon credits."", ""Enhanced CCUS commitments signal policy tailwinds likely to boost ETS demand and prices.""]",7,1.0,0.7,0.7,"[7, 7, 7]"
5615,https://www.marinelink.com/news/emissionsfree-power-supply-expected-rise-509789,,Emissions - Free Power Supply Expected To Rise To 85 % By,2023-11-30,https://images.marinelink.com/images/maritime/w800/source-wood-mackenzie-145856.jpg,marinelink.com,English,United States,2,3,carbon_terms=2;energy_driver,NO,-1,"[""NO"", ""NO"", ""NO""]","[""Free power supply expansion may increase emissions, potentially pressuring EU ETS prices downward."", ""Free power supply increase may reduce compliance pressure but doesn't guarantee price stability."", ""Free power supply expansion may increase emissions, potentially pressuring EU ETS prices downward.""]",7,1.0,-0.7,-0.7,"[7, 6, 7]"
5621,https://www.nbcdfw.com/news/national-international/imf-chief-makes-the-case-for-carbon-pricing-as-writing-on-the-wall-for-oil-and-gas/3402332/,https://www.nbcdfw.com/news/national-international/imf-chief-makes-the-case-for-carbon-pricing-as-writing-on-the-wall-for-oil-and-gas/3402332/?amp=1,IMF chief makes the case for carbon pricing as  writing on the wall  for oil and gas – NBC 5 Dallas - Fort Worth,2023-12-03,https://media.nbcdfw.com/2023/12/107342282-1701584279793-gettyimages-1782804773-SINGAPORE_FINTECH.jpeg?quality=85&strip=all,nbcdfw.com,English,United States,1,2,carbon_terms=1;energy_driver,YES,1,"[""YES"", ""YES"", ""YES""]","[""IMF\u2019s endorsement of carbon pricing signals growing policy momentum, potentially boosting EU ETS demand."", ""IMF\u2019s endorsement of carbon pricing signals growing global policy pressure on fossil fuels, likely boosting ETS demand."", ""IMF\u2019s endorsement of carbon pricing signals growing policy momentum that could pressure fossil fuel prices and boost ETS demand.""]",7,1.0,0.7,0.7,"[7, 7, 7]"
5627,https://www.steelguru.com/steel/eu-debating-carbon-leverage-in-steel,https://www.steelguru.com/amp/story/steel/eu-debating-carbon-leverage-in-steel,EU : Debating Carbon Leverage in Steel,2023-12-06,https://gumlet.assettype.com/steelguru%2F2023-12%2Fd1dbfcae-d65d-4052-ab70-3575e179c2e0%2FEU_CBAM.jpg?&ar=40%3A21&auto=format%2Ccompress&ogImage=true&mode=crop&enlarge=true&overlay=false&overlay_position=bottom&overlay_width=100,steelguru.com,English,China,1,3,eu_context;carbon_terms=1,NO,-1,"[""NO"", ""NO"", ""NO""]","[""Steel sector carbon leverage debates may influence ETS compliance costs and pricing volatility."", ""Steel sector carbon leverage debates may influence future ETS policy and pricing, but short-term impact is uncertain."", ""Steel sector carbon leverage debates may influence policy but not immediately impact ETS prices.""]",6,1.0,-0.6,-0.6,"[6, 6, 5]"
5633,http://en.ce.cn/main/latest/202312/08/t20231208_38822269.shtml,,Chinese premier co - chairs 24th China - EU Summit with EU leaders -- China Economic Net,2023-12-08,,en.ce.cn,English,China,1,2,eu_context,NO,-1,"[""NO"", ""NO"", ""NO""]","[""EU-China economic alignment may slightly influence ETS dynamics but lacks direct policy signal."", ""EU-China economic alignment may influence carbon policy coordination, but short-term ETS price impact is limited."", ""EU-China economic alignment may influence carbon policy coordination but doesn\u2019t signal immediate ETS price movement.""]",3,1.0,-0.3,-0.3,"[3, 3, 3]"
5639,https://euobserver.com/green-economy/157799,,COP28 focuses on EU failure to cut livestock emissions,2023-12-11,https://media.euobserver.com/fa3d8e68a4e5b4335860fa7704ab4814-800x.jpg,euobserver.com,English,United Kingdom,1,4,eu_context;carbon_terms=2,NO,-1,"[""NO"", ""NO"", ""NO""]","[""EU livestock emissions criticism may pressure policy reforms, but short-term ETS price volatility is unlikely."", ""EU ETS pressure may rise as livestock emissions are a key compliance issue under the EU\u2019s climate targets."", ""EU ETS emissions caps on livestock may face political pressure, potentially triggering price volatility.""]",7,1.0,-0.7,-0.7,"[6, 7, 7]"
5645,https://www.rappler.com/business/cop28-european-union-blocks-carbon-trading-deal/,,COP28 kicks carbon trading down the road as EU blocks deal,2023-12-14,https://www.rappler.com/tachyon/2023/12/cop28-expo-city-dubai-december-12-2023-reuters-002.jpg,rappler.com,English,Philippines,1,4,eu_context;carbon_terms=2,NO,-1,"[""NO"", ""NO"", ""NO""]","[""EU's blockage of a global carbon trading deal may delay broader market integration but doesn't signal immediate price collapse."", ""EU\u2019s blockage may delay market momentum but doesn\u2019t negate long-term price trajectory."", ""EU\u2019s blockage of a global carbon trading deal may dampen market momentum, but COP28\u2019s focus on long-term frameworks could still support future price stability.""]",6,1.0,-0.6,-0.6,"[6, 6, 7]"
5651,https://www.seatrade-maritime.com/opinions-analysis/chartering-under-eu-ets-demands-full-emissions-visibility,,Chartering under EU ETS demands full emissions visibility,2023-12-20,https://www.seatrade-maritime.com/sites/seatrade-maritime.com/files/Richard%20Bjercke94.jpg,seatrade-maritime.com,English,China,1,10,eu_ets_strong;eu_context;carbon_terms=2,YES,1,"[""YES"", ""YES"", ""YES""]","[""Enhances compliance pressure and may drive upward price pressure through stricter reporting."", ""Enhances compliance pressure and may drive up emissions trading costs."", ""Enhances compliance pressure and may drive up emissions trading costs.""]",7,1.0,0.7,0.7,"[7, 7, 7]"
5657,https://shipandbunker.com/news/world/411814-fratelli-cosulich-completes-first-eua-deal,,Fratelli Cosulich Completes First EUA Deal,2023-12-22,https://shipandbunker.cdn.speedyrails.net/a/img/_mt_119eabc02a64d7eb223f6cbea9c7e8e8.jpg,shipandbunker.com,English,Singapore,1,8,eu_ets_strong;eu_context,NO,-1,"[""NO"", ""NO"", ""NO""]","[""First EUA deal by a single firm is unlikely to materially shift EU ETS price trends."", ""Single transaction by a single company has negligible impact on EU ETS price trends."", ""First EUA deal by a firm doesn't signal systemic market shifts or regulatory changes.""]",1,1.0,-0.1,-0.1,"[1, 1, 2]"
5663,https://orientalnewsng.com/eu-turns-to-african-hydrogen-supplier-to-hit-clean-energy-targets/,,EU turns to African hydrogen supplier to hit clean energy targets,2023-12-27,http://orientalnewsng.com/wp-content/uploads/2023/12/eu.jpg,orientalnewsng.com,English,,2,2,eu_context,YES,1,"[""YES"", ""YES"", ""YES""]","[""African hydrogen supply could reduce EU reliance on fossil fuels and support long-term ETS price stability."", ""African hydrogen supply could lower EU ETS compliance costs and boost demand for clean energy credits."", ""African hydrogen supply could lower EU ETS compliance costs and influence price via increased clean energy competition.""]",7,1.0,0.7,0.7,"[7, 7, 6]"
5669,https://kelo.com/2023/12/28/biden-extends-eu-steel-aluminum-tariff-exemption-for-2-years/,,"Biden extends EU steel , aluminum tariff exemption for 2 years",2023-12-29,https://storage.googleapis.com/media.mwcradio.com/mimesis/2023-12/28/2023-12-28T184919Z_1_LYNXMPEJBR0H8_RTROPTP_3_UKRAINE-CRISIS-USA.JPG,kelo.com,English,United States,2,2,eu_context,NO,-1,"[""NO"", ""NO"", ""NO""]","[""EU ETS price unlikely to be directly affected by U.S. tariff exemptions on steel/aluminum."", ""EU ETS price unlikely to be directly impacted by U.S. tariff exemptions on steel/aluminum."", ""EU ETS price unlikely to be directly impacted by U.S. tariff exemptions on steel/aluminum.""]",3,1.0,-0.3,-0.3,"[3, 3, 3]"
5675,https://www.scotsman.com/news/politics/alyn-smith-warns-closer-alignment-with-eu-vital-amid-global-instability-4453764,,Alyn Smith warns closer alignment with EU vital amid global instability,2024-01-01,"https://www.scotsman.com/webimg/b25lY21zOmMyZjhjMWZjLWQxMDUtNGE0NS05Y2Q5LTBhNjI1OGI2YTBhOTo5YmJhZWExOC02MzVjLTQ3MTMtOGIzMy1lNWM5OTFhMGFkMGE=.jpg?&auto=webp&quality=75&crop=3:2,smart",scotsman.com,English,United Kingdom,1,2,eu_context,NO,-1,"[""NO"", ""NO"", ""NO""]","[""Alyn Smith\u2019s warning may signal policy pressure but lacks concrete market data to confirm short-term ETS price direction."", ""EU ETS price may be influenced by policy alignment signals, but global instability introduces uncertainty."", ""EU ETS price may be influenced by policy alignment signals, but short-term volatility is unlikely without concrete regulatory action.""]",3,1.0,-0.3,-0.3,"[5, 3, 3]"
5681,https://timesofmalta.com/articles/view/government-nothing-avoid-impact-eu-emissions-tax-pn.1076157,,Government did nothing to avoid impact of EU emissions tax,2024-01-03,https://cdn-attachments.timesofmalta.com/fa49b31b6578c7e555628c980a34e5248d74df94-1704286198-69455b46-1200x630.jpg,timesofmalta.com,English,Malta,1,4,eu_context;carbon_terms=2,NO,-1,"[""NO"", ""NO"", ""NO""]","[""Lack of government action may signal weak enforcement, potentially lowering market confidence and price."", ""Lack of government action may signal weak enforcement, potentially lowering market confidence and pricing."", ""Lack of government action may signal weak enforcement, potentially lowering market confidence and price.""]",5,1.0,-0.5,-0.5,"[5, 6, 5]"
5687,https://maritime-executive.com/editorials/op-ed-the-eu-ets-is-an-opportunity-to-create-genuine-change,,Op - Ed : The EU ETS is an Opportunity to Create Genuine Change,2024-01-05,https://maritime-executive.com/media/images/article/Photos/Vessels_Large/breakbulk-freighter-bulker-istock.1d4244.jpg,maritime-executive.com,English,United States,1,8,eu_ets_strong;eu_context,NO,-1,"[""NO"", ""NO"", ""NO""]","[""The headline suggests optimism but lacks specific data or policy details to confirm short-term price direction."", ""The headline\u2019s optimistic tone may signal market sentiment but doesn\u2019t provide concrete data to confirm short-term price direction."", ""The headline suggests optimism but doesn't specify actionable policy or market signals that would drive short-term price movement.""]",5,1.0,-0.5,-0.5,"[5, 3, 5]"
5693,https://www.forbes.com/sites/neilwinton/2024/01/07/europe-needs-mass-market-evs-to-avoid-existential-threat/,,Europe Needs Mass Market EVs To Avoid Existential Threat,2024-01-07,https://imageio.forbes.com/specials-images/imageserve/653d370719e2901a2572b730/0x0.jpg?format=jpg&fit=bounds,forbes.com,English,United States,2,3,eu_context;carbon_terms=1,NO,-1,"[""YES"", ""NO"", ""NO""]","[""Mass EV adoption could reduce EU emissions, potentially lowering ETS price pressure if compliance costs decline."", ""Mass EV adoption could reduce emissions, potentially lowering EU ETS price pressure if compliance costs decline."", ""Mass EV adoption could reduce emissions and pressure EU ETS prices downward, but short-term volatility remains uncertain.""]",6,0.6666666666666666,-0.6,-0.3999999999999999,"[7, 7, 6]"
5699,https://www.naturalgasworld.com/eu-reaches-breakthrough-political-deal-on-methane-emissions-gas-in-transition-109075,,EU reaches breakthrough political deal on methane emissions [ Gas in Transition ] ,2024-01-09,,naturalgasworld.com,English,Russia,2,5,eu_context;carbon_terms=2;energy_driver,YES,1,"[""YES"", ""YES"", ""YES""]","[""Methane emissions are a potent GHG, and political breakthroughs may signal stronger regulatory tightening, potentially boosting EU ETS prices."", ""Methane emissions are a potent GHG, and political breakthroughs can drive stricter compliance, potentially boosting ETS demand."", ""Methane emissions reduction could trigger new EU ETS compliance pressures and affect cap-setting dynamics.""]",7,1.0,0.7,0.7,"[7, 7, 7]"
5705,https://www.hellenicshippingnews.com/europe-gas-prices-down-on-strong-supply-and-inventories/,,Europe Gas : Prices down on strong supply and inventories | Hellenic Shipping News Worldwide,2024-01-11,,hellenicshippingnews.com,English,China,2,4,eu_context;carbon_terms=1;energy_driver,NO,-1,"[""NO"", ""NO"", ""NO""]","[""Gas price declines suggest reduced pressure on EU ETS due to ample supply, but ETS is more sensitive to emissions caps and policy, not direct gas prices."", ""Gas price declines suggest reduced pressure on EU ETS due to ample supply, but ETS is less directly tied to gas prices."", ""Gas price decline suggests reduced demand pressure, which may indirectly support lower EU ETS prices via reduced industrial activity.""]",3,1.0,-0.3,-0.3,"[3, 3, 3]"
5711,https://www.livemint.com/opinion/davos-devotees-deindustrialize-europe-11705122795460.html,https://www.livemint.com/opinion/davos-devotees-deindustrialize-europe/amp-11705122795460.html,Davos Devotees Deindustrialize Europe,2024-01-13,https://www.livemint.com/lm-img/img/2024/01/13/600x338/FILES-SWITZERLAND-POLITICS-ECONOMY-SUMMIT-DAVOS-5_1705122964076_1705122975700.jpg,livemint.com,English,India,2,2,eu_context,NO,-1,"[""NO"", ""NO"", ""NO""]","[""Davos sentiment may signal policy shifts toward decarbonization, potentially pressuring ETS prices as industrial sectors reduce emissions."", ""Davos sentiment may signal policy shifts toward decarbonization, potentially pressuring ETS prices downward."", ""Davos sentiment may signal policy shifts that could pressure EU ETS prices through industrial decarbonization debates.""]",7,1.0,-0.7,-0.7,"[7, 7, 7]"
5717,https://timesofmalta.com/articles/view/unreasonable-untimely-eu-tax.1077735,,Unreasonable and untimely EU tax,2024-01-15,https://cdn-attachments.timesofmalta.com/19006db576422ced639762f79e31cee551d0b004-1705067436-1f0cd9f2-1200x630.jpg,timesofmalta.com,English,Malta,1,2,eu_context,NO,-1,"[""NO"", ""NO"", ""NO""]","[""Uncertainty around the tax\u2019s timing and scope may disrupt market expectations but lacks clear quantitative impact."", ""Unreasonable and untimely taxes may disrupt market sentiment but lack clear regulatory backing to significantly alter short-term ETS prices."", ""Unreasonable and untimely taxes may disrupt market expectations but are unlikely to cause immediate price swings in EU ETS.""]",5,1.0,-0.5,-0.5,"[5, 5, 5]"
5723,https://news.yahoo.com/eu-drafts-plan-zero-industrys-142218072.html,,EU drafts plan to zero out industry carbon footprint by 2050,2024-01-17,https://media.zenfs.com/en/reuters.com/7409c7efc72ea831f1de3b7aef2ae1e9,news.yahoo.com,English,United States,2,3,eu_context;carbon_terms=1,YES,1,"[""YES"", ""YES"", ""YES""]","[""EU\u2019s 2050 carbon neutrality target signals long-term policy certainty, likely boosting ETS prices through increased compliance costs and demand for allowances."", ""EU\u2019s 2050 carbon neutrality target signals long-term policy shift, likely increasing ETS demand and price pressure."", ""EU\u2019s 2050 carbon zero target signals long-term policy shift, likely boosting ETS prices through increased compliance costs and demand for carbon credits.""]",8,1.0,0.8,0.8,"[8, 8, 8]"
5729,https://uspolitics.einnews.com/pr_news/682276807/ranking-member-capito-prove-it-act-paves-way-for-costly-carbon-tax-follows-failed-european-policies,,"Ranking Member Capito : PROVE IT Act Paves Way for Costly Carbon Tax , Follows Failed European Policies",2024-01-19,,uspolitics.einnews.com,English,United States,2,3,eu_context;carbon_terms=1,NO,-1,"[""NO"", ""NO"", ""NO""]","[""The PROVE IT Act could raise carbon prices in the U.S., but EU ETS is unaffected by U.S. legislation."", ""The PROVE IT Act could increase carbon pricing pressure, potentially affecting EU ETS prices through global market spillovers."", ""The PROVE IT Act could increase carbon pricing pressure, potentially affecting EU ETS prices through global market spillovers.""]",7,1.0,-0.7,-0.7,"[6, 7, 7]"
5735,https://ceenergynews.com/eu-affairs/eu-reaches-provisional-deal-on-emissions-targets-for-new-heavy-duty-vehicles/,,EU reaches  provisional  deal on emissions targets for new heavy - duty vehicles,2024-01-22,https://ceenergynews.com/wp-content/uploads/2023/11/marcin-jozwiak-kGoPcmpPT7c-unsplash-1.jpg,ceenergynews.com,English,,2,4,eu_context;carbon_terms=2,YES,1,"[""YES"", ""YES"", ""YES""]","[""New heavy-duty vehicle emissions targets could drive higher compliance costs and boost demand for carbon credits."", ""New heavy-duty vehicle emissions targets could drive higher compliance costs and demand for carbon credits."", ""New emissions targets for heavy-duty vehicles could drive higher compliance costs and boost carbon price.""]",7,1.0,0.7,0.7,"[7, 7, 7]"
5741,https://www.hellenicshippingnews.com/eu-ets-impact-on-eu-mrv-reporting/,,EU ETS impact on EU MRV reporting | Hellenic Shipping News Worldwide,2024-01-25,,hellenicshippingnews.com,English,China,1,8,eu_ets_strong;eu_context,NO,-1,"[""NO"", ""NO"", ""NO""]","[""MRV reporting improvements may indirectly support compliance and reduce emissions, but direct price impact is limited."", ""EU MRV reporting is a compliance requirement that may indirectly affect ETS pricing through emissions data transparency, but no direct short-term price impact is evident."", ""MRV reporting compliance may indirectly affect ETS compliance but is unlikely to drive short-term price movement.""]",3,1.0,-0.3,-0.3,"[3, 3, 3]"
5747,https://maritime-executive.com/article/biden-confirms-pause-on-new-lng-export-permits-for-doe-review,,Biden Confirms Pause on New LNG Export Permits for DOE Review,2024-01-27,https://maritime-executive.com/media/images/article/Photos/Oil_Gas_Energy/Freeport-LNG-Aerial-View-with-the-Excelsior-1.d2a85d.jpg,maritime-executive.com,English,United States,2,3,carbon_terms=2;energy_driver,NO,-1,"[""NO"", ""NO"", ""NO""]","[""LNG export pauses may reduce global supply, potentially impacting EU ETS price via carbon intensity shifts, but DOE review timing and scope are uncertain."", ""LNG export pauses may indirectly affect EU ETS prices by altering global supply dynamics, but the direct impact is limited without immediate market signals."", ""LNG export pause may affect global supply and pricing, but EU ETS is less directly impacted by U.S. LNG policy.""]",4,1.0,-0.4,-0.4,"[4, 4, 5]"
5753,https://menafn.com/1107779448/Europe-Biomass-Gasification-Market-2023-2028-Size-Report-Analysis-And-Future-Growth,,"Europe Biomass Gasification Market 2023 - 2028 | Size , Report Analysis And Future Growth",2024-01-29,,menafn.com,English,Qatar,2,4,eu_context;carbon_terms=1;energy_driver,NO,-1,"[""NO"", ""NO"", ""NO""]","[""Biomass gasification market growth may indirectly influence EU ETS demand but lacks immediate price-driving mechanism."", ""Biomass gasification market growth may indirectly influence EU ETS demand but lacks direct price-driving mechanism."", ""Biomass gasification market growth may indirectly influence EU ETS prices via emissions reductions, but direct short-term impact is limited.""]",3,1.0,-0.3,-0.3,"[3, 3, 3]"
5759,https://www.farmersjournal.ie/news/news/battle-over-eu-farm-emissions-pricing-proposals-803171,https://www.farmersjournal.ie/amp/news/news/battle-over-eu-farm-emissions-pricing-proposals-803171,Battle over EU farm emissions pricing proposals,2024-01-31,https://s3-eu-west-1.amazonaws.com/ifj/WEBFILES/000/803/171/2130450-803171.jpg,farmersjournal.ie,English,Ireland,2,4,eu_context;carbon_terms=2,NO,-1,"[""NO"", ""NO"", ""NO""]","[""Farm emissions pricing could influence overall EU ETS demand but lacks immediate market impact."", ""Farm emissions pricing could shift market sentiment but lacks immediate regulatory clarity."", ""Farm emissions pricing could influence overall EU ETS compliance but lacks immediate market impact.""]",5,1.0,-0.5,-0.5,"[5, 5, 5]"
5765,https://www.euractiv.com/section/agriculture-food/news/farmers-discontent-as-a-stress-test-for-the-eu-single-market/,,Farmer discontent as a stress test for the EU single market,2024-02-02,https://www.euractiv.com/wp-content/uploads/sites/2/2023/11/Agrifood-Brief-Hubs-ARTICLE-Header-template-please-duplicate-800x450.png,euractiv.com,English,United Kingdom,2,3,eu_context;carbon_terms=1,NO,-1,"[""NO"", ""NO"", ""NO""]","[""Farmer discontent may pressure policy, but short-term EU ETS price volatility is unlikely without direct regulatory or market intervention."", ""Farmer discontent may trigger policy shifts that indirectly affect carbon pricing, but short-term ETS direction is unlikely to be directly impacted."", ""Farmer discontent may trigger policy adjustments that indirectly affect carbon pricing, but short-term ETS direction is unlikely to be decisively impacted.""]",3,1.0,-0.3,-0.3,"[3, 3, 3]"
5771,https://www.bunburymail.com.au/story/8508849/car-efficiency-standards-to-lower-emissions-fuel-costs/?cs=30776,,"Car efficiency standards to lower emissions , fuel costs",2024-02-04,https://www.bunburymail.com.au/images/transform/v1/crop/frm/silverstone-feed-data/e31c1471-29cc-4300-a967-87c878e7e4f4.jpg/r0_90_800_510_w1200_h630_fmax.jpg,bunburymail.com.au,English,Australia,2,2,carbon_terms=2,YES,1,"[""NO"", ""YES"", ""YES""]","[""Lowering emissions via car efficiency standards may reduce demand for carbon credits but won\u2019t immediately impact EU ETS prices."", ""Lowering emissions via car efficiency standards may pressure EU ETS prices as compliance costs rise."", ""Lowering car efficiency standards could reduce emissions and fuel costs, potentially easing pressure on EU ETS prices in the short term.""]",7,0.6666666666666666,0.7,0.4666666666666666,"[5, 7, 7]"
5777,https://www.euronews.com/my-europe/2024/02/06/brussels-recommends-new-eu-climate-target-a-90-cut-of-all-greenhouse-gas-emissions-by-2040,,Brussels recommends new EU climate target : a 90 % cut of all greenhouse gas emissions by 2040,2024-02-06,https://static.euronews.com/articles/stories/08/22/07/14/1200x675_cmsv2_de10ee1f-4293-54ab-b565-20159a160a05-8220714.jpg,euronews.com,English,United States,2,5,eu_context;carbon_terms=2;energy_driver,YES,1,"[""YES"", ""YES"", ""YES""]","[""Higher 2040 target may pressure ETS prices via increased compliance costs and stricter emission caps."", ""New target accelerates emission reduction pace, likely boosting carbon price via tighter compliance demands."", ""Higher long-term emissions targets increase pressure on carbon pricing to incentivize decarbonization.""]",8,1.0,0.8,0.8,"[8, 8, 8]"
5783,https://chronicle.lu/category/environment/48512-eu-introduces-new-greenhouse-gas-emissions-reduction-target-for-2040,,EU Introduces New Greenhouse Gas Emissions Reduction Target for 2040,2024-02-08,http://www.chronicle.lu/images/2024/Feb/20240208_climate-greenhouse-gas-emissions-600-399.jpg,chronicle.lu,English,Luxembourg,2,5,eu_context;carbon_terms=2;energy_driver,NO,-1,"[""NO"", ""NO"", ""NO""]","[""New 2040 target may signal longer-term policy shifts but doesn\u2019t immediately affect short-term EU ETS pricing."", ""New 2040 target may signal longer-term policy shifts but has limited immediate market impact."", ""New 2040 target may signal stricter compliance, but short-term price impact unlikely without immediate policy changes.""]",3,1.0,-0.3,-0.3,"[4, 3, 3]"
5789,https://news.yahoo.com/iron-production-process-could-cut-124145910.html,,New iron production process could cut carbon emissions from a dirty industry,2024-02-10,https://s.yimg.com/ny/api/res/1.2/SmbeL0kUM321JEZKIyT8_A--/YXBwaWQ9aGlnaGxhbmRlcjt3PTEyMDA7aD04MDE-/https://media.zenfs.com/en/fox_weather_articles_483/0385f50bc93a70a9abe57edaee6ad080,news.yahoo.com,English,United States,2,3,carbon_terms=3,YES,1,"[""YES"", ""YES"", ""YES""]","[""Iron production\u2019s decarbonization could reshape EU ETS demand as emissions targets tighten."", ""Iron production emissions reduction could boost EU ETS demand as industries seek compliance pathways."", ""Iron production emissions reduction could drive EU ETS price upward via lower compliance costs and enhanced carbon sink potential.""]",7,1.0,0.7,0.7,"[7, 7, 7]"
5795,https://www.capitalfm.co.ke/business/2024/02/eu-sets-goal-of-90-emissions-cut-by-2040/,,EU sets goal of 90 % emissions cut by 2040,2024-02-12,https://www.capitalfm.co.ke/business/files/2024/02/65c40bd3a3104efc330296e7-1024x576.jpeg,capitalfm.co.ke,English,Kenya,2,4,eu_context;carbon_terms=2,YES,1,"[""YES"", ""YES"", ""YES""]","[""Long-term ambition drives policy tightening and market expectations for carbon pricing."", ""Long-term ambition drives policy adjustments that could reshape carbon pricing dynamics."", ""Long-term ambition drives policy adjustments that may affect short-term ETS pricing via regulatory uncertainty and investment shifts.""]",7,1.0,0.7,0.7,"[7, 7, 7]"
5801,https://www.globenewswire.com/news-release/2024/02/14/2829508/0/en/Europe-Activated-Carbon-Market-Global-Industry-Size-Share-Trends-Opportunity-and-Forecast-2018-2028.html,,"Europe Activated Carbon Market - Global Industry Size , ",2024-02-14,https://ml.globenewswire.com/Resource/Download/0e9f9ce2-4edb-47cc-8e78-823e1c6a0985,globenewswire.com,English,United States,2,4,eu_context;carbon_terms=2,NO,-1,"[""NO"", ""NO"", ""NO""]","[""Carbon market activation alone doesn\u2019t directly drive short-term EU ETS price movements without broader policy or trading activity context."", ""Carbon market size alone doesn\u2019t signal short-term price direction without policy or emission trends."", ""Carbon market size alone doesn\u2019t directly signal short-term price direction in EU ETS.""]",2,1.0,-0.2,-0.2,"[3, 2, 2]"
5807,https://www.maritime-executive.com/article/cma-cgm-unveils-pioneering-lng-fueled-feeder-ship-class-for-europe,,CMA CGM Unveils Pioneering LNG - Fueled Feeder Ship Class for Europe,2024-02-16,https://maritime-executive.com/media/images/article/Photos/Vessels_Large/CMA-CGM-MERMAID-3.3679be.jpg,maritime-executive.com,English,United States,2,3,eu_context;energy_driver,NO,-1,"[""NO"", ""NO"", ""NO""]","[""LNG-fueled shipping is a long-term decarbonization trend, but immediate ETS price impact is unlikely without regulatory or operational shifts."", ""LNG-fueled ships may reduce emissions but don't directly impact EU ETS price mechanics or carbon allowance demand."", ""LNG-fueled shipping may reduce emissions but doesn\u2019t directly impact EU ETS price mechanics or compliance.""]",3,1.0,-0.3,-0.3,"[3, 3, 3]"
5813,https://www.npr.org/2024/02/18/1225653773/china-electric-vehicles-byd-nio-geely-vw-europe,,China electric carmakers take on on Europeans on their own turf : NPR,2024-02-18,https://media.npr.org/assets/img/2024/02/14/sjoerdbyd3_wide-9f184b7c4b98ccf59de4040a6b96e263cc5d1f26-s1400-c100.jpg,npr.org,English,United States,2,2,eu_context,NO,-1,"[""NO"", ""NO"", ""NO""]","[""China's EV expansion may pressure EU ETS prices via global supply chain shifts, but short-term impact is uncertain."", ""China\u2019s EV expansion may pressure EU ETS prices via global supply chain shifts, but short-term impact is uncertain."", ""China\u2019s EV expansion may pressure EU ETS prices via increased global emissions, but short-term impact is uncertain.""]",3,1.0,-0.3,-0.3,"[3, 4, 3]"
5819,https://www.bjreview.com/Opinion/Voice/202312/t20231219_800352289.html,,China - EU : The status quo -- Beijing Review,2024-02-20,https://www.bjreview.com/Opinion/Voice/202312/W020231219438501785840.jpg,bjreview.com,English,China,1,2,eu_context,NO,-1,"[""NO"", ""NO"", ""NO""]","[""Short-term EU ETS price unlikely to react significantly to China\u2019s policy review, as no immediate policy shifts are signaled."", ""Short-term EU ETS price unlikely to react significantly to China\u2019s review of its carbon policy status quo."", ""Short-term EU ETS price unlikely to be materially affected by China\u2019s current policy stance.""]",3,1.0,-0.3,-0.3,"[3, 3, 3]"
5825,https://www.edie.net/tracking-the-biggest-hurdles-to-the-private-sectors-renewable-energy-transition/,https://www.edie.net/tracking-the-biggest-hurdles-to-the-private-sectors-renewable-energy-transition/?amp=true,Half of Europe Businesses Just Starting Low - Carbon Energy Transition : BayWa r . e . Survey,2024-02-22,https://edienetlive.s3.eu-west-2.amazonaws.com/wp-content/uploads/sites/2/SolarRoof2424.jpg,edie.net,English,United Kingdom,2,3,eu_context;carbon_terms=1,NO,-1,"[""NO"", ""NO"", ""NO""]","[""Early adoption signals potential long-term structural change but short-term price impact is uncertain."", ""Low-carbon transition sentiment may signal future demand but doesn't yet reflect immediate price pressure."", ""Low-carbon transition sentiment may signal future demand, but current survey data lacks concrete pricing or policy signals.""]",5,1.0,-0.5,-0.5,"[5, 5, 5]"
5831,https://menafn.com/1107895698/Gasoline-Marine-Fuel-Filter-Market-Trends-Business-Overview-Industry-Growth-and-Forecast-to-2024-2032,,"Gasoline Marine Fuel Filter Market Trends , Business Overview , Industry Growth and Forecast to 2024 - 2032",2024-02-25,https://menafn.com/updates/pr/2024-02/25/pr_10566_3cd39c02_image_story.jpg,menafn.com,English,Qatar,2,2,carbon_terms=1;energy_driver,NO,-1,"[""NO"", ""NO"", ""NO""]","[""No direct link to EU ETS price movements as it pertains to marine fuel filters, which are not a major carbon-emitting sector under the EU ETS."", ""No direct link to EU ETS price movements or carbon trading mechanisms."", ""Irrelevant to EU ETS price dynamics as it pertains to gasoline marine fuel filters, not carbon emissions trading.""]",1,1.0,-0.1,-0.1,"[1, 1, 1]"
5837,https://www.eco-business.com/news/eu-carbon-border-levy-could-hurt-asian-developing-countries-yet-do-little-to-cut-emissions-adb/,,"EU carbon border levy could hurt Asian developing countries , yet do little to cut emissions : ADB",2024-02-27,https://eco-business.imgix.net/ebmedia/fileuploads/karan-bhatia-ib7jwp7m0iA-unsplash.jpg?fit=crop&ixlib=django-1.2.0&q=85,eco-business.com,English,China,1,5,eu_context;carbon_terms=3,NO,-1,"[""NO"", ""NO"", ""NO""]","[""The levy may affect trade but not significantly alter EU ETS prices due to limited emission reductions."", ""The levy may reduce export competitiveness for Asian nations but has limited direct emission-cutting effect, implying minimal near-term pressure on EU ETS prices."", ""The levy may affect trade but not significantly alter EU ETS prices due to limited direct emission reductions.""]",3,1.0,-0.3,-0.3,"[3, 3, 5]"
5843,https://www.finanznachrichten.de/nachrichten-2024-02/61550861-oilprice-com-this-could-be-the-most-exciting-natural-gas-play-in-europe-008.htm,,Oilprice . com : This Could Be The Most Exciting Natural Gas Play in Europe,2024-02-29,,finanznachrichten.de,English,Germany,2,4,eu_context;carbon_terms=1;energy_driver,NO,-1,"[""NO"", ""NO"", ""NO""]","[""Natural gas prices in Europe are driven more by supply/demand and regulatory factors than oil price commentary, making this headline\u2019s relevance to EU ETS pricing limited."", ""Natural gas prices in Europe are less directly tied to oil price movements than the headline suggests, and EU ETS pricing is more influenced by carbon policy and industrial demand."", ""Natural gas prices in Europe are less directly tied to oil price movements than to supply-demand dynamics and carbon pricing.""]",3,1.0,-0.3,-0.3,"[3, 3, 3]"
5849,https://dunyanews.tv/en/Business/795458-Global-energy-CO2-emissions-hit-record-high-in-2023-as-droughts-cut-hydr,https://dunyanews.tv/amp/english/795458.php,Global energy CO2 emissions hit record high in 2023 as droughts cut hydropower generation,2024-03-02,https://img.dunyanews.tv/news/2024/March/03-02-24/news_big_images/795458_84988940.jpg,dunyanews.tv,English,Pakistan,2,3,carbon_terms=2;energy_driver,YES,1,"[""YES"", ""YES"", ""YES""]","[""Record emissions and reduced hydropower undermine EU ETS price support as demand for carbon credits rises."", ""Record emissions and reduced hydropower likely push EU ETS prices higher as carbon intensity rises."", ""Record emissions and reduced hydropower undermine EU ETS price support by increasing global carbon intensity.""]",8,1.0,0.8,0.8,"[8, 8, 8]"
5855,https://menafn.com/1107930197/EUs-Carbon-Emission-Default-Values-Alarm-Indian-Steel-Cement-Exporters,,EU Carbon Emission Default Values Alarm Indian Steel & Cement Exporters,2024-03-04,https://menafn.com/updates/pr/2024-03/04/KI_a3edaimage_story.jpg,menafn.com,English,Qatar,2,4,eu_context;carbon_terms=2,NO,-1,"[""NO"", ""NO"", ""NO""]","[""EU ETS default values may increase compliance costs for Indian exporters, potentially reducing demand for their products in EU markets."", ""EU ETS default values may affect export competitiveness but are unlikely to cause immediate price swings."", ""EU ETS default values may trigger export cost spikes, affecting Indian exporters\u2019 competitiveness in carbon-intensive sectors.""]",6,1.0,-0.6,-0.6,"[6, 5, 6]"
5861,https://carbon-pulse.com/266203/,,COMMENT : The elephants in the room of the EU 2040 climate plan « Carbon Pulse,2024-03-06,,carbon-pulse.com,English,China,1,3,eu_context;carbon_terms=1,NO,-1,"[""NO"", ""NO"", ""NO""]","[""The headline hints at unresolved policy tensions but lacks specific data to confirm short-term price direction."", ""The headline hints at unresolved structural issues in the EU\u2019s 2040 climate plan, which could influence policy and market expectations but doesn\u2019t specify immediate price drivers."", ""The headline hints at unresolved policy tensions but lacks specific data to confirm short-term price movement.""]",5,1.0,-0.5,-0.5,"[5, 5, 5]"
5867,https://www.universetoday.com/166010/satellite-measurements-show-that-global-carbon-emissions-are-still-rising/,https://www.universetoday.com/166010/satellite-measurements-show-that-global-carbon-emissions-are-still-rising/amp/,Satellite Measurements Show That Global Carbon Emissions are Still Rising,2024-03-08,https://www.universetoday.com/wp-content/uploads/2024/03/CO2_gmao_202102_lrg-scaled.jpg,universetoday.com,English,United States,2,3,carbon_terms=3,NO,-1,"[""NO"", ""NO"", ""NO""]","[""Rising emissions suggest continued pressure on EU ETS prices due to unmet climate targets."", ""Rising emissions suggest continued pressure on EU ETS prices despite policy interventions."", ""Emissions rising suggests potential pressure on compliance costs and could trigger policy adjustments in the EU ETS.""]",7,1.0,-0.7,-0.7,"[7, 7, 6]"
5873,https://goodmenproject.com/featured-content/what-europes-egg-hurling-farmers-can-teach-us-about-climate-progress/,,What Europe Egg - Hurling Farmers Can Teach Us About Climate Progress,2024-03-10,https://goodmenproject.com/wp-content/uploads/2024/02/tim-mossholder-xDwEa2kaeJA-unsplash.jpg,goodmenproject.com,English,United States,2,2,eu_context,NO,-1,"[""NO"", ""NO"", ""NO""]","[""Irrelevant to EU ETS price dynamics; focuses on agricultural culture, not carbon markets."", ""It\u2019s a metaphorical or symbolic headline with no direct financial or regulatory impact on EU ETS pricing."", ""It\u2019s a metaphorical or symbolic headline with no direct financial or regulatory implications for EU ETS pricing.""]",2,1.0,-0.2,-0.2,"[1, 2, 2]"
5879,https://www.rte.ie/news/2024/0312/1437339-building-emissions/,https://amp.rte.ie/amp/1437339/ ,MEPs to vote on law to decarbonise buildings in the EU,2024-03-12,https://img.rasset.ie/001d35a6-1600.jpg,rte.ie,English,Ireland,2,3,eu_context;carbon_terms=1,YES,1,"[""YES"", ""YES"", ""YES""]","[""Building decarbonisation legislation can drive increased compliance costs and emissions reductions, potentially boosting EU ETS demand."", ""Legislation impacting building decarbonisation can drive increased emissions trading demand as compliance costs rise."", ""Legislation to decarbonise buildings could increase EU ETS demand as sectors face stricter emissions targets.""]",7,1.0,0.7,0.7,"[7, 7, 7]"
5885,https://www.prnewswire.com/news-releases/europe-pem-polymer-electrolyte-membrane-electrolyzer-industry-report-2023-market-to-surpass-1-1-billion-by-2031--driven-by-prevailing-rd-initiatives-for-technological-green-advancements-302088369.html,,"Europe PEM ( Polymer Electrolyte Membrane ) Electrolyzer Industry Report 2023 : Market to Surpass $1 . 1 Billion by 2031 , Driven by Prevailing R & D Initiatives for Technological Green Advancements",2024-03-14,,prnewswire.com,English,United States,2,3,eu_context;carbon_terms=1,YES,1,"[""YES"", ""NO"", ""YES""]","[""Rapid electrolyzer deployment driven by EU green tech R&D could boost hydrogen demand, supporting EU ETS price."", ""Rapid growth in green hydrogen electrolyzer capacity could increase EU ETS demand for carbon credits as industry scales up."", ""Rapid growth in green hydrogen electrolyzer demand could drive EU ETS price upward via increased carbon intensity of production.""]",7,0.6666666666666666,0.7,0.4666666666666666,"[7, 6, 7]"
5891,https://timesca.com/tag/eu-carbon-tax/,,EU carbon tax - The Times Of Central Asia,2024-03-16,,timesca.com,English,Kyrgyzstan,2,3,eu_context;carbon_terms=1,NO,-1,"[""NO"", ""NO"", ""NO""]","[""The headline is irrelevant to EU ETS pricing as it references Central Asia, a region not directly connected to EU carbon policy or markets."", ""The headline is irrelevant to EU ETS pricing as it references a regional newspaper unrelated to EU carbon policy."", ""The headline is irrelevant to EU ETS market dynamics due to its geographic and editorial focus.""]",2,1.0,-0.2,-0.2,"[1, 2, 2]"
5897,https://www.datacenterdynamics.com/en/news/emissions-reporting-scheme-for-european-data-centers-approved/,,Emissions reporting scheme for European data centers approved,2024-03-18,https://media.datacenterdynamics.com/media/images/belgium-3595351_1920.2e16d0ba.fill-1200x630.jpg,datacenterdynamics.com,English,United States,2,4,eu_context;carbon_terms=2,YES,1,"[""YES"", ""YES"", ""YES""]","[""Data center emissions reporting may trigger compliance costs and drive demand for carbon credits."", ""Data center emissions reporting may trigger compliance costs and affect EU ETS pricing via increased carbon intensity exposure."", ""Data center emissions reporting may trigger compliance costs and drive demand for carbon credits.""]",7,1.0,0.7,0.7,"[7, 7, 7]"
5903,https://joannenova.com.au/2013/03/upgrade-coal-power-and-cut-15-of-emissions-will-the-greens-consider-coal/,,Upgrade coal power and cut 15 % of emissions . Where is the Green applause ? « JoNova,2024-03-20,,joannenova.com.au,English,Australia,1,3,carbon_terms=2;energy_driver,NO,-1,"[""NO"", ""NO"", ""NO""]","[""Coal upgrades contradict EU ETS emissions targets, risking regulatory backlash and price volatility."", ""Coal upgrades contradict EU ETS emissions targets, risking price volatility and regulatory backlash."", ""Coal upgrades contradict EU ETS emissions targets, risking price volatility despite green rhetoric.""]",6,1.0,-0.6,-0.6,"[6, 6, 5]"
5909,https://menafn.com/1108009443/Leaders-tout-nuclear-power-as-climate-tool-at-Brussels-summit,,Leaders tout nuclear power as climate tool at Brussels summit,2024-03-22,https://menafn.com/updates/pr/2024-03/22/AFP_40468image_story.jpg,menafn.com,English,Qatar,2,3,eu_context;energy_driver,YES,1,"[""YES"", ""YES"", ""YES""]","[""Nuclear power\u2019s climate benefits may reduce carbon emissions, potentially lowering ETS demand if policy shifts toward renewables."", ""Nuclear power\u2019s climate benefits may reduce emissions, potentially easing EU ETS price pressure if regulators favor it."", ""Nuclear power's climate benefits may reduce emissions, potentially lowering ETS price pressure if carbon intensity declines.""]",7,1.0,0.7,0.7,"[7, 7, 7]"
5915,https://www.pollutiononline.com/doc/cargometrics-launches-global-maritime-emissions-data-products-0001,,CargoMetrics Launches Global Maritime Emissions Data Products,2024-03-25,,pollutiononline.com,English,United States,1,2,carbon_terms=2,NO,-1,"[""NO"", ""NO"", ""NO""]","[""May signal increased transparency and potential regulatory pressure on shipping emissions, but immediate price impact is unlikely."", ""May signal increased transparency and potential regulatory pressure, but immediate price impact is uncertain."", ""May influence future carbon pricing via maritime emissions data, but immediate EU ETS impact is limited.""]",5,1.0,-0.5,-0.5,"[3, 5, 5]"
5921,https://www.theguardian.com/environment/2024/mar/26/tone-deaf-fossil-gas-growth-in-europe-is-speeding-climate-crisis-say-activists,https://amp.theguardian.com/environment/2024/mar/26/tone-deaf-fossil-gas-growth-in-europe-is-speeding-climate-crisis-say-activists,"  Tone - deaf  fossil gas growth in Europe is speeding climate crisis , say activists | Fossil fuels",2024-03-27,https://i.guim.co.uk/img/media/2fc2847f40f193a1421b38849e12406073b95a58/0_183_5500_3300/master/5500.jpg?&quality=85&auto=format&fit=crop&overlay-align=bottom%2Cleft&overlay-width=100p&overlay-base64=L2ltZy9zdGF0aWMvb3ZlcmxheXMvdGctZGVmYXVsdC5wbmc&enable=upscale&s=975f8b83731c0d7d0f03bfb817ce1655,theguardian.com,English,United Kingdom,2,3,eu_context;energy_driver,NO,-1,"[""NO"", ""NO"", ""NO""]","[""Activists' criticism signals potential policy backlash that could increase carbon pricing pressure."", ""Activists' criticism signals potential policy backlash that could increase ETS compliance costs and drive upward pressure on prices."", ""Activists' criticism signals potential policy backlash that could increase ETS compliance costs and drive prices higher.""]",7,1.0,-0.7,-0.7,"[7, 7, 7]"
5927,https://www.cbc.ca/news/canada/new-brunswick/higgs-testifies-parliament-carbon-tax-shale-gas-1.7158861,https://www.cbc.ca/amp/1.7158861,Blaine Higgs pitches exporting LNG as alternative to carbon tax,2024-03-29,https://i.cbc.ca/1.7158884.1711655249!/fileImage/httpImage/image.jpg_gen/derivatives/16x9_620/blaine-higgs.jpg,cbc.ca,English,Canada,2,2,carbon_terms=1;energy_driver,NO,-1,"[""NO"", ""NO"", ""NO""]","[""LNG exports may reduce reliance on carbon taxes but don't directly alter EU ETS pricing mechanics."", ""LNG exports may reduce carbon tax pressure but don\u2019t directly alter EU ETS pricing mechanics."", ""LNG exports may reduce carbon pricing pressure but don\u2019t directly alter EU ETS fundamentals.""]",5,1.0,-0.5,-0.5,"[5, 5, 5]"
5933,https://www.terradaily.com/afp/240401150019.baxh2ffi.html,,82 % of EU farm subsidies bolster high emissions foods : study,2024-04-01,,terradaily.com,English,United States,2,4,eu_context;carbon_terms=2,NO,-1,"[""NO"", ""NO"", ""NO""]","[""Shifts in subsidy allocation could influence agricultural emissions and thus affect carbon pricing via policy and market signals."", ""Farm subsidy shifts may influence emissions-intensive food production, potentially affecting ETS demand via sectoral carbon intensity changes."", ""Farm subsidy shifts may indirectly affect emissions-intensive food demand, but direct price impact on EU ETS is uncertain.""]",6,1.0,-0.6,-0.6,"[6, 6, 6]"
5939,https://www.marketscreener.com/news/latest/EU-carbon-market-s-power-and-industry-emissions-fell-16-5-in-2023-46351985/,,EU carbon market power and industry emissions fell 16 . 5 % in 2023,2024-04-03,https://www.marketscreener.com/images/reuters/2022-02/2022-02-09T170714Z_1_LYNXMPEI180WS_RTROPTP_3_EU-CARBON-SPAIN-POWER.JPG,marketscreener.com,English,,1,7,eu_context;carbon_terms=4;energy_driver,YES,1,"[""YES"", ""YES"", ""YES""]","[""Lower emissions suggest potential price support due to reduced compliance costs and market tightening."", ""Lower emissions suggest potential price support due to reduced compliance costs and market tightening."", ""Lower emissions suggest potential price support due to reduced compliance costs and market tightening.""]",7,1.0,0.7,0.7,"[7, 7, 7]"
5945,https://www.globalconstructionreview.com/mott-macdonald-to-study-north-sea-hydrogen-network-to-decarbonise-europe/,,Mott MacDonald to study North Sea hydrogen network to  decarbonise Europe  ,2024-04-05,https://www.globalconstructionreview.com/wp-content/uploads/2024/04/050424-Mott-turbines.jpeg,globalconstructionreview.com,English,China,2,3,eu_context;carbon_terms=1,NO,-1,"[""NO"", ""NO"", ""NO""]","[""Hydrogen infrastructure projects may influence long-term ETS dynamics but have limited immediate price impact."", ""Hydrogen infrastructure projects may influence long-term ETS demand but lack immediate market impact."", ""Hydrogen network studies may signal long-term decarbonisation efforts but don\u2019t yet imply immediate ETS price movement.""]",4,1.0,-0.4,-0.4,"[4, 4, 3]"
5951,https://www.forbes.com/sites/neilwinton/2024/04/07/approaching-ev-turmoil-will-shake-up-european-automakers/,,Approaching EV Turmoil Will Shake Up European Automakers,2024-04-07,https://imageio.forbes.com/specials-images/imageserve/66116c1a94ad0b108cfcdfc0/0x0.jpg?format=jpg&fit=bounds,forbes.com,English,United States,2,3,eu_context;energy_driver,NO,-1,"[""NO"", ""NO"", ""NO""]","[""EV transition pressures may drive emissions reductions and reshape EU ETS compliance costs for automakers."", ""EV turmoil may pressure automaker emissions targets, indirectly affecting EU ETS demand."", ""EV transition pressures may drive emissions reductions and reshape EU ETS compliance costs for automakers.""]",6,1.0,-0.6,-0.6,"[6, 6, 6]"
5957,https://www.hindustantimes.com/environment/swiss-seniors-win-big-at-international-court-emissions-reduction-targets-for-european-countries-set-101712674461921.html,https://www.hindustantimes.com/environment/swiss-seniors-win-big-at-international-court-emissions-reduction-targets-for-european-countries-set-101712674461921-amp.html,"Swiss seniors win big at International court , emissions reduction targets for European countries set",2024-04-09,https://www.hindustantimes.com/ht-img/img/2024/04/09/1600x900/CLIMATE-CHANGE-EUROPE-VERDICT-37_1712674868901_1712674945565.JPG,hindustantimes.com,English,India,2,4,eu_context;carbon_terms=2,NO,-1,"[""NO"", ""NO"", ""NO""]","[""Court ruling may indirectly pressure EU to tighten emissions targets, but immediate price impact is unlikely."", ""Court ruling may indirectly pressure EU to tighten emissions targets, but immediate price impact is unlikely."", ""Court ruling may indirectly pressure EU to tighten emissions targets, but immediate price impact is unlikely.""]",3,1.0,-0.3,-0.3,"[3, 3, 3]"
5963,https://whbl.com/2024/04/10/eu-lawmakers-adopt-law-to-hit-fossil-fuel-imports-with-methane-emissions-limit/,,EU lawmakers adopt law to hit fossil fuel imports with methane emissions limit,2024-04-11,https://storage.googleapis.com/media.mwcradio.com/mimesis/2024-04/10/2024-04-10T173040Z_1_LYNXNPEK390TX_RTROPTP_3_EU-SUMMIT.JPG,whbl.com,English,United States,2,4,eu_context;carbon_terms=2,YES,1,"[""YES"", ""YES"", ""YES""]","[""Methane emissions caps on fossil fuel imports could drive higher compliance costs and incentivize cleaner alternatives, boosting EU ETS demand."", ""Methane emissions limits on fossil fuel imports could increase compliance costs and drive demand for carbon credits."", ""Methane emissions limits on fossil fuel imports could increase compliance costs and drive demand for carbon credits, boosting EU ETS prices.""]",8,1.0,0.8,0.8,"[8, 8, 8]"
5969,https://www.examiner.com.au/story/8590504/deeper-cuts-to-carbon-emissions-under-draft-2035-target/,,Deeper cuts to carbon emissions under draft 2035 target,2024-04-13,https://www.examiner.com.au/images/transform/v1/crop/frm/silverstone-feed-data/85c6d6e8-d0c6-4840-9083-c4d4dc8dbbb2.jpg/r0_90_800_510_w1200_h630_fmax.jpg,examiner.com.au,English,Australia,2,3,carbon_terms=3,YES,1,"[""YES"", ""YES"", ""YES""]","[""Draft 2035 target signals stricter compliance, likely boosting ETS prices as demand for allowances tightens."", ""Draft 2035 targets signal stricter compliance, likely boosting ETS prices as emissions caps tighten."", ""Draft 2035 target signals stricter compliance, likely pushing prices higher.""]",8,1.0,0.8,0.8,"[8, 8, 8]"
5975,https://www.thenationalnews.com/business/energy/2024/04/15/why-europe-should-ensure-it-does-not-drive-away-oil-and-gas-companies/,https://www.thenationalnews.com/business/energy/2024/04/15/why-europe-should-ensure-it-does-not-drive-away-oil-and-gas-companies/?outputType=amp,Why Europe should ensure it does not drive away oil and gas companies,2024-04-15,https://thenational-the-national-prod.cdn.arcpublishing.com/resizer/v2/XMBWDSJE4V5MLUDSAOJJMVMRRQ.jpg?smart=true&auth=4c1a1b2b17c75ae1385fc9ec854fda0f317aeac1fadf568f95e0ce7f80bd5d20,thenationalnews.com,English,,2,3,eu_context;energy_driver,NO,-1,"[""NO"", ""NO"", ""NO""]","[""May signal regulatory uncertainty that could dampen investor confidence in carbon markets."", ""May signal regulatory uncertainty that could dampen investor confidence in carbon markets."", ""May signal regulatory uncertainty that could dampen investment in carbon-intensive sectors.""]",5,1.0,-0.5,-0.5,"[5, 5, 5]"
5981,https://fuelcellsworks.com/news/northwest-europes-ambitious-targets-for-low-emissions-hydrogen-require-a-rapid-scaling-up-of-investment-and-policy-support/,,Northwest Europe Ambitious Targets For Low - Emissions Hydrogen Require A Rapid Scaling Up Of Investment And Policy Support,2024-04-17,https://img.fuelcellsworks.com/wp-content/uploads/2024/04/methanol.png,fuelcellsworks.com,English,United States,2,4,eu_context;carbon_terms=2,YES,1,"[""YES"", ""YES"", ""YES""]","[""Hydrogen demand growth in Northwest Europe could drive up EU ETS prices via increased industrial emissions and carbon-intensive production needs."", ""Hydrogen demand growth in Northwest Europe could drive up EU ETS compliance costs and push prices higher."", ""Rapid scaling of hydrogen investment and policy support signals increased demand for clean energy, likely boosting EU ETS prices through higher emissions abatement costs.""]",7,1.0,0.7,0.7,"[7, 7, 8]"
5987,https://gcaptain.com/eu-maritime-emissions-surge-amid-red-sea-diversions/,,EU Maritime Emissions Surge Amid Red Sea Diversions,2024-04-19,https://gcaptain.com/wp-content/uploads/2023/12/2023-12-16T182834Z_222510349_RC2ZQ4AL3DWZ_RTRMADP_3_ISRAEL-PALESTINIANS-YEMEN-SHIPS-scaled.jpg,gcaptain.com,English,United States,1,4,eu_context;carbon_terms=2,YES,1,"[""YES"", ""YES"", ""YES""]","[""Red Sea diversions increase maritime emissions, potentially boosting EU ETS demand for carbon credits."", ""Red Sea diversions increase maritime emissions, potentially boosting EU ETS demand for carbon credits."", ""Red Sea diversions increase maritime emissions, potentially boosting EU ETS demand as compliance costs rise.""]",7,1.0,0.7,0.7,"[7, 7, 7]"
5993,https://oilprice.com/Energy/Energy-General/Carbon-Price-Crash-Threatens-EU-Transition-Funds.html,https://oilprice.com/Energy/Energy-General/Carbon-Price-Crash-Threatens-EU-Transition-Funds.amp.html,Carbon Price Crash Threatens EU Transition Funds,2024-04-21,https://d32r1sh890xpii.cloudfront.net/article/718x300/2024-04-19_modvekavmz.jpg,oilprice.com,English,United States,1,4,eu_context;carbon_terms=2,NO,-1,"[""NO"", ""NO"", ""NO""]","[""Carbon price volatility could reduce revenue for transition funds, undermining climate finance commitments."", ""Carbon price volatility may reduce funding availability for EU green transition projects."", ""Carbon price volatility could reduce funding for EU transition projects, impacting long-term policy effectiveness.""]",7,1.0,-0.7,-0.7,"[7, 7, 7]"
5999,https://www.hellenicshippingnews.com/europe-gas-prices-gain-on-north-sea-outages/,,Europe Gas : Prices gain on North Sea outages | Hellenic Shipping News Worldwide,2024-04-24,,hellenicshippingnews.com,English,China,2,4,eu_context;carbon_terms=1;energy_driver,NO,-1,"[""NO"", ""NO"", ""NO""]","[""North Sea outages may temporarily boost gas prices but don\u2019t directly impact EU ETS carbon pricing."", ""North Sea outages increase gas demand, potentially pressuring EU ETS prices via higher energy costs."", ""North Sea outages may temporarily boost gas prices but don\u2019t directly impact EU ETS carbon pricing.""]",5,1.0,-0.5,-0.5,"[5, 6, 5]"
6005,https://www.livemint.com/industry/carbon-emissions-are-dropping-fast-in-europe-11714102553170.html,https://www.livemint.com/industry/carbon-emissions-are-dropping-fast-in-europe/amp-11714102553170.html,Carbon emissions are dropping fast in Europe,2024-04-26,https://www.livemint.com/lm-img/img/2024/04/26/600x338/g54e316c845999a24cf97ad562fbacb07d557def1436738842e630803c9c374b931372618cea207296830170ee2053597b62759190f8fca1a75d747bdd2249e4c_1280_1714102757374_1714102769730.jpg,livemint.com,English,India,1,5,eu_context;carbon_terms=3,YES,1,"[""YES"", ""YES"", ""YES""]","[""Lower emissions signal potential price support as compliance becomes easier."", ""Lower emissions signal potential price support due to reduced compliance costs."", ""Lower emissions signal potential policy tightening or market oversupply, which could pressure prices short-term.""]",7,1.0,0.7,0.7,"[7, 7, 7]"
6011,https://ecpm.info/news/the-eu-green-deal-and-supply-security.html,,The EU Green Deal and Supply Security,2024-04-29,https://ecpm.info/.main%20event%20photo.jpg,ecpm.info,English,Syria,2,2,eu_context,NO,-1,"[""NO"", ""NO"", ""NO""]","[""Green Deal policies may increase compliance costs, potentially pressuring ETS prices short-term, but supply security measures could offset this."", ""The headline suggests policy-driven supply chain adjustments that may modestly affect ETS pricing through compliance costs or sectoral shifts."", ""Green Deal mandates may pressure prices via compliance costs, but supply security measures could offset this.""]",5,1.0,-0.5,-0.5,"[6, 5, 5]"
6017,https://www.hellenicshippingnews.com/time-for-fit-for-55-implementation/,,Time for  Fit for 55  implementation | Hellenic Shipping News Worldwide,2024-05-01,,hellenicshippingnews.com,English,China,2,6,eu_ets_strong,NO,-1,"[""NO"", ""NO"", ""NO""]","[""EU ETS implementation under Fit for 55 may gradually increase compliance costs, but short-term price impact is uncertain without immediate regulatory changes or market reactions."", ""EU ETS implementation under Fit for 55 is gradual and may not immediately impact shipping markets, but could influence long-term compliance costs."", ""EU ETS implementation under Fit for 55 is gradual and unlikely to cause immediate price volatility.""]",5,1.0,-0.5,-0.5,"[5, 5, 5]"
6023,https://www.jdsupra.com/legalnews/eu-investigation-of-potential-airline-2182339/,,EU Investigation of Potential Airline Greenwashing Practices Underscores Risk to Global Aviation Industry | Morgan Lewis - Power & Pipes,2024-05-03,https://jdsupra-static.s3.amazonaws.com/profile-images/og.16028_1426.jpg,jdsupra.com,English,United States,2,3,eu_context;energy_driver,NO,-1,"[""NO"", ""NO"", ""NO""]","[""Regulatory scrutiny may pressure airlines to increase emissions reductions, potentially affecting ETS compliance costs and pricing."", ""Regulatory scrutiny of greenwashing could trigger stricter compliance and higher compliance costs for airlines, impacting ETS emissions trading."", ""Regulatory scrutiny of greenwashing could trigger compliance costs and market uncertainty, affecting airline valuations and ETS demand.""]",7,1.0,-0.7,-0.7,"[6, 7, 7]"
6029,https://www.scmp.com/business/banking-finance/article/3261313/climate-reporting-esg-start-ups-jump-help-smes-calculate-supply-chain-emissions-meet-tighter,https://amp.scmp.com/business/banking-finance/article/3261313/climate-reporting-esg-start-ups-jump-help-smes-calculate-supply-chain-emissions-meet-tighter,Climate reporting : ESG start - ups jump in to help SMEs calculate supply - chain emissions to meet tighter requirements,2024-05-05,https://cdn.i-scmp.com/sites/default/files/styles/og_image_scmp_generic/public/d8/images/canvas/2024/05/03/a791e793-90ea-499c-b18f-c51f65809afd_aec74810.jpg?itok=S4xVhRm2&v=1714719736,scmp.com,English,China,2,2,carbon_terms=2,YES,1,"[""YES"", ""YES"", ""YES""]","[""ESG startups\u2019 expansion could drive demand for compliance services, indirectly boosting EU ETS-related activity."", ""ESG startups\u2019 expansion may drive increased compliance demand, boosting short-term ETS price volatility."", ""ESG startups\u2019 rise to assist SMEs may drive increased compliance activity, boosting demand for carbon credits in the EU ETS.""]",7,1.0,0.7,0.7,"[7, 7, 7]"
6035,https://www.straitstimes.com/business/european-oil-giants-consider-shifting-their-listings-to-us,,European oil giants consider shifting their listings to US,2024-05-07,,straitstimes.com,English,Singapore,2,3,eu_context;energy_driver,NO,-1,"[""NO"", ""NO"", ""NO""]","[""Potential relocation could reduce EU ETS exposure, but short-term price impact is uncertain without concrete action."", ""Potential regulatory divergence could affect ETS compliance costs, but US listings don\u2019t directly impact EU ETS price."", ""Shift to US markets may reduce EU ETS exposure but doesn't immediately affect price volatility.""]",5,1.0,-0.5,-0.5,"[5, 5, 5]"
6041,https://www.hedgeweek.com/eex-groups-global-spot-and-derivatives-power-markets-see-record-volumes-in-april/,,EEX Group global spot and derivatives power markets see record volumes in April,2024-05-09,,hedgeweek.com,English,United Kingdom,1,8,eu_ets_strong;carbon_terms=1;energy_driver,NO,-1,"[""NO"", ""NO"", ""NO""]","[""Record volumes may reflect increased trading activity but don't directly signal price direction or carbon policy shifts."", ""Record volumes suggest increased market activity but don\u2019t directly signal price direction or carbon intensity shifts."", ""Record volumes suggest increased market activity, but no direct price signal for EU ETS.""]",3,1.0,-0.3,-0.3,"[4, 3, 3]"
6047,https://timesofmalta.com/article/malta-allowed-eu-shipping-tax-pass-under-nose-smes.1092285,,Malta allowed EU shipping tax to pass  under its nose  – SMEs,2024-05-11,https://cdn-attachments.timesofmalta.com/3116a50e6e462da163a341cdaf73de6b5f393229-1715357141-40999fc0-1200x630.jpg,timesofmalta.com,English,Malta,1,2,eu_context,NO,-1,"[""NO"", ""NO"", ""NO""]","[""SMEs' lack of awareness or engagement with EU ETS shipping rules may signal weak market participation, but no direct price impact is evident."", ""SME shipping tax exemption may reduce EU ETS compliance pressure but is unlikely to significantly alter short-term price trends."", ""SMEs\u2019 lack of awareness or participation in EU ETS may signal limited market impact, but could hint at future regulatory pressure.""]",3,1.0,-0.3,-0.3,"[3, 3, 3]"
6053,https://www.theglobeandmail.com/business/industry-news/energy-and-resources/article-eu-countries-approve-law-to-slash-carbon-dioxide-emissions-from-trucks/,,EU countries approve law to slash carbon dioxide emissions from trucks,2024-05-13,https://www.theglobeandmail.com/resizer/v2/A3FIOB2JWZFMLOQDU4LXWVO43I.JPG?auth=6f340a9c4c26b6c77d74226de465a8eaec563c869c726408d8da0a2b486cea9c&quality=80,theglobeandmail.com,English,Canada,2,5,eu_context;carbon_terms=3,YES,1,"[""YES"", ""YES"", ""YES""]","[""Stronger emissions targets for trucks will likely boost carbon pricing as compliance costs rise."", ""Strong policy signal likely to boost carbon pricing as compliance costs rise."", ""Stronger emissions targets for trucks directly pressure compliance costs and likely boost ETS demand.""]",8,1.0,0.8,0.8,"[8, 8, 8]"
6059,https://www.scmp.com/business/commodities/article/3262608/chinas-cement-sector-needs-carbon-trading-system-akin-europe-tackle-emissions-industry-expert-says,https://amp.scmp.com/business/commodities/article/3262608/chinas-cement-sector-needs-carbon-trading-system-akin-europe-tackle-emissions-industry-expert-says,"China cement sector needs carbon trading system akin to Europe to tackle emissions , industry expert says",2024-05-15,https://cdn.i-scmp.com/sites/default/files/styles/og_image_scmp_generic/public/d8/images/canvas/2024/05/14/4b258989-ee8e-40ca-899f-741a2fda5065_f9a1afd5.jpg?itok=elOr-97r&v=1715669985,scmp.com,English,China,1,6,eu_context;carbon_terms=4,NO,-1,"[""NO"", ""NO"", ""NO""]","[""EU ETS price less directly affected by China\u2019s cement sector policy due to market separation."", ""EU ETS price may be affected indirectly via global carbon pricing signals, but China\u2019s system is not yet operational or directly linked to EU markets."", ""China\u2019s carbon trading system may indirectly influence EU ETS prices via global emissions trends, but direct short-term impact is limited.""]",3,1.0,-0.3,-0.3,"[3, 3, 3]"
6065,https://bitpipe.computerweekly.com:443/detail/RES/1715759943_676.html,,Honeywell Solstice Refrigerants reduce carbon emissions for EU businesses,2024-05-17,,bitpipe.computerweekly.com,English,United Kingdom,2,5,eu_context;carbon_terms=3,NO,-1,"[""NO"", ""NO"", ""NO""]","[""May signal broader industry adoption of low-GWP refrigerants, but no immediate price impact expected."", ""May indicate modest demand-side impact on EU ETS, but not a major price driver."", ""May indicate modest demand-side benefits but unlikely to trigger short-term ETS price movement.""]",3,1.0,-0.3,-0.3,"[3, 3, 3]"
6071,https://www.carguide.ph/2024/05/nissan-to-transition-to-low-co2.html,,"Nissan To Transition To Low - CO2 Emission Aluminum By 2030 | CarGuide . PH | Philippine Car News , Car Reviews , Car Prices",2024-05-19,,carguide.ph,English,Philippines,2,2,carbon_terms=2,NO,-1,"[""NO"", ""NO"", ""NO""]","[""Aluminum production emissions are not directly tied to EU ETS compliance, so this headline has limited short-term price impact."", ""Aluminum production emissions are not directly tied to EU ETS pricing, and Nissan\u2019s timeline is far from immediate market impact."", ""Aluminum production emissions are not directly tied to EU ETS, and Nissan\u2019s transition may have minimal impact on EU carbon markets.""]",3,1.0,-0.3,-0.3,"[3, 3, 3]"
6077,https://www.ecowatch.com/bison-reintroduction-carbon-sequestration-climate-science.html,,"Reintroduction of 170 European Bison Could Help Remove CO2 Equivalent of 43 , 000 Cars , Study Finds",2024-05-21,https://www.ecowatch.com/wp-content/uploads/2024/05/bison-romania.jpg,ecowatch.com,English,United States,2,2,eu_context,NO,-1,"[""NO"", ""NO"", ""NO""]","[""Carbon sequestration via wildlife reintroduction is niche and unlikely to materially impact EU ETS pricing."", ""Carbon sequestration via wildlife reintroduction is niche and unlikely to materially affect EU ETS pricing."", ""Carbon sequestration via biodiversity projects is niche and unlikely to materially impact EU ETS pricing short-term.""]",3,1.0,-0.3,-0.3,"[3, 3, 3]"
6083,https://www.thestar.com.my/news/world/2024/05/23/europe-needs-to-double-investments-in-power-grids-by-2050-study,,Europe needs to double investments in power grids by 2050 : study,2024-05-23,,thestar.com.my,English,Malaysia,2,3,eu_context;energy_driver,NO,-1,"[""NO"", ""NO"", ""NO""]","[""Grid investment increases may support future emissions reductions but don\u2019t directly impact short-term EU ETS price volatility."", ""Grid investment increases may support long-term emissions reductions but have limited immediate impact on EU ETS pricing."", ""Grid investment increases may support long-term emissions reductions but have limited near-term impact on EU ETS pricing.""]",3,1.0,-0.3,-0.3,"[3, 3, 3]"
6089,https://www.businesstimes.com.sg/international/eu-approves-law-hit-gas-imports-methane-emissions-limit,,EU approves law to hit gas imports with methane emissions limit,2024-05-27,https://cassette.sphdigital.com.sg/image/businesstimes/61aba802495dc50e16cea885fe9735f9bc57b1493ba6dd9cdaf5f69bf5d43ee4,businesstimes.com.sg,English,Singapore,2,5,eu_context;carbon_terms=2;energy_driver,YES,1,"[""YES"", ""YES"", ""YES""]","[""Methane emissions limits on gas imports could increase compliance costs and tighten supply constraints, potentially boosting EU ETS prices."", ""Methane emissions limits on gas imports could increase compliance costs and tighten supply, potentially boosting EU ETS prices."", ""Methane emissions caps on gas imports could drive higher compliance costs and spur demand for carbon credits.""]",7,1.0,0.7,0.7,"[7, 7, 7]"
6095,https://oilprice.com/Energy/Energy-General/Saudi-Aramco-Aims-for-Net-Zero-Without-Cutting-Oil-Production.html,https://oilprice.com/Energy/Energy-General/Saudi-Aramco-Aims-for-Net-Zero-Without-Cutting-Oil-Production.amp.html,Saudi Aramco Aims for Net Zero Emissions Without Cutting Oil Production,2024-05-29,https://d32r1sh890xpii.cloudfront.net/article/718x300/2024-05-28_rdsvkwgu2j.jpg,oilprice.com,English,United States,2,3,carbon_terms=2;energy_driver,NO,-1,"[""NO"", ""NO"", ""NO""]","[""Aramco\u2019s net-zero ambition without oil cuts may signal long-term structural shifts, but short-term EU ETS prices are unlikely to react immediately."", ""Saudi Aramco\u2019s net-zero ambition may signal long-term structural shifts in oil demand, but immediate EU ETS price impact is uncertain without concrete policy or production adjustments."", ""Aramco\u2019s net-zero goal without oil cuts may signal long-term structural shifts, but short-term ETS prices are unlikely to react immediately.""]",5,1.0,-0.5,-0.5,"[5, 5, 5]"
6101,https://www.carbonbrief.org/analysis-european-power-sector-emissions-fall-by-20-since-last-eu-election/,,Analysis : European power - sector emissions fall by 20 % since last EU election,2024-05-31,https://www.carbonbrief.org/wp-content/uploads/2024/05/2RA0468.jpg,carbonbrief.org,English,United Kingdom,2,5,eu_context;carbon_terms=2;energy_driver,YES,1,"[""YES"", ""YES"", ""YES""]","[""Lower emissions suggest potential regulatory easing or market optimism, impacting ETS pricing."", ""Lower emissions suggest potential regulatory easing or market optimism, impacting ETS pricing."", ""Lower emissions suggest potential regulatory easing or market optimism, impacting price dynamics.""]",7,1.0,0.7,0.7,"[7, 7, 7]"
6107,https://carbon-pulse.com/291521/,,EU Market Stability Reserve to withdraw another 267 mln permits from ETS starting Sep . 2024 « Carbon Pulse,2024-06-02,,carbon-pulse.com,English,China,1,12,eu_ets_strong;eu_context;carbon_terms=4,YES,1,"[""YES"", ""YES"", ""YES""]","[""Withdrawal of permits reduces supply, likely pushing prices up short-term."", ""Withdrawal of permits reduces supply, likely pushing prices up short-term."", ""Withdrawal of permits reduces supply, likely pushing prices up short-term.""]",7,1.0,0.7,0.7,"[7, 7, 7]"
6113,https://www.finanznachrichten.de/nachrichten-2024-06/62400734-eu-climate-policy-french-manufacturers-cut-emissions-by-43-mt-epos-research-reports-004.htm,,EU Climate Policy : French Manufacturers Cut Emissions By 43 Mt,2024-06-04,https://cts.businesswire.com/ct/CT?id=bwnews&sty=20240604508471r1&sid=gefi2&distro=ftp,finanznachrichten.de,English,Germany,1,4,eu_context;carbon_terms=2,YES,1,"[""YES"", ""YES"", ""YES""]","[""French emission cuts signal stronger compliance, potentially boosting EU ETS demand."", ""French emission cuts signal policy effectiveness and may boost ETS demand."", ""French emission cuts signal stronger compliance, potentially boosting EU ETS demand.""]",7,1.0,0.7,0.7,"[7, 7, 7]"
6119,https://carbon-pulse.com/292805/,,Pressure builds on EU to open carbon market to CO2 removals « Carbon Pulse,2024-06-06,,carbon-pulse.com,English,China,1,4,eu_context;carbon_terms=2,YES,1,"[""YES"", ""YES"", ""YES""]","[""Expanding the EU ETS to include CO2 removals could increase demand and push prices higher in the medium term."", ""Expanding the EU ETS to include CO2 removals could boost demand and push prices higher."", ""Expanding the EU ETS to include CO2 removals could boost demand and drive upward price pressure in the short term.""]",7,1.0,0.7,0.7,"[7, 7, 7]"
6125,https://www.livemint.com/industry/manufacturing/as-europe-s-carbon-tax-hovers-closer-india-pushes-steelmakers-to-go-green-in-a-hurry-11717758758153.html,https://www.livemint.com/industry/manufacturing/as-europe-s-carbon-tax-hovers-closer-india-pushes-steelmakers-to-go-green-in-a-hurry/amp-11717758758153.html,"As Europe carbon tax hovers closer , India pushes steelmakers to go green in a hurry",2024-06-08,https://www.livemint.com/lm-img/img/2024/06/07/600x338/2-0-1262546722-Copy-of-tatasteel2-0_1679551695189_1717774733142.jpg,livemint.com,English,India,2,3,eu_context;carbon_terms=1,NO,-1,"[""YES"", ""NO"", ""NO""]","[""India\u2019s green push for steelmakers may pressure EU ETS prices upward via global carbon demand shifts."", ""India\u2019s green steel push may pressure EU ETS prices via global supply shifts, but short-term impact is uncertain."", ""India\u2019s green steel push may pressure EU ETS prices via global carbon intensity shifts.""]",6,0.6666666666666666,-0.6,-0.3999999999999999,"[7, 6, 6]"
6131,http://www.jordantimes.com/opinion/jeffrey-frankel/europes-carbon-border-tax-advances-fight-against-climate-change,,Europe carbon border tax advances fight against climate change,2024-06-10,,jordantimes.com,English,Jordan,1,3,eu_context;carbon_terms=1,YES,1,"[""YES"", ""YES"", ""YES""]","[""Carbon border tax may boost EU ETS demand by penalizing non-EU emissions-intensive goods."", ""Carbon border tax may boost EU ETS demand by penalizing non-EU emissions."", ""Carbon border tax may boost EU ETS demand as firms face compliance costs.""]",7,1.0,0.7,0.7,"[7, 7, 7]"
6137,https://trinidadexpress.com/business/local/proman-and-methanex-react-to-cbam/article_ae4c3dc4-2862-11ef-8e40-6f547ac6ded6.html,,Proman and Methanex react to CBAM,2024-06-12,https://bloximages.newyork1.vip.townnews.com/trinidadexpress.com/content/tncms/custom/image/05721bc2-bece-11e9-93ea-33fd6066d825.png,trinidadexpress.com,English,Trinidad and Tobago,2,6,eu_ets_strong,YES,1,"[""NO"", ""YES"", ""YES""]","[""CBAM compliance pressures may drive EU ETS demand as firms hedge against carbon costs."", ""CBAM compliance pressures may drive EU ETS demand as firms hedge against carbon costs."", ""CBAM compliance pressures may drive short-term ETS price volatility as firms adjust emissions trading strategies.""]",7,0.6666666666666666,0.7,0.4666666666666666,"[7, 7, 7]"
6143,https://www.americanthinker.com/blog/2024/06/eu_s_ursula_von_der_leyen_says_it_s_time_we_put_a_price_on_carbon.html,,EU Ursula von der Leyen says it time we  put a price on carbon  ,2024-06-14,https://images.americanthinker.com/f8/f8aaiumljmmma19ch4bm_800.jpg,americanthinker.com,English,United States,2,4,eu_context;carbon_terms=2,YES,1,"[""YES"", ""YES"", ""YES""]","[""Her statement signals policy momentum, likely boosting investor confidence and driving short-term ETS price upward."", ""Her statement signals policy momentum that could boost ETS prices by reinforcing carbon pricing as a priority."", ""Her statement signals policy momentum that could boost ETS demand and price.""]",7,1.0,0.7,0.7,"[7, 7, 7]"
6149,http://www.myanmarmuslim.net/news/20240617833b599111.html,,EU reaches deal to reduce methane gas emissions from energy sector,2024-06-16,,myanmarmuslim.net,English,,2,5,eu_context;carbon_terms=2;energy_driver,YES,1,"[""YES"", ""YES"", ""YES""]","[""Methane emissions reductions can trigger regulatory tightening and enhanced compliance costs, potentially boosting EU ETS prices."", ""Methane reduction commitments may trigger stricter compliance costs and increased demand for carbon credits."", ""Methane reductions may trigger stricter compliance or enhanced cap tightening, boosting ETS demand.""]",7,1.0,0.7,0.7,"[7, 7, 7]"
6155,https://www.marketscreener.com/quote/stock/EUROBANK-ERGASIAS-SERVICE-1408766/news/Eurobank-Ergasias-Services-and-S-A-Among-the-European-leaders-for-the-reduction-of-greenhouse-gas-46991572/,,Eurobank Ergasias Services and S A : Among the European leaders for the reduction of greenhouse gas emissions,2024-06-18,https://www.marketscreener.com/images/twitter_MS_fdblanc.png,marketscreener.com,English,,2,5,eu_context;carbon_terms=2;energy_driver,NO,-1,"[""NO"", ""NO"", ""NO""]","[""The headline highlights a company\u2019s emissions reduction efforts but lacks concrete data or market impact indicators to influence EU ETS pricing."", ""The headline highlights a company\u2019s emissions reduction efforts but lacks specific market data or policy signals to influence short-term EU ETS pricing."", ""It\u2019s a corporate ESG claim without concrete trading data or policy linkage to EU ETS.""]",3,1.0,-0.3,-0.3,"[3, 3, 3]"
6161,https://sciencebusiness.net/network-updates/eua-calls-substantial-leap-forward-supporting-transnational-university-cooperation,,EUA calls for substantial leap forward in supporting transnational university cooperation,2024-06-20,,sciencebusiness.net,English,United Kingdom,1,6,eu_ets_strong,NO,-1,"[""NO"", ""NO"", ""NO""]","[""University cooperation initiatives have negligible direct impact on EU ETS price dynamics."", ""University cooperation initiatives have negligible direct impact on EU ETS price dynamics."", ""University cooperation initiatives have negligible direct impact on EU ETS price dynamics.""]",1,1.0,-0.1,-0.1,"[1, 1, 1]"
6167,https://www.thenationalnews.com/business/energy/2024/06/22/how-the-eus-new-carbon-scheme-could-sync-with-middle-east-clean-energy-push/,https://www.thenationalnews.com/business/energy/2024/06/22/how-the-eus-new-carbon-scheme-could-sync-with-middle-east-clean-energy-push/?outputType=amp,How the EU new carbon scheme could sync with Middle East clean energy push,2024-06-22,https://thenational-the-national-prod.cdn.arcpublishing.com/resizer/v2/QFEWJQJUOTUQTK35P5NB2WHJ74.jpg?smart=true&auth=03554ed63c24280fec5deb1ad69b05a1e37f0b6c58ae0b4c222396f5c857d630,thenationalnews.com,English,,1,3,eu_context;carbon_terms=1,NO,-1,"[""NO"", ""NO"", ""NO""]","[""Middle East clean energy push may indirectly influence EU ETS via global carbon pricing dynamics but lacks immediate direct impact."", ""Middle East\u2019s clean energy push may indirectly influence EU ETS via global carbon markets but lacks immediate direct impact."", ""Middle East\u2019s clean energy push may indirectly influence EU ETS via global carbon markets, but direct short-term price impact is uncertain.""]",5,1.0,-0.5,-0.5,"[5, 5, 5]"
6173,https://www.thehindubusinessline.com/economy/indias-coal-consumption-surpasses-north-america-europe-combined-in-2023/article68326746.ece,https://www.thehindubusinessline.com/economy/indias-coal-consumption-surpasses-north-america-europe-combined-in-2023/article68326746.ece/amp/,India coal consumption surpasses North America & Europe combined in 2023,2024-06-24,https://bl-i.thgim.com/public/incoming/ma6rym/article68296139.ece/alternates/LANDSCAPE_1200/2024-06-13T082832Z_62179388_RC2TA6AL2LR1_RTRMADP_3_INDIA-COAL.JPG,thehindubusinessline.com,English,India,2,3,eu_context;energy_driver,NO,-1,"[""NO"", ""NO"", ""NO""]","[""India's coal surge undermines EU ETS emissions targets, potentially pressuring prices via global carbon market dynamics."", ""India's coal surge undermines EU ETS pricing power by increasing global coal demand and reducing carbon-intensive emissions trading relevance."", ""India's coal surge undermines EU ETS price pressure by increasing global coal demand and reducing carbon-intensive emissions trading relevance.""]",6,1.0,-0.6,-0.6,"[6, 6, 6]"
6179,https://www.thejournal.ie/govt-publishes-updated-plan-to-reduce-emissions-but-no-sign-of-final-version-years-after-eu-deadline-6419380-Jun2024/,,"Govt publishes updated plan to reduce emissions , but no sign of final version years after EU deadline",2024-06-26,https://img2.thejournal.ie/article/6419380/river/?&version=6419494,thejournal.ie,English,Ireland,2,4,eu_context;carbon_terms=2,NO,-1,"[""NO"", ""NO"", ""NO""]","[""Uncertainty over final implementation timing may dampen market confidence but doesn\u2019t signal immediate price reversal."", ""Uncertainty around final policy details may delay market confidence and pricing."", ""Delayed finalization may signal regulatory uncertainty, but no immediate price impact expected.""]",5,1.0,-0.5,-0.5,"[5, 5, 5]"
6185,https://www.hospitalitynet.org/news/4122632.html,,"a & o Hostels Releases Sustainability Report 2023 , Further Establishing Dedication to Become Europe First CO2 - Emission Hostel Chain",2024-06-28,https://www.hospitalitynet.org/picture/social_153156726.jpg?t=1685686351,hospitalitynet.org,English,United States,2,3,eu_context;carbon_terms=1,NO,-1,"[""NO"", ""NO"", ""NO""]","[""Sustainability report alone doesn\u2019t signal immediate market-moving emissions data or regulatory changes."", ""Sustainability report alone doesn\u2019t signal immediate market-moving ETS price action without concrete policy or operational changes."", ""Sustainability report alone doesn\u2019t signal immediate market-driven price shifts without policy or trading volume context.""]",3,1.0,-0.3,-0.3,"[3, 3, 3]"
6191,https://www.marketscreener.com/quote/stock/ELIA-GROUP-NV-SA-5989/news/EU-s-power-mix-in-2024-the-greenest-yet-industry-data-show-47272961/,,"EU power mix in 2024 the greenest yet , industry data show",2024-06-30,https://www.marketscreener.com/images/twitter_MS_fdnoir.png,marketscreener.com,English,,2,3,eu_context;energy_driver,YES,1,"[""YES"", ""YES"", ""YES""]","[""Green power mix expansion likely boosts ETS demand and price pressure."", ""Green power mix expansion likely boosts ETS demand as emissions targets tighten."", ""Green power mix expansion likely boosts carbon intensity reduction, supporting price stability.""]",7,1.0,0.7,0.7,"[7, 7, 7]"
6197,https://www.krcrtv.com/news/offbeat/denmark-introduces-fart-tax-on-livestock-to-cut-down-on-gassy-emissions-greenhouse-cows-sheep-pigs-methane-global-warming-climate-change-carbon-dioxide-farmers-europe-scandinavian-country,https://krcrtv.com/amp/news/offbeat/denmark-introduces-fart-tax-on-livestock-to-cut-down-on-gassy-emissions-greenhouse-cows-sheep-pigs-methane-global-warming-climate-change-carbon-dioxide-farmers-europe-scandinavian-country,Denmark introduces fart tax on livestock to cut down on gassy emissions,2024-07-02,https://krcrtv.com/resources/media/d62db162-4feb-4544-8647-85e70856fc91-large16x9_AP24178275225417.jpg,krcrtv.com,English,United States,1,3,carbon_terms=2;energy_driver,NO,-1,"[""NO"", ""NO"", ""NO""]","[""EU ETS price may be mildly affected via indirect livestock emissions reduction, but Denmark\u2019s policy is not directly tied to EU ETS compliance."", ""EU ETS price unlikely to be directly impacted as Denmark\u2019s fart tax targets livestock emissions outside the ETS scope."", ""EU ETS price unlikely to be directly affected as Denmark\u2019s fart tax targets livestock emissions outside the scope of EU ETS compliance.""]",3,1.0,-0.3,-0.3,"[3, 3, 3]"
6203,https://www.marketscreener.com/news/latest/Years-long-wait-for-permits-blocking-European-wind-farms-industry-says-47316162/,,"Years - long wait for permits blocking European wind farms , industry says",2024-07-04,https://www.marketscreener.com/images/reuters/2024-07/2024-07-04T220808Z_1_LYNXMPEK630OS_RTROPTP_3_FRANCE-ENERGY.JPG,marketscreener.com,English,,2,4,eu_context;carbon_terms=2,NO,-1,"[""NO"", ""NO"", ""NO""]","[""Permit delays could increase project costs and reduce deployment, pressuring ETS prices as emissions reductions slow."", ""Permit delays could increase project costs and reduce new capacity, pressuring EU ETS compliance and potentially driving up carbon prices."", ""Permit delays could increase project costs and reduce new capacity, pressuring ETS prices through supply-side constraints.""]",7,1.0,-0.7,-0.7,"[7, 7, 7]"
6209,https://carbon-pulse.com/301823/,,COMMENT : Closing the CBAM scrap loophole – A critical move for climate & competitiveness « Carbon Pulse,2024-07-06,,carbon-pulse.com,English,China,1,7,eu_ets_strong;carbon_terms=1,YES,1,"[""YES"", ""YES"", ""YES""]","[""Closing the CBAM scrap loophole directly impacts EU ETS pricing by reducing carbon leakage risks and boosting compliance costs for non-EU exporters."", ""Closing the CBAM scrap loophole directly pressures EU industries to comply with carbon pricing, likely boosting EU ETS demand."", ""Closing the CBAM scrap loophole directly pressures EU importers to comply with carbon pricing, boosting demand for EU ETS allowances.""]",8,1.0,0.8,0.8,"[8, 8, 8]"
6215,https://foreignaffairs.co.nz/2024/07/08/mil-evening-report-power-hungry-ai-is-driving-a-surge-in-tech-giant-carbon-emissions-nobody-knows-what-to-do-about-it/,,MIL - Evening Report : Power - hungry AI is driving a surge in tech giant carbon emissions . Nobody knows what to do about it,2024-07-08,,foreignaffairs.co.nz,English,New Zealand,2,4,carbon_terms=3;energy_driver,YES,1,"[""YES"", ""YES"", ""NO""]","[""AI demand is pushing emissions up, creating regulatory and market pressure for carbon pricing."", ""AI power demand is likely to push EU ETS prices higher as emissions from tech firms grow."", ""AI demand is pushing emissions up, creating regulatory pressure and potential price volatility in EU ETS.""]",8,0.6666666666666666,0.8,0.5333333333333333,"[7, 8, 7]"
6221,https://www.globenewswire.com/news-release/2024/07/10/2910955/0/en/Europe-Middle-East-and-Africa-EMEA-Gas-Turbines-Market-Forecasts-2024-2029-Featuring-Siemens-GE-Mitsubishi-Toshiba-ABB-Baker-Hughes-Ansaldo-Energia-Centrax-and-Man-Energy.html,,Europe Middle East and Africa ( EMEA ) Gas Turbines Market,2024-07-10,https://ml.globenewswire.com/Resource/Download/7f4e74dc-d002-4a1b-82e2-3c745e2cd715,globenewswire.com,English,United States,2,4,eu_context;carbon_terms=1;energy_driver,NO,-1,"[""NO"", ""NO"", ""NO""]","[""Gas turbines in EMEA are not a direct driver of EU ETS price movements, though indirect energy demand effects may be minor."", ""Gas turbines in EMEA are not a direct driver of EU ETS pricing, though indirect industrial emissions may have minor relevance."", ""Gas turbines in EMEA are not a direct driver of EU ETS price movements, though indirect energy demand effects may exist.""]",2,1.0,-0.2,-0.2,"[2, 2, 3]"
6227,https://carbon-pulse.com/303821/,,BRIEFING : EU energy and climate stories to watch in the weeks ahead « Carbon Pulse,2024-07-12,,carbon-pulse.com,English,China,1,3,eu_context;carbon_terms=1,NO,-1,"[""NO"", ""NO"", ""NO""]","[""Short-term volatility may arise from policy uncertainty or market sentiment shifts."", ""Short-term price volatility likely due to upcoming policy updates and market expectations."", ""The headline lacks specific data or policy shifts to reliably predict short-term price direction.""]",5,1.0,-0.5,-0.5,"[5, 5, 5]"
6233,https://japantoday.com/category/politics/japan-aligning-with-u.s.-europe-over-offshore-wind-amid-china-fears,,"Japan aligning with U . S ., Europe on offshore wind power",2024-07-14,https://jt00.scdn6.secure.raxcdn.com/images/japan-today-social.jpg,japantoday.com,English,Japan,2,3,eu_context;energy_driver,YES,1,"[""YES"", ""YES"", ""YES""]","[""Offshore wind expansion in Japan may increase global carbon intensity targets, potentially boosting EU ETS demand."", ""Offshore wind alignment may boost EU ETS demand via cleaner energy transition."", ""Offshore wind alignment boosts global clean energy demand, potentially pressuring EU ETS prices upward.""]",6,1.0,0.6,0.6,"[6, 6, 7]"
6239,https://www.globenewswire.com/news-release/2024/07/16/2913479/0/en/PepsiCo-Europe-and-Yara-partner-to-decarbonize-crop-production.html,,PepsiCo Europe and Yara partner to decarbonize crop,2024-07-16,https://ml-eu.globenewswire.com/Resource/Download/e9687a5a-e174-4269-8e66-1c6338b2905f,globenewswire.com,English,United States,2,3,eu_context;carbon_terms=1,NO,-1,"[""NO"", ""NO"", ""NO""]","[""Decarbonization partnerships may signal long-term ETS compliance efforts but lack immediate market impact."", ""Decarbonization partnerships may signal long-term structural shifts but lack immediate market impact on EU ETS pricing."", ""Decarbonization partnerships may signal long-term structural shifts but lack immediate market impact on EU ETS pricing.""]",3,1.0,-0.3,-0.3,"[3, 3, 3]"
6245,https://business.scoop.co.nz/2024/07/18/could-capturing-carbon-curb-emissions-expert-reaction/,,Business . Scoop » Could Capturing Carbon Curb Emissions ? – Expert Reaction,2024-07-18,,business.scoop.co.nz,English,New Zealand,1,3,carbon_terms=3,NO,-1,"[""NO"", ""NO"", ""NO""]","[""Carbon capture technology may reduce emissions but doesn\u2019t directly impact EU ETS price dynamics."", ""Carbon capture tech may reduce emissions but doesn\u2019t directly impact EU ETS price dynamics."", ""Carbon capture tech may reduce emissions but doesn\u2019t directly affect EU ETS pricing unless paired with policy changes or market mechanisms.""]",5,1.0,-0.5,-0.5,"[5, 5, 5]"
6251,https://www.financialmirror.com/2024/07/20/is-eu-playing-second-fiddle-to-us-china-on-energy-targets/,,"Is EU playing second fiddle to US , China on energy targets ? ",2024-07-20,https://www.financialmirror.com/wp-content/uploads/2022/10/lebenergy.jpg,financialmirror.com,English,China,2,2,eu_context,NO,-1,"[""NO"", ""NO"", ""NO""]","[""EU's ETS price may be affected by global policy divergence but not immediately or decisively."", ""EU\u2019s ETS price may be affected by global policy divergence but not immediately or decisively."", ""EU\u2019s ETS price may be affected by global policy divergence, but not immediately or decisively.""]",5,1.0,-0.5,-0.5,"[5, 5, 5]"
6257,https://article.wn.com/view/2024/07/22/As_Europe_Heats_Up_Silencing_Climate_Activists_is_Emerging_a/,,"As Europe Heats Up , Silencing Climate Activists is Emerging as a Troubling Trend",2024-07-23,,article.wn.com,English,United States,2,2,eu_context,NO,-1,"[""NO"", ""NO"", ""NO""]","[""Activist suppression may reduce pressure on emissions but doesn't directly impact ETS price mechanics."", ""Activist suppression may reduce pressure on emissions, but short-term ETS price impact is likely muted without clear policy shifts."", ""Activist silencing may reduce pressure on emissions, but lacks direct market signal to affect EU ETS pricing.""]",3,1.0,-0.3,-0.3,"[3, 3, 3]"
6263,https://www.finanznachrichten.de/nachrichten-2024-07/62824173-air-liquide-to-invest-100-million-euros-in-the-renewed-partnership-with-aurubis-for-a-more-sustainable-gas-supply-in-bulgaria-and-germany-004.htm,,Air Liquide to Invest 100 Million Euros in the Renewed Partnership With Aurubis for a More Sustainable Gas Supply in Bulgaria and Germany,2024-07-25,https://cts.businesswire.com/ct/CT?id=bwnews&sty=20240725954083r1&sid=gefi2&distro=ftp,finanznachrichten.de,English,Germany,2,3,eu_context;energy_driver,NO,-1,"[""NO"", ""NO"", ""NO""]","[""Limited direct impact on EU ETS pricing due to modest scale of investment and regional scope."", ""This investment is a mid-term sustainability initiative with limited direct impact on short-term EU ETS price volatility."", ""Emissions reductions from the partnership may slightly dampen price pressure but are unlikely to materially shift EU ETS dynamics.""]",3,1.0,-0.3,-0.3,"[3, 3, 3]"
6269,https://www.thedailycitizen.com/wood-pellets-production-boomed-to-feed-eu-demand-but-at-cost-for-black-people-in/article_80e48292-d5bb-5bf3-ba1f-fe8d4c6134e4.html,,Wood pellets production boomed to feed EU demand but at cost for Black people in South,2024-07-27,https://bloximages.newyork1.vip.townnews.com/thedailycitizen.com/content/tncms/custom/image/48154faa-cfed-11e9-befa-b7bc8011f0ea.jpg,thedailycitizen.com,English,United States,2,2,eu_context,NO,-1,"[""NO"", ""NO"", ""NO""]","[""Wood pellet production\u2019s environmental and social impacts may indirectly affect EU ETS pricing via carbon accounting and policy scrutiny."", ""Ethical supply chain concerns may trigger regulatory or market pressure, but short-term ETS price impact is limited."", ""Wood pellet production\u2019s environmental cost may trigger regulatory scrutiny, but Black community impact is unlikely to directly affect EU ETS pricing.""]",3,1.0,-0.3,-0.3,"[3, 5, 3]"
6275,https://www.hellenicshippingnews.com/europe-is-expected-to-burn-more-coal-this-winter/,,Europe Is Expected to Burn More Coal this Winter | Hellenic Shipping News Worldwide,2024-07-30,,hellenicshippingnews.com,English,China,2,3,eu_context;energy_driver,NO,-1,"[""NO"", ""NO"", ""NO""]","[""Coal burn-up increases emissions, potentially triggering EU ETS price pressure via carbon intensity signals."", ""Coal burn-up increases emissions, potentially pressuring EU ETS prices if carbon pricing is rigid and no offsetting measures are taken."", ""Coal burn-up increases emissions, potentially triggering EU ETS price pressure via cap-and-trade mechanics.""]",6,1.0,-0.6,-0.6,"[6, 6, 6]"
6281,https://www.romania-insider.com/nokian-eib-loan-oradea-aug-2024,https://www.romania-insider.com/nokian-eib-loan-oradea-aug-2024?amp,Nokian Tyres gets EUR 150 million loan from EIB for zero - emissions plant in Romania,2024-08-01,https://cdn.romania-insider.com/sites/default/files/styles/article_large_image/public/2024-07/nokian_tyres_romania_factory_1st_tire_-_photo_nokiantyres.com_.jpg,romania-insider.com,English,Romania,2,4,eu_context;carbon_terms=2,YES,1,"[""YES"", ""YES"", ""YES""]","[""Large-scale green investment signals EU ETS demand for carbon-intensive industries to decarbonize."", ""EIB funding for a zero-emissions plant signals strong policy support and may boost EU ETS demand through increased green investment."", ""Large-scale green investment signals EU ETS demand for carbon-intensive sectors to decarbonize.""]",7,1.0,0.7,0.7,"[7, 7, 7]"
6287,https://www.maritime-executive.com/corporate/port-of-bilbao-home-to-investments-totaling-around-700-million-euros,,"Port of Bilbao , Home to Investments Totaling Around 700 Million Euros",2024-08-03,https://maritime-executive.com/media/images/article/Photos/People/AP-Bilbao-Rueda-de-prensa-30-julio-2024-Andima-Ormaetxe-y-Ricardo-Barkala.d2b3a2.jpg,maritime-executive.com,English,United States,2,2,eu_context,NO,-1,"[""NO"", ""NO"", ""NO""]","[""Port investments alone do not directly influence EU ETS pricing unless tied to significant carbon-intensive sectors or regulatory changes."", ""Port investments alone are unlikely to materially affect EU ETS price volatility."", ""Port investments alone are unlikely to materially affect EU ETS pricing without clear emissions-linked project specifics.""]",2,1.0,-0.2,-0.2,"[2, 2, 2]"
6293,https://www.premiumtimesng.com/news/top-news/721837-rejoinder-eus-planned-sanction-on-methane-emissions-heightens-pressure-on-nigeria.html,,REJOINDER :  EU planned sanction on methane emissions heightens pressure on Nigeria  ,2024-08-06,https://media.premiumtimesng.com/wp-content/files/2024/06/17179279392645453586905664083903.jpg,premiumtimesng.com,English,Nigeria,2,4,eu_context;carbon_terms=2,NO,-1,"[""NO"", ""NO"", ""NO""]","[""EU sanctions on methane emissions indirectly affect global carbon markets but have minimal direct impact on EU ETS pricing."", ""EU sanctions on methane emissions indirectly affect global carbon markets but have minimal direct impact on EU ETS pricing."", ""EU methane sanctions indirectly affect global emissions but have minimal direct impact on EU ETS pricing.""]",3,1.0,-0.3,-0.3,"[3, 3, 3]"
6299,https://sofokleous10.gr/2024/08/08/goldman-sachs-the-eu-is-one-step-closer-to-a-historic-change-in-the-coal-market/,,Goldman Sachs : The EU is one step closer to a historic change in the coal market,2024-08-08,https://i0.wp.com/sofokleous10.gr/wp-content/uploads/2024/08/2447050-goldman-sachs-the-eu-is-one-step-closer-to-a-historic-change-in-the-coal-market.jpg?fit=640%2C359&ssl=1,sofokleous10.gr,English,Greece,1,4,eu_context;carbon_terms=1;energy_driver,YES,1,"[""YES"", ""YES"", ""YES""]","[""Coal phase-out expectations could boost carbon prices via increased emissions intensity."", ""Coal phase-out signals likely increased carbon intensity exposure for EU industries, pushing ETS prices higher."", ""Coal phase-out policy signals long-term demand reduction, impacting EU ETS carbon intensity and price trajectory.""]",7,1.0,0.7,0.7,"[7, 7, 7]"
6305,https://english.elpais.com/climate/2024-08-10/the-rise-of-renewable-energy-puts-china-on-track-to-end-its-co-emissions-growth.html,https://english.elpais.com/climate/2024-08-10/the-rise-of-renewable-energy-puts-china-on-track-to-end-its-co-emissions-growth.html?outputType=amp,The rise of renewable energy puts China on track to end its CO₂ emissions growth,2024-08-10,https://imagenes.elpais.com/resizer/v2/7RQ4BD76QRDRXOFYNYCNSLEL2I.jpg?auth=d9b210e66344b1465b8dfe18f206aa062c9dfc91bd456724dd3fc72f2af57218,english.elpais.com,English,Spain,2,2,carbon_terms=2,NO,-1,"[""NO"", ""NO"", ""NO""]","[""EU ETS price less directly affected by China\u2019s emissions trajectory unless global carbon pricing aligns with EU policy."", ""Renewable energy growth in China may reduce its emissions, but EU ETS price is more influenced by European policy and industrial activity than global emission trends."", ""Renewable energy growth in China may reduce its emissions, but EU ETS is primarily driven by EU domestic policy and emissions, not global trends.""]",3,1.0,-0.3,-0.3,"[3, 3, 3]"
6311,https://invezz.com/news/2024/08/13/sweden-leads-europe-in-cutting-emissions-while-boosting-economic-output-heres-how/,,Sweden leads Europe in cutting emissions while boosting economic output : Here how,2024-08-13,https://invezz.com/wp-content/uploads/2024/08/51484164_l_normal_none-1024x678.jpg,invezz.com,English,United Kingdom,2,4,eu_context;carbon_terms=2,YES,1,"[""YES"", ""YES"", ""YES""]","[""Sweden\u2019s emission cuts and economic growth signal potential EU ETS price upside via policy innovation."", ""Sweden\u2019s emission cuts and economic growth signal potential EU ETS price support through policy momentum."", ""Sweden\u2019s emission cuts and economic growth signal potential EU ETS price support through policy-driven demand.""]",7,1.0,0.7,0.7,"[7, 7, 7]"
6317,https://www.globenewswire.com/news-release/2024/08/15/2930966/0/en/Europe-Marine-Biofuel-Industry-Report-2024-Market-to-Grow-by-3-1-Billion-During-2023-2033-Driven-by-Expanding-Feedstocks-Advanced-Biofuel-Technologies-and-Favorable-Government-Poli.html,,Europe Marine Biofuel Industry Report 2024 : Market to Grow,2024-08-15,https://ml.globenewswire.com/Resource/Download/eac3776f-f352-475c-b852-473be3bef14d,globenewswire.com,English,United States,2,3,eu_context;carbon_terms=1,NO,-1,"[""NO"", ""NO"", ""NO""]","[""Biofuel market growth may indirectly support carbon intensity targets, but lacks direct ETS price linkage."", ""Biofuel market growth may indirectly affect emissions trading via energy substitution, but no direct price signal is evident."", ""Biofuel market growth may indirectly support carbon-intensive sectors but doesn\u2019t directly signal EU ETS price movement.""]",3,1.0,-0.3,-0.3,"[3, 3, 3]"
6323,https://www.livemint.com/politics/policy/india-eu-free-trade-agreement-fta-uk-carbon-tax-cbam-steel-export-11723708618764.html,https://www.livemint.com/politics/policy/india-eu-free-trade-agreement-fta-uk-carbon-tax-cbam-steel-export/amp-11723708618764.html,India - EU free trade negotiations to include discussions on Europe carbon tax,2024-08-17,https://www.livemint.com/lm-img/img/2024/08/16/600x338/2-0-617523407-steel2-0_1680243884704_1723811732812.jpg,livemint.com,English,India,2,3,eu_context;carbon_terms=1,NO,-1,"[""NO"", ""NO"", ""NO""]","[""India\u2019s inclusion of EU carbon tax discussions in FTA negotiations may signal future policy alignment but doesn\u2019t directly impact current EU ETS pricing."", ""India\u2019s inclusion of EU carbon tax discussions in trade talks may influence future carbon pricing alignment but has limited immediate impact on EU ETS."", ""EU carbon tax discussions may influence India\u2019s ETS compliance, but immediate price impact is uncertain.""]",5,1.0,-0.5,-0.5,"[5, 5, 5]"
6329,https://www.eureporter.co/environment/2024/08/19/eu-economy-greenhouse-gas-emissions-4-0-in-q1-2024/,,EU economy greenhouse gas emissions : - 4 . 0 % in Q1 2024,2024-08-19,https://www.eureporter.co/wp-content/uploads/2024/08/Greenhouse.jpg,eureporter.co,English,United Kingdom,2,5,eu_context;carbon_terms=2;energy_driver,YES,1,"[""YES"", ""YES"", ""YES""]","[""Lower emissions suggest potential regulatory easing or market optimism, possibly supporting prices short-term."", ""Lower emissions suggest potential policy tightening or market optimism, impacting ETS pricing."", ""Lower emissions suggest potential for reduced carbon pricing pressure, but market sentiment may still be influenced by broader policy uncertainty.""]",7,1.0,0.7,0.7,"[7, 7, 7]"
6335,https://www.bignewsnetwork.com/news/274509891/europe-pumps-market-size-worth-2467-billion-by-2030-industryarc,,Europe Pumps Market Size Worth $24 . 67 Billion By 2030 : IndustryARC,2024-08-22,,bignewsnetwork.com,English,United States,2,3,eu_context;carbon_terms=1,YES,1,"[""YES"", ""YES"", ""YES""]","[""Expansion of market size suggests increased trading volume and potential price pressure upward."", ""Expanding market size suggests increased trading volume and potential price pressure upward."", ""Expanding market size suggests increased trading volume and potential price pressure upward.""]",8,1.0,0.8,0.8,"[8, 8, 8]"
6341,https://www.straitstimes.com/multimedia/graphics/2024/08/palm-oil-asia/,,  Guardians of the forest : How looming new EU rules on palm oil could wipe out small farmers,2024-08-24,https://www.straitstimes.com/multimedia/graphics/assets/facebook_images/2024/08/palm-oil/facebook.jpg,straitstimes.com,English,Singapore,2,3,eu_context;energy_driver,NO,-1,"[""NO"", ""NO"", ""NO""]","[""New EU palm oil regulations may affect supply chains but are unlikely to cause immediate sharp price swings in the EU ETS."", ""New EU rules may disrupt palm oil supply chains, potentially affecting demand and indirectly impacting carbon pricing via sectoral emissions changes."", ""New EU rules on palm oil may increase compliance costs and affect supply chains, but direct impact on EU ETS prices is uncertain without clear emission targets or market adjustments.""]",5,1.0,-0.5,-0.5,"[5, 6, 5]"
6347,https://en.trend.az/business/3937192.html,,Equinor secures EU funding for world first ammonia - powered supply vessel,2024-08-26,,en.trend.az,English,United States,2,3,eu_context;energy_driver,NO,-1,"[""NO"", ""NO"", ""NO""]","[""Ammonia as a fuel may reduce emissions, but its adoption in shipping is still nascent and doesn't directly impact EU ETS price volatility."", ""Ammonia as a fuel may reduce emissions but doesn\u2019t directly impact EU ETS price mechanics or compliance."", ""Ammonia as a fuel may reduce emissions but doesn\u2019t directly impact EU ETS price mechanics or carbon allowance demand.""]",5,1.0,-0.5,-0.5,"[5, 5, 3]"
6353,https://www.swissinfo.ch/eng/eu-faces-lawsuits-over-emissions-rules%2c-,,"EU faces lawsuits over emissions rules ,  green  label for planes",2024-08-28,"https://www.swissinfo.ch/content/wp-content/uploads/sites/13/2024/08/4bddd23ed3d97f8505f45a481b9b7025-87446651.jpg?ver=d162a6af&fit=1200,800",swissinfo.ch,English,Switzerland,2,4,eu_context;carbon_terms=2,NO,-1,"[""NO"", ""NO"", ""NO""]","[""Legal challenges may pressure regulatory flexibility, risking short-term price volatility."", ""Legal challenges may pressure regulatory flexibility, potentially dampening market confidence."", ""Legal challenges may pressure regulatory flexibility, potentially dampening market confidence in emissions targets.""]",6,1.0,-0.6,-0.6,"[7, 6, 6]"
6359,https://arcticstartup.com/ocean-oasis-raises-e6m-grant-from-eu/,https://arcticstartup.com/ocean-oasis-raises-e6m-grant-from-eu/amp/,Norwegian startup offshore desalination tech gets €6M EU boost to turn wave power into freshwater,2024-08-30,https://arcticstartup.com/wp-content/uploads/2024/08/ocean-oasis-raises-e6m-grant-from-eu.png,arcticstartup.com,English,Finland,2,3,eu_context;energy_driver,NO,-1,"[""NO"", ""NO"", ""NO""]","[""EU funding for desalination tech may indirectly affect water pricing and demand, but not directly impact EU ETS price short-term."", ""EU funding for desalination tech may indirectly affect water pricing, but no direct link to ETS carbon prices."", ""EU funding for desalination tech may indirectly support water efficiency, but doesn\u2019t directly impact EU ETS carbon pricing.""]",3,1.0,-0.3,-0.3,"[3, 3, 3]"
6365,https://www.thepoultrysite.com/articles/weekly-global-protein-digest-9,,"Weekly global protein digest - H5N1 spreads in dairy , NY sues JBS united states , China investigating EU dairy products",2024-09-01,https://cdn.globalagmedia.com/jim-wyckoff-chicken.jpg,thepoultrysite.com,English,United States,2,2,eu_context,NO,-1,"[""NO"", ""NO"", ""NO""]","[""H5N1 outbreaks and legal actions may disrupt supply chains but are unlikely to materially affect EU ETS prices in the short term."", ""H5N1 outbreaks and legal actions may disrupt supply chains but lack direct link to EU ETS pricing mechanics."", ""H5N1 outbreaks and legal actions may disrupt supply chains but lack direct link to EU ETS pricing mechanics.""]",3,1.0,-0.3,-0.3,"[3, 3, 3]"
6371,https://www.hellenicshippingnews.com/europe-gas-prices-slip-on-high-storage-levels-and-strong-lng-supply/,,Europe Gas : Prices slip on high storage levels and strong LNG supply | Hellenic Shipping News Worldwide,2024-09-03,,hellenicshippingnews.com,English,China,2,4,eu_context;carbon_terms=1;energy_driver,NO,-1,"[""NO"", ""NO"", ""NO""]","[""High storage levels and LNG supply suggest oversupply, dampening price pressure in EU ETS-linked gas markets."", ""High storage levels and LNG supply suggest reduced price pressure but not a strong reversal signal."", ""High storage levels and LNG supply suggest reduced price pressure, but EU ETS is driven by policy and emissions, not gas spot prices.""]",5,1.0,-0.5,-0.5,"[5, 5, 5]"
6377,https://www.worldenergynews.com/news/after-month-low-the-price-gas-europe-752188,,"After A 1 - Month Low , The Price Of Gas In Europe Has",2024-09-05,http://www.worldenergynews.com/Content/default.png,worldenergynews.com,English,United States,2,4,eu_context;carbon_terms=1;energy_driver,NO,-1,"[""NO"", ""NO"", ""NO""]","[""Short-term rebound may be driven by seasonal demand or speculative activity, not fundamental policy shifts."", ""Short-term rebound may be influenced by seasonal demand or policy adjustments."", ""Short-term rebound may be driven by seasonal demand or speculative activity rather than fundamental shifts.""]",5,1.0,-0.5,-0.5,"[5, 5, 5]"
6383,https://www.stcatharinesstandard.ca/life/autos/this-four-door-coupe-has-styling-handling-and-power-but-is-it-worth-the-price/article_16ffdd12-9694-525e-a3d4-ff06459e3f09.html,,"2025 Genesis GV80 Coupe is powerful , pretty and pricey , too",2024-09-07,https://bloximages.chicago2.vip.townnews.com/stcatharinesstandard.ca/content/tncms/assets/v3/editorial/4/9b/49bf0d5c-5d36-556b-a436-346e4ccc9c7b/66bd165e3a784.image.jpg?crop=1763%2C926%2C0%2C124,stcatharinesstandard.ca,English,Canada,2,2,carbon_terms=1;energy_driver,NO,-1,"[""NO"", ""NO"", ""NO""]","[""No direct financial or carbon market impact from automotive design features."", ""No direct financial or carbon market impact from automotive design or pricing."", ""The headline describes a vehicle model and its attributes, with no direct or indirect link to EU ETS market dynamics or carbon pricing.""]",1,1.0,-0.1,-0.1,"[1, 1, 1]"
6389,https://www.marketscreener.com/quote/stock/EQUINOR-ASA-1413290/news/APPEC-EU-methane-emissions-law-presents-monitoring-challenges-Equinor-exec-says-47834911/,,"APPEC - EU methane emissions law presents monitoring challenges , Equinor exec says",2024-09-10,https://www.marketscreener.com/images/reuters/2024-08/2024-08-26T132748Z_1_LYNXMPEK7P0FB_RTROPTP_3_EQUINOR-OIL.JPG,marketscreener.com,English,,2,4,eu_context;carbon_terms=2,NO,-1,"[""NO"", ""NO"", ""NO""]","[""Methane monitoring challenges could delay compliance, potentially impacting EU ETS pricing via emission caps and regulatory uncertainty."", ""Methane monitoring challenges may delay compliance, potentially affecting ETS pricing via regulatory uncertainty."", ""Methane monitoring challenges could delay compliance, potentially impacting ETS pricing if enforcement lags.""]",5,1.0,-0.5,-0.5,"[6, 5, 5]"
6395,https://www.hellenicshippingnews.com/ect-terminals-switching-to-shore-power-reducing-co2-emissions-by-approx-35000-tonnes-per-year/,,"ECT terminals switching to shore power : reducing CO2 emissions by approx . 35 , 000 tonnes per year",2024-09-12,,hellenicshippingnews.com,English,China,2,3,carbon_terms=2;energy_driver,YES,1,"[""YES"", ""YES"", ""YES""]","[""Significant reduction in emissions from ECT terminals could influence EU ETS compliance and pricing dynamics."", ""Significant reduction in emissions from ECT terminals could influence EU ETS pricing via enhanced compliance and regulatory pressure."", ""Significant reduction in emissions from ECT terminals could influence carbon pricing via regulatory and market signals.""]",7,1.0,0.7,0.7,"[7, 7, 7]"
6401,https://www.bowenislandundercurrent.com/highlights/can-silver-help-reduce-carbon-emissions-how-this-precious-metal-plays-a-role-in-a-sustainable-future-9517059,,Can silver help reduce carbon emissions ? How this precious metal plays a role in a sustainable future,2024-09-14,https://www.vmcdn.ca/f/files/glaciermedia/images/getty-images/silverchunksgetty.jpg;w=1200;h=800;mode=crop,bowenislandundercurrent.com,English,Canada,2,3,carbon_terms=3,NO,-1,"[""NO"", ""NO"", ""NO""]","[""Silver\u2019s role in carbon reduction is indirect and speculative, not a direct driver of EU ETS pricing."", ""Silver\u2019s role in carbon reduction is indirect and speculative, not a direct market driver for EU ETS."", ""Silver\u2019s role in carbon reduction is indirect and speculative, with limited direct impact on EU ETS pricing.""]",2,1.0,-0.2,-0.2,"[3, 2, 2]"
6407,https://finance.yahoo.com/news/exclusive-credit-agricole-cib-chooses-111408600.html,,"Exclusive - Credit Agricole CIB chooses carbon trading over gold , sources say",2024-09-16,https://media.zenfs.com/en/reuters-finance.com/a8a2624c512ffb989a89ea83b393b75b,finance.yahoo.com,English,United States,1,2,carbon_terms=2,NO,-1,"[""NO"", ""NO"", ""NO""]","[""Carbon trading shift may reflect institutional preference but doesn\u2019t signal immediate price movement."", ""Carbon trading shift may reflect institutional preference but lacks immediate market impact."", ""Carbon trading shift may signal institutional preference but lacks immediate market impact.""]",4,1.0,-0.4,-0.4,"[5, 4, 3]"
6413,https://www.politico.eu/article/teresa-ribera-brussels-ursula-von-der-leyen-europe/,,How Teresa Ribera became the second - most powerful person in Brussels,2024-09-18,"https://www.politico.eu/cdn-cgi/image/width=1200,height=630,fit=crop,quality=80,onerror=redirect/wp-content/uploads/2024/09/17/GettyImages-1240397666-1-scaled.jpg",politico.eu,English,United States,2,3,eu_context;energy_driver,NO,-1,"[""NO"", ""NO"", ""NO""]","[""Her role as EU Environment Commissioner may influence policy, but not directly impact short-term EU ETS price volatility."", ""Her role as EU Environment Chief may influence policy, but not directly ETS price in short term."", ""Her role as EU Environment Commissioner does not directly impact short-term EU ETS price dynamics.""]",1,1.0,-0.1,-0.1,"[1, 1, 1]"
6419,https://www.miragenews.com/pfizerbiontech-get-chmp-nod-for-omicron-kp2-eu-1321291/,,Pfizer / BioNTech Get CHMP Nod for Omicron KP . 2 EU Vaccine,2024-09-20,https://cdn1.miragenews.com/wp-content/uploads/2019/04/newsdevelopments-image.jpg,miragenews.com,English,United States,1,2,eu_context,NO,-1,"[""NO"", ""NO"", ""NO""]","[""Vaccine approval news has minimal direct impact on EU ETS pricing, as it doesn't affect emissions or carbon policy directly."", ""Vaccine approval has minimal direct impact on EU ETS pricing as it doesn't alter emissions or carbon market fundamentals."", ""Vaccine approval has minimal direct impact on EU ETS pricing given lack of immediate carbon-intensive production changes.""]",2,1.0,-0.2,-0.2,"[2, 2, 2]"
6425,https://www.eco-business.com/news/qa-what-the-draghi-report-says-about-eu-climate-action-and-energy/,,Q & A : What the Draghi report says about EU climate action and energy,2024-09-22,https://eco-business.imgix.net/ebmedia/fileuploads/timo-volz-lmu-AXES_0k-unsplash.jpg?fit=crop&ixlib=django-1.2.0&q=85,eco-business.com,English,China,1,2,eu_context,NO,-1,"[""NO"", ""NO"", ""NO""]","[""Draghi\u2019s report is a policy statement, not a direct market signal, and lacks specific ETS-related data to influence short-term pricing."", ""The Draghi report\u2019s focus on climate action may signal policy uncertainty rather than direct market impact."", ""Draghi\u2019s report is a policy statement, not a direct market signal, so its impact on short-term EU ETS prices is limited.""]",3,1.0,-0.3,-0.3,"[3, 3, 3]"
6431,https://www.ndtv.com/world-news/us-uae-discuss-progress-on-india-middle-east-europe-economic-corridor-6634937,https://www.ndtv.com/world-news/us-uae-discuss-progress-on-india-middle-east-europe-economic-corridor-6634937/amp/1,"US , UAE Discuss Progress On India - Middle East - Europe Economic Corridor",2024-09-24,https://c.ndtvimg.com/2024-09/ej7t5aak_biden-meets-mohamed-bin-zayed-_625x300_24_September_24.jpeg,ndtv.com,English,India,2,2,eu_context,NO,-1,"[""NO"", ""NO"", ""NO""]","[""Limited direct impact on EU ETS as it relates to regional trade corridors rather than carbon policy or emissions trading."", ""Limited direct impact on EU ETS as it relates to regional economic corridor discussions rather than carbon policy or emissions trading."", ""EU ETS price unlikely to be directly affected by regional economic corridor discussions.""]",2,1.0,-0.2,-0.2,"[2, 2, 2]"
6437,https://emerging-europe.com/opinion/masdar-serbia-harnessing-energy-potential/,,Harnessing Serbia potential to help power Europe energy transition,2024-09-26,https://emerging-europe.com/wp-content/uploads/2024/09/bigstock-wind-farm-1427975-1024x768.jpg,emerging-europe.com,English,Romania,2,3,eu_context;energy_driver,NO,-1,"[""NO"", ""NO"", ""NO""]","[""Serbia\u2019s energy transition potential has limited immediate impact on EU ETS pricing due to low direct emissions and lack of regulatory alignment."", ""Serbia\u2019s energy transition potential is distant and lacks immediate policy or market integration with EU ETS."", ""Serbia\u2019s energy transition potential is distant and lacks immediate policy or market linkage to EU ETS.""]",3,1.0,-0.3,-0.3,"[3, 3, 3]"
6443,https://finance.yahoo.com/news/shell-shel-most-undervalued-european-073402999.html,,Is Shell ( SHEL ) the Most Undervalued European Stock To Invest In Now ? ,2024-09-28,https://s.yimg.com/ny/api/res/1.2/W2wN1OtBrWkNgnNv2Fuiwg--/YXBwaWQ9aGlnaGxhbmRlcjt3PTEyMDA7aD02NzM-/https://media.zenfs.com/en/insidermonkey.com/32bd754242032c454ea49bebe1ac86ae,finance.yahoo.com,English,United States,2,2,eu_context,NO,-1,"[""NO"", ""NO"", ""NO""]","[""Shell\u2019s valuation relative to peers doesn\u2019t directly signal EU ETS price movement."", ""Shell's valuation relative to peers doesn't directly signal EU ETS price movement."", ""Shell's valuation is not a direct driver of EU ETS price movements, as ETS pricing is influenced by policy, emissions caps, and sectoral compliance, not individual stock sentiment.""]",3,1.0,-0.3,-0.3,"[3, 3, 3]"
6449,https://www.torontotelegraph.com/news/274657468/blusky-carbon-to-join-european-carbon-removal-lobby-group,,BluSky Carbon to Join European Carbon Removal Lobby Group,2024-10-01,,torontotelegraph.com,English,Canada,2,3,eu_context;carbon_terms=1,NO,-1,"[""NO"", ""NO"", ""NO""]","[""BluSky\u2019s membership may signal increased corporate interest in carbon removal, but lacks immediate market impact on EU ETS pricing."", ""BluSky\u2019s membership may signal increased carbon removal activity but doesn\u2019t yet imply direct market impact or policy change."", ""BluSky\u2019s membership may signal increased carbon removal activity but lacks immediate market impact.""]",3,1.0,-0.3,-0.3,"[3, 3, 3]"
6455,https://www.miragenews.com/eu-oks-e1-2b-polish-aid-for-electricity-storage-1330118/,,EU OKs €1 . 2B Polish Aid for Electricity Storage Transition,2024-10-03,https://culture.ec.europa.eu/sites/default/files/2020-10/cheritage-eupolicy-c_vexcollectiveistock.jpg,miragenews.com,English,United States,2,3,eu_context;energy_driver,NO,-1,"[""NO"", ""NO"", ""NO""]","[""Electricity storage investment may modestly support demand for clean energy compliance, but EU ETS pricing is more influenced by broader carbon policy and market fundamentals."", ""Storage investment may boost demand for clean energy, but EU ETS price is unlikely to spike significantly from this aid alone."", ""Electricity storage investment may modestly support demand for carbon credits but doesn\u2019t directly alter EU ETS price dynamics.""]",5,1.0,-0.5,-0.5,"[5, 5, 5]"
6461,https://www.hellenicshippingnews.com/the-eu-has-a-playbook-to-de-risk-from-china-is-it-working/,,The EU has a playbook to de - risk from China . Is it working ? | Hellenic Shipping News Worldwide,2024-10-06,,hellenicshippingnews.com,English,China,2,2,eu_context,NO,-1,"[""NO"", ""NO"", ""NO""]","[""EU\u2019s de-risking from China may indirectly affect shipping emissions, but no direct link to EU ETS pricing is evident."", ""EU\u2019s de-risking from China is unlikely to directly impact short-term EU ETS prices."", ""EU\u2019s de-risking from China may indirectly affect shipping emissions, but not a direct driver of EU ETS price.""]",3,1.0,-0.3,-0.3,"[3, 3, 3]"
6467,https://www.sej.org/headlines/exported-gas-produces-far-worse-emissions-coal-major-study-finds,,"  Exported Gas Produces Far Worse Emissions Than Coal , Major Study Finds  ",2024-10-08,,sej.org,English,United States,2,3,carbon_terms=2;energy_driver,NO,-1,"[""NO"", ""NO"", ""YES""]","[""EU ETS may face pressure to adjust pricing due to revised emissions benchmarks for gas exports versus coal."", ""Shifts emissions accounting focus toward gas exports, potentially increasing EU ETS compliance pressure on gas producers."", ""EU ETS may see upward pressure as industries face stricter emissions benchmarks due to comparative emissions intensity of exported gas vs. coal.""]",6,0.6666666666666666,-0.6,-0.3999999999999999,"[7, 6, 7]"
6473,https://www.biofuelsdigest.com/bdigest/marine-fuel-additives-bridge-the-gap-to-green-fuels-cutting-emissions/,,"Marine fuel additives bridge the gap to green fuels , cutting emissions : The Daily Digest",2024-10-10,,biofuelsdigest.com,English,United States,1,2,carbon_terms=2,YES,1,"[""YES"", ""YES"", ""YES""]","[""Marine fuel additives may reduce emissions, potentially lowering regulatory pressure and influencing ETS compliance costs."", ""Marine fuel additives may reduce emissions and influence regulatory pressure, potentially supporting EU ETS prices in the short term."", ""Marine fuel additives may reduce emissions, potentially lowering demand for carbon-intensive fuels and influencing EU ETS pricing.""]",7,1.0,0.7,0.7,"[7, 7, 7]"
6479,https://www.desmog.com/2024/10/12/europes-blue-hydrogen-plans-risk-generating-annual-emissions-on-par-with-denmark/,,Europe Blue Hydrogen Plans Risk Generating Annual Emissions on par With Denmark,2024-10-13,https://www.desmog.com/wp-content/uploads/2024/10/Blue-Hydrogen-Pilot-Air-Liquide-Port-Jerome-Normandie-December-2023-Aline-Nippert-5-scaled.jpg,desmog.com,English,,2,4,eu_context;carbon_terms=2,NO,-1,"[""NO"", ""NO"", ""NO""]","[""Blue hydrogen projects may offset emissions but could still generate significant CO2 if not fully decarbonized, impacting EU ETS compliance and pricing."", ""Blue hydrogen projects may offset emissions but could still generate significant CO\u2082 if not fully decarbonized, impacting EU ETS compliance."", ""Blue hydrogen projects may offset emissions but risk creating new carbon-intensive infrastructure if not properly regulated.""]",6,1.0,-0.6,-0.6,"[6, 6, 6]"
6485,https://www.pv-magazine.com/2024/10/15/wind-production-drives-european-electricity-prices-down/,,Wind production drives European electricity prices down,2024-10-15,https://www.pv-magazine.com/wp-content/uploads/2024/10/20241014-AleaSoft-European-electricity-market-prices-1200x836.png,pv-magazine.com,English,United States,2,4,eu_context;carbon_terms=1;energy_driver,NO,-1,"[""NO"", ""NO"", ""NO""]","[""Wind production reduces supply costs, potentially lowering prices, but market dynamics and demand can offset this effect."", ""Wind production reduces generation costs, potentially lowering prices, but short-term ETS price is more influenced by policy and carbon intensity than spot electricity prices."", ""Wind production reducing electricity prices may signal lower ETS compliance costs but doesn\u2019t directly drive ETS prices.""]",5,1.0,-0.5,-0.5,"[5, 5, 5]"
6491,https://www.kopsource.com/2024/10/17/kraneshares-european-carbon-allowance-strategy-etf-nysearcakeua-stock-price-up-1-3-still-a-buy.html,,KraneShares European Carbon Allowance Strategy ETF ( NYSEARCA : KEUA ) Stock Price Up 1 . 3 % – Still a Buy ? ,2024-10-17,,kopsource.com,English,United Kingdom,1,11,eu_ets_strong;eu_context;carbon_terms=3,NO,-1,"[""NO"", ""NO"", ""NO""]","[""ETF price movement is a short-term noise, not a signal for EU ETS fundamentals."", ""ETF price movement is a short-term noise, not a signal for EU ETS fundamental direction."", ""ETF price movement is a short-term noise, not a signal for long-term EU ETS direction.""]",3,1.0,-0.3,-0.3,"[3, 3, 3]"
6497,https://www.namibian.com.na/namibia-needs-to-prepare-for-carbon-border-adjustments/,,Namibia Needs to Prepare for Carbon Border Adjustments,2024-10-19,https://d4f7y6nbupj5z.cloudfront.net/wp-content/uploads/2024/06/Suzie-Shefeni-1.jpg,namibian.com.na,English,Namibia,1,7,eu_ets_strong;carbon_terms=1,NO,-1,"[""NO"", ""NO"", ""NO""]","[""EU ETS price unlikely to be directly affected by Namibia\u2019s border adjustment prep, as it\u2019s a small economy with minimal emissions and no direct ETS linkage."", ""EU ETS price unlikely to be directly affected by Namibia\u2019s border adjustments due to its small market size and limited trading influence."", ""EU ETS price not directly affected by Namibia\u2019s border adjustment prep, as it\u2019s a non-EU country.""]",3,1.0,-0.3,-0.3,"[3, 3, 3]"
6503,https://www.politico.eu/article/boris-johnson-europe-nature-restoration-biodiversity-united-kingdom/,,What Boris Johnson can teach the EU about restoring nature,2024-10-28,"https://www.politico.eu/cdn-cgi/image/width=1200,height=630,fit=crop,quality=80,onerror=redirect/wp-content/uploads/2024/10/16/GettyImages-1236291774-scaled.jpg",politico.eu,English,United States,1,2,eu_context,NO,-1,"[""NO"", ""NO"", ""NO""]","[""Nature restoration initiatives may indirectly influence carbon pricing via emissions reduction, but no direct link to EU ETS short-term price movement."", ""Nature restoration initiatives may indirectly influence carbon markets via emissions reductions, but no direct link to EU ETS pricing is evident."", ""Nature restoration initiatives may indirectly affect carbon pricing via regulatory or compliance adjustments, but no direct link to EU ETS price movement is evident.""]",2,1.0,-0.2,-0.2,"[2, 2, 2]"
6509,https://www.thehindubusinessline.com/economy/eepc-urges-govt-to-mandate-carbon-emissions-disclosure-for-steel-producers/article68825547.ece,https://www.thehindubusinessline.com/economy/eepc-urges-govt-to-mandate-carbon-emissions-disclosure-for-steel-producers/article68825547.ece/amp/,EEPC urges govt to mandate carbon emissions disclosure for steel producers,2024-11-03,https://bl-i.thgim.com/public/incoming/ycuv6f/article68826011.ece/alternates/LANDSCAPE_1200/IMG_IMG_PO30_Steel_rolls_2_1_PC9S9FN3.jpg,thehindubusinessline.com,English,India,1,3,carbon_terms=3,YES,1,"[""YES"", ""YES"", ""YES""]","[""Mandating disclosure may increase transparency and pressure on steel producers, potentially influencing carbon pricing dynamics."", ""Mandating disclosure may increase transparency and pressure, potentially boosting ETS prices through enhanced compliance costs."", ""Mandating disclosure may increase transparency and pressure on emitters, potentially influencing market sentiment and compliance costs.""]",7,1.0,0.7,0.7,"[7, 7, 7]"
6515,https://www.eureporter.co/environment/co2-emissions/2024/11/06/eu-greenhouse-gas-emissions-fell-by-over-8-in-2023-driven-by-impressive-growth-in-renewable-energy/,,"EU greenhouse gas emissions fell by over 8 % in 2023 , driven by impressive growth in renewable energy",2024-11-06,https://www.eureporter.co/wp-content/uploads/2022/07/Emissions.jpg,eureporter.co,English,United Kingdom,1,5,eu_context;carbon_terms=2;energy_driver,YES,1,"[""YES"", ""YES"", ""YES""]","[""Renewable energy growth likely supports long-term ETS price stability but may dampen short-term volatility due to lower emissions."", ""Renewable energy growth suggests continued downward pressure on emissions, potentially supporting lower ETS prices."", ""Renewable energy growth suggests continued downward pressure on emissions, potentially supporting lower EU ETS prices.""]",7,1.0,0.7,0.7,"[7, 7, 7]"
6521,https://en.vietnamplus.vn/flexible-solutions-crucial-to-develop-carbon-credit-market-experts-post301593.vnp,,Flexible solutions crucial to develop carbon credit market : experts,2024-11-09,https://imagev3-lang.vietnamplus.vn/1200x630/Uploaded/2024/kg1/2024_11_07/phattrienrung-7119.jpg.webp,en.vietnamplus.vn,English,Vietnam,1,2,carbon_terms=2,YES,1,"[""YES"", ""YES"", ""YES""]","[""Flexible solutions signal regulatory adaptation that may boost market confidence and volume."", ""Flexible solutions can enable market development, potentially boosting ETS prices through increased credit volume and liquidity."", ""Flexible solutions may enable market expansion and increase credit issuance, supporting price stability.""]",7,1.0,0.7,0.7,"[7, 7, 7]"
6527,https://www.euractiv.com/section/politics/opinion/the-brief-german-greens-i-am-at-the-airport-myself-strategy-fails/,,The Brief – German Green  I am at the airport myself  strategy fails – Euractiv,2024-11-15,https://www.euractiv.com/wp-content/uploads/sites/2/2024/11/The-Brief-web-version-15-11-2024-800x450.png,euractiv.com,English,United Kingdom,1,2,eu_context,NO,-1,"[""NO"", ""NO"", ""NO""]","[""German policy shift may dampen ETS demand but short-term volatility is more likely than sustained direction."", ""German policy shift may dampen ETS demand, but short-term price impact is uncertain."", ""German policy shift may dampen ETS demand short-term but lacks clear data to confirm impact.""]",5,1.0,-0.5,-0.5,"[6, 5, 5]"
6533,https://maritime-executive.com/article/eu-operators-brace-for-cost-and-complexity-of-fueleu-carbon-regs,,EU Operators Brace for Cost and Complexity of FuelEU Carbon Regs,2024-11-20,https://maritime-executive.com/media/images/article/Photos/Pollution_Spills/iStock-container-ship-exhaust-smoke-emissions.eb2c77.jpg,maritime-executive.com,English,United States,1,3,eu_context;carbon_terms=1,YES,1,"[""YES"", ""YES"", ""YES""]","[""FuelEU regulations add compliance costs and complexity, likely pressuring EU ETS prices upward."", ""FuelEU regulations add compliance costs and complexity, likely pressuring EU ETS prices upward."", ""FuelEU regulations add direct compliance costs and complexity, likely pressuring EU ETS prices upward.""]",7,1.0,0.7,0.7,"[7, 7, 7]"
6539,https://www.dw.com/en/carbon-emissions-hit-high-as-climate-action-stagnates/a-70772029,https://amp.dw.com/en/carbon-emissions-hit-high-as-climate-action-stagnates/a-70772029,Carbon emissions hit high as climate action stagnates – DW – 11 / 14 / 2024,2024-11-22,https://static.dw.com/image/68461726_6.jpg,dw.com,English,Germany,2,3,carbon_terms=3,NO,-1,"[""NO"", ""NO"", ""NO""]","[""Stagnant climate action likely to keep emissions high, supporting price pressure in EU ETS."", ""Stagnant climate action likely keeps emissions high, supporting continued demand for carbon credits."", ""Stagnant climate action likely keeps emissions high, supporting demand for carbon credits in EU ETS.""]",6,1.0,-0.6,-0.6,"[6, 6, 6]"
6545,https://www.insidermonkey.com/blog/amazon-com-inc-amzn-faces-potential-eu-antitrust-investigation-over-marketplace-practices-could-face-hefty-fines-1396224/,https://www.insidermonkey.com/blog/amazon-com-inc-amzn-faces-potential-eu-antitrust-investigation-over-marketplace-practices-could-face-hefty-fines-1396224/?amp=1,"Amazon . com , Inc . ( AMZN ) Faces Potential EU Antitrust Investigation Over Marketplace Practices , Could Face Hefty Fines",2024-11-24,https://d2gr5kl7dt2z3t.cloudfront.net/blog/wp-content/uploads/2023/09/19152853/AMZN-insidermonkey-1695151731080.jpg,insidermonkey.com,English,United States,2,3,eu_context;carbon_terms=1,NO,-1,"[""NO"", ""NO"", ""NO""]","[""EU antitrust investigation may trigger regulatory scrutiny but has minimal direct impact on EU ETS pricing."", ""EU antitrust investigation may indirectly affect Amazon\u2019s global pricing strategy but has limited direct impact on EU ETS price."", ""EU antitrust investigation may indirectly affect Amazon\u2019s global pricing strategy, but direct impact on EU ETS prices is minimal.""]",3,1.0,-0.3,-0.3,"[3, 3, 3]"
6551,https://www.marketscreener.com/quote/stock/INTERCONTINENTAL-EXCHANGE-14931198/news/Worldscale-Adopts-ICE-s-Benchmark-EUA-Carbon-Pricing-for-its-Tanker-Freight-Rates-48465161/,,Worldscale Adopts ICE Benchmark EUA Carbon Pricing for its Tanker Freight Rates,2024-11-26,https://www.marketscreener.com/images/twitter_MS_fdnoir.png,marketscreener.com,English,,1,9,eu_ets_strong;eu_context;carbon_terms=1,YES,1,"[""YES"", ""YES"", ""YES""]","[""ICE benchmark adoption may influence trader behavior and pricing expectations, potentially boosting EUA demand."", ""ICE benchmark adoption may influence market expectations and liquidity in EU ETS-linked freight pricing."", ""ICE benchmark adoption may influence trader expectations and pricing behavior in tanker freight, indirectly affecting EU ETS demand.""]",7,1.0,0.7,0.7,"[7, 7, 6]"
6557,https://www.hellenicshippingnews.com/worldscale-adopts-ices-benchmark-eua-carbon-pricing-for-its-tanker-freight-rates/,,Worldscale Adopts ICE Benchmark EUA Carbon Pricing for its Tanker Freight Rates,2024-11-28,,hellenicshippingnews.com,English,China,1,9,eu_ets_strong;eu_context;carbon_terms=1,YES,1,"[""YES"", ""YES"", ""YES""]","[""ICE benchmark adoption may influence trader behavior and pricing expectations, potentially boosting EUA demand."", ""ICE benchmark adoption may influence market expectations and liquidity in EU ETS-linked freight pricing."", ""ICE benchmark adoption may influence trader expectations and pricing behavior in tanker freight, indirectly affecting EU ETS demand.""]",7,1.0,0.7,0.7,"[7, 7, 6]"
6563,https://eturbonews.com/us-eu-trade-war-emissions-plan-airlines/,,US - EU Trade war : Emissions plan for airlines,2024-12-01,,eturbonews.com,English,United States,1,4,eu_context;carbon_terms=2,NO,-1,"[""NO"", ""NO"", ""NO""]","[""EU ETS emissions caps may tighten if US pressures lead to stricter aviation standards, impacting airline costs and pricing."", ""EU ETS emissions caps may tighten due to airline emissions plans, potentially pressuring prices short-term."", ""EU ETS may face regulatory pressure from US trade tensions, potentially affecting airline emissions compliance.""]",6,1.0,-0.6,-0.6,"[6, 6, 6]"
6569,https://article.wn.com/view/2024/12/03/EU_Commission_commits_46_billion_to_support_cleantech_projec/,,EU Commission commits 4 . 6 billion to support cleantech projects,2024-12-04,,article.wn.com,English,United States,1,2,eu_context,YES,1,"[""YES"", ""YES"", ""YES""]","[""Cleantech funding can boost emissions reductions and potentially tighten EU ETS supply-demand balance."", ""Cleantech funding boosts demand for carbon credits, potentially lifting EU ETS prices short-term."", ""Cleantech funding can boost emissions reductions, potentially increasing ETS demand and prices.""]",6,1.0,0.6,0.6,"[6, 6, 6]"
6575,https://eturbonews.com/ata-us-industry-economy-will-lose-billions-due-eu-ets/,,"ATA : US industry , economy will lose billions due to EU ETS",2024-12-07,,eturbonews.com,English,United States,1,8,eu_ets_strong;eu_context,NO,-1,"[""NO"", ""NO"", ""NO""]","[""EU ETS penalties may pressure US exporters but short-term price impact is uncertain without direct market linkage."", ""EU ETS penalties may pressure US industries, but short-term price impact is uncertain without policy alignment or trade response."", ""EU ETS penalties may pressure US industries but short-term price impact is uncertain without direct trade or regulatory alignment.""]",6,1.0,-0.6,-0.6,"[6, 7, 6]"
6581,https://frontline.thehindu.com/environment/climate-change-carbon-credits-emissions-mitigation-developing-nations-paris-agreement-cop-29-climate-colonialism/article68968417.ece,https://frontline.thehindu.com/environment/climate-change-carbon-credits-emissions-mitigation-developing-nations-paris-agreement-cop-29-climate-colonialism/article68968417.ece/amp/,How Carbon Markets are Exploiting Marginalised Communities in the Global South Instead of Uplifting them,2024-12-10,https://fl-i.thgim.com/public/society/vj1c0m/article68968437.ece/alternates/LANDSCAPE_1200/Carbon%20credits%20Artwork.jpg,frontline.thehindu.com,English,India,1,2,carbon_terms=2,NO,-1,"[""NO"", ""NO"", ""NO""]","[""May signal regulatory or social pressure that could affect carbon pricing dynamics in the EU ETS."", ""May signal regulatory or social pressure that could indirectly affect ETS pricing via carbon policy shifts."", ""Highlights social equity concerns that may trigger policy reforms affecting carbon pricing mechanisms.""]",3,1.0,-0.3,-0.3,"[3, 3, 3]"
6587,https://www.fibre2fashion.com/news/textile-news/european-central-bank-cuts-key-interest-rates-for-4th-time-in-2024-299628-newsdetails.htm,https://www.fibre2fashion.com/news/textile-news/european-central-bank-cuts-key-interest-rates-for-4th-time-in-2024-299628-newsdetails.htm?amp=true,European Central Bank cuts key interest rates for 4th time in 2024,2024-12-13,https://static.fibre2fashion.com/Newsresource/images/299/adobestock-1042829707_311216.jpeg,fibre2fashion.com,English,India,1,2,eu_context,NO,-1,"[""NO"", ""NO"", ""NO""]","[""Lower rates may reduce borrowing costs and stimulate economic activity, potentially increasing emissions and ETS demand, but the effect is likely muted in the short term."", ""Lower rates may reduce borrowing costs but don\u2019t directly affect carbon pricing mechanisms or ETS demand."", ""Lower rates may reduce borrowing costs but unlikely to directly drive EU ETS prices up due to carbon pricing being primarily policy-driven.""]",5,1.0,-0.5,-0.5,"[6, 5, 5]"
6593,https://eturbonews.com/eu-airlines-clean-or-pay/,,EU to airlines : Clean up or pay up,2024-12-18,,eturbonews.com,English,United States,1,2,eu_context,YES,1,"[""YES"", ""YES"", ""YES""]","[""Regulatory pressure on airlines to reduce emissions or pay carbon costs could drive up compliance costs and boost ETS demand."", ""Regulatory pressure on airlines to reduce emissions or pay carbon costs could drive up compliance demand and push EU ETS prices higher."", ""Regulatory pressure on airlines to reduce emissions or pay carbon costs could drive up compliance costs and boost ETS demand.""]",7,1.0,0.7,0.7,"[7, 7, 7]"
6599,https://gcaptain.com/imminent-eu-climate-rule-for-ships-is-set-to-add-to-fuel-bills/,,Imminent EU Climate Rule for Ships Is Set to Add to Fuel Bills,2024-12-20,https://gcaptain.com/wp-content/uploads/2024/11/msc_tokyo_hhm-ahmadi-01-scaled.jpg,gcaptain.com,English,United States,1,2,eu_context,YES,1,"[""YES"", ""YES"", ""YES""]","[""Shipping emissions will likely increase EU ETS compliance costs for maritime operators, boosting fuel demand and prices."", ""Shipping emissions compliance will likely increase demand for carbon credits and push EU ETS prices higher."", ""Shipping emissions compliance will likely increase demand for carbon credits and push EU ETS prices higher.""]",7,1.0,0.7,0.7,"[7, 7, 7]"
6605,https://menafn.com/1109021290/Qatar-To-Stop-EU-Gas-Shipments-If-Penalties-Imposed-Under-Due-Diligence-Directive,,Qatar To  Stop  EU Gas Shipments If Penalties Imposed Under Due Diligence Directive,2024-12-22,https://menafn.com/updates/pr/2024-12/22/TP_824adimage_story.jpg,menafn.com,English,Qatar,2,3,eu_context;energy_driver,NO,-1,"[""NO"", ""NO"", ""NO""]","[""Potential disruption in gas supply could affect EU energy costs and carbon intensity, but not immediate ETS price movement."", ""Qatar\u2019s potential halt of EU gas shipments could disrupt supply chains and affect EU ETS compliance costs, but the impact is speculative and indirect."", ""Potential disruption to EU gas supply could trigger policy responses or market volatility in carbon markets.""]",6,1.0,-0.6,-0.6,"[6, 6, 6]"
6611,https://allafrica.com/stories/202412240449.html,,Africa : EU Climate Rule - The Pros and Cons,2024-12-24,,allafrica.com,English,Nigeria,1,2,eu_context,NO,-1,"[""NO"", ""NO"", ""NO""]","[""EU ETS policy changes are unlikely to directly affect African markets or carbon pricing, as Africa is not a major ETS participant."", ""EU ETS rules may indirectly affect African emissions, but direct price impact is minimal."", ""EU ETS rules may indirectly affect African emissions, but direct price impact is unlikely without binding compliance measures.""]",3,1.0,-0.3,-0.3,"[3, 3, 3]"
6617,https://www.afar.com/magazine/why-the-msc-world-europa-cruise-ship-is-great-for-families,,Why the MSC  World Europa  Cruise Ship Is Great for Families,2024-12-26,https://k3-prod-afar-media.s3.us-west-2.amazonaws.com/brightspot/b3/b1/fd629fca43889c11b391f04cef59/soaking-up-the-views.jpeg,afar.com,English,United States,2,2,eu_context,NO,-1,"[""NO"", ""NO"", ""NO""]","[""Cruise ship emissions are minor compared to global emissions, unlikely to materially affect EU ETS pricing."", ""Cruise ship emissions are negligible compared to aviation or heavy industry, and this headline has no direct bearing on EU ETS pricing."", ""Cruise ship emissions are negligible in global carbon markets and unrelated to EU ETS price movements.""]",1,1.0,-0.1,-0.1,"[1, 1, 1]"
6623,https://www.manitobacooperator.ca/news-opinion/news/measuring-farm-emissions-from-the-sky/,,Measuring farm emissions from the sky - Manitoba Co - operator,2024-12-28,https://static.manitobacooperator.ca/wp-content/uploads/2024/12/19162027/62646_web1_henrique-carvalho-july-2024-at-department-of-soil-science-building-U-of-M-dn.jpg,manitobacooperator.ca,English,Canada,2,2,carbon_terms=2,NO,-1,"[""NO"", ""NO"", ""NO""]","[""Farm emissions measurement by aerial methods is niche and unlikely to materially affect EU ETS pricing."", ""Farm emissions measurement by aerial methods is unlikely to directly affect EU ETS pricing, though it may influence future policy."", ""Limited direct impact on EU ETS due to geographic and sectoral disconnect.""]",2,1.0,-0.2,-0.2,"[2, 2, 2]"
6629,https://www.padovanews.it/2024/12/31/europe-agrivoltaics-market-report-2023-2033-reduced-emissions-through-improved-farm-electrification-and-increased-government-initiatives-to-boost-rd-fuel-opportunities/,,"Europe Agrivoltaics Market Report 2023 - 2033 : Reduced Emissions through Improved Farm Electrification , and Increased Government Initiatives to Boost R & D Fuel Opportunities – Padovanews",2024-12-31,,padovanews.it,English,Italy,2,5,eu_context;carbon_terms=3,YES,1,"[""YES"", ""YES"", ""YES""]","[""Agrivoltaics could reduce emissions and attract R&D funding, potentially boosting EU ETS demand."", ""Agrivoltaics expansion could lower emissions and increase EU ETS demand via enhanced electrification and R&D incentives."", ""Agrivoltaics could reduce emissions and boost EU ETS demand via electrification and R&D incentives.""]",7,1.0,0.7,0.7,"[7, 7, 7]"
6635,https://www.hellenicshippingnews.com/fueleu-maritime-vessels-emissions-and-scope/,,"FuelEU Maritime : Vessels , emissions and scope | Hellenic Shipping News Worldwide",2025-01-02,,hellenicshippingnews.com,English,China,1,4,eu_context;carbon_terms=2,NO,-1,"[""NO"", ""NO"", ""NO""]","[""FuelEU Maritime introduces new compliance obligations for maritime emissions, potentially increasing demand for carbon credits and impacting EU ETS prices indirectly."", ""FuelEU Maritime introduces new emissions compliance for maritime transport, which may indirectly affect EU ETS pricing via cross-sectoral carbon pricing alignment."", ""FuelEU Maritime introduces new emissions compliance for maritime transport, which may indirectly affect EU ETS pricing via increased demand for carbon credits in shipping.""]",3,1.0,-0.3,-0.3,"[3, 3, 3]"
6641,https://news.sky.com/story/could-this-be-the-future-of-farming-inside-europes-biggest-vertical-farm-13283662,https://news.sky.com/story/amp/could-this-be-the-future-of-farming-inside-europes-biggest-vertical-farm-13283662,Could this be the future of farming ? Inside Europe biggest vertical farm,2025-01-05,https://e3.365dm.com/25/01/1600x900/skynews-farm-2-ed-conway-vertical-farm_6791246.jpg,news.sky.com,English,United Kingdom,2,2,eu_context,NO,-1,"[""NO"", ""NO"", ""NO""]","[""Vertical farming may reduce land use but doesn\u2019t directly impact EU ETS price volatility."", ""Vertical farming may reduce land use but doesn\u2019t directly impact EU ETS price volatility."", ""Vertical farming may reduce land use but doesn\u2019t directly impact EU ETS price volatility.""]",3,1.0,-0.3,-0.3,"[3, 3, 3]"
6647,https://eturbonews.com/airlines-america-calls-us-government-block-eu-ets/,,Airlines for America calls on US government to block EU ETS,2025-01-07,,eturbonews.com,English,United States,1,8,eu_ets_strong;eu_context,NO,-1,"[""NO"", ""NO"", ""NO""]","[""Potential regulatory clash could trigger market uncertainty and affect EU ETS pricing via investor sentiment."", ""Potential regulatory clash could trigger market uncertainty and affect EU ETS volatility."", ""EU ETS expansion could trigger retaliatory measures or carbon pricing divergence, impacting global airline valuations and hedging strategies.""]",7,1.0,-0.7,-0.7,"[7, 6, 7]"
6653,https://www.ecb.europa.eu/press/economic-bulletin/focus/2025/html/ecb.ebbox202408_02~55e30afb57.en.html,,The effects of the Emissions Trading System on European investment in the short run,2025-01-09,,ecb.europa.eu,English,Greece,1,11,eu_ets_strong;eu_context;carbon_terms=3,NO,-1,"[""NO"", ""NO"", ""NO""]","[""Short-term price volatility may occur due to uncertainty in investment flows, but no clear directional signal is evident."", ""Short-term price impact is likely muted as market adjustments lag behind policy announcements."", ""Short-term price volatility may arise from uncertainty in investment flows, but no direct causal link to price direction is evident.""]",3,1.0,-0.3,-0.3,"[5, 3, 3]"
6659,https://eturbonews.com/eu-lawmakers-approve-deal-airline-co2-emissions/,,EU lawmakers approve deal on airline CO2 emissions,2025-01-11,,eturbonews.com,English,United States,2,4,eu_context;carbon_terms=2,YES,1,"[""YES"", ""YES"", ""YES""]","[""Airline emissions cap adjustments can directly influence EU ETS pricing due to sector-specific compliance obligations."", ""Airline emissions cap adjustments could trigger immediate market reactions in EU ETS."", ""Airline emissions are a major sector in the EU ETS, so legislative approval could boost compliance and pricing.""]",7,1.0,0.7,0.7,"[7, 7, 7]"
6665,https://www.rte.ie/news/environment/2025/0113/1490618-flights-emissions/,https://amp.rte.ie/amp/1490618/ ,EU airport plans  incompatible  with climate targets,2025-01-13,https://img.rasset.ie/002069fc-1600.jpg,rte.ie,English,Ireland,1,2,eu_context,NO,-1,"[""NO"", ""NO"", ""NO""]","[""Airport expansion plans risk undermining EU ETS compliance and could trigger higher carbon pricing."", ""Airport emissions are a significant source of carbon, and incompatibility with climate targets may trigger regulatory pressure or pricing adjustments."", ""Airport expansion plans risk increasing emissions, potentially pressuring ETS prices as regulators enforce compliance.""]",7,1.0,-0.7,-0.7,"[7, 7, 7]"
6671,https://eturbonews.com/airline-chiefs-eu-leaders-stop-ets-trade-conflict/,,Airline chiefs to EU leaders : Stop ETS trade conflict,2025-01-15,,eturbonews.com,English,United States,1,2,eu_context,NO,-1,"[""NO"", ""NO"", ""NO""]","[""Potential policy shift could reduce market friction and stabilize prices."", ""EU leaders may be pressured to resolve trade disputes, potentially stabilizing or lowering ETS prices."", ""EU leaders may intervene to de-escalate trade tensions, potentially stabilizing or lowering ETS prices.""]",7,1.0,-0.7,-0.7,"[7, 7, 7]"
6677,http://www.hydrocarbonprocessing.com/news/2025/01/indonesia-expects-eu-to-adjust-palm-oil-biofuel-stance-after-eu-ruling/,,Indonesia expects EU to adjust palm oil biofuel stance after EU ruling,2025-01-17,,hydrocarbonprocessing.com,English,United States,2,3,eu_context;energy_driver,NO,-1,"[""NO"", ""NO"", ""NO""]","[""EU biofuel policy shifts may indirectly affect palm oil demand, but direct ETS price impact is uncertain."", ""EU biofuel policy shift could affect palm oil imports and thus indirectly influence carbon market demand."", ""EU\u2019s biofuel policy shift could indirectly affect palm oil trade flows and carbon intensity metrics, impacting ETS compliance costs.""]",5,1.0,-0.5,-0.5,"[5, 5, 5]"
6683,https://www.vol.at/greenhouse-gas-emissions-in-austria-decreased/9170695,,Greenhouse Gas Emissions in Austria Decreased,2025-01-21,,vol.at,English,Austria,1,3,carbon_terms=2;energy_driver,NO,-1,"[""NO"", ""NO"", ""NO""]","[""Lower emissions may signal reduced compliance costs, but Austria\u2019s ETS participation is modest and unlikely to significantly shift EU-wide prices."", ""Lower emissions may signal reduced compliance costs, but Austria\u2019s ETS participation is modest and not a major driver of EU-wide price trends."", ""Lower emissions may signal reduced compliance costs, but Austria\u2019s small market weight and policy inertia limit immediate ETS price impact.""]",3,1.0,-0.3,-0.3,"[3, 4, 3]"
6689,https://www.hellenicshippingnews.com/europe-gas-prices-largely-stable-amid-warmer-windier-weather/,,"Europe Gas : Prices largely stable amid warmer , windier weather | Hellenic Shipping News Worldwide",2025-01-23,,hellenicshippingnews.com,English,China,2,4,eu_context;carbon_terms=1;energy_driver,NO,-1,"[""NO"", ""NO"", ""NO""]","[""Stable gas prices suggest reduced demand pressure, which may slightly depress EU ETS prices due to lower industrial energy intensity."", ""Mild weather and wind patterns may reduce gas demand, but EU ETS is driven by policy and emissions, not short-term gas prices."", ""Mild weather and wind patterns may reduce gas demand, but EU ETS is driven by policy, not spot gas prices.""]",3,1.0,-0.3,-0.3,"[3, 3, 3]"
6695,https://militaryembedded.com/unmanned/payloads/camcopter-s-100-drones-contracted-for-european-maritime-operations,,CAMCOPTER S - 100 drones contracted for European maritime operations,2025-01-25,https://data.militaryembedded.com/uploads/resize/1256/756/external/data.militaryembedded.com/uploads/articles/primary_images/1737759917.jpg,militaryembedded.com,English,,2,2,eu_context,NO,-1,"[""NO"", ""NO"", ""NO""]","[""Drones for maritime ops may hint at efficiency gains but lack direct carbon trading linkage to EU ETS."", ""Drones for maritime ops may hint at efficiency gains but lack direct carbon trading relevance."", ""Drones for maritime ops may hint at efficiency gains but lack direct carbon trading linkage.""]",2,1.0,-0.2,-0.2,"[2, 2, 2]"
6701,https://economictimes.indiatimes.com/small-biz/trade/exports/insights/how-eus-carbon-border-tax-presents-a-unique-challenge-to-india/articleshow/117591586.cms,https://m.economictimes.com/small-biz/trade/exports/insights/how-eus-carbon-border-tax-presents-a-unique-challenge-to-india/amp_articleshow/117591586.cms,How EU carbon border tax presents a unique challenge to India,2025-01-27,"https://img.etimg.com/thumb/msid-117591979,width-1200,height-630,imgsize-7868,overlay-etrise/articleshow.jpg",economictimes.indiatimes.com,English,India,2,3,eu_context;carbon_terms=1,NO,-1,"[""NO"", ""NO"", ""NO""]","[""India\u2019s carbon border tax exposure is indirect and not yet material to EU ETS pricing."", ""EU CBAM\u2019s impact on India is indirect and long-term, not a short-term ETS price driver."", ""India\u2019s carbon border tax exposure is indirect and long-term, with immediate price impact unlikely.""]",5,1.0,-0.5,-0.5,"[5, 5, 5]"
6707,https://carbon-pulse.com/362659/,,Investigation reveals plastic producers lobbying for free EU ETS allowances « Carbon Pulse,2025-01-29,,carbon-pulse.com,English,China,1,11,eu_ets_strong;eu_context;carbon_terms=3,NO,-1,"[""NO"", ""NO"", ""NO""]","[""Lobbying for free allowances may reduce market pressure and signal policy uncertainty, potentially suppressing prices."", ""Lobbying for free allowances may distort market signals and reduce price pressure, potentially lowering short-term ETS prices."", ""Lobbying for free allowances may reduce market pressure and signal policy uncertainty, potentially suppressing prices short-term.""]",7,1.0,-0.7,-0.7,"[7, 7, 7]"
6713,https://economictimes.indiatimes.com/news/india/cbam-eudr-trade-protection-measures-in-garb-of-of-climate-environment-economic-survey/articleshow/117788558.cms,https://m.economictimes.com/news/india/cbam-eudr-trade-protection-measures-in-garb-of-of-climate-environment-economic-survey/amp_articleshow/117788558.cms,"CBAM , EUDR trade protection measures in garb of of climate , environment : Economic Survey",2025-01-31,"https://img.etimg.com/thumb/msid-117788493,width-1200,height-630,imgsize-7722,overlay-economictimes/articleshow.jpg",economictimes.indiatimes.com,English,India,2,8,eu_ets_strong;eu_context,NO,-1,"[""NO"", ""YES"", ""NO""]","[""CBAM and EUDR measures may pressure EU ETS prices via import tariffs and compliance costs, though long-term impacts are uncertain."", ""CBAM and EUDR measures may drive demand for EU ETS allowances as firms comply with carbon pricing obligations."", ""CBAM and EUDR measures may pressure EU ETS prices via trade-related compliance costs.""]",7,0.6666666666666666,-0.7,-0.4666666666666666,"[7, 7, 7]"
6719,https://www.dailymail.co.uk/news/article-14352819/Labour-betrayal-Keir-Starmer-Brexit-EU-net-zero.html,https://www.dailymail.co.uk/news/article-14352819/amp/Labour-betrayal-Keir-Starmer-Brexit-EU-net-zero.html,"Labour new betrayal : Struggling businesses will  pay the price  of Keir Starmer Brexit reset , experts warn - amid plans to lock united kingdom into EU net zero policy",2025-02-02,https://i.dailymail.co.uk/1s/2025/02/02/21/94781851-0-image-m-19_1738531899470.jpg,dailymail.co.uk,English,United Kingdom,1,3,eu_context;carbon_terms=1,NO,-1,"[""NO"", ""NO"", ""NO""]","[""EU net zero alignment risks triggering carbon price volatility via regulatory divergence."", ""EU net zero policy alignment may pressure UK emissions targets, potentially increasing carbon costs for firms under EU ETS."", ""EU net zero alignment risks triggering carbon price volatility via regulatory divergence and compliance costs for UK firms.""]",7,1.0,-0.7,-0.7,"[7, 7, 7]"
6725,https://carbon-pulse.com/364990/,,  Big deal  as scientists find most US methane emissions go undetected « Carbon Pulse,2025-02-04,,carbon-pulse.com,English,China,2,3,carbon_terms=3,NO,-1,"[""NO"", ""NO"", ""NO""]","[""Undetected methane emissions could boost future EU ETS compliance costs and regulatory pressure."", ""Undetected methane emissions could trigger regulatory pressure and carbon pricing adjustments in the EU ETS."", ""Undetected methane emissions could trigger stricter EU ETS compliance and higher carbon prices.""]",7,1.0,-0.7,-0.7,"[6, 7, 7]"
6731,https://www.moneycontrol.com/news/business/economy/us-tariff-war-and-eu-cbam-could-affect-10-of-global-trade-mc-analysis-12932637.html,https://www.moneycontrol.com/news/business/economy/us-tariff-war-and-eu-cbam-could-affect-10-of-global-trade-mc-analysis-12932637.html/amp,US tariff war and EU CBAM could affect 10 % of global trade,2025-02-06,https://images.moneycontrol.com/static-mcnews/2025/01/20250121040538_T.jpg,moneycontrol.com,English,India,2,8,eu_ets_strong;eu_context,YES,1,"[""YES"", ""NO"", ""YES""]","[""CBAM\u2019s enforcement pressure may drive EU ETS prices up as firms hedge against compliance costs."", ""CBAM\u2019s scope and enforcement could disrupt supply chains, indirectly pressuring EU ETS prices via increased compliance costs."", ""CBAM\u2019s global trade impact could pressure EU ETS prices via increased compliance costs and supply chain adjustments.""]",7,0.6666666666666666,0.7,0.4666666666666666,"[7, 6, 7]"
6737,https://www.singaporestar.com/news/275023730/insect-ingredient-cleared-eu-foods,,Insect - based ingredient cleared for EU foods,2025-02-08,https://image.chitra.live/api/v1/wps/039dbc5/6caa2722-df12-47e5-b000-ad806cd684b1/0/rtc1738757621-600x315.jpg,singaporestar.com,English,Singapore,2,2,eu_context,NO,-1,"[""NO"", ""NO"", ""NO""]","[""Insect-based ingredients may trigger minor regulatory or consumer sentiment shifts but do not directly impact EU ETS carbon pricing mechanics."", ""Insect-based ingredients are unlikely to directly impact EU ETS pricing as they are not a major carbon-emitting sector."", ""Insect-based ingredients may trigger minor regulatory or consumer sentiment shifts but not direct carbon pricing mechanics.""]",3,1.0,-0.3,-0.3,"[3, 2, 3]"
6743,https://www.hellenicshippingnews.com/europes-strong-gas-use-pace-may-wilt-as-coal-switching-kicks-in/,,Europe strong gas use pace may wilt as coal - switching kicks in | Hellenic Shipping News Worldwide,2025-02-10,,hellenicshippingnews.com,English,China,2,3,eu_context;energy_driver,NO,-1,"[""NO"", ""NO"", ""NO""]","[""Coal switching may reduce gas demand, but short-term ETS price volatility remains uncertain."", ""Coal switching could reduce gas demand, potentially easing pressure on EU ETS prices."", ""Coal switching could reduce gas demand, potentially easing pressure on EU ETS prices.""]",5,1.0,-0.5,-0.5,"[5, 5, 5]"
6749,https://shipandbunker.com/news/emea/865093-container-lines-double-emissions-surcharges-for-asia-europe-trade,,Container Lines Double Emissions Surcharges for Asia - Europe Trade,2025-02-12,https://shipandbunker.cdn.speedyrails.net/a/img/_mt_76f9d9b2d7ca8846df13ac827126ee9e.jpg,shipandbunker.com,English,Singapore,1,4,eu_context;carbon_terms=2,YES,1,"[""YES"", ""YES"", ""YES""]","[""Surcharges signal rising carbon costs, likely pressuring ETS prices upward."", ""Surcharges signal rising emissions costs, likely pressuring ETS prices upward."", ""Surcharges signal rising emissions costs, likely boosting EU ETS demand.""]",7,1.0,0.7,0.7,"[7, 7, 7]"
6755,https://www.naftemporiki.gr/english/1913529/shipping-environmental-fees-skyrocket-in-the-eu/,,Shipping : Environmental fees skyrocket in the EU,2025-02-14,https://www.naftemporiki.gr/wp-content/uploads/2023/11/containership.jpg,naftemporiki.gr,English,Greece,1,2,eu_context,YES,1,"[""YES"", ""YES"", ""YES""]","[""EU environmental fees for shipping directly increase emissions-related costs, likely boosting ETS compliance costs and driving upward pressure on prices."", ""Shipping emissions are a major EU ETS sector; higher environmental fees directly increase compliance costs and push prices upward."", ""EU environmental fees for shipping directly increase emissions-related costs, likely boosting ETS compliance costs and driving up prices.""]",8,1.0,0.8,0.8,"[8, 8, 8]"
6761,https://www.yahoo.com/news/scientists-understood-physics-climate-change-150353862.html,,Scientists understood physics of climate change in the 1800s – thanks to a woman named Eunice Foote,2025-02-16,https://s.yimg.com/ny/api/res/1.2/U4I1GC13GcIvOFqD94gRPA--/YXBwaWQ9aGlnaGxhbmRlcjt3PTEyMDA7aD01NzI-/https://media.zenfs.com/en/the_conversation_us_articles_815/97b5a7878259ac1c2b328eb03dedd784,yahoo.com,English,United States,2,2,eu_context,NO,-1,"[""NO"", ""NO"", ""NO""]","[""Historical scientific insight may inspire policy but has no direct market impact on EU ETS pricing."", ""Historical scientific insight may inspire policy reform but has negligible immediate impact on EU ETS price dynamics."", ""Historical scientific insight may inspire climate policy but has no direct short-term market impact on EU ETS prices.""]",1,1.0,-0.1,-0.1,"[1, 1, 1]"
6767,http://mitsloan.mit.edu/ideas-made-to-matter/what-business-needs-to-know-about-carbon-border-adjustments,,What business needs to know about carbon border adjustments,2025-02-19,http://mitsloan.mit.edu/sites/default/files/styles/og_image/public/2025-02/CBAM.jpg?d9e26e8&itok=P9heGNDn,mitsloan.mit.edu,English,United States,1,7,eu_ets_strong;carbon_terms=1,NO,-1,"[""NO"", ""NO"", ""NO""]","[""Carbon border adjustments may pressure export sectors but don\u2019t immediately shift EU ETS pricing fundamentals."", ""Carbon border adjustments may influence importers\u2019 compliance costs, but short-term EU ETS price impact is uncertain without policy implementation details."", ""Carbon border adjustments may increase compliance costs, potentially pressuring ETS prices in the short term.""]",5,1.0,-0.5,-0.5,"[5, 5, 6]"
6773,https://www.yahoo.com/news/eu-seeks-more-us-gas-050837222.html,,"EU seeks more US gas , renewable energy to replace Russian supplies",2025-02-21,https://media.zenfs.com/en/reuters-finance.com/126890ff64a384f800071a314d828b82,yahoo.com,English,United States,2,3,eu_context;energy_driver,NO,-1,"[""NO"", ""NO"", ""NO""]","[""EU\u2019s energy diversification efforts may pressure gas prices and renewables demand, but short-term ETS impact is uncertain."", ""EU's energy transition may reduce demand for Russian gas, potentially lowering ETS prices short-term."", ""EU\u2019s energy transition may reduce demand for Russian gas, potentially lowering ETS prices short-term.""]",6,1.0,-0.6,-0.6,"[6, 6, 6]"
6779,https://www.naturalgasworld.com/bridging-the-us-eu-trade-gap-with-us-lng-is-more-complex-than-it-sounds-gas-expert-insights-119115,,Bridging the US - EU Trade Gap with US LNG Is More Complex than It Sounds [ Gas Expert Insights ] ,2025-02-25,,naturalgasworld.com,English,Russia,2,3,eu_context;energy_driver,NO,-1,"[""NO"", ""NO"", ""NO""]","[""LNG trade dynamics may influence EU ETS prices indirectly via energy cost pressures but don\u2019t directly alter carbon pricing fundamentals."", ""LNG trade dynamics may influence EU energy prices but not directly the EU ETS price in the short term."", ""LNG trade dynamics may influence EU energy costs but not directly impact EU ETS price volatility.""]",3,1.0,-0.3,-0.3,"[3, 4, 3]"
6785,https://www.theepochtimes.com/world/eu-to-explore-overseas-lng-investments-to-slash-record-high-energy-prices-5817208,,EU to Explore Overseas LNG Investments to Slash Record High - Energy Prices,2025-02-27,https://img.theepochtimes.com/assets/uploads/2024/03/19/id5609950-LNG-tankerKO-1080x720.jpg,theepochtimes.com,English,United States,2,4,eu_context;carbon_terms=1;energy_driver,NO,-1,"[""NO"", ""NO"", ""NO""]","[""LNG imports could mitigate price pressures but may not directly impact EU ETS due to market dynamics and long-term contracts."", ""LNG investments may offset price pressures but won\u2019t immediately reverse EU ETS trends."", ""LNG investments may temporarily ease price pressure but won't resolve structural ETS overhang.""]",6,1.0,-0.6,-0.6,"[6, 5, 6]"
6791,https://www.moroccoworldnews.com/2025/02/177822/report-europes-extractivist-investments-in-morocco-deepen-environmental-harm/,,Report : Europe  Extractivist  Investments in Morocco Deepen Environmental Harm Report : Europe  Extractivist  Investments in Morocco Deepen Environmental Harm,2025-03-01,https://www.moroccoworldnews.com/wp-content/uploads/2025/02/morocco-seeks-more-citizens-contribution-to-reach-sustainable-development-goals-800x450-1.webp,moroccoworldnews.com,English,Morocco,2,2,eu_context,NO,-1,"[""NO"", ""NO"", ""NO""]","[""EU ETS prices may be pressured by carbon-intensive projects like Morocco\u2019s extractivism, triggering policy or market reactions."", ""EU ETS prices may be affected by carbon-intensive projects like those in Morocco, though direct link to ETS pricing is indirect."", ""EU ETS prices may be affected by carbon-intensive projects like those in Morocco, though direct linkage is indirect and speculative.""]",6,1.0,-0.6,-0.6,"[7, 6, 6]"
6797,https://www.eib.org/en/press/all/2025-119-ineratec-secures-eur70-million-financing-commitment-for-europe-s-largest-e-fuel-production-plant-in-frankfurt,,Germany : INERATEC secures €70 million financing commitment for Europe largest e - Fuel - production plant in Frankfurt,2025-03-05,https://www.eib.org/photos/rs/a851fa73-2055-4ed7-82e5-63e1e1cf6a63/largeprvw/image.jpg,eib.org,English,United Kingdom,1,2,eu_context,YES,1,"[""YES"", ""YES"", ""YES""]","[""Large-scale e-fuel production could increase demand for carbon credits, potentially uplifting EU ETS prices."", ""Large-scale e-fuel production could increase demand for carbon credits, supporting EU ETS prices."", ""Large-scale e-fuel production could increase demand for carbon credits, potentially boosting EU ETS prices.""]",7,1.0,0.7,0.7,"[7, 7, 7]"
6803,https://www.euractiv.com/section/eet/opinion/carbon-removals-the-key-to-a-more-competitive-eu/,,Carbon removals : the key to a more competitive EU,2025-03-10,https://www.euractiv.com/wp-content/uploads/sites/2/2025/03/D-1-800x450.jpg,euractiv.com,English,United Kingdom,1,3,eu_context;carbon_terms=1,NO,-1,"[""NO"", ""NO"", ""NO""]","[""Carbon removals could lower compliance costs and enhance competitiveness, but short-term ETS price direction is uncertain without policy clarity."", ""Carbon removals could lower emissions and potentially reduce EU ETS compliance costs, but their immediate impact on short-term prices is uncertain."", ""Carbon removals could lower compliance costs and enhance competitiveness, but current market dynamics and regulatory uncertainty limit immediate price impact.""]",6,1.0,-0.6,-0.6,"[6, 6, 6]"
6809,https://canadianinquirer.net/2025/03/15/how-canada-could-get-much-closer-to-europe/,,How Canada could get much closer to Europe,2025-03-15,https://canadianinquirer.net/wp-content/uploads/2025/03/europe-palace-5414751_1280-1000x600.jpg,canadianinquirer.net,English,Philippines,1,2,eu_context,NO,-1,"[""NO"", ""NO"", ""NO""]","[""Canada\u2019s closer alignment with EU ETS may influence pricing via trade flows but doesn\u2019t immediately alter short-term EU ETS dynamics."", ""Canada\u2019s closer alignment with EU ETS may influence prices via trade and policy spillovers, but short-term volatility is unlikely."", ""Canada\u2019s closer alignment with EU ETS may influence prices via trade and policy spillovers, but short-term volatility is unlikely.""]",5,1.0,-0.5,-0.5,"[5, 5, 5]"
6815,https://www.marinelink.com/news/report-eu-ets-not-circumvented-523706,,Report : EU ETS Not Being Circumvented,2025-03-20,https://images.marinelink.com/images/maritime/w800/source-european-158375.jpg,marinelink.com,English,United States,1,8,eu_ets_strong;eu_context,NO,-1,"[""NO"", ""NO"", ""NO""]","[""Reduced circumvention risk may lead to tighter compliance and higher trading volume, potentially stabilizing or slightly increasing prices."", ""EU ETS non-circumvention reporting may signal stricter enforcement, potentially increasing compliance costs and driving price upward."", ""Reduced circumvention efforts may signal tighter compliance, potentially boosting price due to increased scarcity.""]",7,1.0,-0.7,-0.7,"[6, 7, 7]"
6821,https://www.rte.ie/news/analysis-and-comment/2025/0322/1503392-eu-defence-spending-russia/,https://amp.rte.ie/amp/1503392/ ,EU defence : Paying the price of the Russian threat,2025-03-22,https://img.rasset.ie/00222145-1600.jpg,rte.ie,English,Ireland,2,3,eu_context;carbon_terms=1,NO,-1,"[""NO"", ""NO"", ""NO""]","[""Short-term EU ETS price unlikely to be materially affected by defence spending rhetoric."", ""EU defence spending may slightly boost ETS demand via increased industrial activity, but not a major driver."", ""EU defence spending may indirectly affect ETS prices via energy demand shifts, but no direct link is established.""]",3,1.0,-0.3,-0.3,"[3, 3, 3]"
6827,https://www.marketscreener.com/news/latest/EUROPE-POWER-Lower-gas-prices-weigh-on-German-front-year-contracts-49412765/,,EUROPE POWER - Lower gas prices weigh on German front - year contracts,2025-03-24,https://www.marketscreener.com/images/twitter_MS_fdblanc.png,marketscreener.com,English,,2,4,eu_context;carbon_terms=1;energy_driver,NO,-1,"[""NO"", ""NO"", ""NO""]","[""Lower gas prices reduce the need for expensive carbon-intensive alternatives, potentially easing pressure on EU ETS prices."", ""Lower gas prices reduce demand for carbon-intensive power, potentially easing pressure on EU ETS prices."", ""Lower gas prices reduce the incentive to buy expensive carbon credits, easing pressure on EU ETS prices.""]",5,1.0,-0.5,-0.5,"[5, 5, 5]"
6833,https://www.china-briefing.com/news/eu-cbam-sustainability-reporting-impact-chinese-companies/,,EU Eases CBAM & Sustainability Rules : Impact on Chinese Companies,2025-03-26,https://www.china-briefing.com/news/wp-content/uploads/2025/03/EU-Eases-CBAM-Sustainability-Reporting-Rules-ESG-Disclosure-Impact-on-Chinese-Companies.jpg,china-briefing.com,English,China,1,8,eu_ets_strong;eu_context,NO,-1,"[""NO"", ""NO"", ""NO""]","[""EU easing CBAM and sustainability rules may reduce compliance costs for Chinese firms, but short-term ETS price impact is uncertain due to global market sentiment and policy lag."", ""EU easing CBAM and sustainability rules may reduce compliance costs for Chinese firms, but short-term ETS price impact is uncertain due to global market dynamics."", ""EU\u2019s relaxed rules may reduce compliance costs for Chinese firms, but unlikely to significantly alter short-term ETS pricing.""]",5,1.0,-0.5,-0.5,"[3, 5, 5]"
6839,https://www.climatechangenews.com/2025/03/28/small-islands-fear-eu-betrayal-over-shipping-emissions-levy/,,Small islands fear EU betrayal over shipping emissions levy,2025-03-28,https://www.climatechangenews.com/wp-content/files/2025/02/China-ship_QINGDAO-PORT-scaled.jpg,climatechangenews.com,English,France,1,4,eu_context;carbon_terms=2,NO,-1,"[""NO"", ""NO"", ""NO""]","[""Small islands may push for regulatory alignment, potentially increasing EU ETS pressure but not yet triggering immediate price shifts."", ""Small islands may push for stronger compliance, potentially increasing EU ETS pressure but not yet a clear short-term price driver."", ""Small islands may push for regulatory backlash, potentially triggering market volatility in EU ETS due to perceived policy inconsistency.""]",5,1.0,-0.5,-0.5,"[5, 5, 6]"
6845,https://www.hellenicshippingnews.com/us-lng-full-lifecycle-emissions-delivered-to-europe-are-48-of-the-coal-equivalent/,,US LNG full lifecycle emissions delivered to Europe are 48 % of the coal equivalent,2025-03-30,,hellenicshippingnews.com,English,China,2,5,eu_context;carbon_terms=2;energy_driver,NO,-1,"[""NO"", ""NO"", ""NO""]","[""LNG\u2019s emissions relative to coal impact EU ETS pricing via supply/demand dynamics and carbon intensity benchmarks."", ""LNG\u2019s emissions relative to coal impact EU ETS pricing by altering supply-side competitiveness, especially as EU seeks decarbonization."", ""LNG\u2019s emissions relative to coal affect EU ETS compliance and pricing, especially as EU seeks cleaner imports.""]",7,1.0,-0.7,-0.7,"[6, 7, 7]"
6851,https://www.businesstravelnewseurope.com/Air-Travel/Firms-with-stringent-targets-cut-air-travel-emissions-more-quickly,,Firms with  stringent  targets cut emissions more quickly | Business Travel News Europe,2025-04-01,https://ik.imgkit.net/3vlqs5axxjf/BTNE/uploadedImages/1_News/Air_Travel/conteail3.jpg?tr=w-1200%2Cfo-auto,businesstravelnewseurope.com,English,,2,4,eu_context;carbon_terms=2,YES,1,"[""YES"", ""YES"", ""YES""]","[""Stricter emission targets drive faster decarbonization, likely boosting EU ETS demand and prices."", ""Stricter corporate emission targets likely drive up demand for carbon credits, supporting short-term EU ETS prices."", ""Stricter corporate emission targets likely drive higher EU ETS demand as firms accelerate decarbonization.""]",7,1.0,0.7,0.7,"[7, 7, 7]"
6857,https://petrovietnam.petrotimes.vn/bsr-the-first-company-in-vietnam-to-receive-iscc-corsia-and-iscc-eu-certifications-for-blending-production-storage-and-trading-of-saf-725939.html,,"BSR - The First Company in Vietnam to Receive ISCC CORSIA and ISCC EU Certifications for Blending , Production , Storage , and Trading of SAF",2025-04-03,https://cdn.petrotimes.vn/stores/news_dataimages/2025/042025/03/10/croped/ic-220250403102604.jpg?randTime=1743652005,petrovietnam.petrotimes.vn,English,,2,3,eu_context;carbon_terms=1,NO,-1,"[""NO"", ""NO"", ""NO""]","[""SAF certification by BSR adds niche credibility but lacks volume or policy tailwinds to significantly move EU ETS prices."", ""This is a niche certification milestone with limited direct impact on EU ETS pricing due to small-scale SAF production and low market volume."", ""SAF certification by BSR signals potential market expansion but lacks immediate volume or price pressure in EU ETS.""]",3,1.0,-0.3,-0.3,"[3, 3, 3]"
6863,https://maldivesindependent.com/politics/ambassador-to-eu-illegally-paid-us17000-as-allowance-in-2011-reveals-audit-report-85390,,"Ambassador to EU illegally paid US$17 , 000 as allowance in 2011 , reveals audit report",2025-04-05,https://maldivesindependent.com/og_fallback.png,maldivesindependent.com,English,Maldives,2,3,eu_context;carbon_terms=1,NO,-1,"[""NO"", ""NO"", ""NO""]","[""Minimal impact on EU ETS as it pertains to a single diplomatic incident with no direct carbon or policy linkage."", ""Irrelevant to EU ETS market dynamics; isolated diplomatic incident with no direct carbon trading implications."", ""Irrelevant to EU ETS pricing as it involves a past diplomatic incident with no direct economic or regulatory linkage to carbon markets.""]",2,1.0,-0.2,-0.2,"[2, 1, 2]"
6869,https://www.lngindustry.com/small-scale-lng/08042025/ulusoy-sealines-joins-gasums-fueleu-maritime-pool-as-offtaker/,https://www.lngindustry.com/small-scale-lng/08042025/ulusoy-sealines-joins-gasums-fueleu-maritime-pool-as-offtaker/amp/,Ulusoy Sealines joins Gasum FuelEU Maritime pool as offtaker,2025-04-08,https://d11onib03523a2.cloudfront.net/media/articles/pop/environment-01.jpg,lngindustry.com,English,United States,2,3,eu_context;energy_driver,NO,-1,"[""NO"", ""NO"", ""NO""]","[""Adds a mid-sized player to the maritime emissions trading pool, modestly increasing demand but not triggering major price shifts."", ""Adds a mid-sized player to the maritime decarbonization space but doesn\u2019t signal major supply/demand shifts in EU ETS."", ""Adds a mid-sized player to the maritime fuels market but doesn\u2019t signal major supply/demand shifts in EU ETS.""]",5,1.0,-0.5,-0.5,"[5, 5, 5]"
6875,https://www.themarketsdaily.com/2025/04/10/national-bank-of-canada-fi-has-463000-stake-in-kraneshares-european-carbon-allowance-strategy-etf-nysearcakeua.html,,"National Bank of Canada FI Has $463 , 000 Stake in KraneShares European Carbon Allowance Strategy ETF ( NYSEARCA : KEUA ) ",2025-04-10,,themarketsdaily.com,English,United States,1,10,eu_ets_strong;eu_context;carbon_terms=2,NO,-1,"[""NO"", ""NO"", ""NO""]","[""Minor institutional ownership change unlikely to drive short-term EU ETS price movement."", ""Minor institutional stake in a carbon ETF does not signal macroeconomic or regulatory shifts impacting EU ETS pricing."", ""Minor institutional ownership change unlikely to materially affect EU ETS price.""]",2,1.0,-0.2,-0.2,"[2, 2, 2]"
6881,https://cleantechnica.com/2025/04/11/co%E2%82%82-by-sea-the-risky-bet-beneath-europes-biggest-carbon-storage-project/,https://cleantechnica.com/2025/04/11/co%E2%82%82-by-sea-the-risky-bet-beneath-europes-biggest-carbon-storage-project/?amp=1,CO₂ By Sea : The Risky Bet Beneath Europe Biggest Carbon Storage Project,2025-04-12,https://cleantechnica.com/wp-content/uploads/2025/04/ChatGPT-Image-Apr-11-2025-04_32_00-PM-800x533.png,cleantechnica.com,English,United States,1,3,eu_context;carbon_terms=1,NO,-1,"[""NO"", ""NO"", ""NO""]","[""Carbon storage projects can influence ETS pricing via regulatory or operational risks, but this headline suggests speculative risk rather than direct market impact."", ""Carbon storage projects can influence long-term ETS dynamics but short-term price volatility is unlikely without immediate regulatory or operational shocks."", ""Carbon storage project risks could affect EU ETS pricing via regulatory or operational uncertainties.""]",5,1.0,-0.5,-0.5,"[5, 5, 5]"
6887,https://phys.org/news/2025-04-soil-carbon-large-european-agricultural.html,https://phys.org/news/2025-04-soil-carbon-large-european-agricultural.amp,Soil organic carbon is at risk in a large part of European agricultural land,2025-04-14,https://scx2.b-cdn.net/gfx/news/2025/soil-organic-carbon-is.jpg,phys.org,English,United States,2,4,eu_context;carbon_terms=1;energy_driver,NO,-1,"[""NO"", ""NO"", ""NO""]","[""Soil carbon risk may influence agricultural policy and emissions reporting, potentially affecting ETS compliance costs."", ""Soil carbon risk could trigger policy responses that affect emissions trading compliance costs and agricultural sector carbon pricing."", ""Soil carbon risk could affect agricultural emissions and future ETS compliance costs.""]",6,1.0,-0.6,-0.6,"[5, 6, 6]"
6893,http://www.china.org.cn/business/2025-04/16/content_117826183.htm,,"Chinese shipbuilder delivers 24 , 000 - TEU LNG dual - fuel container ship",2025-04-16,,china.org.cn,English,China,2,3,eu_context;energy_driver,NO,-1,"[""NO"", ""NO"", ""NO""]","[""LNG dual-fuel ships reduce emissions but limited direct impact on EU ETS price due to low volume and non-EU origin."", ""LNG dual-fuel ships reduce emissions but do not eliminate them, so while relevant to global decarbonization, this delivery has limited direct short-term impact on EU ETS pricing."", ""LNG dual-fuel ships reduce emissions but don\u2019t directly impact EU ETS pricing unless tied to broader global carbon policy shifts.""]",3,1.0,-0.3,-0.3,"[3, 3, 3]"
6899,https://www.aol.co.uk/starmer-eu-carbon-tax-favour-175247527.html,,"Starmer EU carbon tax will favour China , energy firm warns",2025-04-19,https://s.yimg.com/ny/api/res/1.2/WrCH5o48CDETSVgUtcCD6A--/YXBwaWQ9aGlnaGxhbmRlcjt3PTEyMDA7aD03NTA-/https://media.zenfs.com/en/aol_the_telegraph_624/1aafe0d0ffbaec00588361106499cfde,aol.co.uk,English,United Kingdom,2,3,eu_context;carbon_terms=1,NO,-1,"[""NO"", ""NO"", ""NO""]","[""Carbon pricing policy shifts may affect EU ETS competitiveness but China\u2019s position is not a direct price driver."", ""Carbon tax policy shifts may affect EU ETS pricing, but China\u2019s relative advantage is speculative and not yet reflected in market pricing."", ""China\u2019s potential advantage may slightly depress EU ETS prices due to reduced competitiveness, but market reactions are likely muted.""]",5,1.0,-0.5,-0.5,"[5, 5, 4]"
6905,https://www.japantimes.co.jp/news/2025/04/21/world/politics/eu-methane-us-gas-trade-talks/,,EU explores tweaking methane rules for U . S . gas to help trade talks,2025-04-21,https://www.japantimes.co.jp/japantimes/uploads/images/2025/04/21/464510.JPG?v=3.1,japantimes.co.jp,English,Japan,2,3,eu_context;energy_driver,NO,-1,"[""NO"", ""NO"", ""NO""]","[""Methane rule tweaks may indirectly affect EU ETS via U.S. gas imports, but direct price impact is uncertain."", ""Methane rules adjustments may influence emissions reporting but are unlikely to significantly alter short-term EU ETS price dynamics."", ""Methane rules could influence emissions reporting but unlikely to cause short-term ETS price swings.""]",5,1.0,-0.5,-0.5,"[3, 5, 5]"
6911,https://www.baltictimes.com/baltics__poland_may_ask_brussels_to_delay_fuel_price_hikes_-_lithuanian_pm/,,"Baltics , Poland may ask Brussels to delay fuel price hikes",2025-04-23,,baltictimes.com,English,Latvia,2,3,eu_context;carbon_terms=1,NO,-1,"[""NO"", ""NO"", ""NO""]","[""Potential delay requests could reduce demand for carbon-intensive fuels, mildly affecting EU ETS prices."", ""Fuel price hikes could be delayed, potentially reducing emissions intensity and easing ETS compliance pressure."", ""Potential delay requests could signal policy uncertainty, affecting emissions trading expectations.""]",5,1.0,-0.5,-0.5,"[5, 4, 5]"
6917,https://www.webwire.com/ViewPressRel.asp?aId=337436,,"European Clean Transport Network ( ECTN ) experiment succeeding , provides public authorities innovative , concrete solution to decarbonize long - distance truck transport",2025-04-25,https://photos.webwire.com/prmedia/6/337436/337436-1-m.jpg,webwire.com,English,United States,2,3,eu_context;carbon_terms=1,YES,1,"[""YES"", ""YES"", ""YES""]","[""May encourage policy support and scaling, boosting ETS demand for clean tech compliance."", ""Positive decarbonization momentum could boost EU ETS demand as transport emissions targets tighten."", ""Supports decarbonization efforts likely to increase regulatory pressure and demand for carbon credits.""]",7,1.0,0.7,0.7,"[7, 7, 7]"
6923,https://freebeacon.com/energy/trump-energy-secretary-tells-europeans-to-ditch-climate-alarmism-and-embrace-natural-gas-as-nations-face-widespread-blackouts/,,Trump Energy Secretary Tells Europeans To Ditch  Climate Alarmism  and Embrace Natural Gas as Nations Face Widespread Blackouts,2025-04-28,,freebeacon.com,English,United States,2,3,eu_context;energy_driver,NO,-1,"[""NO"", ""YES"", ""NO""]","[""Natural gas adoption could reduce EU emissions, potentially lowering ETS price pressure."", ""Natural gas adoption could reduce EU emissions, potentially lowering ETS price pressure."", ""Natural gas adoption could reduce emissions, potentially lowering EU ETS demand, but short-term volatility is likely due to energy crisis fears.""]",7,0.6666666666666666,-0.7,-0.4666666666666666,"[7, 7, 7]"
6929,https://www.porttechnology.org/news/wattlab-launches-solar-panel-system-to-reduce-co2-emissions/,,Wattlab launches solar panel system to reduce CO2 emissions,2025-04-30,https://www.porttechnology.org/wp-content/uploads/2025/04/Vertom-Annette-with-SolarDeck-seagoing-solar-panels.jpg,porttechnology.org,English,China,1,2,carbon_terms=2,NO,-1,"[""NO"", ""NO"", ""NO""]","[""Small-scale solar deployment has limited impact on EU ETS price volatility."", ""Small-scale solar initiative unlikely to materially affect EU ETS price."", ""Small-scale solar adoption has limited direct impact on EU ETS price volatility.""]",2,1.0,-0.2,-0.2,"[2, 2, 2]"
6935,https://www.theglobeandmail.com/opinion/article-put-down-that-espresso-canada-doesnt-need-to-join-the-eu/,,Opinion : Put down that espresso . Canada doesnt need to join the EU,2025-05-02,https://www.theglobeandmail.com/resizer/v2/FVQ5LZ7FHBATLMPACDVRSOB7GQ.JPG?auth=8c5efac71d34913f174cfaf37f5031de8e6efdda0a008bf71c3da9c4dc00ff78&quality=80&smart=true,theglobeandmail.com,English,Canada,2,2,eu_context,NO,-1,"[""NO"", ""NO"", ""NO""]","[""The headline is irrelevant to EU ETS market dynamics and lacks actionable financial or policy context."", ""Carbon pricing policy divergence between Canada and EU is unlikely to materially affect EU ETS price in the short term."", ""The headline is irrelevant to EU ETS market dynamics and lacks economic or policy context to influence short-term pricing.""]",2,1.0,-0.2,-0.2,"[2, 2, 2]"
6941,https://www.dailymail.co.uk/sciencetech/article-14683085/Scientists-deaths-prevented-2050-greenhouse-gas.html,https://www.dailymail.co.uk/sciencetech/article-14683085/amp/Scientists-deaths-prevented-2050-greenhouse-gas.html,Scientists reveal exactly how many deaths could be prevented by 2050 if greenhouse gas emissions are drastically reduced,2025-05-06,https://i.dailymail.co.uk/1s/2025/05/06/13/98086595-0-image-a-16_1746535743701.jpg,dailymail.co.uk,English,United Kingdom,2,3,carbon_terms=2;energy_driver,NO,-1,"[""NO"", ""NO"", ""NO""]","[""May signal policy shifts but lacks immediate market impact due to long-term horizon."", ""It\u2019s a long-term climate science projection, not a near-term market driver."", ""It\u2019s a long-term climate mitigation narrative with limited immediate market impact on EU ETS pricing.""]",3,1.0,-0.3,-0.3,"[3, 3, 3]"
6947,https://www.jdsupra.com/legalnews/the-uks-carbon-border-adjustment-4296571/,,The UKs carbon border adjustment mechanism continues to take shape | A & O Shearman,2025-05-08,https://jdsupra-static.s3.amazonaws.com/profile-images/og.16328_3409.jpg,jdsupra.com,English,United States,1,7,eu_ets_strong;carbon_terms=1,NO,-1,"[""NO"", ""NO"", ""NO""]","[""UK CBAM may pressure EU ETS prices via import tariffs but lacks immediate market impact."", ""UK CBAM could pressure EU ETS prices via import competition and compliance costs."", ""UK CBAM could pressure EU ETS prices via increased import costs for carbon-intensive goods.""]",6,1.0,-0.6,-0.6,"[5, 6, 6]"
6953,https://www.hellenicshippingnews.com/changing-restrictions-on-russian-gas-to-europe-would-disproportionately-impact-us-lng-exports-new-sp-global-commodity-insights-study-finds/,,"Changing Restrictions on Russian Gas to Europe Would Disproportionately Impact US LNG Exports , New S & P Global Commodity Insights Study Finds",2025-05-10,,hellenicshippingnews.com,English,China,2,3,eu_context;energy_driver,NO,-1,"[""NO"", ""NO"", ""NO""]","[""EU ETS price less directly affected by US LNG export dynamics than by domestic emissions or policy shifts."", ""EU ETS price may be indirectly affected via global LNG market shifts, but no direct link to EU gas policy changes."", ""EU ETS price may be indirectly affected via global LNG market shifts, but no direct link to EU gas policy changes.""]",5,1.0,-0.5,-0.5,"[3, 5, 5]"
6959,https://www.terradaily.com/reports/German_Satellite_Achieves_First_Simultaneous_CO2_and_NO2_Measurements_from_Power_Plant_Emissions_999.html,,German Satellite Achieves First Simultaneous CO2 and NO2 Measurements from Power Plant Emissions,2025-05-12,https://www.spxdaily.com/images-hg/eo-spix-hg.jpg,terradaily.com,English,United States,2,3,carbon_terms=2;energy_driver,NO,-1,"[""NO"", ""NO"", ""NO""]","[""May signal improved monitoring capacity, but no direct price impact yet."", ""Satellite monitoring may enhance regulatory enforcement but doesn\u2019t directly alter short-term ETS price dynamics."", ""Satellite monitoring may enhance regulatory enforcement but does not directly alter short-term ETS price dynamics.""]",3,1.0,-0.3,-0.3,"[3, 3, 3]"
6965,https://carbon-pulse.com/397380/,,Unprecedented demand for EU ETS - backed Innovation Fund « Carbon Pulse,2025-05-14,,carbon-pulse.com,English,China,1,9,eu_ets_strong;eu_context;carbon_terms=1,YES,1,"[""YES"", ""YES"", ""YES""]","[""Innovation Fund demand drives upward pressure on EU ETS prices through increased allocation and compliance obligations."", ""Innovation Fund demand drives long-term ETS price support via increased carbon-intensive project financing."", ""Innovation Fund demand drives upward pressure on EU ETS prices via increased allocation and compliance obligations.""]",8,1.0,0.8,0.8,"[8, 8, 8]"
6971,https://www.esmmagazine.com/retail/esms-retail-recap-morrisons-groupe-casino-eu-greenhouse-emissions-co-op-uk-288611,,ESM Retail Recap : Morrisons ; Groupe Casino ; EU Greenhouse Emissions ; Co - op united kingdom ,2025-05-16,,esmmagazine.com,English,United Kingdom,2,4,eu_context;carbon_terms=2,NO,-1,"[""NO"", ""NO"", ""NO""]","[""Retail emissions data may signal regulatory tightening but lacks immediate market impact."", ""Retail emissions data may influence EU ETS pricing indirectly, but no immediate market signal is evident."", ""Retail emissions data may influence ETS pricing but lacks immediate market impact.""]",3,1.0,-0.3,-0.3,"[3, 3, 5]"
6977,https://www.marketscreener.com/news/latest/British-carbon-prices-rise-after-news-of-deal-on-EU-link-49995202/,,British carbon prices rise after news of deal on EU link,2025-05-19,https://cdn.zonebourse.com/static/resize/0/0/images/reuters/2025-05/2025-05-07T230711Z_1_LYNXMPEL4617L_RTROPTP_4_UKRAINE-CRISIS-BRITAIN-ENERGY.JPG,marketscreener.com,English,,1,4,eu_context;carbon_terms=2,YES,1,"[""YES"", ""YES"", ""YES""]","[""EU ETS linkage could boost UK carbon prices via cross-border trading dynamics."", ""EU ETS linkage could boost UK carbon prices by aligning markets and increasing demand."", ""EU ETS linkage could boost UK carbon prices via cross-border trading dynamics.""]",7,1.0,0.7,0.7,"[7, 7, 7]"
6983,https://www.finanznachrichten.de/nachrichten-2025-05/65468843-forsee-power-announces-the-launch-of-neot-e-motion-a-european-platform-dedicated-to-financing-low-carbon-mobility-004.htm,,"Forsee Power Announces the Launch of Neot e - motion , a European Platform Dedicated to Financing Low - Carbon Mobility",2025-05-21,https://www.finanznachrichten.de/chart-forsee-power-sa-aktie-intraklein-tradegate.png,finanznachrichten.de,English,Germany,2,4,eu_context;carbon_terms=1;energy_driver,NO,-1,"[""NO"", ""NO"", ""NO""]","[""Low-carbon mobility financing may indirectly support ETS demand but lacks immediate market impact."", ""Low-carbon mobility financing may indirectly support ETS demand but lacks immediate market impact."", ""Low-carbon mobility financing may indirectly support ETS demand but lacks immediate market impact.""]",3,1.0,-0.3,-0.3,"[3, 3, 3]"
6989,https://www.oedigital.com/news/526108-eu-44-oil-and-gas-firms-asked-to-provide-co2-storage-solutions,,EU : 44 Oil and Gas Firms Asked to Provide CO2 Storage Solutions,2025-05-23,https://images.oedigital.com/images/maritime/w800/yaroslavna-kulinkina-adobe-stock-160451.jpeg,oedigital.com,English,Norway,2,3,eu_context;energy_driver,YES,1,"[""YES"", ""YES"", ""YES""]","[""Regulatory pressure on major emitters may drive up compliance costs and CO2 storage demand, potentially supporting ETS prices."", ""Regulatory pressure on major emitters may drive up demand for carbon capture and storage, supporting ETS prices."", ""Regulatory pressure on major emitters may drive higher compliance costs and carbon pricing.""]",7,1.0,0.7,0.7,"[7, 7, 7]"
6995,https://www.industrytap.com/europes-thorizon-to-use-nuclear-waste-to-generate-100-mw-power-for-250000-homes/77294,,"Europe Thorizon to Use Nuclear Waste to Generate 100 MW Power for 250 , 000 Homes",2025-05-25,https://www.industrytap.com/wp-content/uploads/2025/05/Thorizon_reactor.jpg,industrytap.com,English,United States,2,3,eu_context;energy_driver,NO,-1,"[""NO"", ""NO"", ""NO""]","[""Nuclear waste-to-energy projects are niche and face regulatory hurdles, unlikely to significantly impact EU ETS prices."", ""Nuclear waste-to-energy projects are niche and face regulatory hurdles, unlikely to significantly impact EU ETS prices."", ""Nuclear waste-to-energy projects are niche and face regulatory hurdles, unlikely to materially affect EU ETS pricing.""]",3,1.0,-0.3,-0.3,"[3, 3, 3]"
7001,https://www.euronews.com/green/2025/05/27/giles-dickson-windeuropes-ceo-wind-farms-will-drive-down-electricity-costs,,"Giles Dickson , WindEurope CEO : Wind farms will drive down electricity costs",2025-05-27,https://static.euronews.com/articles/stories/09/21/50/82/1200x675_cmsv2_5c14b263-9bc1-56bf-92ae-93430b12c30b-9215082.jpg,euronews.com,English,United States,2,3,eu_context;energy_driver,NO,-1,"[""NO"", ""NO"", ""NO""]","[""Wind farm cost reductions may lower electricity prices, but EU ETS pricing is more influenced by policy, carbon intensity, and market demand than direct generation cost trends."", ""Wind farm cost reductions may lower electricity prices, but EU ETS pricing is more influenced by policy, emissions caps, and market demand than direct generation cost trends."", ""Wind farm cost reductions may lower electricity prices, but EU ETS pricing is more influenced by policy, emissions caps, and market demand than direct generation cost declines.""]",5,1.0,-0.5,-0.5,"[5, 5, 5]"
7007,https://www.politico.eu/article/eu-retires-no-cherry-picking-brexit-line-uk-policy-starmer-von-der-leyen-trade/,,EU officially retires its  no cherry - picking  Brexit line – POLITICO,2025-05-29,"https://www.politico.eu/cdn-cgi/image/width=1200,height=630,fit=crop,quality=80,onerror=redirect/wp-content/uploads/2025/05/28/GettyImages-1662822582-scaled.jpg",politico.eu,English,United States,2,2,eu_context,NO,-1,"[""NO"", ""NO"", ""NO""]","[""EU\u2019s stance shift may signal softer regulatory alignment, but no direct price impact from Brexit rhetoric."", ""EU\u2019s Brexit stance shift may signal reduced regulatory uncertainty, but short-term ETS price impact is likely muted."", ""EU\u2019s shift in Brexit stance may signal policy uncertainty but doesn\u2019t directly impact ETS pricing mechanics.""]",5,1.0,-0.5,-0.5,"[5, 3, 5]"
7013,https://en.tempo.co/read/2013027/why-europes-green-deal-needs-a-social-upgrade,//en.tempo.co/amp/2013027/why-europes-green-deal-needs-a-social-upgrade,Why Europe Green Deal Needs a Social Upgrade,2025-06-01,https://statik.tempo.co/data/2023/09/18/id_1237873/1237873_720.jpg,en.tempo.co,English,,2,2,eu_context,NO,-1,"[""NO"", ""NO"", ""NO""]","[""Social upgrade sentiment may indirectly influence policy, but doesn\u2019t directly alter EU ETS price mechanics."", ""Social upgrade sentiment may influence policy, but doesn\u2019t directly alter EU ETS market mechanics."", ""Social upgrade may delay policy implementation, but doesn\u2019t directly affect ETS price mechanics.""]",3,1.0,-0.3,-0.3,"[3, 3, 3]"
7019,https://www.eubusiness.com/environment/eu-support-for-decarbonisation-projects/,https://www.eubusiness.com/environment/eu-support-for-decarbonisation-projects/?amp=1,"EU triples budget to support decarbonisation projects - EUbusiness . com | EU news , business and politics",2025-06-03,https://www.eubusiness.com/wp-content/uploads/2025/06/green-planet-Photo-by-Javier-Miranda-on-Unsplash.jpg,eubusiness.com,English,Greece,1,3,eu_context;carbon_terms=1,YES,1,"[""YES"", ""YES"", ""YES""]","[""Increased budget signals stronger policy commitment, likely boosting demand for carbon credits."", ""Increased budget signals stronger policy commitment, likely boosting ETS demand."", ""Increased budget signals stronger policy commitment, likely boosting demand for carbon credits.""]",7,1.0,0.7,0.7,"[7, 7, 7]"
7025,https://cleantechnica.com/2025/06/04/eus-new-carbon-tax-ets2-a-e300bn-opportunity-to-help-transition-european-citizens-away-from-fossil-fuels/,https://cleantechnica.com/2025/06/04/eus-new-carbon-tax-ets2-a-e300bn-opportunity-to-help-transition-european-citizens-away-from-fossil-fuels/?amp=1,EU New Carbon Tax ( ETS2 ) a €300bn Opportunity to Help Transition European Citizens Away from Fossil Fuels,2025-06-05,https://cleantechnica.com/wp-content/uploads/2023/04/Air-Pollution-Vehicle-Exhaust-CleanTechnica-Watermark.png,cleantechnica.com,English,United States,1,3,eu_context;carbon_terms=1,NO,-1,"[""NO"", ""NO"", ""NO""]","[""The headline suggests a large-scale carbon pricing mechanism that could increase demand for ETS allowances, potentially pushing prices higher in the medium term."", ""The headline suggests a major policy shift that could increase carbon prices, but the timing and implementation details remain uncertain."", ""The headline suggests a major policy shift that could drive demand for carbon credits, but its immediate short-term impact on EU ETS prices is uncertain due to market anticipation and implementation timing.""]",7,1.0,-0.7,-0.7,"[7, 7, 7]"
7031,https://www.eco-business.com/opinion/rethinking-europes-carbon-border-adjustment-mechanism/,,Rethinking Europe carbon border adjustment mechanism,2025-06-09,https://eco-business.imgix.net/ebmedia/fileuploads/27582151526_af7c6024e4_5k.jpg?fit=crop&ixlib=django-1.2.0&q=85,eco-business.com,English,China,1,9,eu_ets_strong;eu_context;carbon_terms=1,YES,1,"[""YES"", ""YES"", ""YES""]","[""Potential policy shift could influence EU ETS pricing via revised compliance costs and trade dynamics."", ""Potential policy shifts could influence EU ETS pricing via revised compliance costs and trade dynamics."", ""Potential policy shifts could influence EU ETS pricing via revised compliance costs and trade dynamics.""]",7,1.0,0.7,0.7,"[7, 7, 7]"
7037,https://www.marketscreener.com/news/latest/EU-countries-consider-softening-methane-emissions-law-on-gas-imports-50213674/,,EU countries consider softening methane emissions law on gas imports,2025-06-11,https://cdn.zonebourse.com/static/resize/0/0/images/reuters/2025-06/2025-06-11T122934Z_1_LYNXMPEL5A0N4_RTROPTP_4_BRITAIN-DAILYLIFE.JPG,marketscreener.com,English,,2,5,eu_context;carbon_terms=2;energy_driver,NO,-1,"[""NO"", ""NO"", ""NO""]","[""Methane regulation softening could reduce compliance costs and potentially lower emissions-related penalties, mildly affecting ETS demand."", ""Methane regulation softening could reduce compliance costs and dampen ETS demand, but impact is uncertain due to policy ambiguity."", ""Methane regulation softening may reduce compliance costs and dampen ETS price pressure, but impacts are uncertain due to potential offsetting policy shifts.""]",6,1.0,-0.6,-0.6,"[6, 6, 6]"
7043,https://www.zawya.com/en/business/commodities/eu-gas-prices-at-10-week-intraday-high-after-israeli-strikes-on-iran-y1gfpv5s,,EU gas prices at 10 - week intraday high after Israeli strikes on Iran,2025-06-13,https://static.zawya.com/view/acePublic/alias/contentid/e861e2f5-d720-412d-a5a8-afdf26d8cbed/2/eu-energy-gas.jpeg?f=3%3A2,zawya.com,English,United Arab Emirates,2,4,eu_context;carbon_terms=1;energy_driver,NO,-1,"[""NO"", ""NO"", ""NO""]","[""Short-term volatility in gas markets may pressure EU ETS via energy price spikes and increased carbon intensity."", ""Short-term volatility in gas markets may spill over to ETS due to geopolitical risk, but no direct price linkage is established."", ""Short-term EU ETS price may be mildly pressured by energy market volatility but not directly linked to carbon pricing.""]",6,1.0,-0.6,-0.6,"[6, 6, 5]"
7049,https://www.jowhar.com/world-news/eu-aims-for-90-reduction-in-greenhouse-gas-emissions-by-2040.html,,"EU Aims For 90 % Reduction In Greenhouse Gas Emissions By 2040 | Somali News , Articles And Entertainment",2025-07-03,https://www.jowhar.com/wp-content/uploads/2025/06/0014c4b3-1600-1024x577.jpg,jowhar.com,English,Somalia,1,5,eu_context;carbon_terms=2;energy_driver,NO,-1,"[""NO"", ""NO"", ""NO""]","[""EU ETS price is not directly impacted by Somalia\u2019s emissions targets, as it is a non-EU country and not part of the market."", ""EU ETS price is not directly impacted by Somalia\u2019s emissions targets, which are geographically and economically distant from the EU\u2019s carbon market."", ""EU ETS price is not directly affected by Somalia\u2019s emissions targets, as it is a European regulatory framework.""]",2,1.0,-0.2,-0.2,"[2, 2, 2]"
7055,https://www.nakedcapitalism.com/2025/07/global-carbon-emissions-reach-record-high-despite-green-efforts.html,,Global Carbon Emissions Reach Record High Despite Green Efforts,2025-07-05,https://www.nakedcapitalism.com/wp-content/uploads/2025/07/00-carbon-emissions-1.png,nakedcapitalism.com,English,United States,2,3,carbon_terms=3,NO,-1,"[""NO"", ""NO"", ""NO""]","[""Record emissions may signal policy backfire and weaken ETS market confidence."", ""Record emissions may signal policy backfire and push carbon prices higher as markets adjust expectations."", ""Record emissions may signal policy backfire and pressure on ETS compliance, potentially triggering price volatility.""]",6,1.0,-0.6,-0.6,"[6, 7, 6]"
7061,https://www.thelawyermag.com/au/news/general/planned-eu-climate-law-change-aims-to-cut-emissions-by-90-percent-by-2040/541567,,Planned EU climate law change aims to cut emissions by 90 percent by 2040,2025-07-07,https://cdn-res.keymedia.com/cms/images/cl/bern_638874524918461291.png,thelawyermag.com,English,,1,4,eu_context;carbon_terms=2,YES,1,"[""YES"", ""NO"", ""YES""]","[""Stronger long-term targets may pressure emissions reductions, potentially boosting carbon prices via tighter compliance costs."", ""Stricter 2040 emissions targets likely to increase long-term ETS demand, but short-term price impact remains uncertain due to policy lag and market adaptation."", ""Stricter 2040 emissions targets may pressure markets to value carbon more highly in the long term, though short-term volatility is possible.""]",7,0.6666666666666666,0.7,0.4666666666666666,"[7, 7, 7]"
7067,https://athens-times.com/the-4-key-fronts-dividing-the-us-and-eu-beyond-tariffs/,,US - EU Trade Tensions : 4 Key Regulatory Conflicts,2025-07-09,,athens-times.com,English,Greece,1,2,eu_context,NO,-1,"[""NO"", ""NO"", ""NO""]","[""Regulatory conflicts may pressure EU ETS compliance costs and trade flows, but short-term price impact is uncertain without concrete policy actions."", ""Regulatory conflicts may pressure EU ETS compliance costs and disrupt trade, but short-term price volatility is unlikely without immediate policy shifts."", ""Regulatory conflicts may pressure EU ETS compliance costs and trade flows, but short-term price impact is uncertain without concrete policy moves.""]",6,1.0,-0.6,-0.6,"[6, 6, 6]"
7073,https://www.myjoyonline.com/minority-chief-whip-annoh-domprehs-proposal-to-mahama-over-paris-agreement-and-carbon-market/,,Minority Chief Whip Annoh - Dompreh proposal to Mahama over Paris Agreement and Carbon market,2025-07-14,https://www.myjoyonline.com/wp-content/uploads/2025/07/image-1023.png,myjoyonline.com,English,Ghana,1,2,carbon_terms=2,NO,-1,"[""NO"", ""NO"", ""NO""]","[""Political maneuvering within Ghana\u2019s parliament has minimal direct impact on EU ETS pricing."", ""Political negotiation dynamics have minimal direct impact on EU ETS price mechanics."", ""Political maneuvering within Ghana\u2019s legislature has minimal direct impact on EU ETS pricing.""]",2,1.0,-0.2,-0.2,"[2, 2, 2]"
7079,https://www.politico.eu/article/european-commission-budget-ursula-von-der-leyen-ukraine-research-defense-technology-agriculture/,,EU budget : The winners and losers,2025-07-17,"https://www.politico.eu/cdn-cgi/image/width=1200,height=630,fit=crop,quality=80,onerror=redirect/wp-content/uploads/2025/07/16/WhatsApp-Image-2025-07-16-at-11.06.25-PM.jpeg",politico.eu,English,United States,1,2,eu_context,NO,-1,"[""NO"", ""NO"", ""NO""]","[""EU budget allocations may indirectly affect carbon pricing via policy shifts but lack direct market signal."", ""EU budget allocations may indirectly affect carbon pricing via policy shifts but lack direct market signal."", ""The headline lacks specific policy details, making it hard to gauge immediate ETS price impact.""]",3,1.0,-0.3,-0.3,"[3, 3, 3]"
7085,https://www.eurasiareview.com/19072025-indias-zero-emission-and-eco-friendly-energy-strategies-still-long-way-to-go-despite-impressive-progress-oped/,,"India Zero Emission And Eco - Friendly Energy Strategies Still Long Way To Go , Despite Impressive Progress – OpEd – Eurasia Review",2025-07-19,https://www.eurasiareview.com/wp-content/uploads/2020/05/b-477.jpg,eurasiareview.com,English,United States,2,3,eu_context;carbon_terms=1,NO,-1,"[""NO"", ""NO"", ""NO""]","[""India\u2019s emissions trajectory has minimal near-term impact on EU ETS pricing due to limited current trading volume and policy influence."", ""India\u2019s slow progress on emissions targets has minimal near-term impact on EU ETS prices, as EU markets are more influenced by domestic policy and industrial activity."", ""India\u2019s emissions trajectory has limited near-term impact on EU ETS pricing, though long-term policy shifts could matter.""]",3,1.0,-0.3,-0.3,"[2, 3, 3]"
7091,https://www.globenewswire.com/news-release/2025/07/21/3118487/28124/en/Carbon-Pricing-Transforms-European-Business-Strategies-as-Compliance-Market-Grows-at-14-2-CAGR.html,,Carbon Pricing Transforms European Business Strategies as,2025-07-21,https://ml.globenewswire.com/Resource/Download/c6984499-0321-45d9-9430-e7e21ce35097,globenewswire.com,English,United States,1,3,eu_context;carbon_terms=1,YES,1,"[""YES"", ""YES"", ""YES""]","[""Carbon pricing is reshaping corporate investment and operational decisions across Europe, likely driving short-term upward pressure on ETS prices."", ""Carbon pricing signals are reshaping investment and operational decisions across EU industries, likely pushing prices higher in the near term."", ""Carbon pricing signals are reshaping corporate investment and operational decisions, likely pushing ETS prices higher.""]",8,1.0,0.8,0.8,"[8, 8, 8]"
7097,https://www.hellenicshippingnews.com/navios-maritime-partners-l-p-selects-abs-wavesight-platform-to-enable-fully-digitalized-fueleu-and-eu-ets-compliance/,,Navios Maritime Partners L . P . Selects ABS Wavesight™ Platform to Enable Fully Digitalized FuelEU and EU ETS Compliance,2025-07-23,,hellenicshippingnews.com,English,China,1,8,eu_ets_strong;eu_context,NO,-1,"[""NO"", ""NO"", ""NO""]","[""Digitalization of compliance tools may reduce operational friction but not directly alter market fundamentals or trading volume."", ""Digitalization of compliance tools may reduce administrative friction but doesn't directly alter market fundamentals or emissions trading dynamics."", ""Digitalization of compliance tools may reduce operational friction but doesn\u2019t directly alter market fundamentals or demand/supply dynamics.""]",3,1.0,-0.3,-0.3,"[3, 3, 3]"
7103,https://www.moneycontrol.com/news/business/india-can-take-counter-balancing-steps-if-uk-s-cbam-plans-erode-fta-concessions-sources-say-13328425.html,https://www.moneycontrol.com/news/business/india-can-take-counter-balancing-steps-if-uk-s-cbam-plans-erode-fta-concessions-sources-say-13328425.html/amp,"India can take counter - balancing steps if united kingdom CBAM plans erode FTA concessions , sources say",2025-07-25,https://images.moneycontrol.com/static-mcnews/2025/07/20250723092504_Narendra-Modi-and-Keir-Starmer-AFP-Photo.jpg,moneycontrol.com,English,India,2,6,eu_ets_strong,NO,-1,"[""NO"", ""NO"", ""NO""]","[""CBAM\u2019s impact on FTA concessions is indirect and unlikely to materially affect EU ETS prices in the short term."", ""CBAM\u2019s impact on FTA concessions is indirect and unlikely to trigger immediate EU ETS price shifts."", ""CBAM\u2019s impact on FTA concessions may indirectly affect EU ETS via trade shifts, but India\u2019s countermeasures are unlikely to materially alter short-term price dynamics.""]",3,1.0,-0.3,-0.3,"[3, 3, 3]"
7109,https://www.thestar.com.my/aseanplus/aseanplus-news/2025/07/27/china-eu-need-to-make-the-right-choice-as-two-big-guys-on-world-stage--says-xi-jinping,,"China , EU need to make the right choice as  two big guy on world stage , says Xi Jinping",2025-07-27,https://apicms.thestar.com.my/uploads/images/2025/07/27/3434461.jpg,thestar.com.my,English,Malaysia,2,2,eu_context,NO,-1,"[""NO"", ""NO"", ""NO""]","[""Xi\u2019s statement emphasizes diplomatic alignment over immediate market mechanics, suggesting limited short-term price impact."", ""Xi\u2019s statement emphasizes diplomatic alignment over immediate market action, with limited direct impact on EU ETS pricing."", ""Xi\u2019s statement emphasizes diplomatic alignment over immediate market action, suggesting limited short-term price volatility in EU ETS.""]",3,1.0,-0.3,-0.3,"[3, 3, 3]"
7115,https://www.politico.eu/article/winners-losers-eu-von-der-leyen-us-donald-trump-trade-deal-tariffs/,,EU - US trade deal : The biggest losers and ( a few ) winners,2025-07-29,"https://www.politico.eu/cdn-cgi/image/width=1200,height=630,fit=crop,quality=80,onerror=redirect/wp-content/uploads/2025/07/28/GettyImages-2226604792-1-scaled.jpg",politico.eu,English,United States,1,2,eu_context,NO,-1,"[""NO"", ""NO"", ""NO""]","[""Trade deal may shift emissions targets but doesn\u2019t directly alter EU ETS pricing mechanics."", ""Trade deal may shift emissions targets but doesn\u2019t directly impact EU ETS pricing mechanics."", ""Trade deal may affect carbon pricing indirectly via regulatory alignment or market access, but no direct price signal is implied.""]",5,1.0,-0.5,-0.5,"[5, 5, 5]"
7121,https://www.hellenicshippingnews.com/one-europe-and-africa-renews-and-expands-iso-14001-certification-reinforcing-commitment-to-esg-and-decarbonisation-roadmap/,,"ONE Europe and Africa Renews and Expands ISO 14001 Certification , reinforcing Commitment to ESG and Decarbonisation Roadmap",2025-07-31,,hellenicshippingnews.com,English,China,1,3,eu_context;carbon_terms=1,NO,-1,"[""NO"", ""NO"", ""NO""]","[""ISO 14001 certification alone does not directly impact EU ETS pricing, though it may signal broader ESG commitment."", ""ISO 14001 certification alone does not directly impact EU ETS price dynamics."", ""ISO 14001 certification alone does not directly drive EU ETS price movements.""]",3,1.0,-0.3,-0.3,"[3, 3, 3]"
7127,https://vietnamnews.vn/environment/1722464/carbon-market-development-accelerated.html,,Carbon market development accelerated,2025-08-02,https://image.vietnamnews.vn/uploadvnnews/Article/2025/7/31/440127_5230380646517960_vna_potal_quyet_tam_giu_mau_xanh_cho_rung_8094842.jpg,vietnamnews.vn,English,Vietnam,1,2,carbon_terms=2,YES,1,"[""YES"", ""YES"", ""YES""]","[""Accelerated development signals increased demand and regulatory tightening, likely pushing prices upward."", ""Accelerated development may signal increased demand or regulatory tightening, pushing prices higher."", ""Accelerated market development often signals increased trading volume and price volatility, potentially pushing EU ETS prices higher.""]",7,1.0,0.7,0.7,"[7, 7, 7]"
7133,https://www.euractiv.com/section/politics/news/the-capitals-recognition-of-palestine-roils-european-countries/,,Recognition of Palestine roils European countries,2025-08-04,https://www.euractiv.com/wp-content/uploads/sites/2/2025/08/New-1-800x450.png,euractiv.com,English,United Kingdom,2,3,eu_context;energy_driver,NO,-1,"[""NO"", ""NO"", ""NO""]","[""Political unrest may divert attention from carbon markets but lacks direct economic linkage to EU ETS."", ""Political unrest may divert attention from carbon markets but lacks direct economic link to EU ETS."", ""Political unrest in Europe may slightly affect investor sentiment but has minimal direct impact on EU ETS pricing.""]",2,1.0,-0.2,-0.2,"[2, 2, 2]"
7139,https://www.downtoearth.org.in/climate-change/carbon-sink-declining-in-european-forests-study,https://www.downtoearth.org.in/amp/story/climate-change/carbon-sink-declining-in-european-forests-study,Study Reveals Decline in European Forest Carbon Sink Capacity,2025-08-06,https://gumlet.assettype.com/downtoearth%2F2025-08-06%2Fqlc7iych%2FEurope-forests?&ar=40%3A21&auto=format%2Ccompress&ogImage=true&mode=crop&enlarge=true&overlay=false&overlay_position=bottom&overlay_width=100,downtoearth.org.in,English,India,2,3,eu_context;carbon_terms=1,NO,-1,"[""NO"", ""NO"", ""NO""]","[""Reduced forest carbon sink capacity may weaken EU ETS emissions targets, increasing price pressure."", ""Reduced forest carbon sink capacity may limit Europe\u2019s ability to offset emissions, potentially increasing ETS price pressure."", ""Reduced forest carbon sink capacity may weaken EU ETS carbon offsetting potential, pressuring prices.""]",7,1.0,-0.7,-0.7,"[7, 7, 7]"
7145,https://www.mondaq.com:443/unitedstates/corporate-governance/1663130/the-transatlantic-divide-widens-us-vs-eu-2025-sustainability-policy,,The Transatlantic Divide Widens : U . S . Vs EU 2025 Sustainability Policy,2025-08-08,http://www.mondaq.com/images/MondaqThumb.png,mondaq.com,English,United States,2,2,eu_context,NO,-1,"[""NO"", ""NO"", ""NO""]","[""EU\u2019s 2025 policy likely to push ETS prices higher as US lags in carbon pricing."", ""EU\u2019s stricter 2025 policy may push prices higher as U.S. lags in emissions targets."", ""EU\u2019s 2025 policy likely drives ETS prices higher as U.S. lacks comparable carbon pricing.""]",7,1.0,-0.7,-0.7,"[7, 7, 7]"
7151,"https://www.swissinfo.ch/eng/stock-futures-rise,-oil-falls-on-us-russia-talks:-markets-wrap/89811965",,"Stock Futures Rise , Oil Falls on US - Russia Talks : Markets Wrap",2025-08-11,https://www.swissinfo.ch/eng/wp-content/uploads/swissinfo-theme/swi-fallback-featured-image.jpg?ver=1743513627,swissinfo.ch,English,Switzerland,2,3,carbon_terms=2;energy_driver,NO,-1,"[""NO"", ""NO"", ""NO""]","[""Oil price drop may signal reduced energy demand concerns, but EU ETS is less directly affected by crude markets."", ""Oil price drop may signal reduced energy demand concerns, potentially easing EU ETS pressure."", ""Oil price decline may slightly dampen ETS sentiment but doesn't signal major policy shift.""]",3,1.0,-0.3,-0.3,"[4, 3, 3]"
7157,https://theportugalnews.com/news/2025-08-15/top-10-polluters-cut-emissions/600851,,Top 10 polluters cut emissions,2025-08-15,https://d1mnxluw9mpf9w.cloudfront.net/media/15751/sines.jpg,theportugalnews.com,English,Portugal,1,2,carbon_terms=2,YES,1,"[""YES"", ""YES"", ""YES""]","[""Reduced emissions by top polluters may signal stronger compliance or policy enforcement, potentially boosting ETS prices."", ""Reduced emissions by top polluters may signal policy success and lower future compliance costs, potentially supporting prices."", ""Reduced emissions from top polluters may signal policy success and lower future compliance costs, potentially supporting price stability.""]",7,1.0,0.7,0.7,"[7, 7, 7]"
7163,https://www.freemalaysiatoday.com/category/business/2025/08/19/lng-demand-prices-to-rise-further-this-year-says-woodside-ceo,,"LNG demand , prices to rise further this year , says Woodside CEO",2025-08-19,"https://www.freemalaysiatoday.com/cdn-cgi/image/quality=75,format=auto,fit=cover,dpr=1,width=1200,height=630,gravity=center/https://media.freemalaysiatoday.com/wp-content/uploads/2025/05/f32efd4a-screenshot-2024-12-12-at-4-25-59-pm-1074x654_optimized_1.webp",freemalaysiatoday.com,English,Malaysia,2,2,carbon_terms=1;energy_driver,NO,-1,"[""NO"", ""NO"", ""NO""]","[""LNG price increases may indirectly affect EU ETS via higher energy costs, but direct ETS impact is uncertain."", ""LNG demand growth may support prices, but EU ETS is more influenced by carbon intensity and policy, not direct LNG price movements."", ""LNG price increases may indirectly affect EU ETS via higher energy costs but don\u2019t directly signal ETS direction.""]",5,1.0,-0.5,-0.5,"[5, 5, 5]"
7169,https://www.dw.com/en/carbon-credits-erase-rare-bird-habitat-in-estonia/a-73367796,https://amp.dw.com/en/carbon-credits-erase-rare-bird-habitat-in-estonia/a-73367796,Europe carbon credits : Solution or environmental scam ? – DW – 08 / 21 / 2025,2025-08-21,https://static.dw.com/image/73370510_6.jpg,dw.com,English,Germany,1,3,eu_context;carbon_terms=1,NO,-1,"[""NO"", ""NO"", ""NO""]","[""The headline\u2019s skepticism suggests potential regulatory or market uncertainty, which could dampen short-term ETS price momentum."", ""The headline\u2019s skepticism suggests potential regulatory or market uncertainty, which could dampen short-term ETS price momentum."", ""The headline's skepticism suggests potential regulatory or market uncertainty, which could dampen short-term ETS demand.""]",5,1.0,-0.5,-0.5,"[5, 5, 5]"
7175,https://nltimes.nl/2025/08/23/dutch-multi-year-gas-contracts-now-hundreds-euros-pricier-one-year-deals,,Dutch multi - year gas contracts now hundreds of euros pricier than one - year deals,2025-08-23,https://nltimes.nl/sites/nltimes.nl/files/styles/news_article_full_desktop_2x/public/2024-11/pexels-magda-ehlers-pexels-3722212.jpg?h=c8342cce,nltimes.nl,English,Netherlands,2,3,eu_context;energy_driver,NO,-1,"[""NO"", ""NO"", ""NO""]","[""Higher long-term gas prices may pressure EU ETS compliance costs, but short-term ETS volatility is less directly tied to contract pricing shifts."", ""Higher long-term gas prices may signal increased emissions costs, potentially boosting EU ETS demand."", ""Higher long-term gas prices may pressure EU ETS compliance costs for Dutch firms.""]",6,1.0,-0.6,-0.6,"[6, 6, 6]"
7181,https://www.islands.com/1945699/rick-steves-grim-reminder-international-tourists-complaining-european-heat/,,Rick Steves Has One Grim Reminder For International Tourists Complaining About The European Heat,2025-08-25,https://www.islands.com/img/gallery/rick-steves-has-one-grim-reminder-for-international-tourists-complaining-about-the-european-heat/l-intro-1755716106.jpg,islands.com,English,United States,2,2,eu_context,NO,-1,"[""NO"", ""NO"", ""NO""]","[""EU ETS price is unlikely to be affected by a travel vlogger\u2019s commentary on tourist discomfort."", ""EU ETS price is unlikely to be affected by a travel vlogger\u2019s commentary on tourist complaints."", ""EU ETS price is unlikely to be affected by a travel influencer\u2019s commentary on heatwaves.""]",2,1.0,-0.2,-0.2,"[1, 2, 2]"
7187,https://www.burnhamandhighbridgeweeklynews.co.uk/news/national/25419757.accusations-treason-eu-food-drink-deal-nonsense-minister-says/,,"Accusations of treason over EU food and drink deal are  nonsense , minister says | Burnham and Highbridge Weekly News",2025-08-27,https://www.burnhamandhighbridgeweeklynews.co.uk/resources/images/17064285.jpg?type=og-image,burnhamandhighbridgeweeklynews.co.uk,English,United Kingdom,1,2,eu_context,NO,-1,"[""NO"", ""NO"", ""NO""]","[""No direct financial or carbon market impact from political rhetoric in a local newspaper."", ""Irrelevant to EU ETS market dynamics; no direct link to carbon pricing or policy."", ""No direct financial or carbon market impact from political rhetoric unrelated to emissions policy.""]",1,1.0,-0.1,-0.1,"[1, 1, 1]"
7193,http://jewishworldreview.com/0825/hanson082925.php,,Europe in the balance ? - Victor Davis Hanson,2025-08-29,https://thyblackman.com/wp-content/uploads/2017/06/123muslimsEurope.jpg,jewishworldreview.com,English,United States,2,2,eu_context,NO,-1,"[""NO"", ""NO"", ""NO""]","[""The headline lacks specific economic or policy data to influence short-term EU ETS price movements."", ""The headline\u2019s philosophical tone suggests no direct market data or policy signal to influence EU ETS pricing short-term."", ""The headline\u2019s philosophical tone suggests no direct market data or policy signal to influence EU ETS prices.""]",3,1.0,-0.3,-0.3,"[3, 3, 3]"
7199,https://mondovisione.com/media-and-resources/news/eex-launches-cbam-reference-price-to-support-transparency-on-carbon-markets-202591/,,EEX Launches CBAM Reference Price To Support Transparency On Carbon Markets,2025-09-01,,mondovisione.com,English,United States,1,9,eu_ets_strong;carbon_terms=3,YES,1,"[""YES"", ""NO"", ""YES""]","[""CBAM reference price signals regulatory alignment and may boost ETS demand by enhancing market transparency."", ""CBAM reference price may influence market expectations but doesn\u2019t directly alter short-term ETS price dynamics."", ""CBAM reference price may influence market expectations and pricing behavior in EU ETS.""]",6,0.6666666666666666,0.6,0.3999999999999999,"[7, 5, 6]"
7205,"http://www.chronline.com/stories/what-the-epas-plan-to-deregulate-greenhouse-gas-emissions-means-for-washington-state,386437",,What the EPA plan to deregulate greenhouse gas emissions means for Washington state,2025-09-03,https://gamma.creativecirclecdn.com/lafromboise/original/20250903-090609-184-US-NEWS-ENV-WASH-EMISSIONS-GET.jpg,chronline.com,English,United States,2,3,carbon_terms=2;energy_driver,NO,-1,"[""NO"", ""NO"", ""NO""]","[""EPA\u2019s deregulation plans are unlikely to directly impact EU ETS prices, as they pertain to U.S. state policy, not EU market mechanisms."", ""EPA\u2019s deregulation plan likely has minimal direct impact on EU ETS prices since it pertains to U.S. state policy, not EU emissions trading."", ""EPA\u2019s deregulation plan is unlikely to directly affect EU ETS prices, as it pertains to U.S. state policy, not EU market mechanisms.""]",3,1.0,-0.3,-0.3,"[2, 3, 3]"
7211,https://www.newsx.com/india/cbam-tax-how-much-will-it-cost-india-and-global-trade-58849/,https://www.newsx.com/india/cbam-tax-how-much-will-it-cost-india-and-global-trade-58849/amp/,CBAM Tax : How Much Will It Cost India And Global Trade ? ,2025-09-05,https://www.newsx.com/wp-content/uploads/2025/09/newsx-62.jpg,newsx.com,English,India,1,6,eu_ets_strong,NO,-1,"[""NO"", ""NO"", ""NO""]","[""CBAM\u2019s phased implementation may indirectly pressure EU ETS prices via increased import costs and trade adjustments."", ""CBAM could increase import costs for India and disrupt global trade by adding compliance burdens for exporters."", ""CBAM could increase import costs for India and disrupt global trade, potentially affecting EU ETS pricing via supply chain adjustments.""]",7,1.0,-0.7,-0.7,"[5, 7, 7]"
7217,https://www.terradaily.com/afp/250907220112.l9dctdx2.html,,Most EU carmakers on track to meet emission targets : study,2025-09-07,,terradaily.com,English,United States,2,3,eu_context;carbon_terms=1,NO,-1,"[""NO"", ""NO"", ""NO""]","[""Suggests compliance-driven demand may not spike, potentially dampening price momentum."", ""Emission targets being met may reduce regulatory pressure and limit future carbon pricing adjustments."", ""Emission targets being met may reduce regulatory pressure, potentially lowering ETS price momentum.""]",3,1.0,-0.3,-0.3,"[3, 3, 3]"
7223,https://www.dailymail.co.uk/news/article-15076585/Europe-floods-borders-stop-Russia-Finland-Poland-turn-frontiers-anti-tank-swamps-Germany-warns-Ukraine-just-start-Putins-plans-conquest-EU-stockpiles-food.html,https://www.dailymail.co.uk/news/article-15076585/amp/Europe-floods-borders-stop-Russia-Finland-Poland-turn-frontiers-anti-tank-swamps-Germany-warns-Ukraine-just-start-Putins-plans-conquest-EU-stockpiles-food.html,Europe floods its borders to stop Russia : Finland and Poland turn frontiers into anti - tank swamps as Germany warns Ukraine is  just the start of Putin plans for conquest  and EU stockpiles food,2025-09-09,https://i.dailymail.co.uk/1s/2025/09/08/16/101945495-0-image-m-63_1757344528070.jpg,dailymail.co.uk,English,United Kingdom,2,2,eu_context,NO,-1,"[""NO"", ""NO"", ""NO""]","[""Flood control measures and border fortifications may divert resources from carbon markets but do not directly impact EU ETS pricing."", ""Floods and border measures are geopolitical distractions unlikely to directly affect EU ETS pricing."", ""Floods and border fortifications may divert resources from carbon markets but don\u2019t directly impact EU ETS pricing.""]",3,1.0,-0.3,-0.3,"[3, 3, 3]"
7229,https://www.eenews.net/articles/wright-and-burgum-urge-europe-to-rethink-methane-curbs/,,Wright and Burgum urge Europe to rethink methane curbs,2025-09-11,https://static.politico.com/6a/db/8810b9284c1dafc63423f767b7e6/trump-00213.jpg,eenews.net,English,United States,1,2,eu_context,NO,-1,"[""NO"", ""NO"", ""NO""]","[""Methane curbs could impact EU ETS emissions targets and thus influence pricing, but the headline\u2019s call for \u201crethink\u201d introduces uncertainty."", ""Methane curbs could affect emissions targets and thus ETS compliance, but short-term price impact is uncertain."", ""Methane curbs could impact emissions targets and thus EU ETS compliance, but short-term price volatility is unlikely without policy clarity.""]",6,1.0,-0.6,-0.6,"[6, 6, 6]"
7235,https://www.sci-tech-today.com/stats/greenhouse-gas-emissions-statistics/,,Greenhouse Gas Emissions Statistics and Facts ( 2025 Updated ) ,2025-09-16,https://www.sci-tech-today.com/wp-content/uploads/2025/09/Greenhouse-Gas-Emissions-Statistics.jpg,sci-tech-today.com,English,United States,2,3,carbon_terms=2;energy_driver,NO,-1,"[""NO"", ""NO"", ""NO""]","[""No immediate price impact as this is a general statistical update without policy or market-specific triggers."", ""No direct price signal or policy change implied in generic emissions stats."", ""No direct price signal or policy change implied in the headline alone.""]",3,1.0,-0.3,-0.3,"[3, 3, 2]"
7241,https://www.standardmedia.co.ke/health/health-science/article/2001529831/eu-states-agree-broad-un-emissions-target-avoiding-embarrassment,https://www.standardmedia.co.ke/health/amp/health-science/article/2001529831/eu-states-agree-broad-un-emissions-target-avoiding-embarrassment,EU states agree broad UN emissions target avoiding  embarrassment  ,2025-09-18,https://cdn.standardmedia.co.ke/images/articles/thumbnails/o8vj8gCLaUWqVbtWmM7WDcekbaQQVyboaMKQbRaA.jpg,standardmedia.co.ke,English,Kenya,2,4,eu_context;carbon_terms=2,YES,1,"[""YES"", ""YES"", ""YES""]","[""Stronger global alignment may boost EU ETS demand as compliance pressure rises."", ""Broad UN target alignment may signal stronger policy cohesion, boosting ETS demand."", ""Policy alignment may boost ETS compliance and drive demand for carbon credits.""]",7,1.0,0.7,0.7,"[7, 7, 7]"
7247,https://www.newsghana.com.gh/eu-celebrates-e3m-ghana-urban-transformation-success/,,EU Celebrates €3m Ghana Urban Transformation Success,2025-09-20,,newsghana.com.gh,English,Ghana,2,2,eu_context,NO,-1,"[""NO"", ""NO"", ""NO""]","[""Ghana\u2019s urban transformation success is unlikely to directly influence EU ETS pricing, as it lacks direct carbon market linkage."", ""Ghana\u2019s urban transformation success has negligible direct impact on EU ETS price dynamics."", ""Ghana\u2019s urban transformation success is unlikely to directly influence EU ETS pricing, as it lacks direct carbon trading or regulatory linkage to the EU market.""]",1,1.0,-0.1,-0.1,"[1, 1, 1]"
7253,https://www.fastmarkets.com/insights/navigating-the-carbon-market-an-expert-discussion-with-fastmarkets-economists/,,Navigating the carbon market : an expert discussion with Fastmarkets economists,2025-09-22,https://www.fastmarkets.com/tachyon/2025/09/Fastmarkets-carbon.png,fastmarkets.com,English,China,1,2,carbon_terms=2,NO,-1,"[""NO"", ""NO"", ""NO""]","[""The headline indicates a general expert discussion without specific market-moving data or policy updates."", ""The headline lacks specific market data or policy signals to influence short-term EU ETS pricing."", ""The headline is generic and lacks specific market-moving data or policy updates to influence short-term EU ETS pricing.""]",3,1.0,-0.3,-0.3,"[3, 3, 3]"
7259,https://www.2news.com/news/national/china-world-s-largest-carbon-polluting-nation-announces-new-climate-goal-to-cut-emissions/article_fd85613b-d792-5bde-ac80-bb4d929441fd.html,,"China , world largest carbon polluting nation , announces new climate goal to cut emissions | National News",2025-09-24,https://bloximages.newyork1.vip.townnews.com/2news.com/content/tncms/assets/v3/editorial/0/0d/00d5d98c-24e8-5b49-899d-6151eef3fbd0/68d4391ea5e42.image.jpg?crop=1760%2C924%2C0%2C126,2news.com,English,,2,3,carbon_terms=3,NO,-1,"[""NO"", ""NO"", ""NO""]","[""China\u2019s emissions cuts could shift global carbon pricing dynamics, potentially pressuring EU ETS as a benchmark."", ""China\u2019s emissions cuts could shift global carbon pricing dynamics but EU ETS may not react immediately due to market inertia."", ""China\u2019s emission cuts could shift global carbon pricing dynamics but won\u2019t immediately impact EU ETS prices.""]",5,1.0,-0.5,-0.5,"[6, 5, 5]"
7265,https://www.hindustantimes.com/world-news/china-announces-7-10-cut-in-ghg-emissions-by-2035-experts-call-it-modest-101758824814954.html,https://www.hindustantimes.com/world-news/china-announces-7-10-cut-in-ghg-emissions-by-2035-experts-call-it-modest-101758824814954-amp.html,China announces 7 - 10 % cut in GHG emissions by 2035 ; experts call it modest,2025-09-26,,hindustantimes.com,English,India,2,2,carbon_terms=2,NO,-1,"[""NO"", ""NO"", ""NO""]","[""Modest emissions cut may not significantly affect EU ETS pricing due to limited direct policy impact."", ""Modest emissions cut may not significantly alter global carbon pricing dynamics in the short term."", ""Modest emissions cut may not significantly impact EU ETS pricing due to limited direct policy linkage with EU markets.""]",3,1.0,-0.3,-0.3,"[3, 4, 3]"
7271,https://capitalethiopia.com/2025/09/28/iata-study-confirms-saf-technology-rollout-as-key-bottleneck-to-achieving-net-zero-emissions/,,IATA study confirms SAF technology rollout as key bottleneck to achieving net zero emissions,2025-09-28,https://capitalethiopia.com/wp-content/uploads/2025/09/Iata-1.jpg,capitalethiopia.com,English,Ethiopia,2,2,carbon_terms=2,YES,1,"[""NO"", ""YES"", ""YES""]","[""SAF adoption delays could constrain EU ETS compliance for aviation, pressuring prices downward."", ""SAF supply constraints could limit decarbonization pace, pressuring EU ETS compliance costs."", ""SAF supply constraints could limit decarbonization, pressuring ETS prices as compliance costs rise.""]",7,0.6666666666666666,0.7,0.4666666666666666,"[7, 7, 7]"
7277,https://www.thejakartapost.com/world/2025/09/30/eu-will-have-new-climate-targets-by-cop30-summit-von-der-leyen-says.html,,"EU will have new climate targets by COP30 summit , von der Leyen says - Europe",2025-09-30,https://img.jakpost.net/c/2024/06/04/2024_06_04_151133_1717511357._large.jpg,thejakartapost.com,English,Indonesia,2,2,eu_context,NO,-1,"[""NO"", ""NO"", ""NO""]","[""New targets may signal policy tightening, but no immediate price impact is likely without specific emission reduction commitments or regulatory changes."", ""New climate targets may pressure emissions reductions, but short-term ETS price volatility is unlikely without immediate policy changes or market reactions."", ""New climate targets could pressure emissions reductions, potentially boosting ETS prices short-term.""]",5,1.0,-0.5,-0.5,"[5, 5, 6]"
7283,https://www.greenpeace.org/international/act/ban-new-fossil-fuel-projects/,,We dont need fossil fuels to power Europe . - Greenpeace International,2025-10-02,https://www.greenpeace.org/static/planet4-international-stateless/2025/05/e4f94ed7-fff-gas.png,greenpeace.org,English,United States,2,3,eu_context;energy_driver,NO,-1,"[""NO"", ""NO"", ""NO""]","[""Greenpeace\u2019s statement may signal policy shifts but lacks concrete data to trigger immediate ETS price movement."", ""Greenpeace\u2019s statement may signal policy shifts but lacks concrete data to trigger immediate ETS price movement."", ""Greenpeace\u2019s statement may signal policy shifts but lacks concrete data to trigger immediate ETS price movement.""]",3,1.0,-0.3,-0.3,"[3, 3, 3]"
7289,https://www.floydct.com/online_features/press_releases/yutong-launches-ev-long-life-tech-at-busworld-europe-2025-secures-seven-major-awards/article_56a5b90d-7d73-5d5d-9f87-d6ea7cf4f4c6.html,,"Yutong Launches EV Long - Life Tech at Busworld Europe 2025 , Secures Seven Major Awards",2025-10-04,https://bloximages.chicago2.vip.townnews.com/floydct.com/content/tncms/assets/v3/editorial/c/1f/c1f5471c-9fbc-5f70-811f-e0f156267005/68e0c0009bcd9.image.jpg?crop=1761%2C925%2C0%2C126,floydct.com,English,United States,2,2,eu_context,NO,-1,"[""NO"", ""NO"", ""NO""]","[""EV tech announcements may signal industry trends but lack immediate market impact on EU ETS pricing."", ""EV tech announcements may signal industry trends but lack immediate market impact on EU ETS pricing."", ""EV tech announcements may signal industry trends but don\u2019t directly impact EU ETS pricing mechanics.""]",3,1.0,-0.3,-0.3,"[3, 3, 3]"
7295,http://www.enterstageright.com/archive/articles/1025/climatepoor.htm,,"ESR | October 6 , 2025 | UN , EU , ICJ , Climate cabal want to keep world poor impoverished",2025-10-06,,enterstageright.com,English,United States,2,2,eu_context,NO,-1,"[""NO"", ""NO"", ""NO""]","[""Unlikely to materially affect EU ETS prices due to lack of concrete policy or regulatory action."", ""Unlikely to materially affect EU ETS pricing due to lack of concrete policy or regulatory action."", ""Unlikely to materially affect EU ETS pricing due to lack of concrete policy or regulatory action.""]",3,1.0,-0.3,-0.3,"[3, 3, 3]"
7301,https://www.downtoearth.org.in/energy/china-boasts-70-90-carbon-capture-storage-cost-edge-as-europe-faces-soaring-capture-prices,https://www.downtoearth.org.in/amp/story/energy/china-boasts-70-90-carbon-capture-storage-cost-edge-as-europe-faces-soaring-capture-prices,China Carbon Capture Cost Edge : Europe Faces Economic Challenges,2025-10-08,https://gumlet.assettype.com/downtoearth%2F2025-10-08%2Fbvcy4oug%2FCCUS.jpg?&ar=40%3A21&auto=format%2Ccompress&ogImage=true&mode=crop&enlarge=true&overlay=false&overlay_position=bottom&overlay_width=100,downtoearth.org.in,English,India,2,3,eu_context;carbon_terms=1,NO,-1,"[""NO"", ""NO"", ""NO""]","[""China\u2019s cost advantage in carbon capture could pressure EU ETS prices if EU emissions trading becomes less competitive."", ""China's cost advantage in carbon capture may pressure EU ETS prices if EU emissions trading becomes less competitive."", ""China\u2019s cost advantage in carbon capture may pressure EU ETS prices as global carbon markets shift toward lower-cost compliance.""]",6,1.0,-0.6,-0.6,"[6, 6, 7]"
7307,https://markets.financialcontent.com/stocks/article/marketminute-2025-10-10-us-stock-market-defies-gravity-near-record-highs-as-sinking-oil-prices-fuel-economic-optimism,,U . S . Stock Market Defies Gravity Near Record Highs as Sinking Oil Prices Fuel Economic Optimism,2025-10-10,https://marketminute.ghost.io/content/images/size/w1200/2025/10/12481c1b-ebbc-42ea-bf92-8a466cc920e8.png,markets.financialcontent.com,English,United States,2,3,carbon_terms=2;energy_driver,NO,-1,"[""NO"", ""NO"", ""NO""]","[""U.S. stock market performance and oil prices are not direct drivers of EU ETS pricing, which is more influenced by carbon policy and emissions trading dynamics."", ""Oil price declines may reduce emissions intensity, but EU ETS is less directly tied to U.S. market performance."", ""Oil price declines may indirectly affect EU ETS via reduced industrial activity, but U.S. market performance is not a direct driver of EU ETS pricing.""]",3,1.0,-0.3,-0.3,"[3, 3, 3]"
7313,https://www.theguardian.com/australia-news/2025/oct/13/woodside-scarborough-gas-project-emissions-could-cause-heat-deaths,,"Emissions linked to Woodside Scarborough gas project could lead to at least 480 deaths , research suggests | Woodside",2025-10-13,"https://i.guim.co.uk/img/media/97d503aeea7802dea7b33ed401f8ddc55745d6a2/310_0_2369_1894/master/2369.jpg?&quality=85&auto=format&fit=crop&precrop=40:21,offset-x50,offset-y0&overlay-align=bottom%2Cleft&overlay-width=100p&overlay-base64=L2ltZy9zdGF0aWMvb3ZlcmxheXMvdGctZGVmYXVsdC5wbmc&enable=upscale&s=c6fcb7a0e7d7c39c7ce388078a90555b",theguardian.com,English,United Kingdom,2,3,carbon_terms=2;energy_driver,NO,-1,"[""NO"", ""NO"", ""NO""]","[""Emissions from the project may trigger regulatory scrutiny or carbon pricing adjustments, potentially affecting EU ETS prices."", ""Woodside's Scarborough project may trigger EU ETS penalties due to emissions-linked fatalities, suggesting regulatory pressure on carbon pricing."", ""Emissions from the project may trigger stricter compliance or penalties under EU ETS, impacting carbon pricing.""]",7,1.0,-0.7,-0.7,"[7, 7, 7]"
7319,https://news.metal.com/newscontent/103571734/smm-analysis-wto-rebukes-eu-on-indonesian-stainless-steel-but-cbam-is-coming,," [ SMM Analysis ] WTO rebukes EU on Indonesian stainless steel , but CBAM is coming",2025-10-16,https://imgqn.smm.cn/production/admin/news/en/pic/rRrTV20251016110235.png?imageView2/1/w/176/h/135/q/100,news.metal.com,English,China,2,8,eu_ets_strong;eu_context,NO,-1,"[""NO"", ""NO"", ""NO""]","[""WTO rebuke may trigger retaliatory tariffs but CBAM\u2019s looming impact could outweigh short-term price volatility."", ""CBAM\u2019s looming impact may offset WTO trade concerns, but no immediate price signal from the WTO rebuke."", ""CBAM\u2019s looming impact may offset WTO-related market sentiment, but no immediate price shift is expected.""]",5,1.0,-0.5,-0.5,"[5, 5, 5]"
7325,https://gcaptain.com/inside-trumps-pressure-campaign-to-derail-global-shipping-emissions-tax/,,Inside Trump Pressure Campaign to Derail Global Shipping Emissions Tax,2025-10-18,https://gcaptain.com/wp-content/uploads/2024/03/Sponsored-Post-Header-Image-scaled.jpeg,gcaptain.com,English,United States,2,2,carbon_terms=2,NO,-1,"[""NO"", ""NO"", ""NO""]","[""EU ETS is unlikely to be affected by Trump\u2019s campaign, as it\u2019s a global, non-U.S.-centric market."", ""EU ETS price unlikely to be directly affected by U.S. political pressure on shipping emissions taxes."", ""EU ETS price unlikely to be directly impacted by Trump\u2019s shipping emissions tax campaign, as it\u2019s non-binding and lacks regulatory teeth.""]",3,1.0,-0.3,-0.3,"[3, 3, 3]"
7331,https://athens-times.com/clash-in-brussels-over-new-eu-emissions-trading-system-and-russian-gas-phase-out/,,EU ETS and Russian Gas Clash in Brussels,2025-10-20,,athens-times.com,English,Greece,1,9,eu_ets_strong;eu_context;energy_driver,YES,1,"[""YES"", ""YES"", ""YES""]","[""Russian gas supply disruptions may pressure EU ETS prices as energy costs rise and emissions trading becomes more critical."", ""EU ETS prices may rise due to increased energy uncertainty and potential supply disruptions from Russian gas."", ""EU ETS volatility may spike as Russia\u2019s gas export disruptions force EU nations to reconsider carbon pricing and energy transition urgency.""]",7,1.0,0.7,0.7,"[7, 7, 7]"
7337,https://www.forbes.com/sites/feliciajackson/2025/10/22/europes-sustainability-rollback-risks-undermining-market-trust/,,Europe Sustainability Rollback Risks Undermining Market Trust,2025-10-22,https://imageio.forbes.com/specials-images/imageserve/68f66ca7c33f0059580aa4c3/0x0.jpg?format=jpg&fit=bounds,forbes.com,English,United States,1,3,eu_context;carbon_terms=1,NO,-1,"[""NO"", ""NO"", ""NO""]","[""Sustainability rollbacks could trigger investor flight and reduce market confidence, impacting price stability."", ""Sustainability rollback risks could trigger investor flight and reduce market confidence, potentially lowering ETS prices."", ""Sustainability rollback risks could trigger investor flight and reduce market confidence, potentially causing price volatility.""]",7,1.0,-0.7,-0.7,"[7, 7, 7]"
7343,https://markets.financialcontent.com/stocks/article/marketminute-2025-10-24-eu-carbon-prices-cool-after-failing-to-breach-80t-threshold-setting-stage-for-future-volatility-and-long-term-ascent,,"EU Carbon Prices Cool After Failing to Breach €80 / t Threshold , Setting Stage for Future Volatility and Long - Term Ascent",2025-10-24,https://marketminute.ghost.io/content/images/size/w1200/2025/10/1411661c-9509-4492-8cf1-7d7dd5249b76.png,markets.financialcontent.com,English,United States,1,4,eu_context;carbon_terms=2,NO,-1,"[""NO"", ""NO"", ""NO""]","[""Short-term cooling suggests market exhaustion but sets up potential rebound as volatility and long-term ascent loom."", ""Short-term cooling reflects policy uncertainty but sets up potential future volatility."", ""Short-term cooling suggests market exhaustion but sets up volatility-driven rebound potential.""]",7,1.0,-0.7,-0.7,"[7, 6, 7]"
7349,https://www.finanznachrichten.de/nachrichten-2025-10/66764534-powercell-sweden-ab-powercell-wins-order-for-fuel-cell-systems-from-zeppelin-power-systems-for-eu-funded-clean-power-project-in-greece-399.htm,,PowerCell Sweden AB : PowerCell wins order for fuel cell systems from Zeppelin Power Systems for EU - funded clean power project in Greece,2025-10-26,https://www.finanznachrichten.de/chart-powercell-sweden-ab-aktie-intraklein-tradegate.png,finanznachrichten.de,English,Germany,2,3,eu_context;energy_driver,NO,-1,"[""NO"", ""NO"", ""NO""]","[""EU ETS price is unlikely to be directly impacted by a single fuel cell order in Greece, unless it signals broader EU clean energy expansion."", ""EU ETS price is unlikely to be directly impacted by a single fuel cell order in Greece, unless it signals broader clean energy adoption."", ""EU ETS price unlikely to be directly impacted by a single clean energy project in Greece, even if funded by EU programs.""]",3,1.0,-0.3,-0.3,"[3, 3, 3]"
7355,https://www.marketscreener.com/news/futures-slide-cautious-sentiment-prevails-on-european-markets-ce7d5ddcd98bf723,,Futures Slide ; Cautious Sentiment Prevails on European Markets,2025-10-28,https://cdn.zonebourse.com/static/resize/0/0/images/reuters/2020-03-09T070103Z_1_LYNXMPEG280G9_RTROPTP_3_HEALTH-CORONAVIRUS-ITALY-STOCK-EXCHANGE.JPG,marketscreener.com,English,,2,4,eu_context;carbon_terms=2,NO,-1,"[""NO"", ""NO"", ""NO""]","[""Cautious sentiment suggests reduced demand, potentially pressuring short-term EU ETS prices."", ""Cautious sentiment suggests reduced demand for EU ETS futures, potentially pressuring prices short-term."", ""Cautious sentiment suggests reduced demand, potentially pressuring short-term ETS prices.""]",5,1.0,-0.5,-0.5,"[5, 5, 5]"
7361,https://www.siliconindia.com/news/general/jsw-steel-preparing-for-cbam-framework-says-ceo-jayant-acharya-nid-238190-cid-1.html,,JSW Steel Preparing For CBAM Framework Says CEO Jayant Acharya,2025-10-30,,siliconindia.com,English,India,2,6,eu_ets_strong,NO,-1,"[""NO"", ""NO"", ""NO""]","[""CBAM exposure may influence steel pricing but doesn't immediately impact EU ETS short-term dynamics."", ""CBAM compliance could affect JSW Steel\u2019s cost structure, but short-term EU ETS price impact remains uncertain without concrete regulatory timelines or pricing signals."", ""CBAM compliance could affect JSW Steel\u2019s cost structure, but short-term EU ETS price impact is uncertain without concrete policy timelines or emission data.""]",5,1.0,-0.5,-0.5,"[5, 5, 5]"
7367,https://www.universityworldnews.com/post.php?story=20251101100656847,,Universities embrace EU competitiveness agenda – Report,2025-11-01,https://www.universityworldnews.com/images/uwn-ball-320.png,universityworldnews.com,English,United States,1,2,eu_context,NO,-1,"[""NO"", ""NO"", ""NO""]","[""Universities\u2019 adoption of EU competitiveness goals is unlikely to directly influence short-term EU ETS pricing."", ""University sector\u2019s alignment with EU competitiveness agenda may have minor indirect influence on ETS pricing through energy efficiency investments."", ""Universities\u2019 adoption of EU competitiveness initiatives is unlikely to directly influence short-term EU ETS pricing.""]",2,1.0,-0.2,-0.2,"[2, 2, 2]"
7373,https://www.sdcexec.com/sustainability/carbon-footprint/article/22945326/tunley-environmental-how-to-prepare-your-carbon-data-for-cbam-compliance,,How to Prepare Your Carbon Data for CBAM Compliance,2025-11-03,https://img.sdcexec.com/mindful/acbm/workspaces/default/uploads/2025/07/ipopba-stockadobecom.HfL12pSFG8.jpg?auto=format%2Ccompress&fit=max&q=70,sdcexec.com,English,United States,1,7,eu_ets_strong;carbon_terms=1,NO,-1,"[""NO"", ""NO"", ""NO""]","[""CBAM compliance will indirectly pressure ETS prices via increased import costs, but short-term direction is not directly affected."", ""CBAM compliance may indirectly pressure ETS pricing via increased compliance costs, but direct short-term impact is minimal."", ""CBAM compliance may indirectly affect ETS pricing via increased compliance costs, but headline doesn\u2019t specify market dynamics or policy shifts.""]",3,1.0,-0.3,-0.3,"[3, 3, 3]"
7379,https://jowhar.com/eu-nations-strike-deal-on-2040-climate-emissions-target/,,EU nations strike deal on 2040 climate emissions target - Jowhar News Leader,2025-11-05,https://jowhar.com/wp-content/uploads/2025/11/EU-nations-clinch-agreement-on-2040-climate-target.jpg,jowhar.com,English,Somalia,1,4,eu_context;carbon_terms=2,NO,-1,"[""NO"", ""NO"", ""NO""]","[""The 2040 target is long-term and may not materially affect short-term EU ETS pricing, which is more sensitive to immediate policy changes and market sentiment."", ""The 2040 target is long-term and may not directly influence short-term EU ETS pricing, which reacts more to policy updates, emissions caps, and market dynamics."", ""The 2040 target is long-term and doesn\u2019t directly influence short-term EU ETS pricing.""]",3,1.0,-0.3,-0.3,"[3, 3, 3]"
7385,https://www.fastmarkets.com/insights/eu-to-keep-indirect-emissions-out-of-cbam-for-metals/,,EU to keep indirect emissions out of CBAM for metals,2025-11-07,https://www.fastmarkets.com/tachyon/2025/11/rotterdam-port-aluminium.jpg,fastmarkets.com,English,China,1,10,eu_ets_strong;eu_context;carbon_terms=2,NO,-1,"[""NO"", ""NO"", ""NO""]","[""CBAM\u2019s exclusion of indirect emissions may reduce compliance costs but doesn\u2019t significantly alter EU ETS price dynamics."", ""CBAM\u2019s exclusion of indirect emissions may reduce compliance costs but doesn\u2019t directly alter EU ETS pricing dynamics."", ""CBAM\u2019s exclusion of indirect emissions may reduce compliance costs but doesn\u2019t directly alter EU ETS market dynamics.""]",5,1.0,-0.5,-0.5,"[5, 5, 5]"
7391,https://oilprice.com/Energy/Energy-General/Europes-LNG-Demand-Surge-Flips-Global-Gas-Market.html,https://oilprice.com/Energy/Energy-General/Europes-LNG-Demand-Surge-Flips-Global-Gas-Market.amp.html,Europe LNG Demand Surge Flips Global Gas Market,2025-11-09,https://d32r1sh890xpii.cloudfront.net/article/718x300/2025-11-07_p9v1fi7tgj.jpg,oilprice.com,English,United States,2,4,eu_context;carbon_terms=1;energy_driver,NO,-1,"[""NO"", ""NO"", ""YES""]","[""LNG demand surge in Europe could drive up gas prices and indirectly affect EU ETS carbon pricing via increased emissions intensity."", ""LNG demand surge in Europe could drive up gas prices and indirectly affect EU ETS carbon pricing via increased energy intensity and emissions."", ""LNG demand surge in Europe could drive up gas prices and indirectly support EU ETS carbon prices via higher energy costs and emissions intensity.""]",7,0.6666666666666666,-0.7,-0.4666666666666666,"[7, 7, 7]"
7397,https://www.aa.com.tr/en/environment/cop30-carbon-market-retreat-casts-more-doubt-on-eu-s-climate-resolve-warn-experts/3740948,,"COP30 : Carbon market retreat casts more doubt on EU climate resolve , warn experts",2025-11-11,https://cdnuploads.aa.com.tr/uploads/Contents/2025/11/11/thumbs_b_c_723a68e731df1d1b0025d8b23518d013.jpg?v=163450,aa.com.tr,English,Turkey,1,4,eu_context;carbon_terms=2,NO,-1,"[""NO"", ""NO"", ""NO""]","[""Carbon market uncertainty may dampen investor confidence and reduce demand for EU ETS allocations."", ""Carbon market uncertainty may dampen investor confidence and reduce demand for EU ETS allowances."", ""Carbon market uncertainty may dampen investor confidence and reduce demand for EU ETS allocations.""]",6,1.0,-0.6,-0.6,"[6, 6, 6]"
7403,https://www.nature.com/articles/d41586-025-03618-z,,Global greenhouse - gas emissions are still rising : when will they peak ? ,2025-11-13,https://media.nature.com/lw1200/magazine-assets/d41586-025-03618-z/d41586-025-03618-z_51697072.jpg,nature.com,English,United States,2,3,carbon_terms=2;energy_driver,NO,-1,"[""NO"", ""NO"", ""NO""]","[""Emissions peaking timing is a long-term trend, not a short-term ETS price driver."", ""Emissions peaking timing is a long-term trend, not a short-term price driver for EU ETS."", ""Emissions still rising suggests potential policy pressure or delayed decarbonization, which could support ETS prices in the medium term.""]",3,1.0,-0.3,-0.3,"[3, 3, 3]"
7409,https://aero-news.net:443/index.cfm?do=main.textpost&id=BE8BDA5F-FF58-4266-91F7-4C4CDE659C04,,ZeroAvia Wins €21M Grant From EU Innovation Fund,2025-11-15,,aero-news.net,English,United States,1,2,eu_context,YES,1,"[""YES"", ""YES"", ""YES""]","[""Grant signals EU\u2019s commitment to decarbonizing aviation, potentially boosting ETS demand."", ""Supports green aviation tech, potentially boosting EU ETS demand via carbon reduction targets."", ""Supports green aviation tech, likely boosting EU ETS demand via emission reductions.""]",7,1.0,0.7,0.7,"[7, 7, 7]"
7415,https://www.bursa.ro/global-carbon-dioxide-emissions-set-to-hit-new-record-25126756,,Global carbon dioxide emissions set to hit new record,2025-11-17,https://www.bursa.ro/_img/articole/mare/576215.jpg,bursa.ro,English,Romania,2,3,carbon_terms=3,NO,-1,"[""NO"", ""NO"", ""NO""]","[""Higher global emissions may signal stronger carbon pricing demand but could also trigger policy backlash or offsetting measures."", ""Increased emissions may pressure EU ETS prices if carbon pricing fails to reflect full cost of emissions."", ""Increased emissions likely pressure EU ETS prices due to higher carbon intensity and compliance costs.""]",6,1.0,-0.6,-0.6,"[6, 6, 6]"
7421,http://www.vietnamtribune.com/news/278702621/hyperstrong-and-leag-clean-power-sign-an-epc-contract-to-develop-16-gwh-battery-energy-storage-project-in-germany-advancing-europe-energy-transition,,"HyperStrong and LEAG Clean Power Sign an EPC contract to Develop 1 . 6 GWh Battery Energy Storage Project in Germany , Advancing Europe Energy Transition",2025-11-19,,vietnamtribune.com,English,Vietnam,2,3,eu_context;energy_driver,YES,1,"[""YES"", ""YES"", ""YES""]","[""Battery storage projects like this can support grid stability and reduce reliance on fossil fuels, potentially boosting EU ETS demand."", ""Battery storage projects like this can support EU ETS price by enhancing grid flexibility and reducing fossil fuel reliance."", ""Battery storage projects like this add grid flexibility and reduce reliance on fossil fuels, likely supporting ETS price growth.""]",7,1.0,0.7,0.7,"[7, 7, 7]"
7427,https://www.compositesworld.com:443/news/eucia-announces-launch-of-carbon-fiber-europe,,EuCIA announces launch of Carbon Fiber Europe,2025-11-21,https://d2n4wb9orp1vta.cloudfront.net/cms/brand/cw/2025-cw/1125-cw-news-eucia-carbonfibereurope-founding-members.jpg;maxWidth=1200,compositesworld.com,English,United States,2,3,eu_context;carbon_terms=1,NO,-1,"[""NO"", ""NO"", ""NO""]","[""Carbon fiber production is energy-intensive and may increase emissions, potentially impacting EU ETS compliance, but the announcement\u2019s direct market effect is uncertain."", ""Carbon fiber production is energy-intensive and may increase emissions, potentially affecting EU ETS compliance, but no direct price signal yet."", ""Carbon fiber production is energy-intensive and may increase emissions, potentially affecting EU ETS compliance, but no direct price signal yet.""]",3,1.0,-0.3,-0.3,"[3, 3, 3]"
7433,https://www.wcbe.org/2025-11-22/at-cop30-nations-agree-on-adaptation-funding-but-remain-split-on-emissions,https://www.wcbe.org/2025-11-22/at-cop30-nations-agree-on-adaptation-funding-but-remain-split-on-emissions?_amp=true,"At COP30 , nations agree on adaptation funding but remain split on emissions",2025-11-23,,wcbe.org,English,United States,2,2,carbon_terms=2,NO,-1,"[""NO"", ""NO"", ""NO""]","[""Adaptation funding agreements may not directly influence emissions trading prices, as they focus on climate resilience rather than emission caps or compliance."", ""Adaptation funding agreements may not directly affect emissions trading prices, as they are more about climate resilience than cap-and-trade mechanics."", ""Adaptation funding agreements may not directly influence emissions trading prices, as they are separate from carbon market mechanisms.""]",3,1.0,-0.3,-0.3,"[3, 3, 3]"
7439,https://www.renewableenergymagazine.com/biofuels/methanol-reformer-to-deliver-1st-autonomous-emethanol-20251125,,Methanol Reformer To Deliver 1st Autonomous eMethanol Power Generation Container for Ferries in Europe,2025-11-25,https://www.renewableenergymagazine.com/ficheroenergias/fotos/baleria.jpg,renewableenergymagazine.com,English,United States,2,3,eu_context;energy_driver,NO,-1,"[""NO"", ""NO"", ""NO""]","[""eMethanol production may slightly influence carbon intensity metrics but won\u2019t materially shift EU ETS pricing short-term."", ""eMethanol production may slightly influence carbon intensity metrics but doesn\u2019t directly impact EU ETS price volatility."", ""eMethanol production may support decarbonization but doesn\u2019t directly impact EU ETS price volatility.""]",3,1.0,-0.3,-0.3,"[3, 3, 3]"
7445,https://www.hellenicshippingnews.com/european-prices-steady-in-new-lower-range/,,European prices steady in new lower range | Hellenic Shipping News Worldwide,2025-11-28,,hellenicshippingnews.com,English,China,2,3,eu_context;carbon_terms=1,NO,-1,"[""NO"", ""NO"", ""NO""]","[""Steady prices in a lower range suggest limited short-term momentum or policy-driven adjustments, not a clear directional signal."", ""Steady prices in a lower range suggest limited near-term volatility but no strong signal for a sharp directional move."", ""Steady prices in a lower range suggest limited immediate momentum, but could signal structural shifts in emissions trading dynamics.""]",4,1.0,-0.4,-0.4,"[3, 4, 4]"
7451,https://www.prnewswire.com/news-releases/ace-007-ace-profit-whats-next-for-europes-ci-energy-storage-302628600.html,,"Ace 007 , Ace Profit : What Next for Europe C & I Energy Storage ? ",2025-11-30,,prnewswire.com,English,United States,2,2,eu_context,NO,-1,"[""NO"", ""NO"", ""NO""]","[""Energy storage news may hint at policy shifts but lacks concrete data to signal short-term ETS price movement."", ""Energy storage news may signal regulatory or market shifts, but lacks concrete data to confirm short-term ETS price direction."", ""Energy storage news may signal policy shifts but lacks immediate price-driving data.""]",5,1.0,-0.5,-0.5,"[5, 5, 5]"
7457,https://www.globaltimes.cn/page/202512/1349578.shtml,,GT Voice : Controversy over EU CBAM shows multilateralism key for climate action,2025-12-02,https://www.globaltimes.cn/Portals/0/attachment/2025/2025-12-02/e241d417-c9ac-4d68-8ecc-f4d6dd504899.jpeg,globaltimes.cn,English,China,2,8,eu_ets_strong;eu_context,NO,-1,"[""NO"", ""NO"", ""NO""]","[""CBAM controversy may signal regulatory uncertainty, but short-term EU ETS price impact is likely muted without immediate policy shifts."", ""CBAM controversy may signal regulatory uncertainty but doesn\u2019t directly impact short-term EU ETS price volatility."", ""CBAM controversy may influence policy but not directly drive short-term EU ETS price volatility.""]",5,1.0,-0.5,-0.5,"[5, 5, 4]"
7463,https://sciencebusiness.net/network-updates/experts-eua-universities-start-work-post-2030-sustainability-agenda,,Experts from EUA universities start work on post - 2030 sustainability agenda,2025-12-04,,sciencebusiness.net,English,United Kingdom,1,8,eu_ets_strong;eu_context,NO,-1,"[""NO"", ""NO"", ""NO""]","[""Early academic research may influence policy but has limited immediate market impact."", ""Initial academic research may influence long-term policy but has limited immediate impact on short-term ETS pricing."", ""Early academic research may influence policy but has limited immediate market impact.""]",3,1.0,-0.3,-0.3,"[3, 3, 3]"
7469,https://tribune.com.pk/story/2580920/qatar-hopeful-eu-will-address-concerns,,Qatar hopeful EU will address concerns,2025-12-07,https://i.tribune.com.pk/media/images/Qatar-China-deal1669045958-0/Qatar-China-deal1669045958-0-640x480.webp,tribune.com.pk,English,Pakistan,2,2,eu_context,NO,-1,"[""NO"", ""NO"", ""NO""]","[""Qatar\u2019s hope for EU action may reflect diplomatic pressure but lacks concrete policy signals to drive immediate ETS price movement."", ""Qatar\u2019s hope for EU action may reflect diplomatic pressure but lacks concrete policy signals to drive immediate ETS price movement."", ""Qatar\u2019s hope for EU action may reflect diplomatic leverage but lacks concrete policy signals to drive immediate ETS price movement.""]",3,1.0,-0.3,-0.3,"[3, 3, 3]"
7475,https://oilprice.com/Energy/Crude-Oil/Carbon-Tax-Puts-EU-at-Odds-With-Export-Majors.html,https://oilprice.com/Energy/Crude-Oil/Carbon-Tax-Puts-EU-at-Odds-With-Export-Majors.amp.html,Carbon Tax Puts EU at Odds With Export Majors,2025-12-09,https://d32r1sh890xpii.cloudfront.net/article/718x300/2025-12-08_uszvlyjrmc.jpg,oilprice.com,English,United States,2,3,eu_context;carbon_terms=1,NO,-1,"[""NO"", ""NO"", ""NO""]","[""Carbon tax pressures may drive export-oriented firms to seek alternatives, potentially reducing EU ETS demand."", ""Export majors may face higher compliance costs, potentially reducing EU competitiveness and pressuring ETS prices downward."", ""EU carbon pricing pressure may force export firms to adjust operations or face compliance costs, impacting ETS demand.""]",7,1.0,-0.7,-0.7,"[7, 7, 7]"
7481,https://www.jagranjosh.com/current-affairs/eu-climate-change-target-european-union-agrees-to-cut-greenhouse-gas-emissions-by-90-by-2040-from-1990-levels-1850000420-1,,EU Climate Change Target : European Union agrees to cut greenhouse gas emissions by 90 % by 2040 from 1990 levels,2025-12-11,https://img.jagranjosh.com/images/2025/12/11/article/image/EU-1765453793640.jpg,jagranjosh.com,English,India,1,5,eu_context;carbon_terms=2;energy_driver,YES,1,"[""YES"", ""YES"", ""YES""]","[""Stricter 2040 emissions targets increase regulatory pressure and likely boost carbon price through enhanced compliance costs."", ""Stricter 2040 emissions targets signal stronger policy enforcement, likely boosting carbon prices."", ""Stricter 2040 targets signal stronger policy pressure, likely boosting ETS demand and prices.""]",8,1.0,0.8,0.8,"[8, 8, 7]"
7487,https://www.theglobeandmail.com/business/commentary/article-china-cheap-coal-power-renewable-energy-europe/,,China love affair with cheap coal power means European industry cant compete,2025-12-13,https://www.theglobeandmail.com/resizer/v2/FDJXJWARLVAXFE5AQ2EYBPLCTE.jpg?auth=3d909c0780639324e8f95b8bff37569147901b49c18a045e6a2fff927e8d58e0&quality=80&smart=true,theglobeandmail.com,English,Canada,2,3,eu_context;energy_driver,NO,-1,"[""NO"", ""NO"", ""NO""]","[""China's cheap coal power undermines EU industrial competitiveness by lowering global energy prices and increasing carbon intensity."", ""China\u2019s cheap coal power undermines EU industrial competitiveness by increasing global supply and reducing price pressure on EU industries."", ""China\u2019s cheap coal power undermines EU industrial competitiveness by lowering global energy price benchmarks.""]",7,1.0,-0.7,-0.7,"[7, 7, 7]"
7493,https://news.az/news/georgia-proposes-eu-aligned-emissions-rules,,Georgia proposes EU - aligned emissions rules,2025-12-15,https://news.az/photos/2025/12/1765821000.webp,news.az,English,Azerbaijan,1,4,eu_context;carbon_terms=2,NO,-1,"[""NO"", ""NO"", ""NO""]","[""Georgia\u2019s alignment with EU ETS rules may influence future trade or regulatory alignment, but immediate market impact is limited."", ""Georgia\u2019s alignment with EU ETS rules may signal future compliance, but immediate price impact is unlikely without binding implementation or trade."", ""Georgia\u2019s alignment with EU ETS rules may signal future compliance, but immediate market impact is limited without binding implementation or trade.""]",3,1.0,-0.3,-0.3,"[4, 3, 3]"
7499,https://www.marketscreener.com/news/eu-to-strengthen-carbon-levy-on-high-emission-imports-crack-down-on-attempts-to-dodge-it-ce7d50ded081f021,,"EU to strengthen carbon levy on high - emission imports , crack down on attempts to dodge it",2025-12-17,https://cdn.zonebourse.com/static/resize/0/0/images/reuters/2025-08/2025-08-01T060949Z_1_LYNXMPEL701LK_RTROPTP_4_EU-ANTITRUST-M-A.JPG,marketscreener.com,English,,2,4,eu_context;carbon_terms=2,YES,1,"[""YES"", ""YES"", ""YES""]","[""Stronger import carbon levy increases compliance pressure and likely raises ETS prices."", ""Stronger import carbon levy likely to boost EU ETS prices by increasing compliance costs for importers."", ""Increased import penalties likely to boost carbon pricing as firms face higher compliance costs.""]",8,1.0,0.8,0.8,"[8, 8, 8]"
7505,https://www.briefingwire.com/pr/europe-green-steel-market-driving-sustainable-transformation-in-steel-manufacturing,,Europe Green Steel Market : Driving Sustainable Transformation in Steel Manufacturing,2025-12-19,,briefingwire.com,English,United States,1,3,eu_context;carbon_terms=1,NO,-1,"[""NO"", ""NO"", ""NO""]","[""Green steel demand may modestly support ETS prices, but lacks immediate market traction."", ""Green steel demand may slightly lift ETS prices, but lacks immediate market impact."", ""Green steel demand may boost ETS prices indirectly via carbon-intensive sectors, but direct impact is uncertain.""]",3,1.0,-0.3,-0.3,"[3, 3, 3]"
7511,https://maritime-executive.com/article/low-e-fuel-production-slows-europe-s-decarbonization,,Low E - Fuel Production Slows Europe Decarbonization,2025-12-22,https://maritime-executive.com/media/images/article/Kasso-e-methanol-facility-European-Energy.57e606.png,maritime-executive.com,English,United States,2,3,eu_context;carbon_terms=1,NO,-1,"[""NO"", ""NO"", ""NO""]","[""Slower fuel production may reduce emissions, but could also signal weaker industrial activity, creating market uncertainty."", ""Slowing fuel production may reduce emissions but could also signal economic constraints on decarbonization efforts."", ""Slower fuel production may reduce emissions but could also signal policy uncertainty or market hesitation.""]",6,1.0,-0.6,-0.6,"[6, 6, 6]"
7517,https://www.mondaq.com:443/unitedstates/oil-gas-electricity/1723448/european-commission-issues-cbam-operational-rules-and-proposes-downstream-extension-of-the-cbam-scope,,European Commission Issues CBAM Operational Rules And Proposes Downstream Extension Of The CBAM Scope,2025-12-24,http://www.mondaq.com/images/profile/companythumb/1089.webp?v=20241101121806,mondaq.com,English,United States,1,8,eu_ets_strong;eu_context,YES,1,"[""YES"", ""YES"", ""YES""]","[""CBAM operational rules and downstream scope expansion could increase compliance costs and drive demand for EU ETS allowances."", ""CBAM operational rules and downstream scope extension could increase compliance costs and drive demand for carbon credits in the EU ETS."", ""CBAM operational rules and scope extension could increase compliance costs for EU importers, potentially boosting demand for EU ETS allowances.""]",7,1.0,0.7,0.7,"[7, 7, 7]"
7523,https://www.briefingwire.com/pr/carbon-steel-piping-spools-market-industry-dynamics-trends-and-strategic-forecast,,"Carbon Steel Piping Spools Market : Industry Dynamics , Trends , and Strategic Forecast",2025-12-26,,briefingwire.com,English,United States,2,2,carbon_terms=2,NO,-1,"[""NO"", ""NO"", ""NO""]","[""Carbon steel piping spools are not a direct ETS-emitting sector and lack immediate price linkage to EU ETS compliance."", ""Carbon steel piping spools are not a direct ETS-emitting sector and lack immediate price linkage to EU ETS compliance."", ""Carbon steel piping spools are not a direct ETS-emitting sector and lack immediate price linkage to EU ETS compliance.""]",2,1.0,-0.2,-0.2,"[2, 2, 2]"
7529,https://timesofindia.indiatimes.com/technology/tech-news/tesla-bull-dan-ives-on-europes-ai-development-ambitions-they-have-to-choose-if-they-want-to-compete-or/articleshow/126209113.cms,https://timesofindia.indiatimes.com/technology/tech-news/tesla-bull-dan-ives-on-europes-ai-development-ambitions-they-have-to-choose-if-they-want-to-compete-or/amp_articleshow/126209113.cms,Tesla Bull Dan Ives on Europe AI development ambitions : They have to choose if they want to compete or … ,2025-12-28,"https://static.toiimg.com/thumb/msid-126209116,width-1070,height-580,imgsize-109046,resizemode-75,overlay-toi_sw,pt-32,y_pad-500/photo.jpg",timesofindia.indiatimes.com,English,India,1,2,eu_context,NO,-1,"[""NO"", ""NO"", ""NO""]","[""AI development ambitions may influence emissions intensity, but Tesla\u2019s EU ETS exposure is not directly tied to this headline."", ""Tesla\u2019s AI ambitions may influence EU ETS indirectly via emissions from manufacturing, but no direct price signal is implied."", ""AI development ambitions may influence emissions targets, but Tesla\u2019s strategic choices are unlikely to materially shift EU ETS pricing short-term.""]",3,1.0,-0.3,-0.3,"[3, 3, 3]"
7535,https://www.mondaq.com:443/unitedstates/international-trade-investment/1724540/eu-carbon-border-adjustment-mechanism-financial-obligations-commence-amid-proposed-scope-expansion-to-include-new-downstream-products,,EU Carbon Border Adjustment Mechanism : Financial Obligations Commence Amid Proposed Scope Expansion To Include New Downstream Products,2025-12-30,http://www.mondaq.com/images/profile/companythumb/1244.webp?v=20241101121805,mondaq.com,English,United States,1,9,eu_ets_strong;eu_context;carbon_terms=1,YES,1,"[""YES"", ""YES"", ""YES""]","[""Scope expansion may increase compliance costs and drive upward pressure on ETS prices."", ""Scope expansion increases compliance costs and market pressure, likely boosting prices."", ""Scope expansion increases compliance costs and may drive up ETS prices due to higher emissions trading demand.""]",7,1.0,0.7,0.7,"[7, 7, 7]"
7541,https://www.bangkokpost.com/opinion/opinion/3166954/eus-carbon-challenge,,Bangkok Post - EU carbon challenge,2026-01-01,https://static.bangkokpost.com/media/content/20260101/c1_3166954_260101064907_700.jpg,bangkokpost.com,English,Thailand,1,3,eu_context;carbon_terms=1,NO,-1,"[""NO"", ""NO"", ""NO""]","[""Lack of specific policy or market data in the headline limits actionable insight."", ""EU ETS price likely unaffected by a Bangkok Post article unless it details policy shifts or market interventions."", ""Lack of specific details on policy or market actions in the headline limits actionable insight.""]",3,1.0,-0.3,-0.3,"[3, 3, 3]"
7547,https://oilprice.com/Energy/Energy-General/EUs-Carbon-Border-Tax-Goes-Live-and-Trade-Partners-Are-Not-Amused.html,https://oilprice.com/Energy/Energy-General/EUs-Carbon-Border-Tax-Goes-Live-and-Trade-Partners-Are-Not-Amused.amp.html,EU Carbon Border Tax Goes Live and Trade Partners Are Not Amused,2026-01-04,https://d32r1sh890xpii.cloudfront.net/article/718x300/2026-01-04_dzij61wzpt.jpg,oilprice.com,English,United States,1,3,eu_context;carbon_terms=1,YES,1,"[""YES"", ""YES"", ""YES""]","[""Trade partners\u2019 backlash may trigger retaliatory measures, pressuring EU ETS demand."", ""Trade partners\u2019 backlash may trigger retaliatory measures, pressuring EU ETS demand."", ""Trade partners\u2019 backlash may trigger retaliatory measures, pressuring EU ETS demand.""]",8,1.0,0.8,0.8,"[8, 8, 8]"
