url,url_mobile,title,seendate,socialimage,domain,language,sourcecountry
https://business.scoop.co.nz/2023/02/01/three-reasons-petrol-subsidy-is-dumb-election-year-populism/,,"Business . Scoop » Three Reasons Petrol Subsidy Is Dumb , Election Year Populism",20230201T001500Z,,business.scoop.co.nz,English,New Zealand
https://www.capitalpress.com/climate_changed/washington-gop-lawmakers-propose-cap-and-trade-watchdog/article_a2304a74-a0c5-11ed-b29f-c39b607daf35.html,,Washington GOP lawmakers propose cap - and - trade watchdog,20230201T014500Z,https://bloximages.newyork1.vip.townnews.com/capitalpress.com/content/tncms/assets/v3/editorial/6/46/6462bf4a-a1c6-11ed-ae26-bbc726dc3d47/605d29d46a1c3.image.jpg?crop=500%2C500%2C0%2C111,capitalpress.com,English,United States
https://www.gov.ca.gov/2023/01/31/governor-newsom-announces-awards-of-2-5-billion-for-public-transportation-projects-throughout-california/,,Governor Newsom Announces Awards of $2 . 5 Billion for Public Transportation Projects Throughout California – California Governor,20230201T014500Z,,gov.ca.gov,English,United States
https://www.thecentersquare.com/issues/energy/washington-gas-prices-post-fourth-week-of-gains-after-long-decline/article_009feb00-a1b6-11ed-9953-4f86fffa0176.html,https://www.thecentersquare.com/issues/energy/washington-gas-prices-post-fourth-week-of-gains-after-long-decline/article_009feb00-a1b6-11ed-9953-4f86fffa0176.amp.html,Washington gas prices post fourth week of gains after long decline,20230201T014500Z,https://bloximages.newyork1.vip.townnews.com/thecentersquare.com/content/tncms/assets/v3/editorial/d/63/d635ec5e-f16e-11ec-903d-2784f8a5a939/62b1d67bd7413.image.jpg?crop=1763%2C926%2C0%2C124,thecentersquare.com,English,
https://www.sandiegouniontribune.com/business/story/2023-01-31/sdg-e-posts-a-price-drop-of-67-8-for-natural-gas-for-february,,SDG & E posts a price drop of 67 . 8 % for natural gas for February - The San Diego Union - Tribune,20230201T021500Z,https://california-times-brightspot.s3.amazonaws.com/e4/f7/3fa0c9194be5b471d66180da304e/img-0089.JPG,sandiegouniontribune.com,English,United States
https://www.courthousenews.com/la-wins-in-californias-2-5-billion-award-for-local-transit/,,LA wins in California $2 . 5 billion award for local transit,20230201T034500Z,https://www.courthousenews.com/wp-content/uploads/2022/12/B-Line-LA-metro.jpg,courthousenews.com,English,United States
https://www.afr.com/world/europe/russia-sidesteps-western-punishments-with-help-from-its-friends-20230201-p5ch2e,,"Russia sidesteps Western punishments , with help from its friends",20230201T050000Z,https://static.ffx.io/images/$zoom_0.3452%2C$multiply_3%2C$ratio_1.777778%2C$width_1059%2C$x_388%2C$y_37/t_crop_custom/c_scale%2Cw_800%2Cq_88%2Cf_jpg/t_afr_no_label_no_age_social_wm/86c72b1f2c72ba88c15f10cae1a4f31523d32ec6,afr.com,English,Australia
https://thepeninsulaqatar.com/article/01/02/2023/qatar-eyes-carbon-credits-to-meet-emission-cut-target,,Qatar eyes carbon credits to meet emission cut target,20230201T053000Z,https://thepeninsulaqatar.com/get/maximage/20230201_1675227913-720.jpg,thepeninsulaqatar.com,English,Qatar
https://www.digitaljournal.com/pr/news/carbon-credit-trading-platform-market-size-to-reach-317-million-by-2027,,Carbon Credit Trading Platform Market Size to Reach $317 Million by 2027,20230201T053000Z,,digitaljournal.com,English,United States
https://menafn.com/1105506278/Qatar-Eyes-Carbon-Credits-To-Meet-Emission-Cut-Target,,Qatar Eyes Carbon Credits To Meet Emission Cut Target,20230201T054500Z,https://menafn.com/updates/pr/2023-02/01/TP_5aa5fimage_story.jpg,menafn.com,English,Qatar
http://thepeninsulaqatar.com/article/01/02/2023/qatar-eyes-carbon-credits-to-meet-emission-cut-target,,Qatar eyes carbon credits to meet emission cut target,20230201T054500Z,http://thepeninsulaqatar.com/get/maximage/20230201_1675227913-720.jpg,thepeninsulaqatar.com,English,Qatar
https://rightwingnews.com/top-news/wheres-the-runaway-warming/,,Where the Runaway Warming ? | John Hawkin Right Wing News,20230201T060000Z,,rightwingnews.com,English,United States
https://www.businessdailyafrica.com/bd/economy/-drivers-to-pay-daily-congestion-charge-in-war-t-pollution--4106874,https://www.businessdailyafrica.com/bd/economy/-drivers-to-pay-daily-congestion-charge-in-war-t-pollution--4106874?view=htmlamp,Drivers to pay daily congestion charge in war against pollution,20230201T061500Z,https://www.businessdailyafrica.com/resource/blob/4106904/514ff82dae7c82adafd3bb6bf55e879c/traffic-jam-data.jpg,businessdailyafrica.com,English,Kenya
https://www.lexology.com/library/detail.aspx?g=ad13b50e-8f2c-4eb4-abd1-80c900ad73a3,,Courts against climate change ? Climate change litigations are reaching Europe,20230201T081500Z,,lexology.com,English,United States
https://menafn.com/1105506865/Humanising-Capitalism-Jim-Chalmers-Designs-A-New-Version-Of-An-Old-Labor-Project,,Humanising Capitalism : Jim Chalmers Designs A New Version Of ... ,20230201T083000Z,https://menafn.com/updates/pr/2023-02/01/TC_ae2c9image_story.jpg,menafn.com,English,Qatar
https://www.asahi.com/ajw/articles/14829166,,"Japan may face backlash over plans to issue transition bonds | The Asahi Shimbun : Breaking News , Japan News and Analysis",20230201T100000Z,https://p.potaufeu.asahi.com/b9d8-p/picture/27381527/ccdbb6845c47d62a86bed69fccab684b.jpg,asahi.com,English,Japan
https://www.freepressjournal.in/corporate-gallery/union-budget-2023-industry-seeks-incentives-to-promote-renewable-energy,https://www.freepressjournal.in/amp/corporate-gallery/union-budget-2023-industry-seeks-incentives-to-promote-renewable-energy,Union Budget 2023 : Industry seeks incentives to promote renewable energy,20230201T100000Z,https://gumlet.assettype.com/freepressjournal/2023-01/19fb4c32-be3d-48c3-9453-7c6d31572bb0/IANS.jpg?rect=0%2C0%2C3900%2C2048&auto=format%2Ccompress&ogImage=true,freepressjournal.in,English,India
https://www.bignewsnetwork.com/news/273467215/eu-to-loosen-state-aid-rules-in-response-to-us-green-tech-subsidies,,EU to loosen state aid rules in response to US green tech subsidies,20230201T101500Z,https://cdn.bignewsnetwork.com/rfi1675242965.jpg,bignewsnetwork.com,English,United States
https://contentmediasolution.com/business/pre-budget-expectations-quote-ev-sector-neuron-energy/,https://contentmediasolution.com/business/pre-budget-expectations-quote-ev-sector-neuron-energy/amp/,Pre - Budget Expectations Quote EV Sector – Neuron Energy - Content Media Solution,20230201T113000Z,,contentmediasolution.com,English,
https://www.parisguardian.com/news/273467215/eu-to-loosen-state-aid-rules-in-response-to-us-green-tech-subsidies,,EU to loosen state aid rules in response to US green tech subsidies,20230201T120000Z,https://cdn.bignewsnetwork.com/rfi1675242965.jpg,parisguardian.com,English,France
https://www.europesun.com/news/273467215/eu-to-loosen-state-aid-rules-in-response-to-us-green-tech-subsidies,,EU to loosen state aid rules in response to US green tech subsidies,20230201T121500Z,https://cdn.bignewsnetwork.com/rfi1675242965.jpg,europesun.com,English,Russia
https://www.politico.com/newsletters/new-york-playbook/2023/02/01/budget-process-kicks-off-amid-albany-acrimony-00080586,,Budget process kicks off amid Albany acrimony,20230201T133000Z,https://static.politico.com/4f/61/5935159a4cc98c85ed6d5c6c0333/https-delivery-gettyimages.com/downloads/1369594306,politico.com,English,United States
https://www.beijingbulletin.com/news/273467215/eu-to-loosen-state-aid-rules-in-response-to-us-green-tech-subsidies,,EU to loosen state aid rules in response to US green tech subsidies,20230201T134500Z,https://cdn.bignewsnetwork.com/rfi1675242965.jpg,beijingbulletin.com,English,China
https://www.chinanationalnews.com/news/273467215/eu-to-loosen-state-aid-rules-in-response-to-us-green-tech-subsidies,,EU to loosen state aid rules in response to US green tech subsidies,20230201T140000Z,https://cdn.bignewsnetwork.com/rfi1675242965.jpg,chinanationalnews.com,English,China
https://www.ainonline.com/aviation-news/business-aviation/2023-02-01/europes-leap-forward-sustainability,https://www.ainonline.com/aviation-news/business-aviation/2023-02-01/europes-leap-forward-sustainability?amp,Europe Looks at Multiple Initiatives To Improve Business Aviation Sustainability,20230201T140000Z,https://www.ainonline.com/sites/ainonline.com/files/styles/app_large_full/public/uploads/2023/01/farnborough_saf_l1040934.jpg?itok=kan8F4V7,ainonline.com,English,United States
https://mg.co.za/opinion/2023-02-01-whats-green-about-carbon-credit-trading/,https://mg.co.za/opinion/2023-02-01-whats-green-about-carbon-credit-trading/?amp,What green about carbon credit trading ? - The Mail & Guardian,20230201T141500Z,https://mg.co.za/wp-content/uploads/2019/03/805c13c0-00-sa-in-the-red-on-carbon-offset-credits.jpeg,mg.co.za,English,South Africa
https://www.shanghaisun.com/news/273467215/eu-to-loosen-state-aid-rules-in-response-to-us-green-tech-subsidies,,EU to loosen state aid rules in response to US green tech subsidies,20230201T150000Z,https://cdn.bignewsnetwork.com/rfi1675242965.jpg,shanghaisun.com,English,China
https://www.env-econ.net/capandtrade-vs-carbon-tax-survey.html,,Environmental Economics : Cap - and - Trade vs Carbon Tax : What do economists think ? ,20230201T154500Z,,env-econ.net,English,United States
https://www.env-econ.net/five-top-career-opportunities-in-environmental-economics.html,,Environmental Economics : Five Top Career Opportunities in Environmental Economics,20230201T154500Z,,env-econ.net,English,United States
https://www.env-econ.net/carbon_tax_vs_capandtrade.html,,Environmental Economics : ECON 101 : Carbon Tax vs . Cap - and - Trade,20230201T154500Z,,env-econ.net,English,United States
https://www.env-econ.net/green-subsidies.html,,Environmental Economics : ECON 101 : Green Subsidies,20230201T154500Z,http://www.env-econ.net/images/2008/12/11/demanddecrease.jpg,env-econ.net,English,United States
https://www.ainonline.com:443/aviation-news/business-aviation/2023-02-01/europes-leap-forward-sustainability,https://www.ainonline.com/aviation-news/business-aviation/2023-02-01/europes-leap-forward-sustainability?amp,Europe Looks at Multiple Initiatives To Improve Business Aviation Sustainability,20230201T163000Z,https://www.ainonline.com/sites/ainonline.com/files/styles/app_large_full/public/uploads/2023/01/farnborough_saf_l1040934.jpg?itok=kan8F4V7,ainonline.com,English,United States
https://www.kurzy.cz/tema/7886935.html,,Questions and Answers : Green Deal Industrial Plan for the Net - Zero Age,20230201T171500Z,,kurzy.cz,English,Czech Republic
https://pemedianetwork.com/carbon-economist/articles/voluntary-markets-offsets/2023/offsets-standards-body-refutes-media-s-redd-claims/,,Offsets standards body refutes media Redd+ claims,20230201T173000Z,https://pemedianetwork.com/media/11012/forest-home.jpg,pemedianetwork.com,English,
https://www.eubusiness.com/topics/environ/green-deal-industrial-plan-for-the-net-zero-age-guide,,"Green Deal Industrial Plan for the Net - Zero Age - guide EUbusiness . com | EU news , business and politics",20230201T190000Z,,eubusiness.com,English,Greece
https://www.arabnews.com/node/2243086,https://www.arabnews.com/node/2243086/amp,EU bids to fight back in global green race,20230201T191500Z,https://www.arabnews.com/sites/default/files/authors/1527771-ah.png,arabnews.com,English,Saudi Arabia
https://www.rigzone.com/news/european_union_debuts_firstever_carbon_border_tax-01-feb-2023-171933-article/,https://www.rigzone.com/news/european_union_debuts_firstever_carbon_border_tax-01-feb-2023-171933-article/?amp,European Union Debuts First - Ever Carbon Border Tax,20230201T194500Z,https://images.rigzone.com/images/news/articles/European-Union-Debuts-FirstEver-Carbon-Border-Tax-171933-582x327.png,rigzone.com,English,United States
https://www.timesofisrael.com/to-fill-vacuum-ngo-seeks-to-create-local-regional-carbon-trading-scheme/,https://www.timesofisrael.com/to-fill-vacuum-ngo-seeks-to-create-local-regional-carbon-trading-scheme/amp/,"To fill vacuum , NGO seeks to create local , regional carbon trading scheme",20230201T194500Z,https://static.timesofisrael.com/www/uploads/2020/12/iStock-526594745-1024x640.jpg,timesofisrael.com,English,Israel
https://www.politico.com/newsletters/the-long-game/2023/02/01/the-asset-manager-fighting-esg-orthodoxy-00080591,,The asset manager fighting ESG orthodoxy,20230201T194500Z,https://static.politico.com/e2/bc/c4d3f0234afd85fa3386c68a97cd/20230201-ramaswamy-lg.png,politico.com,English,United States
https://www.globenewswire.com/news-release/2023/02/01/2599880/0/en/KlimaDAO-and-SCB-Group-Carbon-Project-Financing-Partnership-Improved-Cookstoves-for-Rohingya-Refugees-in-Bangladesh.html,,KlimaDAO and SCB Group Carbon Project Financing,20230201T194500Z,https://ml.globenewswire.com/Resource/Download/796997f3-d7ae-4126-bc94-d2e1522e558d?size=2,globenewswire.com,English,United States
https://www.heritage.org/environment/report/impact-the-waxman-markey-climate-change-legislation-south-dakota,,Impact of the Waxman - Markey Climate Change Legislation on South Dakota,20230201T200000Z,https://www.heritage.org/themes/heritage/src/images/bell.png,heritage.org,English,United States
https://www.miragenews.com/liberia-hosts-forest-climate-resilience-forum-939352/,,"Liberia Hosts Forest , Climate Resilience Forum",20230201T201500Z,https://www.worldbank.org/content/dam/photos/780x439/2019/may-3/IMF-Flag.jpg,miragenews.com,English,United States
https://www.latimes.com/california/story/2023-02-01/socalgas-bill-relief-for-customers,,How much money will you get back to cover high SoCalGas bills ? ,20230201T223000Z,https://california-times-brightspot.s3.amazonaws.com/15/4e/2f8241384fdaac853f417a51f4fb/1238742-la-me-socalgas-gas-company-truck-rr-20230106-2.jpg,latimes.com,English,United States
https://www.farmersjournal.ie/lessons-to-be-learned-from-the-current-new-zealand-debacle-on-greenhouse-gases-746921,https://www.farmersjournal.ie/amp/lessons-to-be-learned-from-the-current-new-zealand-debacle-on-greenhouse-gases-746921,Lessons to be learned from the current New Zealand debacle on greenhouse gases,20230201T230000Z,https://s3-eu-west-1.amazonaws.com/ifj/WEBFILES/000/746/921/1945338-746921.jpg,farmersjournal.ie,English,Ireland
https://www.streetinsider.com/Globe+Newswire/KlimaDAO+and+SCB+Group+Carbon+Project+Financing+Partnership:+Improved+Cookstoves+for+Rohingya+Refugees+in+Bangladesh/21146794.html,,KlimaDAO and SCB Group Carbon Project Financing Partnership : Improved Cookstoves for Rohingya Refugees in Bangladesh,20230202T004500Z,,streetinsider.com,English,United States
https://www.lexology.com/library/detail.aspx?g=549ed801-4113-45fd-af6c-94f226b7d72a,,How credible are your carbon credits ? ,20230202T004500Z,,lexology.com,English,United States
https://sbr.com.sg/economy/news/what-singapore-can-do-enhance-carbon-trading-hub-status,,What Singapore can do to enhance carbon trading hub status,20230202T004500Z,https://sbr.com.sg/sites/default/files/styles/opengraph/public/2023-02/joshua-ang-gf_kqxhu-py-unsplash.jpg?h=a0def058&itok=t2fXQ4hg,sbr.com.sg,English,Singapore
https://www.bangkokpost.com/business/2496795/wha-targets-5-year-revenue-of-b100bn,,WHA targets 5 - year revenue of B100bn,20230202T024500Z,https://static.bangkokpost.com/media/content/dcx/2023/02/02/4628825_700.jpg,bangkokpost.com,English,Thailand
https://www.prnewswire.com/news-releases/state-awards-31-million-to-lossan-agency-to-enhance-pacific-surfliner-service-301736891.html,,State Awards $31 Million to LOSSAN Agency to Enhance Pacific Surfliner Service,20230202T033000Z,,prnewswire.com,English,United States
https://www.heritage.org/energy-economics/commentary/whos-the-cleanest-them-all,,Who the Cleanest of Them All,20230202T041500Z,https://www.heritage.org/sites/default/files/styles/facebook_optimized/public/images/2018-08/GettyImages-537061697.jpg?itok=i9jRg4ut,heritage.org,English,United States
https://www.streetinsider.com/PRNewswire/State+Awards+$31+Million+to+LOSSAN+Agency+to+Enhance+Pacific+Surfliner+Service/21149889.html,,State Awards $31 Million to LOSSAN Agency to Enhance Pacific Surfliner Service,20230202T043000Z,,streetinsider.com,English,United States
https://www.investorsobserver.com/news/qm-pr/7736667813974210,,KlimaDAO and SCB Group Carbon Project Financing Partnership : Improved Cookstoves for Rohingya Refugees in Bangladesh,20230202T050000Z,,investorsobserver.com,English,
http://www.worldfishcenter.org/blog/asias-blue-capital-can-help-alleviate-hunger-and-poverty,,Asia  blue capital  can help alleviate hunger and poverty,20230202T054500Z,http://www.worldfishcenter.org/sites/default/files/styles/smm1200_x_630/public/images/bg/news/fish%20landing%20Kota%20Kinabalu.JPG?itok=nXOARtYM,worldfishcenter.org,English,Bangladesh
https://www.victoriaadvocate.com/state-awards-31-million-to-lossan-agency-to-enhance-pacific-surfliner-service/article_9013ab61-85d4-5579-8bc6-d76314d3f071.html,,State Awards $31 Million to LOSSAN Agency to Enhance Pacific Surfliner Service,20230202T060000Z,https://bloximages.newyork1.vip.townnews.com/victoriaadvocate.com/content/tncms/assets/v3/editorial/5/48/5481c88f-0247-546f-bc1d-30e8fb3b9fd2/63db2e5b80368.image.jpg?crop=1920%2C1008%2C0%2C35,victoriaadvocate.com,English,United States
http://www.msn.com/en-us/money/markets/when-is-relief-coming-for-soaring-california-gas-bills-what-we-know/ar-AA170qWF,,When is relief coming for soaring California gas bills ? What we know,20230202T063000Z,http://img-s-msn-com.akamaized.net/tenant/amp/entityid/AA170yMX.img?&m=6&q=60&o=t&l=f&f=jpg,msn.com,English,United States
https://tribuneonlineng.com/african-carbon-markets-initiative-a-great-idea-for-climate-finance/,,African carbon markets initiative : A great idea for climate finance ? ,20230202T064500Z,https://tribuneonlineng.com/wp-content/uploads/2023/02/PaoloECOtHUR_03082021180301.jpg,tribuneonlineng.com,English,Nigeria
https://www.liberianobserver.com/liberia-holds-high-level-forest-and-climate-resilience-forum-today,,Liberia Holds High - level Forest and Climate Resilience Forum Today,20230202T064500Z,https://www.liberianobserver.com/sites/default/files/2023-02/conference.jpeg,liberianobserver.com,English,Liberia
http://www.msn.com/en-us/money/markets/when-is-relief-coming-for-soaring-california-gas-bills-what-we-know/ar-AA170oEW,,When is relief coming for soaring California gas bills ? What we know,20230202T071500Z,http://img-s-msn-com.akamaized.net/tenant/amp/entityid/AA170yMX.img?&m=6&q=60&o=t&l=f&f=jpg,msn.com,English,United States
https://carnegieeurope.eu/publications/88914,,"Climate Action , Social Justice , and Democracy : Europe New Trilemma - Carnegie Europe - Carnegie Endowment for International Peace",20230202T073000Z,https://images.carnegieendowment.org/images/article_images/RY-JustTransition-GettyImages-1238772391-1420x770.jpg,carnegieeurope.eu,English,Russia
http://www.liberianobserver.com/liberia-holds-high-level-forest-and-climate-resilience-forum-today,,Liberia Holds High - level Forest and Climate Resilience Forum Today,20230202T074500Z,http://www.liberianobserver.com/sites/default/files/2023-02/conference.jpeg,liberianobserver.com,English,Liberia
https://carnegieeurope.eu/2023/02/02/climate-action-social-justice-and-democracy-europe-s-new-trilemma-pub-88914,,"Climate Action , Social Justice , and Democracy : Europe New Trilemma - Carnegie Europe - Carnegie Endowment for International Peace",20230202T080000Z,https://images.carnegieendowment.org/images/article_images/RY-JustTransition-GettyImages-1238772391-1420x770.jpg,carnegieeurope.eu,English,Russia
https://frontpageafricaonline.com/news/liberia-to-host-forest-and-climate-resilience-forum/,https://frontpageafricaonline.com/amp/news/liberia-to-host-forest-and-climate-resilience-forum/,Liberia To Host Forest and Climate Resilience Forum,20230202T080000Z,https://frontpageafricaonline.com/wp-content/uploads/2023/02/4-1.jpg,frontpageafricaonline.com,English,Liberia
https://www.dailyrepublic.com/all-dr-news/wires/when-is-relief-coming-for-soaring-california-gas-bills-what-we-know-los-angeles-times-2/,,When is relief coming for soaring California gas bills ? What we know [ Los Angeles Times ] ,20230202T081500Z,https://www.dailyrepublic.com/files/2017/06/dailyrepublic_11_1024.png,dailyrepublic.com,English,United States
https://www.dailyrepublic.com/all-dr-news/wires/when-is-relief-coming-for-soaring-california-gas-bills-what-we-know-los-angeles-times/,,When is relief coming for soaring California gas bills ? What we know [ Los Angeles Times ] ,20230202T081500Z,https://www.dailyrepublic.com/files/2017/06/dailyrepublic_11_1024.png,dailyrepublic.com,English,United States
https://allafrica.com/stories/202302020073.html,,Liberia Holds High - Level Forest and Climate Resilience Forum Today,20230202T081500Z,,allafrica.com,English,Nigeria
https://www.downtoearth.org.in/news/wildlife-biodiversity/budget-2023-24-experts-hail-centre-s-mangrove-restoration-scheme-but-stress-on-scientific-implementation-87445,https://www.downtoearth.org.in/news/wildlife-&-biodiversity/amp/budget-2023-24-experts-hail-centre-s-mangrove-restoration-scheme-but-stress-on-scientific-implementation-87445,Budget 2023 - 24 : Experts hail Centre mangrove restoration scheme but stress on scientific implementation,20230202T093000Z,https://cdn.downtoearth.org.in/library/large/2023-02-02/0.35336300_1675319868_mang.jpg,downtoearth.org.in,English,India
https://www.lexology.com/library/detail.aspx?g=da811edf-c943-4331-bcae-7b413d491dae,,Indonesia Legal Policy to Support the Transition to Renewable Energy : A Brief Perspective on the Implementation Plan of Carbon Capture Storage in Indonesia,20230202T093000Z,,lexology.com,English,United States
https://www.kenyans.co.ke/news/85018-govts-plan-introduce-carbon-tax-motorists-faces-resistance,https://www.kenyans.co.ke/news/85018-govts-plan-introduce-carbon-tax-motorists-faces-resistance?amp,Govt Plan to Introduce Carbon Tax for Motorists Faces Resistance,20230202T104500Z,https://www.kenyans.co.ke/files/styles/article_style/public/images/media/Motorists%2C%20Fuel%20Low.jpg?itok=abR5fkrz,kenyans.co.ke,English,
https://shipandbunker.com/news/emea/159374-dan-bunkering-announces-outcome-of-european-merger,,Dan - Bunkering Announces Outcome of European Merger,20230202T120000Z,https://shipandbunker.cdn.speedyrails.net/a/img/_mt_f9ce5afebbf4430a65042168b3f6bbf3.jpg,shipandbunker.com,English,Singapore
https://mg.co.za/author/lisa-esterhuyzen/,,Lisa Esterhuyzen,20230202T134500Z,,mg.co.za,English,South Africa
https://dinsights.katadata.co.id/read/2023/01/25/indonesia-to-start-carbon-trading-for-coal-fired-power-plants,,Indonesia to Start Carbon Trading for Coal - fired Power Plants,20230202T141500Z,https://cdn1.katadata.co.id/media/dinsights/images/thumb/2021/06/03/2021_06_03-09_05_21_7e513a1130ebda9e73a69b73ce3734f4_620x413_thumb.jpg,dinsights.katadata.co.id,English,Indonesia
https://www.downtoearth.org.in/news/wildlife-and-biodiversity/budget-2023-24-experts-hail-centre-s-mangrove-restoration-scheme-but-stress-on-scientific-implementation-87445,https://www.downtoearth.org.in/news/wildlife-&-biodiversity/amp/budget-2023-24-experts-hail-centre-s-mangrove-restoration-scheme-but-stress-on-scientific-implementation-87445,Budget 2023 - 24 : Experts hail Centre mangrove restoration scheme but stress on scientific implementation,20230202T141500Z,https://cdn.downtoearth.org.in/library/large/2023-02-02/0.35336300_1675319868_mang.jpg,downtoearth.org.in,English,India
https://ahdb.org.uk/news/why-the-regulated-uk-emissions-trading-scheme-could-impact-farmers-in-future,,Why the regulated united kingdom Emissions Trading Scheme could impact farmers in future,20230202T141500Z,,ahdb.org.uk,English,
https://www.thegazette.com/agriculture/usda-touts-75m-worth-of-investments-in-rural-iowa/,https://www.thegazette.com/agriculture/usda-touts-75m-worth-of-investments-in-rural-iowa/?amp=1,USDA touts $75M worth of investments in rural Iowa,20230202T141500Z,https://imengine.public.prod.cdr.navigacloud.com/?uuid=cdfa6bd7-4952-5ddf-ac0e-373bbb3f503d&type=preview&q=75,thegazette.com,English,United States
https://en.portnews.ru/news/342377/,,Dan - Bunkering announces Managing & Commercial Director of Dan - Bunkering Europe,20230202T153000Z,,en.portnews.ru,English,
https://economictimes.indiatimes.com/news/et-evoke/business-models-should-factor-in-social-cost-of-carbon-now-james-h-stock/articleshow/97559409.cms,https://m.economictimes.com/news/et-evoke/business-models-should-factor-in-social-cost-of-carbon-now-james-h-stock/amp_articleshow/97559409.cms,James H Stock : Business models should factor in social cost of carbon now : James H Stock,20230202T164500Z,"https://img.etimg.com/thumb/msid-97559455,width-1070,height-580,imgsize-29588,overlay-economictimes/photo.jpg",economictimes.indiatimes.com,English,India
https://uspolitics.einnews.com/pr_news/614794280/relief-for-california-s-gas-price-pains,,Relief for California gas price pains - US Politics Today,20230202T170000Z,,uspolitics.einnews.com,English,United States
https://siouxcityjournal.com/business/usda-touts-75m-worth-of-investments-in-rural-iowa/article_b60cb4b3-8330-5e78-833b-b56431a4a7df.html,,USDA touts $75M worth of investments in rural Iowa,20230202T184500Z,https://bloximages.chicago2.vip.townnews.com/siouxcityjournal.com/content/tncms/assets/v3/editorial/b/60/b60cb4b3-8330-5e78-833b-b56431a4a7df/63dbf2ba097ec.preview.jpg?crop=860%2C452%2C0%2C51,siouxcityjournal.com,English,United States
https://www.marinelog.com/technology/tallink-cruise-ferry-set-for-total-propulsion-control-makeover/,,Tallink cruise ferry set for total propulsion control makeover,20230202T184500Z,https://www.marinelog.com/wp-content/uploads/2023/02/tallinkferry.jpg,marinelog.com,English,United States
https://wcfcourier.com/business/usda-touts-75m-worth-of-investments-in-rural-iowa/article_5df1b414-c340-5725-8a89-c56aad39901d.html,,USDA touts $75M worth of investments in rural Iowa,20230202T190000Z,https://bloximages.chicago2.vip.townnews.com/wcfcourier.com/content/tncms/assets/v3/editorial/5/df/5df1b414-c340-5725-8a89-c56aad39901d/63dbf2ba04934.preview.jpg?crop=860%2C452%2C0%2C51,wcfcourier.com,English,United States
https://globegazette.com/business/usda-touts-75m-worth-of-investments-in-rural-iowa/article_7ff0b3e4-26a2-57fa-887a-35e58ea292d9.html,,USDA touts $75M worth of investments in rural Iowa,20230202T190000Z,https://bloximages.chicago2.vip.townnews.com/globegazette.com/content/tncms/assets/v3/editorial/7/ff/7ff0b3e4-26a2-57fa-887a-35e58ea292d9/63dbf2ba0512d.preview.jpg?crop=860%2C452%2C0%2C51,globegazette.com,English,United States
https://qctimes.com/business/usda-touts-75m-worth-of-investments-in-rural-iowa/article_a4900ecc-4a0e-5e84-ba38-e30ecc6efeae.html,,USDA touts $75M worth of investments in rural Iowa,20230202T193000Z,https://bloximages.chicago2.vip.townnews.com/qctimes.com/content/tncms/assets/v3/editorial/a/49/a4900ecc-4a0e-5e84-ba38-e30ecc6efeae/63dbf2ba07b9b.preview.jpg?crop=860%2C452%2C0%2C51,qctimes.com,English,United States
https://www.politico.com/news/2023/02/02/cap-and-invest-proposal-hochul-budget-00080546,https://www.politico.com/amp/news/2023/02/02/cap-and-invest-proposal-hochul-budget-00080546,  Cap and invest  proposal to be detailed in Hochul budget,20230202T200000Z,https://static.politico.com/98/c5/6095db694984b1d7610d2babea80/ap23010524361663.jpg,politico.com,English,United States
https://nonpareilonline.com/business/usda-touts-75m-worth-of-investments-in-rural-iowa/article_bf1de9e3-17e7-594a-baf3-8edc269d17c5.html,,USDA touts $75M worth of investments in rural Iowa,20230202T200000Z,https://bloximages.chicago2.vip.townnews.com/nonpareilonline.com/content/tncms/assets/v3/editorial/b/f1/bf1de9e3-17e7-594a-baf3-8edc269d17c5/63dbf2ba0515b.preview.jpg?crop=860%2C452%2C0%2C51,nonpareilonline.com,English,United States
https://muscatinejournal.com/business/usda-touts-75m-worth-of-investments-in-rural-iowa/article_b7fe60db-c2b7-5a9e-bda8-67bc8869abe0.html,,USDA touts $75M worth of investments in rural Iowa,20230202T201500Z,https://bloximages.chicago2.vip.townnews.com/muscatinejournal.com/content/tncms/assets/v3/editorial/b/7f/b7fe60db-c2b7-5a9e-bda8-67bc8869abe0/63dbf2ba04f9c.preview.jpg?crop=860%2C452%2C0%2C51,muscatinejournal.com,English,United States
https://thefrontierpost.com/eu-bids-to-fight-back-in-global-green-race/,,EU bids to fight back in global green race,20230202T210000Z,,thefrontierpost.com,English,Pakistan
https://www.latimes.com/california/story/2023-02-02/california-gas-electric-bills-climate-credits-expedited,,"California gas , electric bills will include climate credits early",20230202T211500Z,https://california-times-brightspot.s3.amazonaws.com/5a/5a/aec711d1434490f7f946342dfe82/cpuc-meeting-in-bakersfield-2-6-20.JPG,latimes.com,English,United States
https://www.sandiegouniontribune.com/business/story/2023-02-02/california-gas-electric-bills-climate-credits-expedited,,"California gas , electric bills will include climate credits early - The San Diego Union - Tribune",20230202T230000Z,https://california-times-brightspot.s3.amazonaws.com/17/09/a4dc3eca4189abcaaa8fddfb0a74/2452609-me-0211-porter-ranch-8-brv.JPG,sandiegouniontribune.com,English,United States
https://muscatinejournal.com/mobile/article_b7fe60db-c2b7-5a9e-bda8-67bc8869abe0.html,,,20230202T233000Z,,muscatinejournal.com,English,United States
https://shipandbunker.com/news/emea/159374-dan-bunkering-announces-outcome-of-european-mergers,,Dan - Bunkering Announces Outcome of European Mergers,20230203T024500Z,https://shipandbunker.cdn.speedyrails.net/a/img/_mt_d4ebe1834d73fc4cabcffcc25909b7a1.jpg,shipandbunker.com,English,Singapore
https://www.zerohedge.com/political/high-speed-rail-california-japan-are-different,,  High - Speed Rail  - California & Japan Are Different,20230203T063000Z,https://assets.zerohedge.com/s3fs-public/styles/16_9_max_700/public/2023-02/2023-02-02_13-51-05.jpg?itok=2obCeIQW,zerohedge.com,English,United States
https://economictimes.indiatimes.com/small-biz/trade/exports/insights/carbon-border-tax-why-it-may-have-adverse-impact-on-indias-exports-to-the-eu/articleshow/97571575.cms,https://m.economictimes.com/small-biz/trade/exports/insights/carbon-border-tax-why-it-may-have-adverse-impact-on-indias-exports-to-the-eu/amp_articleshow/97571575.cms,Carbon Border Tax – Why it may have adverse impact on India exports to the EU,20230203T064500Z,"https://img.etimg.com/thumb/msid-97571659,width-1070,height-580,imgsize-250986,overlay-etrise/photo.jpg",economictimes.indiatimes.com,English,India
https://www.thethirdpole.net/en/regional-cooperation/opinion-united-south-asia-can-beat-air-pollution/,,Opinion : A united South Asia can beat air pollution,20230203T114500Z,https://www.thethirdpole.net/content/uploads/2023/02/Kathmandu-Valley-in-smog_Frank-Bienewald_Alamy_DGGDT9-1200px-copy.jpeg,thethirdpole.net,English,India
https://www.socialistsanddemocrats.eu/newsroom/sd-times-weekly-update-weeks-highlights-and-whats-coming-66,,S & D Times - Weekly Update . This week highlights and what coming up,20230203T123000Z,https://www.socialistsanddemocrats.eu/sites/default/files/styles/meta_tags/public/2020-05/weekly-update-use-this-one-2020.jpg?itok=puIfzlUZ,socialistsanddemocrats.eu,English,Austria
https://auto.economictimes.indiatimes.com/topic/4016096/policy-and-regulations,https://auto.economictimes.indiatimes.com/amp/topic/4016096/policy-and-regulations,Policy And Regulations,20230203T124500Z,,auto.economictimes.indiatimes.com,English,India
https://www.jdsupra.com/legalnews/washington-state-implements-major-8720385/,,Washington State Implements Major Programs To Reach Climate Goals | Perkins Coie,20230203T144500Z,https://jdsupra-static.s3.amazonaws.com/profile-images/og.14376_5125.jpg,jdsupra.com,English,United States
https://crosscut.com/politics/2023/02/2050-washington-might-need-buy-energy-other-states,,"By 2050 , Washington might need to buy energy from other states",20230203T161500Z,https://crosscut.com/sites/default/files/styles/max_2000x2000/public/images/articles/windturbines_gm_4.jpg?itok=g9MsK-og,crosscut.com,English,United States
https://www.wastedive.com/news/long-beach-wte-covanta-california-ej/641861/,,"WTE facility in Long Beach , California , will remain open into 2024 following Covanta contract update",20230203T183000Z,https://www.wastedive.com/imgproxy/NHpNS5cGMEB0gIzMSVUdtg0ssmzMeo3JDCP7xX2r6B4/crop:2121:1198/g:nowe:0:293/rs:fill:770:435:0/bG9jYWw6Ly8vZGl2ZWltYWdlL0dldHR5SW1hZ2VzLTEzMDE0NzQ1MDZfMS5qcGc.jpg,wastedive.com,English,United States
https://www.kxly.com/news/by-2050-washington-might-need-to-buy-energy-from-other-states/article_61240f58-a407-11ed-be9c-932e7364ec3f.html,,"By 2050 , Washington might need to buy energy from other states",20230203T214500Z,https://bloximages.newyork1.vip.townnews.com/kxly.com/content/tncms/assets/v3/editorial/5/b3/5b3342de-a408-11ed-8e8e-c70e1a4f7f80/63dd7a56ab93f.image.jpg?crop=960%2C504%2C0%2C68,kxly.com,English,United States
https://www.hellenicshippingnews.com/start-thinking-about-carbon-strategies-today/,,Start thinking about carbon strategies today | Hellenic Shipping News Worldwide,20230203T224500Z,,hellenicshippingnews.com,English,China
https://www.etftrends.com/climate-insights-channel/renewable-energy-was-the-main-supply-of-eu-electricity-in-2022/,https://www.etftrends.com/climate-insights-channel/renewable-energy-was-the-main-supply-of-eu-electricity-in-2022/amp/,Renewable Energy Was the Main Supply of EU Electricity in 2022,20230203T231500Z,https://www.etftrends.com/wp-content/uploads/2023/02/Renewable-Energy-Was-Main-Supply-of-EU-Electricity-in-2022.jpg,etftrends.com,English,China
https://www.capitalpress.com/climate_changed/no-relief-in-sight-from-cap-and-trade-for-washington-farmers/article_652fbafa-a323-11ed-8f56-13946dfc3e4e.html,,No relief in sight from cap - and - trade for Washington farmers,20230204T054500Z,https://bloximages.newyork1.vip.townnews.com/capitalpress.com/content/tncms/assets/v3/editorial/b/29/b2936e10-a358-11ed-846b-2f22ee6067aa/5bf35ecfc7765.image.jpg?crop=300%2C300%2C31%2C0,capitalpress.com,English,United States
https://www.heritage.org/environment/report/any-other-name-energy-cuts-still-stink,,"By Any Other Name , Energy Cuts Still Stink",20230204T060000Z,https://www.heritage.org/themes/heritage/src/images/bell.png,heritage.org,English,United States
https://oilprice.com/Energy/Energy-General/Californias-High-Speed-Rail-Dreams-Just-Arent-Feasible.html,https://oilprice.com/Energy/Energy-General/Californias-High-Speed-Rail-Dreams-Just-Arent-Feasible.amp.html,California High - Speed Rail Dreams Just Arent Feasible,20230204T190000Z,https://d32r1sh890xpii.cloudfront.net/article/718x300/2023-02-03_sglzydqlof.jpg,oilprice.com,English,United States
https://www.heritage.org/environment/report/impact-the-waxman-markey-climate-change-legislation-wisconsin,,Impact of the Waxman - Markey Climate Change Legislation on Wisconsin,20230204T193000Z,https://www.heritage.org/themes/heritage/src/images/bell.png,heritage.org,English,United States
https://www.heritage.org/environment/report/impact-the-waxman-markey-climate-change-legislation-delaware,,Impact of the Waxman - Markey Climate Change Legislation on Delaware,20230204T193000Z,https://www.heritage.org/themes/heritage/src/images/bell.png,heritage.org,English,United States
https://www.wenatcheeworld.com/news/northwest/by-2050-washington-might-need-to-buy-energy-from-other-states/article_8345f874-a3f5-11ed-bb52-671625a77da1.html,,"By 2050 , Washington might need to buy energy from other states",20230204T200000Z,https://bloximages.newyork1.vip.townnews.com/wenatcheeworld.com/content/tncms/assets/v3/editorial/9/90/990900b6-a409-11ed-9888-57b91ccd4ae0/63dd7cdac7d8b.image.jpg?crop=1247%2C655%2C0%2C504,wenatcheeworld.com,English,United States
https://muscatinejournal.com/news/state-and-regional/iowa/dairy-among-iowa-rural-projects-receiving-federal-funding/article_d0856559-be3c-57e3-995e-94c8e6216229.html,,Dairy among Iowa rural projects receiving federal funding,20230205T063000Z,https://bloximages.chicago2.vip.townnews.com/muscatinejournal.com/content/tncms/custom/image/9d8bc390-c549-11ea-93a9-ab4d7ef32cc0.jpg,muscatinejournal.com,English,United States
https://kstp.com/kstp-news/regional/dairy-among-iowa-rural-projects-receiving-federal-funding/,,Dairy among Iowa rural projects receiving federal funding,20230205T064500Z,,kstp.com,English,United States
https://www.kimt.com/news/iowa/dairy-among-iowa-rural-projects-receiving-federal-funding/article_5f3c8b3b-7181-5c99-9baa-96b8f71063dd.html,,Dairy among Iowa rural projects receiving federal funding,20230205T074500Z,https://bloximages.newyork1.vip.townnews.com/kimt.com/content/tncms/custom/image/f95f3b48-3cb7-11ec-8535-8fbeca7607b3.png,kimt.com,English,United States
https://tulsaworld.com/ap/state/dairy-among-iowa-rural-projects-receiving-federal-funding/article_5b219243-d38f-5600-95f4-00eb6049847d.html,,Dairy among Iowa rural projects receiving federal funding,20230205T081500Z,https://bloximages.newyork1.vip.townnews.com/tulsaworld.com/content/tncms/custom/image/aacc4e10-0064-11e7-adc2-d3321407a1f8.jpg,tulsaworld.com,English,United States
https://rightwingnews.com/liberals/unions-struggling-to-get-members-to-rally-behind-dems-2/,,Unions Struggling to Get Members to Rally Behind Dems | John Hawkin Right Wing News,20230205T091500Z,,rightwingnews.com,English,United States
https://www.ottumwacourier.com/news/state_news/dairy-among-iowa-rural-projects-receiving-federal-funding/article_b98ba2b3-9fbb-5cf7-87ff-e7f1b2457a63.html,,Dairy among Iowa rural projects receiving federal funding,20230205T100000Z,https://bloximages.chicago2.vip.townnews.com/ottumwacourier.com/content/tncms/custom/image/a9398452-d203-11ec-9e41-c34073c24b19.jpg,ottumwacourier.com,English,United States
https://tulsaworld.com/ap/state/article_5b219243-d38f-5600-95f4-00eb6049847d.html,,Dairy among Iowa rural projects receiving federal funding,20230205T160000Z,https://bloximages.newyork1.vip.townnews.com/tulsaworld.com/content/tncms/custom/image/aacc4e10-0064-11e7-adc2-d3321407a1f8.jpg,tulsaworld.com,English,United States
https://www.yahoo.com/news/much-money-state-spending-defend-000251772.html,https://news.yahoo.com/amphtml/news/much-money-state-spending-defend-000251772.html,How much money is your state spending to defend against climate change ? What we learned,20230206T013000Z,https://s.yimg.com/ny/api/res/1.2/p5Hx7_PtGReSII594d3AMA--/YXBwaWQ9aGlnaGxhbmRlcjt3PTEyMDA7aD04Mzc-/https://media.zenfs.com/en/star-news/e9958f5a92d26c398554c2654936a621,yahoo.com,English,United States
https://www.prokerala.com/news/articles/a1388814.html,,7 best ways to reduce pollution in Indian cities,20230206T101500Z,,prokerala.com,English,India
http://europe.chinadaily.com.cn/a/202302/06/WS63e09d39a31057c47ebad26a.html,,Emissions reduction program to be relaunched,20230206T114500Z,http://img2.chinadaily.com.cn/images/202302/06/63e09d39a31057c4b4b48d90.jpeg,europe.chinadaily.com.cn,English,China
http://africa.chinadaily.com.cn/a/202302/06/WS63e09d39a31057c47ebad26a.html,,Emissions reduction program to be relaunched,20230206T120000Z,http://img2.chinadaily.com.cn/images/202302/06/63e09d39a31057c4b4b48d90.jpeg,africa.chinadaily.com.cn,English,China
http://usa.chinadaily.com.cn/a/202302/06/WS63e09d39a31057c47ebad26a.html,,Emissions reduction program to be relaunched,20230206T130000Z,http://img2.chinadaily.com.cn/images/202302/06/63e09d39a31057c4b4b48d90.jpeg,usa.chinadaily.com.cn,English,China
https://www.offshore-energy.biz/te-taxing-shipping-pollution-could-raise-1-8bn-a-year-in-uk/,,T & E : Taxing shipping pollution could raise £1 . 8bn a year in united kingdom ,20230206T133000Z,https://www.offshore-energy.biz/wp-content/uploads/sites/6/2023/02/TE.jpg?image-crop-positioner-ts=1675676739,offshore-energy.biz,English,
https://chinadialogue.net/en/climate/how-will-eus-green-tariff-impact-chinas-carbon-market/,,How will EU  green tariff  impact China carbon market ? ,20230206T150000Z,https://cdn.chinadialogue.net/content/uploads/2023/02/06141928/2B1YJ7M-scaled.jpg,chinadialogue.net,English,China
https://www.luxtimes.lu/en/sponsored/2023-a-crossroad-for-infrastructure-investments-63e11ff0de135b92364494d3,,2023 : A crossroad for Infrastructure Investments,20230206T161500Z,https://blobsvc.wort.lu/picture/2764443c57d7a50f6b2c3483aee579e2/600/315/wortv3/1e7027547ae9f09c849862450f719d0d151b8cf0,luxtimes.lu,English,Luxembourg
https://indianewengland.com/7-best-ways-to-reduce-pollution-in-indian-cities/,,7 best ways to reduce pollution in Indian cities - INDIA New England News,20230206T164500Z,https://indianewengland.com/wp-content/uploads/2023/02/pollution.jpg,indianewengland.com,English,India
https://www.politico.com/newsletters/weekly-new-york-new-jersey-energy/2023/02/06/waterfront-commission-faces-tough-calls-00081260,,Waterfront Commission faces tough calls,20230206T173000Z,https://static.politico.com/da/f5/44342c424c68b675719324b1106b/politico.jpg,politico.com,English,United States
https://www.gopusa.com/californians-were-blindsided-by-sky-high-natural-gas-bills/,,Californians were blindsided by sky - high natural gas bills,20230206T214500Z,https://www.gopusa.com/wp-content/uploads/2022/05/gas_prices_sky_high.jpg,gopusa.com,English,United States
https://www.hellenicshippingnews.com/uk-government-missing-out-on-nearly-2bn-a-year-by-not-taxing-shipping-pollution/,,UK government missing out on nearly £2bn a year by not taxing shipping pollution,20230207T004500Z,,hellenicshippingnews.com,English,China
https://community.scoop.co.nz/2023/02/david-seymour-speech-the-road-to-real-change/,,Community Scoop » David Seymour Speech : The Road To Real Change,20230207T013000Z,,community.scoop.co.nz,English,New Zealand
http://www.voxy.co.nz/politics/5/412659,,David Seymour speech : The road to real change,20230207T024500Z,,voxy.co.nz,English,New Zealand
https://www.rnz.co.nz/news/political/483796/act-s-seymour-targets-national-co-governance-in-speech,https://amp.rnz.co.nz/article/26da26e8-af65-42de-8415-dd06591518bc,"ACT Seymour targets National , co - governance in speech",20230207T033000Z,https://rnz-ressh.cloudinary.com/image/upload/s--5QXYMchZ--/t_tohu-badge-facebook/4LNZK8F_RNZD5459_jpg,rnz.co.nz,English,
https://energy.einnews.com/pr_news/615545935/governor-newsom-calls-for-federal-investigation-of-high-natural-gas-prices-as-california-provides-relief,https://energy.einnews.com/amp/pr_news/615545935/governor-newsom-calls-for-federal-investigation-of-high-natural-gas-prices-as-california-provides-relief,Governor Newsom Calls for Federal Investigation of High Natural Gas Prices As California Provides Relief,20230207T033000Z,,energy.einnews.com,English,United States
https://mb.com.ph/2023/02/07/denso-ph-starts-smart-farm-in-batangas/,https://mb.com.ph/2023/02/07/denso-ph-starts-smart-farm-in-batangas/?amp,Denso PH starts smart farm in Batangas,20230207T090000Z,https://mb.com.ph/wp-content/uploads/2023/02/124261.png,mb.com.ph,English,Philippines
https://www.finsmes.com/2023/02/the-zero-fund-raises-eur400k-in-pre-seed-funding.html,,The Zero Fund Raises EUR400K in Pre - Seed Funding,20230207T100000Z,https://www.finsmes.com/wp-content/uploads/2023/02/thezerofund.jpeg,finsmes.com,English,United States
https://www.nytimes.com/2023/02/07/opinion/energy-efficency-new-york.html,https://www.nytimes.com/2023/02/07/opinion/energy-efficency-new-york.amp.html,Opinion | Can New York City Become the World Greenest City Without Becoming More Unaffordable ? ,20230207T110000Z,https://static01.nyt.com/images/2023/01/27/opinion/27greenberg/27greenberg-facebookJumbo.jpg,nytimes.com,English,United States
https://www.cemnet.com/News/story/174278/carbon-re-report-assesses-technologies-for-decarbonisation.html,,Carbon Re report assesses technologies for decarbonisation,20230207T110000Z,,cemnet.com,English,United States
https://www.eco-business.com/news/how-will-eus-green-tariff-impact-chinas-carbon-market/,,How will EU  green tariff  impact China carbon market ? | News | Eco - Business,20230207T111500Z,https://eco-business.imgix.net/ebmedia/fileuploads/3999131900_cbe4a7ff92_b.jpg?fit=crop&ixlib=django-1.2.0&q=85,eco-business.com,English,China
https://www.nytimes.com/interactive/2023/climate/climate-change-faq.html,,Have Climate Questions ? Get Answers Here . ,20230207T120000Z,https://static01.nyt.com/images/2023/01/25/climate/00cli-faq-stillpromo/00cli-faq-stillpromo-facebookJumbo.jpg,nytimes.com,English,United States
https://www.businessghana.com/site/news/general/279454/Energy-transition-policies-and-regulatory-developments-light-up-across-Africa,,Energy transition policies and regulatory developments light up across Africa,20230207T120000Z,,businessghana.com,English,Ghana
http://www.businessghana.com/site/news/general/279454/Energy-transition-policies-and-regulatory-developments-light-up-across-Africa,,Energy transition policies and regulatory developments light up across Africa,20230207T121500Z,,businessghana.com,English,Ghana
http://www.ruthfullyyours.com/page/8526/,,RUTHFULLY YOURS,20230207T130000Z,,ruthfullyyours.com,English,United States
https://en.portnews.ru/news/342571/,,Wilhelmsen Ship Management and Affinity Shipping team up to launch full EU emissions reporting and trading services,20230207T130000Z,,en.portnews.ru,English,
https://www.marinelink.com/news/wsm-affinity-shipping-team-emission-502717,,"WSM , Affinity Shipping Team On Emission Reporting",20230207T141500Z,https://images.marinelink.com/images/maritime/w800/left-carl-schou-ceo-and-138542.jpg,marinelink.com,English,United States
https://bellona.org/news/eu/2023-01-swedish-presidency-of-the-eu-council-what-this-means-for-climate-action,,Swedish Presidency of the EU Council : What this means for climate action,20230207T144500Z,https://network.bellona.org/content/uploads/sites/3/2023/01/SE.png,bellona.org,English,Russia
https://www.hellenicshippingnews.com/a-pricey-omission-not-charging-ships-for-their-pollution-costs-the-uk-dearly/,,A pricey omission : not charging ships for their pollution costs the united kingdom dearly | Hellenic Shipping News Worldwide,20230207T151500Z,,hellenicshippingnews.com,English,China
https://www.eenews.net/articles/fetterman-tries-to-straddle-democratic-energy-divide/,,Fetterman tries to straddle Democratic energy divide,20230207T160000Z,https://static.politico.com/a4/ae/bd4f1395429dad439e0644585827/20230126-fetterman-francis-3.jpg,eenews.net,English,United States
https://www.resilience.org/stories/2023-02-07/as-us-eu-trade-tensions-rise-conflicting-carbon-tariffs-could-undermine-climate-efforts/,,"As US - EU trade tensions rise , conflicting carbon tariffs could undermine climate efforts",20230207T163000Z,https://www.resilience.org/wp-content/uploads/2023/02/SteelMill_interior.jpg,resilience.org,English,United States
https://www.thedailystar.net/opinion/views/news/why-carbon-emissions-could-cost-bangladeshi-rmg-makers-3241701,https://www.thedailystar.net/opinion/views/news/why-carbon-emissions-could-cost-bangladeshi-rmg-makers-3241701?amp,Why carbon emissions could cost Bangladeshi RMG makers,20230207T163000Z,,thedailystar.net,English,Bangladesh
http://www.maritimeprofessional.com/news/affinity-shipping-team-emission-reporting-382668,,"WSM , Affinity Shipping Team on Emission Reporting",20230207T171500Z,https://images.maritimeprofessional.com/images/maritime/w800/schou-president-right-richard-fulfordsmith-138542.jpg,maritimeprofessional.com,English,United States
https://www.offshore-energy.biz/wsm-affinity-shipping-to-establish-1st-eu-ets-compliance-company/,,"WSM , Affinity Shipping to establish 1st EU ETS compliance company",20230207T173000Z,https://www.offshore-energy.biz/wp-content/uploads/sites/6/2023/02/wsm-lpg-night-sail.jpg?image-crop-positioner-ts=1675776896,offshore-energy.biz,English,
https://cleantechnica.com/2023/02/07/a-pricey-omission-not-charging-ships-for-their-pollution-costs-the-uk-dearly-1-6bn-yr/,https://cleantechnica.com/2023/02/07/a-pricey-omission-not-charging-ships-for-their-pollution-costs-the-uk-dearly-1-6bn-yr/amp/,"A Pricey Omission : Not Charging Ships for Their Pollution Costs the united kingdom Dearly , £1 . 6bn / yr",20230207T174500Z,https://cleantechnica.com/files/2019/11/Estraden-at-night-Norsepower-e1675781864840-1024x576.png,cleantechnica.com,English,United States
https://financialpost.com/pmn/business-pmn/global-carbon-markets-value-hit-record-909-bln-last-year,https://financialpost.com/pmn/business-pmn/global-carbon-markets-value-hit-record-909-bln-last-year/wcm/326f791e-ed67-4074-9d70-6ef92bb88d6d/amp/,Global carbon markets value hit record $909 bln last year,20230207T181500Z,,financialpost.com,English,Canada
https://www.ktvu.com/news/newsom-wants-investigation-into-soaring-natural-gas-costs-in-california,https://www.ktvu.com/news/newsom-wants-investigation-into-soaring-natural-gas-costs-in-california.amp,Newsom wants investigation into soaring natural gas costs in California,20230207T181500Z,https://images.foxtv.com/static.ktvu.com/www.ktvu.com/content/uploads/2023/02/1280/720/pge-gas.jpg?ve=1&tl=1,ktvu.com,English,United States
https://scroll.in/article/1043272/south-asian-countries-must-unite-if-they-want-to-tackle-worsening-air-pollution,https://amp.scroll.in/article/1043272/south-asian-countries-must-unite-if-they-want-to-tackle-worsening-air-pollution,South Asian countries must unite if they want to tackle worsening air pollution,20230207T183000Z,https://s01.sgp1.cdn.digitaloceanspaces.com/book/186500-squqdwpxxg-1675584890.jpg,scroll.in,English,India
https://www.capitalpress.com/climate_changed/washington-lawmaker-proposes-cap-and-trade-rebates-for-farmers/article_c04b5ffa-a66d-11ed-94fd-6369488d3f28.html,,Washington lawmaker proposes cap - and - trade rebates for farmers,20230207T193000Z,https://bloximages.newyork1.vip.townnews.com/capitalpress.com/content/tncms/assets/v3/editorial/8/04/804982be-a67d-11ed-8b49-6799d6806562/5bf3589be9d63.image.jpg?crop=350%2C350%2C87%2C0,capitalpress.com,English,United States
https://markets.financialcontent.com/stocks/article/bizwire-2023-2-7-carbon-strategy-etf-nyse-karb-to-ring-the-closing-bell-at-the-new-york-stock-exchange,,Stock Market | FinancialContent Business Page,20230207T204500Z,,markets.financialcontent.com,English,United States
https://www.streetinsider.com/Business+Wire/Carbon+Strategy+ETF+(NYSE:+KARB)+to+Ring+the+Closing+Bell%C2%AE+at+the+New+York+Stock+Exchange/21175427.html,,Carbon Strategy ETF ( NYSE : KARB ) to Ring the Closing Bell® at the New York Stock Exchange,20230207T204500Z,,streetinsider.com,English,United States
https://patch.com/california/across-ca/newsom-urges-feds-investigate-gas-prices-utility-bills-skyrocket,https://patch.com/california/across-ca/amp/31194018/ca-urges-feds-to-probe-gas-companies-increases-rebates,"CA Urges Feds To Probe Gas Companies , Increases Rebates",20230207T211500Z,https://patch.com/img/cdn20/getty/920517/20230206/100457/styles/patch_image/public/gettyimages-1461443718___06214129900.jpg,patch.com,English,United States
https://www.tmcnet.com/usubmit/2023/02/07/9756724.htm,,Carbon Strategy ETF ( NYSE : KARB ) to Ring the Closing Bell® at the New York Stock Exchange,20230207T211500Z,https://images.tmcnet.com/tmc/world.jpg,tmcnet.com,English,United States
https://www.arabherald.com/news/273494981/zambia-uae-sign-carbon-emission-reduction-cooperation-agreement,,"Zambia , UAE sign carbon emission reduction cooperation agreement",20230207T211500Z,,arabherald.com,English,Syria
https://www.theage.com.au/politics/federal/there-s-a-message-for-voice-supporters-in-thorpe-s-departure-from-greens-20230206-p5cicy.html,https://amp.theage.com.au/politics/federal/there-s-a-message-for-voice-supporters-in-thorpe-s-departure-from-greens-20230206-p5cicy.html,Lidia Thorpe departure from Greens should spur action from supporters of the Voice,20230207T213000Z,https://static.ffx.io/images/$zoom_0.6157%2C$multiply_0.7554%2C$ratio_1.776846%2C$width_1059%2C$x_0%2C$y_357/t_crop_custom/q_86%2Cf_auto/t_theage_no_label_no_age_social_wm/8ea9aa1e5665d1b446147b19f209f0469c8ac3bc,theage.com.au,English,Australia
https://www.thecentersquare.com/california/gavin-newsom-calls-for-federal-investigation-into-high-natural-gas-prices-as-state-provides-heating/article_3914fb04-a726-11ed-a973-074488711b80.html,https://www.thecentersquare.com/california/gavin-newsom-calls-for-federal-investigation-into-high-natural-gas-prices-as-state-provides-heating/article_3914fb04-a726-11ed-a973-074488711b80.amp.html,Gavin Newsom calls for federal investigation into high natural gas prices as state provides heating bill relief,20230207T214500Z,https://bloximages.newyork1.vip.townnews.com/thecentersquare.com/content/tncms/assets/v3/editorial/d/69/d69ac80e-a726-11ed-a1b3-dbce77079eec/63e2b6012e3c9.image.jpg?crop=1024%2C538%2C0%2C72,thecentersquare.com,English,
https://www.businessdailyafrica.com/bd/opinion-analysis/columnists/could-carbon-credits-be-kenya-s-next-leading-export-product--4115202,https://www.businessdailyafrica.com/bd/opinion-analysis/columnists/could-carbon-credits-be-kenya-s-next-leading-export-product--4115202?view=htmlamp,Could carbon credits be Kenya next leading export product ? ,20230207T214500Z,https://www.businessdailyafrica.com/resource/blob/4115216/8fac02ccda0b2bc563346d54338d7bc4/aberdare-data.jpg,businessdailyafrica.com,English,Kenya
https://www.bangkokpost.com/business/2501716/markets-meant-to-limit-climate-change,,Markets meant to limit climate change,20230207T230000Z,https://static.bangkokpost.com/media/content/20230208/c1_2501716_230208054142_700.jpg,bangkokpost.com,English,Thailand
https://apnews.com/article/abortion-politics-united-states-senate-house-of-representatives-us-republican-party-af90128104dd1f9b08f8b9ab461976e5,,Virginia lawmakers hustle as key session deadline approaches,20230207T234500Z,https://storage.googleapis.com/afs-prod/media/afs:Medium:751921853724/700.png,apnews.com,English,United States
https://www.glennbeck.com/glenn-tv/alex-stein-professional-troll,https://www.glennbeck.com/amp/alex-stein-professional-troll-2659384806,What Drove Alex Stein To Become A  Professional Troll  ,20230208T000000Z,https://assets.rebelmouse.io/eyJhbGciOiJIUzI1NiIsInR5cCI6IkpXVCJ9.eyJpbWFnZSI6Imh0dHBzOi8vYXNzZXRzLnJibC5tcy8zMjk5MjQ4Ny9vcmlnaW4uanBnIiwiZXhwaXJlc19hdCI6MTczNzM4NzI4N30.m24Cu0_9FgS8N4O9pnSBiqMQMY52oFyhgEWMLGShAxY/img.jpg?&coordinates=0%2C0%2C0%2C80,glennbeck.com,English,United States
https://www.middleeaststar.com/news/273494981/zambia-uae-sign-carbon-emission-reduction-cooperation-agreement,,"Zambia , UAE sign carbon emission reduction cooperation agreement",20230208T000000Z,,middleeaststar.com,English,Syria
https://www.sfexaminer.com/news/gavin-newsom-wants-us-probe-into-california-utility-prices/article_1bca66fc-a72f-11ed-922f-a36fe2719771.html,,Gavin Newsom wants U . S . probe into California utility prices,20230208T001500Z,https://bloximages.chicago2.vip.townnews.com/sfexaminer.com/content/tncms/assets/v3/editorial/a/c9/ac93cf9e-a733-11ed-97a6-03eddabbc954/63e2cc331464a.image.jpg?crop=1771%2C930%2C0%2C120,sfexaminer.com,English,United States
https://www.hellenicshippingnews.com/wilhelmsen-ship-management-and-affinity-shipping-team-up-to-launch-full-eu-emissions-reporting-and-trading-services/,,Wilhelmsen Ship Management and Affinity Shipping team up to launch full EU emissions reporting and trading services,20230208T003000Z,,hellenicshippingnews.com,English,China
https://www.wvgazettemail.com/news/legislative_session/wv-house-committee-approves-bill-that-would-impose-time-limits-excise-tax-on-forest-carbon/article_d435b221-cb99-5f5a-a9db-9ea61bf98529.html,,"WV House committee approves bill that would impose time limits , excise tax on forest carbon offset agreements",20230208T010000Z,https://bloximages.newyork1.vip.townnews.com/wvgazettemail.com/content/tncms/assets/v3/editorial/d/43/d435b221-cb99-5f5a-a9db-9ea61bf98529/63e2e9fe3f9aa.preview.jpg?crop=1502%2C789%2C0%2C295,wvgazettemail.com,English,United States
https://www.winchesterstar.com/associated_press/washington/virginia-lawmakers-hustle-as-key-session-deadline-approaches/article_6fc1bff0-3af5-5566-b0a5-2317e08d415d.html,,Virginia lawmakers hustle as key session deadline approaches,20230208T013000Z,https://bloximages.newyork1.vip.townnews.com/winchesterstar.com/content/tncms/custom/image/b90e1064-655d-11e6-b66e-837339c5a247.jpg,winchesterstar.com,English,United States
https://www.africaleader.com/news/273494981/zambia-uae-sign-carbon-emission-reduction-cooperation-agreement,,"Zambia , UAE sign carbon emission reduction cooperation agreement",20230208T014500Z,,africaleader.com,English,South Africa
https://www.loudountimes.com/news/virginia-lawmakers-hustle-as-key-session-deadline-approaches/article_9b71b911-9caf-55c0-ab8e-0c978e84ba6e.html,,Virginia lawmakers hustle as key session deadline approaches,20230208T020000Z,https://bloximages.newyork1.vip.townnews.com/loudountimes.com/content/tncms/assets/v3/editorial/1/93/19309042-3026-5a7f-9450-740a85741ef2/63e2e260d7b7a.image.jpg?crop=1763%2C926%2C0%2C124,loudountimes.com,English,United States
https://www.foxla.com/news/newsom-wants-investigation-into-soaring-natural-gas-costs-in-california,https://www.foxla.com/news/newsom-wants-investigation-into-soaring-natural-gas-costs-in-california.amp,Newsom wants investigation into soaring natural gas costs in California,20230208T021500Z,https://images.foxtv.com/static.foxla.com/www.foxla.com/content/uploads/2023/02/1280/720/pge-gas.jpg?ve=1&tl=1,foxla.com,English,United States
https://www.freepressjournal.in/analysis/fear-of-the-unknown-evolution-of-financial-assets,https://www.freepressjournal.in/amp/analysis/fear-of-the-unknown-evolution-of-financial-assets,Fear of the unknown : Evolution of financial assets,20230208T021500Z,https://gumlet.assettype.com/freepressjournal/import/2016/11/etc-2nd-lead-1.jpg?rect=0%2C0%2C3900%2C2048&auto=format%2Ccompress&ogImage=true,freepressjournal.in,English,India
https://www.caledonianrecord.com/news/national/virginia-lawmakers-hustle-ahead-of-legislative-deadline/article_4d943966-9d87-5739-8838-b99cf51846c3.html,,Virginia lawmakers hustle ahead of legislative deadline,20230208T023000Z,https://bloximages.newyork1.vip.townnews.com/caledonianrecord.com/content/tncms/assets/v3/editorial/4/a4/4a4b6b24-4406-5609-a897-ada2e2f08710/63e2ead490f0e.image.jpg?crop=1763%2C926%2C0%2C124,caledonianrecord.com,English,United States
https://www.kpbs.org/news/local/2023/02/07/california-public-utilities-commission-explores-natural-gas-price-spike-but-is-short-on-solutions,,"California Public Utilities Commission explores natural gas price spike , but is short on solutions",20230208T024500Z,http://kpbs-brightspot.s3.amazonaws.com/d7/63/65c762c64d3fbd560c170322f6f5/gas-stove-temecula.jpg,kpbs.org,English,United States
http://www.dailypress.com/government/virginia/vp-nw-virginia-legislature-20230207-n5ls67xtond4nicocnfyili7uu-story.html,,Virginia lawmakers are hustling as a key deadline approaches for the General Assembly . Here where things stand . – Daily Press,20230208T024500Z,https://www.dailypress.com/resizer/4Iih7OSQatPUciBRdv5m0H_vkPo=/1200x630/filters:format(jpg):quality(70)/cloudfront-us-east-1.images.arcpublishing.com/tronc/AAGOQX6Y75K6344GQRGK3HFLVA.jpg,dailypress.com,English,United States
https://www.register-herald.com/news/nation_world/virginia-lawmakers-hustle-ahead-of-legislative-deadline/article_e12fc6f7-841f-5c0e-9b32-dbf74bb28b9e.html,,Virginia lawmakers hustle ahead of legislative deadline,20230208T040000Z,https://bloximages.chicago2.vip.townnews.com/register-herald.com/content/tncms/assets/v3/editorial/f/f7/ff7afa3f-8778-5715-b43a-3f3c1f0369e3/63e2eb71078bf.image.jpg?crop=1763%2C926%2C0%2C124,register-herald.com,English,United States
https://www.nbcwashington.com/news/local/virginia-lawmakers-hustle-as-key-session-deadline-approaches/3273845/,https://www.nbcwashington.com/news/local/virginia-lawmakers-hustle-as-key-session-deadline-approaches/3273845/?amp=1,Virginia Lawmakers Hustle as Key Session Deadline Approaches – NBC4 Washington,20230208T044500Z,https://media.nbcwashington.com/2019/09/110816-virginia-flag.jpg?quality=85&strip=all,nbcwashington.com,English,United States
https://www.politico.eu/article/von-der-leyen-climate-vision-minefield-european-commission-epp/,https://www.politico.eu/article/von-der-leyen-climate-vision-minefield-european-commission-epp/amp/,Ursula von der Leyen climate vision is now an existential minefield – POLITICO,20230208T050000Z,"https://www.politico.eu/cdn-cgi/image/width=1200,height=630,fit=crop,quality=80,onerror=redirect/wp-content/uploads/2023/02/07/GettyImages-1246713483-scaled.jpg",politico.eu,English,United States
https://www.finanznachrichten.de/nachrichten-2023-02/58257602-enmacc-gmbh-enmacc-launches-guarantees-of-origin-trading-after-completing-the-second-close-of-their-series-b-funding-round-004.htm,,Enmacc GmbH : Enmacc Launches Guarantees of Origin Trading After Completing the Second Close of Their Series B Funding Round,20230208T083000Z,https://cts.businesswire.com/ct/CT?id=bwnews&sty=20230208005063r1&sid=gefi2&distro=ftp,finanznachrichten.de,English,Germany
https://www.afp.com/en/news/1314/enmacc-launches-guarantees-origin-trading-after-completing-second-close-their-series-b-funding-round-202302080050631,,Enmacc Launches Guarantees of Origin Trading After Completing the Second Close of Their Series B Funding Round,20230208T084500Z,,afp.com,English,United States
https://www.afr.com/policy/energy-and-climate/nab-buys-into-global-carbon-exchange-to-create-new-credits-for-farmers-20230208-p5civi,,Carbon challenge : NAB buys into global exchange to create new credits for farmers,20230208T091500Z,https://static.ffx.io/images/$zoom_0.3881%2C$multiply_3%2C$ratio_1.777778%2C$width_1059%2C$x_151%2C$y_362/t_crop_custom/c_scale%2Cw_800%2Cq_88%2Cf_jpg/t_afr_no_label_no_age_social_wm/9336aa908b19596ca279e124653dd4aa005075d8,afr.com,English,Australia
https://www.finsmes.com/2023/02/enmacc-completes-second-close-of-series-b-funding.html,,Enmacc Completes Second Close of Series B Funding,20230208T101500Z,https://www.finsmes.com/wp-content/uploads/2023/02/enmacc.png,finsmes.com,English,United States
https://foreignaffairs.co.nz/2023/02/08/mil-osi-new-zealand-energy-news-governments-biofuels-decision-a-good-first-start-energy-resources-aotearoa/,,MIL - OSI New Zealand : Energy News – Government biofuels decision a good first start – Energy Resources Aotearoa,20230208T101500Z,,foreignaffairs.co.nz,English,New Zealand
https://business.scoop.co.nz/2023/02/08/governments-biofuels-decision-a-good-first-start-energy-resources-aotearoa/,,Business . Scoop » Government Biofuels Decision A Good First Start – Energy Resources Aotearoa,20230208T111500Z,,business.scoop.co.nz,English,New Zealand
https://www.hellenicshippingnews.com/commodity-tracker-5-charts-to-watch-this-week-65/,,Commodity Tracker : 5 charts to watch this week | Hellenic Shipping News Worldwide,20230208T114500Z,,hellenicshippingnews.com,English,China
https://www.fox5dc.com/news/virginia-general-assembly-churned-through-hundreds-of-bills-on-crossover-day,https://www.fox5dc.com/news/virginia-general-assembly-churned-through-hundreds-of-bills-on-crossover-day.amp,Virginia General Assembly churned through hundreds of bills on  crossover  day,20230208T140000Z,https://images.foxtv.com/static.fox5dc.com/www.fox5dc.com/content/uploads/2023/02/1280/720/Virginia-State-Capitol.jpg?ve=1&tl=1,fox5dc.com,English,United States
https://www.etftrends.com/climate-insights-channel/californias-aggressive-climate-measures-puts-this-etf-in-play/,https://www.etftrends.com/climate-insights-channel/californias-aggressive-climate-measures-puts-this-etf-in-play/amp/,California Aggressive Climate Measures Puts this ETF in Play,20230208T161500Z,https://www.etftrends.com/wp-content/uploads/2023/02/Californias-Aggressive-Climate-Measures-Puts-this-ETF-in-Play.jpg,etftrends.com,English,China
https://shipandbunker.com/news/emea/884982-include-international-shipping-for-greater-carbon-tax-take-te-tells-uk,,"Include International Shipping For Greater Carbon tax Take , T & E tells united kingdom ",20230208T170000Z,https://shipandbunker.cdn.speedyrails.net/a/img/_mt_e5eae171aa500867b4aeb44332c8d44b.jpg,shipandbunker.com,English,Singapore
https://www.fastmarkets.com/insights/forest-carbon-markets-carbon-pricing-mechanisms,,Forest carbon markets : Carbon pricing mechanisms,20230208T170000Z,https://fastmarkets-production-web.s3.amazonaws.com/brightspot/6e/07/7996cc064f6b81eb6b7b393f57bd/microsoftteams-image-29.png,fastmarkets.com,English,China
https://www.ship-technology.com/news/wsm-affinity-shipping-compliance-services/,,WSM and Affinity Shipping launch new compliance services entity,20230208T191500Z,https://www.ship-technology.com/wp-content/uploads/sites/8/2023/02/Untitled.jpg,ship-technology.com,English,United States
https://menafn.com/1105545738/How-To-Win-Over-Alberta-On-The-Just-Transition-To-A-Low-Carbon-Energy-Sector,,How To Win Over Alberta On The  Just Transition  To A Low - Ca ... ,20230208T211500Z,https://menafn.com/updates/pr/2023-02/08/TC_053c2image_story.jpg,menafn.com,English,Qatar
https://lbpost.com/news/utilities-commission-could-approve-7-5-million-relief-program-for-those-affected-by-high-gas-bills,,Utilities Commission could approve $7 . 5 million relief program for those affected by high gas bills • Long Beach Post News,20230208T221500Z,https://img.lbpost.com/wp-content/uploads/2023/01/11125759/0111-Gas-1.jpg,lbpost.com,English,United States
https://www.theguardian.com/australia-news/commentisfree/2023/feb/09/fossil-fuel-companies-wont-save-us-from-climate-change-we-need-governments-to-step-up,https://amp.theguardian.com/australia-news/commentisfree/2023/feb/09/fossil-fuel-companies-wont-save-us-from-climate-change-we-need-governments-to-step-up,Fossil fuel companies wont save us from climate change . We need governments to step up | Adam Morton,20230209T001500Z,https://i.guim.co.uk/img/media/246bd829b9c73334fa703b382d6f6e32414386d0/0_164_4000_2401/master/4000.jpg?&quality=85&auto=format&fit=crop&overlay-align=bottom%2Cleft&overlay-width=100p&overlay-base64=L2ltZy9zdGF0aWMvb3ZlcmxheXMvdGctb3BpbmlvbnMucG5n&enable=upscale&s=59393ec48b0566ee6f16072409db11c3,theguardian.com,English,United Kingdom
https://www.marketscreener.com/quote/stock/EDISON-INTERNATIONAL-12435/news/SCE-Customers-Getting-Bill-Relief-in-Coming-Weeks-42935553/,https://www.marketscreener.com/amp/quote/stock/EDISON-INTERNATIONAL-12435/news/SCE-Customers-Getting-Bill-Relief-in-Coming-Weeks-42935553/,SCE Customers Getting Bill Relief in Coming Weeks,20230209T001500Z,https://www.marketscreener.com/images/twitter_MS_fdblanc.png,marketscreener.com,English,
https://business.inquirer.net/385748/denso-ph-opens-p60-m-hydroponic-farm-in-batangas,https://business.inquirer.net/385748/denso-ph-opens-p60-m-hydroponic-farm-in-batangas/amp,Denso PH opens P60 - M hydroponic farm in Batangas,20230209T050000Z,https://business.inquirer.net/files/2023/02/image-9.png,business.inquirer.net,English,Philippines
https://finance.yahoo.com/news/world-green-organisation-wgo-partnership-050000434.html,https://finance.yahoo.com/amphtml/news/world-green-organisation-wgo-partnership-050000434.html,"The World Green Organisation ( WGO ), in partnership with the Economic and Social Commission for Asia and the Pacific , presents the  Sustainable Investing and ESG Conference 2022  ",20230209T060000Z,https://media.zenfs.com/en/prnewswire.com/8c0f69776d527bb0f7bfc220f59c1e4b,finance.yahoo.com,English,United States
https://www.afr.com/politics/federal/westacott-calls-time-at-the-bca-20230209-p5cj4d,,BCA CEO Jennifer Westacott to call timethe,20230209T061500Z,https://static.ffx.io/images/$zoom_0.1936%2C$multiply_4%2C$ratio_1.777778%2C$width_1059%2C$x_0%2C$y_0/t_crop_custom/c_scale%2Cw_800%2Cq_88%2Cf_jpg/t_afr_exclusive_no_age_social_wm/2d20ce26a73baccc931f90ee1ba215e6d25e51ca,afr.com,English,Australia
https://www.mondaq.com/unitedstates/international-trade-amp-investment/1280956/regenerative-finance-refi-tokenizing-carbon-offsets-and-incentives,,Regenerative Finance ( ReFi ): Tokenizing Carbon Offsets And Incentives - International Trade & Investment,20230209T064500Z,,mondaq.com,English,United States
https://www.maravipost.com/energy-transition-policies-and-regulatory-developments-light-up-across-africa/,https://www.maravipost.com/energy-transition-policies-and-regulatory-developments-light-up-across-africa/?amp=1,Energy transition policies and regulatory developments light up across Africa,20230209T084500Z,https://www.maravipost.com/wp-content/uploads/2023/02/energy-transition-policies-and-regulatory-developments-light-up-across-africa.jpg,maravipost.com,English,Malawi
https://www.theage.com.au/politics/victoria/the-lowe-point-in-rates-management-20230209-p5cjat.html,https://amp.theage.com.au/politics/victoria/the-lowe-point-in-rates-management-20230209-p5cjat.html,The Lowe point in rates management,20230209T091500Z,https://static.ffx.io/images/$zoom_0.4795%2C$multiply_0.7554%2C$ratio_1.777778%2C$width_1059%2C$x_0%2C$y_0/t_crop_custom/q_86%2Cf_auto/t_theage_no_label_no_age_social_wm/7ebcc73991b445236b8448992dc187b1bad66914,theage.com.au,English,Australia
https://vir.com.vn/the-way-forward-to-consider-both-sustainability-and-esg-99608.html,,The way forward to consider both sustainability and ESG,20230209T120000Z,https://vir.com.vn/stores/news_dataimages/2023/022023/08/14/in_social/the-way-forward-to-consider-both-sustainability-and-esg-20230208144744.jpg?randTime=1675943186,vir.com.vn,English,Vietnam
https://www.farminguk.com/news/environment-improvement-plan-2023-what-s-in-it-for-forestry-_62047.html,https://www.farminguk.com/news/amp/environment-improvement-plan-2023-what-s-in-it-for-forestry-_62047.html,Environment Improvement Plan 2023 - What in it for forestry ? ,20230209T131500Z,https://www.farminguk.com/images/News/62047_1.jpg,farminguk.com,English,United Kingdom
https://www.capitalpress.com/opinion/editorials/editorial-cap-and-trade-auctions-need-oversight/article_49bf31c8-a63a-11ed-86aa-af81e269c61d.html,,Editorial : Cap - and - trade auctions need oversight,20230209T183000Z,https://bloximages.newyork1.vip.townnews.com/capitalpress.com/content/tncms/assets/v3/editorial/f/db/fdb8ecae-9da8-11ed-aeee-7b745bfcb0aa/63d2c95b4f85f.image.jpg?crop=775%2C407%2C0%2C55,capitalpress.com,English,United States
https://www.utilitydive.com/news/utilities-decarbonization-emissions-targets-smart-electric-power-alliance/642343/,,Decarbonization by most utilities  uneven  as they expand emissions targets : report,20230209T201500Z,https://www.utilitydive.com/imgproxy/jCkby8BExyWb_h15WZcXGtdBjqL6ZwVRkGaiyPry-tg/g:ce/rs:fill:770:435:0/bG9jYWw6Ly8vZGl2ZWltYWdlL0dldHR5SW1hZ2VzLTEzNDQxMjQxNjIuanBn.jpg,utilitydive.com,English,United States
https://www.insidermonkey.com/blog/equinor-asa-nyseeqnr-q4-2022-earnings-call-transcript-1117959/,,Equinor ASA ( NYSE : EQNR ) Q4 2022 Earnings Call Transcript,20230209T210000Z,https://d2gr5kl7dt2z3t.cloudfront.net/blog/wp-content/uploads/2013/05/Macquarie-Infrastructure-MIC-pipeline-oil-petroleum-gas-oil-and-gas-fuel-sunlight-petrochemical.jpg,insidermonkey.com,English,United States
https://www.independentnews.com/news/regional_and_ca/pacific-gas-electric-customers-to-see-early-climate-credits-from-california-public-utilities-commission/article_beba7442-a897-11ed-9b54-9772344f31b5.html,,Pacific Gas & Electric Customers to See Early Climate Credits From California Public Utilities Commission,20230209T223000Z,https://bloximages.chicago2.vip.townnews.com/independentnews.com/content/tncms/assets/v3/editorial/8/06/8065a5ce-a771-11ea-a3a4-8be732ba3228/5edab5b5114bb.image.jpg,independentnews.com,English,United States
https://www.brisbanetimes.com.au/politics/federal/now-that-thorpe-s-gone-greens-can-shed-their-virtuous-impotence-20230209-p5cj6u.html,https://amp.brisbanetimes.com.au/politics/federal/now-that-thorpe-s-gone-greens-can-shed-their-virtuous-impotence-20230209-p5cj6u.html,"Now that Thorpe gone , Greens can shed their virtuous impotence",20230210T014500Z,https://static.ffx.io/images/$zoom_0.5298%2C$multiply_0.7554%2C$ratio_1.777778%2C$width_1059%2C$x_0%2C$y_0/t_crop_custom/q_86%2Cf_auto/t_brisbanetimes_opinion_no_age_social_wm/fc4913d4c07633b67e9e0d1275ce706cbd75ff6b,brisbanetimes.com.au,English,Australia
https://www.smh.com.au/politics/federal/now-that-thorpe-s-gone-greens-can-shed-their-virtuous-impotence-20230209-p5cj6u.html,https://amp.smh.com.au/politics/federal/now-that-thorpe-s-gone-greens-can-shed-their-virtuous-impotence-20230209-p5cj6u.html,"Now that Thorpe gone , Greens can shed their virtuous impotence",20230210T014500Z,https://static.ffx.io/images/$zoom_0.5298%2C$multiply_0.7554%2C$ratio_1.777778%2C$width_1059%2C$x_0%2C$y_0/t_crop_custom/q_86%2Cf_auto/t_smh_opinion_no_age_social_wm/fc4913d4c07633b67e9e0d1275ce706cbd75ff6b,smh.com.au,English,Australia
https://www.theage.com.au/politics/federal/now-that-thorpe-s-gone-greens-can-shed-their-virtuous-impotence-20230209-p5cj6u.html,https://amp.theage.com.au/politics/federal/now-that-thorpe-s-gone-greens-can-shed-their-virtuous-impotence-20230209-p5cj6u.html,"Now that Thorpe gone , Greens can shed their virtuous impotence",20230210T014500Z,https://static.ffx.io/images/$zoom_0.5298%2C$multiply_0.7554%2C$ratio_1.777778%2C$width_1059%2C$x_0%2C$y_0/t_crop_custom/q_86%2Cf_auto/t_theage_opinion_no_age_social_wm/fc4913d4c07633b67e9e0d1275ce706cbd75ff6b,theage.com.au,English,Australia
https://www.airdrietoday.com/alberta-news/how-to-win-over-alberta-on-the-just-transition-to-a-low-carbon-energy-sector-6519596,https://www.airdrietoday.com/amp/alberta-news/how-to-win-over-alberta-on-the-just-transition-to-a-low-carbon-energy-sector-6519596,How to win over Alberta on the  just transition  to a low - carbon energy sector,20230210T023000Z,https://www.vmcdn.ca/f/files/stalberttoday/images/stalberttoday/albertanews_2000x1333.jpg,airdrietoday.com,English,
https://www.theage.com.au/politics/federal/more-than-10-per-cent-of-australians-deny-climate-change-will-harm-them-in-their-lifetime-20230209-p5cj7m.html,https://amp.theage.com.au/politics/federal/more-than-10-per-cent-of-australians-deny-climate-change-will-harm-them-in-their-lifetime-20230209-p5cj7m.html,Climate change : More than 10 per cent of Australians deny theyll be harmed in their lifetime,20230210T040000Z,https://static.ffx.io/images/$zoom_0.247%2C$multiply_0.7554%2C$ratio_1.777778%2C$width_1059%2C$x_0%2C$y_96/t_crop_custom/q_86%2Cf_auto/t_theage_no_label_no_age_social_wm/49bbbf9cadfc07219f5b0d274d2b2ea4e2f6b058,theage.com.au,English,Australia
https://www.brisbanetimes.com.au/politics/federal/more-than-10-per-cent-of-australians-deny-climate-change-will-harm-them-in-their-lifetime-20230209-p5cj7m.html,https://amp.brisbanetimes.com.au/politics/federal/more-than-10-per-cent-of-australians-deny-climate-change-will-harm-them-in-their-lifetime-20230209-p5cj7m.html,Climate change : More than 10 per cent of Australians deny theyll be harmed in their lifetime,20230210T040000Z,https://static.ffx.io/images/$zoom_0.247%2C$multiply_0.7554%2C$ratio_1.777778%2C$width_1059%2C$x_0%2C$y_96/t_crop_custom/q_86%2Cf_auto/t_brisbanetimes_no_label_no_age_social_wm/49bbbf9cadfc07219f5b0d274d2b2ea4e2f6b058,brisbanetimes.com.au,English,Australia
https://menafn.com/1105553119/Why-A-Shift-To-Basing-Vehicle-Registration-Fees-On-Emissions-Matters-For-Australia,,Why A Shift To Basing Vehicle Registration Fees On Emissions ... ,20230210T040000Z,https://menafn.com/updates/pr/2023-02/09/TC_0ec69image_story.jpg,menafn.com,English,Qatar
https://foreignaffairs.co.nz/2023/02/10/mil-evening-report-why-a-shift-to-basing-vehicle-registration-fees-on-emissions-matters-for-australia/,,MIL - Evening Report : Why a shift to basing vehicle registration fees on emissions matters for Australia,20230210T041500Z,,foreignaffairs.co.nz,English,New Zealand
https://www.watoday.com.au/politics/federal/more-than-10-per-cent-of-australians-deny-climate-change-will-harm-them-in-their-lifetime-20230209-p5cj7m.html,,Climate change : More than 10 per cent of Australians deny theyll be harmed in their lifetime,20230210T041500Z,https://static.ffx.io/images/$zoom_0.247%2C$multiply_0.7554%2C$ratio_1.777778%2C$width_1059%2C$x_0%2C$y_96/t_crop_custom/q_86%2Cf_auto/t_watoday_no_label_no_age_social_wm/49bbbf9cadfc07219f5b0d274d2b2ea4e2f6b058,watoday.com.au,English,Australia
https://www.watoday.com.au/politics/federal/now-that-thorpe-s-gone-greens-can-shed-their-virtuous-impotence-20230209-p5cj6u.html,,Lidia Thorpe Greens departure a win for party influence,20230210T044500Z,https://static.ffx.io/images/$zoom_0.5298%2C$multiply_0.7554%2C$ratio_1.777778%2C$width_1059%2C$x_0%2C$y_0/t_crop_custom/q_86%2Cf_auto/t_watoday_opinion_no_age_social_wm/fc4913d4c07633b67e9e0d1275ce706cbd75ff6b,watoday.com.au,English,Australia
https://www.arabnews.com/node/2248446/saudi-arabia,https://www.arabnews.com/node/2248446/amp,Tech giant showcases solutions for Kingdom digital transformation,20230210T130000Z,https://www.arabnews.com/sites/default/files/styles/660x371_watermarksaudi/public/main-image/2023/02/10/3671576-1738671893.jpg?itok=GbawHPtq,arabnews.com,English,Saudi Arabia
https://www.freshplaza.com/africa/article/9501675/farming-for-the-future-is-our-contribution-to-farming-in-south-africa/,,  Farming For the Future is our contribution to farming in South Africa  ,20230210T144500Z,https://www.freshplaza.com/remote/https/agfstorage.blob.core.windows.net/misc/FP_com/2023/02/10/FarmingFortheFuture5.jpg?preset=OgImage,freshplaza.com,English,China
https://www.cemnet.com/News/story/174296/how-best-to-tackle-decarbonisation-now-.html,,How best to tackle decarbonisation now ? ,20230210T144500Z,,cemnet.com,English,United States
https://www.business-standard.com/article/markets/awaiting-sebi-response-says-nse-chief-ashishkumar-chauhan-on-ipo-123021001591_1.html,https://wap.business-standard.com/article-amp/markets/awaiting-sebi-response-says-nse-chief-ashishkumar-chauhan-on-ipo-123021001591_1.html,"Awaiting Sebi response , says NSE chief Ashishkumar Chauhan on IPO",20230210T163000Z,https://bsmedia.business-standard.com/_media/bs/img/article/2021-02/25/full/1614199664-3584.jpg,business-standard.com,English,India
https://techxplore.com/news/2023-02-shift-basing-vehicle-registration-fees.html,https://techxplore.com/news/2023-02-shift-basing-vehicle-registration-fees.amp,Why a shift to basing vehicle registration fees on emissions matters for Australia,20230210T174500Z,https://scx2.b-cdn.net/gfx/news/2023/why-a-shift-to-basing.jpg,techxplore.com,English,United States
https://www.union-bulletin.com/news/northwest/dnr-wants-in-on-wa-s-emerging-carbon-credit-market/article_c4ab9b63-79bf-5c76-8fd3-6c0ba191a47f.html,,DNR wants in on WA emerging carbon - credit market | Northwest,20230210T181500Z,https://bloximages.newyork1.vip.townnews.com/union-bulletin.com/content/tncms/assets/v3/editorial/9/fe/9fe0ac5a-6b5b-5759-a33a-8add1ee6d41a/63e575e12c4fb.image.jpg?crop=1752%2C920%2C0%2C131,union-bulletin.com,English,United States
https://www.foxnews.com/opinion/california-is-our-energy-future-afraid-very-afraid-america,https://www.foxnews.com/opinion/california-is-our-energy-future-afraid-very-afraid-america.amp,"If California is our energy future , be afraid , be very afraid , America",20230210T183000Z,https://static.foxnews.com/foxnews.com/content/uploads/2022/06/77C5OWPZQJJ4JC7S2CQNLEBCHI_edited.jpg,foxnews.com,English,United States
https://tribuneonlineng.com/buhari-approves-national-council-on-climate-change-work-plan/,,Buhari approves national council on climate change work plan,20230210T194500Z,https://tribuneonlineng.com/wp-content/uploads/2023/02/NCCC.jpg,tribuneonlineng.com,English,Nigeria
https://news.yahoo.com/california-gave-teslas-isolated-farmworker-133000257.html,https://news.yahoo.com/amphtml/california-gave-teslas-isolated-farmworker-133000257.html,California gave Teslas to an isolated farmworker community . Why did the cars vanish overnight ? ,20230210T201500Z,https://media.zenfs.com/en/sacramento_bee_mcclatchy_569/9578280c518b8f305cdf5837e0aea1c4,news.yahoo.com,English,United States
https://mondovisione.com/media-and-resources/news/keynote-address-by-cftc-commissioner-christy-goldsmith-romero-at-fia-and-sifma-ass/,,"Keynote Address By CFTC Commissioner Christy Goldsmith Romero At FIA & SIFMA Asset Management Derivatives Forum , Adjusting The Sails For Cyber And Climate Resilience",20230210T213000Z,,mondovisione.com,English,United States
https://tdn.com/news/state-and-regional/govt-and-politics/dnr-wants-in-on-was-emerging-carbon-credit-market/article_897a4a1e-a8dd-11ed-b3c5-afbde8395b80.html,,DNR wants in on WA emerging carbon - credit market,20230210T221500Z,https://bloximages.chicago2.vip.townnews.com/tdn.com/content/tncms/assets/v3/editorial/1/52/1521f75a-8ecc-11ed-ab31-7b63455dbe6c/63b9d9f858c8c.image.jpg?crop=1770%2C929%2C0%2C120,tdn.com,English,United States
https://punchng.com/finally-buhari-okays-workplan-for-climate-council/,https://punchng.com/finally-buhari-okays-workplan-for-climate-council/?amp,"Finally , Buhari okays workplan for climate council",20230210T221500Z,,punchng.com,English,Nigeria
https://www.thepiratescove.us/category/food-and-drink/,,Food and Drink Archives - Pirate Cove,20230210T221500Z,,thepiratescove.us,English,United States
https://www.premiumtimesng.com/news/more-news/581133-climate-change-buhari-approves-work-plan-for-national-council-on-climate-change.html,,Climate Change : Buhari approves work plan for National Council on Climate Change,20230210T224500Z,https://media.premiumtimesng.com/wp-content/files/2021/09/Climate-Change.jpg,premiumtimesng.com,English,Nigeria
https://www.hellenicshippingnews.com/regional-regulations-bring-benefits/,,Regional regulations bring benefits | Hellenic Shipping News Worldwide,20230210T231500Z,,hellenicshippingnews.com,English,China
https://www.governing.com/next/californias-failed-remote-ev-program-is-a-cautionary-tale,https://www.governing.com/next/californias-failed-remote-ev-program-is-a-cautionary-tale?_amp=true,California Failed Remote EV Program Is a Cautionary Tale,20230211T001500Z,,governing.com,English,United States
https://www.thenews-chronicle.com/president-buhari-approves-work-plan-for-national-council-on-climate-change/,,President Buhari approves work plan for national council on climate change,20230211T024500Z,https://www.thenews-chronicle.com/wp-content/uploads/2023/01/FEC-Buhari-ministers.png,thenews-chronicle.com,English,Nigeria
https://www.nationalaccordnewspaper.com/buhari-approves-work-plan-for-national-council-on-climate-change/,,Buhari approves work plan for National Council on Climate Change - National Accord Newspaper,20230211T054500Z,https://www.nationalaccordnewspaper.com/wp-content/uploads/2022/08/Mischievous-twisting-of-President-Buharis-comments-on-insecurity-696x392-1.png,nationalaccordnewspaper.com,English,Nigeria
https://allafrica.com/stories/202302110047.html,,Nigeria : Climate Change - Buhari Approves Work Plan for National Council On Climate Change,20230211T073000Z,,allafrica.com,English,Nigeria
https://www.palatinate.org.uk/green-sums-financing-the-eus-transition/,,Green sums : financing the EU transition – Palatinate,20230211T123000Z,https://i0.wp.com/www.palatinate.org.uk/wp-content/uploadedImages/European_Commission.jpg?fit=1200%2C799&ssl=1,palatinate.org.uk,English,United Kingdom
https://www.thecable.ng/climate-change-council-holds-inaugural-meeting-as-buhari-approves-work-plan,https://www.thecable.ng/climate-change-council-holds-inaugural-meeting-as-buhari-approves-work-plan/amp,Climate Change Council holds inaugural meeting as Buhari approves work plan,20230211T143000Z,https://f5p3e9e4.stackpathcdn.com/wp-content/uploads/2023/02/Climate-Change-Council.jpeg,thecable.ng,English,Nigeria
https://www.sfexaminer.com/news/climate_change/gavin-newsom-wants-us-probe-into-california-utility-prices/article_1bca66fc-a72f-11ed-922f-a36fe2719771.html,,Gavin Newsom wants U . S . probe into California utility prices,20230211T213000Z,https://bloximages.chicago2.vip.townnews.com/sfexaminer.com/content/tncms/assets/v3/editorial/a/c9/ac93cf9e-a733-11ed-97a6-03eddabbc954/63e2cc331464a.image.jpg?crop=1771%2C930%2C0%2C120,sfexaminer.com,English,United States
https://www.malaymail.com/news/malaysia/2023/02/12/abang-jo-sarawak-indonesia-studying-proposal-to-build-hydro-dam-in-nusantara/54540,https://www.malaymail.com/amp/news/malaysia/2023/02/12/abang-jo-sarawak-indonesia-studying-proposal-to-build-hydro-dam-in-nusantara/54540,"Abang Jo : Sarawak , Indonesia studying proposal to build hydro dam in Nusantara",20230212T014500Z,https://www.malaymail.com/malaymail/uploads/images/2023/02/12/thumbs/400x400/90915.jpg,malaymail.com,English,United States
https://www.thedailystar.net/business/news/support-climate-action-hinges-public-understanding-policy-3245636,https://www.thedailystar.net/business/news/support-climate-action-hinges-public-understanding-policy-3245636?amp,Support for climate action hinges on public understanding of policy,20230212T090000Z,,thedailystar.net,English,Bangladesh
https://www.thedailystar.net/business/news/understanding-policy-crucial-publics-support-climate-action-3245636,https://www.thedailystar.net/business/news/understanding-policy-crucial-publics-support-climate-action-3245636?amp,Support for climate action hinges on public understanding of policy,20230212T111500Z,,thedailystar.net,English,Bangladesh
https://www.channelstv.com/2023/02/12/buhari-approves-work-plan-for-national-council-on-climate-change/,https://www.channelstv.com/2023/02/12/buhari-approves-work-plan-for-national-council-on-climate-change/amp/,Buhari Approves Work Plan For National Council On Climate Change,20230212T133000Z,https://www.channelstv.com/wp-content/uploads/2023/02/Collage-Maker-12-Feb-2023-11.44-AM.jpg,channelstv.com,English,Nigeria
https://www.cbc.ca/news/canada/nova-scotia/greenhouse-gas-emissions-carbon-pricing-tim-halman-donkin-1.6744626,https://www.cbc.ca/amp/1.6744626,Donkin coal mine added to list of mandatory participants in N . S . carbon pricing program,20230212T133000Z,https://i.cbc.ca/1.5066172.1670009652!/fileImage/httpImage/image.jpeg_gen/derivatives/16x9_620/donkin-mine-gate-coal-truck.jpeg,cbc.ca,English,Canada
https://www.wvgazettemail.com/ap/state/virginia-lawmakers-hustle-ahead-of-legislative-deadline/article_56ca267e-4ba0-5526-b070-39f0dbf6eeef.html,,Virginia lawmakers hustle ahead of legislative deadline,20230212T143000Z,https://bloximages.newyork1.vip.townnews.com/wvgazettemail.com/content/tncms/assets/v3/editorial/a/c9/ac999e44-a36e-5dec-8519-c5f058a00f92/63e822c7d8368.image.jpg?crop=1763%2C926%2C0%2C124,wvgazettemail.com,English,United States
https://www.sundayworld.com/news/irish-news/ryanair-launches-blistering-attack-on-bus-eireann-and-irish-government/1116402164.html,https://m.sundayworld.com/news/irish-news/ryanair-launches-blistering-attack-on-bus-eireann-and-irish-government/1116402164.html,Ryanair launches blistering attack on Bus Eireann and Irish Government,20230212T164500Z,,sundayworld.com,English,Ireland
https://www.bloomberg.com/netzeropathfinders/best-practices/carbon-contracts-for-difference-the-netherlands/,,Carbon Contracts for Difference : The Netherlands,20230212T170000Z,,bloomberg.com,English,United States
https://www.union-bulletin.com/news/northwest/wa-land-conservation-may-become-more-profitable-with-introduction-of-new-bills/article_c4ab9b63-79bf-5c76-8fd3-6c0ba191a47f.html,,WA land conservation may become more profitable with introduction of new bills,20230212T183000Z,https://bloximages.newyork1.vip.townnews.com/union-bulletin.com/content/tncms/assets/v3/editorial/9/fe/9fe0ac5a-6b5b-5759-a33a-8add1ee6d41a/63e575e12c4fb.image.jpg?crop=1752%2C920%2C0%2C131,union-bulletin.com,English,United States
https://www.rte.ie/news/business/2023/0212/1356224-ryanair-troubled-by-use-of-eu-emissions-cut-funding/,https://amp.rte.ie/amp/1356224/ ,Ryanair troubled by use of EU emissions cut funding,20230212T203000Z,https://img.rasset.ie/000eac2f-1600.jpg,rte.ie,English,Ireland
https://www.thehindubusinessline.com/business-laws/new-norms-directing-the-electric-vehicles-sector/article66499818.ece,https://www.thehindubusinessline.com/business-laws/new-norms-directing-the-electric-vehicles-sector/article66499818.ece/amp/,New norms directing the electric vehicles sector - The Hindu BusinessLine,20230212T210000Z,https://bl-i.thgim.com/public/news/fcboln/article66499819.ece/alternates/LANDSCAPE_1200/BL1302_Gavel_Anchor.jpg,thehindubusinessline.com,English,India
https://thedriven.io/2023/02/13/why-a-shift-to-basing-vehicle-registration-fees-on-emissions-matters-for-australia/,https://thedriven.io/2023/02/13/why-a-shift-to-basing-vehicle-registration-fees-on-emissions-matters-for-australia/amp/,Why a shift to basing vehicle registration fees on emissions matters for Australia,20230213T011500Z,https://thedriven.io/wp-content/uploads/2018/11/Automobile_exhaust_gas-copy.jpg,thedriven.io,English,
https://stockhead.com.au/cryptocurrency/crypto-funding-nab-invests-in-blockchain-carbon-credit-firm-carbonplace-crypto-vcs-get-busy-again/,https://stockhead.com.au/cryptocurrency/crypto-funding-nab-invests-in-blockchain-carbon-credit-firm-carbonplace-crypto-vcs-get-busy-again/?amp,Crypto Funding : NAB invests in blockchain carbon credit firm Carbonplace ; Crypto VCs get busy again,20230213T033000Z,https://stockhead.com.au/wp-content/uploads/2023/02/GettyImages-200113462-001-scaled.jpg,stockhead.com.au,English,Australia
https://thetyee.ca/Analysis/2023/02/13/Just-Transition-In-Alberta/,,A  Just Transition  to Greener Jobs ? Getting to Yes in Alberta,20230213T070000Z,https://thetyee.ca/Analysis/2023/02/12/PincherCreekWindFarm.jpg,thetyee.ca,English,Canada
https://www.theage.com.au/politics/victoria/freedom-to-do-what-we-want-with-our-assets-20230213-p5ck78.html,https://amp.theage.com.au/politics/victoria/freedom-to-do-what-we-want-with-our-assets-20230213-p5ck78.html,Freedom to do what we want with our assets,20230213T091500Z,https://static.ffx.io/images/$zoom_0.8745%2C$multiply_0.7554%2C$ratio_1.777778%2C$width_1059%2C$x_928%2C$y_212/t_crop_custom/q_86%2Cf_auto/t_theage_no_label_no_age_social_wm/2c05343984d230c8a9131b8c71ef0361d087f4ca,theage.com.au,English,Australia
https://www.newswire.ca/news-releases/adventus-mining-completes-additional-early-deposit-drawdown-from-wheaton-precious-metals-and-provides-esg-and-carbon-update-886259515.html,,Adventus Mining Completes Additional Early Deposit Drawdown from Wheaton Precious Metals and Provides ESG and Carbon Update,20230213T140000Z,https://mma.prnewswire.com/media/2000823/Adventus_Mining_Corporation_Adventus_Mining_Completes_Additional.jpg?p=facebook,newswire.ca,English,Canada
https://www.finanznachrichten.de/nachrichten-2023-02/58297113-salazar-resources-limited-salazar-resources-provides-update-on-esg-initiatives-296.htm,,Salazar Resources Limited : Salazar Resources Provides Update on ESG Initiatives,20230213T140000Z,https://api.newsfilecorp.com/newsinfo/154559/157/,finanznachrichten.de,English,Germany
https://www.mdpi.com/2071-1050/15/4/3414,,Sustainability | Free Full - Text | Assessment of Energy Efficiency in the European Union Countries in 2013 and 2020,20230213T153000Z,,mdpi.com,English,China
https://www.thecable.ng/fg-to-develop-carbon-tax-framework-for-reduction-of-greenhouse-gas-emissions,https://www.thecable.ng/fg-to-develop-carbon-tax-framework-for-reduction-of-greenhouse-gas-emissions/amp,FG to develop carbon tax framework for reduction of greenhouse gas emissions,20230213T161500Z,https://f5p3e9e4.stackpathcdn.com/wp-content/uploads/2021/03/Gas-flaring.jpg,thecable.ng,English,Nigeria
https://www.thisdaylive.com/index.php/2023/02/13/climate-change-fg-to-introduce-carbon-tax-system-in-nigeria/,https://www.thisdaylive.com/index.php/2023/02/13/climate-change-fg-to-introduce-carbon-tax-system-in-nigeria/amp/,Climate Change : FG to Introduce Carbon Tax System in Nigeria – THISDAYLIVE,20230213T171500Z,,thisdaylive.com,English,Nigeria
https://www.premiumtimesng.com/news/more-news/581752-climate-change-fg-to-unveil-carbon-tax-system-for-nigeria.html,,Climate Change : FG to unveil carbon tax system for Nigeria,20230213T180000Z,https://media.premiumtimesng.com/wp-content/files/2021/09/Climate-Change.jpg,premiumtimesng.com,English,Nigeria
https://uk.news.yahoo.com/adventus-mining-completes-additional-early-114500780.html,https://uk.news.yahoo.com/amphtml/adventus-mining-completes-additional-early-114500780.html,Adventus Mining Completes Additional Early Deposit Drawdown from Wheaton Precious Metals and Provides ESG and Carbon Update,20230213T184500Z,https://media.zenfs.com/en/cnwgroup.com/91d2596cfe311acbfe796ec306da3b38,uk.news.yahoo.com,English,United States
https://www.marinelink.com/news/passenger-vessels-rising-challenge-502859,,Passenger Vessels : Rising To The Challenge,20230213T190000Z,https://images.marinelink.com/images/maritime/w800/sheilaf2002-adobe-stock-138698.jpg,marinelink.com,English,United States
https://www.thehindu.com/news/cities/Kochi/carbon-money-can-help-ailing-natural-rubber-sector/article66504646.ece,https://www.thehindu.com/news/cities/Kochi/carbon-money-can-help-ailing-natural-rubber-sector/article66504646.ece/amp/,Carbon money can help ailing natural rubber sector,20230213T193000Z,https://www.thehindu.com/theme/images/og-image.png,thehindu.com,English,India
https://www.thecentersquare.com/washington/washington-state-pump-price-idles-as-national-average-falls/article_2b936d88-abf1-11ed-8e3b-3b51e49f7bfc.html,https://www.thecentersquare.com/washington/washington-state-pump-price-idles-as-national-average-falls/article_2b936d88-abf1-11ed-8e3b-3b51e49f7bfc.amp.html,Washington state pump price idles as national average falls,20230213T234500Z,https://bloximages.newyork1.vip.townnews.com/thecentersquare.com/content/tncms/assets/v3/editorial/d/63/d635ec5e-f16e-11ec-903d-2784f8a5a939/62b1d67bd7413.image.jpg?crop=1763%2C926%2C0%2C124,thecentersquare.com,English,
https://menafn.com/1105568595/Wind-Powered-Cargo-Ships-Are-The-Future-Debunking-4-Myths-That-Stand-In-The-Way-Of-Cutting-Emissions,,Wind - Powered Cargo Ships Are The Future : Debunking 4 Myths T ... ,20230214T023000Z,https://menafn.com/updates/pr/2023-02/13/TC_5c0ffimage_story.jpg,menafn.com,English,Qatar
https://www.bakersfield.com/columnists/lois-henry/lois-henry-lamont-s-water-future-secured-with-25-4-million-grant-from-state-drinking/article_50437aae-ac02-11ed-a68f-4b6f537d8720.html,https://www.bakersfield.com/columnists/lois-henry/lois-henry-lamont-s-water-future-secured-with-25-4-million-grant-from-state-drinking/article_50437aae-ac02-11ed-a68f-4b6f537d8720.amp.html,LOIS HENRY : Lamont water future secured with $25 . 4 million grant from state drinking water fund | Lois Henry,20230214T023000Z,https://bloximages.newyork1.vip.townnews.com/bakersfield.com/content/tncms/assets/v3/editorial/3/39/3390d2a8-abf8-11ed-8e06-e3f8366eb3b8/63eacb558f676.image.jpg?crop=1763%2C926%2C0%2C124,bakersfield.com,English,United States
https://www.afr.com/companies/energy/safeguard-mechanism-is-a-trojan-horse-carbon-tax-20230213-p5cjzc,,Climate policy : Safeguard mechanism is a Trojan horse carbon tax,20230214T024500Z,https://static.ffx.io/images/$zoom_0.5298%2C$multiply_2%2C$ratio_1.777778%2C$width_1059%2C$x_0%2C$y_122/t_crop_custom/c_scale%2Cw_800%2Cq_88%2Cf_jpg/t_afr_opinion_no_age_social_wm/2291b648a4c6c76237f20d96831dac2b4f706f7d,afr.com,English,Australia
https://www.thedailystar.net/opinion/views/news/taxing-air-travel-could-fund-climate-victims-3246746,https://www.thedailystar.net/opinion/views/news/taxing-air-travel-could-fund-climate-victims-3246746?amp,Taxing air travel could fund climate victims,20230214T030000Z,,thedailystar.net,English,Bangladesh
https://foreignaffairs.co.nz/2023/02/14/mil-evening-report-wind-powered-cargo-ships-are-the-future-debunking-4-myths-that-stand-in-the-way-of-cutting-emissions/,,MIL - Evening Report : Wind - powered cargo ships are the future : debunking 4 myths that stand in the way of cutting emissions,20230214T033000Z,,foreignaffairs.co.nz,English,New Zealand
https://allafrica.com/stories/202302140014.html,,Nigeria : Climate Change - Govt to Unveil Carbon Tax System for Nigeria,20230214T054500Z,,allafrica.com,English,Nigeria
https://www.lusakatimes.com/2023/02/14/upnd-has-not-done-much-for-its-party-members-as-expected-when-forming-the-government-nzovu/,,Zambia : UPND has not done much for its party members as expected when forming the government - Nzovu,20230214T054500Z,https://i0.wp.com/www.lusakatimes.com/wp-content/uploads/2022/02/nzovu.jpg,lusakatimes.com,English,Zambia
https://leadership.ng/climate-change-federal-govt-set-to-unveil-carbon-tax-system-for-nigeria/,,Climate Change : Federal Govt Set To Unveil Carbon Tax System For Nigeria,20230214T061500Z,https://leadership.ng/wp-content/uploads/2023/02/carbon-tax.png,leadership.ng,English,Nigeria
https://www.bnnbloomberg.ca/a-39-trillion-investor-alliance-gives-warning-on-carbon-offsets-1.1883490,https://www.bnnbloomberg.ca/a-39-trillion-investor-alliance-gives-warning-on-carbon-offsets-1.1883490.amp.html,A $39 Trillion Investor Alliance Gives Warning on Carbon Offsets,20230214T080000Z,,bnnbloomberg.ca,English,Canada
https://allafrica.com/stories/202302140079.html,,Nigeria : Climate Change - Federal Govt Set to Unveil Carbon Tax System for Nigeria,20230214T091500Z,,allafrica.com,English,Nigeria
https://www.arise.tv/nigeria-to-combat-climate-change-by-introducing-carbon-tax/,,Nigeria To Combat Climate Change By  Introducing Carbon Tax,20230214T091500Z,https://global.ariseplay.com/uploads/2022/10/Government-Officials-Who-Abandon-Work-for-Election-Campaign-Will-Be-Penalised-Buhari-Warns.png,arise.tv,English,
https://www.brisbanetimes.com.au/politics/federal/greens-set-up-fresh-senate-clash-with-call-for-ban-on-new-coal-and-gas-20230214-p5ckfx.html,https://amp.brisbanetimes.com.au/politics/federal/greens-set-up-fresh-senate-clash-with-call-for-ban-on-new-coal-and-gas-20230214-p5ckfx.html,Greens set up fresh Senate clash with call for ban on new coal and gas,20230214T103000Z,https://static.ffx.io/images/$zoom_0.2297%2C$multiply_0.7554%2C$ratio_1.777778%2C$width_1059%2C$x_0%2C$y_0/t_crop_custom/q_86%2Cf_auto/t_brisbanetimes_no_label_no_age_social_wm/a1d7e6c433c4545b2c9d71dba0605ef1a1c4e75e,brisbanetimes.com.au,English,Australia
https://www.smh.com.au/politics/federal/greens-set-up-fresh-senate-clash-with-call-for-ban-on-new-coal-and-gas-20230214-p5ckfx.html,https://amp.smh.com.au/politics/federal/greens-set-up-fresh-senate-clash-with-call-for-ban-on-new-coal-and-gas-20230214-p5ckfx.html,Greens set up fresh Senate clash with call for ban on new coal and gas,20230214T103000Z,https://static.ffx.io/images/$zoom_0.2297%2C$multiply_0.7554%2C$ratio_1.777778%2C$width_1059%2C$x_0%2C$y_0/t_crop_custom/q_86%2Cf_auto/t_smh_no_label_no_age_social_wm/a1d7e6c433c4545b2c9d71dba0605ef1a1c4e75e,smh.com.au,English,Australia
https://www.theage.com.au/politics/federal/greens-set-up-fresh-senate-clash-with-call-for-ban-on-new-coal-and-gas-20230214-p5ckfx.html,https://amp.theage.com.au/politics/federal/greens-set-up-fresh-senate-clash-with-call-for-ban-on-new-coal-and-gas-20230214-p5ckfx.html,Greens set up fresh Senate clash with call for ban on new coal and gas,20230214T103000Z,https://static.ffx.io/images/$zoom_0.2297%2C$multiply_0.7554%2C$ratio_1.777778%2C$width_1059%2C$x_0%2C$y_0/t_crop_custom/q_86%2Cf_auto/t_theage_no_label_no_age_social_wm/a1d7e6c433c4545b2c9d71dba0605ef1a1c4e75e,theage.com.au,English,Australia
https://www.thisdaylive.com/index.php/2023/02/14/climate-change-fg-to-introduce-carbon-tax-system-in-nigeria-2/,https://www.thisdaylive.com/index.php/2023/02/14/climate-change-fg-to-introduce-carbon-tax-system-in-nigeria-2/amp/,Climate Change : FG to Introduce Carbon Tax System in Nigeria – THISDAYLIVE,20230214T110000Z,,thisdaylive.com,English,Nigeria
https://newrepublic.com/article/170565/inflation-reduction-act-europe-climate,,The Inflation Reduction Act Has Europe Freaking Out,20230214T113000Z,https://images.newrepublic.com/c60e8e96d70e7867bed418fedc3bba05ba5c8dcd.jpeg?&crop=faces&fit=crop&fm=jpg,newrepublic.com,English,United States
https://www.watoday.com.au/politics/federal/greens-set-up-fresh-senate-clash-with-call-for-ban-on-new-coal-and-gas-20230214-p5ckfx.html,,Greens set up fresh Senate clash with call for ban on new coal and gas,20230214T113000Z,https://static.ffx.io/images/$zoom_0.2297%2C$multiply_0.7554%2C$ratio_1.777778%2C$width_1059%2C$x_0%2C$y_0/t_crop_custom/q_86%2Cf_auto/t_watoday_no_label_no_age_social_wm/a1d7e6c433c4545b2c9d71dba0605ef1a1c4e75e,watoday.com.au,English,Australia
https://www.caixinglobal.com/?ywfrom=/www.caixinglobal.com/2023-02-14/tech-insider-chinas-electronics-makers-face-labor-crunch-beijing-pledges-support-for-chatgpt-alternatives-101997916.html,,"Caixin Global - Latest Business and Financial News on China , U . S . Trade War and Negotiations , Breaking News , Headlines and Developments",20230214T140000Z,,caixinglobal.com,English,China
https://www.caixinglobal.com/?ywfrom=/www.caixinglobal.com/2023-02-14/caixin-china-biz-roundup-alibaba-exits-indian-payments-giant-101997891.html,,"Caixin Global - Latest Business and Financial News on China , U . S . Trade War and Negotiations , Breaking News , Headlines and Developments",20230214T140000Z,,caixinglobal.com,English,China
https://www.caixinglobal.com/?ywfrom=/www.caixinglobal.com/2023-02-14/imf-to-meet-with-china-india-and-paris-club-for-debt-relief-talks-101997910.html,,"Caixin Global - Latest Business and Financial News on China , U . S . Trade War and Negotiations , Breaking News , Headlines and Developments",20230214T140000Z,,caixinglobal.com,English,China
https://www.caixinglobal.com/?ywfrom=/www.caixinglobal.com/2020-12-25/china-to-revise-charity-law-as-over-regulation-stifles-online-growth-source-says-101643440.html,,"Caixin Global - Latest Business and Financial News on China , U . S . Trade War and Negotiations , Breaking News , Headlines and Developments",20230214T140000Z,,caixinglobal.com,English,China
https://www.caixinglobal.com/?ywfrom=/www.caixinglobal.com/2023-02-14/beijing-government-pledges-support-for-homegrown-answer-to-chatgpt-101997865.html,,"Caixin Global - Latest Business and Financial News on China , U . S . Trade War and Negotiations , Breaking News , Headlines and Developments",20230214T140000Z,,caixinglobal.com,English,China
https://www.caixinglobal.com/?ywfrom=/www.caixinglobal.com/2023-02-14/chinas-local-governments-go-on-hiring-spree-to-spur-economic-growth-101997918.html,,"Caixin Global - Latest Business and Financial News on China , U . S . Trade War and Negotiations , Breaking News , Headlines and Developments",20230214T140000Z,,caixinglobal.com,English,China
https://www.caixinglobal.com/?ywfrom=/www.caixinglobal.com/2023-02-14/experts-quash-fears-of-greater-chance-of-china-quake-after-turkey-101997928.html,,"Caixin Global - Latest Business and Financial News on China , U . S . Trade War and Negotiations , Breaking News , Headlines and Developments",20230214T140000Z,,caixinglobal.com,English,China
https://www.caixinglobal.com/?ywfrom=/www.caixinglobal.com/2023-02-14/chinas-charity-law-revision-aims-to-make-it-easier-for-ngos-to-get-involved-101997878.html,,"Caixin Global - Latest Business and Financial News on China , U . S . Trade War and Negotiations , Breaking News , Headlines and Developments",20230214T140000Z,,caixinglobal.com,English,China
https://www.caixinglobal.com/?ywfrom=/www.caixinglobal.com/2023-02-14/china-carbon-watch-trading-tumbled-in-short-january-101997847.html,,"Caixin Global - Latest Business and Financial News on China , U . S . Trade War and Negotiations , Breaking News , Headlines and Developments",20230214T140000Z,,caixinglobal.com,English,China
https://www.caixinglobal.com/?ywfrom=/www.caixinglobal.com/2023-02-14/gallery-china-celebrates-valentines-day-101997882.html,,"Caixin Global - Latest Business and Financial News on China , U . S . Trade War and Negotiations , Breaking News , Headlines and Developments",20230214T140000Z,,caixinglobal.com,English,China
https://www.caixinglobal.com/?ywfrom=/www.caixinglobal.com/2023-02-14/beijing-calls-on-us-to-investigate-multiple-balloons-incursions-over-china-101997926.html,,"Caixin Global - Latest Business and Financial News on China , U . S . Trade War and Negotiations , Breaking News , Headlines and Developments",20230214T140000Z,,caixinglobal.com,English,China
https://www.caixinglobal.com/?ywfrom=/www.caixinglobal.com/2015-12-18/china-builds-legal-basis-for-charitable-giving-101011981.html,,"Caixin Global - Latest Business and Financial News on China , U . S . Trade War and Negotiations , Breaking News , Headlines and Developments",20230214T140000Z,,caixinglobal.com,English,China
https://www.caixinglobal.com/?ywfrom=/www.caixinglobal.com/2023-02-14/gallery-quake-response-shifts-from-rescue-to-relief-101997893.html,,"Caixin Global - Latest Business and Financial News on China , U . S . Trade War and Negotiations , Breaking News , Headlines and Developments",20230214T140000Z,,caixinglobal.com,English,China
https://www.nationalobserver.com/2023/02/14/news/donkin-coal-mine-large-emitter-carbon-pricing,,Canada only underground coal mine joins  large emitter  carbon pricing system | Canada National Observer : News & Analysis,20230214T144500Z,https://www.nationalobserver.com/sites/nationalobserver.com/files/styles/nat_social/public/img/2023/02/13/cp164952687.jpg?itok=Sn64hu_f,nationalobserver.com,English,Canada
https://www.seatrade-maritime.com/bunkering/bms-bunkernet-and-sbi-merge-5m-tonne-year-bunker-giant,,"BMS , Bunkernet and SBI to merge into 5m tonne a year Baseblue",20230214T183000Z,https://www.seatrade-maritime.com/sites/seatrade-maritime.com/files/APL_Paris_biofuel_bunkering.jpg,seatrade-maritime.com,English,China
https://techxplore.com/news/2023-02-wind-powered-cargo-ships-future-debunking.html,https://techxplore.com/news/2023-02-wind-powered-cargo-ships-future-debunking.amp,Wind - powered cargo ships are the future : Debunking 4 myths that stand in the way of cutting emissions,20230214T184500Z,https://scx2.b-cdn.net/gfx/news/hires/2023/wind-powered-cargo-shi.jpg,techxplore.com,English,United States
https://www.lodinews.com/opinion/article_3dd38742-ac11-11ed-9bb9-97d14339d9b7.html,,Steve Mann : Lights out on renovation of the Sunset Theater ? ,20230214T193000Z,https://bloximages.chicago2.vip.townnews.com/lodinews.com/content/tncms/custom/image/564afc4e-a8b7-11e4-95c8-a74f421375e8.jpg,lodinews.com,English,United States
https://www.naturalgasintel.com/california-resources-partners-pursuing-dac-hub-with-something-to-offer-for-states-energy-transition/,,"California Resources , Partners Pursuing DAC Hub , with  Something to Offer  for State Energy Transition",20230214T194500Z,https://www.naturalgasintel.com/wp-content/uploads/2023/02/california-direct-air-capture-hub-20230209.png,naturalgasintel.com,English,United States
https://www.afr.com/policy/energy-and-climate/mining-vital-to-economy-but-electorally-weak-blainey-20230214-p5ckej,,Carbon challenge : Mining vital to economy but  electorally weak : Geoffrey Blainey,20230214T200000Z,https://static.ffx.io/images/$zoom_0.6222%2C$multiply_2%2C$ratio_1.777778%2C$width_1059%2C$x_0%2C$y_0/t_crop_custom/c_scale%2Cw_800%2Cq_88%2Cf_jpg/t_afr_no_label_no_age_social_wm/df240d1650fb511232e1ac06ba46b404d4754841,afr.com,English,Australia
https://abovethelaw.com/2023/02/roberts-court-jurisprudence-what-was-and-what-will-come/,https://abovethelaw.com/2023/02/roberts-court-jurisprudence-what-was-and-what-will-come/?amp=1,Roberts Court Jurisprudence : What Was And What Will Come,20230214T213000Z,https://abovethelaw.com/uploads/2020/04/GettyImages-1158859085.jpg,abovethelaw.com,English,United States
https://foreignaffairs.co.nz/2023/02/15/mil-osi-europe-repowereu-energy-measures-to-be-added-to-national-recovery-plans/,,MIL - OSI Europe : REPowerEU : Energy measures to be added to national recovery plans,20230214T220000Z,,foreignaffairs.co.nz,English,New Zealand
http://www.msn.com/en-us/news/politics/virginia-senate-panel-defeats-final-bill-to-repeal-vehicle-emissions-standard/ar-AA17ujx5,,Virginia Senate panel defeats final bill to repeal vehicle emissions standard,20230214T221500Z,http://img-s-msn-com.akamaized.net/tenant/amp/entityid/AA16ch6N.img?&m=6&q=60&o=t&l=f&f=jpg,msn.com,English,United States
https://news.yahoo.com/virginia-senate-panel-defeats-final-214712393.html,https://news.yahoo.com/amphtml/virginia-senate-panel-defeats-final-214712393.html,Virginia Senate panel defeats final bill to repeal vehicle emissions standard,20230214T223000Z,https://media.zenfs.com/en/the_hill_articles_341/5042becf3b645e4367ed57fb9f6b776d,news.yahoo.com,English,United States
https://www.baltictimes.com/eu_parliament_back_inclusion_of_repowereu_measures_in_national_recovery_plans/,,EU Parliament back inclusion of REPowerEU measures in national recovery plans,20230214T230000Z,,baltictimes.com,English,Latvia
https://www.caixinglobal.com/?ywfrom=/www.caixinglobal.com/2023-02-15/empty-containers-pile-up-at-global-ports-as-trade-slows-101997984.html,,"Caixin Global - Latest Business and Financial News on China , U . S . Trade War and Negotiations , Breaking News , Headlines and Developments",20230214T234500Z,,caixinglobal.com,English,China
https://www.caixinglobal.com/?ywfrom=/www.caixinglobal.com/2023-02-15/shanghai-must-bolster-foreign-confidence-after-zero-covid-101997975.html,,"Caixin Global - Latest Business and Financial News on China , U . S . Trade War and Negotiations , Breaking News , Headlines and Developments",20230214T234500Z,,caixinglobal.com,English,China
https://www.caixinglobal.com/?ywfrom=/www.caixinglobal.com/2023-02-15/prices-of-nickel-cobalt-and-lithium-set-to-ease-as-supplies-rise-101997981.html,,"Caixin Global - Latest Business and Financial News on China , U . S . Trade War and Negotiations , Breaking News , Headlines and Developments",20230214T234500Z,,caixinglobal.com,English,China
https://www.caixinglobal.com/?ywfrom=/www.caixinglobal.com/2023-02-15/chinese-steelmakers-profits-fall-72-amid-property-sector-weakness-101997979.html,,"Caixin Global - Latest Business and Financial News on China , U . S . Trade War and Negotiations , Breaking News , Headlines and Developments",20230214T234500Z,,caixinglobal.com,English,China
https://www.caixinglobal.com/?ywfrom=/www.caixinglobal.com/2023-02-15/analysis-what-will-drive-pfizers-growth-after-covid-101997988.html,,"Caixin Global - Latest Business and Financial News on China , U . S . Trade War and Negotiations , Breaking News , Headlines and Developments",20230214T234500Z,,caixinglobal.com,English,China
https://www.etftrends.com/climate-insights-channel/4-reasons-to-invest-in-carbon-allowances-and-krbn/,https://www.etftrends.com/climate-insights-channel/4-reasons-to-invest-in-carbon-allowances-and-krbn/amp/,4 Reasons to Invest in Carbon Allowances and KRBN,20230215T000000Z,https://www.etftrends.com/wp-content/uploads/2023/02/4-Reasons-to-Invest-in-Carbon-Allowances-and-KRBN.jpg,etftrends.com,English,China
https://www.hellenicshippingnews.com/bms-united-bunkernet-and-sbi-sign-definitive-merger-agreement-to-form-baseblue-company/,,"BMS United , Bunkernet , and SBI Sign Definitive Merger Agreement to form Baseblue Company",20230215T010000Z,,hellenicshippingnews.com,English,China
https://www.afr.com/policy/energy-and-climate/vacuous-moral-purity-union-boss-slams-greens-approach-to-gas-20230215-p5ckpl,,  Vacuous moral purity : union boss slams Green approach to gas,20230215T024500Z,https://static.ffx.io/images/$zoom_0.3364%2C$multiply_3%2C$ratio_1.777778%2C$width_1059%2C$x_491%2C$y_5/t_crop_custom/c_scale%2Cw_800%2Cq_88%2Cf_jpg/t_afr_no_label_no_age_social_wm/087146890514b8fc90a00e467b066445c50dd1f6,afr.com,English,Australia
https://mothership.sg/2023/02/verra-carbon-credits-scandal/,https://mothership.sg/2023/02/verra-carbon-credits-scandal//amp,Verra scandal summarised & the complexity of forest - related carbon credits,20230215T030000Z,https://static.mothership.sg/1/2023/02/verra-2-cover.png,mothership.sg,English,Singapore
https://www.seatrade-maritime.com/sustainability-green-technology/climate-outlook-2100-forbidding-without-stronger-emissions,,Forbidding 2100 climate outlook unless stronger emissions legislation,20230215T041500Z,https://www.seatrade-maritime.com/sites/seatrade-maritime.com/files/Cem%20Saral%20CEO%20Cockett%20Group%20Credit%20YouTube61.jpg,seatrade-maritime.com,English,China
https://www.caixinglobal.com/?ywfrom=/www.caixinglobal.com/2023-02-15/cx-daily-chinas-charity-law-revision-aims-to-make-it-easier-for-ngos-to-get-involved-101998030.html,,"Caixin Global - Latest Business and Financial News on China , U . S . Trade War and Negotiations , Breaking News , Headlines and Developments",20230215T044500Z,,caixinglobal.com,English,China
https://www.natlawreview.com/author/malcolm-c-weiss,,"Malcolm C . Weiss Environmental Lawyer Hunton Andrews Kurth Los Angeles , CA",20230215T044500Z,,natlawreview.com,English,United States
https://www.eco-business.com/news/apac-regulators-signal-closer-look-into-carbon-markets-amid-verra-controversy/,,APAC regulators signal closer look into carbon markets amid Verra controversy,20230215T061500Z,https://eco-business.imgix.net/ebmedia/fileuploads/mangrove_trees.jpg?fit=crop&ixlib=django-1.2.0&q=85,eco-business.com,English,China
https://www.tmcnet.com/usubmit/2023/02/15/9760587.htm,,Sweep Empowers Companies to Build Sustainability Across Their Supply Chains,20230215T074500Z,https://images.tmcnet.com/tmc/world.jpg,tmcnet.com,English,United States
https://www.eureporter.co/politics/european-parliament-2/2023/02/15/repowereu-energy-measures-to-be-added-to-national-recovery-plans/,,REPowerEU : Energy measures to be added to national recovery plans,20230215T083000Z,https://www.eureporter.co/wp-content/uploads/2023/02/Solar-energy.jpg,eureporter.co,English,United Kingdom
https://www.ecb.europa.eu/pub/economic-bulletin/focus/2023/html/ecb.ebbox202301_05~d8e33ee7ac.en.html,,Climate - related policies in the Eurosystem / ECB staff macroeconomic projections for the euro area and the macroeconomic impact of green fiscal measures,20230215T093000Z,,ecb.europa.eu,English,Greece
https://www.investegate.co.uk/sdic-power-holdings--sdic-/rns/notice-of-the-2023-first-egm/202302150835430019Q/,,Investegate |SDIC Power Holdings Announcements | SDIC Power Holdings : Notice of the 2023 first EGM,20230215T094500Z,,investegate.co.uk,English,United Kingdom
https://www.cemnet.com/News/story/174333/cement-industry-stakeholders-seek-amendments-to-ten-t-regulation.html,,Cement industry stakeholders seek amendments to TEN - T Regulation,20230215T130000Z,,cemnet.com,English,United States
https://www.business-standard.com/article/markets/nse-cme-group-announce-tie-up-to-launch-energy-derivative-contracts-123021501515_1.html,https://wap.business-standard.com/article-amp/markets/nse-cme-group-announce-tie-up-to-launch-energy-derivative-contracts-123021501515_1.html,"NSE , CME Group tie up to launch Nymex crude , natural gas derivatives",20230215T133000Z,https://bsmedia.business-standard.com/_media/bs/img/article/2021-08/03/full/1627995142-7402.jpg,business-standard.com,English,India
https://richmond.com/news/state-and-regional/govt-and-politics/dominion-asks-to-reinstate-surcharge-for-rggi-boosting-bills/article_a6c64b7c-ad29-11ed-83fb-07450b574c56.html,,"Dominion asks to reinstate surcharge for RGGI , boosting bills",20230215T143000Z,https://bloximages.newyork1.vip.townnews.com/richmond.com/content/tncms/assets/v3/editorial/a/6c/a6c64b7c-ad29-11ed-83fb-07450b574c56/63ecdd22532ef.preview.jpg?crop=1752%2C920%2C0%2C131,richmond.com,English,United States
https://www.theguardian.com/australia-news/2023/feb/16/australias-white-paper-industry-is-dead-leaving-rural-communities-to-pick-through-the-pulp,https://amp.theguardian.com/australia-news/2023/feb/16/australias-white-paper-industry-is-dead-leaving-rural-communities-to-pick-through-the-pulp,"Australia white paper industry is dead , leaving rural communities to pick through the pulp | Australia news",20230215T151500Z,https://i.guim.co.uk/img/media/4f249340f3d6a5b18e64dc1abe4a7c8d976ebf41/0_54_720_432/master/720.jpg?&quality=85&auto=format&fit=crop&overlay-align=bottom%2Cleft&overlay-width=100p&overlay-base64=L2ltZy9zdGF0aWMvb3ZlcmxheXMvdGctZGVmYXVsdC5wbmc&enable=upscale&s=46d153d4eba94e8c39b9e92e10c41ec8,theguardian.com,English,United Kingdom
https://www.offshore-energy.biz/bms-united-bunkernet-and-sbi-merge-to-form-baseblue/,,"BMS United , Bunkernet , and SBI merge to form Baseblue",20230215T153000Z,https://www.offshore-energy.biz/wp-content/uploads/sites/6/2023/02/Shipping-1.jpg?image-crop-positioner-ts=1676455400,offshore-energy.biz,English,
https://www.mylondon.news/special-features/how-save-money-your-energy-26170309,https://www.mylondon.news/special-features/how-save-money-your-energy-26170309.amp,How to save money on your energy bills this winter,20230215T171500Z,https://i2-prod.mylondon.news/incoming/article26170378.ece/ALTERNATES/s1200/7_cadent_manchester_1802003_0032.jpg,mylondon.news,English,
https://www.uneca.org/stories/making-carbon-markets-work-for-africa,,Making carbon markets work for Africa | United Nations Economic Commission for Africa,20230215T180000Z,,uneca.org,English,Ethiopia
https://richmond.com/news/state-and-regional/govt-and-politics/dominion-asks-to-reinstate-surcharge-for-rggi/article_a6c64b7c-ad29-11ed-83fb-07450b574c56.html,,Dominion asks to reinstate surcharge for RGGI,20230215T210000Z,https://bloximages.newyork1.vip.townnews.com/richmond.com/content/tncms/assets/v3/editorial/a/6c/a6c64b7c-ad29-11ed-83fb-07450b574c56/63ed3c06770b8.preview.jpg?crop=1752%2C920%2C0%2C131,richmond.com,English,United States
https://richmond.com/news/state-and-regional/govt-and-politics/dominion-wants-to-reinstate-this-surcharge-heres-how-much-it-would-cost-customers/article_a6c64b7c-ad29-11ed-83fb-07450b574c56.html,,Dominion wants to reinstate this surcharge . Here how much it would cost customers . ,20230215T221500Z,https://bloximages.newyork1.vip.townnews.com/richmond.com/content/tncms/assets/v3/editorial/a/6c/a6c64b7c-ad29-11ed-83fb-07450b574c56/63ed3c06770b8.preview.jpg?crop=1752%2C920%2C0%2C131,richmond.com,English,United States
https://energycentral.com/c/pip/carbon-pricing-inevitable-when-and-how-we-do-it-matters,,Carbon Pricing is Inevitable . But When and How We Do It Matters . ,20230215T223000Z,https://energycentral.com/sites/default/files/styles/og_meta/public/ece/node_main/2023/1/screen20shot202022-09-3020at206_48_0020pm.png?itok=1fdXqi8G,energycentral.com,English,United States
https://www.jdsupra.com/legalnews/delegated-acts-of-the-european-4134647/,,Delegated Acts of the European Commission concerning renewable fuels and assessing GHG emission savings | Hogan Lovells,20230216T001500Z,https://jdsupra-static.s3.amazonaws.com/profile-images/og.15723_926.jpg,jdsupra.com,English,United States
https://roanoke.com/news/state-and-regional/govt-and-politics/dominion-wants-to-reinstate-this-surcharge-heres-how-much-it-would-cost-customers/article_af7e82b0-b3a0-57f9-8343-a79bafb37393.html,,Dominion wants to reinstate this surcharge . Here how much it would cost customers . ,20230216T013000Z,https://bloximages.newyork1.vip.townnews.com/roanoke.com/content/tncms/assets/v3/editorial/a/f7/af7e82b0-b3a0-57f9-8343-a79bafb37393/63ed56ebb5b94.preview.jpg?crop=1752%2C920%2C0%2C131,roanoke.com,English,United States
https://martinsvillebulletin.com/news/state-and-regional/govt-and-politics/dominion-wants-to-reinstate-this-surcharge-heres-how-much-it-would-cost-customers/article_033cb6eb-dc9d-56c2-819b-e37a8045a538.html,,Dominion wants to reinstate this surcharge . Here how much it would cost customers . ,20230216T020000Z,https://bloximages.newyork1.vip.townnews.com/martinsvillebulletin.com/content/tncms/assets/v3/editorial/0/33/033cb6eb-dc9d-56c2-819b-e37a8045a538/63ed56eb7df65.preview.jpg?crop=1752%2C920%2C0%2C131,martinsvillebulletin.com,English,United States
https://godanriver.com/news/state-and-regional/govt-and-politics/dominion-wants-to-reinstate-this-surcharge-heres-how-much-it-would-cost-customers/article_de06a952-3d87-5d7f-a932-a340d30fd3d7.html,,Dominion wants to reinstate this surcharge . Here how much it would cost customers . ,20230216T021500Z,https://bloximages.newyork1.vip.townnews.com/godanriver.com/content/tncms/assets/v3/editorial/d/e0/de06a952-3d87-5d7f-a932-a340d30fd3d7/63ed56eb77b0f.preview.jpg?crop=1752%2C920%2C0%2C131,godanriver.com,English,United States
https://dailyprogress.com/news/state-and-regional/govt-and-politics/dominion-wants-to-reinstate-this-surcharge-heres-how-much-it-would-cost-customers/article_b8a51a01-4322-5bfb-b622-5deb9b7ba476.html,,Dominion wants to reinstate this surcharge . Here how much it would cost customers . ,20230216T030000Z,https://bloximages.newyork1.vip.townnews.com/dailyprogress.com/content/tncms/assets/v3/editorial/b/8a/b8a51a01-4322-5bfb-b622-5deb9b7ba476/63ed56eb848a3.preview.jpg?crop=1752%2C920%2C0%2C131,dailyprogress.com,English,United States
https://swvatoday.com/news/state-and-regional/govt-and-politics/article_d3b96a26-78ac-581e-8a43-2ec5ae0c696c.html,,Dominion wants to reinstate this surcharge . Here how much it would cost customers . ,20230216T043000Z,https://bloximages.newyork1.vip.townnews.com/swvatoday.com/content/tncms/assets/v3/editorial/d/3b/d3b96a26-78ac-581e-8a43-2ec5ae0c696c/63ed56eb7eed3.preview.jpg?crop=1752%2C920%2C0%2C131,swvatoday.com,English,United States
https://www.bnnbloomberg.ca/transcript-zero-episode-27-a-new-climate-race-between-the-eu-and-us-1.1884571,https://www.bnnbloomberg.ca/transcript-zero-episode-27-a-new-climate-race-between-the-eu-and-us-1.1884571.amp.html,Transcript Zero Episode 27 : A New Climate Race Between the EU and US,20230216T060000Z,http://www.bnnbloomberg.ca/polopoly_fs/1.1884572!/fileimage/httpImage/image.jpg_gen/derivatives/landscape_620/jennifer-morgan-germany-s-special-representative-for-international-climate-policy-during-a-panel-session-on-day-two-of-the-world-economic-forum-wef-in-davos-switzerland-on-wednesday-jan-18-2023-the-annual-davos-gathering-of-political-leaders-top-executives-and-celebrities-runs-from-january-16-to-20.jpg,bnnbloomberg.ca,English,Canada
https://jakartaglobe.id/special-updates/capital-markets-role-in-recovering-national-economy,,Capital Market Role in Recovering National Economy,20230216T091500Z,https://img2.beritasatu.com/cache/jakartaglobe/640x441-4/2023/02/1676532647-660x439.webp,jakartaglobe.id,English,Indonesia
https://www.ecb.europa.eu/pub/economic-bulletin/html/eb202301.en.html,,"Economic Bulletin Issue 1 , 2023",20230216T093000Z,,ecb.europa.eu,English,Greece
https://www.thestar.com.my/news/nation/2023/02/16/budget-2023-maintain-tax-incentives-for-climate-change-mitigation-urges-sarawak-deputy-energy-minister,,"Budget 2023 : Maintain tax incentives for climate change mitigation , urges Sarawak Deputy Energy Minister",20230216T101500Z,https://apicms.thestar.com.my/uploads/images/2023/02/16/1944078.jpg,thestar.com.my,English,Malaysia
https://www.afr.com/policy/energy-and-climate/labor-must-hold-the-line-on-its-key-emissions-policy-20230214-p5ckgr,,Safeguard mechanism : Labor must hold the line on its key emissions policy,20230216T104500Z,https://static.ffx.io/images/$zoom_0.2459%2C$multiply_3%2C$ratio_1.777778%2C$width_1059%2C$x_0%2C$y_0/t_crop_custom/c_scale%2Cw_800%2Cq_88%2Cf_jpg/t_afr_opinion_no_age_social_wm/c64ba2d78f142065c2b070673d05d0d53a7e50fc,afr.com,English,Australia
https://www.finanznachrichten.de/nachrichten-2023-02/58332522-intercontinental-exchange-ice-announces-record-trading-and-participation-across-north-american-environmental-markets-with-strong-growth-in-renewable-004.htm,,Intercontinental Exchange : ICE Announces Record Trading and Participation Across North American Environmental Markets With Strong Growth in Renewable Energy Markets,20230216T140000Z,https://www.finanznachrichten.de/chart-intercontinental-exchange-inc-aktie-intraklein-tradegate.png,finanznachrichten.de,English,Germany
https://www.finanznachrichten.de/nachrichten-2023-02/58333743-pathos-communications-professor-gary-yohe-announces-launch-of-new-book-defending-against-climate-risk-296.htm,,Pathos Communications : Professor Gary Yohe Announces Launch of New Book : Defending Against Climate Risk,20230216T154500Z,https://api.newsfilecorp.com/newsinfo/155041/157/,finanznachrichten.de,English,Germany
https://www.theguardian.com/australia-news/2023/feb/17/safeguard-mechanism-what-is-it-will-it-cut-emissions-and-what-role-do-carbon-offsets-play,https://amp.theguardian.com/australia-news/2023/feb/17/safeguard-mechanism-what-is-it-will-it-cut-emissions-and-what-role-do-carbon-offsets-play,"Safeguard mechanism : what is it , will it cut emissions and what role do carbon offsets play ? ",20230216T154500Z,https://i.guim.co.uk/img/media/b5c2af74ab3653b0c5546167b7d7b899a9733201/0_236_3543_2126/master/3543.jpg?&quality=85&auto=format&fit=crop&overlay-align=bottom%2Cleft&overlay-width=100p&overlay-base64=L2ltZy9zdGF0aWMvb3ZlcmxheXMvdGctZGVmYXVsdC5wbmc&enable=upscale&s=89d987a2ac3296e7f443417c015c2053,theguardian.com,English,United Kingdom
https://www.caledonianrecord.com/opinion/letters/realities-solutions---the-un-affordable-heat-act---alison-despathy/article_9ddec4c7-806a-5484-a89d-2428749aff0d.html,,Realities & Solutions - The UN - Affordable Heat Act - Alison Despathy,20230216T160000Z,https://bloximages.newyork1.vip.townnews.com/caledonianrecord.com/content/tncms/custom/image/97f38b88-9339-11ec-91bb-637c1bf4402d.jpg,caledonianrecord.com,English,United States
https://www.thehindubusinessline.com/opinion/natural-gas-a-bridge-to-a-cleaner-future/article66517902.ece,https://www.thehindubusinessline.com/opinion/natural-gas-a-bridge-to-a-cleaner-future/article66517902.ece/amp/,Natural gas a bridge to a cleaner future - The Hindu BusinessLine,20230216T163000Z,https://bl-i.thgim.com/public/incoming/htkqvv/article66517923.ece/alternates/LANDSCAPE_1200/2023-02-11T182720Z_858092417_RC2YZT9DA0XF_RTRMADP_3_ECUADOR-PETROECUADOR.JPG,thehindubusinessline.com,English,India
https://www.theage.com.au/politics/federal/stop-talking-and-start-acting-investors-dread-greens-brinksmanship-20230216-p5cl48.html,https://amp.theage.com.au/politics/federal/stop-talking-and-start-acting-investors-dread-greens-brinksmanship-20230216-p5cl48.html,Green blockade of the safeguard mechanism alarms investors,20230216T180000Z,https://static.ffx.io/images/$zoom_0.2131%2C$multiply_0.7554%2C$ratio_1.777778%2C$width_1059%2C$x_0%2C$y_0/t_crop_custom/q_86%2Cf_auto/t_theage_no_label_no_age_social_wm/935cf1cfdee455309027f4eaf076036a4ea24216,theage.com.au,English,Australia
https://www.smh.com.au/politics/federal/stop-talking-and-start-acting-investors-dread-greens-brinksmanship-20230216-p5cl48.html,https://amp.smh.com.au/politics/federal/stop-talking-and-start-acting-investors-dread-greens-brinksmanship-20230216-p5cl48.html,Green blockade of the safeguard mechanism alarms investors,20230216T180000Z,https://static.ffx.io/images/$zoom_0.2131%2C$multiply_0.7554%2C$ratio_1.777778%2C$width_1059%2C$x_0%2C$y_0/t_crop_custom/q_86%2Cf_auto/t_smh_no_label_no_age_social_wm/935cf1cfdee455309027f4eaf076036a4ea24216,smh.com.au,English,Australia
https://www.brisbanetimes.com.au/politics/federal/stop-talking-and-start-acting-investors-dread-greens-brinksmanship-20230216-p5cl48.html,https://amp.brisbanetimes.com.au/politics/federal/stop-talking-and-start-acting-investors-dread-greens-brinksmanship-20230216-p5cl48.html,Green blockade of the safeguard mechanism alarms investors,20230216T184500Z,https://static.ffx.io/images/$zoom_0.2131%2C$multiply_0.7554%2C$ratio_1.777778%2C$width_1059%2C$x_0%2C$y_0/t_crop_custom/q_86%2Cf_auto/t_brisbanetimes_no_label_no_age_social_wm/935cf1cfdee455309027f4eaf076036a4ea24216,brisbanetimes.com.au,English,Australia
https://www.mmamania.com/2023/2/16/23602849/blanchfield-vs-andrade-main-card-breakdown,,Blanchfield vs . Andrade Main Card Breakdown,20230216T191500Z,,mmamania.com,English,United States
https://www.power-technology.com/comment/cooperation-carbon-pricing/,,EU new climate policy will spark cooperation on carbon pricing,20230216T194500Z,https://www.power-technology.com/wp-content/uploads/sites/21/2023/02/shutterstock_1972988039.jpg,power-technology.com,English,United Kingdom
https://www.streetinsider.com/Newsfile/Professor+Gary+Yohe+Announces+Launch+of+New+Book:+Defending+Against+Climate+Risk/21237022.html,,Professor Gary Yohe Announces Launch of New Book : Defending Against Climate Risk,20230216T201500Z,,streetinsider.com,English,United States
https://mondovisione.com/media-and-resources/news/ice-announces-record-trading-and-participation-across-north-american-environment/,,ICE Announces Record Trading And Participation Across North American Environmental Markets With Strong Growth In Renewable Energy Markets,20230216T210000Z,,mondovisione.com,English,United States
https://www.hvnplus.co.uk/news/uk-opens-consultation-on-certification-scheme-for-low-carbon-hydrogen-16-02-2023/,,UK opens consultation on certification scheme for low carbon hydrogen,20230216T211500Z,https://cdn.ca.emap.com/wp-content/uploads/sites/10/2021/08/Hydrogen-Strategy-online.jpg,hvnplus.co.uk,English,United Kingdom
https://www.africaleader.com/news/273531759/carbon-markets-present-great-opportunity-for-africa-un-official,,Carbon markets present great opportunity for Africa : UN official,20230216T213000Z,,africaleader.com,English,South Africa
http://www.chinaview.cn/africa/20230217/0be0202c7a0e46ed9f1700a9b38d55f6/c.html,,Carbon markets present great opportunity for Africa : UN official - Xinhua,20230216T221500Z,,chinaview.cn,English,China
https://www.watoday.com.au/politics/federal/stop-talking-and-start-acting-investors-dread-greens-brinksmanship-20230216-p5cl48.html,,Green blockade of the safeguard mechanism alarms investors,20230216T231500Z,https://static.ffx.io/images/$zoom_0.2131%2C$multiply_0.7554%2C$ratio_1.777778%2C$width_1059%2C$x_0%2C$y_0/t_crop_custom/q_86%2Cf_auto/t_watoday_no_label_no_age_social_wm/935cf1cfdee455309027f4eaf076036a4ea24216,watoday.com.au,English,Australia
https://www.etftrends.com/climate-insights-channel/luke-oliver-the-perplexity-problem-of-voluntary-carbon-markets/,https://www.etftrends.com/climate-insights-channel/luke-oliver-the-perplexity-problem-of-voluntary-carbon-markets/amp/,Luke Oliver : The Perplexity Problem of Voluntary Carbon Markets,20230216T233000Z,https://www.etftrends.com/wp-content/uploads/2023/02/Luke-Oliver-The-Perplexity-Problem-of-Voluntary-Carbon-Markets.jpg,etftrends.com,English,China
https://www.insidermonkey.com/blog/west-fraser-timber-co-ltd-nysewfg-q4-2022-earnings-call-transcript-1121274/,,West Fraser Timber Co . Ltd . ( NYSE : WFG ) Q4 2022 Earnings Call Transcript,20230217T004500Z,,insidermonkey.com,English,United States
https://www.miragenews.com/china-commended-for-poverty-reduction-asked-on-949682/,,"China Commended for Poverty Reduction , Asked on Minority Protection & Social Welfare",20230217T023000Z,https://cdn1.miragenews.com/tmp_cache?cdn=images.unsplash.com/photo-1517732306149-e8f829eb588a?ixid=MXwxMjA3fDB8MHxwaG90by1wYWdlfHx8fGVufDB8fHw%3D&ixlib=rb-1.2.1&auto=format&fit=crop&q=80,miragenews.com,English,United States
https://www.yicaiglobal.com/news/china-eastern-airlines-invests-in-cosco-shipping-logistics-series-a-fundraiser,,China Eastern Airlines Invests in Cosco Shipping Logistic Series A Fundraiser,20230217T051500Z,http://img.yicaiglobal.com/cdn/news/china-eastern-airlines-invests-in-cosco-shipping-logistics-series-a-fundraiser/36463007219397.jpg,yicaiglobal.com,English,
https://www.pollutiononline.com/doc/sweep-empowers-companies-to-build-sustainability-across-their-supply-chains-0001,,Sweep Empowers Companies To Build Sustainability Across Their Supply Chains,20230217T064500Z,,pollutiononline.com,English,United States
http://www.chinadaily.com.cn/a/202302/17/WS63ef1390a31057c47ebaf681.html,,China top court issues guideline on environmental protection,20230217T073000Z,http://img2.chinadaily.com.cn/images/202302/17/63ef1390a31057c4b4b54ee4.jpeg,chinadaily.com.cn,English,China
https://en.antaranews.com/news/273024/indonesia-continues-using-folu-as-instrument-to-achieve-ndc-target,https://en.antaranews.com/amp/news/273024/indonesia-continues-using-folu-as-instrument-to-achieve-ndc-target,Indonesia continues using FOLU as instrument to achieve NDC target,20230217T073000Z,https://cdn.antaranews.com/cache/800x533/2023/02/17/VKFO_IMG-20230216-WA0023.jpeg,en.antaranews.com,English,Indonesia
https://www.miragenews.com/sustainability-dont-break-rules-of-economics-949888/,,Sustainability : Dont Break Rules of Economics,20230217T081500Z,https://www.torrens.edu.au/-/media/project/laureate/apac/torrens/blog/sustainability-and-the-new-economics-boundaries-which-should-not-be-broken/sustainability-and-the-new-economics-lg.jpg?rev=35164ef9a05748b4a3ac2edadcf3613b,miragenews.com,English,United States
https://www.newsweek.com/climate-change-die-hard-republicans-never-convinced-1780905,https://www.newsweek.com/climate-change-die-hard-republicans-never-convinced-1780905?amp=1,Why Die - Hard Climate Change Skeptics Are Unlikely to Change Their Minds,20230217T083000Z,https://d.newsweek.com/en/full/2194886/climate-change-protest-marjorie-taylor-greene.png,newsweek.com,English,United States
http://www.msn.com/en-us/news/world/why-die-hard-climate-change-skeptics-are-unlikely-to-change-their-minds/ar-AA17B3bU,,Why Die - Hard Climate Change Skeptics Are Unlikely to Change Their Minds,20230217T084500Z,http://img-s-msn-com.akamaized.net/tenant/amp/entityid/AA17BccP.img?&m=6&q=60&o=t&l=f&f=jpg&x=816&y=187,msn.com,English,United States
http://www.ecns.cn/news/2023-02-17/detail-ihckshyv8426552.shtml,,China top court issues guideline on environmental protection,20230217T110000Z,http://i2.chinanews.com.cn/simg/hpic/2023/02-17/pic1-40981501.jpeg,ecns.cn,English,China
https://www.sundaymail.co.zw/new-carbon-markets-present-great-opportunity-for-africa-un-official,https://www.sundaymail.co.zw/new-carbon-markets-present-great-opportunity-for-africa-un-official/amp,NEW : Carbon markets present great opportunity for Africa : UN official,20230217T113000Z,https://www.sundaymail.co.zw/wp-content/uploads/sites/10/2023/02/carbon-markets-680x380.jpg,sundaymail.co.zw,English,Zimbabwe
https://www.mirror.co.uk/travel/europe/flight-prices-could-increase-2025-29240565,https://www.mirror.co.uk/travel/europe/flight-prices-could-increase-2025-29240565.amp,Flight prices could increase by 2025 with new scheme to tackle climate change,20230217T131500Z,https://i2-prod.mirror.co.uk/incoming/article22020709.ece/ALTERNATES/s1200/2_booking-flight-travel-traveler-search-reservation-holiday-page.jpg,mirror.co.uk,English,United Kingdom
https://english.news.cn/20230217/64e95b6e7a7a4f0d9dee7d6a592778b0/c.html,,China supreme court specifies judicial services to assist carbon reduction - Xinhua,20230217T134500Z,,english.news.cn,English,
http://www.china.org.cn/china/Off_the_Wire/2023-02/17/content_85112884.htm,,China supreme court specifies judicial services to assist carbon reduction,20230217T134500Z,,china.org.cn,English,China
https://www.finanznachrichten.de/nachrichten-2023-02/58344460-vmware-counting-the-cost-of-carbon-why-it-efficiency-matters-200.htm,,VMware : Counting the Cost of Carbon : Why IT Efficiency Matters,20230217T150000Z,https://www.finanznachrichten.de/chart-vmware-inc-aktie-intraklein-tradegate.png,finanznachrichten.de,English,Germany
https://www.business-standard.com/article/economy-policy/india-finalises-a-list-of-activities-for-trading-of-carbon-credits-123021701088_1.html,https://wap.business-standard.com/article-amp/economy-policy/india-finalises-a-list-of-activities-for-trading-of-carbon-credits-123021701088_1.html,India finalises 13 activities under 3 heads for trading of carbon credits,20230217T154500Z,https://bsmedia.business-standard.com/_media/bs/img/article/2017-11/08/full/1510161571-9114.jpg,business-standard.com,English,India
https://www.etftrends.com/climate-insights-channel/climate-change-is-altering-the-way-pension-funds-invest/,https://www.etftrends.com/climate-insights-channel/climate-change-is-altering-the-way-pension-funds-invest/amp/,Climate Change Is Altering the Way Pension Funds Invest,20230217T181500Z,https://www.etftrends.com/wp-content/uploads/2023/02/Climate-Change-is-Altering-the-Way-Pension-Funds-Invest.jpg,etftrends.com,English,China
http://www.itnewsonline.com/news/Counting-the-Cost-of-Carbon-Why-IT-Efficiency-Matters/13357,,IT News Online - Counting the Cost of Carbon : Why IT Efficiency Matters,20230217T183000Z,,itnewsonline.com,English,United States
https://www.tankeroperator.com/news/bunker-suppliers-bms-united-bunkernet-and-sbi-merge-to-form-baseblue/13529.aspx,,"Tanker Operator Bunker suppliers BMS United , Bunkernet , and SBI merge to form Baseblue",20230217T200000Z,,tankeroperator.com,English,China
https://www.perishablenews.com/retailfoodservice/us-foods-supports-emissions-reduction-efforts-with-initial-delivery-of-battery-electric-trucks/,,US Foods Supports Emissions Reduction Efforts With Initial Delivery of Battery - Electric Trucks,20230217T234500Z,https://cdn.perishablenews.com/2023/02/a-f65.jpg,perishablenews.com,English,United States
https://menafn.com/1105593572/How-The-West-Is-Finally-Hitting-Back-Against-Chinas-Dominance-Of-Cleantech,,How The West Is Finally Hitting Back Against China Dominan ... ,20230218T001500Z,https://menafn.com/updates/pr/2023-02/17/TC_9c956image_story.jpeg,menafn.com,English,Qatar
https://www.argusleader.com/story/news/2023/02/17/unanimous-sd-senate-committee-vote-clears-way-for-carbon-pipelines/69915176007/,,Unanimous SD Senate committee vote clears way for carbon pipelines,20230218T001500Z,"https://www.gannett-cdn.com/presto/2023/01/10/PSIF/67ebf864-90ec-4c77-b21a-ad0bfb7cae87-First_Day_of_Leg_017.JPG?auto=webp&crop=5567,3132,x0,y283&format=pjpg",argusleader.com,English,United States
https://cleantechnica.com/2023/02/17/australia-will-rely-on-carbon-credits-offsets-to-meet-climate-goals/,https://cleantechnica.com/2023/02/17/australia-will-rely-on-carbon-credits-offsets-to-meet-climate-goals/amp/,Australia Will Rely On Carbon Credits & Offsets To Meet Climate Goals,20230218T011500Z,https://cleantechnica.com/files/2023/02/Chris-Bowen-1024x527.jpg,cleantechnica.com,English,United States
https://timesofindia.indiatimes.com/india/india-lists-13-activities-for-trading-of-carbon-credits-on-global-platform/articleshow/98034464.cms,https://m.timesofindia.com/india/india-lists-13-activities-for-trading-of-carbon-credits-on-global-platform/amp_articleshow/98034464.cms,India lists 13 activities for trading of carbon credits on global platform | India News,20230218T061500Z,"https://static.toiimg.com/thumb/msid-98034513,width-1070,height-580,imgsize-1471434,resizemode-75,overlay-toi_sw,pt-32,y_pad-40/photo.jpg",timesofindia.indiatimes.com,English,India
http://en.people.cn/n3/2023/0218/c90000-10209562.html,,China supreme court specifies judicial services to assist carbon reduction,20230218T070000Z,,en.people.cn,English,China
https://www.heritage.org/debt/commentary/will-obama-choose-fiscal-responsibility-or-gimmicks,,Will Obama Choose Fiscal Responsibility or Gimmicks ? ,20230218T084500Z,https://www.heritage.org/themes/heritage/src/images/bell.png,heritage.org,English,United States
https://www.heritage.org/environment/report/the-epas-global-warming-regulation-plans,,The EPA Global Warming Regulation Plans | The Heritage Foundation,20230218T123000Z,https://www.heritage.org/themes/heritage/src/images/bell.png,heritage.org,English,United States
https://www.businessghana.com/site/news/general/280201/Making-carbon-markets-work-for-Africa,,Making carbon markets work for Africa,20230218T130000Z,https://www.businessghana.com/cms/img/news/2023-02-18-102816UNFEA.jpg,businessghana.com,English,Ghana
https://www.heritage.org/political-process/report/administrative-state-constitutional-government,,From Administrative State to Constitutional Government,20230218T204500Z,https://www.heritage.org/themes/heritage/src/images/bell.png,heritage.org,English,United States
https://www.skynews.com.au/australia-news/politics/happy-to-have-a-look-at-suggestions-that-are-put-on-the-table-greens-willing-to-negotiate-on-climate-safeguard-reforms/news-story/6d16eb1bca9c913bf4f18d4a77874131,https://www.skynews.com.au/australia-news/politics/happy-to-have-a-look-at-suggestions-that-are-put-on-the-table-greens-willing-to-negotiate-on-climate-safeguard-reforms/news-story/6d16eb1bca9c913bf4f18d4a77874131?amp,  Offer not an ultimatum : Greens willing to negotiate on proposed fossil fuel ban to pass Labor climate safeguard reforms,20230219T014500Z,https://content.api.news/v3/images/bin/8f528baa8f87e344591280931806b3c1,skynews.com.au,English,Australia
https://www.fwi.co.uk/news/opinion-focus-on-what-you-can-control-as-bps-is-phased-out,,Opinion : Focus on what you can control as BPS is phased out,20230219T023000Z,https://stmaaprodfwsite.blob.core.windows.net/assets/sites/1/2022/03/English-farmland-23368240_C_Kevin-Eaves_AdobeStock.jpg,fwi.co.uk,English,United Kingdom
https://punchng.com/election-campaigning-sans-climate-change/,https://punchng.com/election-campaigning-sans-climate-change/?amp,Election : Campaigning sans climate change,20230219T050000Z,https://cdn.punchng.com/wp-content/uploads/2023/02/18233003/climate-change.jpg,punchng.com,English,Nigeria
http://www.chinaview.cn/20230219/5968f39702234db4b399dfb429ca750a/c.html,,Guest Opinion : Europe green ambition frustrated by selfish Washington - Xinhua,20230219T090000Z,,chinaview.cn,English,China
https://www.europesun.com/news/273541079/guest-opinion-europes-green-ambition-frustrated-by-selfish-washington,,Guest Opinion : Europe green ambition frustrated by selfish Washington,20230219T093000Z,,europesun.com,English,Russia
https://www.chinanationalnews.com/news/273541079/guest-opinion-europes-green-ambition-frustrated-by-selfish-washington,,Guest Opinion : Europe green ambition frustrated by selfish Washington,20230219T093000Z,,chinanationalnews.com,English,China
https://www.bignewsnetwork.com/news/273541079/guest-opinion-europes-green-ambition-frustrated-by-selfish-washington,,Guest Opinion : Europe green ambition frustrated by selfish Washington,20230219T093000Z,,bignewsnetwork.com,English,United States
https://www.asiabulletin.com/news/273541079/guest-opinion-europes-green-ambition-frustrated-by-selfish-washington,,Guest Opinion : Europe green ambition frustrated by selfish Washington,20230219T094500Z,,asiabulletin.com,English,China
http://www.china.org.cn/world/Off_the_Wire/2023-02/19/content_85114693.htm,,Guest Opinion : Europe green ambition frustrated by selfish Washington,20230219T094500Z,,china.org.cn,English,China
https://www.afr.com/politics/federal/chalmers-must-stand-up-for-orthodox-economics-against-the-greens-20230216-p5ckyl,,Chalmers must stand up for orthodox economics against the Greens,20230219T094500Z,https://static.ffx.io/images/$zoom_0.1924%2C$multiply_4%2C$ratio_1.777778%2C$width_1059%2C$x_0%2C$y_27/t_crop_custom/c_scale%2Cw_800%2Cq_88%2Cf_jpg/t_afr_opinion_no_age_social_wm/c848c87926273e7e90c9f981e43f62681505cc70,afr.com,English,Australia
https://www.shanghainews.net/news/273541079/guest-opinion-europes-green-ambition-frustrated-by-selfish-washington,,Guest Opinion : Europe green ambition frustrated by selfish Washington,20230219T100000Z,,shanghainews.net,English,China
https://www.hongkongherald.com/news/273541079/guest-opinion-europes-green-ambition-frustrated-by-selfish-washington,,Guest Opinion : Europe green ambition frustrated by selfish Washington,20230219T100000Z,,hongkongherald.com,English,China
https://www.irishsun.com/news/273541079/guest-opinion-europes-green-ambition-frustrated-by-selfish-washington,,Guest Opinion : Europe green ambition frustrated by selfish Washington,20230219T101500Z,,irishsun.com,English,Ireland
https://english.news.cn/20230219/5968f39702234db4b399dfb429ca750a/c.html,,Guest Opinion : Europe green ambition frustrated by selfish Washington - Xinhua,20230219T101500Z,,english.news.cn,English,
https://www.neworleanssun.com/news/273541079/guest-opinion-europes-green-ambition-frustrated-by-selfish-washington,,Guest Opinion : Europe green ambition frustrated by selfish Washington,20230219T103000Z,,neworleanssun.com,English,United States
https://www.shanghaisun.com/news/273541079/guest-opinion-europes-green-ambition-frustrated-by-selfish-washington,,Guest Opinion : Europe green ambition frustrated by selfish Washington,20230219T111500Z,,shanghaisun.com,English,China
https://www.saltlakecitysun.com/news/273541079/guest-opinion-europes-green-ambition-frustrated-by-selfish-washington,,Guest Opinion : Europe green ambition frustrated by selfish Washington,20230219T113000Z,,saltlakecitysun.com,English,United States
https://www.greekherald.com/news/273541079/guest-opinion-europes-green-ambition-frustrated-by-selfish-washington,,Guest Opinion : Europe green ambition frustrated by selfish Washington,20230219T113000Z,,greekherald.com,English,Greece
https://www.austinglobe.com/news/273541079/guest-opinion-europes-green-ambition-frustrated-by-selfish-washington,,Guest Opinion : Europe green ambition frustrated by selfish Washington,20230219T114500Z,,austinglobe.com,English,United States
https://english.news.cn/europe/20230219/7f1cede5c4244b489b0b04ab6a3e6d45/c.html,,Guest Opinion : Europe green ambition frustrated by selfish Washington - Xinhua,20230219T121500Z,,english.news.cn,English,
https://www.cambodiantimes.com/news/273541079/guest-opinion-europes-green-ambition-frustrated-by-selfish-washington,,Guest Opinion : Europe green ambition frustrated by selfish Washington,20230219T130000Z,,cambodiantimes.com,English,Cambodia
https://www.parisguardian.com/news/273541079/guest-opinion-europes-green-ambition-frustrated-by-selfish-washington,,Guest Opinion : Europe green ambition frustrated by selfish Washington,20230219T140000Z,,parisguardian.com,English,France
https://english.news.cn/20230219/91b51eb6525e493ba9415a1817719cd3/c.html,,Guest Opinion : Europe green ambition frustrated by selfish Washington - Xinhua,20230219T170000Z,,english.news.cn,English,
https://cpa.org.au/guardian/issue-2041/twitter-vs-mastodon-vs-whats-going-on-with-social-media/,,Twitter vs Mastodon vs What going on with Social Media ? ,20230219T173000Z,,cpa.org.au,English,Australia
https://www.gwinnettdailypost.com/news/world_nation/california-gave-electric-vehicles-to-an-isolated-farmworker-community-why-did-the-cars-vanish-overnight/article_d8a705b1-7bc1-58e0-8e74-39135d2a64eb.html,,California gave electric vehicles to an isolated farmworker community . Why did the cars vanish overnight ? ,20230219T173000Z,https://bloximages.newyork1.vip.townnews.com/gwinnettdailypost.com/content/tncms/assets/v3/editorial/7/b6/7b636bf4-c151-5293-aa55-bdb7df781cb1/63f244a89427e.image.jpg?crop=1722%2C904%2C0%2C149,gwinnettdailypost.com,English,United States
https://www.beijingbulletin.com/news/273541079/guest-opinion-europes-green-ambition-frustrated-by-selfish-washington,,Guest Opinion : Europe green ambition frustrated by selfish Washington,20230219T173000Z,,beijingbulletin.com,English,China
https://www.albanyherald.com/news/world_nation/california-gave-electric-vehicles-to-an-isolated-farmworker-community-why-did-the-cars-vanish-overnight/article_2176f660-af41-52d7-8091-53069eb7fc8c.html,,California gave electric vehicles to an isolated farmworker community . Why did the cars vanish overnight ? ,20230219T180000Z,https://bloximages.newyork1.vip.townnews.com/albanyherald.com/content/tncms/assets/v3/editorial/1/13/11353d47-261f-533c-b984-1598b6a8be17/63f244a9f2e72.image.jpg?crop=1722%2C904%2C0%2C149,albanyherald.com,English,United States
https://www.aerospace-technology.com/features/feature-september-stories-lufthansa-order-first-uav-facility/,,"September top stories : Lufthansa €14bn order , first UAV facility launched",20230219T180000Z,,aerospace-technology.com,English,United States
https://www.mdjonline.com/tribune/lifestyles/california-gave-electric-vehicles-to-an-isolated-farmworker-community-why-did-the-cars-vanish-overnight/article_4401c2c7-e828-5c41-8cfa-badd9cb17254.html,,California gave electric vehicles to an isolated farmworker community . Why did the cars vanish overnight ? ,20230219T184500Z,https://bloximages.newyork1.vip.townnews.com/mdjonline.com/content/tncms/assets/v3/editorial/4/96/496ae49d-4288-5e3f-848c-ac57bde7b7cd/63f2456c07243.image.jpg?crop=1722%2C904%2C0%2C149,mdjonline.com,English,United States
https://www.jacksonprogress-argus.com/news/world_nation/california-gave-electric-vehicles-to-an-isolated-farmworker-community-why-did-the-cars-vanish-overnight/article_49a298c9-05b3-5c0c-9d58-0992f4751e0b.html,,California gave electric vehicles to an isolated farmworker community . Why did the cars vanish overnight ? ,20230219T201500Z,https://bloximages.newyork1.vip.townnews.com/jacksonprogress-argus.com/content/tncms/assets/v3/editorial/d/98/d98f399a-1534-573a-ae3e-fc7cc9f10f7f/63f244aa0829a.image.jpg?crop=1722%2C904%2C0%2C149,jacksonprogress-argus.com,English,United States
https://www.news-daily.com/news/world_nation/california-gave-electric-vehicles-to-an-isolated-farmworker-community-why-did-the-cars-vanish-overnight/article_23312a1c-5904-508f-9d11-2f1590cac10b.html,,California gave electric vehicles to an isolated farmworker community . Why did the cars vanish overnight ? ,20230219T210000Z,https://bloximages.newyork1.vip.townnews.com/news-daily.com/content/tncms/assets/v3/editorial/3/bb/3bbc0019-6d51-5f41-bdee-875b9a891097/63f244aa0c305.image.jpg?crop=1722%2C904%2C0%2C149,news-daily.com,English,United States
https://www.hellenicshippingnews.com/how-does-the-shipping-ets-work/,,How does the shipping ETS work ? | Hellenic Shipping News Worldwide,20230220T004500Z,,hellenicshippingnews.com,English,China
https://postcourier.com.pg/regulations-to-guide-carbon-market-in-png/,https://postcourier.com.pg/regulations-to-guide-carbon-market-in-png/amp/,Post Courier Regulations to guide carbon market in PNG,20230220T031500Z,https://postcourier.com.pg/wp-content/uploads/2019/03/Wera-Mori.jpg,postcourier.com.pg,English,Papua New Guinea
https://menafn.com/1105599481/West-Finally-Hitting-Back-At-Chinas-Cleantech-Dominance,,West Finally Hitting Back At China Cleantech Dominance,20230220T054500Z,https://menafn.com/updates/pr/2023-02/20/AT_c57f3image_story.jpg,menafn.com,English,Qatar
http://malawi24.com/2023/02/20/malawi-seeks-to-generate-forex-by-selling-carbon-credits/,,Malawi seeks to generate forex by selling carbon credits,20230220T094500Z,https://i0.wp.com/malawi24.com/wp-content/uploads/2023/02/IMG_20230218_074758.jpg?fit=1080%2C541,malawi24.com,English,Malawi
https://www.maritime-executive.com/editorials/sailing-cargo-ships-are-making-a-genuine-comeback,,Sailing Cargo Ships are Making a Genuine Comeback,20230220T094500Z,https://maritime-executive.com/media/images/article/Photos/Vessels_Large/Oceanbird-AlfaWall.6b4b0f.jpg,maritime-executive.com,English,United States
https://news.webindia123.com/news/Articles/Science/20230220/4041138.html,,World War II - style rationing can reduce carbon emissions : Research,20230220T101500Z,,news.webindia123.com,English,India
https://phys.org/news/2023-02-rationing-fairer-climate.html,https://phys.org/news/2023-02-rationing-fairer-climate.amp,Rationing : A fairer way to fight climate change ? ,20230220T101500Z,https://scx2.b-cdn.net/gfx/news/hires/2022/climate-change-16.jpg,phys.org,English,United States
https://www.latestly.com/agency-news/science-news-world-war-ii-style-rationing-can-reduce-carbon-emissions-research-4863804.html,https://www.latestly.com/agency-news/science-news-world-war-ii-style-rationing-can-reduce-carbon-emissions-research-4863804.html/amp,World War II - Style Rationing Can Reduce Carbon Emissions : Research,20230220T103000Z,https://st1.latestly.com/wp-content/uploads/2023/02/ANI-20230220085810-588x441.jpg,latestly.com,English,India
http://ukrainianjournal.com/index.php?w=article&id=36356,,Ukrainian Journal,20230220T104500Z,,ukrainianjournal.com,English,Ukraine
https://www.dailymail.co.uk/sciencetech/article-11771325/Climate-change-World-War-II-style-rationing-petrol-energy-meat-slash-carbon-emissions.html,https://www.dailymail.co.uk/sciencetech/article-11771325/amp/Climate-change-World-War-II-style-rationing-petrol-energy-meat-slash-carbon-emissions.html,"Climate change : World War II - style rationing of petrol , energy and meat could slash carbon emissions",20230220T121500Z,https://i.dailymail.co.uk/1s/2023/02/20/11/67877233-0-image-a-6_1676894268113.jpg,dailymail.co.uk,English,United Kingdom
http://www.ukrainianjournal.com/index.php?w=article&id=36356,,Ukrainian Journal,20230220T130000Z,,ukrainianjournal.com,English,Ukraine
https://www.northernirelandnews.com/news/273546050/world-war-ii-style-rationing-can-reduce-carbon-emissions-research,,World War II - style rationing can reduce carbon emissions : Research,20230220T150000Z,https://cdn.bignewsnetwork.com/ani1676885120.jpg,northernirelandnews.com,English,United Kingdom
https://singularityhub.com/2023/02/17/wind-powered-cargo-ships-are-the-future-debunking-4-myths-that-stand-in-the-way-of-cutting-emissions/,https://singularityhub.com/2023/02/17/wind-powered-cargo-ships-are-the-future-debunking-4-myths-that-stand-in-the-way-of-cutting-emissions/?amp=1,Wind - Powered Cargo Ships Are the Future : Debunking 4 Myths That Stand in the Way of Cutting Emissions,20230220T154500Z,https://singularityhub.com/wp-content/uploads/2023/02/Oceanbird.jpg,singularityhub.com,English,United States
https://www.thesundaily.my/business/bursa-malaysia-signs-moc-with-mgtc-to-enhance-voluntary-carbon-market-ecosystem-EB10661665,,Bursa Malaysia signs MOC with MGTC to enhance voluntary carbon market ecosystem,20230220T154500Z,https://www.thesundaily.my/binrepository/480x360/0c55/480d250/none/11808/YVUW/bursa-bernama-chung-already-scanned-2438641-20220620175623_2985115_20230220202638.jpg,thesundaily.my,English,Malaysia
https://www.thehindubusinessline.com/opinion/budget-should-energise-green-growth/article66533412.ece,https://www.thehindubusinessline.com/opinion/budget-should-energise-green-growth/article66533412.ece/amp/,Budget should energise green growth - The Hindu BusinessLine,20230220T164500Z,https://bl-i.thgim.com/public/incoming/9ii0us/article66533422.ece/alternates/LANDSCAPE_1200/PADDY_PLANTATION_DSC3247.jpg,thehindubusinessline.com,English,India
https://www.thehindu.com/news/national/centre-in-final-stages-of-notifying-emissions-trading-scheme/article66532660.ece,https://www.thehindu.com/news/national/centre-in-final-stages-of-notifying-emissions-trading-scheme/article66532660.ece/amp/,Centre in final stages of notifying emissions trading scheme,20230220T164500Z,https://th-i.thgim.com/public/news/national/rsbug5/article66533556.ece/alternates/LANDSCAPE_1200/solarthermal.jpg,thehindu.com,English,India
https://www.dailyrepublic.com/all-dr-news/wires/california-gave-electric-vehicles-to-an-isolated-farmworker-community-why-did-the-cars-vanish-overnight/,,California gave electric vehicles to an isolated farmworker community . Why did the cars vanish overnight ? ,20230220T171500Z,https://www.dailyrepublic.com/files/2023/02/US-NEWS-CALIF-TESLAS-COMMUNITY-1-FR-scaled.jpg,dailyrepublic.com,English,United States
https://hotair.com/david-strom/2023/02/20/its-here-lets-implement-wwii-style-rationing-to-fight-climate-change-n531881,https://hotair.com/david-strom/2023/02/20/its-here-lets-implement-wwii-style-rationing-to-fight-climate-change-n531881/amp,It here : let implement WWII - style rationing to fight climate change,20230220T194500Z,https://media.townhall.com/townhall/reu/o/2015/244/a0f969fc-5af6-4c10-ab5c-851674940190-1052x615.jpg,hotair.com,English,United States
https://cleantechnica.com/2023/02/20/advocates-across-the-globe-speak-up-for-climate-legislation/,https://cleantechnica.com/2023/02/20/advocates-across-the-globe-speak-up-for-climate-legislation/amp/,Advocates Across The Globe Speak Up For Climate Legislation,20230220T203000Z,https://cleantechnica.com/files/2023/02/the-law-resized-1024x576.jpg,cleantechnica.com,English,United States
https://community.scoop.co.nz/2023/02/greenpeace-warns-politicians-get-ready-for-a-climate-election/,,Community Scoop » Greenpeace Warns Politicians – Get Ready For A Climate Election,20230220T231500Z,,community.scoop.co.nz,English,New Zealand
https://www.hellenicshippingnews.com/eu-formalises-its-plans-for-the-expansion-of-the-eu-ets-into-shipping-in-2024/,,EU formalises its plans for the expansion of the EU ETS into shipping in 2024 | Hellenic Shipping News Worldwide,20230221T001500Z,,hellenicshippingnews.com,English,China
https://www.henryherald.com/news/world_nation/california-gave-electric-vehicles-to-an-isolated-farmworker-community-why-did-the-cars-vanish-overnight/article_fe5bf75d-b004-5d99-97d9-bed65bb08c19.html,,California gave electric vehicles to an isolated farmworker community . Why did the cars vanish overnight ? ,20230221T003000Z,https://bloximages.newyork1.vip.townnews.com/henryherald.com/content/tncms/assets/v3/editorial/3/93/393d288d-1b5d-5586-8966-d0a0a3f1504c/63f244aa0998f.image.jpg?crop=1722%2C904%2C0%2C149,henryherald.com,English,United States
https://www.thesundaily.my/business/sustainability-initiatives-in-malaysia-pick-up-sharply-EB10662170,,Sustainability initiatives in Malaysia pick up sharply,20230221T003000Z,https://www.thesundaily.my/binrepository/480x438/0c66/480d250/none/11808/VKQB/anand-maybank-ib-n_2985674_20230221012245.jpg,thesundaily.my,English,Malaysia
https://www.thecentersquare.com/washington/sixth-week-of-pump-price-increases-after-washington-carbon-tax/article_2fb207a8-b16e-11ed-967a-db087cead9df.html,https://www.thecentersquare.com/washington/sixth-week-of-pump-price-increases-after-washington-carbon-tax/article_2fb207a8-b16e-11ed-967a-db087cead9df.amp.html,Sixth week of pump price increases after Washington carbon tax,20230221T020000Z,https://bloximages.newyork1.vip.townnews.com/thecentersquare.com/content/tncms/assets/v3/editorial/d/44/d442cb54-b16e-11ed-9711-539e9bf200ba/63f3f5b713dc3.image.jpg?crop=1024%2C538%2C0%2C72,thecentersquare.com,English,
https://allafrica.com/stories/202302210002.html,,Nigeria : Where Do Nigeria Frontrunners Stand On Climate Change ? ,20230221T060000Z,,allafrica.com,English,Nigeria
https://www.theislamicmonthly.com/obama-ever-done-us/,https://www.theislamicmonthly.com/obama-ever-done-us/?amp=1,What Has Obama Ever Done For Us ? - The Islamic Monthly,20230221T070000Z,https://www.theislamicmonthly.com/wp-content/uploads/2017/01/3007174616_3dbdb35d8c_o.jpg,theislamicmonthly.com,English,United States
https://economictimes.indiatimes.com/small-biz/sme-sector/capital-flows-for-green-investing-could-be-much-more-than-those-for-tech-jayant-sinha/articleshow/98119163.cms,https://m.economictimes.com/small-biz/sme-sector/capital-flows-for-green-investing-could-be-much-more-than-those-for-tech-jayant-sinha/amp_articleshow/98119163.cms,Venture Capital : Capital flows for green investing could be much more than those for tech : Jayant Sinha,20230221T100000Z,"https://img.etimg.com/thumb/msid-98119122,width-1070,height-580,imgsize-35994,overlay-etrise/photo.jpg",economictimes.indiatimes.com,English,India
https://www.resilience.org/stories/2023-02-17/any-way-you-slice-it/,,Any Way You Slice It,20230221T104500Z,https://www.resilience.org/wp-content/uploads/2023/02/1080px-National_WWII_Museum_Dec_2015_-_Food_rations.jpg,resilience.org,English,United States
https://www.eenews.net/articles/why-energy-bills-skyrocketed-in-the-u-s-west/,,Why energy bills skyrocketed in the U . S . West,20230221T124500Z,https://static.politico.com/a4/97/62d3088f44fd88be2a72b57407f1/https-delivery-gettyimages.com/downloads/55737159,eenews.net,English,United States
https://www.ibtimes.com/analysis-pain-gain-industry-eu-carbon-hits-100-euros-3670070,https://www.ibtimes.com/analysis-pain-gain-industry-eu-carbon-hits-100-euros-3670070?amp=1,Analysis - Pain And Gain For Industry As EU Carbon Hits 100 Euros,20230221T140000Z,https://d.ibtimes.com/en/full/4422992/sunset-over-drax-power-station-north-yorkshire.jpg,ibtimes.com,English,United States
https://www.washingtonpost.com/business/energy/corporate-climate-promises-dont-add-up/2023/02/21/74d1b848-b1ef-11ed-94a0-512954d75716_story.html,,Corporate Climate Promises Dont Add Up - The Washington Post,20230221T141500Z,https://arc-anglerfish-washpost-prod-washpost.s3.amazonaws.com/public/ONJWAZVR54I63FFAKEUVJV2XCY.jpg,washingtonpost.com,English,United States
https://www.bnnbloomberg.ca/europe-s-carbon-price-hits-a-record-100-as-economy-rebounds-from-energy-crisis-1.1886312,https://www.bnnbloomberg.ca/europe-s-carbon-price-hits-a-record-100-as-economy-rebounds-from-energy-crisis-1.1886312.amp.html,Europe Carbon Price Hits a Record €100 as Economy Rebounds From Energy Crisis,20230221T143000Z,http://www.bnnbloomberg.ca/polopoly_fs/1.1886313!/fileimage/httpImage/image.png_gen/derivatives/landscape_620/image.png,bnnbloomberg.ca,English,Canada
https://www.theislamicmonthly.com/interview-annie-leonard-the-story-of-stuff/,https://www.theislamicmonthly.com/interview-annie-leonard-the-story-of-stuff/?amp=1,"Interview : Annie Leonard , The Story of Stuff - The Islamic Monthly",20230221T143000Z,https://www.theislamicmonthly.com/wp-content/uploads/2012/06/interview-annie-leonard1.png,theislamicmonthly.com,English,United States
https://wkzo.com/2023/02/21/analysis-pain-and-gain-for-industry-as-eu-carbon-hits-100-euros/,,Analysis - Pain and gain for industry as EU carbon hits 100 euros,20230221T153000Z,https://storage.googleapis.com/media.mwcradio.com/mimesis/2023-02/21/2023-02-21T131402Z_1_LYNXMPEJ1K0HJ_RTROPTP_3_BRITAIN-EU-CARBONTRADING.JPG,wkzo.com,English,United States
https://www.marketscreener.com/news/latest/EU-carbon-hits-record-100-euros-as-cost-of-polluting-soars--43040695/,https://www.marketscreener.com/amp/news/latest/EU-carbon-hits-record-100-euros-as-cost-of-polluting-soars--43040695/,EU carbon hits record 100 euros as cost of polluting soars,20230221T154500Z,https://www.marketscreener.com/images/twitter_MS_fdblanc.png,marketscreener.com,English,
https://www.politico.com/newsletters/weekly-new-york-new-jersey-energy/2023/02/21/planned-power-plants-test-new-jersey-clean-power-plan-00083671,,Planned power plants test New Jersey clean power plan,20230221T164500Z,https://static.politico.com/da/f5/44342c424c68b675719324b1106b/politico.jpg,politico.com,English,United States
https://katcountry989.com/2023/02/21/analysis-pain-and-gain-for-industry-as-eu-carbon-hits-100-euros/,,Analysis - Pain and gain for industry as EU carbon hits 100 euros,20230221T171500Z,https://storage.googleapis.com/media.mwcradio.com/mimesis/2023-02/21/2023-02-21T131402Z_1_LYNXMPEJ1K0HJ_RTROPTP_3_BRITAIN-EU-CARBONTRADING.JPG,katcountry989.com,English,United States
https://www.azocleantech.com/news.aspx?newsID=32997,,World War II - Style Rationing Could be Effective in Mitigating Climate Change,20230221T174500Z,https://d3hnfqimznafg0.cloudfront.net/images/news/ThumbForNews_32997_16769839515595063.jpg,azocleantech.com,English,United States
https://www.thelocal.at/20230221/is-austria-doing-enough-to-protect-children-from-the-climate-crisis,,Is Austria doing enough to protect children from the climate crisis ? ,20230221T174500Z,"https://apiwp.thelocal.com/cdn-cgi/image/format=webp,width=855,quality=75/https://apiwp.thelocal.com/wp-content/uploads/2022/04/000_Par2569495.jpg",thelocal.at,English,Austria
https://www.thecentersquare.com/washington/article_2fb207a8-b16e-11ed-967a-db087cead9df.html,https://www.thecentersquare.com/washington/article_2fb207a8-b16e-11ed-967a-db087cead9df.amp.html,Sixth week of pump price increases after Washington carbon tax,20230221T181500Z,https://bloximages.newyork1.vip.townnews.com/thecentersquare.com/content/tncms/assets/v3/editorial/d/44/d442cb54-b16e-11ed-9711-539e9bf200ba/63f3f5b713dc3.image.jpg?crop=1024%2C538%2C0%2C72,thecentersquare.com,English,
https://www.proactiveinvestors.co.uk/companies/news/1006842/eu-carbon-credits-pass-100-per-tonne-for-first-time-1006842.html,,Carbon credits pass €100 per tonne for first time,20230221T184500Z,https://cdn.proactiveinvestors.com/eyJidWNrZXQiOiJwYS1jZG4iLCJrZXkiOiJ1cGxvYWRcL05ld3NcL0ltYWdlXC8yMDIzXzAyXC9TY3JlZW4tU2hvdC0yMDIxLTEyLTEzLWF0LTEwLTE0LTQ1LUFNXzYzZjRlYzBmZGRjY2UuanBnIiwiZWRpdHMiOnsicmVzaXplIjp7IndpZHRoIjoxMjAwLCJoZWlnaHQiOjYzMCwiZml0IjoiY292ZXIifX19,proactiveinvestors.co.uk,English,United Kingdom
https://www.afr.com/markets/equity-markets/us-stocks-tumble-yields-leap-on-higher-rate-peak-bets-20230221-p5cm34,,"Wall Street tumbles , yields leap on higher rate peak bets",20230221T194500Z,https://static.ffx.io/images/$zoom_0.1839%2C$multiply_4%2C$ratio_1.777778%2C$width_1059%2C$x_0%2C$y_110/t_crop_custom/c_scale%2Cw_800%2Cq_88%2Cf_jpg/t_afr_no_label_no_age_social_wm/029982f2475bc94732e55c7969615a8931198db4,afr.com,English,Australia
https://www.newsecuritybeat.org/2023/02/states-show-leadership-climate-action/,https://www.newsecuritybeat.org/2023/02/states-show-leadership-climate-action/amp/,States Show Leadership on Climate Action,20230221T201500Z,,newsecuritybeat.org,English,China
https://www.alaskajournal.com/2023-02-21/gov-dunleavy-says-his-carbon-storage-bills-could-bring-alaska-%E2%80%98billions%E2%80%99-many-unknowns,,"Alaska Journal | Gov . Dunleavy says his carbon storage bills could bring Alaska  billions , but many unknowns remain",20230221T203000Z,,alaskajournal.com,English,United States
https://www.etftrends.com/climate-insights-channel/kraneshares-carbon-markets-are-at-inflection-point-for-investors/,https://www.etftrends.com/climate-insights-channel/kraneshares-carbon-markets-are-at-inflection-point-for-investors/amp/,KraneShares : Carbon Markets Are at  Inflection Point  for Investors,20230221T204500Z,,etftrends.com,English,China
https://www.marketwatch.com/articles/eu-carbon-price-milestone-how-to-invest-481ffdb2,,EU Carbon Price Hit a Key Level . How to Invest and What to Know . ,20230221T223000Z,https://images.barrons.com/im-729164/social,marketwatch.com,English,United States
https://www.afr.com/policy/economy/maintain-flexibility-under-the-net-zero-climate-target-20230220-p5clto,,Maintain flexibility under the net zero climate target,20230221T230000Z,https://static.ffx.io/images/$zoom_0.2264%2C$multiply_3%2C$ratio_1.777778%2C$width_1059%2C$x_0%2C$y_97/t_crop_custom/c_scale%2Cw_800%2Cq_88%2Cf_jpg/t_afr_opinion_no_age_social_wm/08698b809e3c325547407ff8239b44a14f63cd9a,afr.com,English,Australia
https://www.herald.co.zw/zim-works-on-carbon-credit-framework/,https://www.herald.co.zw/zim-works-on-carbon-credit-framework/amp/,Zim works on carbon credit framework,20230221T231500Z,https://www.herald.co.zw/wp-content/uploads/sites/2/2022/12/Mnangagwa-5.jpg,herald.co.zw,English,Zimbabwe
https://www.fool.com/investing/2023/02/21/eu-carbon-prices-hit-a-record-high-at-100-per-tonn/?source=iedfolrf0000001,,EU Carbon Prices Hit a Record High at €100 per Tonne,20230222T014500Z,https://g.foolcdn.com/editorial/images/721747/featured-daily-upside-image.jpg,fool.com,English,United States
https://www.chronicle.co.zw/development-of-national-carbon-credit-framework-nears-completion/,https://www.chronicle.co.zw/development-of-national-carbon-credit-framework-nears-completion/amp/,Development of national Carbon Credit Framework nears completion,20230222T020000Z,https://www.chronicle.co.zw/wp-content/uploads/sites/3/2023/02/cvfvgvv.jpg,chronicle.co.zw,English,Zimbabwe
https://governorswindenergycoalition.org/why-energy-bills-skyrocketed-in-the-u-s-west/,,Why energy bills skyrocketed in the U . S . West - Governor Wind Energy Coalition,20230222T063000Z,,governorswindenergycoalition.org,English,United States
https://www.wsws.org/en/articles/2023/02/22/hsac-f22.html,,Greens make fraudulent appeal to disaffected voters in Australia NSW state election,20230222T071500Z,,wsws.org,English,United States
https://www.turnto23.com/news/local-news/oil-industry-representatives-react-to-governor-gavin-newsoms-proposed-windfall-tax,https://www.turnto23.com/news/local-news/oil-industry-representatives-react-to-governor-gavin-newsoms-proposed-windfall-tax?_amp=true,Oil industry representatives react to Gavin Newsom proposed windfall tax,20230222T081500Z,http://ewscripps-brightspot.s3.amazonaws.com/c6/0a/546ef4fd4f599158817c8528fe5f/screen-shot-2023-02-21-at-9.24.30 PM.png,turnto23.com,English,United States
https://www.eco-business.com/podcasts/mosquitoes-sun-dimming-and-the-lives-at-stake/,,"Mosquitoes , sun dimming , and the lives at stake",20230222T093000Z,https://eco-business.imgix.net/ebmedia/fileuploads/Dr_Athar_Hussain_SRM_podcast.jpg?fit=crop&ixlib=django-1.2.0&q=85,eco-business.com,English,China
https://oilprice.com/Latest-Energy-News/World-News/EU-Carbon-Price-Surges-Past-100.html,https://oilprice.com/Latest-Energy-News/World-News/EU-Carbon-Price-Surges-Past-100.amp.html,EU Carbon Price Surges Past $100,20230222T094500Z,https://d32r1sh890xpii.cloudfront.net/news/718x300/2023-02-22_dnbx7vikds.jpg,oilprice.com,English,United States
http://www.koreatimes.co.kr/www/opinion/2023/02/810_345888.html,https://m.koreatimes.co.kr/pages/article.amp.asp?newsIdx=345888,A case for government monopoly on energy prices,20230222T103000Z,https://koreatimes-bucket.s3.ap-northeast-2.amazonaws.com/IMAGE/upload/newsV2/images/Eugene_Lee_200_4a56b75d73b13.jpg,koreatimes.co.kr,English,South Korea
https://www.theepochtimes.com/california-lawmakers-to-consider-gov-newsoms-windfall-tax-on-oil-companies_5075209.html,,California Lawmakers to Consider Gov . Newsom Windfall Tax on Oil Companies,20230222T104500Z,https://img.theepochtimes.com/assets/uploads/2023/02/07/Gavin-Newsom-1200x748.jpg,theepochtimes.com,English,United States
https://www.marketwatch.com/story/rio-tinto-full-year-profit-dividend-down-on-weaker-commodity-prices-commodities-roundup-42cdc12d,https://www.marketwatch.com/amp/story/rio-tinto-full-year-profit-dividend-down-on-weaker-commodity-prices-commodities-roundup-42cdc12d,"Rio Tinto Full - Year Profit , Dividend Down on Weaker Commodity Prices -- Commodities Roundup",20230222T124500Z,,marketwatch.com,English,United States
https://www.afr.com/politics/federal/don-t-leave-coal-communities-stranded-union-warns-pm-20230222-p5cmhc,,"Coal power : Dont leave communities stranded , Mining and Energy Union general president Tony Maher warns Anthony Albanese",20230222T130000Z,https://static.ffx.io/images/$zoom_0.4204%2C$multiply_2%2C$ratio_1.777778%2C$width_1059%2C$x_420%2C$y_118/t_crop_custom/c_scale%2Cw_800%2Cq_88%2Cf_jpg/t_afr_no_label_no_age_social_wm/1e5504d3a9cfdc54b21fe94f4f6bdb5eaf796011,afr.com,English,Australia
https://www.marketscreener.com/quote/stock/RIO-TINTO-PLC-9590196/news/Rio-Tinto-Full-Year-Profit-Dividend-Down-on-Weaker-Commodity-Prices-Commodities-Roundup-43053247/,https://www.marketscreener.com/amp/quote/stock/RIO-TINTO-PLC-9590196/news/Rio-Tinto-Full-Year-Profit-Dividend-Down-on-Weaker-Commodity-Prices-Commodities-Roundup-43053247/,"Rio Tinto Full - Year Profit , Dividend Down on Weaker Commodity Prices -- Commodities Roundup",20230222T131500Z,https://www.marketscreener.com/images/twitter_MS_fdgris.png,marketscreener.com,English,
https://www.hellenicshippingnews.com/which-industries-pay-co2-costs-in-europe/,,Which industries pay CO2 costs in Europe ? | Hellenic Shipping News Worldwide,20230222T131500Z,,hellenicshippingnews.com,English,China
https://www.proactiveinvestors.co.uk/companies/news/1006950/today-s-oil-and-gas-update-panoro-energy-impact-oil-gas-and-more-1006950.html,,Today Oil and Gas Update - Panoro Energy ; Impact Oil & Gas and more ... ,20230222T133000Z,https://cdn.proactiveinvestors.com/eyJidWNrZXQiOiJwYS1jZG4iLCJrZXkiOiJ1cGxvYWRcL05ld3NcL0ltYWdlXC8yMDIzXzAyXC9zaHV0dGVyc3RvY2stNjU0OTU2NDE5LmpwZyIsImVkaXRzIjp7InJlc2l6ZSI6eyJ3aWR0aCI6MTIwMCwiaGVpZ2h0Ijo2MzAsImZpdCI6ImNvdmVyIn19fQ==,proactiveinvestors.co.uk,English,United Kingdom
https://www.morningstar.com/news/dow-jones/202302225021/rio-tinto-full-year-profit-dividend-down-on-weaker-commodity-prices-commodities-roundup,,"Rio Tinto Full - Year Profit , Dividend Down on Weaker Commodity Prices Commodities Roundup",20230222T133000Z,https://www.morningstar.com/assets/img/dow-jones.51166f0.png,morningstar.com,English,China
https://www.washingtonpost.com/opinions/2023/02/22/geoengineering-research-flights-federal-investment/,,Opinion | Geoengineering research flights are good federal investment,20230222T134500Z,https://arc-anglerfish-washpost-prod-washpost.s3.amazonaws.com/public/4LYX44WYMNDXPA4YYCNWNTNQQI.jpg,washingtonpost.com,English,United States
https://www.heraldnet.com/opinion/comment-corporations-climate-pledges-may-be-empty-promises/,,Comment : Corporation climate pledges may be empty promises,20230222T140000Z,,heraldnet.com,English,United States
https://www.breitbart.com/europe/2023/02/22/wwii-style-rationing-of-meat-clothing-and-energy-needed-to-fight-climate-change-say-uk-academics/,https://www.breitbart.com/europe/2023/02/22/wwii-style-rationing-of-meat-clothing-and-energy-needed-to-fight-climate-change-say-uk-academics/amp/,WWII - Style Rationing Needed to Fight Climate Change : united kingdom Academics,20230222T144500Z,https://media.breitbart.com/media/2023/02/GettyImages-854682330-2-640x335.jpg,breitbart.com,English,United States
https://www.wfmz.com/news/ap/ap-business/eu-carbon-price-passes-symbolic-100-euros-as-reforms-bite/article_2f2dbe91-66d5-55fd-8b01-557ab65de483.html,,EU carbon price passes symbolic 100 euros as reforms bite,20230222T151500Z,https://bloximages.newyork1.vip.townnews.com/wfmz.com/content/tncms/assets/v3/editorial/1/88/188bcbdd-042c-50fa-b1e1-fd553bc16828/63f62b4b161ee.image.jpg?crop=1774%2C931%2C0%2C118,wfmz.com,English,United States
https://abcnews.go.com/Business/wireStory/eu-carbon-price-passes-symbolic-100-euros-reforms-97385072,https://abcnews.go.com/amp/Business/wireStory/eu-carbon-price-passes-symbolic-100-euros-reforms-97385072,EU carbon price passes symbolic 100 euros as reforms bite,20230222T153000Z,https://s.abcnews.com/images/International/wirestory_a0ada72d40ef5bef586d95b83213ef79_16x9_992.jpg,abcnews.go.com,English,United States
https://abcnews.go.com/Business/wireStory/eu-carbon-price-passes-symbolic-100-euros-reforms-97385073,https://abcnews.go.com/amp/Business/wireStory/eu-carbon-price-passes-symbolic-100-euros-reforms-97385073,EU carbon price passes symbolic 100 euros as reforms bite,20230222T153000Z,https://s.abcnews.com/images/International/wirestory_a0ada72d40ef5bef586d95b83213ef79_16x9_992.jpg,abcnews.go.com,English,United States
https://mynorthwest.com/3836774/eu-carbon-price-passes-symbolic-100-euros-as-reforms-bite-2/,https://mynorthwest.com/3836774/eu-carbon-price-passes-symbolic-100-euros-as-reforms-bite-2/amp/,EU carbon price passes symbolic 100 euros as reforms bite,20230222T153000Z,https://mynorthwest.com/wp-content/uploads/2023/02/ap_2d044c79443e4934a72fb1520910d264.jpg,mynorthwest.com,English,United States
https://www.2news.com/news/national/eu-carbon-price-passes-symbolic-100-euros-as-reforms-bite/article_a166b1e6-c1e1-52b8-985f-af5e18fef466.html,,EU carbon price passes symbolic 100 euros as reforms bite,20230222T154500Z,https://bloximages.newyork1.vip.townnews.com/2news.com/content/tncms/assets/v3/editorial/8/35/83561306-bd83-576a-8da1-de5858410a90/63f62edfe57e5.image.jpg?crop=1774%2C931%2C0%2C118,2news.com,English,
https://www.breitbart.com:443/europe/2023/02/22/wwii-style-rationing-of-meat-clothing-and-energy-needed-to-fight-climate-change-say-uk-academics/,https://www.breitbart.com/europe/2023/02/22/wwii-style-rationing-of-meat-clothing-and-energy-needed-to-fight-climate-change-say-uk-academics/amp/,WWII - Style Rationing Needed to Fight Climate Change : united kingdom Academics,20230222T160000Z,https://media.breitbart.com/media/2023/02/GettyImages-854682330-2-640x335.jpg,breitbart.com,English,United States
https://www.ivpressonline.com/business/eu-carbon-price-passes-symbolic-100-euros-as-reforms-bite/article_d4975a8d-b811-573b-8d6f-67add72c1854.html,,EU carbon price passes symbolic 100 euros as reforms bite,20230222T161500Z,https://bloximages.newyork1.vip.townnews.com/ivpressonline.com/content/tncms/assets/v3/editorial/2/b9/2b9ca8c5-d907-5143-8287-8e53a9d38af4/63f62b70d85bf.image.jpg?crop=1774%2C931%2C0%2C118,ivpressonline.com,English,United States
https://abcnews.go.com/International/wireStory/eu-carbon-price-passes-symbolic-100-euros-reforms-97385071,https://abcnews.go.com/amp/International/wireStory/eu-carbon-price-passes-symbolic-100-euros-reforms-97385071,EU carbon price passes symbolic 100 euros as reforms bite,20230222T163000Z,https://s.abcnews.com/images/International/wirestory_a0ada72d40ef5bef586d95b83213ef79_16x9_992.jpg,abcnews.go.com,English,United States
https://english.ahram.org.eg/NewsContent/2/11/489575/World/War-in-Ukraine/One-Year-On-EU-carbon-price-passes-symbolic--euros.aspx,,One Year On : EU carbon price passes symbolic 100 euros as reforms bite - War in Ukraine - World,20230222T164500Z,https://english.ahram.org.eg/Media/News/2023/2/22/41_2023-638126833210393495-39.jpg,english.ahram.org.eg,English,Egypt
https://www.yoursourceone.com/news/national_news/eu-carbon-price-passes-symbolic-100-euros-as-reforms-bite/article_90570b60-cb83-5e17-a0c9-575980df9e82.html,,EU carbon price passes symbolic 100 euros as reforms bite,20230222T170000Z,https://bloximages.newyork1.vip.townnews.com/yoursourceone.com/content/tncms/assets/v3/editorial/5/ee/5eefe2b5-04c6-5b66-9bac-1c2369a7dc2b/63f62bc415ee4.image.jpg?crop=1774%2C931%2C0%2C118,yoursourceone.com,English,
https://infotel.ca/newsitem/eu-europe-carbon-prices/cp258053178,,EU carbon price passes symbolic 100 euros as reforms bite | iNFOnews | Thompson - Okanagan News Source,20230222T171500Z,https://infotel.ca/images/news/cp/photos/20230222090248-63f62b4fcc1d82d59a0d21e8jpeg.jpg?q=90,infotel.ca,English,Canada
https://www.airdrietoday.com/national-business/eu-carbon-price-passes-symbolic-100-euros-as-reforms-bite-6592720,https://www.airdrietoday.com/amp/national-business/eu-carbon-price-passes-symbolic-100-euros-as-reforms-bite-6592720,EU carbon price passes symbolic 100 euros as reforms bite,20230222T173000Z,,airdrietoday.com,English,
https://www.thesunchronicle.com/business/eu-carbon-price-passes-symbolic-100-euros-as-reforms-bite/article_e42db25e-b7ba-50b9-bdbf-1b0cba81ded7.html,,EU carbon price passes symbolic 100 euros as reforms bite,20230222T173000Z,https://bloximages.chicago2.vip.townnews.com/thesunchronicle.com/content/tncms/assets/v3/editorial/b/0e/b0e3545e-af8c-5fb6-ae68-0ac4b49bf403/63f630d15036b.image.jpg?crop=1774%2C931%2C0%2C118,thesunchronicle.com,English,United States
https://www.business-standard.com/article/current-affairs/european-union-carbon-price-passes-symbolic-100-euros-as-reforms-bite-123022201187_1.html,https://wap.business-standard.com/article-amp/current-affairs/european-union-carbon-price-passes-symbolic-100-euros-as-reforms-bite-123022201187_1.html,European Union carbon price passes symbolic 100 euros as reforms bite,20230222T180000Z,https://bsmedia.business-standard.com/_media/bs/img/article/2022-02/13/full/1644770680-0609.jpg,business-standard.com,English,India
https://www.chroniclejournal.com/business/national_business/eu-carbon-price-passes-symbolic-100-euros-as-reforms-bite/article_310f0402-c8d1-5007-8755-0a0f8763b7aa.html,,EU carbon price passes symbolic 100 euros as reforms bite,20230222T180000Z,https://bloximages.newyork1.vip.townnews.com/chroniclejournal.com/content/tncms/custom/image/f8bc5194-1803-11e8-b880-a3843e00524a.jpg,chroniclejournal.com,English,United States
https://www.piquenewsmagazine.com/national-business/eu-carbon-price-passes-symbolic-100-euros-as-reforms-bite-6592741,,EU carbon price passes symbolic 100 euros as reforms bite,20230222T180000Z,,piquenewsmagazine.com,English,Canada
https://www.pentictonherald.ca/business_news/national_business/article_405fbc4f-8560-5f30-945c-23b986d53d15.html,,EU carbon price passes symbolic 100 euros as reforms bite,20230222T181500Z,https://bloximages.newyork1.vip.townnews.com/pentictonherald.ca/content/tncms/assets/v3/editorial/0/23/023b0112-c5b6-5275-95a6-9eb1fb7879c6/63f64a78e667b.image.jpg?crop=650%2C341%2C0%2C43,pentictonherald.ca,English,Canada
https://energeticcity.ca/2023/02/22/eu-carbon-price-passes-symbolic-100-euros-as-reforms-bite/,,EU carbon price passes symbolic 100 euros as reforms bite,20230222T181500Z,https://energeticcity.ca/wp-content/uploads/2023/02/20230222090248-63f62b4fcc1d82d59a0d21e8jpeg.jpg,energeticcity.ca,English,Canada
http://www.tnledger.com/editorial/Article.aspx?id=162809,,The Nashville Ledger,20230222T183000Z,,tnledger.com,English,United States
https://www.lapresse.it/economy/2023/02/22/eu-carbon-price-passes-symbolic-100-euros-as-reforms-bite/,https://www.lapresse.it/economy/2023/02/22/eu-carbon-price-passes-symbolic-100-euros-as-reforms-bite/amp/,EU carbon price passes symbolic 100 euros as reforms bite,20230222T190000Z,https://img.lapresse.it/2023/02/22/carbon-EU.jpg,lapresse.it,English,Italy
https://www.thehindu.com/opinion/editorial/a-clean-gamble/article66540737.ece,https://www.thehindu.com/opinion/editorial/a-clean-gamble/article66540737.ece/amp/,A clean gamble - The Hindu,20230222T190000Z,https://www.thehindu.com/theme/images/og-image.png,thehindu.com,English,India
https://business.inquirer.net/387831/biz-buzz-ayala-land-divorces-sgv,https://business.inquirer.net/387831/biz-buzz-ayala-land-divorces-sgv/amp,BIZ BUZZ : Ayala Land divorces SGV,20230222T191500Z,https://business.inquirer.net/files/2021/06/bizbuzz-620x324.jpg,business.inquirer.net,English,Philippines
https://accesswdun.com/article/2023/2/1169871,,EU carbon price passes symbolic 100 euros as reforms bi ... ,20230222T193000Z,https://binaryapi.ap.org/2d044c79443e4934a72fb1520910d264/preview.jpg,accesswdun.com,English,United States
https://www.etftrends.com/climate-insights-channel/european-carbon-allowances-flirt-with-e100-threshold-keua-invests/,https://www.etftrends.com/climate-insights-channel/european-carbon-allowances-flirt-with-e100-threshold-keua-invests/amp/,European Carbon Allowances Flirt With €100 Threshold ; KEUA Invests,20230222T194500Z,https://www.etftrends.com/wp-content/uploads/2023/02/European-Carbon-Allowances-Flirt-With-E100-Threshold-KEUA-Invests.jpg,etftrends.com,English,China
https://energycentral.com/c/ec/analysis-pain-and-gain-industry-eu-carbon-hits-100-euros,,Analysis : Pain and gain for industry as EU carbon hits 100 euros,20230222T201500Z,https://energycentral.com/sites/default/files/styles/og_meta/public/ece/node_main/2023/2/contaminacion_0.jpg?itok=Aa-jkzqR,energycentral.com,English,United States
https://www.thehindu.com/opinion/editorial/a-clean-gamble-the-hindu-editorial-on-carbon-trading/article66540737.ece,https://www.thehindu.com/opinion/editorial/a-clean-gamble-the-hindu-editorial-on-carbon-trading/article66540737.ece/amp/,A clean gamble : The Hindu Editorial on carbon trading,20230222T203000Z,https://www.thehindu.com/theme/images/og-image.png,thehindu.com,English,India
https://www.prnewswire.com/news-releases/consumer-watchdog-testifies-for-windfall-profits-cap-at-ca-senate-energy-committee-301753583.html,,Consumer Watchdog Testifies For Windfall Profits Cap At CA Senate Energy Committee,20230222T203000Z,,prnewswire.com,English,United States
https://finance.yahoo.com/news/consumer-watchdog-testifies-windfall-profits-201300826.html,https://finance.yahoo.com/amphtml/news/consumer-watchdog-testifies-windfall-profits-201300826.html,Consumer Watchdog Testifies For Windfall Profits Cap At CA Senate Energy Committee,20230222T204500Z,https://media.zenfs.com/en/prnewswire.com/c4ad563364f235a2315e48f9bf8a0f3f,finance.yahoo.com,English,United States
https://www.standardmedia.co.ke/national/article/2001467681/forecast-dry-spell-to-continue-until-may,https://www.standardmedia.co.ke/amp/national/article/2001467681/forecast-dry-spell-to-continue-until-may,Forecast : Dry spell to continue until May,20230222T213000Z,https://cdn.standardmedia.co.ke/images/articles/thumbnails/yBjmK4sSjN4yN0DB0sasholzAMHswo6d7WTBrpw5.jpg,standardmedia.co.ke,English,Kenya
https://www.washingtonpost.com/business/energy/this-zombie-climate-tech-has-earned-its-chance-to-shamble-on/2023/02/22/c8145c92-b2f6-11ed-94a0-512954d75716_story.html,,This Zombie Climate Tech Has Earned Its Chance to Shamble On,20230222T214500Z,https://arc-anglerfish-washpost-prod-washpost.s3.amazonaws.com/public/YXAP3WFS6YI63FFAKEUVJV2XCY.jpg,washingtonpost.com,English,United States
https://www.power-technology.com/news/price-of-eu-carbon-credits-hits-e100/,,Price of EU carbon hits €100 for first time,20230222T220000Z,https://www.power-technology.com/wp-content/uploads/sites/21/2023/02/rsz_1gettyimages-1404156565.jpg,power-technology.com,English,United Kingdom
https://waateanews.com/2023/02/23/forest-policy-blocks-slash-fix/,,Forest policy blocks slash fix,20230222T221500Z,https://waateanews.com/wp-content/uploads/2023/02/mntBLOCKSTORAGEhomemasternews_importersrcslash-credit-tairawhiti-civil-defence.jpg_1_Pub.jpg,waateanews.com,English,New Zealand
https://www.powermag.com/indonesia-begins-carbon-trading-program-for-coal-fired-power-plants/,,Indonesia Begins Carbon Trading Program for Coal - Fired Power Plants,20230222T221500Z,https://www.powermag.com/wp-content/uploads/2021/05/giant-coal-trains-near-north-antelope-rochelle-mine-3910811017-scaled.jpeg,powermag.com,English,United States
https://www.newsbusters.org/blogs/business/joseph-vazquez/2023/02/22/major-british-newspaper-promotes-bringing-back-rationing,,Major British Newspaper Promotes Bringing  Back Rationing  to  Fix Global Warming  ,20230222T221500Z,https://cdn.newsbusters.org/styles/mobile_thumb_700x400_/s3/2023-02/Rationing.png?itok=XdLUwTOZ,newsbusters.org,English,United States
https://newsbusters.org/blogs/business/joseph-vazquez/2023/02/22/major-british-newspaper-promotes-bringing-back-rationing,,Major British Newspaper Promotes Bringing  Back Rationing  to  Fix Global Warming  ,20230222T231500Z,https://cdn.newsbusters.org/styles/mobile_thumb_700x400_/s3/2023-02/Rationing.png?itok=XdLUwTOZ,newsbusters.org,English,United States
https://mondovisione.com/media-and-resources/news/nzx-maintains-solid-earnings-through-market-cycles/,,NZX Maintains Solid Earnings Through Market Cycles,20230223T003000Z,,mondovisione.com,English,United States
https://www.miragenews.com/uk-gov-acts-to-boost-key-industries-grow-economy-953210/,,"UK Gov Acts to Boost Key Industries , Grow Economy",20230223T004500Z,https://assets.publishing.service.gov.uk/government/uploads/system/uploads/image_data/file/176502/s960_EnergyIntensiveIndustries_govuk.png,miragenews.com,English,United States
https://www.gisborneherald.co.nz/letter/opinion/20230223/planting-trees-for-erosion-control-and-farm-income/,,Planting trees for erosion control and farm income,20230223T023000Z,,gisborneherald.co.nz,English,New Zealand
https://www.latimes.com/california/story/2023-02-22/california-lawmakers-oil-profits-penalty,,California lawmakers consider penalty on oil profits,20230223T033000Z,https://california-times-brightspot.s3.amazonaws.com/6c/53/1be2ed894505a66e23e2a86143c7/1257136-me-high-gas-prices-4-ajs.jpg,latimes.com,English,United States
https://news.yahoo.com/california-tries-cap-oil-company-030519286.html,https://news.yahoo.com/amphtml/california-tries-cap-oil-company-030519286.html,California tries to cap oil company profits . Figuring out how is challenge,20230223T034500Z,https://media.zenfs.com/en/la_times_articles_853/c4588802a64b5498f925cb2d9e98bd42,news.yahoo.com,English,United States
https://www.dawn.com/news/1738682,,Carbon trading prospects - Newspaper,20230223T053000Z,,dawn.com,English,Pakistan
https://www.dawn.com/news/1738682/carbon-trading-prospects,,Carbon trading prospects - Newspaper,20230223T060000Z,,dawn.com,English,Pakistan
https://www.mdjonline.com/tribune/business/california-tries-to-cap-oil-company-profits-figuring-out-how-is-challenge/article_500c6432-4e95-5a64-ae4b-2b11ce8be844.html,,California tries to cap oil company profits . Figuring out how is challenge,20230223T061500Z,https://bloximages.newyork1.vip.townnews.com/mdjonline.com/content/tncms/assets/v3/editorial/0/85/0850aae6-ef54-5704-a8bc-e448852071ce/63f6efcd7a12a.image.jpg?crop=1763%2C926%2C0%2C124,mdjonline.com,English,United States
https://thebrunswicknews.com/news/business/california-tries-to-cap-oil-company-profits-figuring-out-how-is-challenge/article_c09d6c5f-8a7c-5d5d-9a7b-ba7974127954.html,,California tries to cap oil company profits . Figuring out how is challenge,20230223T061500Z,https://bloximages.chicago2.vip.townnews.com/thebrunswicknews.com/content/tncms/assets/v3/editorial/c/6c/c6c7b47e-b38d-5394-9c5f-f58d2233a295/63f6f7c42d728.image.jpg?crop=1763%2C926%2C0%2C124,thebrunswicknews.com,English,United States
https://newsday.co.tt/2023/02/23/what-is-a-carbon-tax-2/,,What is a carbon tax ? - Trinidad and Tobago Newsday,20230223T063000Z,https://newsday.co.tt/wp-content/uploads/2023/02/22992253-1024x683.jpg,newsday.co.tt,English,Trinidad and Tobago
https://www.news-daily.com/news/world_nation/california-tries-to-cap-oil-company-profits-figuring-out-how-is-challenge/article_40ecc219-7ec6-5278-a7bd-ba76245ef339.html,,California tries to cap oil company profits . Figuring out how is challenge,20230223T070000Z,https://bloximages.newyork1.vip.townnews.com/news-daily.com/content/tncms/assets/v3/editorial/e/58/e58ca435-c74d-5215-8d7b-114b2f51986c/63f6f02335d33.image.jpg?crop=1763%2C926%2C0%2C124,news-daily.com,English,United States
https://www.investegate.co.uk/drax-group-plc--drx-/rns/annual-financial-report/202302230700087781Q/,,Investegate |Drax Group Plc Announcements | Drax Group Plc : Annual Financial Report,20230223T073000Z,,investegate.co.uk,English,United Kingdom
https://www.rockdalenewtoncitizen.com/news/world_nation/california-tries-to-cap-oil-company-profits-figuring-out-how-is-challenge/article_da1c58e5-461a-5d19-ae40-0fcc2946a5e6.html,,California tries to cap oil company profits . Figuring out how is challenge,20230223T074500Z,https://bloximages.newyork1.vip.townnews.com/rockdalenewtoncitizen.com/content/tncms/assets/v3/editorial/c/10/c10ee130-02ee-54b8-b154-7913e4438bf9/63f6f0233901f.image.jpg?crop=1763%2C926%2C0%2C124,rockdalenewtoncitizen.com,English,United States
https://www.henryherald.com/news/world_nation/california-tries-to-cap-oil-company-profits-figuring-out-how-is-challenge/article_83cf7040-f9ae-5ba5-9579-e1f5c9e74622.html,,California tries to cap oil company profits . Figuring out how is challenge,20230223T084500Z,https://bloximages.newyork1.vip.townnews.com/henryherald.com/content/tncms/assets/v3/editorial/9/dc/9dcff7a1-da53-5a81-bd4d-073f42b42f56/63f6f023421ab.image.jpg?crop=1763%2C926%2C0%2C124,henryherald.com,English,United States
https://www.jacksonprogress-argus.com/news/world_nation/california-tries-to-cap-oil-company-profits-figuring-out-how-is-challenge/article_cfcdfe29-a9cf-5993-9c05-f6d4bd443ec4.html,,California tries to cap oil company profits . Figuring out how is challenge,20230223T084500Z,https://bloximages.newyork1.vip.townnews.com/jacksonprogress-argus.com/content/tncms/assets/v3/editorial/4/11/411f25ae-f207-5fce-a93f-daaca2e7975c/63f6f0233a13d.image.jpg?crop=1763%2C926%2C0%2C124,jacksonprogress-argus.com,English,United States
https://www.iied.org/fast-track-climate-negotiating-learning-my-mentor,,On the fast track to climate negotiating : learning from my mentor,20230223T093000Z,https://www.iied.org/sites/default/files/2023-02/Olivier-yamikani-cop_0.JPG,iied.org,English,United Kingdom
https://www.aol.com/news/california-tries-cap-oil-company-030519747.html,https://www.aol.com/amphtml/california-tries-cap-oil-company-030519747.html,California tries to cap oil company profits . Figuring out how is a challenge,20230223T103000Z,https://media.zenfs.com/en/aol_la_times_articles_830/f22b427d990cf138f4f9b666b379689f,aol.com,English,United States
https://www.economist.com/finance-and-economics/2023/02/23/what-would-the-perfect-climate-change-lender-look-like,,What would the perfect climate - change lender look like ? ,20230223T120000Z,https://www.economist.com/img/b/1280/720/90/media-assets/image/20230225_FND000.jpg,economist.com,English,United States
https://www.foxnews.com/politics/wwii-style-rationing-food-fuel-combat-climate-change-academics-claim-new-paper,https://www.foxnews.com/politics/wwii-style-rationing-food-fuel-combat-climate-change-academics-claim-new-paper.amp,"WWII - style  rationing  of food , fuel needed to combat climate change , academics claim in new paper",20230223T124500Z,https://static.foxnews.com/foxnews.com/content/uploads/2022/04/dc-protest-3.jpg,foxnews.com,English,United States
https://news.yahoo.com/wwii-style-rationing-food-fuel-105927389.html,https://news.yahoo.com/amphtml/wwii-style-rationing-food-fuel-105927389.html,"WWII - style  rationing  of food , fuel needed to combat climate change , academics claim in new paper",20230223T133000Z,https://s.yimg.com/ny/api/res/1.2/a8ZntZUCPfV6hrgGKfFWvw--/YXBwaWQ9aGlnaGxhbmRlcjt3PTEyMDA7aD04MDA-/https://media.zenfs.com/en/fox_news_text_979/96283a784b22d3d22e66a5bc0807daab,news.yahoo.com,English,United States
https://www.nationalobserver.com/2023/02/23/news/fight-save-climate-carbon-credits-cow-burps,,Are the carbon credits Trans Mountain bought now worth less than cow burps ? ,20230223T144500Z,https://www.nationalobserver.com/sites/nationalobserver.com/files/styles/nat_social/public/img/2023/02/22/wolf_beach.jpg?itok=_VgY2BXD,nationalobserver.com,English,Canada
https://lestimes.com/the-risk-of-putting-a-price-on-nature/,,The risk of putting a price on nature,20230223T153000Z,https://lestimes.com/wp-content/uploads/2014/07/Extraction-of-Diamonds.jpg,lestimes.com,English,Lesotho
https://chinadialogue.net/en/digest/supreme-court-issues-guidelines-on-climate-goals/,,Supreme court issues guidelines on climate goals,20230223T153000Z,https://cdn.chinadialogue.net/content/uploads/2022/03/10130111/20220121_News-digest-illustrations_Generic_Arati-Kumar-Rao-1.png,chinadialogue.net,English,China
https://www.economist.com/the-world-this-week/2023/02/23/business,,"Business this week , February 23rd 2023",20230223T181500Z,https://www.economist.com/img/b/1280/720/90/media-assets/image/20230225_WWP501.jpg,economist.com,English,United States
https://www.gulftoday.ae/opinion/2023/02/23/corporate-climate-promises-dont-add-up,,Corporate climate promises dont add up,20230223T183000Z,http://www.gulftoday.ae/-/media/gulf-today/images/articles/opinion/2023/2/23/climate-change.ashx?&hash=5ECC97829F148A5FA71849E9C5C8EA2C,gulftoday.ae,English,United Arab Emirates
https://worldoil.com/magazine/2023/january-2023/features/rockwell-v-p-sees-emissions-control-and-automation-continuing-as-technical-priorities/,,Rockwell V . P . sees emissions control and automation continuing as technical priorities,20230223T204500Z,,worldoil.com,English,United States
https://www.newdelhitimes.com/eu-carbon-price-passes-symbolic-100-euros-as-reforms-bite/,,EU carbon price passes symbolic 100 euros as reforms bite - New Delhi Times - India Only International Newspaper,20230223T211500Z,https://i0.wp.com/www.newdelhitimes.com/wp-content/uploads/2023/02/1000-2023-02-23T191535.371.webp?fit=1000%2C658&ssl=1,newdelhitimes.com,English,United States
https://www.energyintel.com/00000186-7b28-d1cb-a3ee-ffbfb7a10000,https://www.energyintel.com/00000186-7b28-d1cb-a3ee-ffbfb7a10000?_amp=true,Latam Producers Adapt to Oil Market Turmoil,20230223T230000Z,http://energy-intelligence-brightspot.s3.amazonaws.com/3b/25/943e717249a48c4d4701a0aacac9/ss-718745041-workers-onshore-rig.jpg,energyintel.com,English,United States
https://community.scoop.co.nz/2023/02/have-your-say-on-the-climate-change-response-late-payment-penalties-and-industrial-allocation-amendment-bill/,,Community Scoop » Have Your Say On The Climate Change Response ( Late Payment Penalties And Industrial Allocation ) Amendment Bill,20230223T233000Z,,community.scoop.co.nz,English,New Zealand
https://www.polity.org.za/article/wake-up-call-2023-02-24,,Wake - up call,20230224T003000Z,https://cdn.creamermedia.com/assets/articles/images/resized/0001046500_resized_terencecreamereditorinsight.jpg,polity.org.za,English,South Africa
https://www.gisborneherald.co.nz/local-news/20230223/inquiry-welcomed/,,INQUIRY WELCOMED – The Gisborne Herald,20230224T020000Z,http://imengine.prod.ghe.navigacloud.com/?uuid=8A0AC129-CE53-4C93-8FF2-7F5360EDDBD9&function=fit&type=preview,gisborneherald.co.nz,English,New Zealand
https://autonews.gasgoo.com/china_news/70022343.html,,"Shell China , Alibaba Cloud team up on energy & digital transition , low - carbon business",20230224T040000Z,,autonews.gasgoo.com,English,China
https://community.scoop.co.nz/2023/02/speech-nicola-willis-international-fiscal-association-nz-branch/,,Community Scoop » Speech : Nicola Willis – International Fiscal Association NZ Branch,20230224T043000Z,,community.scoop.co.nz,English,New Zealand
https://www.gisborneherald.co.nz/local-news/frontpage-featured/20230223/inquiry-welcomed/,,INQUIRY WELCOMED – The Gisborne Herald,20230224T070000Z,http://imengine.prod.ghe.navigacloud.com/?uuid=8A0AC129-CE53-4C93-8FF2-7F5360EDDBD9&function=fit&type=preview,gisborneherald.co.nz,English,New Zealand
https://allafrica.com/stories/202302240062.html,,Rwanda to Announce Carbon Credit Offerings in April,20230224T074500Z,,allafrica.com,English,Nigeria
https://sloveniatimes.com/e100-million-scheme-to-benefit-energy-intensive-companies/,,€100 million scheme to benefit energy - intensive companies,20230224T081500Z,https://sloveniatimes.com/wp-content/uploads/2023/02/01139227.jpg,sloveniatimes.com,English,Slovenia
https://www.heritage.org/environment/report/econometric-and-policy-evaluation-the-national-energy-policy,,Econometric and Policy Evaluation of the National Energy Policy,20230224T084500Z,https://www.heritage.org/themes/heritage/src/images/bell.png,heritage.org,English,United States
https://www.streetinsider.com/PRNewswire/Lion+Announces+Move+into+Green+Digital+FinanceCarbon+Finance+Sector/21272709.html,,Lion Announces Move into Green Digital Finance / Carbon Finance Sector,20230224T093000Z,,streetinsider.com,English,United States
https://www.prnewswire.com/news-releases/lion-announces-move-into-green-digital-financecarbon-finance-sector-301755185.html,,Lion Announces Move into Green Digital Finance / Carbon Finance Sector,20230224T094500Z,,prnewswire.com,English,United States
https://www.tmcnet.com/usubmit/2023/02/24/9766041.htm,,Lion Announces Move into Green Digital Finance / Carbon Finance Sector,20230224T094500Z,https://images.tmcnet.com/tmc/world.jpg,tmcnet.com,English,United States
https://www.datacenterdynamics.com/en/news/alibaba-cloud-to-use-shell-chinas-cooling-fluid/,,Alibaba Cloud to use Shell China cooling fluid,20230224T130000Z,https://media.datacenterdynamics.com/media/images/alibaba_liquid_cooled_servers_202.2e16d0ba.fill-1200x630.png,datacenterdynamics.com,English,United States
https://oilprice.com/Energy/Energy-General/Bad-News-For-US-Producers-As-Natural-Gas-Prices-Plunge.html,https://oilprice.com/Energy/Energy-General/Bad-News-For-US-Producers-As-Natural-Gas-Prices-Plunge.amp.html,Bad News For U . S . Producers As Natural Gas Prices Plunge,20230224T150000Z,https://d32r1sh890xpii.cloudfront.net/article/718x300/2023-02-24_brymdcilhu.jpg,oilprice.com,English,United States
https://en.antaranews.com/news/273795/economy-recovery-bolsters-performance-of-indonesias-capital-market,https://en.antaranews.com/amp/news/273795/economy-recovery-bolsters-performance-of-indonesias-capital-market,Economy recovery bolsters performance of Indonesia capital market,20230224T154500Z,https://cdn.antaranews.com/cache/800x533/2023/02/10/antarafoto-ihsg-ditutup-melemah-100223-sgd-2.jpg,en.antaranews.com,English,Indonesia
https://news.yahoo.com/alibaba-cloud-cuts-deal-shell-155441241.html,https://news.yahoo.com/amphtml/alibaba-cloud-cuts-deal-shell-155441241.html,Alibaba Cloud Cuts Deal With Shell China To Reduce Carbon Footprint,20230224T163000Z,https://media.zenfs.com/en/Benzinga/b3868320b52b147e4ec136256e6e445d,news.yahoo.com,English,United States
https://capitalandmain.com/new-mexicos-budget-battles-continue-while-a-hydrogen-development-bill-likely-appears,,New Mexico Budget Battles Continue While a Hydrogen Development Bill ( Likely ) Appears,20230224T171500Z,https://capitalandmain.com/wp-content/uploads/2023/02/GettyImages-1268341027-1024x682.jpg,capitalandmain.com,English,United States
https://www.latimes.com/california/newsletter/2023-02-24/california-politics-newsletter-rob-bonta-mia-bonta-legislature-family-ca-politics,,California Politics : It a family affair,20230224T173000Z,https://california-times-brightspot.s3.amazonaws.com/79/04/655b5f984394b18ea3786626f5ba/california-attorney-general-06373.jpg,latimes.com,English,United States
https://www.leadersleague.com/en/news/pachama-lands-its-first-forest-conservation-carbon-capture-deal-in-mexico,,"Pachama lands its first forest conservation , carbon capture deal in Mexico",20230224T181500Z,,leadersleague.com,English,
https://journalrecord.com/2023/02/24/eu-carbon-price-passes-symbolic-100-euros-as-reforms-bite/,,EU carbon price passes symbolic 100 euros as reforms bite,20230224T200000Z,,journalrecord.com,English,United States
https://www.heritage.org/environment/report/proposed-global-warming-bills-and-regulations-will-do-more-harm-good,,Proposed Global Warming Bills and Regulations Will Do More Harm Than Good,20230224T204500Z,https://www.heritage.org/themes/heritage/src/images/bell.png,heritage.org,English,United States
https://www.heritage.org/environment/report/ten-things-about-china-and-climate-change,,Ten Things about China and Climate Change,20230224T204500Z,https://www.heritage.org/themes/heritage/src/images/bell.png,heritage.org,English,United States
https://www.prnewswire.com/news-releases/us-department-of-state-bezos-earth-fund-and-the-rockefeller-foundation-convene-energy-transition-accelerator-high-level-consultative-group-301755800.html,,"U . S . Department of State , Bezos Earth Fund , and The Rockefeller Foundation Convene Energy Transition Accelerator High - Level Consultative Group",20230224T211500Z,,prnewswire.com,English,United States
https://en.vietnamplus.vn/indonesia-monitors-chatgpt-service/248926.vnp,https://en.vietnamplus.vn/indonesia-monitors-chatgpt-service/248926.amp,Indonesia monitors ChatGPT service | World | Vietnam+ ( VietnamPlus ) ,20230224T220000Z,,en.vietnamplus.vn,English,Vietnam
https://www.marketscreener.com/quote/stock/LIVENT-CORPORATION-46512743/news/LIVENT-CORP-MANAGEMENT-S-DISCUSSION-AND-ANALYSIS-OF-FINANCIAL-CONDITION-AND-RESULTS-OF-OPERATIONS-43083401/,https://www.marketscreener.com/amp/quote/stock/LIVENT-CORPORATION-46512743/news/LIVENT-CORP-MANAGEMENT-S-DISCUSSION-AND-ANALYSIS-OF-FINANCIAL-CONDITION-AND-RESULTS-OF-OPERATIONS-43083401/,LIVENT CORP . MANAGEMENT DISCUSSION AND ANALYSIS OF FINANCIAL CONDITION AND RESULTS OF OPERATIONS ( form 10 - K ) ,20230224T220000Z,https://www.marketscreener.com/images/twitter_MS_fdblanc.png,marketscreener.com,English,
https://www.tmcnet.com/usubmit/2023/02/24/9766335.htm,,"U . S . Department of State , Bezos Earth Fund , and The Rockefeller Foundation Convene Energy Transition Accelerator High - Level Consultative Group",20230224T230000Z,https://images.tmcnet.com/tmc/world.jpg,tmcnet.com,English,United States
https://www.rockefellerfoundation.org/news/u-s-department-of-state-bezos-earth-fund-and-the-rockefeller-foundation-convene-energy-transition-accelerator-high-level-consultative-group/,,"U . S . Department of State , Bezos Earth Fund , and The Rockefeller Foundation Convene Energy Transition Accelerator High - Level Consultative Group",20230225T004500Z,https://www.rockefellerfoundation.org/wp-content/uploads/2023/02/jason-blackeye-nyL-rzwP-Mk-unsplash-scaled.jpg,rockefellerfoundation.org,English,United States
https://www.heritage.org/jobs-and-labor/report/heritage-employment-report-thanks-the-november-jobs-report,,Heritage Employment Report : Thanks for the November Jobs Report ? ,20230225T033000Z,https://www.heritage.org/themes/heritage/src/images/bell.png,heritage.org,English,United States
https://www.theguardian.com/world/2023/feb/25/like-a-tsunami-the-role-of-forestry-waste-in-new-zealands-cyclone-devastation,https://amp.theguardian.com/world/2023/feb/25/like-a-tsunami-the-role-of-forestry-waste-in-new-zealands-cyclone-devastation,  Like a tsunami : the role of forestry waste in New Zealand cyclone devastation | Cyclone Gabrielle,20230225T034500Z,https://i.guim.co.uk/img/media/263c2c0b763884d9d58be551f8e7c72cdacfca59/0_236_3543_2126/master/3543.jpg?&quality=85&auto=format&fit=crop&overlay-align=bottom%2Cleft&overlay-width=100p&overlay-base64=L2ltZy9zdGF0aWMvb3ZlcmxheXMvdGctZGVmYXVsdC5wbmc&enable=upscale&s=868541b41969672a4911a6c01e8408a3,theguardian.com,English,United Kingdom
https://www.iol.co.za/business-report/budget/godongwanas-renewables-tax-break-for-business-and-the-green-subsidy-race-64ed19f7-265d-4d74-8cbf-3b5be03f95ec,,Godongwana renewables tax break for business and the green subsidy race,20230225T044500Z,https://xlibris.public.prod.oc.inl.infomaker.io:8443/opencontent/objects/a4864cf6-ae97-5d34-9e7a-3506342e2b01,iol.co.za,English,South Africa
https://www.penncapital-star.com/government-politics/five-for-the-weekend-8/,,"Bills granting relief to sexual abuse survivors pass House , head to Senate | Five for the Weekend",20230225T123000Z,https://www.penncapital-star.com/wp-content/uploads/2023/02/20230224_112557-scaled-e1677266774838.jpg,penncapital-star.com,English,
https://english.ahram.org.eg/News/489575.aspx,,One Year On : EU carbon price passes symbolic 100 euros as reforms bite - War in Ukraine - World,20230225T131500Z,https://english.ahram.org.eg/Media/News/2023/2/22/41_2023-638126833210393495-39.jpg,english.ahram.org.eg,English,Egypt
https://www.thecentersquare.com/iowa/article_aeacd178-b510-11ed-ad0a-3bc47a4e64ae.html,https://www.thecentersquare.com/iowa/article_aeacd178-b510-11ed-ad0a-3bc47a4e64ae.amp.html,Wolf Carbon Solutions files permit application with Iowa Utilities Board,20230225T151500Z,https://bloximages.newyork1.vip.townnews.com/thecentersquare.com/content/tncms/assets/v3/editorial/8/ac/8ac764b2-a963-11ec-9dc8-2ffc2b111d80/6238f801f284e.image.jpg?crop=1763%2C926%2C0%2C124,thecentersquare.com,English,
https://www.heritage.org/environment/report/the-major-economies-meeting-energy-security-and-climate-change-badly-needed,,The Major Economies Meeting on Energy Security and Climate Change : A Badly Needed Alternative to the Kyoto Protocol,20230225T153000Z,https://www.heritage.org/themes/heritage/src/images/bell.png,heritage.org,English,United States
https://www.kpvi.com/news/national_news/wolf-carbon-solutions-files-permit-application-with-iowa-utilities-board/article_a272a78a-53a4-5b8f-ba0d-5214ff3b9f1f.html,,Wolf Carbon Solutions files permit application with Iowa Utilities Board,20230225T154500Z,https://bloximages.newyork1.vip.townnews.com/kpvi.com/content/tncms/assets/v3/editorial/b/a7/ba709faa-4728-5de9-9165-40284b70cde7/63fa17fb90d3d.image.jpg?crop=1763%2C926%2C0%2C124,kpvi.com,English,United States
https://www.brisbanetimes.com.au/politics/federal/the-greens-once-again-have-to-grapple-with-why-they-exist-20230224-p5cnho.html,https://amp.brisbanetimes.com.au/politics/federal/the-greens-once-again-have-to-grapple-with-why-they-exist-20230224-p5cnho.html,Greens again have to grapple with why they exist,20230225T190000Z,https://static.ffx.io/images/$zoom_0.3987%2C$multiply_0.7554%2C$ratio_1.777778%2C$width_1059%2C$x_289%2C$y_442/t_crop_custom/q_86%2Cf_auto/t_brisbanetimes_analysis_no_age_social_wm/977d0f312407b11ee5b776d1ab9935756b411791,brisbanetimes.com.au,English,Australia
https://www.southernminn.com/around_the_web/news/wolf-carbon-solutions-files-permit-application-with-iowa-utilities-board/article_aec9b0ba-3749-563a-be1e-49c00a82f841.html,,Wolf Carbon Solutions files permit application with Iowa Utilities Board,20230225T191500Z,https://bloximages.newyork1.vip.townnews.com/southernminn.com/content/tncms/assets/v3/editorial/a/aa/aaa97b3f-5af3-5e7c-8c53-62d1ca643f60/63a393c67c79b.image.jpg?crop=1763%2C926%2C0%2C124,southernminn.com,English,United States
https://www.skynews.com.au/insights-and-analysis/why-this-labor-government-is-starting-to-stink-as-albanese-flails-on-energy-the-voice-and-creating-a-better-capitalism/news-story/8c6bb28919ed3030180701d9dc2c527b,https://www.skynews.com.au/insights-and-analysis/why-this-labor-government-is-starting-to-stink-as-albanese-flails-on-energy-the-voice-and-creating-a-better-capitalism/news-story/8c6bb28919ed3030180701d9dc2c527b?amp,Why this Labor government is starting to stink,20230225T234500Z,https://content.api.news/v3/images/bin/0d2f85af0dc0133d4554ddfce41b69fd,skynews.com.au,English,Australia
https://www.smh.com.au/politics/federal/the-greens-once-again-have-to-grapple-with-why-they-exist-20230224-p5cnho.html,https://amp.smh.com.au/politics/federal/the-greens-once-again-have-to-grapple-with-why-they-exist-20230224-p5cnho.html,Greens again have to grapple with why they exist,20230226T003000Z,https://static.ffx.io/images/$zoom_0.3987%2C$multiply_0.7554%2C$ratio_1.777778%2C$width_1059%2C$x_289%2C$y_442/t_crop_custom/q_86%2Cf_auto/t_smh_analysis_no_age_social_wm/977d0f312407b11ee5b776d1ab9935756b411791,smh.com.au,English,Australia
https://thestandard.org.nz/climate-change-do-we-mitigate-or-do-we-adapt/,https://thestandard.org.nz/climate-change-do-we-mitigate-or-do-we-adapt/amp/,Climate change – do we mitigate or do we adapt ? ,20230226T053000Z,https://thestandard.org.nz/wp-content/uploads/2023/02/Titirangi-Paturoa-Road.jpg,thestandard.org.nz,English,New Zealand
https://lompocrecord.com/news/state-and-regional/can-californians-afford-electric-cars-wait-lists-for-rebates-are-long-and-some-programs-have/article_c69d4a44-1f5c-5f31-bdf1-ec232bed7c3a.html,https://lompocrecord.com/news/state-and-regional/can-californians-afford-electric-cars-wait-lists-for-rebates-are-long-and-some-programs-have/article_c69d4a44-1f5c-5f31-bdf1-ec232bed7c3a.amp.html,Can Californians afford electric cars ? Wait lists for rebates are long and some programs have shut down,20230226T054500Z,https://bloximages.chicago2.vip.townnews.com/lompocrecord.com/content/tncms/assets/v3/editorial/b/55/b55a146f-ec0e-5ada-8c76-2097786aee0c/63f903d747c7c.image.png?crop=773%2C406%2C0%2C52,lompocrecord.com,English,United States
https://www.kpvi.com/news/national_news/can-californians-afford-electric-cars-wait-lists-for-rebates-are-long-and-some-programs-have/article_a9b2277e-1e48-53ea-9605-dbbc780b4968.html,,Can Californians afford electric cars ? Wait lists for rebates are long and some programs have shut down,20230226T061500Z,https://bloximages.newyork1.vip.townnews.com/kpvi.com/content/tncms/assets/v3/editorial/2/09/209c9a95-4e26-5d80-988d-30708a706cc1/63f94c13b0d42.image.jpg?crop=773%2C406%2C0%2C52,kpvi.com,English,United States
https://www.kpvi.com/news/national_news/can-californians-afford-electric-cars-wait-lists-for-rebates-are-long-and-some-programs-have/article_3acd5dd2-b9f5-58a8-a881-a6c118c01173.html,,Can Californians afford electric cars ? Wait lists for rebates are long and some programs have shut down,20230226T061500Z,https://bloximages.newyork1.vip.townnews.com/kpvi.com/content/tncms/assets/v3/editorial/c/01/c0148b87-035c-5cd3-9676-543a6312f2e3/63f90ccfd961d.image.jpg?crop=773%2C406%2C0%2C52,kpvi.com,English,United States
https://www.kpvi.com/news/national_news/can-californians-afford-electric-cars-wait-lists-for-rebates-are-long-and-some-programs-have/article_7f365022-8214-5abe-9ce5-bffe07a7d8a8.html,,Can Californians afford electric cars ? Wait lists for rebates are long and some programs have shut down,20230226T061500Z,https://bloximages.newyork1.vip.townnews.com/kpvi.com/content/tncms/assets/v3/editorial/f/b0/fb07adfe-dd71-5644-ad5c-56260ffd2de7/63f90cd0a02bd.image.jpg?crop=773%2C406%2C0%2C52,kpvi.com,English,United States
https://hanfordsentinel.com/news/state-and-regional/can-californians-afford-electric-cars-wait-lists-for-rebates-are-long-and-some-programs-have/article_f62bdfa7-da66-5cda-9f0a-dcc0069d05c7.html,https://hanfordsentinel.com/news/state-and-regional/can-californians-afford-electric-cars-wait-lists-for-rebates-are-long-and-some-programs-have/article_f62bdfa7-da66-5cda-9f0a-dcc0069d05c7.amp.html,Can Californians afford electric cars ? Wait lists for rebates are long and some programs have shut down,20230226T063000Z,https://bloximages.chicago2.vip.townnews.com/hanfordsentinel.com/content/tncms/assets/v3/editorial/d/b8/db8935bf-a5b2-5950-9b2e-755d59cf2145/63f94399a10a7.image.png?crop=773%2C406%2C0%2C52,hanfordsentinel.com,English,United States
https://santamariatimes.com/news/local/state-and-regional/can-californians-afford-electric-cars-wait-lists-for-rebates-are-long-and-some-programs-have/article_5eee5355-5742-5972-9bdb-494e434071f1.html,https://santamariatimes.com/news/local/state-and-regional/can-californians-afford-electric-cars-wait-lists-for-rebates-are-long-and-some-programs-have/article_5eee5355-5742-5972-9bdb-494e434071f1.amp.html,Can Californians afford electric cars ? Wait lists for rebates are long and some programs have shut down,20230226T073000Z,https://bloximages.chicago2.vip.townnews.com/santamariatimes.com/content/tncms/assets/v3/editorial/1/ce/1ce9dfd7-9d0e-5a22-bfd5-9111570a0893/63f903d539fca.image.png?crop=773%2C406%2C0%2C52,santamariatimes.com,English,United States
http://www.msn.com/en-nz/news/others/were-concerned-the-amount-of-farmland-converted-into-forestry-revealed/ar-AA17WvM4,,  Were concerned : The amount of farmland converted into forestry revealed,20230226T081500Z,http://img-s-msn-com.akamaized.net/tenant/amp/entityid/AA17WtEm.img?&m=6&q=60&o=t&l=f&f=jpg,msn.com,English,United States
https://timesofmalta.com/articles/view/reducing-ghg-emissions-putting-price-carbon.1016064,,Reducing GHG emissions : Putting a price on carbon,20230226T111500Z,https://cdn-attachments.timesofmalta.com/9ec8ee71897170755f00ae806e634ac94b75e30c-1677403273-1d37d84b-1200x630.jpg,timesofmalta.com,English,Malta
https://www.arkansasonline.com/news/2023/feb/26/cost-of-eu-carbon-allowances-rises-to-100-euros/,,Cost of EU carbon allowances rises to 100 euros for first time,20230226T114500Z,https://wehco.media.clients.ellingtoncms.com/imports/adg/photos/203699405_203685394-2d044c79443e4934a72fb1520910d264_t600.jpg?4326734cdb8e39baa3579048ef63ad7b451e7676,arkansasonline.com,English,United States
https://www.theage.com.au/politics/federal/the-greens-once-again-have-to-grapple-with-why-they-exist-20230224-p5cnho.html,https://amp.theage.com.au/politics/federal/the-greens-once-again-have-to-grapple-with-why-they-exist-20230224-p5cnho.html,Greens again have to grapple with why they exist,20230226T121500Z,https://static.ffx.io/images/$zoom_0.3987%2C$multiply_0.7554%2C$ratio_1.777778%2C$width_1059%2C$x_289%2C$y_442/t_crop_custom/q_86%2Cf_auto/t_theage_analysis_no_age_social_wm/977d0f312407b11ee5b776d1ab9935756b411791,theage.com.au,English,Australia
https://www.hellenicshippingnews.com/eexi-and-cii-ship-carbon-intensity-and-rating-system/,,EEXI and CII – ship carbon intensity and rating system | Hellenic Shipping News Worldwide,20230226T230000Z,,hellenicshippingnews.com,English,China
https://punchng.com/missing-2030-emissions-cut-target-dangerous-imf/,https://punchng.com/missing-2030-emissions-cut-target-dangerous-imf/?amp,Missing 2030 emissions cut target dangerous – IMF,20230227T011500Z,https://cdn.punchng.com/wp-content/uploads/2021/02/13141922/IMF1.jpg,punchng.com,English,Nigeria
https://cleantechnica.com/2023/02/26/india-issues-list-of-technologies-eligible-under-impending-carbon-market/,https://cleantechnica.com/2023/02/26/india-issues-list-of-technologies-eligible-under-impending-carbon-market/amp/,India Issues List Of Technologies Eligible Under Impending Carbon Market,20230227T040000Z,https://cleantechnica.com/files/2019/09/India-x-Cleantech_11-min.jpg,cleantechnica.com,English,United States
http://en.people.cn/n3/2023/0227/c90000-10213259.html,,Green professions promote low - carbon development in China,20230227T063000Z,,en.people.cn,English,China
https://www.miragenews.com/govt-must-maintain-stance-on-gas-projects-955439/,,Govt Must Maintain Stance on Gas Projects Despite Green Opposition,20230227T094500Z,https://www.awu.net.au/wp-content/uploads/2019/09/Flag2.jpg,miragenews.com,English,United States
https://www.prnewswire.com/news-releases/aes-delivers-on-all-2022-financial-and-strategic-objectives-reaffirms-7-to-9-annualized-growth-target-through-2025-301756157.html,,AES Delivers on All 2022 Financial and Strategic Objectives ; Reaffirms 7 % to 9 % Annualized Growth Target Through 2025,20230227T113000Z,,prnewswire.com,English,United States
https://www.capitalethiopia.com/2023/02/27/leaders-address-carbon-market-potential/,,Leaders address carbon market potential - Capital Newspaper,20230227T121500Z,http://www.capitalethiopia.com/wp-content/uploads/2023/02/Africa-Business-Forum.jpg,capitalethiopia.com,English,Ethiopia
https://www.fool.com/investing/2023/02/27/is-c3ai-a-buy/?source=iedfolrf0000001,,Is C3 . ai a Buy ? | The Motley Fool,20230227T134500Z,https://g.foolcdn.com/editorial/images/721825/robot-artificial-intelligence-ai.jpeg,fool.com,English,United States
https://www.offshore-energy.biz/eus-new-wave-of-sanctions-targets-russias-middle-east-shipping-company/,,EU new wave of sanctions targets Russia Middle East shipping company,20230227T143000Z,https://www.offshore-energy.biz/wp-content/uploads/sites/6/2022/11/European-Parliament.jpg,offshore-energy.biz,English,
https://www.marketscreener.com/news/latest/GUNVOR-GROUP-SIGNS-UNCOMMITTED-BORROWING-BASE-FACILITY-TO-SUPPO-8230--43098484/,https://www.marketscreener.com/amp/news/latest/GUNVOR-GROUP-SIGNS-UNCOMMITTED-BORROWING-BASE-FACILITY-TO-SUPPO-8230--43098484/,GUNVOR GROUP : SIGNS UNCOMMITTED BORROWING BASE FACILITY TO SUPPO … ,20230227T144500Z,https://www.marketscreener.com/images/twitter_MS_fdnoir.png,marketscreener.com,English,
https://www.latimes.com/entertainment-arts/books/story/2023-02-27/how-free-market-extremism-became-americas-default-mode,,  The Big Myth  authors on the history of free - market extremism,20230227T153000Z,https://california-times-brightspot.s3.amazonaws.com/07/34/2237d9284341b63f21e277056528/et-bk-the-big-myth-photos-001.JPG,latimes.com,English,United States
https://www.globaltimes.cn/page/202302/1286302.shtml,,Political advisors gathering in Beijing with proposals focusing on major concerns of public,20230227T164500Z,https://www.globaltimes.cn/Portals/0/attachment/2019/2019-03-03/a7c0e094-8e5e-4718-bc79-bdf5a5ef2ca9_s.jpeg,globaltimes.cn,English,China
https://www.mining.com/press-release/?id=63fcc57a00ad0264f18fb6fb,,Press Release - MINING . COM,20230227T170000Z,,mining.com,English,Canada
https://www.finanznachrichten.de/nachrichten-2023-02/58417037-star-royalties-ltd-green-star-royalties-joins-international-emissions-trading-association-200.htm,,Star Royalties Ltd .: Green Star Royalties Joins International Emissions Trading Association,20230227T180000Z,https://fns1.de/g/fb.png,finanznachrichten.de,English,Germany
https://sofiaglobe.com/2023/02/27/bulgaria-european-prosecutors-probe-multi-million-euro-fraud-regarding-greenhouse-gas-emissions/,,Bulgaria : European prosecutors probe multi - million euro fraud regarding greenhouse gas emissions,20230227T181500Z,https://sofiaglobe.com/wp-content/uploads/2012/10/gavel-Jason-Morrison-e1349069184925-scaled.jpg,sofiaglobe.com,English,Bulgaria
https://www.heritage.org/environment/report/waxman-markey-global-warming-proposals-other-problematic-provisions,,Waxman - Markey Global Warming Proposal Other Problematic Provisions,20230227T184500Z,https://www.heritage.org/themes/heritage/src/images/bell.png,heritage.org,English,United States
https://www.torontotelegraph.com/news/273573472/green-star-royalties-joins-international-emissions-trading-association,,Green Star Royalties Joins International Emissions Trading Association,20230227T184500Z,,torontotelegraph.com,English,Canada
https://www.lexology.com/library/detail.aspx?g=f77db91c-cd7e-464c-8975-8d81b39a8d24,,Cooperative Approaches or the Article 6 . 4 Mechanism - which of the Article 6 market mechanisms will win the race to engage the private sector ? ,20230227T191500Z,,lexology.com,English,United States
https://www.marinelink.com/news/kr-upgrades-emissions-reporting-system-503213,,KR Upgrades Its Emissions Reporting System,20230227T204500Z,https://images.marinelink.com/images/maritime/w800/the-image-shows-the-kr-139060.jpg,marinelink.com,English,United States
https://www.rcinet.ca/eye-on-the-arctic/2023/02/27/diplomat-warns-lessons-of-eu-seal-ban-harm-mustnt-be-forgotten-amid-green-transition/,,Diplomat warns lessons of EU seal ban harm mustnt be forgotten amid green transition,20230227T214500Z,https://www.rcinet.ca/eye-on-the-arctic/wp-content/uploads/sites/30/2021/08/img-0945-1.jpg,rcinet.ca,English,Canada
https://www.thecentersquare.com/washington/article_d0a7ea00-b6f1-11ed-912d-7fd3f6b75478.html,https://www.thecentersquare.com/washington/article_d0a7ea00-b6f1-11ed-912d-7fd3f6b75478.amp.html,Washington pump price up seventh week since carbon tax became law,20230227T234500Z,https://bloximages.newyork1.vip.townnews.com/thecentersquare.com/content/tncms/assets/v3/editorial/d/63/d635ec5e-f16e-11ec-903d-2784f8a5a939/62b1d67bd7413.image.jpg?crop=1763%2C926%2C0%2C124,thecentersquare.com,English,
https://www.etftrends.com/climate-insights-channel/an-advisors-guide-to-understanding-californias-carbon-market/,https://www.etftrends.com/climate-insights-channel/an-advisors-guide-to-understanding-californias-carbon-market/amp/,An Advisor Guide to Understanding California Carbon Market,20230227T234500Z,https://www.etftrends.com/wp-content/uploads/2023/02/An-Advisors-Guide-to-Understanding-Californias-Carbon-Market.jpg,etftrends.com,English,China
https://www.rnz.co.nz/national/programmes/morningreport/audio/2018879755/dollar12-8b-to-cut-nz-emissions-overseas-with-no-funding-plan-yet,,$12 . 8b to cut NZ emissions overseas - with no funding plan yet,20230228T001500Z,https://rnz-ressh.cloudinary.com/image/upload/s--U-cKlSDS--/t_tohu-badge-facebook/4LLLYR1_043_dpa_pa_220712_99_990438_dpai_jpg,rnz.co.nz,English,
