url,url_mobile,title,seendate,socialimage,domain,language,sourcecountry
https://www.hellenicshippingnews.com/significant-increase-in-biofuel-usage-to-meet-ghg-reduction-targets/,,Significant increase in biofuel usage to meet GHG reduction targets | Hellenic Shipping News Worldwide,20250301T004500Z,,hellenicshippingnews.com,English,China
https://hub-4.com/news/decarbonisation-can-t-be-through-deindustrialisation,,Decarbonisation cant be through deindustrialisation,20250301T010000Z,,hub-4.com,English,United Kingdom
https://www.in.gr/2025/03/01/english-edition/inflation-greece-2-5-2025-bank-greece/,https://www.in.gr/2025/03/01/english-edition/inflation-greece-2-5-2025-bank-greece/amp/,Inflation in Greece at 2 . 5 % in 2025 : Bank of Greece,20250301T073000Z,https://www.in.gr/wp-content/uploads/2025/03/inflation-620x350.png,in.gr,English,Greece
https://www.nysun.com/article/mcconnell-set-to-retire-deserves-more-appreciation-from-maga-republicans,,"McConnell , Set To Retire , Deserves More Appreciation From MAGA Republicans",20250301T101500Z,https://wp.nysun.com/wp-content/uploads/2023/03/mcconnell.jpg?&fit=fill&fm=jpg&fl=progressive,nysun.com,English,United States
https://www.yahoo.com/news/citizens-shocked-over-governments-billion-104548781.html,,Citizens shocked over government billion - dollar offshore decision :  We have a moral responsibility to act  ,20250301T124500Z,https://s.yimg.com/ny/api/res/1.2/Zfd28tt8_5a59Eb_IPQ6jw--/YXBwaWQ9aGlnaGxhbmRlcjt3PTEyMDA7aD02NzU-/https://media.zenfs.com/en/the_cool_down_737/b6ac0b8c51276ed54d2993ee306786cb,yahoo.com,English,United States
https://www.wkrb13.com/2025/03/01/canada-carbon-cveccb-trading-up-25-time-to-buy.html,,Canada Carbon ( CVE : CCB ) Trading Up 25 % – Time to Buy ? ,20250302T001500Z,,wkrb13.com,English,United States
https://www.jagonews24.com/en/national/news/80916,https://www.jagonews24.com/en/amp/80916,"Bangladesh can attract big investments in renewable energy , carbon market",20250302T114500Z,https://cdn.jagonews24.com/media/imgAllNew/BG/2023March/dr-20250302161752-20250302170741.jpg,jagonews24.com,English,Bangladesh
https://www.tbsnews.net/bangladesh/energy/bangladesh-can-attract-big-investments-renewable-energy-carbon-market-experts-tell,https://www.tbsnews.net/bangladesh/energy/bangladesh-can-attract-big-investments-renewable-energy-carbon-market-experts-tell?amp,"Bangladesh can attract big investments in renewable energy , carbon market , experts tell CA",20250302T140000Z,https://www.tbsnews.net/sites/default/files/styles/social_watermark_bkash/public/images/2025/03/02/yunus.jpg,tbsnews.net,English,
https://www.miragenews.com/canada-carbon-rebate-misunderstood-heres-why-1417824/,,Canada Carbon Rebate Misunderstood : Here Why,20250302T151500Z,https://cdn1.miragenews.com/tmp_cache?cdn=images.unsplash.com%2Fphoto-1487956382158-bb926046304a%3Fixlib%3Drb-1.2.1%26amp%3Bixid%3DMXwxMjA3fDB8MHxwaG90by1wYWdlfHx8fGVufDB8fHw%253D%26amp%3Bauto%3Dformat%26amp%3Bfit%3Dcrop%26amp%3Bw%3D1351%26amp%3Bq%3D80,miragenews.com,English,United States
https://www.thedailystar.net/news/bangladesh/diplomacy/news/bangladesh-can-attract-fdi-renewable-energy-carbon-market-experts-3837936,,"Bangladesh can attract FDI in renewable energy , carbon market : experts",20250302T153000Z,,thedailystar.net,English,Bangladesh
https://www.thedailystar.net/business/news/bangladesh-can-attract-big-investments-renewables-3838281,,Bangladesh can attract big investments in renewables,20250302T201500Z,,thedailystar.net,English,Bangladesh
https://forestsnews.cifor.org/91363/how-viable-is-carbon-trading-for-the-mangrove-business,,How viable is carbon trading for the mangrove business ? - CIFOR - ICRAF Forests News,20250302T201500Z,https://forestsnews.cifor.org/wp-content/uploads/2025/03/53860743875_2ca173d41b_3k-669x446.jpg,forestsnews.cifor.org,English,Indonesia
"https://home.nzcity.co.nz/news/article.aspx?id=417677&fm=psp,tst",,Leakage is a risk with carbon storage projects – NZ new framework must be clear on how to deal with this liability - 03 - Mar - 2025,20250302T221500Z,,home.nzcity.co.nz,English,New Zealand
"https://home.nzcity.co.nz/news/article.aspx?id=417677&fm=psp,tsf",,Leakage is a risk with carbon storage projects – NZ new framework must be clear on how to deal with this liability - 03 - Mar - 2025,20250302T221500Z,,home.nzcity.co.nz,English,New Zealand
https://www.eco-business.com/news/stronger-government-policies-needed-for-hong-kongs-carbon-marketplace-to-thrive-hkex-chief-sustainability-officer/,,Stronger government policies needed for Hong Kong carbon marketplace to thrive : HKEX chief sustainability officer,20250303T040000Z,https://eco-business.imgix.net/ebmedia/fileuploads/HK_%E4%B8%AD%E7%92%B0_Central_%E4%BA%A4%E6%98%93%E5%BB%A3%E5%A0%B4_Exchange_Square_April_2021_SS2_01.jpg?fit=crop&ixlib=django-1.2.0&q=85,eco-business.com,English,China
https://www.eco-business.com/news/singapore-hits-2025-solar-target-early-strikes-new-carbon-trade-deal/,,Singapore hits 2025 solar target early ; strikes new carbon trade deal,20250303T040000Z,https://eco-business.imgix.net/ebmedia/fileuploads/Singapore_Gardens_by_the_Bay_viewed_from_Marina_Bay_Sands_10.jpg?fit=crop&ixlib=django-1.2.0&q=85,eco-business.com,English,China
https://www.esi-africa.com/business-and-markets/impact-of-the-eus-cbam-on-africa-challenges-and-opportunities/,https://www.esi-africa.com/business-and-markets/impact-of-the-eus-cbam-on-africa-challenges-and-opportunities/?amp=1,Impact of the EU CBAM on Africa : Challenges and opportunities,20250303T083000Z,https://www.esi-africa.com/wp-content/uploads/2024/11/231080190_xl_normal_none.jpg,esi-africa.com,English,South Africa
https://www.thehindu.com/education/future-sustainability-careers-a-new-era-of-opportunities/article69278489.ece,https://www.thehindu.com/education/future-sustainability-careers-a-new-era-of-opportunities/article69278489.ece/amp/,The future of sustainability careers : A new era of opportunities,20250303T103000Z,https://th-i.thgim.com/public/education/mk0pvb/article69278504.ece/alternates/LANDSCAPE_1200/iStock-2150134039.jpg,thehindu.com,English,India
https://patriotpost.us/opinion/114998-hate-him-all-you-like-mitch-mcconnell-is-a-hall-of-famer-2025-03-03,,"David Harsanyi : Hate Him All You Like , Mitch McConnell Is a Hall of Famer",20250303T124500Z,https://img.patriotpost.us/01GR4QNK1K7PV7B16TYRNJ89RV.jpeg,patriotpost.us,English,United States
https://carbon-pulse.com/374006/,,Euro Markets : Midday Update « Carbon Pulse,20250303T130000Z,,carbon-pulse.com,English,China
https://carbon-pulse.com/372186/,,FEATURE : EU braces for ETS2 amid national foot - dragging to transpose the law « Carbon Pulse,20250303T130000Z,,carbon-pulse.com,English,China
https://www.marinelink.com/news/new-zero-emission-ferries-san-diego-bay-523032,,New Zero Emission Ferries In San Diego Bay,20250303T174500Z,https://images.marinelink.com/images/maritime/w800/emissions-ferries-157735.jpg,marinelink.com,English,United States
https://carbon-pulse.com/374140/,,"Germany urges EU to soften blow of higher emissions costs on exports , amid other CBAM changes « Carbon Pulse",20250303T180000Z,,carbon-pulse.com,English,China
https://www.irishtimes.com/business/2025/03/04/republic-risks-fine-of-up-to-26bn-if-eu-agreed-climate-targets-missed/,,State risks fine of up to €26bn if EU - agreed climate targets missed,20250304T003000Z,https://www.irishtimes.com/resizer/v2/G2WILXQJQNE37OYS5KLLMCXMMM.jpg?smart=true&auth=d362cae647145a0438c89ece3fc59f215c24601db0e2f812af7ea37a4d373df1,irishtimes.com,English,Ireland
https://www.rte.ie/news/2025/0304/1500039-climate-report-analysis/,https://amp.rte.ie/amp/1500039/ ,Report shows climate inaction pricier than taking action,20250304T064500Z,https://img.rasset.ie/0014c4b3-1600.jpg,rte.ie,English,Ireland
https://www.irishtimes.com/business/2025/03/04/cost-of-republics-climate-inaction-laid-bare/,,Cost of our climate inaction laid bare in new report,20250304T071500Z,https://www.irishtimes.com/resizer/v2/ZZFH55PRZFCQBI2BXP4QTWCLKE.jpg?smart=true&auth=7d55c33400c19b82fd4577e5d3662261f752dc099e63e15805d08b238cbc0e36,irishtimes.com,English,Ireland
https://econews.com.au/66667/osw-launches-greensketch-the-worlds-first-free-end-to-end-solar-design-deployment-platform/,,OSW launches GreenSketch – the world first free end - to - end solar design & deployment platform,20250304T080000Z,https://econews.com.au/wp-content/uploads/2013/07/Screen-shot-US-10GW-solar.png,econews.com.au,English,Australia
https://www.energylivenews.com/2025/03/04/no-carbon-capture-no-net-zero/,,No Carbon Capture - no net zero - Energy Live News,20250304T084500Z,https://www.energylivenews.com/wp-content/uploads/2025/03/Shutterstock_2461886547.jpg,energylivenews.com,English,United Kingdom
https://www.barnsleychronicle.com/article/31164/waste-regulation-change-could-cost-council-millions,,Waste regulation change could cost council millions,20250304T091500Z,https://www.barnsleychronicle.com/storage/articles/March2025/a5b3ccdf-66a8-4b74-931b-b06a9509b12b.jpg,barnsleychronicle.com,English,
https://www.indiancooperative.com/from-states/nddb-signs-mous-with-26-milk-unions-in-presence-of-shah-singh/,https://www.indiancooperative.com/from-states/nddb-signs-mous-with-26-milk-unions-in-presence-of-shah-singh/amp/,NDDB signs MoUs with 26 Milk Unions in presence of Shah & Singh,20250304T110000Z,https://www.indiancooperative.comh,indiancooperative.com,English,India
https://www.forbesindia.com/article/isbinsight/investing-in-the-future-the-promise-of-carbon-credits-for-indias-sustainable-growth/95470/1,https://www.forbesindia.com/amp/article/isbinsight/investing-in-the-future-the-promise-of-carbon-credits-for-indias-sustainable-growth/95470/1,Investing In The Future : The Promise Of Carbon Credits For India Sustainable Growth,20250304T141500Z,https://images.forbesindia.com/media/images/2025/Mar/img_243678_shutterstock_2369849971_bg.jpg,forbesindia.com,English,India
https://shipandbunker.com/news/world/283486-ie-week-bunker-industry-seen-as-rabbit-in-headlights-amid-2025-uncertainty,,IE Week : Bunker Industry Seen as  Rabbit in Headlight Amid 2025 Uncertainty,20250304T181500Z,https://shipandbunker.cdn.speedyrails.net/a/img/_mt_63db0f3b79c959179459094a89185b00.jpg,shipandbunker.com,English,Singapore
https://yubanet.com/regional/5-million-available-to-promote-forest-sector-business-workforce-development/,,$5 Million Available to Promote Forest - Sector Business & Workforce Development,20250304T201500Z,https://yubanet.com/wp-content/uploads/2025/03/Screenshot-2025-03-04-080904.png,yubanet.com,English,United States
https://www.mondaq.com:443/unitedstates/corporate-and-company-law/1591818/european-commission-presents-omnibus-simplification-package-with-amendments-to-csrd-csddd-cbam-and-taxonomy,,"European Commission Presents  Omnibus  Simplification Package With Amendments To CSRD , CSDDD , CBAM And Taxonomy",20250305T020000Z,http://www.mondaq.com/images/profile/companythumb/1089.webp?v=20241101121806,mondaq.com,English,United States
https://community.scoop.co.nz/2025/03/marlborough-throws-out-nearly-double-the-national-average-to-landfill/,,Community Scoop » Marlborough Throws Out Nearly Double The National Average To Landfill,20250305T034500Z,,community.scoop.co.nz,English,New Zealand
https://www.courtsofnz.govt.nz/publications/speeches-and-papers/climate-change-and-the-law,,Climate Change and the Law Courts of New Zealand,20250305T053000Z,,courtsofnz.govt.nz,English,New Zealand
https://www.thestar.com.my/aseanplus/aseanplus-news/2025/03/05/laos-moves-to-develop-carbon-markets-in-energy-sector,,Laos moves to develop carbon markets in energy sector,20250305T083000Z,https://apicms.thestar.com.my/uploads/images/2025/03/05/3197494.jpg,thestar.com.my,English,Malaysia
https://www.carbonbrief.org/daily-brief/china-announces-plans-for-major-renewable-projects-to-tackle-climate-change/,,China announces plans for major renewable projects to tackle climate change,20250305T103000Z,,carbonbrief.org,English,United Kingdom
https://www.cnn.com/climate/miombo-woodlands-carbon-storage-c2e-spc/,https://amp.cnn.com/cnn/climate/miombo-woodlands-carbon-storage-c2e-spc,The Miombo woodland could store twice as much carbon as was thought . That makes its conservation even more valuable,20250305T104500Z,"https://media.cnn.com/api/v1/images/stellar/prod/ingle-220303-004.jpeg?c=16x9&q=w_800,c_fill",cnn.com,English,United States
https://www.yahoo.com/news/europe-war-emissions-mean-end-060000256.html,,Europe war on emissions will mean the end of £50 flights to the Med,20250305T111500Z,https://s.yimg.com/ny/api/res/1.2/uRdxM42ary8b8zwF5njDDw--/YXBwaWQ9aGlnaGxhbmRlcjt3PTEyMDA7aD03NTA-/https://media.zenfs.com/en/the_telegraph_258/5f2c6c73af3dc7bc75b47c3d31610868,yahoo.com,English,United States
https://www.publicnewsservice.org/2025-03-05/air-pollution/with-ozone-season-bad-air-days-to-increase-in-nc/a95615-1,,With ozone season bad air days to increase in NC / Public News Service,20250305T123000Z,https://www.newsservice.org/getimage.php?p=c2dpZD05NTYxNSZzaWQ9MQ==,publicnewsservice.org,English,United States
https://english.news.cn/20250305/621ba97a63584b3094277b8d133de0cf/c.html,,Laos pursues carbon credit market development - Xinhua,20250305T123000Z,,english.news.cn,English,
https://www.worldcement.com/europe-cis/05032025/envea-tackles-the-challenge-of-accurately-measuring-biogenic-co/,https://www.worldcement.com/europe-cis/05032025/envea-tackles-the-challenge-of-accurately-measuring-biogenic-co/amp/,ENVEA tackles the challenge of accurately measuring biogenic CO2,20250305T123000Z,https://d23p67eaj7q4a1.cloudfront.net/media/articles/pop/decarbonisation101.jpg,worldcement.com,English,United States
https://edition.cnn.com/climate/miombo-woodlands-carbon-storage-c2e-spc/,https://amp.cnn.com/cnn/climate/miombo-woodlands-carbon-storage-c2e-spc,The Miombo woodland could store twice as much carbon as was thought . That makes its conservation even more valuable,20250305T124500Z,"https://media.cnn.com/api/v1/images/stellar/prod/ingle-220303-004.jpeg?c=16x9&q=w_800,c_fill",edition.cnn.com,English,United States
https://asianews.network/laos-moves-to-develop-carbon-markets-in-energy-sector/,,Laos moves to develop carbon markets in energy sector,20250305T131500Z,,asianews.network,English,China
https://www.eib.org/en/press/all/2025-119-ineratec-secures-eur70-million-financing-commitment-for-europe-s-largest-e-fuel-production-plant-in-frankfurt,,Germany : INERATEC secures €70 million financing commitment for Europe largest e - Fuel - production plant in Frankfurt,20250305T134500Z,https://www.eib.org/photos/rs/a851fa73-2055-4ed7-82e5-63e1e1cf6a63/largeprvw/image.jpg,eib.org,English,United Kingdom
https://www.resilience.org/stories/2025-03-05/in-the-shadow-of-mount-nyiro/,,In the Shadow of Mount Nyiro,20250305T144500Z,https://www.resilience.org/wp-content/uploads/2025/03/landscape381-1500x1000-1.jpg,resilience.org,English,United States
https://www.breitbart.com/the-media/2025/03/05/l-a-times-columnist-celebrates-south-carolina-wildfires-says-california-off-the-hook/,https://www.breitbart.com/the-media/2025/03/05/l-a-times-columnist-celebrates-south-carolina-wildfires-says-california-off-the-hook/amp/,L . A . Times Columnist Celebrates South Carolina Wildfires ; Says California Off the Hook ! ,20250305T164500Z,https://media.breitbart.com/media/2025/03/South-Carolina-wildfires-Associated-Press-640x335.jpg,breitbart.com,English,United States
https://www.thehindubusinessline.com/opinion/wealth-in-animal-waste/article69295512.ece,https://www.thehindubusinessline.com/opinion/wealth-in-animal-waste/article69295512.ece/amp/,Wealth in animal waste - The Hindu BusinessLine,20250305T180000Z,https://bl-i.thgim.com/public/incoming/c1ugxd/article69295529.ece/alternates/LANDSCAPE_1200/10507_27_3_2021_11_8_38_3_VIS_0432.JPG,thehindubusinessline.com,English,India
https://www.sherwoodparknews.com:443/opinion/carbon-taxes-are-the-new-snake-oil,,Carbon taxes are the new snake oil  | Sherwood Park News,20250305T204500Z,,sherwoodparknews.com,English,Canada
https://www.devondispatch.ca:443/opinion/carbon-taxes-are-the-new-snake-oil,,Carbon taxes are the new snake oil  | Devon Dispatch,20250305T204500Z,,devondispatch.ca,English,Canada
https://www.sprucegroveexaminer.com:443/opinion/carbon-taxes-are-the-new-snake-oil,,Carbon taxes are the new snake oil  | Spruce Grove Examiner,20250305T210000Z,,sprucegroveexaminer.com,English,Canada
https://www.mayerthorpefreelancer.com:443/opinion/carbon-taxes-are-the-new-snake-oil,,Carbon taxes are the new snake oil  | Mayerthorpe Freelancer,20250305T211500Z,,mayerthorpefreelancer.com,English,Canada
https://www.miragenews.com/environmental-economic-accounts-data-to-2023-1420432/,,Environmental - economic Accounts : Data To 2023,20250305T221500Z,https://cdn1.miragenews.com/wp-content/uploads/2019/04/news-and-developments.jpg,miragenews.com,English,United States
https://en.vietnamplus.vn/thailand-strives-to-expand-voluntary-carbon-market-post311026.vnp,,Thailand pushes to grow voluntary carbon market | Vietnam+ ( VietnamPlus ) ,20250305T224500Z,https://mediaen.vietnamplus.vn/images/f579a678cf9e90879541752073c2600502280d87bfa824ab689a6ce46c2254e899f33812a1201d5b8d7c502a6cba7f7f813fcd1e0a18042b5500bcf98ed87fa6/thailand-34.jpg.webp,en.vietnamplus.vn,English,Vietnam
https://stnonline.com/industry-releases/33-million-awarded-for-mobility-projects-such-as-electric-vehicle-carsharing-electric-bike-sharing-and-electric-school-buses/,,"$33 Million Awarded for Mobility Projects Such as Electric Vehicle Carsharing , Electric Bike - Sharing , and Electric School Buses",20250305T234500Z,,stnonline.com,English,United States
https://www.interest.co.nz/economy/132257/new-zealand%E2%80%99s-environmental-taxes-fell-21-52-billion-2022-2023-year-driven-energy,,Stats NZ says environmental taxes dropped 21 % to $5 . 2 billion in 2023,20250306T011500Z,https://www.interest.co.nz/sites/default/files/feature_images/energy-sun-electricity.jpg,interest.co.nz,English,New Zealand
https://www.mondaq.com:443/unitedstates/corporate-and-company-law/1592800/the-eu-grand-plan-to-cut-red-tape,,The EU Grand Plan To Cut Red Tape,20250306T020000Z,http://www.mondaq.com/images/profile/companythumb/1244.webp?v=20241101121805,mondaq.com,English,United States
https://www.brisbanetimes.com.au/topic/national-archives-of-australia-1npo,,Topic | National Archives | Brisbane Times,20250306T021500Z,https://www.brisbanetimes.com.au/metro-assets/assets/static/brisbanetimes.png,brisbanetimes.com.au,English,Australia
https://www.straitstimes.com/singapore/politics/spore-could-buy-its-first-tranche-of-carbon-credits-in-2025-mti-to-call-for-proposals,,"Spore could buy its first tranche of carbon credits in 2025 , MTI to call for proposals",20250306T070000Z,https://cassette.sphdigital.com.sg/image/straitstimes/1530448ed56accd41071c2da034e16dea7ecd04fa7d1b2b6714f39a115e8d82b,straitstimes.com,English,Singapore
https://www.gasworld.com/story/india-ccus-needs-4-3bn-in-public-spending/2152517.article/,,India CCUS needs $4 . 3bn in public spending,20250306T121500Z,"https://www.gasworld.com/cdn-cgi/image/width=1200,height=900,fit=contain,quality=75,metadata=none,format=auto,gravity=auto/https://www.gasworld.com/wp-content/files/2025/03/shutterstock_1794867904.jpg",gasworld.com,English,United States
https://www.porttechnology.org/news/lloyds-register-report-reveals-surge-in-lng-retrofits/,,Lloyd Register report reveals surge in LNG retrofits,20250306T144500Z,https://www.porttechnology.org/wp-content/uploads/2025/03/iStock-2159343443-1.jpg,porttechnology.org,English,China
https://www.ruthfullyyours.com/page/9190/,,RUTHFULLY YOURS,20250306T160000Z,,ruthfullyyours.com,English,United States
https://www.marinelog.com/passenger/ferries/flagship-cruises-gets-15-2m-grant-to-build-two-all-electric-ferries/,,Flagship Cruises gets $15 . 2M grant to build two all - electric ferries,20250306T184500Z,https://www.marinelog.com/wp-content/uploads/2025/03/Flagship-Electric-ferry-Broadway.jpg,marinelog.com,English,United States
https://www.heritage.org/social-security/report/trustees-reports-highlight-pressing-need-reform-entitlement-programs,,Trustees Reports Highlight Pressing Need to Reform Entitlement Programs,20250306T193000Z,https://www.heritage.org/themes/heritage/src/images/bell.png,heritage.org,English,United States
https://oilprice.com/Latest-Energy-News/World-News/New-EU-Carbon-Market-Set-to-Hit-Households-and-Small-Businesses.html,https://oilprice.com/Latest-Energy-News/World-News/New-EU-Carbon-Market-Set-to-Hit-Households-and-Small-Businesses.amp.html,New EU Carbon Market Set to Hit Households and Small Businesses,20250306T194500Z,https://d32r1sh890xpii.cloudfront.net/news/718x300/2025-03-06_m19videj05.jpg,oilprice.com,English,United States
https://www.topspeed.com/poor-tesla-sales-put-the-real-money-maker-at-risk/,,Poor Tesla Sales Put The Real Money - Maker At Risk,20250306T201500Z,https://static1.topspeedimages.com/wordpress/wp-content/uploads/2025/01/tesla-factory-front.jpg,topspeed.com,English,United States
https://www.delawarepublic.org/politics-government/2025-03-06/gov-meyer-and-lawmakers-propose-further-plans-to-bring-relief-to-ratepayers-amid-energy-bill-spikes,https://www.delawarepublic.org/politics-government/2025-03-06/gov-meyer-and-lawmakers-propose-further-plans-to-bring-relief-to-ratepayers-amid-energy-bill-spikes?_amp=true,Gov . Meyer and lawmakers propose further plans to bring relief to ratepayers amid energy bill spikes,20250306T231500Z,http://npr-brightspot.s3.amazonaws.com/94/81/b8a0c8564e94bba6777a39d3f7ca/delmarva-power-truck.JPG,delawarepublic.org,English,United States
https://carbon-pulse.com/375198/,,"CP Daily : Thursday March 6 , 2025 « Carbon Pulse",20250307T060000Z,,carbon-pulse.com,English,China
https://carbon-pulse.com/375534/,,"WCI Markets : CCAs rally in anticipation of regulatory updates , WCA activity subsides into Q1 sale « Carbon Pulse",20250307T060000Z,,carbon-pulse.com,English,China
https://www.thestar.com.my/news/world/2025/03/07/analysis-germany039s-climate-activists-on-edge-as-parties-shape-coalition-agenda,,Analysis - Germany climate activists on edge as parties shape coalition agenda,20250307T083000Z,https://apicms.thestar.com.my/uploads/images/2025/03/07/3201677.jpg,thestar.com.my,English,Malaysia
https://www.sungazette.com/news/top-news/2025/03/hearing-concerned-with-energy-costs/,,"Hearing concerned with energy costs | News , Sports , Jobs - Williamsport Sun - Gazette",20250307T091500Z,https://ogden_images.s3.amazonaws.com/www.sungazette.com/images/2023/09/19103957/fblike1.jpg,sungazette.com,English,United States
https://biztoc.com/x/a2bb3af685ea68f1,,New EU Carbon Market Set To Hammer Households And Small Businesses,20250307T123000Z,https://biztoc.com/cdn/a2bb3af685ea68f1_s.webp,biztoc.com,English,
https://www.ox.ac.uk/news/2025-03-07-expert-comment-what-does-seventh-carbon-budget-mean-uks-drive-net-zero,,Expert Comment : What does the Seventh Carbon Budget mean for the united kingdom drive to net zero ? ,20250307T143000Z,https://www.ox.ac.uk/sites/files/oxford/field/field_image_main/Keadby%20Power%20Station%20UK%20Credit%20Chunyip%20Wong%20Getty%20Images.jpg,ox.ac.uk,English,United Kingdom
https://www.gasworld.com/story/topsoe-targets-revenue-rebound-with-herning-factory-launch/2152612.article/,,Topsoe targets revenue rebound with Herning factory launch,20250307T160000Z,"https://www.gasworld.com/cdn-cgi/image/width=1200,height=900,fit=contain,quality=75,metadata=none,format=auto,gravity=auto/https://www.gasworld.com/wp-content/files/2025/03/Herning-Plant-Drone-View-November-2024.jpg",gasworld.com,English,United States
http://www.hydrocarbonprocessing.com/news/2025/03/ineratec-secures-70-mm-financing-commitment-for-europe-s-largest-efuel-production/,,INERATEC secures €70 - MM financing commitment for Europe largest eFuel production,20250307T173000Z,,hydrocarbonprocessing.com,English,United States
https://carbon-pulse.com/375787/,,"CFTC : Investors build CCA , RGGI length but retreat from LCFS amid regulatory hiccups « Carbon Pulse",20250308T061500Z,,carbon-pulse.com,English,China
https://www.bangkokpost.com/business/general/2975496/trump-tariff-confusion-hurts-share-sentiment,,Bangkok Post - Trump tariff confusion hurts share sentiment,20250308T074500Z,https://static.bangkokpost.com/media/content/20250308/c1_2975496_250308113703_700.jpg,bangkokpost.com,English,Thailand
https://missionlocal.org/2025/03/sf-scott-wiener-interview-trump-transit-muni-sfpd-bomb-dog/,,"Sen . Scott Wiener talks Trump , transit , & SFPD cute bomb dog",20250308T210000Z,https://newspack-missionlocal.s3.amazonaws.com/mission/wp-content/uploads/2025/03/IMG_8202-scaled.jpg,missionlocal.org,English,United States
https://www.ruthfullyyours.com/page/9192/,,RUTHFULLY YOURS,20250309T103000Z,,ruthfullyyours.com,English,United States
https://insideclimatenews.org/news/09032025/feeding-cows-seaweed-methane-emissions-maine/,,"Feeding Cows Seaweed Could Cut Methane Emissions and Diversify Maine Coastal Economy , but Can It Scale ? ",20250309T114500Z,https://insideclimatenews.org/wp-content/uploads/2025/03/HAY_240917_0502.jpg,insideclimatenews.org,English,United States
https://carbon-pulse.com/375598/,,"CP Daily : Sunday March 9 , 2025 « Carbon Pulse",20250309T203000Z,,carbon-pulse.com,English,China
http://en.people.cn/n3/2025/0310/c90000-20287318.html,,Nation to tackle green trade barriers - People Daily Online,20250310T034500Z,,en.people.cn,English,China
https://www.crikey.com.au/2025/03/10/safeguard-mechanism-carbon-emissions-labor-plibersek/,,Why Labor doesnt talk about the safeguard mechanism,20250310T050000Z,https://www.crikey.com.au/wp-content/uploads/sites/3/2025/03/alek.jpg?quality=70,crikey.com.au,English,Australia
https://www.eco-business.com/opinion/assessing-the-airline-industrys-sustainability-agenda/,,Assessing the airline industry sustainability agenda,20250310T073000Z,https://eco-business.imgix.net/ebmedia/fileuploads/1027-1.jpeg?fit=crop&ixlib=django-1.2.0&q=85,eco-business.com,English,China
https://www.heritage.org/environment/report/impact-the-waxman-markey-climate-change-legislation-arizona,,Impact of the Waxman - Markey Climate Change Legislation on Arizona,20250310T084500Z,https://www.heritage.org/themes/heritage/src/images/bell.png,heritage.org,English,United States
https://www.eenews.net/articles/court-freezes-order-on-virginias-rggi-exit/,,Court freezes order on Virginia RGGI exit - E & E News by POLITICO,20250310T110000Z,https://static.politico.com/50/b9/7f63bd8f4e6ab5993cc3f5d7a7a6/election-2024-rnc-60830.jpg,eenews.net,English,United States
https://www.euractiv.com/section/eet/opinion/carbon-removals-the-key-to-a-more-competitive-eu/,,Carbon removals : the key to a more competitive EU,20250310T141500Z,https://www.euractiv.com/wp-content/uploads/sites/2/2025/03/D-1-800x450.jpg,euractiv.com,English,United Kingdom
https://www.dailymaverick.co.za/article/2025-03-10-its-not-all-vat-2025-budget-speech-predictions/,,It not all VAT : 2025 budget speech predictions,20250310T173000Z,https://i0.wp.com/www.dailymaverick.co.za/wp-content/uploads/2025/03/11264251-scaled.jpg?fit=1280%2C808&quality=89&ssl=1,dailymaverick.co.za,English,South Africa
https://www.marinelink.com/news/european-hydrogen-bank-auction-receives-523312,,European Hydrogen Bank Auction Receives Bids For Eight,20250311T004500Z,https://images.marinelink.com/images/maritime/w800/source-european-158006.png,marinelink.com,English,United States
https://cleantechnica.com/2025/03/10/carney-takes-the-helm-whats-next-for-canadas-carbon-policy/,https://cleantechnica.com/2025/03/10/carney-takes-the-helm-whats-next-for-canadas-carbon-policy/?amp=1,Carney Takes The Helm : What Next for Canada Carbon Policy ? ,20250311T031500Z,https://cleantechnica.com/wp-content/uploads/2025/03/DALL%C2%B7E-2025-03-10-15.50.16-A-panoramic-photorealistic-image-of-a-crossroads-with-two-diverging-paths.-One-path-leads-toward-an-industrial-landscape-with-smokestacks-and-oil-refi-800x457.png,cleantechnica.com,English,United States
https://www.hydrogenfuelnews.com/waste-from-energy-hydrogen/8569988/,,Why The Waste - from - Energy Controversy Is More Fuel For The Fire For Investing In Hydrogen – Hydrogen Fuel News,20250311T100000Z,https://www.hydrogenfuelnews.com/wp-content/uploads/2025/03/burning-waste-fuel-hydrogen-production.jpg,hydrogenfuelnews.com,English,United States
https://www.scmp.com/news/hong-kong/politics/article/3301965/hong-kong-npc-deputies-propose-scheme-help-mainland-talent-buy-flats-more-easily,https://amp.scmp.com/news/hong-kong/politics/article/3301965/hong-kong-npc-deputies-propose-scheme-help-mainland-talent-buy-flats-more-easily,Hong Kong NPC deputies propose scheme to help mainland talent buy flats more easily,20250311T111500Z,https://cdn.i-scmp.com/sites/default/files/styles/og_image_scmp_generic/public/d8/images/canvas/2025/03/11/bed5b0da-a69c-45fa-b866-3c81b8a20e5e_45c5f089.jpg?itok=RvqLA8yw&v=1741690747,scmp.com,English,China
https://carbon-pulse.com/376385/,,  We need to do better : EU Parliament groups looking at ETS2 tweaks « Carbon Pulse,20250311T154500Z,,carbon-pulse.com,English,China
https://www.climatechangenews.com/2025/03/11/will-indonesias-new-carbon-market-be-a-climate-solution-problems/,,Will Indonesia new carbon market be a solution o face problems ? ,20250311T161500Z,https://www.climatechangenews.com/wp-content/files/2021/01/Peatland.jpg,climatechangenews.com,English,France
https://thesun.my/business-news/media-outreach/hkstp-launches-greentech-hub-solidifying-hong-kong-as-an-international-leading-green-technology-and-finance-hub-OM13790086,,HKSTP Launches GreenTech Hub Solidifying Hong Kong as an International Leading Green Technology and Finance Hub,20250311T170000Z,https://thesun.my/binrepository/480x279/0c29/480d250/none/11808/HHWV/606986-picture-1-jpg_5040473_20250312000944.jpg,thesun.my,English,
https://www.thailand-business-news.com/pr-news/hkstp-launches-greentech-hub-solidifying-hong-kong-as-an-international-leading-green-technology-and-finance-hub,,HKSTP Launches GreenTech Hub Solidifying Hong Kong as an International Leading Green Technology and Finance Hub,20250311T170000Z,https://i0.wp.com/b2thbz.siamnews.network/2025/03/Picture_1.jpg,thailand-business-news.com,English,Thailand
https://www.itnewsonline.com/news/HKSTP-Launches-GreenTech-Hub-Solidifying-Hong-Kong-as-an-International-Leading-Green-Technology-and-Finance-Hub/28485,,IT News Online - HKSTP Launches GreenTech Hub Solidifying Hong Kong as an International Leading Green Technology and Finance Hub,20250311T171500Z,,itnewsonline.com,English,United States
https://portal.sina.com.hk/finance/finance-mediaoutreachnewswire/media-outreach/2025/03/11/1137612/hkstp-launches-greentech-hub-solidifying-hong-kong-as-an-international-leading-green-technology-and-finance-hub/,,HKSTP Launches GreenTech Hub Solidifying Hong Kong as an International Leading Green Technology and Finance Hub,20250311T171500Z,,portal.sina.com.hk,English,Hong Kong
https://sloveniatimes.com/42775/hkstp-launches-greentech-hub-solidifying-hong-kong-as-an-international-leading-green-technology-and-finance-hub,,The Slovenia Times,20250311T180000Z,https://sloveniatimes.com/images/990x660/45099,sloveniatimes.com,English,Slovenia
https://www.insidephilanthropy.com/home/new-chan-zuckerberg-initiative-climate-chief-doubts-she-could-spend-1-billion,,New CZI Climate Chief Doubts She Could Spend $1 Billion,20250311T190000Z,https://www.insidephilanthropy.com/wp-content/uploads/2024/07/shutterstock_1098814631-e1741713588287.png,insidephilanthropy.com,English,United States
https://businessdayghana.com/hkstp-launches-greentech-hub-solidifying-hong-kong-as-an-international-leading-green-technology-and-finance-hub/,,HKSTP Launches GreenTech Hub Solidifying Hong Kong as an International Leading Green Technology and Finance Hub,20250311T211500Z,https://release.media-outreach.com/release.php/Images/606986/Picture-1.jpg,businessdayghana.com,English,Ghana
https://www.cepal.org/en/list/cepal_publication,,Publication list | Economic Commission for Latin America and the Caribbean,20250311T220000Z,,cepal.org,English,United States
https://www.chiangraitimes.com/tech/hong-kong-greentech-hub/,,Hong Kong Science And Technology Parks Unveils GreenTech Hub,20250311T231500Z,https://www.chiangraitimes.com/wp-content/uploads/2025/03/P2025031100435_photo_1298763.jpg.webp,chiangraitimes.com,English,Thailand
https://carbon-pulse.com/376357/,,"CP Daily : Tuesday March 11 , 2025 « Carbon Pulse",20250312T060000Z,,carbon-pulse.com,English,China
https://www.yahoo.com/news/california-utility-bill-crisis-clear-073000088.html,,"California utility bill crisis is clear to all . The solution , not so much . ",20250312T090000Z,https://s.yimg.com/ny/api/res/1.2/PZ8QmABhB4vstIdmQjvDMg--/YXBwaWQ9aGlnaGxhbmRlcjt3PTEyMDA7aD02OTY-/https://media.zenfs.com/en/canary_media_articles_453/2e78ec4ab32b8bd65b8661b2937fc39a,yahoo.com,English,United States
https://www.globalcement.com/news/item/18530-eu-funds-14-cement-decarbonisation-projects-with-innovation-fund-grants,,EU funds 14 cement decarbonisation projects with Innovation Fund grants,20250312T123000Z,https://www.globalcement.com/media/k2/items/cache/83ae357fec8eba398717da5e96b247b3_M.jpg,globalcement.com,English,India
https://www.carbonbrief.org/analysis-uk-emissions-fall-3-6-in-2024-as-coal-use-drops-to-lowest-since-1666/,,Analysis : united kingdom emissions fall 3 . 6 % in 2024 as coal use drops to lowest since 1666,20250312T131500Z,https://www.carbonbrief.org/wp-content/uploads/2025/03/WHAPMP.jpg,carbonbrief.org,English,United Kingdom
https://www.circleofblue.org/2024/great-lakes/toxic-blooms-on-lake-erie-still-a-problem-10-years-after-toledo-shut-down-its-water-system/,,Toxic blooms on Lake Erie still a problem 10 years after Toledo shut down its water system,20250312T140000Z,https://i0.wp.com/www.circleofblue.org/wp-content/uploads/2025/02/Maumee-Bay-Swimmers-1-scaled.jpg?fit=2560%2C1707&ssl=1,circleofblue.org,English,United States
https://www.eastbaytimes.com/2025/03/12/opinion-californias-valley-link-can-solve-major-commuter-problem/,https://www.eastbaytimes.com/2025/03/12/opinion-californias-valley-link-can-solve-major-commuter-problem/amp/,McNerney : Valley Link can be a lifeline to both Central Valley and BART,20250312T144500Z,https://www.eastbaytimes.com/wp-content/uploads/2025/03/SJM-L-OPED-MCNERNEY-0312-1.jpg,eastbaytimes.com,English,United States
https://www.myjoyonline.com/ghanas-ports-and-trade-lessons-from-2024-and-the-2025-roadmap-for-growth/,,Ghana Ports and Trade : Lessons from 2024 and the 2025 roadmap for growth,20250312T144500Z,https://www.myjoyonline.com/wp-content/uploads/2025/03/GHPA.jpg,myjoyonline.com,English,Ghana
https://www.finanznachrichten.de/nachrichten-2025-03/64804307-bioenergy-with-ccs-market-to-reach-dollar-676-6-million-globally-by-2033-at-12-3-cagr-allied-market-research-008.htm,,"Bioenergy With CCS Market to Reach $676 . 6 million , Globally , by 2033 at 12 . 3 % CAGR : Allied Market Research",20250312T154500Z,,finanznachrichten.de,English,Germany
https://newbusinessethiopia.com/cop29-will-leave-participants-with-unforgettable-memories/,https://newbusinessethiopia.com/cop29-will-leave-participants-with-unforgettable-memories/?amp=1,COP29 will leave participants with unforgettable memories – New Business Ethiopia,20250312T163000Z,,newbusinessethiopia.com,English,Ethiopia
https://newbusinessethiopia.com/african-group-calls-for-equitable-climate-finance-at-cop29/,https://newbusinessethiopia.com/african-group-calls-for-equitable-climate-finance-at-cop29/?amp=1,African group calls for equitable climate finance at COP29 – New Business Ethiopia,20250312T163000Z,,newbusinessethiopia.com,English,Ethiopia
https://www.lloydslist.com/LL1152854/Baltic-Exchange-adds-biofuel-blends-to-emissions-cost-calculator,,Baltic Exchange adds biofuel blends to emissions cost calculator,20250312T171500Z,https://www.lloydslist.com/-/media/lloyds-list/images/flags/2021-flags/baltic_exchange_flag.jpg?rev=809ecba0431f472a9d9118fd8c9762f8,lloydslist.com,English,United Kingdom
https://www.marinelink.com/news/baltic-exchange-adds-green-fuel-options-523404,,Baltic Exchange Adds Green Fuel Options To Cost,20250312T190000Z,https://images.marinelink.com/images/maritime/w800/blend-options-158083.jpg,marinelink.com,English,United States
https://www.mtdemocrat.com/news/funds-available-for-forest-sector-business-workforce-development/article_980849b2-fa1d-11ef-8c57-13f073c346c4.html,,"Funds available for forest - sector business , workforce development",20250312T191500Z,https://bloximages.chicago2.vip.townnews.com/mtdemocrat.com/content/tncms/custom/image/1cacb78a-c270-11ed-9099-7f2e334f04b9.png,mtdemocrat.com,English,United States
https://www.yahoo.com/news/washington-carbon-auction-prices-rise-201526700.html,,Washington carbon auction prices rise again,20250312T213000Z,https://media.zenfs.com/en/washington_state_standard_articles_884/10ca6044b7571d4e18a1e3f6c5e2cc09,yahoo.com,English,United States
https://www.hellenicshippingnews.com/baltic-exchange-introduces-biofuel-blends-in-latest-expansion-of-its-emissions-calculator/,,Baltic Exchange introduces biofuel blends in latest expansion of its Emissions Calculator,20250312T230000Z,,hellenicshippingnews.com,English,China
https://www.hellenicshippingnews.com/odfjell-marks-first-move-into-wind-with-installation-of-four-bound4blue-esails-on-bow-olympus/,,Odfjell marks first move into wind with installation of four bound4blue eSAILs® on BOW Olympus,20250312T230000Z,,hellenicshippingnews.com,English,China
https://carbon-pulse.com/377214/,,Green groups call for  lending facility  funded by ETS2 revenues « Carbon Pulse,20250312T230000Z,,carbon-pulse.com,English,China
https://www.yahoo.com/news/ames-summit-pauses-carbon-pipeline-213853840.html,,Ame Summit pauses carbon pipeline permit application after South Dakota eminent domain ban,20250312T233000Z,https://s.yimg.com/ny/api/res/1.2/tlR9ucOJaus9wZuHo0m2OA--/YXBwaWQ9aGlnaGxhbmRlcjt3PTEyMDA7aD03OTk-/https://media.zenfs.com/en/the-des-moines-register/21500a21492f2db687936ab70d355ca7,yahoo.com,English,United States
"https://www.chronline.com/stories/washington-state-carbon-auction-prices-rise-again,376790",,Washington state carbon auction prices rise again,20250313T041500Z,https://cdn3.creativecirclemedia.com/lafromboise/original/20220118-120544-news.210117.capitol.campus.jw_19.JPG,chronline.com,English,United States
"https://www.thereflector.com/stories/washington-state-carbon-auction-prices-rise-again,376790",,Washington state carbon auction prices rise again,20250313T050000Z,https://cdn3.creativecirclemedia.com/lafromboise/original/20220118-120544-news.210117.capitol.campus.jw_19.JPG,thereflector.com,English,United States
https://bubblear.com/from-baku-to-belem-malaysias-cop29-leadership-driving-regional-and-global-climate-action/20982/,,FROM BAKU TO BELÉM : MALAYSIA COP29 LEADERSHIP DRIVING REGIONAL AND GLOBAL CLIMATE ACTION,20250313T063000Z,https://bubblear.com/wp-content/uploads/2025/03/from-baku-to-belem-malaysias-cop29-leadership-driving-regional-and-global-climate-action.jpg,bubblear.com,English,Argentina
https://www.manilatimes.net/2025/03/13/tmt-newswire/pr-newswire/from-baku-to-belm-malaysias-cop29-leadership-driving-regional-and-global-climate-action/2072412,https://www.manilatimes.net/2025/03/13/tmt-newswire/pr-newswire/from-baku-to-belm-malaysias-cop29-leadership-driving-regional-and-global-climate-action/2072412/amp,FROM BAKU TO BELÉM : MALAYSIA COP29 LEADERSHIP DRIVING REGIONAL AND GLOBAL CLIMATE ACTION,20250313T070000Z,https://www.manilatimes.net/manilatimes/uploads/images/2025/03/13/565054.jpg,manilatimes.net,English,Philippines
https://carbon-pulse.com/376853/,,"CP Daily : Wednesday March 12 , 2025 « Carbon Pulse",20250313T081500Z,,carbon-pulse.com,English,China
https://www.legalbusinessonline.com:443/node/86556,,"A Q & A with Dan Matsuda , Managing Partner , EY Law Japan",20250313T093000Z,,legalbusinessonline.com,English,China
https://www.envirotech-online.com/news/air-monitoring/6/envea/tackling-the-challenge-of-accurately-measuring-biogenic-cosub2/64235,,Tackling the challenge of accurately measuring Biogenic CO2 Envirotech Online,20250313T121500Z,https://www.envirotech-online.com/assets/file_store/pr_files/64235/thumbnails/images/600w_ENVEA-CO2-Calculator.jpg,envirotech-online.com,English,United Kingdom
https://www.power-technology.com/news/three-climate-regulation-strands-to-have-biggest-corporate-sustainability-impact/,,Three climate regulation strands to have biggest corporate sustainability impact,20250313T130000Z,https://www.power-technology.com/wp-content/uploads/sites/21/2025/03/GettyImages-5272470121.jpg,power-technology.com,English,United Kingdom
https://portal.sina.com.hk/finance/finance-prnewswire/prnasia/2025/03/13/1138751/from-baku-to-belem-malaysias-cop29-leadership-driving-regional-and-global-climate-action/,,FROM BAKU TO BELÉM : MALAYSIA COP29 LEADERSHIP DRIVING REGIONAL AND GLOBAL CLIMATE ACTION,20250313T130000Z,https://mma.prnasia.com/media2/2640938/COP29_Malaysia_Pavilion_Horizontal_Full_Colour.jpg?p=medium600,portal.sina.com.hk,English,Hong Kong
https://www.theepochtimes.com/world/ottawas-oil-and-gas-emissions-cap-could-cause-54000-job-losses-budget-watchdog-5824374,,"Ottawa Oil and Gas Emissions Cap Could Cause 54 , 000 Job Losses : Budget Watchdog",20250313T130000Z,https://img.theepochtimes.com/assets/uploads/2025/01/22/id5796743-CP13239994-0-1080x720.jpg,theepochtimes.com,English,United States
http://www.sfchronicle.com/climate/article/epa-zeldin-california-20220150.php,,EPA  dagger  into  climate change religion  will impede California,20250313T230000Z,https://s.hdnux.com/photos/01/47/53/73/27180791/3/rawImage.jpg,sfchronicle.com,English,United States
https://www.ft.lk/front-page/Sri-Lanka-has-lot-to-offer-the-world-Conservation-scientist-Dr-M-Sanjayan/44-774242,,  Sri Lanka has lot to offer the world : Conservation scientist Dr . M . Sanjayan,20250314T041500Z,,ft.lk,English,Sri Lanka
https://www.theborneopost.com/2025/03/14/swak-premier-invited-to-3-key-sustainability-events-in-oct-nov/,,"Swak Premier invited to 3 key sustainability events in Oct , Nov",20250314T064500Z,https://www.theborneopost.com/newsimages/2025/03/kch-140325-gp-invite.jpeg,theborneopost.com,English,Malaysia
https://frontpageafricaonline.com/news/liberia-deforestation-is-leaving-rural-dwellers-more-vulnerable-to-increasingly-devastating-windstorms-but-experts-say-there-are-no-quick-fixes/,,"Liberia : Deforestation is Leaving Rural Dwellers More Vulnerable to Increasingly Devastating Windstorms , But Experts Say There Are No Quick Fixes",20250314T080000Z,https://frontpageafricaonline.com/wp-content/uploads/2025/03/Ma-Annie-Quiyea.jpg,frontpageafricaonline.com,English,Liberia
https://en.tempo.co/read/1986374/indonesia-to-launch-forestry-carbon-trading-program,//en.tempo.co/amp/1986374/indonesia-to-launch-forestry-carbon-trading-program,Indonesia to Launch Forestry Carbon Trading Program,20250314T114500Z,https://statik.tempo.co/data/2025/02/27/id_1380865/1380865_720.jpg,en.tempo.co,English,
https://www.edmontonexaminer.com:443/opinion/columnists/lorne-gunter-you-couldnt-trust-trudeaus-green-economy-claims-carney-is-the-same-only-sneakier,,"Lorne Gunter : Carney just as  green  as Trudeau , only sneakier",20250314T130000Z,,edmontonexaminer.com,English,Canada
https://edmontonjournal.com:443/opinion/columnists/lorne-gunter-you-couldnt-trust-trudeaus-green-economy-claims-carney-is-the-same-only-sneakier,,"Lorne Gunter : Carney just as  green  as Trudeau , only sneakier",20250314T130000Z,,edmontonjournal.com,English,Canada
https://www.euractiv.com/section/eet/news/germany-merz-christian-democrats-climate/,,Meet the green policy wonks in Germany Christian Democrats,20250314T153000Z,https://www.euractiv.com/wp-content/uploads/sites/2/2025/03/GettyImages-2156832220-800x450.jpg,euractiv.com,English,United Kingdom
https://carbon-pulse.com/378036/,,"RGGI Market : Q1 auction clears in line with secondary market and trader expectations , CCR sold out « Carbon Pulse",20250314T173000Z,,carbon-pulse.com,English,China
https://www.jdsupra.com/legalnews/environmental-justice-revisited-2291171/,,Environmental Justice Revisited | BCLP,20250314T183000Z,https://jdsupra-static.s3.amazonaws.com/profile-images/og.15569_1953.jpg,jdsupra.com,English,United States
https://capitalpress.com/2025/03/14/washington-house-passes-farm-fuel-bill-rejects-farm-bureaus-proposal/,,"Washington House passes farm fuel bill , rejects Farm Bureau proposal",20250315T021500Z,https://capitalpress.com/wp-content/uploads/sites/11/2025/03/Farm-fuel-copy.jpg,capitalpress.com,English,United States
https://aliran.com/civil-society-voices/carbon-capture-bill-reckless-law-that-prioritises-profit-over-ecology,,Carbon capture bill : Reckless law that prioritises profit over ecology,20250315T023000Z,https://aliran.com/wp-content/uploads/2024/07/carbon-capture-utilisation-and-storage-CCUS.jpg,aliran.com,English,Malaysia
https://wattsupwiththat.com/2025/03/14/share-the-deep-internal-conflict-of-the-green-billionaire-who-just-bought-a-private-jet/,,Share the  Deep Internal Conflict  of the Green Aussie Billionaire who Just Bought a Private Jet – Watts Up With That ? ,20250315T023000Z,https://i0.wp.com/wattsupwiththat.com/wp-content/uploads/2025/03/Mike-Cannon-Brookes.webp?fit=800%2C450&ssl=1,wattsupwiththat.com,English,United States
https://www.yourlocalguardian.co.uk/news/national/uk-today/25001390.5-practical-items-ideal-garden-set-spring/,,5 practical items ideal for your garden set up this spring,20250315T053000Z,https://www.yourlocalguardian.co.uk/resources/images/19203185.jpg?type=og-image,yourlocalguardian.co.uk,English,United Kingdom
https://www.burytimes.co.uk/news/national/uk-today/25001390.5-practical-items-ideal-garden-set-spring/,,5 practical items ideal for your garden set up this spring,20250315T053000Z,https://www.burytimes.co.uk/resources/images/19203185.jpg?type=og-image,burytimes.co.uk,English,United Kingdom
https://www.falmouthpacket.co.uk/news/national/uk-today/25001390.5-practical-items-ideal-garden-set-spring/,,5 practical items ideal for your garden set up this spring,20250315T060000Z,https://www.falmouthpacket.co.uk/resources/images/19203185.jpg?type=og-image,falmouthpacket.co.uk,English,United Kingdom
https://www.yorkpress.co.uk/news/national/uk-today/25001390.5-practical-items-ideal-garden-set-spring/,,5 practical items ideal for your garden set up this spring,20250315T060000Z,https://www.yorkpress.co.uk/resources/images/19203185.jpg?type=og-image,yorkpress.co.uk,English,United Kingdom
https://www.wiltsglosstandard.co.uk/news/national/uk-today/25001390.5-practical-items-ideal-garden-set-spring/,,5 practical items ideal for your garden set up this spring | Wilts and Gloucestershire Standard,20250315T061500Z,https://www.wiltsglosstandard.co.uk/resources/images/19203185.jpg?type=og-image,wiltsglosstandard.co.uk,English,United Kingdom
https://www.timesandstar.co.uk/news/national/uk-today/25001390.5-practical-items-ideal-garden-set-spring/,,5 practical items ideal for your garden set up this spring,20250315T061500Z,https://www.timesandstar.co.uk/resources/images/19203185.jpg?type=og-image,timesandstar.co.uk,English,United Kingdom
https://www.messengernewspapers.co.uk/news/national/uk-today/25001390.5-practical-items-ideal-garden-set-spring/,,5 practical items ideal for your garden set up this spring,20250315T063000Z,https://www.messengernewspapers.co.uk/resources/images/19203185.jpg?type=og-image,messengernewspapers.co.uk,English,United Kingdom
https://canadianinquirer.net/2025/03/15/how-canada-could-get-much-closer-to-europe/,,How Canada could get much closer to Europe,20250315T070000Z,https://canadianinquirer.net/wp-content/uploads/2025/03/europe-palace-5414751_1280-1000x600.jpg,canadianinquirer.net,English,Philippines
https://www.gazetteseries.co.uk/news/national/uk-today/25001390.5-practical-items-ideal-garden-set-spring/,,5 practical items ideal for your garden set up this spring,20250315T070000Z,https://www.gazetteseries.co.uk/resources/images/19203185.jpg?type=og-image,gazetteseries.co.uk,English,United Kingdom
https://www.maldonandburnhamstandard.co.uk/news/national/uk-today/25001390.5-practical-items-ideal-garden-set-spring/,,5 practical items ideal for your garden set up this spring | Maldon and Burnham Standard,20250315T071500Z,https://www.maldonandburnhamstandard.co.uk/resources/images/19203185.jpg?type=og-image,maldonandburnhamstandard.co.uk,English,United Kingdom
https://www.wirralglobe.co.uk/news/national/uk-today/25001390.5-practical-items-ideal-garden-set-spring/,,5 practical items ideal for your garden set up this spring,20250315T071500Z,https://www.wirralglobe.co.uk/resources/images/19203185.jpg?type=og-image,wirralglobe.co.uk,English,United Kingdom
https://www.stroudnewsandjournal.co.uk/news/national/uk-today/25001390.5-practical-items-ideal-garden-set-spring/,,5 practical items ideal for your garden set up this spring,20250315T071500Z,https://www.stroudnewsandjournal.co.uk/resources/images/19203185.jpg?type=og-image,stroudnewsandjournal.co.uk,English,United Kingdom
https://www.lancashiretelegraph.co.uk/news/national/uk-today/25001390.5-practical-items-ideal-garden-set-spring/,,5 practical items ideal for your garden set up this spring,20250315T074500Z,https://www.lancashiretelegraph.co.uk/resources/images/19203185.jpg?type=og-image,lancashiretelegraph.co.uk,English,United Kingdom
https://www.chelmsfordweeklynews.co.uk/news/national/uk-today/25001390.5-practical-items-ideal-garden-set-spring/,,5 practical items ideal for your garden set up this spring,20250315T074500Z,https://www.chelmsfordweeklynews.co.uk/resources/images/19203185.jpg?type=og-image,chelmsfordweeklynews.co.uk,English,United Kingdom
https://www.richmondandtwickenhamtimes.co.uk/news/national/uk-today/25001390.5-practical-items-ideal-garden-set-spring/,,5 practical items ideal for your garden set up this spring | Richmond and Twickenham Times,20250315T090000Z,https://www.richmondandtwickenhamtimes.co.uk/resources/images/19203185.jpg?type=og-image,richmondandtwickenhamtimes.co.uk,English,United Kingdom
https://www.harwichandmanningtreestandard.co.uk/news/national/uk-today/25001390.5-practical-items-ideal-garden-set-spring/,,5 practical items ideal for your garden set up this spring | Harwich and Manningtree Standard,20250315T093000Z,https://www.harwichandmanningtreestandard.co.uk/resources/images/19203185.jpg?type=og-image,harwichandmanningtreestandard.co.uk,English,United Kingdom
https://www.hexham-courant.co.uk/news/national/uk-today/25001390.5-practical-items-ideal-garden-set-spring/,,5 practical items ideal for your garden set up this spring,20250315T094500Z,https://www.hexham-courant.co.uk/resources/images/19203185.jpg?type=og-image,hexham-courant.co.uk,English,United Kingdom
https://www.clactonandfrintongazette.co.uk/news/national/uk-today/25001390.5-practical-items-ideal-garden-set-spring/,,5 practical items ideal for your garden set up this spring | Clacton and Frinton Gazette,20250315T100000Z,https://www.clactonandfrintongazette.co.uk/resources/images/19203185.jpg?type=og-image,clactonandfrintongazette.co.uk,English,United Kingdom
https://www.burytimes.co.uk/news/25010676.5-practical-items-ideal-garden-set-spring/,,5 practical items ideal for your garden set up this spring,20250315T100000Z,https://www.burytimes.co.uk/resources/images/19203185.jpg?type=og-image,burytimes.co.uk,English,United Kingdom
https://www.dorsetecho.co.uk/news/25010935.5-practical-items-ideal-garden-set-spring/,,5 practical items ideal for your garden set up this spring,20250315T183000Z,https://www.dorsetecho.co.uk/resources/images/19203185.jpg?type=og-image,dorsetecho.co.uk,English,United Kingdom
https://www.eveshamjournal.co.uk/news/25009347.5-practical-items-ideal-garden-set-spring/,,5 practical items ideal for your garden set up this spring,20250316T074500Z,https://www.eveshamjournal.co.uk/resources/images/19203185.jpg?type=og-image,eveshamjournal.co.uk,English,United Kingdom
https://www.hampshirechronicle.co.uk/news/25011209.5-practical-items-ideal-garden-set-spring/,,5 practical items ideal for your garden set up this spring,20250316T081500Z,https://www.hampshirechronicle.co.uk/resources/images/19203185.jpg?type=og-image,hampshirechronicle.co.uk,English,United Kingdom
https://www.ledburyreporter.co.uk/news/25009347.5-practical-items-ideal-garden-set-spring/,,5 practical items ideal for your garden set up this spring,20250316T081500Z,https://www.ledburyreporter.co.uk/resources/images/19203185.jpg?type=og-image,ledburyreporter.co.uk,English,United Kingdom
https://www.basingstokegazette.co.uk/news/25011209.5-practical-items-ideal-garden-set-spring/,,5 practical items ideal for your garden set up this spring,20250316T081500Z,https://www.basingstokegazette.co.uk/resources/images/19203185.jpg?type=og-image,basingstokegazette.co.uk,English,United Kingdom
https://www.somersetcountygazette.co.uk/news/25011579.5-practical-items-ideal-garden-set-spring/,,5 practical items ideal for your garden set up this spring,20250316T110000Z,https://www.somersetcountygazette.co.uk/resources/images/19203185.jpg?type=og-image,somersetcountygazette.co.uk,English,United Kingdom
https://www.salisburyjournal.co.uk/news/25011209.5-practical-items-ideal-garden-set-spring/,,5 practical items ideal for your garden set up this spring,20250316T110000Z,https://www.salisburyjournal.co.uk/resources/images/19203185.jpg?type=og-image,salisburyjournal.co.uk,English,United Kingdom
https://www.burnhamandhighbridgeweeklynews.co.uk/news/25011579.5-practical-items-ideal-garden-set-spring/,,5 practical items ideal for your garden set up this spring | Burnham and Highbridge Weekly News,20250316T131500Z,https://www.burnhamandhighbridgeweeklynews.co.uk/resources/images/19203185.jpg?type=og-image,burnhamandhighbridgeweeklynews.co.uk,English,United Kingdom
https://www.newsday.co.zw/business/article/200039623/new-push-to-grow-zims-renewable-energy-sector,https://www.newsday.co.zw/amp/business/article/200039623/new-push-to-grow-zims-renewable-energy-sector,New push to grow Zim renewable energy sector - Newsday Zimbabwe,20250317T060000Z,https://cdn.thestandard.co.zw/images/newsday/uploads/2025/03/M0lZqttAYCeWXD11oaHz9QM3ljBfsAdePJmYjwzq.jpg,newsday.co.zw,English,Zimbabwe
https://www.ruthfullyyours.com/page/9198/,,RUTHFULLY YOURS,20250317T103000Z,,ruthfullyyours.com,English,United States
https://www.pollutiononline.com/doc/corporate-carbon-group-scales-up-with-ion-s-carbon-zero-leading-australia-s-carbon-market-0001,,"Corporate Carbon Group Scales Up With ION Carbon Zero , Leading Australia Carbon Market",20250317T104500Z,,pollutiononline.com,English,United States
https://www.nature.com/articles/d41586-025-00794-w,,A radical manifesto for truth,20250317T104500Z,https://media.nature.com/lw1200/magazine-assets/d41586-025-00794-w/d41586-025-00794-w_50736092.jpg,nature.com,English,United States
https://en.antaranews.com/news/348777/indonesia-targets-nine-industries-for-carbon-trading-by-2027,,Indonesia targets nine industries for carbon trading by 2027,20250317T120000Z,https://cdn.antaranews.com/cache/1200x800/2025/03/17/WhatsApp-Image-2025-03-17-at-11.49.34-AM.jpeg,en.antaranews.com,English,Indonesia
https://www.penarthtimes.co.uk/news/25010468.5-practical-items-ideal-garden-set-spring/,,5 practical items ideal for your garden set up this spring,20250317T143000Z,https://www.penarthtimes.co.uk/resources/images/19203185.jpg?type=og-image,penarthtimes.co.uk,English,United Kingdom
https://www.dw.com/en/the-peruvian-farmer-taking-on-global-energy-giant/a-71943162,https://amp.dw.com/en/the-peruvian-farmer-taking-on-global-energy-giant/a-71943162,The Peruvian farmer taking on global energy giant – DW – 03 / 17 / 2025,20250317T150000Z,https://static.dw.com/image/71907923_6.jpg,dw.com,English,Germany
https://www.nakedcapitalism.com/2025/03/why-the-eu-is-failing.html,,Why the EU Is Failing | naked capitalism % ,20250317T150000Z,,nakedcapitalism.com,English,United States
https://carbon-pulse.com/378483/,,Euro Markets : Midday Update « Carbon Pulse,20250317T161500Z,,carbon-pulse.com,English,China
https://www.dw.com/en/the-peruvian-farmer-taking-on-a-global-energy-giant/a-71943162,https://amp.dw.com/en/the-peruvian-farmer-taking-on-a-global-energy-giant/a-71943162,The Peruvian farmer taking on a global energy giant – DW – 03 / 17 / 2025,20250317T171500Z,https://static.dw.com/image/71907923_6.jpg,dw.com,English,Germany
https://www.tivysideadvertiser.co.uk/news/25010468.5-practical-items-ideal-garden-set-spring/,,5 practical items ideal for your garden set up this spring,20250317T174500Z,https://www.tivysideadvertiser.co.uk/resources/images/19203185.jpg?type=og-image,tivysideadvertiser.co.uk,English,United Kingdom
https://www.marinelink.com/news/statu-shipping-deploys-orbitmis-523579,,Statu Shipping Deploys Orbitmi Compliance Solutions,20250317T180000Z,,marinelink.com,English,United States
https://www.barryanddistrictnews.co.uk/news/25010468.5-practical-items-ideal-garden-set-spring/,,5 practical items ideal for your garden set up this spring,20250317T180000Z,https://www.barryanddistrictnews.co.uk/resources/images/19203185.jpg?type=og-image,barryanddistrictnews.co.uk,English,United Kingdom
https://www.mckinsey.com/industries/electric-power-and-natural-gas/our-insights/the-iberian-green-industrial-opportunity-sustainable-fuels,,Sustainable fuel : The Iberian green industrial opportunity,20250317T180000Z,https://www.mckinsey.com/~/media/mckinsey/industries/electric%20power%20and%20natural%20gas/our%20insights/the%20iberian%20green%20industrial%20opportunity%20sustainable%20fuels/thumb-ieth_22-1536x1536-v2.jpg,mckinsey.com,English,China
https://maritime-executive.com/article/interview-orca-ai-s-dor-raviv-on-the-present-and-future-of-maritime-ai,,Interview : Orca AI Dor Raviv on AI - Assisted Navigation,20250317T203000Z,https://maritime-executive.com/media/images/article/Photos/Technology/OrcaAI-open-waters-trial-2025.ee5a8d.jpg,maritime-executive.com,English,United States
https://nationalpost.com/opinion/john-ivison-we-might-get-a-carbon-tax-election-after-all,,We might get a carbon tax election after all : Ivison,20250317T230000Z,,nationalpost.com,English,Canada
https://www.elliotlakestandard.ca:443/opinion/john-ivison-we-might-get-a-carbon-tax-election-after-all/wcm/d2384a85-2dc3-49a5-8e7d-529a35d45df0,,John Ivison : We might get a carbon tax election after all,20250317T233000Z,,elliotlakestandard.ca,English,Canada
https://www.northernnews.ca:443/opinion/john-ivison-we-might-get-a-carbon-tax-election-after-all/wcm/d2384a85-2dc3-49a5-8e7d-529a35d45df0,,John Ivison : We might get a carbon tax election after all,20250317T233000Z,,northernnews.ca,English,Canada
https://www.saultstar.com:443/opinion/john-ivison-we-might-get-a-carbon-tax-election-after-all/wcm/d2384a85-2dc3-49a5-8e7d-529a35d45df0,,John Ivison : We might get a carbon tax election after all,20250317T233000Z,,saultstar.com,English,Canada
https://www.timesheraldonline.com/2025/03/17/pacific-gas-and-electric-company-customers-to-get-april-credit/,https://www.timesheraldonline.com/2025/03/17/pacific-gas-and-electric-company-customers-to-get-april-credit/amp/,Pacific Gas and Electric Company customers to get April credit,20250318T001500Z,https://www.timesheraldonline.com/wp-content/uploads/2024/11/vallejo.png,timesheraldonline.com,English,United States
https://www.timminstimes.com:443/opinion/john-ivison-we-might-get-a-carbon-tax-election-after-all/wcm/d2384a85-2dc3-49a5-8e7d-529a35d45df0,,John Ivison : We might get a carbon tax election after all,20250318T003000Z,,timminstimes.com,English,Canada
https://www.thesudburystar.com:443/opinion/john-ivison-we-might-get-a-carbon-tax-election-after-all/wcm/d2384a85-2dc3-49a5-8e7d-529a35d45df0,,John Ivison : We might get a carbon tax election after all,20250318T010000Z,,thesudburystar.com,English,Canada
https://thefifthestate.com.au/columns/spinifex/beyond-carbon-how-biodiversity-credits-could-fund-green-infrastructure/,,Beyond carbon : how biodiversity credits could fund green infrastructure,20250318T013000Z,https://thefifthestate.com.au/wp-content/uploads/2025/03/AdobeStock_1048788849-2132x1200-1.jpeg,thefifthestate.com.au,English,Australia
https://krcrtv.com/news/local/california-climate-credit-to-appear-on-pge-bills-next-month,,California climate credit to appear on PG & E bills next month,20250318T014500Z,https://krcrtv.com/resources/media2/16x9/3000/986/0x157/90/c6cf5139-48a8-4fba-ba10-679c0e68039f-GettyImages978122076.jpg,krcrtv.com,English,United States
https://www.globenewswire.com/news-release/2025/03/18/3044169/0/en/ACT-Group-Hires-Former-South-Pole-CEO-John-Davis-as-Managing-Director-for-the-Asia-Pacific-Region.html,,ACT Group Hires Former South Pole CEO John Davis as,20250318T014500Z,https://ml-eu.globenewswire.com/Resource/Download/45e0a7c7-e044-404d-9c34-e2f9fdd9c83c,globenewswire.com,English,United States
https://www.cochranetimespost.ca:443/opinion/john-ivison-we-might-get-a-carbon-tax-election-after-all/wcm/d2384a85-2dc3-49a5-8e7d-529a35d45df0,,John Ivison : We might get a carbon tax election after all,20250318T020000Z,,cochranetimespost.ca,English,Canada
https://www.finanznachrichten.de/nachrichten-2025-03/64848803-act-commodities-group-act-group-hires-former-south-pole-ceo-john-davis-as-managing-director-for-the-asia-pacific-region-399.htm,,ACT Commodities Group : ACT Group Hires Former South Pole CEO John Davis as Managing Director for the Asia - Pacific Region,20250318T023000Z,https://ml-eu.globenewswire.com/media/N2NmNjI4ZGQtNTU0MC00ZjU4LWE0MTctNTc3MzlmZjc5Zjg4LTEyNzE2MjgtMjAyNS0wMy0xOC1lbg==/tiny/ACT-Commodities-Group.png,finanznachrichten.de,English,Germany
https://www.breitbart.com/politics/2025/03/17/michael-savage-challenges-gavin-newsom-on-special-master-for-california-fire-aid/,https://www.breitbart.com/politics/2025/03/17/michael-savage-challenges-gavin-newsom-on-special-master-for-california-fire-aid/amp/,Michael Savage Challenges Gavin Newsom on Special Master for California Fire Aid,20250318T024500Z,https://media.breitbart.com/media/2020/10/Michael-Savage-640x335.jpg,breitbart.com,English,United States
https://www.wknofm.org/politics-npr-news/2025-03-17/california-democrats-seek-to-balance-climate-with-cost-of-living,https://www.wknofm.org/politics-npr-news/2025-03-17/california-democrats-seek-to-balance-climate-with-cost-of-living?_amp=true,California Democrats seek to balance climate with cost of living,20250318T030000Z,,wknofm.org,English,United States
https://www.npr.org/2025/03/17/nx-s1-5302675/california-democrats-seek-to-balance-climate-with-cost-of-living,,California Democrats seek to balance climate with cost of living,20250318T031500Z,https://media.npr.org/include/images/facebook-default-wide-s1400-c100.jpg,npr.org,English,United States
https://www.eco-business.com/news/indonesian-court-halts-palm-oil-expansion-but-fails-to-uphold-indigenous-land-rights/,,Indonesian court halts palm oil expansion but fails to uphold Indigenous land rights,20250318T034500Z,https://eco-business.imgix.net/ebmedia/fileuploads/52654454930_27921a16b0_5k.jpg?fit=crop&ixlib=django-1.2.0&q=85,eco-business.com,English,China
https://cleantechnica.com/2025/03/17/california-has-a-plan-to-install-6-million-heat-pumps-by-2030/,https://cleantechnica.com/2025/03/17/california-has-a-plan-to-install-6-million-heat-pumps-by-2030/?amp=1,California Has A Plan To Install 6 Million Heat Pumps By 2030,20250318T051500Z,https://cleantechnica.com/wp-content/uploads/2023/08/Mitsubishi-Electric-Heat-Pump-AC.jpeg,cleantechnica.com,English,United States
https://www.utne.com/environment/solar-storage-affordable-housing-zb0z1608zsau/,,How to Get Solar Panels Onto More Affordable Apartment Buildings – Utne,20250318T061500Z,http://ogden_images.s3.amazonaws.com/www.utne.com/images/2016/08/26135608/92AB9BE5C5B94890824118C8001BB98D.jpg,utne.com,English,United States
https://carbon-pulse.com/378370/,,"CP Daily : Monday March 17 , 2025 « Carbon Pulse",20250318T063000Z,,carbon-pulse.com,English,China
https://www.ksby.com/homepage-showcase/morning-minute-energy-bill-relief-underage-drinking-crackdown-new-housing-in-nipomo,,"Morning Minute : Energy bill relief , underage drinking crackdown & new housing",20250318T150000Z,http://ewscripps-brightspot.s3.amazonaws.com/f5/20/1f1ee7d8466db8bfa7d9c64b62cc/10-14-2021-gina-friedmann-armonstrong-nipomo.jpg,ksby.com,English,United States
https://phys.org/news/2025-03-companies-high-greenhouse-gas-emissions.html,https://phys.org/news/2025-03-companies-high-greenhouse-gas-emissions.amp,Companies with high greenhouse gas emissions more likely to manipulate finances,20250318T170000Z,https://scx2.b-cdn.net/gfx/news/hires/2018/1-emissions.jpg,phys.org,English,United States
https://www.ship-technology.com/news/statu-shipping-orbitmi-real-time-solutions/,,Statu Shipping enhances fleet compliance with OrbitMI solutions,20250318T184500Z,https://www.ship-technology.com/wp-content/uploads/sites/8/2025/03/OrbitMI-shutterstock_2416646189.jpg,ship-technology.com,English,United States
https://www.westcentralsbest.com/todays_country_1057/news/hundreds-attend-carbon-capture-meeting-as-community-fears-negative-environmental-impact/article_b7733766-0400-11f0-9bee-4bba18614f5e.html,,Hundreds Attend Carbon Capture Meeting as Community Fears Negative Environmental Impact,20250318T204500Z,https://bloximages.newyork1.vip.townnews.com/westcentralsbest.com/content/tncms/assets/v3/editorial/7/5a/75a1e804-0429-11f0-9eec-e35f5937f052/67d9bfc836184.image.jpg?crop=1662%2C873%2C0%2C187,westcentralsbest.com,English,United States
https://www.nbcbayarea.com/news/local/pge-residential-customers-credit/3822134/,https://www.nbcbayarea.com/news/local/pge-residential-customers-credit/3822134/?amp=1,PG & E residential customers to receive credit on April bills – NBC Bay Area,20250318T230000Z,https://media.nbcbayarea.com/2019/09/GettyImages-4529381641.jpg?quality=85&strip=all,nbcbayarea.com,English,United States
https://www.hellenicshippingnews.com/zestas-brings-worlds-largest-hydrogen-shipping-event-to-aberdeen-for-the-first-time/,,ZESTAs Brings World Largest Hydrogen Shipping Event to Aberdeen For The First Time,20250318T230000Z,,hellenicshippingnews.com,English,China
https://www.ksbw.com/article/california-utility-bills-credit/64224160,,Californians to get credits on their utility bills this April,20250318T233000Z,"https://kubrick.htvapps.com/htv-prod/ibmig/cms/image/kcra/30145556-pg-e-blurb-jpg.jpg?crop=1.00xw:0.753xh;0,0",ksbw.com,English,United States
https://carbon-pulse.com/379217/,,California legislators amend cap - and - trade extension bill to instead revise price ceiling « Carbon Pulse,20250319T010000Z,,carbon-pulse.com,English,China
https://www.scoop.co.nz/stories/PA2503/S00155/another-failed-ets-auction-another-indictment-on-the-govts-climate-credibility.htm,https://m.scoop.co.nz/stories/PA2503/S00155/another-failed-ets-auction-another-indictment-on-the-govts-climate-credibility.htm,"Another Failed ETS Auction , Another Indictment On The Govt Climate Credibility",20250319T010000Z,http://img.scoop.co.nz/stories/images/1908/scoop_image.jpg,scoop.co.nz,English,New Zealand
https://www.smdailyjournal.com/news/local/pg-e-residential-customers-to-receive-up-to-125-credit-on-april-bills/article_32e34cea-045d-11f0-98a2-276773c6e0fe.html,,PG & E residential customers to receive up to $125 credit on April bills,20250319T024500Z,https://bloximages.newyork1.vip.townnews.com/smdailyjournal.com/content/tncms/assets/v3/editorial/d/7e/d7e89f7a-6d2c-11ee-9e4a-235ec283b2ab/652ef0b95f42d.image.jpg?crop=1400%2C735%2C0%2C98,smdailyjournal.com,English,United States
https://carbon-pulse.com/378862/,,"CP Daily : Tuesday March 18 , 2025 « Carbon Pulse",20250319T060000Z,,carbon-pulse.com,English,China
https://www.euractiv.com/section/politics/news/bulgaria-risks-losing-e2-5-billion-from-eu-social-climate-fund/,,Bulgaria risks losing €2 . 5 billion from EU Social Climate Fund,20250319T073000Z,https://www.euractiv.com/wp-content/uploads/sites/2/2025/03/GettyImages-844063130-800x450.jpg,euractiv.com,English,United Kingdom
https://www.scoop.co.nz/stories/AK2503/S00659/carbon-credit-deal-to-provide-windfall-for-maori-landowners.htm,https://m.scoop.co.nz/stories/AK2503/S00659/carbon-credit-deal-to-provide-windfall-for-maori-landowners.htm,Carbon Credit Deal To Provide Windfall For Māori Landowners,20250319T083000Z,http://img.scoop.co.nz/stories/images/1908/scoop_image.jpg,scoop.co.nz,English,New Zealand
https://community.scoop.co.nz/2025/03/carbon-credit-deal-to-provide-windfall-for-maori-landowners/,,Community Scoop » Carbon Credit Deal To Provide Windfall For Māori Landowners,20250319T100000Z,,community.scoop.co.nz,English,New Zealand
https://www.marinelink.com/news/danelec-launches-emissions-compliance-523680,,Danelec Launches Emissions Compliance Module,20250319T163000Z,https://images.marinelink.com/images/maritime/w800/danelec-launched-158347.jpg,marinelink.com,English,United States
https://thedailyblog.co.nz/2025/03/20/another-failed-ets-auction-another-indictment-on-the-govts-climate-credibility-greens/,,"Another failed ETS auction , another indictment on the Govt climate credibility – Greens",20250319T191500Z,,thedailyblog.co.nz,English,New Zealand
https://mondovisione.com/media-and-resources/news/isda-athens-derivatives-forum-march-19-2025-opening-remarks-scott-omalia-i-2025319/,,"ISDA Athens Derivatives Forum , March 19 , 2025 , Opening Remarks , Scott OMalia , ISDA Chief Executive Officer",20250319T194500Z,,mondovisione.com,English,United States
https://chimpreports.com/we-need-bolder-climate-action-minister-anywar-says/,,"We Need Bolder Climate Action , Minister Anywar Says",20250319T200000Z,https://cdn-network.chimpreports.com/wp-content/uploads/2025/03/IMG-20250318-WA0106-1204x903.jpg,chimpreports.com,English,Uganda
https://carbon-pulse.com/379583/,,Key EU lawmaker pushes back on ETS2 postponement « Carbon Pulse,20250319T200000Z,,carbon-pulse.com,English,China
http://www.maritimeprofessional.com/news/oceanscore-outlines-strategies-navigate-fueleu-403632,,OceanScore Outlines Strategies To Navigate FuelEU Compliance,20250319T223000Z,https://images.maritimeprofessional.com/images/maritime/w800/maritime-technology-oceanscore-outlined-three-158350.jpg,maritimeprofessional.com,English,United States
https://gcaptain.com/european-shipping-commands-35-of-global-fleet-critical-for-eu-security-and-trade/,,"European Shipping Commands 35 % of Global Fleet , Critical for EU Security and Trade",20250319T234500Z,https://gcaptain.com/wp-content/uploads/2023/03/shutterstock_1077070886-800x534.jpg,gcaptain.com,English,United States
https://www.kalw.org/bay-area-news/2025-03-19/pg-e-issuing-credit-to-customers-on-next-months-energy-charges,,PG & E issuing credit to customers on next month energy charges,20250320T000000Z,http://npr-brightspot.s3.amazonaws.com/df/5e/fd306b9c40dca9d0756bb4b46cc0/pg-e-truck-richard-masoner-cyclelicious.jpg,kalw.org,English,United States
https://hotair.com/tree-hugging-sister/2025/03/19/the-intersection-of-two-ca-climate-highs-gas-prices-and-a-mountain-rescue-n3800945,https://hotair.com/tree-hugging-sister/2025/03/19/the-intersection-of-two-ca-climate-highs-gas-prices-and-a-mountain-rescue-n3800945/amp,The Intersection of Two CA Climate Highs - Gas Prices and a Mountain Rescue,20250320T003000Z,https://media.townhall.com/cdn/hodl/2023/59/6a6fc04e-928f-4de4-a973-10d4d5420722.png,hotair.com,English,United States
https://ww2.arb.ca.gov/news/millions-californians-get-average-137-credits-their-april-utility-bills-thanks-states-climate,,Millions of Californians to get average of $137 in credits on their April utility bills thanks to state climate program,20250320T021500Z,,ww2.arb.ca.gov,English,United States
https://www.marinelink.com/news/eu-shipowners-maritime-included-523704,,EU Shipowners Want Maritime Included In Sustainable,20250320T050000Z,https://images.marinelink.com/images/maritime/w800/source-european-158373.png,marinelink.com,English,United States
https://www.marinelink.com/news/report-eu-ets-not-circumvented-523706,,Report : EU ETS Not Being Circumvented,20250320T050000Z,https://images.marinelink.com/images/maritime/w800/source-european-158375.jpg,marinelink.com,English,United States
https://carbon-pulse.com/379382/,,"CP Daily : Wednesday March 19 , 2025 « Carbon Pulse",20250320T051500Z,,carbon-pulse.com,English,China
https://skepticalscience.com/new_research_2025_12.html,,Skeptical Science New Research for Week # 12 2025,20250320T073000Z,https://skepticalscience.com/public/assets/images/og/button_sks2_200.jpg,skepticalscience.com,English,United States
https://shipandbunker.com/news/emea/839449-ports-need-green-fuel-infrastructure-overhaul-danish-shipping,,Ports Need Green Fuel Infrastructure Overhaul : Danish Shipping,20250320T104500Z,https://shipandbunker.cdn.speedyrails.net/a/img/_mt_c4014b4dcc26fab142713002372b7e4c.jpg,shipandbunker.com,English,Singapore
https://www.hellenicshippingnews.com/danelec-launches-cost-effective-emissions-reporting-to-simplify-regulatory-compliance/,,Danelec Launches Cost - Effective Emissions Reporting to Simplify Regulatory Compliance,20250320T133000Z,,hellenicshippingnews.com,English,China
https://www.app.com.pk/national/denmark-backs-pakistans-green-transition-calls-sustainability-a-business-opportunity/,,"Denmark backs Pakistan green transition , calls sustainability  a Business Opportunity  ",20250320T164500Z,https://www.app.com.pk/wp-content/uploads/2025/03/denmark-sdpi.jpeg,app.com.pk,English,Pakistan
https://lethbridgeherald.com/news/national-news/2025/03/20/mark-carney-will-maintain-oil-and-gas-production-cap-environment-minister-says/,,"Mark Carney will maintain oil and gas production cap , environment minister says",20250320T171500Z,,lethbridgeherald.com,English,United States
https://www.theepochtimes.com/world/energy-ceos-ask-party-leaders-to-declare-energy-crisis-reduce-oil-and-gas-regulations-5828651,,"Energy CEOs Ask Party Leaders to Declare  Energy Crisi , Reduce Oil and Gas Regulations",20250320T180000Z,https://img.theepochtimes.com/assets/uploads/2025/02/10/id5807366-CP170318619-1080x720.jpg,theepochtimes.com,English,United States
https://www.pentictonherald.ca/news/national_news/article_ba05e6b3-ad19-57d8-85ee-5dd525e5f007.html,,"Mark Carney will maintain oil and gas production cap , environment minister says",20250320T180000Z,https://bloximages.newyork1.vip.townnews.com/pentictonherald.ca/content/tncms/assets/v3/editorial/a/f2/af2937ec-442a-55f1-bdc5-bd06f364c244/67dc49f728ec8.image.jpg?crop=640%2C336%2C0%2C45,pentictonherald.ca,English,Canada
https://www.tricitynews.com/national-news/mark-carney-will-maintain-oil-and-gas-emissions-cap-environment-minister-says-10403330,,"Mark Carney will maintain oil and gas emissions cap , environment minister says",20250320T183000Z,,tricitynews.com,English,Canada
https://www.castanetkamloops.net/news/Canada/539659/Mark-Carney-will-maintain-oil-and-gas-production-cap-environment-minister-says,,"Mark Carney will maintain oil and gas production cap , environment minister says - Canada News",20250320T194500Z,https://www.castanet.net/content/2025/3/07b9d41e2fcac3dee359ff74204a1d19a02a7e99cda6602db6acaa3cd075a7ce_p4165465.jpg,castanetkamloops.net,English,
https://www.cp24.com/news/canada/2025/03/20/mark-carney-will-maintain-oil-and-gas-production-cap-environment-minister-says/,,Mark Carney will maintain oil and gas production cap : environment minister,20250320T194500Z,https://www.cp24.com/resizer/v2/IRU23ZR6Y53TEKRULAW6HQHUZA.jpg?smart=true&auth=ca908b531987e6ebc31a7c2574ca9448c514ec90b6ad944dca93f6c2140ae3e1,cp24.com,English,Canada
https://dailytimes.com.pk/1277955/denmark-backs-pakistans-green-transition-calls-sustainability-a-business-opportunity/,https://dailytimes.com.pk/1277955/denmark-backs-pakistans-green-transition-calls-sustainability-a-business-opportunity/amp/,"Denmark backs Pakistan green transition , calls sustainability  a business opportunity  ",20250320T231500Z,,dailytimes.com.pk,English,Pakistan
https://www.dailypolitical.com/2025/03/20/sgl-carbon-otcmktssglff-stock-price-down-1-1-time-to-sell.html,,SGL Carbon ( OTCMKTS : SGLFF ) Stock Price Down 1 . 1 % – Time to Sell ? ,20250321T044500Z,,dailypolitical.com,English,United States
https://carbon-pulse.com/379850/,,"CP Daily : Thursday March 20 , 2025 « Carbon Pulse",20250321T051500Z,,carbon-pulse.com,English,China
https://www.theindependent.co.zw/business-digest/article/200039802/zimrec-seeks-to-transform-energy-sector,https://www.newsday.co.zw/theindependent/amp/business-digest/article/200039802/zimrec-seeks-to-transform-energy-sector,ZimRec seeks to transform energy sector - The Zimbabwe Independent,20250321T090000Z,https://cdn.thestandard.co.zw/images/theindependent/uploads/2025/03/9uHbGtt6E4dVcUUqMocJQ5E8AUEfwcSQtnhRiGv9.jpg,theindependent.co.zw,English,Zimbabwe
https://www.marketscreener.com/quote/index/S-P-GSCI-NATURAL-GAS-INDE-46869167/news/EUROPE-GAS-Prices-rise-after-reports-of-strike-on-Sudzha-gas-metering-station-49397553/,,EUROPE GAS - Prices rise after reports of strike on Sudzha gas metering station,20250321T091500Z,https://www.marketscreener.com/images/twitter_MS_fdnoir.png,marketscreener.com,English,
https://www.euractiv.com/section/eet/news/agroforestry-needs-fairer-clearer-policies-and-more-funding-warn-farmers/,,"Agroforestry needs fairer , clearer policies , and more funding , warn farmers",20250321T140000Z,https://www.euractiv.com/wp-content/uploads/sites/2/2025/03/GettyImages-1077163546-800x450.jpg,euractiv.com,English,United Kingdom
https://carbon-pulse.com/380424/,,Euro Markets : Midday Update « Carbon Pulse,20250321T150000Z,,carbon-pulse.com,English,China
https://www.businessgreen.com/news/4411196/reports-uk-government-actively-considering-fresh-links-eu-emissions-trading,,Reports : united kingdom government  actively considering  fresh links with EU emissions trading system,20250321T151500Z,,businessgreen.com,English,United Kingdom
https://www.constructiondive.com/news/us-dot-investigate-california-high-speed-rail-authority/743166/,,Can USDOT kill California high - speed rail ? ,20250321T153000Z,https://imgproxy.divecdn.com/xAJr8052mUcfk3ts6OY6MkcNQAJqDNpbjCaAYrZWghM/g:ce/rs:fit:770:435/Z3M6Ly9kaXZlc2l0ZS1zdG9yYWdlL2RpdmVpbWFnZS8yMDI0LTAxLTMwLUhhbmZvcmRfVmlhZHVjdF9jb3B5LmpwZw==.webp,constructiondive.com,English,United States
http://www.sfchronicle.com/climate/article/climate-change-fight-satellites-help-calif-20233076.php,,Climate change fight : Satellites will help Calif . detect methane gases,20250321T161500Z,https://s.hdnux.com/photos/01/47/61/04/27201820/3/rawImage.jpg,sfchronicle.com,English,United States
http://www.dailypioneer.com/2025/columnists/himachal-factors-in-growth-aspirations-amid-fiscal-challenges.html,,Himachal factors in growth aspirations amid fiscal challenges,20250321T231500Z,,dailypioneer.com,English,India
https://www.yahoo.com/news/california-households-137-utility-bill-224622191.html,,California households to get $137 utility bill credits for climate relief measures,20250322T011500Z,https://media.zenfs.com/en/ktxl_articles_604/86b0325864fe414715dfbe026c5ce894,yahoo.com,English,United States
https://www.freepressseries.co.uk/news/25026908.energy-scheme-helps-2000-people-uk-expands-wales/,,Energy scheme helps over 2000 people in united kingdom and expands to Wales,20250322T013000Z,https://www.freepressseries.co.uk/resources/images/19234142.jpg?type=og-image,freepressseries.co.uk,English,United Kingdom
https://www.barryanddistrictnews.co.uk/news/25026908.energy-scheme-helps-2000-people-uk-expands-wales/,,Energy scheme helps over 2000 people in united kingdom and expands to Wales,20250322T021500Z,https://www.barryanddistrictnews.co.uk/resources/images/19234142.jpg?type=og-image,barryanddistrictnews.co.uk,English,United Kingdom
https://www.cbc.ca/news/canada/calgary/industry-tone-shift-industrial-carbon-pricing-alberta-canada-1.7489182,https://www.cbc.ca/amp/1.7489182,From  absolutely critical  to  should be repealed : Has industry turned on industrial carbon pricing ? ,20250322T093000Z,https://i.cbc.ca/1.7489850.1742572835!/fileImage/httpImage/image.jpg_gen/derivatives/16x9_1180/ceo-collage.jpg?im=Resize%3D620,cbc.ca,English,Canada
https://www.whittierdailynews.com/2025/03/22/susan-shelley-the-folly-of-state-energy-policy/,https://www.whittierdailynews.com/2025/03/22/susan-shelley-the-folly-of-state-energy-policy/amp/,Susan Shelley : The folly of state energy policy,20250322T170000Z,https://www.whittierdailynews.com/wp-content/uploads/2024/06/LWG-L-TEAPARTY-1019-01.jpg,whittierdailynews.com,English,United States
https://www.sgvtribune.com/2025/03/22/susan-shelley-the-folly-of-state-energy-policy/,https://www.sgvtribune.com/2025/03/22/susan-shelley-the-folly-of-state-energy-policy/amp/,Susan Shelley : The folly of state energy policy,20250322T184500Z,https://www.sgvtribune.com/wp-content/uploads/2024/06/LWG-L-TEAPARTY-1019-01.jpg,sgvtribune.com,English,United States
https://www.maltatoday.com.mt/news/national/134187/airfares_to_malta_set_to_rise_by_10_as_airlines_face_higher_eu_emissions_costs,,Airfares to Malta set to rise by €10 as airlines face higher EU emissions costs,20250323T070000Z,https://content.maltatoday.com.mt/ui_frontend/thumbnail/684/400/1.1_airport_passenger_pic.png,maltatoday.com.mt,English,Malta
https://www.theborneopost.com/2025/03/23/challenges-ahead-for-the-ccus-pathway/,,Challenges ahead for the CCUS pathway | Borneo Post Online,20250323T081500Z,https://www.theborneopost.com/newsimages/2025/03/COVER-p1.jpg,theborneopost.com,English,Malaysia
https://www.bignewsnetwork.com/news/278123836/across-china-boao-forum-venue-island-a-pioneer-in-low-carbon-development,,Across China : Boao forum venue island a pioneer in low - carbon development,20250323T083000Z,,bignewsnetwork.com,English,United States
https://www.oakdaleleader.com/news/climate-credit-due-on-april-utility-bill/,,Climate Credit due on April utility bill - Oakdale Leader,20250323T104500Z,https://centralca.cdn-anvilcms.net/media/images/2024/09/27/images/power-lines_LT.max-640x480.max-640x480.max-640x480.jpg,oakdaleleader.com,English,United States
https://www.heritage.org/environment/report/the-economic-costs-the-lieberman-warner-climate-change-legislation,,The Economic Costs of the Lieberman - Warner Climate Change Legislation,20250323T111500Z,https://www.heritage.org/themes/heritage/src/images/bell.png,heritage.org,English,United States
https://jg-tc.com/news/state-and-regional/article_227bc650-868d-5da3-a4d4-918ba4dc6141.html,,"In 2021 , Illinois created the Mahomet Aquifer Council . It has never met . ",20250323T123000Z,https://bloximages.chicago2.vip.townnews.com/jg-tc.com/content/tncms/assets/v3/editorial/2/27/227bc650-868d-5da3-a4d4-918ba4dc6141/67df288768c14.preview.jpg?crop=1456%2C764%2C0%2C188,jg-tc.com,English,United States
https://www.thenews.com.pk/print/1294617-our-carbon-bill-is-coming-due,https://www.thenews.com.pk/amp/1294617-our-carbon-bill-is-coming-due,Our carbon bill is coming due,20250324T030000Z,https://www.thenews.com.pk/assets/uploads/akhbar/2025-03-24/1294617_124642_updates.jpg,thenews.com.pk,English,Pakistan
http://en.ce.cn/main/latest/202503/24/t20250324_39328757.shtml,,Boao forum venue island a pioneer in low - carbon development -- China Economic Net,20250324T033000Z,,en.ce.cn,English,China
https://www.ship-technology.com/features/how-new-fuel-bunkering-will-impact-route-planning/,,How new fuel bunkering will impact route planning,20250324T060000Z,https://www.ship-technology.com/wp-content/uploads/sites/8/2025/03/fuel-bunkering-route-planning.jpg,ship-technology.com,English,United States
http://www.bjreview.com.cn/China/202503/t20250324_800396215.html,,Boao forum venue island a pioneer in low - carbon development -- Beijing Review,20250324T060000Z,https://www.bjreview.com/China/202503/W020250324334991188968.jpg,bjreview.com.cn,English,China
https://en.gmw.cn/2025-03/24/content_37922777.htm,,Boao forum venue island a pioneer in low - carbon development _ Guangming Online,20250324T060000Z,,en.gmw.cn,English,
https://www.scoop.co.nz/stories/AK2503/S00829/floodplain-grazing-phase-out-on-cards.htm,https://m.scoop.co.nz/stories/AK2503/S00829/floodplain-grazing-phase-out-on-cards.htm,Floodplain Grazing Phase - out On Cards,20250324T081500Z,http://img.scoop.co.nz/stories/images/1908/scoop_image.jpg,scoop.co.nz,English,New Zealand
https://www.geo.tv/latest/596855-our-carbon-bill-is-coming-due,,Our carbon bill is coming due,20250324T093000Z,https://www.geo.tv/assets/uploads/updates/2025-03-24/l_596855_103927_updates.jpg,geo.tv,English,Pakistan
https://www.theepochtimes.com/us/in-this-bellwether-county-pennsylvania-is-up-for-grabs-once-again-5829972,,"In This Bellwether County , Pennsylvania Is Up for Grabs , Once Again",20250324T101500Z,https://img.theepochtimes.com/assets/uploads/2025/03/23/id5830036-Cover-Photo-e1742783553396-1080x720.jpg,theepochtimes.com,English,United States
https://www.thestandard.com.hk/breaking-news/section/3/230632/Boao-forum,,Boao forum venue island a pioneer in low - carbon development,20250324T121500Z,https://www.thestandard.com.hk/images/instant_news/20250324/20250324135949230632contentPhoto1.jpeg,thestandard.com.hk,English,Hong Kong
https://www.downtoearth.org.in/energy/success-of-national-green-hydrogen-mission-relies-on-a-blend-of-innovation-investment-and-policy-reforms,https://www.downtoearth.org.in/amp/story/energy/success-of-national-green-hydrogen-mission-relies-on-a-blend-of-innovation-investment-and-policy-reforms,"National Green Hydrogen Mission : Innovation , Investment , and Policy Reforms Key to Success",20250324T130000Z,https://gumlet.assettype.com/downtoearth%2F2025-03-24%2Febjghp6r%2FHydrogen.jpg?&ar=40%3A21&auto=format%2Ccompress&ogImage=true&mode=crop&enlarge=true&overlay=false&overlay_position=bottom&overlay_width=100,downtoearth.org.in,English,India
https://www.foxla.com/news/california-climate-credit-gas-electric-utility-bill,https://www.foxla.com/news/california-climate-credit-gas-electric-utility-bill.amp,California climate credit : Millions to get average of $137 in credits on April utility bills,20250324T153000Z,https://images.foxtv.com/static.foxla.com/www.foxla.com/content/uploads/2022/09/1280/720/MONEY_1568742391554_7662205_ver1.0_1280_720.jpg?ve=1&tl=1,foxla.com,English,United States
https://climatechangedispatch.com/newsom-blows-100m-on-methane-satellites-while-begging-trump-for-40b-in-aid/,,Newsom Blows $100M On Methane Satellites While Begging Trump For $40B In Aid,20250324T180000Z,https://climatechangedispatch.com/wp-content/uploads/2025/03/gavin-newsom-podcast-fb.jpeg,climatechangedispatch.com,English,United States
https://calgary.citynews.ca/2025/03/20/mark-carney-will-maintain-oil-and-gas-production-cap-environment-minister-says/,https://calgary.citynews.ca/2025/03/20/mark-carney-will-maintain-oil-and-gas-production-cap-environment-minister-says/amp/,"Mark Carney will maintain oil and gas emissions cap , environment minister says",20250324T204500Z,https://calgary.citynews.ca/wp-content/blogs.dir/sites/8/2025/03/07b9d41e2fcac3dee359ff74204a1d19a02a7e99cda6602db6acaa3cd075a7ce.jpg,calgary.citynews.ca,English,
https://phys.org/news/2025-03-family-businesses-sustainable.html,https://phys.org/news/2025-03-family-businesses-sustainable.amp,"Family businesses are more sustainable , study finds",20250324T211500Z,https://scx2.b-cdn.net/gfx/news/hires/2025/family-business.jpg,phys.org,English,United States
https://www.marinij.com/2025/03/24/marin-ij-readers-forum-for-march-25-2025/,https://www.marinij.com/2025/03/24/marin-ij-readers-forum-for-march-25-2025/amp/,"Marin IJ Reader Forum for March 25 , 2025 – Marin Independent Journal",20250324T230000Z,,marinij.com,English,United States
https://www.eurasiareview.com/25032025-brussels-holdem-european-cards-against-trumpian-coercion-analysis/,,Brussels Holdem : European Cards Against Trumpian Coercion – Analysis – Eurasia Review,20250325T021500Z,http://img.youtube.com/vi/OMpL4Hze__4/maxresdefault.jpg,eurasiareview.com,English,United States
http://europe.chinadaily.com.cn/a/202503/25/WS67e20061a3101d4e4dc2a9c1.html,,Consistent monitoring helps improve soil erosion condition,20250325T030000Z,http://img2.chinadaily.com.cn/images/202503/25/67e20061a3101d4e452e3c67.jpeg,europe.chinadaily.com.cn,English,China
https://www.kentonline.co.uk/news/national/shipping-emissions-to-be-cut-by-30-by-2030-government-pledges-142575/,https://www.kentonline.co.uk/news/national/amp/shipping-emissions-to-be-cut-by-30-by-2030-government-pledges-142575/,"Shipping emissions to be cut by 30 % by 2030 , Government pledges",20250325T033000Z,https://www.kentonline.co.uk/_media/img/DDCCQACYR7FUI8MNLLNH.jpg,kentonline.co.uk,English,United Kingdom
https://www.dorsetecho.co.uk/news/25031302.new-initiative-support-vulnerable-people-dorset/,,New initiative to support vulnerable people in Dorset,20250325T044500Z,https://www.dorsetecho.co.uk/resources/images/19241021.jpg?type=og-image,dorsetecho.co.uk,English,United Kingdom
https://carbon-pulse.com/380862/,,"CP Daily : Monday March 24 , 2025 « Carbon Pulse",20250325T044500Z,,carbon-pulse.com,English,China
http://africa.chinadaily.com.cn/a/202503/25/WS67e20061a3101d4e4dc2a9c1.html,,Consistent monitoring helps improve soil erosion condition,20250325T050000Z,http://img2.chinadaily.com.cn/images/202503/25/67e20061a3101d4e452e3c67.jpeg,africa.chinadaily.com.cn,English,China
https://en.antaranews.com/news/349697/indonesia-using-siinas-to-check-industrial-greenhouse-gas-emissions,,Indonesia using SIINas to check industrial greenhouse gas emissions,20250325T071500Z,https://cdn.antaranews.com/cache/1200x800/2025/03/25/1000138311.jpg,en.antaranews.com,English,Indonesia
https://www.pv-magazine.com/2025/03/25/the-hydrogen-stream-chile-selects-electrolyzer-companies-for-local-assembly/,,The Hydrogen Stream : Chile selects electrolyzer companies for local assembly,20250325T103000Z,https://www.pv-magazine.com/wp-content/uploads/2024/12/Hydrogen_13-1200x899.jpg,pv-magazine.com,English,United States
https://www.publicnewsservice.org/2025-03-25/air-pollution/new-camera-reveals-documents-toxic-oil-and-gas-emissions/a95973-1,,New camera reveals documents toxic oil and gas emissions / Public News Service,20250325T121500Z,https://www.newsservice.org/getimage.php?p=c2dpZD05NTk3MyZzaWQ9MQ==,publicnewsservice.org,English,United States
https://www.rttnews.com/3524101/uk-sets-new-goals-to-make-shipping-fleet-net-zero-by-2050.aspx,https://www.rttnews.com/amp/3524101/uk-sets-new-goals-to-make-shipping-fleet-net-zero-by-2050.aspx,UK Sets New Goals To Make Shipping Fleet Net Zero By 2050,20250325T134500Z,https://cdn.rttnews.com/articleimages/ustopstories/2025/march/ukshippingfleet-25032025-lt.jpg,rttnews.com,English,United States
https://www.porttechnology.org/news/hmm-receives-its-first-methanol-powered-containership/,,HMM receives its first methanol - powered containership,20250325T143000Z,https://www.porttechnology.org/wp-content/uploads/2025/03/HMM-Green.jpg,porttechnology.org,English,China
https://eandt.theiet.org/2025/03/25/uk-unveils-plan-decarbonise-shipping-2050-green-technologies-and-clean-fuels,,UK aims for carbon - free shipping by 2050 under new decarbonisation strategy,20250325T151500Z,https://eandt.theiet.org/sites/default/files/styles/uncropped_small/public/2024-03/web_aerial-top-down-view-of-a-large-container-cargo-ship-with-copy-space_Credit_SHansche_iStock-1418267688_1600x900.png?itok=0Uis32w9,eandt.theiet.org,English,United Kingdom
https://www.globaltimes.cn/page/202503/1330860.shtml,,"China oil consumption projected to peak in 2025 , boosting inclusivity in global green , low - carbon transition",20250325T170000Z,https://www.globaltimes.cn/Portals/0/attachment/2025/2025-03-25/74b1cfe6-d8eb-4c87-a610-bfeb5b68c5a5.jpeg,globaltimes.cn,English,China
https://resource.co/article/ad-plants-serious-risk-closing-down-subsidies-phased-out,,AD plants  at serious risk of closing down  as subsidies phased out,20250325T180000Z,https://resource.co/sites/default/files/styles/large/public/article_teaser_image/Anaerobic%20digestion%20plant%20%281%29.jpg?itok=BjFKl86r,resource.co,English,United Kingdom
https://herald-review.com/news/state-regional/article_597c3301-b377-4c53-b0fc-8c5905a71642.html,,"In 2021 , Illinois created the Mahomet Aquifer Council . It has never met . ",20250325T203000Z,https://bloximages.chicago2.vip.townnews.com/herald-review.com/content/tncms/assets/v3/editorial/4/96/496d7a52-27a8-45e2-af6d-6abd6608e663/67e2bfcdaef06.image.jpg?crop=1456%2C764%2C0%2C188,herald-review.com,English,United States
https://www.redlandsdailyfacts.com/2025/03/25/utility-customers-getting-142-in-electric-gas-bill-credits-in-april/,https://www.redlandsdailyfacts.com/2025/03/25/utility-customers-getting-142-in-electric-gas-bill-credits-in-april/amp/,"Utility customers getting $142 in electric , gas bill credits in April",20250325T214500Z,https://www.redlandsdailyfacts.com/wp-content/uploads/2025/03/OCR-L-CANYON-0928-06-PB.jpg,redlandsdailyfacts.com,English,United States
https://www.sandiegouniontribune.com/2025/03/25/sdge-customers-to-get-credits-on-their-utility-bill-next-month-from-state-program/,,Climate credit : SDG & E customers to get up to $135 off next month bill,20250325T214500Z,https://www.sandiegouniontribune.com/wp-content/uploads/2024/10/SUT-L-utility-bills-0627-01.jpg,sandiegouniontribune.com,English,United States
https://hotair.com/tree-hugging-sister/2025/03/25/ca-now-tracking-cow-farts-from-space-n3801143,https://hotair.com/tree-hugging-sister/2025/03/25/ca-now-tracking-cow-farts-from-space-n3801143/amp,CA Now Tracking Cow Farts From Space,20250325T220000Z,https://media.townhall.com/cdn/hodl/2025/57/b33078c7-00fa-4f6b-a9e9-66808ee27fa5.jpg,hotair.com,English,United States
https://www.sgvtribune.com/2025/03/25/utility-customers-getting-142-in-electric-gas-bill-credits-in-april/,https://www.sgvtribune.com/2025/03/25/utility-customers-getting-142-in-electric-gas-bill-credits-in-april/amp/,"Utility customers getting $142 in electric , gas bill credits in April",20250325T221500Z,https://www.sgvtribune.com/wp-content/uploads/2025/03/OCR-L-CANYON-0928-06-PB.jpg,sgvtribune.com,English,United States
https://www.whittierdailynews.com/2025/03/25/utility-customers-getting-142-in-electric-gas-bill-credits-in-april/,https://www.whittierdailynews.com/2025/03/25/utility-customers-getting-142-in-electric-gas-bill-credits-in-april/amp/,"Utility customers getting $142 in electric , gas bill credits in April",20250325T223000Z,https://www.whittierdailynews.com/wp-content/uploads/2025/03/OCR-L-CANYON-0928-06-PB.jpg,whittierdailynews.com,English,United States
https://www.dailybulletin.com/2025/03/25/utility-customers-getting-142-in-electric-gas-bill-credits-in-april/,https://www.dailybulletin.com/2025/03/25/utility-customers-getting-142-in-electric-gas-bill-credits-in-april/amp/,"Utility customers getting $142 in electric , gas bill credits in April",20250325T234500Z,https://www.dailybulletin.com/wp-content/uploads/2025/03/OCR-L-CANYON-0928-06-PB.jpg,dailybulletin.com,English,United States
https://www.ft.lk/opinion/Sri-Lanka-s-next-big-export-opportunity-Financial-benefits-of-safeguarding-environment/14-774765,,Sri Lanka next big export opportunity : Financial benefits of safeguarding environment,20250326T000000Z,,ft.lk,English,Sri Lanka
https://www.scoop.co.nz/stories/PO2503/S00144/national-mps-bill-raises-environmental-and-constitutional-concerns.htm,https://m.scoop.co.nz/stories/PO2503/S00144/national-mps-bill-raises-environmental-and-constitutional-concerns.htm,National MP Bill Raises Environmental And Constitutional Concerns,20250326T000000Z,http://img.scoop.co.nz/stories/images/1908/scoop_image.jpg,scoop.co.nz,English,New Zealand
https://www.dailybreeze.com/2025/03/25/utility-customers-getting-142-in-electric-gas-bill-credits-in-april/,https://www.dailybreeze.com/2025/03/25/utility-customers-getting-142-in-electric-gas-bill-credits-in-april/amp/,"Utility customers getting $142 in electric , gas bill credits in April",20250326T000000Z,https://www.dailybreeze.com/wp-content/uploads/2025/03/OCR-L-CANYON-0928-06-PB.jpg,dailybreeze.com,English,United States
http://en.people.cn/n3/2025/0326/c90000-20294020.html,,"China oil consumption projected to peak in 2025 , boosting inclusivity in global green , low - carbon transition",20250326T013000Z,,en.people.cn,English,China
https://www.ft.lk/columns/Sri-Lanka-s-next-big-export-opportunity-Financial-benefits-of-safeguarding-environment/4-774765,,Sri Lanka next big export opportunity : Financial benefits of safeguarding environment,20250326T020000Z,,ft.lk,English,Sri Lanka
https://bismarcktribune.com/news/state-regional/article_671ca2c5-d191-4daa-bf95-6ab5fe43425e.html,,Summit seeks dismissals in challenges to ND permits,20250326T020000Z,https://bloximages.chicago2.vip.townnews.com/bismarcktribune.com/content/tncms/assets/v3/editorial/6/71/671ca2c5-d191-4daa-bf95-6ab5fe43425e/67e327a7cacbf.preview.png?crop=1006%2C528%2C9%2C0,bismarcktribune.com,English,United States
https://www.bjreview.com/China/202503/t20250324_800396215.html,,Boao forum venue island a pioneer in low - carbon development -- Beijing Review,20250326T024500Z,https://www.bjreview.com/China/202503/W020250324334991188968.jpg,bjreview.com,English,China
https://www.bennettjones.com/Podcasts-Section/Clean-Incentives-Navigating-the-Potential-of-the-Clean-Technology-Manufacturing-Tax-Credit,,Clean Incentives : Navigating the Potential of the Clean Technology Manufacturing Investment Tax Credit,20250326T033000Z,,bennettjones.com,English,Canada
https://www.thisislocallondon.co.uk/news/25032298.sgn-healthy-homes-solutions-offer-support-croydon/,,SGN and Healthy Homes Solutions to offer support in Croydon,20250326T070000Z,https://www.thisislocallondon.co.uk/resources/images/17533800.jpg?type=og-image,thisislocallondon.co.uk,English,United Kingdom
https://www.china-briefing.com/news/eu-cbam-sustainability-reporting-impact-chinese-companies/,,EU Eases CBAM & Sustainability Rules : Impact on Chinese Companies,20250326T094500Z,https://www.china-briefing.com/news/wp-content/uploads/2025/03/EU-Eases-CBAM-Sustainability-Reporting-Rules-ESG-Disclosure-Impact-on-Chinese-Companies.jpg,china-briefing.com,English,China
https://www.politico.eu/sponsored-content/call-for-help-eastern-cement-imports-are-killing-eu-industry/,,Call for help : Eastern cement imports are killing EU industry,20250326T094500Z,"https://www.politico.eu/cdn-cgi/image/width=1200,height=630,fit=crop,quality=80,onerror=redirect/wp-content/uploads/2025/03/24/fot.-Polish-Cement-Association_1-1.jpg",politico.eu,English,United States
https://www.carbonbrief.org/daily-brief/strong-winds-fan-south-korea-wildfires-death-toll-climbs-to-18/,,"Strong winds fan South Korea wildfires , death toll climbs to 18",20250326T141500Z,,carbonbrief.org,English,United Kingdom
https://www.finanznachrichten.de/nachrichten-2025-03/64935301-governance-accountability-institute-taking-local-action-on-the-ides-of-march-200.htm,,Governance & Accountability Institute : Taking Local Action on the Ides of March,20250326T151500Z,https://www.finanznachrichten.de/content/g/fb.png,finanznachrichten.de,English,Germany
https://www.gasworld.com/story/co2-summit-how-rotterdam-is-building-europes-co2-storage-and-infrastructure/2153608.article/,,CO2 Summit : How Rotterdam is building Europe CO2 storage and infrastructure | Carbon Dioxide,20250326T174500Z,"https://www.gasworld.com/cdn-cgi/image/width=1200,height=900,fit=contain,quality=75,metadata=none,format=auto,gravity=auto/https://www.gasworld.com/wp-content/files/2025/03/shutterstock_2537820107-scaled.jpg",gasworld.com,English,United States
https://www.jdsupra.com/legalnews/the-icvcm-and-redd-standards-9666397/,,The ICVCM and REDD+ Standards : Implications for Voluntary Carbon Markets | Jones Day,20250326T181500Z,https://jdsupra-static.s3.amazonaws.com/profile-images/og.15759_5453.jpg,jdsupra.com,English,United States
https://www.euractiv.com/section/eet/news/germany-coalition-negotiation/,,German coalition partners agree on policies toward factory and car emissions,20250326T183000Z,https://www.euractiv.com/wp-content/uploads/sites/2/2025/03/GettyImages-2206833344-800x450.jpg,euractiv.com,English,United Kingdom
https://www.artmonthly.co.uk/magazine/site/issue/april-2025,,Art Monthly : Magazine : Issue : 485 April 2025,20250326T201500Z,,artmonthly.co.uk,English,United Kingdom
https://mwnation.com/experts-discuss-carbon-trading-rules/,,Experts discuss carbon trading rules - Nation Online,20250326T220000Z,https://mwnation.com/wp-content/uploads/2024/10/carbon-credits-1.webp,mwnation.com,English,Malawi
https://www.hellenicshippingnews.com/uk-course-charted-for-carbon-free-shipping-by-2050/,,UK  Course charted for carbon free shipping by 2050 | Hellenic Shipping News Worldwide,20250327T004500Z,,hellenicshippingnews.com,English,China
http://en.people.cn/n3/2025/0327/c90000-20294551.html,,"China expands carbon trading market to steel , cement , aluminum smelting sectors",20250327T013000Z,,en.people.cn,English,China
https://www.bangkokpost.com/business/general/2988412/sec-eager-to-develop-carbon-credit-trade,,Bangkok Post - SEC eager to develop carbon credit trade,20250327T013000Z,https://static.bangkokpost.com/media/content/20250327/c1_2988412_250327053838_700.jpg,bangkokpost.com,English,Thailand
https://freerepublic.com/focus/f-news/4306958/posts,,Watch : Germany demolishes its most advanced coal plant after only 6 years of operation,20250327T021500Z,,freerepublic.com,English,United States
http://www.china.org.cn/china/2025-03/27/content_117788888.htm,,Three additional industries added to carbon trading market - China . org . cn,20250327T051500Z,,china.org.cn,English,China
http://en.people.cn/n3/2025/0327/c90000-20294766.html,,"Climate change , green transition hot topics at BFA - People Daily Online",20250327T051500Z,,en.people.cn,English,China
https://www.argusmedia.com/en/news-and-insights/latest-market-news/2671858-uk-eyes-80pc-maritime-emissions-cuts-by-2040,,UK eyes 80pc maritime emissions cuts by 2040 | Latest Market News,20250327T113000Z,https://www.argusmedia.com/-/media/project/argusmedia/mainsite/images/14-generic-hero-banners/herobanner_1600x530_generic-c.jpg?&iar=0&rev=2cf023b4e0484c1bb091b9f72dbf7771&hash=72DBDFEBEF6EE62E751AB5DD2221C77E,argusmedia.com,English,United States
https://vir.com.vn/looking-to-the-uk-for-clean-air-legislation-fit-for-vietnam-125273.html,,Looking to the united kingdom for clean air legislation fit for Vietnam,20250327T114500Z,https://vir.com.vn/stores/news_dataimages/2025/032025/27/14/looking-to-the-uk-for-clean-air-legislation-fit-for-vietnam-20250327140149.jpg?rt=20250327140152?randTime=1743075180,vir.com.vn,English,Vietnam
https://www.hindustantimes.com/ht-insight/climate-change/carbon-credit-trading-scheme-could-help-india-s-climate-leadership-role-101743075664209.html,https://www.hindustantimes.com/ht-insight/climate-change/carbon-credit-trading-scheme-could-help-india-s-climate-leadership-role-101743075664209-amp.html,Carbon Credit Trading Scheme could help India climate leadership role,20250327T121500Z,https://www.hindustantimes.com/ht-img/img/2025/03/27/1600x900/The-Green-Concept-works-in-applied-ecology--carbon_1725043999263_1743075738562.jpg,hindustantimes.com,English,India
https://www.prnewswire.com/news-releases/gcl-energy-technology-co-develops-chinas-first-technical-standard-for-on-chain-real-world-assets-302413126.html,,GCL Energy Technology Co - Develops China First Technical Standard for On - Chain Real - World Assets,20250327T121500Z,,prnewswire.com,English,United States
https://www.ruthfullyyours.com/page/9209/,,RUTHFULLY YOURS,20250327T123000Z,,ruthfullyyours.com,English,United States
https://www.finanznachrichten.de/nachrichten-2025-03/64946627-gcl-energy-technology-co-ltd-gcl-energy-technology-co-develops-china-s-first-technical-standard-for-on-chain-real-world-assets-008.htm,,"GCL Energy Technology Co ., Ltd .: GCL Energy Technology Co - Develops China First Technical Standard for On - Chain Real - World Assets",20250327T124500Z,,finanznachrichten.de,English,Germany
https://portal.sina.com.hk/finance/finance-prnewswire/prnasia/2025/03/27/1149158/gcl-energy-technology-co-develops-chinas-first-technical-standard-for-on-chain-real-world-assets/,,GCL Energy Technology Co - Develops China First Technical Standard for On - Chain Real - World Assets,20250327T131500Z,,portal.sina.com.hk,English,Hong Kong
https://www.manilatimes.net/2025/03/27/tmt-newswire/pr-newswire/gcl-energy-technology-co-develops-chinas-first-technical-standard-for-on-chain-real-world-assets/2081417,https://www.manilatimes.net/2025/03/27/tmt-newswire/pr-newswire/gcl-energy-technology-co-develops-chinas-first-technical-standard-for-on-chain-real-world-assets/2081417/amp,GCL Energy Technology Co - Develops China First Technical Standard for On - Chain Real - World Assets,20250327T131500Z,https://www.manilatimes.net/manilatimes/uploads/images/2025/03/27/578350.jpg,manilatimes.net,English,Philippines
https://thesun.my/business-news/igem-2025-expected-to-generate-rm55-billion-in-business-leads-DM13862001,,IGEM 2025 expected to generate RM5 . 5 billion in business leads,20250327T153000Z,https://thesun.my/binrepository/480x360/0c55/480d250/none/11808/GMCJ/p13-igem-2025-launch-j_5081706_20250327211659.jpg,thesun.my,English,
https://www.finanznachrichten.de/nachrichten-2025-03/64949493-inogen-alliance-regulatory-changes-in-the-apac-region-key-updates-for-2025-200.htm,,Inogen Alliance : Regulatory Changes in the APAC Region : Key Updates for 2025,20250327T154500Z,https://app.accessnewswire.com/imagelibrary/f8dfdbda-e0e9-4bbb-95e1-4f29798a0468/1006216/8ea878e0-eafd-4845-be4b-a0941ad3867a.jpg,finanznachrichten.de,English,Germany
https://www.eadt.co.uk/news/25035605.crew-transfer-vessel-firm-wins-energy-innovation-award/,,crew transfer vessel firm wins Energy Innovation Award | East Anglian Daily Times,20250327T170000Z,https://www.eadt.co.uk/resources/images/19247397.jpg?type=og-image,eadt.co.uk,English,United Kingdom
https://slguardian.org/european-airlines-push-back-against-eu-climate-policies/,https://slguardian.org/european-airlines-push-back-against-eu-climate-policies/amp/,European Airlines Push Back Against EU Climate Policies,20250327T224500Z,https://slguardian.org/wp-content/uploads/2025/03/Carsten-Spohr.jpeg,slguardian.org,English,Sri Lanka
https://www.hellenicshippingnews.com/maximizing-the-potential-of-biofuels-in-shipping/,,Maximizing the potential of biofuels in shipping | Hellenic Shipping News Worldwide,20250327T231500Z,,hellenicshippingnews.com,English,China
https://www.hellenicshippingnews.com/baseblue-to-host-innovating-bunkering-for-a-sustainable-future-conference-at-the-east-med-marine-offshore-exhibition-2025/,,Baseblue to host  Innovating Bunkering for a Sustainable Future  conference at The East Med Marine & Offshore Exhibition 2025,20250328T011500Z,,hellenicshippingnews.com,English,China
https://carbon-pulse.com/382473/,,WCI Markets : CCAs drop during NACW as ARB fails to inspire ; WCAs drive towards APCR trigger « Carbon Pulse,20250328T064500Z,,carbon-pulse.com,English,China
https://cyprus-mail.com/2025/03/28/mass-protest-planned-against-high-cost-of-living-green-taxation-id,,"Mass protest planned against high cost of living , green taxation",20250328T113000Z,https://cyprus-mail.com/wp-content/uploads/2025/03/Depositphotos_464502784_XL.jpg,cyprus-mail.com,English,Cyprus
https://www.carbonbrief.org/daily-brief/arctic-ends-winter-with-lowest-sea-ice-cover-on-record-scientists/,,Arctic ends winter with lowest sea ice cover on record – scientists,20250328T134500Z,,carbonbrief.org,English,United Kingdom
https://www.theseanation.gr/news-in-english/62482-maximizing-the-potential-of-biofuels-in-shipping.html,,Maximizing the potential of biofuels in shipping,20250328T134500Z,https://www.theseanation.gr/images/0%CE%B2%CE%B9%CE%BF%CE%BA%CE%B1%CF%8D%CF%83%CE%B9%CE%BC%CE%B1.jpg,theseanation.gr,English,Greece
https://www.eenews.net/articles/calif-democrats-wary-of-newsoms-plan-to-fund-chp-dmv-with-pollution-dollars/,,"Calif . Democrats wary of Newsom plan to fund CHP , DMV with pollution dollars",20250328T161500Z,https://static.politico.com/b6/55/5a8cf5be4658abd4cb730770af67/california-highway-patrol-shooting-38061.jpg,eenews.net,English,United States
https://www.climatechangenews.com/2025/03/28/small-islands-fear-eu-betrayal-over-shipping-emissions-levy/,,Small islands fear EU betrayal over shipping emissions levy,20250328T170000Z,https://www.climatechangenews.com/wp-content/files/2025/02/China-ship_QINGDAO-PORT-scaled.jpg,climatechangenews.com,English,France
https://gna.org.gh/2025/03/ghanas-carbon-market-to-generate-over-1-billion-by-2030/,,Ghana Carbon Market to generate over $1 billion by 2030,20250328T171500Z,https://gna.org.gh/web/wp-content/uploads/2025/03/Economics-Carbon-Market-.jpeg,gna.org.gh,English,
https://www.eastbaytimes.com/2025/03/28/eye-in-the-sky-california-spending-100m-to-track-methane-emissions-with-satellites/,https://www.eastbaytimes.com/2025/03/28/eye-in-the-sky-california-spending-100m-to-track-methane-emissions-with-satellites/amp/,California spending $100 million to track methane emissions with satellites,20250328T174500Z,https://www.eastbaytimes.com/wp-content/uploads/2025/03/SUT-L-TANAGER1-SATELLITE-0327-01.jpg,eastbaytimes.com,English,United States
https://www.envirotech-online.com/news/industrial-emissions/160/international-environmental-technology/how-do-we-know-that-uk-ghg-emissions-are-really-falling/64349,,How do we know that united kingdom GHG emissions are really falling ? ,20250328T180000Z,https://www.envirotech-online.com/assets/file_store/pr_files/64349/thumbnails/images/600w_Dual-Comb_Spectroscopy_Detection_of_Trace_Gases_in_the_Field_4_3.jpg,envirotech-online.com,English,United Kingdom
https://www.carbonbrief.org/debriefed-28-march-2025-south-koreas-record-breaking-wildfires-arctic-sea-ice-hits-record-low-peak-butterfly-biodiversity-imperilled/,,DeBriefed 28 March 2025 : South Korea record - breaking wildfires ; Arctic sea ice hits record - low peak ; Butterfly biodiversity imperilled,20250328T183000Z,,carbonbrief.org,English,United Kingdom
https://www.bondbuyer.com/news/7-billion-hole-could-derail-california-bullet-train-project,,$7 billion hole could derail California bullet train project,20250328T224500Z,https://source-media-brightspot.s3.us-east-1.amazonaws.com/97/45/eebc24b04e5ebbfddb03c559a0ea/california-high-speed-rail-bakersfield-train-station-rendering.jpg,bondbuyer.com,English,United States
https://www.interest.co.nz/rural-news/132622/david-norton-upcoming-limits-widespread-conversion-productive-farmland-exotic,,New restrictions for landowners to block excessive monocultural pine planting,20250328T230000Z,https://www.interest.co.nz/sites/default/files/2022-03/farm-forest-2.jpg,interest.co.nz,English,New Zealand
https://www.hellenicshippingnews.com/imo-policy-progress-in-april-2025-to-influence-vessel-strategic-fuel-choices/,,IMO policy progress in April 2025 to influence vessel strategic fuel choices | Hellenic Shipping News Worldwide,20250328T233000Z,,hellenicshippingnews.com,English,China
https://www.spotlightnepal.com/2025/03/29/aepc-hosts-national-symposium-carbon-finance-investment-opportunities-energy-projects/,,AEPC Hosts National Symposium on Carbon Finance Investment Opportunities in Energy Projects,20250329T050000Z,https://www.spotlightnepal.com/media/images/AEPC_press_photo_1_rKh0blu.width-1024.jpg,spotlightnepal.com,English,Nepal
https://www.shippingtribune.com/news/shipping/EU+appears+to+back+down+on+carbon+levy+on+international+shipping,,Shipping Tribune,20250329T060000Z,,shippingtribune.com,English,India
https://www.ivpressonline.com/news/valley-briefs-city-invites-community-to-117th-anniversary/article_abaa6439-2855-493b-a562-bd2e2bb57c56.html,,VALLEY BRIEFS : City invites community to 117th Anniversary,20250329T110000Z,https://bloximages.newyork1.vip.townnews.com/ivpressonline.com/content/tncms/assets/v3/editorial/1/44/144f4e54-c0d8-4600-80e1-b373cb37d2fd/67e70ab65d3d0.image.jpg?crop=1265%2C664%2C0%2C486,ivpressonline.com,English,United States
https://cyprus-mail.com/2025/03/29/our-mobilisations-and-demands-are-not-in-vain,,  Our mobilisations and demands are not in vain  ,20250329T151500Z,https://cyprus-mail.com/wp-content/uploads/2025/03/44.jpg,cyprus-mail.com,English,Cyprus
https://www.ghanaweb.com/GhanaHomePage/business/Ghana-s-carbon-market-to-generate-over-1-billion-by-2030-Report-1977766,https://mobile.ghanaweb.com/GhanaHomePage/business/Ghana-s-carbon-market-to-generate-over-1-billion-by-2030-Report-1977766,Ghana carbon market to generate over $1 billion by 2030,20250329T153000Z,https://cdn.ghanaweb.com/imagelib/pics/832/83285654.jpg,ghanaweb.com,English,Ghana
https://www.forbes.com/sites/pklein/2025/03/29/how-to-lead-in-the-new-era-of-moving-targets/,,How To Lead In The New Era Of Moving Targets,20250329T153000Z,https://imageio.forbes.com/specials-images/imageserve/67e80be0fcab158bffcb3244/0x0.jpg?format=jpg&fit=bounds,forbes.com,English,United States
https://www.thailand-business-news.com/pr-news/longi-chairman-zhong-baoshen-attends-boao-forum-for-asia-continuously-deepening-china-australia-tech-collaboration-in-clean-energy,,LONGi Chairman Zhong Baoshen Attends Boao Forum for Asia : Continuously Deepening China - Australia Tech Collaboration in Clean Energy,20250329T170000Z,https://i0.wp.com/www.thailand-business-news.com/wp-content/uploads/2025/03/Zhong_Baoshen_Chairman_LONGi_invited_participate_China_Australia_Business_Leaders_Forum.jpg,thailand-business-news.com,English,Thailand
https://portal.sina.com.hk/finance/finance-prnewswire/prnasia/2025/03/29/1150738/longi-chairman-zhong-baoshen-attends-boao-forum-for-asia-continuously-deepening-china-australia-tech-collaboration-in-clean-energy/,,LONGi Chairman Zhong Baoshen Attends Boao Forum for Asia : Continuously Deepening China - Australia Tech Collaboration in Clean Energy,20250329T173000Z,,portal.sina.com.hk,English,Hong Kong
https://www.finanznachrichten.de/nachrichten-2025-03/64968669-tesla-stock-eu-emissions-strategy-boosts-market-position-660.htm,,Tesla Stock : EU Emissions Strategy Boosts Market Position,20250329T191500Z,https://www.finanznachrichten.de/chart-tesla-inc-aktie-intraklein-tradegate.png,finanznachrichten.de,English,Germany
https://fnarena.com/index.php/2025/03/30/longi-chairman-zhong-baoshen-attends-boao-forum-for-asia-continuously-deepening-china-australia-tech-collaboration-in-clean-energy/,,LONGi Chairman Zhong Baoshen Attends Boao Forum for Asia : Continuously Deepening China - Australia Tech Collaboration in Clean Energy,20250329T193000Z,,fnarena.com,English,Australia
https://www.dawn.com/news/1901264/transformation-of-landfill-site-through-environment-friendly-means-underway,,Transformation of landfill site through environment - friendly means underway - Newspaper,20250330T060000Z,,dawn.com,English,Pakistan
https://www.koreatimes.co.kr:443/www/opinion/2025/03/794_394997.html,https://m.koreatimes.co.kr/pages/article.amp.asp?newsIdx=394997,Korea climate policy at crossroads,20250330T090000Z,https://img.koreatimes.co.kr/upload/thumbnailV2/77a3798cd02441359ecf4de2a4ee67eb.png,koreatimes.co.kr,English,South Korea
https://www.cnbc.com/2025/03/30/coreweaves-7-year-journey-to-ipo-wound-through-crypto-before-ai.html,https://www.cnbc.com/amp/2025/03/30/coreweaves-7-year-journey-to-ipo-wound-through-crypto-before-ai.html,CoreWeave 7 - year journey to IPO wound through crypto before AI,20250330T113000Z,https://image.cnbcfm.com/api/v1/image/108123222-1743203806909-gettyimages-2207351784-mms21291_ocxecovu.jpeg?v=1743204144,cnbc.com,English,United States
https://www.yahoo.com/news/labour-set-align-britain-eu-110000358.html,,Labour set to align Britain with EU net zero laws,20250330T113000Z,https://s.yimg.com/ny/api/res/1.2/KTFgXBu_Afmh5VTHF2Q6kQ--/YXBwaWQ9aGlnaGxhbmRlcjt3PTEyMDA7aD03NTM-/https://media.zenfs.com/en/the_telegraph_258/a5c2bc371934bee99cf7009421c39e72,yahoo.com,English,United States
https://www.basingstokegazette.co.uk/news/25035760.new-partnership-support-vulnerable-people-stay-warm/,,New partnership to support vulnerable people stay warm,20250330T203000Z,https://www.basingstokegazette.co.uk/resources/images/19227670.jpg?type=og-image,basingstokegazette.co.uk,English,United Kingdom
