url,url_mobile,title,seendate,socialimage,domain,language,sourcecountry
https://www.wiredprnews.com/the-czechs-are-demanding-a-probe-for-the-sale-of-carbon-credits-at-the-sanjeev-gupta-steel-plant/,,The Czechs are demanding a probe for the sale of carbon credits at the Sanjeev Gupta steel plant,20210501T011500Z,https://www.ft.com/__origami/service/image/v2/images/raw/https://d1e00ek4ebabms.cloudfront.net/production/81ddb792-939f-4baf-a44a-36c0631b99f3.jpg?source=next-opengraph&fit=scale-down,wiredprnews.com,English,United States
https://gga.org/author/tom-mboya/,,"Tom Mboya , Author at GGA",20210501T021500Z,,gga.org,English,South Africa
https://www.zerohedge.com/geopolitical/bidens-anti-eurasian-green-delusion-and-americas-race-irrelevance,,Biden Anti - Eurasian Green Delusion And America Race To Irrelevance,20210501T044500Z,https://assets.zerohedge.com/s3fs-public/styles/16_9_max_700/public/2021-04/2021-04-30_11-51-12.jpg?itok=Lx-Jj-5K,zerohedge.com,English,United States
https://www.newdelhitimes.com/daimler-truck-volvo-to-make-fuel-cells-in-europe-from-2025/,,"Daimler Truck , Volvo to make fuel cells in Europe from 2025 - New Delhi Times - India Only International Newspaper",20210501T073000Z,https://i0.wp.com/www.newdelhitimes.com/wp-content/uploads/2021/04/17-1.jpeg?fit=800%2C533&ssl=1,newdelhitimes.com,English,United States
https://economictimes.indiatimes.com/news/et-evoke/climate-mitigation-needs-a-carbon-tax-and-rich-countries-supporting-clean-energy-in-developing-economies-robert-mendelsohn/articleshow/82338837.cms,https://m.economictimes.com/news/et-evoke/climate-mitigation-needs-a-carbon-tax-and-rich-countries-supporting-clean-energy-in-developing-economies-robert-mendelsohn/amp_articleshow/82338837.cms,Climate mitigation needs a carbon tax and rich countries supporting clean energy in developing economies : Robert Mendelsohn,20210501T073000Z,"https://img.etimg.com/thumb/msid-82338945,width-1070,height-580,imgsize-234241,overlay-economictimes/photo.jpg",economictimes.indiatimes.com,English,India
https://mynorthwest.com/2859331/daimler-truck-volvo-to-make-fuel-cells-in-europe-from-2025/,https://mynorthwest.com/2859331/daimler-truck-volvo-to-make-fuel-cells-in-europe-from-2025/amp/,"Daimler Truck , Volvo to make fuel cells in Europe from 2025",20210501T141500Z,https://mynorthwest.com/wp-content/uploads/2018/01/MYNW_Facebookj.jpg,mynorthwest.com,English,United States
https://www.theportugalnews.com/news/2021-05-01/europeans-including-portuguese-want-more-ambitious-climate-targets/59635,https://amp.theportugalnews.com/news/2021-05-01/europeans-including-portuguese-want-more-ambitious-climate-targets/59635,"Europeans , including Portuguese , want more ambitious climate targets",20210501T151500Z,https://www.theportugalnews.com/uploads/news/mika-baumeister-ctUIyfOyWsE-unsplash.jpg,theportugalnews.com,English,Portugal
https://mynorthwest.com/2859335/daimler-truck-volvo-to-make-fuel-cells-in-europe-from-2025-2/,https://mynorthwest.com/2859335/daimler-truck-volvo-to-make-fuel-cells-in-europe-from-2025-2/amp/,"Daimler Truck , Volvo to make fuel cells in Europe from 2025",20210501T151500Z,https://mynorthwest.com/wp-content/uploads/2018/01/MYNW_Facebookj.jpg,mynorthwest.com,English,United States
https://www.nationofchange.org/2021/05/01/the-yurok-tribe-is-using-californias-carbon-offset-program-to-buy-back-its-land/,,The Yurok Tribe is using California carbon offset program to buy back its land,20210501T170000Z,https://i2.wp.com/www.nationofchange.org/wp-content/uploads/2021/05/Nick-Folkins-salmon_study.jpeg?fit=1400%2C840&ssl=1,nationofchange.org,English,United States
https://oilprice.com/Energy/Energy-General/Will-Covid-19-End-The-Oil-Indexation-Of-Gas-Prices.html,https://oilprice.com/Energy/Energy-General/Will-Covid-19-End-The-Oil-Indexation-Of-Gas-Prices.amp.html,Will Covid - 19 End The Oil Indexation Of Gas Prices ? ,20210501T173000Z,https://d32r1sh890xpii.cloudfront.net/article/718x300/2021-04-30_icjdxspqka.jpg,oilprice.com,English,United States
https://www.windaction.org/posts/52342-senate-bill-would-up-state-s-requirement-for-solar-and-wind-energy,,WindAction | Senate bill would up state requirement for solar and wind energy,20210501T174500Z,,windaction.org,English,United States
https://www.thestar.com.my/aseanplus/aseanplus-news/2021/05/01/indonesia-offers-tailormade-tax-breaks-carbon-offset-to-win-investors,,"Indonesia offers tailormade tax breaks , carbon offset to win investors",20210501T194500Z,https://apicms.thestar.com.my/uploads/images/2021/05/01/1134180.jpg,thestar.com.my,English,Malaysia
https://www.bignewsnetwork.com/news/269097097/court-rules-german-climate-plan-falls-short,,Court Rules German Climate Plan Falls Short,20210502T024500Z,https://cdn.bignewsnetwork.com/voa1619701534.jpg,bignewsnetwork.com,English,United States
https://www.thenational.scot/news/19273862.planting-trees-not-quick-fix-climate-change-farmers-warn/,,"Planting trees is not a quick fix for climate change , farmers warn",20210502T070000Z,https://www.thenational.scot/resources/images/12564396/,thenational.scot,English,United Kingdom
https://www.ny1.com/nyc/all-boroughs/ap-top-news/2021/04/29/daimler-truck-volvo-to-make-fuel-cells-in-europe-from-2025,,"Daimler Truck , Volvo to make fuel cells in Europe from 2025",20210502T111500Z,https://s7d2.scene7.com/is/image/TWCNews/Germany_Daimler_Volvo_Fuel_Cells_84864,ny1.com,English,United States
http://www.msn.com/en-us/news/politics/joe-manchin-suddenly-seems-to-influence-everything-washington-does-the-west-virginia-senator-wants-to-make-congress-work-again/ar-BB1ghwvs,,Joe Manchin suddenly seems to influence everything Washington does . The West Virginia senator wants to make Congress  work again  ,20210502T113000Z,,msn.com,English,United States
https://www.msn.com/en-us/news/politics/joe-manchin-suddenly-seems-to-influence-everything-washington-does-the-west-virginia-senator-wants-to-make-congress-work-again/ar-BB1ghwvs,,Joe Manchin suddenly seems to influence everything Washington does . The West Virginia senator wants to make Congress  work again  ,20210502T113000Z,,msn.com,English,United States
https://www.msn.com/en-us/news/politics/joe-manchin-suddenly-seems-to-influence-everything-washington-does-the-west-virginia-senator-says-he-wants-to-make-congress-work-again/ar-BB1ghwvs,,Joe Manchin suddenly seems to influence everything Washington does . The West Virginia senator says he wants to make Congress  work again  ,20210502T114500Z,,msn.com,English,United States
http://www.msn.com/en-us/news/politics/joe-manchin-suddenly-seems-to-influence-everything-washington-does-the-west-virginia-senator-says-he-wants-to-make-congress-work-again/ar-BB1ghwvs,,Joe Manchin suddenly seems to influence everything Washington does . The West Virginia senator says he wants to make Congress  work again  ,20210502T120000Z,,msn.com,English,United States
https://www.marketwatch.com/articles/exxon-ceo-on-fighting-climate-change-and-criticism-from-activist-investors-51619815139,,Exxon CEO on Fighting Climate Change and Criticism From Activist Investors,20210502T123000Z,https://images.barrons.com/im-332608/social,marketwatch.com,English,United States
https://www.columbian.com/news/2021/may/02/legislature-wraps-up/,,Legislature wraps up,20210502T133000Z,https://pcdn.columbian.com/wp-content/uploads/2021/05/Washington_Legislature_Capital_Gains_21948.jpg-18d7e1.jpg,columbian.com,English,United States
http://www.msn.com/en-nz/news/politics/joe-manchin-suddenly-seems-to-influence-everything-washington-does-the-west-virginia-senator-says-he-wants-to-make-congress-work-again/ar-BB1ghwvs,,Joe Manchin suddenly seems to influence everything Washington does . The West Virginia senator says he wants to make Congress  work again  ,20210502T134500Z,,msn.com,English,United States
https://www.almanacnews.com/blogs/p/2021/05/02/how-will-palo-alto-plan-for-and-pay-for-massive-emissions-reductions,,"How will Palo Alto plan for , and pay for , massive emissions reductions ? ",20210502T134500Z,https://www.almanacnews.com/blogs/photos/44/4935.jpg,almanacnews.com,English,United States
https://mv-voice.com/blogs/p/2021/05/02/how-will-palo-alto-plan-for-and-pay-for-massive-emissions-reductions,,"How will Palo Alto plan for , and pay for , massive emissions reductions ? ",20210502T151500Z,https://mv-voice.com/blogs/photos/44/4935.jpg,mv-voice.com,English,United States
https://www.theaustralian.com.au/topics/climate-change?nk=809ad0b0e8620b56c5f4a1204baeba07-1619970472,,Climate change | The Australian,20210502T160000Z,,theaustralian.com.au,English,Australia
https://www.theaustralian.com.au/topics/climate-change?nk=9b18e83227f2373d395b31be2e2d4946-1619971357,,Climate change | The Australian,20210502T161500Z,,theaustralian.com.au,English,Australia
https://www.theaustralian.com.au/topics/climate-change?nk=6d40f624d0d29e6a6182f25ff97afa5f-1619975840,,Climate change | The Australian,20210502T173000Z,,theaustralian.com.au,English,Australia
https://indiancountrytoday.com/news/yurok-tribe-buying-back-traditional-territory,https://indiancountrytoday.com/.amp/news/yurok-tribe-buying-back-traditional-territory,Yurok Tribe buying back traditional territory,20210502T210000Z,,indiancountrytoday.com,English,India
https://www.autoconnectedcar.com/2021/05/connected-car-news-tritium-keysight-continental-vw-ienso-ambarella-spark-gapcharge-titan-ricardo-diamler-volvo-hubject-marvell-amd-ansys/,,"Connected Car News : Tritium , Keysight , Continental , VW , iENSO , Ambarella , Spark , gapcharge , Titan , Ricardo , Diamler , Volvo , Hubject , Marvell , AMD & Ansys",20210503T011500Z,,autoconnectedcar.com,English,United States
https://voxeu.org/article/tackling-climate-change-requires-global-policies,,"Tackling climate change requires global policies | VOX , CEPR Policy Portal",20210503T014500Z,https://voxeu.org/sites/default/files/cover_images/article/AdobeStock_276490154.jpeg,voxeu.org,English,United Kingdom
https://www.wiredprnews.com/japans-ambitious-carbon-target-sparks-bureaucratic-panic/,,Japan ambitious carbon target sparks bureaucratic panic,20210503T060000Z,https://www.ft.com/__origami/service/image/v2/images/raw/https://d1e00ek4ebabms.cloudfront.net/production/f28036d5-f3e1-4fff-80bd-555d325acbd7.jpg?source=next-opengraph&fit=scale-down,wiredprnews.com,English,United States
https://governorswindenergycoalition.org/white-house-says-clean-energy-standards-work-is-that-true/,,White House says clean energy standards work . Is that true ? - Governor Wind Energy Coalition,20210503T060000Z,,governorswindenergycoalition.org,English,United States
https://shipandbunker.com/news/emea/548136-eu-sees-all-options-on-table-on-shipping-carbon-policy,,EU Sees All Options on Table on Shipping Carbon Policy,20210503T111500Z,https://shipandbunker.cdn.speedyrails.net/a/img/_mt_320ab6cd71d93b8ccedf33aa5c8ab09a.jpg,shipandbunker.com,English,Singapore
https://crosscut.com/politics/2021/05/washington-legislature-charts-new-beginning-climate-change-fight,,Washington Legislature charts  new beginning  in climate change fight,20210503T130000Z,https://crosscut.com/sites/default/files/styles/max_2000x2000/public/images/articles/greens_split_climate009.jpg?itok=juzYNFjC,crosscut.com,English,United States
https://www.tradersmagazine.com/am/ice-sells-coinbase-stake-for-1-2bn/,,ICE Sells Coinbase Stake For $1 . 2bn - Traders Magazine,20210503T140000Z,https://www.tradersmagazine.com/wp-content/uploads/2019/04/jeff_sprecher.jpg,tradersmagazine.com,English,United States
https://www.invw.org/2021/05/03/behold-washingtons-new-beginning-in-its-fight-against-climate-change/,,Behold Washington  new beginning  in its fight against climate change,20210503T140000Z,https://www.invw.org/wp-content/uploads/2020/01/26801610265_fa3b179442_k-1170x780.jpg,invw.org,English,United States
https://www.washingtonexaminer.com/policy/energy/daily-on-energy-bidens-first-climate-regulation-is-one-gop-and-industry-could-actually-like,https://www.washingtonexaminer.com/policy/energy/daily-on-energy-bidens-first-climate-regulation-is-one-gop-and-industry-could-actually-like?_amp=true,Daily on Energy : Biden first climate regulation is one GOP and industry could actually like,20210503T164500Z,https://mediadc.brightspotcdn.com/65/3a/4bacda2d4dd1a9279ca78653cb60/doe-default-1060x600.png,washingtonexaminer.com,English,United States
https://techcrunch.com/2021/05/03/volvo-ag-and-daimler-trucks-team-up-in-hydrogen-fuel-cell-joint-venture/,https://techcrunch.com/2021/05/03/volvo-ag-and-daimler-trucks-team-up-in-hydrogen-fuel-cell-joint-venture/amp/,Volvo AG and Daimler Trucks team up in hydrogen fuel cell joint venture – TechCrunch,20210503T181500Z,https://techcrunch.com/wp-content/uploads/2019/10/Volvo_XC40_Recharge-12.jpg,techcrunch.com,English,United States
https://www.kqed.org/science/1974389/californias-forest-climate-program-could-actually-be-increasing-co2,,California Forest Climate Program Could Actually Be Increasing CO2,20210503T184500Z,https://ww2.kqed.org/app/uploads/sites/35/2021/04/RS48861_GettyImages-177068760-1-qut-1020x681.jpg,kqed.org,English,United States
https://finance.yahoo.com/news/volvo-ag-daimler-trucks-team-170205992.html,https://finance.yahoo.com/amphtml/news/volvo-ag-daimler-trucks-team-170205992.html,Volvo AB and Daimler Trucks team up in hydrogen fuel cell joint venture,20210503T191500Z,https://s.yimg.com/ny/api/res/1.2/lm1A_YeTA4DE3sbs7gpnig--/YXBwaWQ9aGlnaGxhbmRlcjt3PTIwMDA7aD0xMzMz/https://s.yimg.com/uu/api/res/1.2/sjBDk59UPVr6yr_VFcZ_Cg--~B/aD0zNDAwO3c9NTEwMDthcHBpZD15dGFjaHlvbg--/https://media.zenfs.com/en/techcrunch_350/46dd0e4c412d17a0d875fc8a984fc865,finance.yahoo.com,English,United States
https://dialogochino.net/en/climate-energy/41641-carbon-market-grows-in-brazil-ahead-of-expected-regulation-in-glasgow/,,Carbon market grows in Brazil ahead of expected regulation in Glasgow,20210503T204500Z,,dialogochino.net,English,
https://thehill.com/opinion/energy-environment/551538-reshaping-the-two-biggest-carbon-emitting-sectors-to-meet-new-us,https://thehill.com/opinion/energy-environment/551538-reshaping-the-two-biggest-carbon-emitting-sectors-to-meet-new-us?amp,Reshaping the two biggest carbon - emitting sectors to meet new US climate targets,20210503T233000Z,https://thehill.com/sites/default/files/powerlines_1.jpg,thehill.com,English,United States
https://news.psu.edu/story/657343/2021/05/03/academics/chen-vailhe-named-marshals-college-earth-and-mineral-sciences,,"Chen , Vailhe named marshals for College of Earth and Mineral Sciences",20210503T233000Z,https://news.psu.edu/sites/default/files/2021%20spring%20marshals.jpg,news.psu.edu,English,United States
https://www.reuters.com/business/energy/vitol-85-billion-revenue-hit-offset-by-trading-profits-2021-04-06/,,Vitol $85 billion revenue hit offset by trading profits,20210504T001500Z,,reuters.com,English,United States
https://www.finanznachrichten.de/nachrichten-2021-05/52761746-metalo-manufacturing-inc-advancing-its-near-zero-emissions-strategy-296.htm,,Metalo Manufacturing Inc . - Advancing Its Near Zero - Emissions Strategy,20210504T003000Z,https://www.newsfilecorp.com/newsinfo/82768/207,finanznachrichten.de,English,Germany
http://www.mining.com/press-release/?id=60908ea546cfd28c62170be6,,Press Release - MINING . COM,20210504T010000Z,,mining.com,English,Canada
https://www.hellenicshippingnews.com/all-options-still-on-table-for-cutting-shipping-co2-emissions-ec-official/,https://www.hellenicshippingnews.com/all-options-still-on-table-for-cutting-shipping-co2-emissions-ec-official/amp/,All options still on table for cutting shipping CO2 emissions : EC official | Hellenic Shipping News Worldwide,20210504T010000Z,,hellenicshippingnews.com,English,China
https://www.newsbtc.com/news/vechains-patent-help-offset-carbon-emission/,https://www.newsbtc.com/news/vechains-patent-help-offset-carbon-emission/amp/,VeChain New Patent Could Help Offset Carbon Emission,20210504T010000Z,https://www.newsbtc.com/wp-content/uploads/2021/05/VeChain-VET-VETUSDT.jpg,newsbtc.com,English,United States
https://www.dailyitem.com/news/wolf-withdraws-cabinet-nominees-in-spat-with-senate-republicans/article_920c4785-6a71-5f38-ac5d-cde7f4e6edb5.html,https://www.dailyitem.com/news/wolf-withdraws-cabinet-nominees-in-spat-with-senate-republicans/article_920c4785-6a71-5f38-ac5d-cde7f4e6edb5.amp.html,Wolf withdraws Cabinet nominees in spat with Senate Republicans,20210504T011500Z,https://bloximages.chicago2.vip.townnews.com/dailyitem.com/content/tncms/assets/v3/editorial/6/f4/6f4ff550-ac5c-11eb-a92d-b31503d4dd8c/609074f0e6c05.image.jpg,dailyitem.com,English,United States
https://fredericksburg.com/opinion/editorial-carbon-tax-is-all-pain-and-no-gain/article_013d2833-7bd8-5471-b33b-2df452b969e4.html,https://fredericksburg.com/opinion/editorial-carbon-tax-is-all-pain-and-no-gain/article_013d2833-7bd8-5471-b33b-2df452b969e4.amp.html,EDITORIAL : Carbon tax is  all pain and no gain  | Opinion,20210504T013000Z,https://bloximages.chicago2.vip.townnews.com/fredericksburg.com/content/tncms/assets/v3/editorial/2/4d/24d28f98-324f-5b17-ac51-130398d4c55b/60907d694a8dc.image.jpg?crop=640%2C360%2C0%2C60,fredericksburg.com,English,United States
https://www.jdsupra.com/legalnews/new-u-s-paris-agreement-pledge-sets-6988476/,,New U . S . Paris Agreement Pledge Sets Aggressive Target and Offers Clues for Business Planning and Advocacy Efforts on Climate Change | Akin Gump Strauss Hauer & Feld LLP,20210504T023000Z,https://jdsupra-static.s3.amazonaws.com/profile-images/og.15281_4342.jpg,jdsupra.com,English,United States
https://www.msn.com/en-us/money/companies/renewable-energy-group-inc-regi-q1-2021-earnings-call-transcript/ar-BB1gkrx3,,Renewable Energy Group Inc ( REGI ) Q1 2021 Earnings Call Transcript,20210504T023000Z,,msn.com,English,United States
https://www.fool.com/earnings/call-transcripts/2021/05/03/renewable-energy-group-inc-regi-q1-2021-earnings-c/?source=iedfolrf0000001,https://www.fool.com/amp/earnings/call-transcripts/2021/05/03/renewable-energy-group-inc-regi-q1-2021-earnings-c/,Renewable Energy Group Inc ( REGI ) Q1 2021 Earnings Call Transcript,20210504T024500Z,,fool.com,English,United States
https://www.eureporter.co/politics/european-parliament-2/2021/05/04/plenary-highlights-covid-19-certificate-eu-uk-investment/,https://www.eureporter.co/politics/european-parliament-2/2021/05/04/plenary-highlights-covid-19-certificate-eu-uk-investment/amp/,"Plenary highlights : COVID - 19 certificate , EU - UK , investment",20210504T060000Z,https://www.eureporter.co/wp-content/uploads/2020/09/Parliament.jpg,eureporter.co,English,United Kingdom
https://www.republika.co.id/berita/qskln6435/indonesian-tropical-rainforest-to-be-the-hopes-of-the-world,https://m.republika.co.id/amp/qskln6435,Indonesian tropical rainforest to be the hopes of the world,20210504T071500Z,https://static.republika.co.id/uploads/images/inpicture_slide/ketua-delegasi-republik-indonesia-agus_210429223331-407.jpeg,republika.co.id,English,Indonesia
https://www.aljazeera.com/economy/2021/5/4/bbeu-wants-a-faster-roll-out-of-its-dual-green-and-digital-plans,https://www.aljazeera.com/amp/economy/2021/5/4/bbeu-wants-a-faster-roll-out-of-its-dual-green-and-digital-plans,EU wants a faster rollout of its green and digital plans : Report,20210504T071500Z,https://www.aljazeera.com/wp-content/uploads/2021/05/371470159.jpg,aljazeera.com,English,United States
https://mondovisione.com/media-and-resources/news/incubex-closes-most-significant-capital-raise-to-date-with-distinguished-industr/,,IncubEx Closes Most Significant Capital Raise To Date With Distinguished Industry Investors For Environmental Markets Growth,20210504T081500Z,,mondovisione.com,English,United States
https://www.afr.com/companies/energy/australia-to-launch-a-carbon-exchange-20210504-p57osh,,Australia to launch a carbon exchange,20210504T083000Z,https://static.ffx.io/images/$zoom_0.5298%2C$multiply_0.7554%2C$ratio_1.777778%2C$width_1059%2C$x_0%2C$y_0/t_crop_custom/e_sharpen:25%2Cq_85%2Cf_jpg/t_afr_no_label_no_age_social_wm/57ed5f1b4d6db61e05b455b7dda783759acfdbf6,afr.com,English,Australia
https://www.reuters.com/business/sustainable-business/carbon-offsets-gird-lift-off-big-money-gets-close-nature-2021-02-26/,,Carbon offsets gird for lift - off as big money gets close to nature,20210504T103000Z,https://www.reuters.com/resizer/avbyyNWYXXrEztjF5CnlTjQjrTA=/1200x628/smart/cloudfront-us-east-2.images.arcpublishing.com/reuters/VIM3Q7ZXLJOMHKORRJGX2QRQV4.jpg,reuters.com,English,United States
https://www.wiredprnews.com/the-price-of-eu-carbon-has-reached-50-euros-per-tonne/,,The price of EU carbon has reached 50 euros per tonne,20210504T103000Z,https://www.ft.com/__origami/service/image/v2/images/raw/https://d1e00ek4ebabms.cloudfront.net/production/e74c64c6-7ef9-4473-a2e5-b32da6765dca.jpg?source=next-opengraph&fit=scale-down,wiredprnews.com,English,United States
https://www.irishtimes.com/business/energy-and-resources/eu-carbon-permits-climb-above-50-tonne-for-first-time-1.4554922,https://www.irishtimes.com/business/energy-and-resources/eu-carbon-permits-climb-above-50-tonne-for-first-time-1.4554922?mode=amp,EU carbon permits climb above €50 / tonne for first time,20210504T103000Z,https://www.irishtimes.com/image-creator/?id=1.4554921&origw=1440,irishtimes.com,English,Ireland
https://www.investing.com/news/economy/reopening-trades-co2-record-pfizer-aramco-earnings--whats-moving-markets-2494088,https://m.investing.com/news/economy/reopening-trades-co2-record-pfizer-aramco-earnings--whats-moving-markets-2494088?ampMode=1,"Reopening Trades , CO2 Record , Pfizer , Aramco Earnings - What Moving Markets By Investing . com",20210504T104500Z,https://i-invdn-com.akamaized.net/news/NewYorkStockExchange_800x533_L_1607793091.jpg,investing.com,English,United States
https://qz.com/2004412/the-us-is-tackling-hfcs-a-potent-greenhouse-gas-in-refrigerators/,https://qz.com/2004412/the-us-is-tackling-hfcs-a-potent-greenhouse-gas-in-refrigerators/amp/,"The US is tackling HFCs , a potent greenhouse gas in refrigerators Quartz",20210504T120000Z,https://cms.qz.com/wp-content/uploads/2021/05/2014-11-25T120000Z_2002007319_GM1EABP0ZOW01_RTRMADP_3_INDIA-RAJASTHAN-e1620077452174.jpg?quality=75&strip=all&crop=1,qz.com,English,United States
https://www.standardmedia.co.ke/business/article/2001411829/eu-carbon-price-hits-record-above-50-euros-per-tonne,https://www.standardmedia.co.ke/amp/business-news/article/2001411829/eu-carbon-price-hits-record-above-50-euros-per-tonne,EU carbon price hits record above 50 euros per tonne,20210504T123000Z,https://cdn.standardmedia.co.ke/images/tuesday/eu_carbon_price_hits6091335d9298b.jpg,standardmedia.co.ke,English,Kenya
https://www.theguardian.com/environment/2021/may/04/what-is-carbon-offsetting-and-how-does-it-work,https://amp.theguardian.com/environment/2021/may/04/what-is-carbon-offsetting-and-how-does-it-work,What is carbon offsetting and how does it work ? ,20210504T124500Z,https://i.guim.co.uk/img/media/5331ce70f20ffe805f528414442a7e41cd835ac3/0_355_5256_3153/master/5256.jpg?&quality=85&auto=format&fit=crop&overlay-align=bottom%2Cleft&overlay-width=100p&overlay-base64=L2ltZy9zdGF0aWMvb3ZlcmxheXMvdGctZGVmYXVsdC5wbmc&enable=upscale&s=6850767b317256e186ec988fb212c991,theguardian.com,English,United Kingdom
https://financialpost.com/pmn/business-pmn/carbon-permits-hit-record-50-euros-on-tighter-pollution-rules,https://financialpost.com/pmn/business-pmn/carbon-permits-hit-record-50-euros-on-tighter-pollution-rules/wcm/9677d80e-b2b6-43f4-9adc-8c9551182d9c/amp/,Carbon Permits Hit Record 50 Euros on Tighter Pollution Rules,20210504T130000Z,,financialpost.com,English,Canada
https://www.reuters.com/business/energy/global-climate-schemes-putting-price-carbon-emissions-2021-05-04/,,Factbox : Global climate schemes putting a price on carbon emissions,20210504T130000Z,,reuters.com,English,United States
https://www.galvnews.com/news_ap/business/article_3df55a82-9369-576b-b8ab-3091c0fea20f.html,,The Mobility House to Save Stockton Unified School District $500K via Smart Charging of New Electric School Bus Fleet,20210504T130000Z,https://bloximages.newyork1.vip.townnews.com/galvnews.com/content/tncms/assets/v3/editorial/a/71/a714aaa2-ceec-5847-8dcd-6e5e2da34502/60912d08e3b16.image.jpg,galvnews.com,English,United States
https://www.mondaq.com/unitedstates/clean-air-pollution/1064460/new-us-paris-agreement-pledge-sets-aggressive-target-and-offers-clues-for-business-planning-and-advocacy-efforts-on-climate-change,,New U . S . Paris Agreement Pledge Sets Aggressive Target And Offers Clues For Business Planning And Advocacy Efforts On Climate Change - Environment,20210504T134500Z,,mondaq.com,English,United States
https://www.standardmedia.co.ke/business/business-news/article/2001411829/eu-carbon-price-hits-record-above-50-euros-per-tonne,https://www.standardmedia.co.ke/amp/business-news/article/2001411829/eu-carbon-price-hits-record-above-50-euros-per-tonne,EU carbon price hits record above 50 euros per tonne,20210504T140000Z,https://cdn.standardmedia.co.ke/images/tuesday/eu_carbon_price_hits6091335d9298b.jpg,standardmedia.co.ke,English,Kenya
https://www.reuters.com/article/energy-carbon/update-2-eu-carbon-price-hits-record-above-50-euros-per-tonne-idUSL1N2MR0CJ,https://mobile.reuters.com/article/amp/idUSKBN2CL0KZ,EU carbon price hits record 50 euros per tonne on route to climate target,20210504T141500Z,https://static.reuters.com/resources/r/?m=02&d=20210504&t=2&i=1560851675&r=LYNXMPEH430D4,reuters.com,English,United States
https://www.forbes.com/sites/brendanahern/2021/05/04/commodity-prices-ignite-hong-kong-stocks/,https://www.forbes.com/sites/brendanahern/2021/05/04/commodity-prices-ignite-hong-kong-stocks/amp/,Commodity Prices Ignite Hong Kong Stocks,20210504T143000Z,https://thumbor.forbes.com/thumbor/fit-in/1200x0/filters%3Aformat%28jpg%29/https%3A%2F%2Fspecials-images.forbesimg.com%2Fimageserve%2F6091524c7ab20b12e4244389%2F0x0.jpg%3FcropX1%3D0%26cropX2%3D3998%26cropY1%3D393%26cropY2%3D2266,forbes.com,English,United States
https://www.politico.com/news/2021/05/04/airlines-corporate-sustainable-fuels-485320,,Airlines get lift from corporate allies in shift to sustainable fuels,20210504T151500Z,https://static.politico.com/23/5f/f4539d59453eba75f8ed4882edd8/gettyimages-1229676432.jpg,politico.com,English,United States
https://www.meadvilletribune.com/news/wolf-withdraws-cabinet-nominees-including-meadvilles-johnson-in-spat-with-senate-republicans/article_53ced747-8a95-5b5d-bd2f-2b97de794777.html,,"Wolf withdraws Cabinet nominees , including Meadville Johnson , in spat with Senate Republicans",20210504T153000Z,https://bloximages.chicago2.vip.townnews.com/meadvilletribune.com/content/tncms/assets/v3/editorial/7/c7/7c7fdfb2-a831-11eb-8968-b72ed85d5351/6046641e1cbe1.image.jpg?crop=1138%2C1224%2C50%2C63,meadvilletribune.com,English,United States
https://uk.finance.yahoo.com/news/want-save-planet-things-shouldn-155345505.html,https://uk.finance.yahoo.com/amphtml/news/want-save-planet-things-shouldn-155345505.html,"If we want to save the planet , things shouldnt go back to  normal  ",20210504T170000Z,https://s.yimg.com/uu/api/res/1.2/SznHQgxSwCNKOqa08AJsfg--~B/aD02ODM7dz0xMDI0O2FwcGlkPXl0YWNoeW9u/https://media.zenfs.com/en/the_independent_577/f76f8ebb1d74e3d00fecc70db1751061,uk.finance.yahoo.com,English,United States
https://www.jdsupra.com/legalnews/how-are-we-really-going-to-get-to-net-2781335/,,How Are We Really Going to Get to Net Zero ? | Foley Hoag LLP - Environmental Law,20210504T180000Z,https://jdsupra-static.s3.amazonaws.com/profile-images/og.12140_3338.jpg,jdsupra.com,English,United States
https://www.bmwi.de/Redaktion/EN/Pressemitteilungen/2021/04/20210422-retrofitting-of-buildings-and-distributed-energy.html,,BMWi - Federal Ministry for Economic Affairs and Energy - Retrofitting of buildings and distributed energy generation important for the EU energy transition – State Secretary Feicht talks with European Energy Ministers,20210504T180000Z,,bmwi.de,English,Germany
https://www.jdsupra.com/legalnews/washington-state-enacts-cap-and-trade-9618890/,,Washington State Enacts Cap - and - Trade and Clean Fuels Legislation | Davis Wright Tremaine LLP,20210504T180000Z,https://jdsupra-static.s3.amazonaws.com/profile-images/og.7498_4057.jpg,jdsupra.com,English,United States
https://www.businessgreen.com/news/4030740/eu-carbon-price-breaches-record-eur-tonne-mark,,EU carbon price breaches record €50 per tonne mark,20210504T183000Z,,businessgreen.com,English,United Kingdom
https://www.aljazeera.com/economy/2021/5/4/carbon-hits-50-euro-record-as-europe-tightens-pollution-rules,https://www.aljazeera.com/amp/economy/2021/5/4/carbon-hits-50-euro-record-as-europe-tightens-pollution-rules,Carbon hits 50 - euro record as Europe tightens pollution rules,20210504T190000Z,https://www.aljazeera.com/wp-content/uploads/2021/05/371476626.jpg,aljazeera.com,English,United States
https://www.mauinews.com/opinion/letters-to-the-editor/2021/05/moratorium-unnecessary-with-population-based-cap/,,"Moratorium unnecessary with population - based cap | News , Sports , Jobs",20210504T201500Z,https://s3.amazonaws.com/ogden_images/www.mauinews.com/images/2018/02/20104449/fb.jpg,mauinews.com,English,United States
https://www.spglobal.com/platts/en/market-insights/latest-news/natural-gas/050421-eu-co2-prices-rally-above-eur50mt-for-first-time,,EU CO2 prices rally above Eur50 / mt for first time,20210504T201500Z,,spglobal.com,English,
https://www.investmentwatchblog.com/uk-mortgage-lending-surges-to-a-record-high/,,UK Mortgage Lending surges to a record high – Investment Watch,20210504T204500Z,,investmentwatchblog.com,English,United States
https://www.jdsupra.com/legalnews/do-we-have-the-energy-to-address-3880014/,,Do we have the energy to address climate change ? | Dentons,20210504T221500Z,https://jdsupra-static.s3.amazonaws.com/profile-images/og.12833_5648.jpg,jdsupra.com,English,United States
https://www.hellenicshippingnews.com/shipping-emission-rules-to-gradually-tighten-weakening-profits/,https://www.hellenicshippingnews.com/shipping-emission-rules-to-gradually-tighten-weakening-profits/amp/,"Shipping Emission Rules to Gradually Tighten , Weakening Profits | Hellenic Shipping News Worldwide",20210504T221500Z,,hellenicshippingnews.com,English,China
https://www.nzherald.co.nz/the-country/news/dairy-debt-less-of-a-concern-to-reserve-bank-as-loans-repaid-with-cream-payouts/EUGMEDXWHEMQ7WJBXWGXIYOUQI/,,Dairy debt less of a concern to Reserve Bank as loans repaid with cream payouts,20210505T021500Z,https://www.nzherald.co.nz/resizer/7srKyD2Em1R8p-0tryqOJBRoylM=/1200x675/filters:quality(70)/cloudfront-ap-southeast-2.images.arcpublishing.com/nzme/RIVWSXSBODFDKRXUSJAYRENX5I.jpg,nzherald.co.nz,English,New Zealand
https://www.scoop.co.nz/stories/BU2105/S00071/research-shows-growth-in-tree-stock-sales.htm,https://m.scoop.co.nz/stories/BU2105/S00071/research-shows-growth-in-tree-stock-sales.htm,Research Shows Growth In Tree Stock Sales,20210505T023000Z,http://img.scoop.co.nz/stories/images/1908/scoop_image.jpg,scoop.co.nz,English,New Zealand
http://business.scoop.co.nz/2021/05/05/research-shows-growth-in-tree-stock-sales/,,Business Scoop » Research Shows Growth In Tree Stock Sales,20210505T023000Z,,business.scoop.co.nz,English,New Zealand
https://www.spglobal.com/platts/en/market-insights/latest-news/oil/050421-hollyfrontier-buys-shells-puget-sound-refinery-for-350-million,,HollyFrontier buys Shell Puget Sound refinery for $350 million,20210505T031500Z,,spglobal.com,English,
https://www.afr.com/world/europe/macron-merkel-under-pressure-to-speed-up-emissions-cuts-20210505-p57oyl,,"Macron , Merkel under pressure to speed up emissions cuts",20210505T034500Z,https://static.ffx.io/images/$zoom_0.2207%2C$multiply_0.7554%2C$ratio_1.777778%2C$width_1059%2C$x_0%2C$y_106/t_crop_custom/e_sharpen:25%2Cq_85%2Cf_jpg/t_afr_no_label_no_age_social_wm/0f59781fc89a3348022f35349ceea1bdd154aba4,afr.com,English,Australia
https://www.nzherald.co.nz/business/dairy-debt-less-of-a-concern-to-reserve-bank-as-loans-repaid-with-cream-payouts/EUGMEDXWHEMQ7WJBXWGXIYOUQI/,,Dairy debt less of a concern to Reserve Bank as loans repaid with cream payouts,20210505T034500Z,https://www.nzherald.co.nz/resizer/7srKyD2Em1R8p-0tryqOJBRoylM=/1200x675/filters:quality(70)/cloudfront-ap-southeast-2.images.arcpublishing.com/nzme/RIVWSXSBODFDKRXUSJAYRENX5I.jpg,nzherald.co.nz,English,New Zealand
https://www.sott.net/article/452318-Bidens-anti-Eurasian-green-delusion-and-Americas-race-to-irrelevance,,Biden anti - Eurasian green delusion and America race to irrelevance -- Puppet Masters -- Sott . net,20210505T044500Z,https://www.sott.net/image/s30/607554/full/Screen_Shot_2021_05_04_at_1_14.jpg,sott.net,English,United States
http://njtoday.net/2021/05/05/mccormick-plans-sweeping-action-to-combat-global-climate-crisis/,,McCormick plans sweeping action to combat the global climate crisis,20210505T051500Z,http://njtoday.net/wp-content/uploads/2019/04/Lisa-McCormick-on-NJTV-1-320x282.jpg,njtoday.net,English,United States
https://www.euractiv.com/section/energy-environment/news/eu-carbon-price-hits-record-e50-per-tonne-on-route-to-climate-target/,,EU carbon price hits record €50 per tonne on route to climate target,20210505T064500Z,https://www.euractiv.com/wp-content/uploads/sites/2/2021/05/Carbon-price-800x450.jpg,euractiv.com,English,United Kingdom
https://www.greenbiz.com/article/yurok-tribe-using-californias-carbon-offset-program-buy-back-its-land,,The Yurok Tribe is using California carbon offset program to buy back its land,20210505T080000Z,https://www.greenbiz.com/sites/default/files/2021-04/Nick-Folkins-salmon_study.jpeg,greenbiz.com,English,United States
https://www.msn.com/en-us/money/markets/column-german-greens-shifting-market-calculus/ar-BB1gnmQr,,Column : German Greens shifting market calculus,20210505T091500Z,,msn.com,English,United States
https://www.investing.com/news/economy/column-german-greens-shifting-market-calculus-2495643,https://m.investing.com/news/economy/column-german-greens-shifting-market-calculus-2495643?ampMode=1,Column : German Greens shifting market calculus By Reuters,20210505T093000Z,https://i-invdn-com.akamaized.net/trkd-images/LYNXMPEH440FC_M.jpg,investing.com,English,United States
https://wsau.com/2021/05/05/column-german-greens-shifting-market-calculus/,,Column : German Greens shifting market calculus,20210505T103000Z,https://storage.googleapis.com/media.mwcradio.com/mimesis/2021-05/05/2021-05-05T085006Z_1_LYNXMPEH440FC_RTROPTP_3_GERMANY-POLITICS-GREENS.JPG,wsau.com,English,United States
https://www.adelaidenow.com.au/news/opinion/tory-shepherd-pandemics-global-unrest-climate-change-governments-have-sat-on-their-hands/news-story/a16256c9429c1596a38988f91f51a9fc?nk=6608fc02f22c66cf497c0c063a693028-1620210833,https://www.adelaidenow.com.au/news/opinion/tory-shepherd-pandemics-global-unrest-climate-change-governments-have-sat-on-their-hands/news-story/a16256c9429c1596a38988f91f51a9fc?amp,Tory Shepherd : Australian governments have coasted on luck,20210505T104500Z,https://content.api.news/v3/images/bin/035bf22027e5a4963813f8daa718d2d1,adelaidenow.com.au,English,Australia
https://www.reuters.com/world/europe/german-greens-shifting-market-calculus-mike-dolan-2021-05-05/,,Column : German Greens shifting market calculus,20210505T111500Z,,reuters.com,English,United States
https://www.euractiv.com/section/energy-environment/news/the-green-brief-beware-the-carbon-price-backlash/,,The Green Brief : Beware the carbon price backlash,20210505T111500Z,https://www.euractiv.com/wp-content/uploads/sites/2/2021/04/Subscribe-to-EURACTIVs-Green-Brief-where-youll-find-the-latest-roundup-of-news-covering-energy-environment-from-across-Europe.-800x450.png,euractiv.com,English,United Kingdom
https://insideclimatenews.org/news/05052021/the-climate-solution-actually-adding-millions-of-tons-of-co2-into-the-atmosphere/,https://insideclimatenews.org/news/05052021/the-climate-solution-actually-adding-millions-of-tons-of-co2-into-the-atmosphere/?amp,The Climate Solution Actually Adding Millions of Tons of CO2 Into the Atmosphere,20210505T121500Z,https://mk0insideclimats3pe4.kinstacdn.com/wp-content/uploads/2021/04/klamath-mountains_carol-m-highsmith-buyenlarge-getty-scaled.jpg,insideclimatenews.org,English,United States
https://www.penncapital-star.com/commentary/heres-how-pa-can-level-the-playing-field-with-clean-energy-opinion/,,Here how Pa . can level the playing field with clean energy | Opinion,20210505T124500Z,https://www.penncapital-star.com/wp-content/uploads/2020/07/DSC_8924-scaled.jpg,penncapital-star.com,English,
https://crosscut.com/opinion/2021/05/washington-politics-it-really-seattles-state-now,,"In Washington politics , is it really Seattle state now ? ",20210505T124500Z,https://crosscut.com/sites/default/files/styles/max_2000x2000/public/images/articles/ap20009638671558.jpg?itok=hSHeAI5A,crosscut.com,English,United States
https://www.europa-nu.nl/id/vlijfyc6bjzq/nieuws/questions_and_answers_on_the_update_of,,Questions and Answers on the update of the 2020 Industrial Strategy,20210505T131500Z,https://www.europa-nu.nl/9353265/g/twcard.jpg,europa-nu.nl,English,Netherlands
https://www.cityam.com/now-is-the-time-to-fight-against-climate-change/,https://www.cityam.com/now-is-the-time-to-fight-against-climate-change/amp/,Now is the time to fight against climate change,20210505T140000Z,https://www.cityam.com/wp-content/uploads/2021/05/Now-is-the-time-to-fight-against-climate-change-1.jpg,cityam.com,English,United Kingdom
https://www.shoosmiths.co.uk/insights/articles/the-changing-face-of-cleantech,,The changing face of cleantech,20210505T164500Z,https://www.shoosmiths.co.uk/-/media/images/articles/banners-month-1-2021/istock-182869792.jpg,shoosmiths.co.uk,English,United Kingdom
https://www.project-syndicate.org/commentary/us-european-union-climate-policies-similarities-limitations-by-daniel-gros-2021-05,,The Green Art of the Possible by Daniel Gros - Project Syndicate,20210505T173000Z,https://webapi.project-syndicate.org/library/ad4503a9cb3de3188f19dc025f20d269.2-1-super.1.jpg,project-syndicate.org,English,China
https://www.nzherald.co.nz/business/green-building-greenprint-for-covid-recovery/XCVF56P6USWX6ANO2QB6UF45Z4/,,Green Building : Greenprint for Covid recovery,20210505T174500Z,https://www.nzherald.co.nz/resizer/TX-lxNLXmz6ZGwZOq7T5N5VOZqE=/1200x675/filters:quality(70)/cloudfront-ap-southeast-2.images.arcpublishing.com/nzme/YNQVWMRUF5EHIFPYBLCXO3B47A.jpg,nzherald.co.nz,English,New Zealand
https://www.gulftoday.ae/opinion/2021/05/05/when-getting-back-to-normal-spells-anguish,,When getting back to  normal  spells anguish,20210505T184500Z,http://www.gulftoday.ae/-/media/gulf-today/images/articles/opinion/2021/5/5/power-plant.ashx?&hash=65A1B42CC9FB75B0936DCDFC12EB043E,gulftoday.ae,English,United Arab Emirates
https://www.insidermonkey.com/blog/spree-capital-advisers-we-see-intercontinental-exchange-ice-as-a-steady-top-line-grower-940390/,,Spree Capital Advisers :  We See Intercontinental Exchange ( ICE ) as a Steady Top Line Grower  ,20210505T191500Z,https://d2gr5kl7dt2z3t.cloudfront.net/blog/wp-content/uploads/2017/01/08151527/54972329_m.jpg,insidermonkey.com,English,United States
https://ksusentinel.com/2021/05/05/voluntary-carbon-credit-trading-market-2021-business-scenario-cbeex-forest-carbon-carbon-clear-greentrees-waycarbon-allcot-group-bioassets-aera-group/,,"Voluntary Carbon Credit Trading Market 2021 Business Scenario – CBEEX , Forest Carbon , Carbon Clear , GreenTrees , WayCarbon , Allcot Group , Bioassets , Aera Group – KSU",20210505T193000Z,,ksusentinel.com,English,United States
https://www.jdsupra.com/legalnews/biden-administration-commits-to-9436655/,,Biden Administration Commits to National and International CO2 Reductions at Climate Summit | Williams Mullen,20210505T204500Z,https://jdsupra-static.s3.amazonaws.com/profile-images/og.15384_5622.jpg,jdsupra.com,English,United States
https://www.msn.com/en-us/weather/topstories/pennsylvania-projected-to-warm-59-degrees-by-2050-state-climate-report-says/ar-BB1goD6m,,"Pennsylvania projected to warm 5 . 9 degrees by 2050 , state climate report says",20210505T204500Z,,msn.com,English,United States
https://www.kvnf.org/post/ron-desantis-pushes-coastal-resilience-while-doing-little-tackle-climate-change,,Ron DeSantis Pushes Coastal  Resilience  While Doing Little To Tackle Climate Change,20210505T204500Z,,kvnf.org,English,United States
https://www.wglt.org/2021-05-05/ron-desantis-pushes-coastal-resilience-while-doing-little-to-tackle-climate-change,https://www.wglt.org/2021-05-05/ron-desantis-pushes-coastal-resilience-while-doing-little-to-tackle-climate-change?_amp=true,Ron DeSantis Pushes Coastal  Resilience  While Doing Little To Tackle Climate Change,20210505T210000Z,https://media.npr.org/assets/img/2021/05/05/gettyimages-1311497683-1eab748923ce0a67d0680eb3da36a388ac7b2fec.jpg,wglt.org,English,United States
https://www.theepochtimes.com/the-big-green-lie_3803587.html,https://www.theepochtimes.com/the-big-green-lie_3803587.html/amp,The Big Green Lie,20210505T210000Z,https://img.theepochtimes.com/assets/uploads/2020/02/13/GettyImages-1194082943-crop-1200x720.jpg,theepochtimes.com,English,United States
https://www.ypradio.org/2021-05-05/ron-desantis-pushes-coastal-resilience-while-doing-little-to-tackle-climate-change,https://www.ypradio.org/2021-05-05/ron-desantis-pushes-coastal-resilience-while-doing-little-to-tackle-climate-change?_amp=true,Ron DeSantis Pushes Coastal  Resilience  While Doing Little To Tackle Climate Change,20210505T210000Z,https://media.npr.org/assets/img/2021/05/05/gettyimages-1311497683-1eab748923ce0a67d0680eb3da36a388ac7b2fec.jpg,ypradio.org,English,United States
https://www.wdiy.org/post/ron-desantis-pushes-coastal-resilience-while-doing-little-tackle-climate-change,,Ron DeSantis Pushes Coastal  Resilience  While Doing Little To Tackle Climate Change,20210505T211500Z,,wdiy.org,English,United States
https://www.wrkf.org/2021-05-05/ron-desantis-pushes-coastal-resilience-while-doing-little-to-tackle-climate-change,https://www.wrkf.org/2021-05-05/ron-desantis-pushes-coastal-resilience-while-doing-little-to-tackle-climate-change?_amp=true,Ron DeSantis Pushes Coastal  Resilience  While Doing Little To Tackle Climate Change,20210505T211500Z,https://media.npr.org/assets/img/2021/05/05/gettyimages-1311497683-1eab748923ce0a67d0680eb3da36a388ac7b2fec.jpg,wrkf.org,English,United States
https://www.northcountrypublicradio.org/news/npr/993887824/ron-desantis-pushes-coastal-resilience-while-doing-little-to-tackle-climate-change,,Ron DeSantis Pushes Coastal  Resilience  While Doing Little To Tackle Climate Change,20210505T213000Z,https://media.npr.org/assets/img/2021/05/05/gettyimages-1311497683-1eab748923ce0a67d0680eb3da36a388ac7b2fec.jpg?s=6,northcountrypublicradio.org,English,United States
https://news.wjct.org/post/ron-desantis-pushes-coastal-resilience-while-doing-little-tackle-climate-change,,Ron DeSantis Pushes Coastal  Resilience  While Doing Little To Tackle Climate Change,20210505T213000Z,,news.wjct.org,English,United States
https://theconversation.com/australias-states-are-forging-ahead-with-ambitious-emissions-reductions-imagine-if-they-worked-together-160191,https://theconversation.com/amp/australias-states-are-forging-ahead-with-ambitious-emissions-reductions-imagine-if-they-worked-together-160191,Australia states are forging ahead with ambitious emissions reductions . Imagine if they worked together,20210505T213000Z,https://images.theconversation.com/files/398802/original/file-20210505-19-1842fbe.jpg?ixlib=rb-1.1.0&rect=49%2C482%2C5464%2C2732&q=45&auto=format&fit=crop,theconversation.com,English,Australia
https://www.kios.org/post/ron-desantis-pushes-coastal-resilience-while-doing-little-tackle-climate-change,,Ron DeSantis Pushes Coastal  Resilience  While Doing Little To Tackle Climate Change,20210505T213000Z,,kios.org,English,United States
https://www.kasu.org/2021-05-05/ron-desantis-pushes-coastal-resilience-while-doing-little-to-tackle-climate-change,https://www.kasu.org/2021-05-05/ron-desantis-pushes-coastal-resilience-while-doing-little-to-tackle-climate-change?_amp=true,Ron DeSantis Pushes Coastal  Resilience  While Doing Little To Tackle Climate Change,20210505T214500Z,https://media.npr.org/assets/img/2021/05/05/gettyimages-1311497683-1eab748923ce0a67d0680eb3da36a388ac7b2fec.jpg,kasu.org,English,United States
https://www.adbusters.org/full-articles/the-truecost-revolution,,The # TrueCost Revolution,20210505T214500Z,,adbusters.org,English,Canada
https://www.wamc.org/post/ron-desantis-pushes-coastal-resilience-while-doing-little-tackle-climate-change,,Ron DeSantis Pushes Coastal  Resilience  While Doing Little To Tackle Climate Change,20210505T220000Z,,wamc.org,English,United States
https://www.klcc.org/post/ron-desantis-pushes-coastal-resilience-while-doing-little-tackle-climate-change,,Ron DeSantis Pushes Coastal  Resilience  While Doing Little To Tackle Climate Change,20210505T220000Z,,klcc.org,English,United States
https://www.kccu.org/post/ron-desantis-pushes-coastal-resilience-while-doing-little-tackle-climate-change,,Ron DeSantis Pushes Coastal  Resilience  While Doing Little To Tackle Climate Change,20210505T221500Z,,kccu.org,English,United States
https://www.wmot.org/post/ron-desantis-pushes-coastal-resilience-while-doing-little-tackle-climate-change,,Ron DeSantis Pushes Coastal  Resilience  While Doing Little To Tackle Climate Change,20210505T221500Z,,wmot.org,English,United States
https://www.wlrn.org/2021-05-05/ron-desantis-pushes-coastal-resilience-while-doing-little-to-tackle-climate-change,https://www.wlrn.org/2021-05-05/ron-desantis-pushes-coastal-resilience-while-doing-little-to-tackle-climate-change?_amp=true,Ron DeSantis Pushes Coastal  Resilience  While Doing Little To Tackle Climate Change,20210505T221500Z,https://media.npr.org/assets/img/2021/05/05/gettyimages-1311497683-1eab748923ce0a67d0680eb3da36a388ac7b2fec.jpg,wlrn.org,English,United States
https://www.wncw.org/2021-05-05/ron-desantis-pushes-coastal-resilience-while-doing-little-to-tackle-climate-change,https://www.wncw.org/2021-05-05/ron-desantis-pushes-coastal-resilience-while-doing-little-to-tackle-climate-change?_amp=true,Ron DeSantis Pushes Coastal  Resilience  While Doing Little To Tackle Climate Change,20210505T221500Z,https://media.npr.org/assets/img/2021/05/05/gettyimages-1311497683-1eab748923ce0a67d0680eb3da36a388ac7b2fec.jpg,wncw.org,English,United States
https://www.spokanepublicradio.org/post/ron-desantis-pushes-coastal-resilience-while-doing-little-tackle-climate-change,,Ron DeSantis Pushes Coastal  Resilience  While Doing Little To Tackle Climate Change,20210505T221500Z,,spokanepublicradio.org,English,United States
https://www.kwit.org/post/ron-desantis-pushes-coastal-resilience-while-doing-little-tackle-climate-change,,Ron DeSantis Pushes Coastal  Resilience  While Doing Little To Tackle Climate Change,20210505T221500Z,,kwit.org,English,United States
https://www.wyomingpublicmedia.org/post/ron-desantis-pushes-coastal-resilience-while-doing-little-tackle-climate-change,,Ron DeSantis Pushes Coastal  Resilience  While Doing Little To Tackle Climate Change,20210505T221500Z,,wyomingpublicmedia.org,English,United States
https://www.wvasfm.org/post/ron-desantis-pushes-coastal-resilience-while-doing-little-tackle-climate-change,,Ron DeSantis Pushes Coastal  Resilience  While Doing Little To Tackle Climate Change,20210505T221500Z,,wvasfm.org,English,United States
https://www.kunc.org/npr-news/2021-05-05/ron-desantis-pushes-coastal-resilience-while-doing-little-to-tackle-climate-change,https://www.kunc.org/npr-news/2021-05-05/ron-desantis-pushes-coastal-resilience-while-doing-little-to-tackle-climate-change?_amp=true,Ron DeSantis Pushes Coastal  Resilience  While Doing Little To Tackle Climate Change,20210505T223000Z,https://media.npr.org/assets/img/2021/05/05/gettyimages-1311497683-1eab748923ce0a67d0680eb3da36a388ac7b2fec.jpg,kunc.org,English,United States
https://www.npr.org/2021/05/05/993887824/ron-desantis-pushes-coastal-resilience-while-doing-little-to-tackle-climate-chan,,Ron DeSantis Pushes Coastal  Resilience  While Doing Little To Tackle Climate Change,20210505T223000Z,https://media.npr.org/assets/img/2021/05/05/gettyimages-1311497683_wide-65be8164357828c627f12b7a52f9b8b4b7fab48b.jpg?s=1400,npr.org,English,United States
https://www.gpb.org/news/2021/05/05/ron-desantis-pushes-coastal-resilience-while-doing-little-tackle-climate-change,,Ron DeSantis Pushes Coastal  Resilience  While Doing Little To Tackle Climate Change,20210505T223000Z,https://www.gpb.org/sites/default/files/styles/three_two_702x468/public/npr_story_images/2021/05/05/gettyimages-1311497683-1eab748923ce0a67d0680eb3da36a388ac7b2fec.jpg?af3d&itok=WpIIrPRq,gpb.org,English,United States
https://www.spglobal.com/platts/en/market-insights/latest-news/oil/050521-hollyfrontier-expects-puget-sound-synergies-with-renewables-projects,,HollyFrontier expects Puget Sound synergies with renewables projects,20210505T223000Z,,spglobal.com,English,
https://www.wesm913.org/post/ron-desantis-pushes-coastal-resilience-while-doing-little-tackle-climate-change,,Ron DeSantis Pushes Coastal  Resilience  While Doing Little To Tackle Climate Change,20210505T223000Z,,wesm913.org,English,United States
https://www.weaa.org/post/ron-desantis-pushes-coastal-resilience-while-doing-little-tackle-climate-change,,Ron DeSantis Pushes Coastal  Resilience  While Doing Little To Tackle Climate Change,20210505T223000Z,,weaa.org,English,United States
https://www.wnmufm.org/post/ron-desantis-pushes-coastal-resilience-while-doing-little-tackle-climate-change,,Ron DeSantis Pushes Coastal  Resilience  While Doing Little To Tackle Climate Change,20210505T223000Z,,wnmufm.org,English,United States
https://www.wprl.org/post/ron-desantis-pushes-coastal-resilience-while-doing-little-tackle-climate-change,,Ron DeSantis Pushes Coastal  Resilience  While Doing Little To Tackle Climate Change,20210505T224500Z,,wprl.org,English,United States
https://www.msn.com/en-us/money/markets/hollyfrontier-corp-hfc-q1-2021-earnings-call-transcript/ar-BB1goRDG,,HollyFrontier Corp ( HFC ) Q1 2021 Earnings Call Transcript,20210505T224500Z,,msn.com,English,United States
https://www.scpr.org/news/2021/05/05/97705/ron-desantis-pushes-coastal-resilience-while-doing/,https://www.scpr.org/news/2021/05/05/97705/ron-desantis-pushes-coastal-resilience-while-doing.amp,Audio : Ron DeSantis Pushes Coastal  Resilience  While Doing Little To Tackle Climate Change,20210505T224500Z,https://a.scpr.org/i/d9c265fd23caf8592666a837821ca6dc/233176-full.jpg,scpr.org,English,United States
https://www.wcsufm.org/post/ron-desantis-pushes-coastal-resilience-while-doing-little-tackle-climate-change,,Ron DeSantis Pushes Coastal  Resilience  While Doing Little To Tackle Climate Change,20210505T230000Z,,wcsufm.org,English,United States
https://news.wfsu.org/npr-news/2021-05-05/ron-desantis-pushes-coastal-resilience-while-doing-little-to-tackle-climate-change,https://news.wfsu.org/npr-news/2021-05-05/ron-desantis-pushes-coastal-resilience-while-doing-little-to-tackle-climate-change?_amp=true,Ron DeSantis Pushes Coastal  Resilience  While Doing Little To Tackle Climate Change,20210505T230000Z,https://media.npr.org/assets/img/2021/05/05/gettyimages-1311497683-1eab748923ce0a67d0680eb3da36a388ac7b2fec.jpg,news.wfsu.org,English,United States
https://www.hppr.org/post/ron-desantis-pushes-coastal-resilience-while-doing-little-tackle-climate-change,,Ron DeSantis Pushes Coastal  Resilience  While Doing Little To Tackle Climate Change,20210505T230000Z,,hppr.org,English,United States
https://www.wmra.org/post/ron-desantis-pushes-coastal-resilience-while-doing-little-tackle-climate-change,,Ron DeSantis Pushes Coastal  Resilience  While Doing Little To Tackle Climate Change,20210505T230000Z,,wmra.org,English,United States
https://www.kazu.org/post/ron-desantis-pushes-coastal-resilience-while-doing-little-tackle-climate-change,,Ron DeSantis Pushes Coastal  Resilience  While Doing Little To Tackle Climate Change,20210505T231500Z,,kazu.org,English,United States
https://www.wcbe.org/post/ron-desantis-pushes-coastal-resilience-while-doing-little-tackle-climate-change,,Ron DeSantis Pushes Coastal  Resilience  While Doing Little To Tackle Climate Change,20210505T231500Z,,wcbe.org,English,United States
https://www.ketr.org/post/ron-desantis-pushes-coastal-resilience-while-doing-little-tackle-climate-change,,Ron DeSantis Pushes Coastal  Resilience  While Doing Little To Tackle Climate Change,20210505T231500Z,,ketr.org,English,United States
https://www.kanw.com/post/ron-desantis-pushes-coastal-resilience-while-doing-little-tackle-climate-change,,Ron DeSantis Pushes Coastal  Resilience  While Doing Little To Tackle Climate Change,20210505T233000Z,,kanw.com,English,United States
http://wordsetc.bookslive.co.za/blog/2021/05/05/in-the-end-a-solid-alteration-agreement-is-about-peace-of-mind/,,"In the end , a solid alteration agreement is about peace of mind . ",20210505T233000Z,,wordsetc.bookslive.co.za,English,South Africa
https://www.wxxinews.org/post/ron-desantis-pushes-coastal-resilience-while-doing-little-tackle-climate-change,,Ron DeSantis Pushes Coastal  Resilience  While Doing Little To Tackle Climate Change,20210505T233000Z,,wxxinews.org,English,United States
https://kfgo.com/2021/04/30/california-program-overestimates-climate-benefits-of-forest-offsets-study/,,California program overestimates climate benefits of forest offsets – study,20210505T234500Z,https://storage.googleapis.com/media.mwcradio.com/mimesis/2021-04/30/2021-04-30T210013Z_3_LYNXMPEH3T1BG_RTROPTP_3_USA-CARBON-CALIFORNIA.JPG,kfgo.com,English,United States
https://www.growingproduce.com/fruits/why-grape-growers-are-turning-to-biochar-for-vine-growth/,https://www.growingproduce.com/fruits/why-grape-growers-are-turning-to-biochar-for-vine-growth/?amp,Why Grape Growers Are Turning to Biochar for Vine Growth,20210505T234500Z,https://www.growingproduce.com/wp-content/uploads/2021/04/biochar_on_fire_featured.jpg,growingproduce.com,English,United States
https://www.ksmu.org/post/ron-desantis-pushes-coastal-resilience-while-doing-little-tackle-climate-change,,Ron DeSantis Pushes Coastal  Resilience  While Doing Little To Tackle Climate Change,20210506T000000Z,,ksmu.org,English,United States
https://www.boisestatepublicradio.org/2021-05-05/ron-desantis-pushes-coastal-resilience-while-doing-little-to-tackle-climate-change,,Ron DeSantis Pushes Coastal  Resilience  While Doing Little To Tackle Climate Change,20210506T000000Z,https://media.npr.org/assets/img/2021/05/05/gettyimages-1311497683-1eab748923ce0a67d0680eb3da36a388ac7b2fec.jpg,boisestatepublicradio.org,English,United States
https://www.kwbu.org/post/ron-desantis-pushes-coastal-resilience-while-doing-little-tackle-climate-change,,Ron DeSantis Pushes Coastal  Resilience  While Doing Little To Tackle Climate Change,20210506T001500Z,,kwbu.org,English,United States
https://www.wjsu.org/post/ron-desantis-pushes-coastal-resilience-while-doing-little-tackle-climate-change,,Ron DeSantis Pushes Coastal  Resilience  While Doing Little To Tackle Climate Change,20210506T003000Z,,wjsu.org,English,United States
https://www.northernpublicradio.org/post/ron-desantis-pushes-coastal-resilience-while-doing-little-tackle-climate-change,,Ron DeSantis Pushes Coastal  Resilience  While Doing Little To Tackle Climate Change,20210506T004500Z,,northernpublicradio.org,English,United States
https://www.kzyx.org/post/ron-desantis-pushes-coastal-resilience-while-doing-little-tackle-climate-change,,Ron DeSantis Pushes Coastal  Resilience  While Doing Little To Tackle Climate Change,20210506T004500Z,,kzyx.org,English,United States
https://www.eubusiness.com/Members/WWF/industry-decarbonisation,,Vague EU industry plan leaves decarbonisation in the dark EUbusiness . com,20210506T010000Z,,eubusiness.com,English,Greece
https://www.publicradiotulsa.org/post/ron-desantis-pushes-coastal-resilience-while-doing-little-tackle-climate-change,,Ron DeSantis Pushes Coastal  Resilience  While Doing Little To Tackle Climate Change,20210506T010000Z,,publicradiotulsa.org,English,United States
https://www.kacu.org/post/ron-desantis-pushes-coastal-resilience-while-doing-little-tackle-climate-change,,Ron DeSantis Pushes Coastal  Resilience  While Doing Little To Tackle Climate Change,20210506T010000Z,,kacu.org,English,United States
https://www.kenw.org/post/ron-desantis-pushes-coastal-resilience-while-doing-little-tackle-climate-change,,Ron DeSantis Pushes Coastal  Resilience  While Doing Little To Tackle Climate Change,20210506T010000Z,,kenw.org,English,United States
https://www.wesa.fm/2021-05-05/ron-desantis-pushes-coastal-resilience-while-doing-little-to-tackle-climate-change,,Ron DeSantis Pushes Coastal  Resilience  While Doing Little To Tackle Climate Change,20210506T013000Z,https://media.npr.org/assets/img/2021/05/05/gettyimages-1311497683-1eab748923ce0a67d0680eb3da36a388ac7b2fec.jpg,wesa.fm,English,United States
https://www.miragenews.com/australias-states-are-forging-ahead-with-555164/,,Australia states are forging ahead with ambitious emissions reductions,20210506T013000Z,https://images.unsplash.com/photo-1505751172876-fa1923c5c528?ixid=MXwxMjA3fDB8MHxwaG90by1wYWdlfHx8fGVufDB8fHw%3D&ixlib=rb-1.2.1&auto=format&fit=crop&q=80,miragenews.com,English,United States
https://www.krcu.org/post/ron-desantis-pushes-coastal-resilience-while-doing-little-tackle-climate-change,,Ron DeSantis Pushes Coastal  Resilience  While Doing Little To Tackle Climate Change,20210506T013000Z,,krcu.org,English,United States
https://www.capradio.org/news/npr/story?storyid=993887824,,Ron DeSantis Pushes Coastal  Resilience  While Doing Little To Tackle Climate Change,20210506T013000Z,https://media.npr.org/assets/img/2021/05/05/gettyimages-1311497683-1eab748923ce0a67d0680eb3da36a388ac7b2fec.jpg?s=6,capradio.org,English,United States
https://voxeu.org/article/pricing-carbon-within-and-border-europe,,"Pricing of carbon within and at the border of Europe | VOX , CEPR Policy Portal",20210506T020000Z,https://voxeu.org/sites/default/files/cover_images/article/AdobeStock_388567822_0.jpeg,voxeu.org,English,United Kingdom
https://www.wrvo.org/post/ron-desantis-pushes-coastal-resilience-while-doing-little-tackle-climate-change,,Ron DeSantis Pushes Coastal  Resilience  While Doing Little To Tackle Climate Change,20210506T020000Z,,wrvo.org,English,United States
https://www.wvik.org/post/ron-desantis-pushes-coastal-resilience-while-doing-little-tackle-climate-change,,Ron DeSantis Pushes Coastal  Resilience  While Doing Little To Tackle Climate Change,20210506T021500Z,,wvik.org,English,United States
https://www.interlochenpublicradio.org/2021-05-05/ron-desantis-pushes-coastal-resilience-while-doing-little-to-tackle-climate-change,,Ron DeSantis Pushes Coastal  Resilience  While Doing Little To Tackle Climate Change,20210506T021500Z,https://media.npr.org/assets/img/2021/05/05/gettyimages-1311497683-1eab748923ce0a67d0680eb3da36a388ac7b2fec.jpg,interlochenpublicradio.org,English,United States
https://www.wypr.org/2021-05-05/ron-desantis-pushes-coastal-resilience-while-doing-little-to-tackle-climate-change,https://www.wypr.org/2021-05-05/ron-desantis-pushes-coastal-resilience-while-doing-little-to-tackle-climate-change?_amp=true,Ron DeSantis Pushes Coastal  Resilience  While Doing Little To Tackle Climate Change,20210506T021500Z,https://media.npr.org/assets/img/2021/05/05/gettyimages-1311497683-1eab748923ce0a67d0680eb3da36a388ac7b2fec.jpg,wypr.org,English,United States
https://www.oakdaleleader.com/news/cal-fire-announces-availability-grant-funding/,,CAL FIRE Announces Availability Of Grant Funding - Oakdale Leader,20210506T023000Z,https://centralca.cdn-anvilcms.net/media/images/2021/05/05/images/firefighter_smoke.max-640x480.jpg,oakdaleleader.com,English,United States
https://www.bbc.co.uk/news/business-26820405,https://www.bbc.co.uk/news/business-26820405.amp,German coal industry underpins renewable push,20210506T093000Z,https://ichef.bbci.co.uk/news/1024/branded_news/BDAE/production/_118385584_5dc7e4eb-a4bf-43ab-bae2-880cc9200eb1.jpg,bbc.co.uk,English,United Kingdom
https://www.inlander.com/spokane/washington-lawmakers-pass-two-major-greenhouse-gas-reduction-bills-to-help-achieve-environmental-goals/Content?oid=21609861,https://www.inlander.com/spokane/washington-lawmakers-pass-two-major-greenhouse-gas-reduction-bills-to-help-achieve-environmental-goals/Content?oid=21609861 =AMP+HTML,Washington lawmakers pass two major greenhouse gas reduction bills to help achieve environmental goals,20210506T094500Z,https://media2.fdncms.com/inlander/imager/u/slideshow/21609860/news2-1-e7f3b2644088fcd0.jpg,inlander.com,English,United States
https://www.tradewindsnews.com/regulation/greece-wants-charterers-to-pay-for-european-carbon-rights/2-1-1006596,,Greece wants charterers to pay for European carbon rights,20210506T103000Z,https://images-global.nhst.tech/image/dzE0NmVWSjFyWXFJazhCVCtrMlEzMzJuQVdObWplYTlSTnl1b2xVdlRPST0=/nhst/binary/2e4ad44fa52da74ed1ad670bed32831f?image_version=720,tradewindsnews.com,English,China
https://www.indianagazette.com/news/dep-releases-proposed-final-rggi-rule-in-advance-of-meeting/article_ed9e7f2e-5005-52a2-8301-9b1c444e1324.html,,DEP releases proposed final RGGI rule in advance of meeting,20210506T121500Z,https://bloximages.newyork1.vip.townnews.com/indianagazette.com/content/tncms/assets/v3/editorial/d/4d/d4d89078-6d71-5cb1-b132-f3e3eee3cb23/607ed4c680a46.image.png,indianagazette.com,English,United States
https://www.msn.com/en-us/news/politics/senate-republicans-introduce-bill-that-would-alter-state-gop-leadership/ar-BB1gq9QK,,Senate Republicans introduce bill that would alter state GOP leadership,20210506T124500Z,,msn.com,English,United States
https://wusfnews.wusf.usf.edu/2021-05-05/ron-desantis-pushes-coastal-resilience-while-doing-little-to-tackle-climate-change,,Ron DeSantis Pushes Coastal  Resilience  While Doing Little To Tackle Climate Change,20210506T130000Z,https://media.npr.org/assets/img/2021/05/05/gettyimages-1311497683-1eab748923ce0a67d0680eb3da36a388ac7b2fec.jpg,wusfnews.wusf.usf.edu,English,United States
https://www.icis.com/explore/resources/news/2021/05/06/10635840/european-chemicals-industry-faces-1-5bn-carbon-bill,,European chemicals industry faces €1 . 5bn carbon bill,20210506T130000Z,https://icis.com/assets/getasset-958927.jpg,icis.com,English,China
https://www.mondaq.com/unitedstates/climate-change/1065464/how-are-we-really-going-to-get-to-net-zero-,,How Are We Really Going To Get To Net Zero ? - Environment,20210506T130000Z,,mondaq.com,English,United States
https://carnegieendowment.org/publications/84472,,Transatlantic Relations After Biden First 100 Days - Carnegie Endowment for International Peace,20210506T133000Z,https://images.carnegieendowment.org/images/article_images/GettyImages-1232458501.jpg,carnegieendowment.org,English,United States
https://shipandbunker.com/news/emea/895688-eu-postpones-shipping-ets-decision-to-july,,EU Postpones Shipping ETS Decision to July,20210506T134500Z,https://shipandbunker.cdn.speedyrails.net/a/img/_mt_11e0875caff5e788f334d3a5f431e476.jpg,shipandbunker.com,English,Singapore
https://www.wmfe.org/ron-desantis-pushes-coastal-resilience-while-doing-little-to-tackle-climate-change/180436,,Ron DeSantis Pushes Coastal  Resilience  While Doing Little To Tackle Climate Change - NPR News,20210506T141500Z,https://wmfeimages.s3.amazonaws.com/wp-content/uploads/2021/05/06072738/gettyimages-1311497683-1eab748923ce0a67d0680eb3da36a388ac7b2fec.jpg,wmfe.org,English,United States
https://phys.org/news/2021-05-hydrogen-electrification-potentials-climate.html,https://phys.org/news/2021-05-hydrogen-electrification-potentials-climate.amp,Hydrogen instead of electrification ? Potentials and risks for climate targets,20210506T153000Z,https://scx2.b-cdn.net/gfx/news/hires/2018/fueleconomy.jpg,phys.org,English,United States
https://www.naturalgasworld.com/uk-government-sets-bullish-reserve-price-for-carbon-launch-88005,,UK government sets limits for carbon market launch,20210506T160000Z,,naturalgasworld.com,English,Russia
https://dinsights.katadata.co.id/read/2021/05/06/coal-companies-shift-towards-green-energy-to-reduce-emissions,,Coal Companies Shift Towards Green Energy to Reduce Emissions,20210506T161500Z,https://cdn1.katadata.co.id/template-staging/template_dinsight_frontend/images/og-image-dinsights.png,dinsights.katadata.co.id,English,Indonesia
https://www.spglobal.com/platts/en/market-insights/latest-news/electric-power/050621-oil-companies-will-struggle-to-make-blue-hydrogen-economical-nel-ceo,,Oil companies will struggle to make blue hydrogen economical : Nel CEO,20210506T163000Z,,spglobal.com,English,
https://www.wri.org/insights/what-vulnerable-countries-need-cop26-climate-summit,,What Vulnerable Countries Need from the COP26 Climate Summit,20210506T163000Z,https://files.wri.org/d8/s3fs-public/styles/1222x722/s3/2021-05/undp-somalia-drought-novemver-2016.jpg?VersionId=UGDNISltPWSfiYGbxvz9to7z4d6MozUc&h=c3635fa2&itok=j6Zux0of,wri.org,English,United States
https://whyy.org/articles/pa-climate-report-predicts-nearly-6-degree-temperature-rise-more-heatwaves-and-intense-storms-by-2050/,https://whyy.org/articles/pa-climate-report-predicts-nearly-6-degree-temperature-rise-more-heatwaves-and-intense-storms-by-2050/amp/,"Pa . climate report predicts nearly 6 - degree temperature rise , more heatwaves by 2050",20210506T171500Z,https://whyy.org/wp-content/uploads/2021/05/OldForgeRoad-1920x1440.jpg,whyy.org,English,United States
https://www.wfit.org/florida/2021-05-06/ron-desantis-pushes-coastal-resilience-while-doing-little-to-tackle-climate-change,https://www.wfit.org/florida/2021-05-06/ron-desantis-pushes-coastal-resilience-while-doing-little-to-tackle-climate-change?_amp=true,Ron DeSantis Pushes Coastal  Resilience  While Doing Little To Tackle Climate Change,20210506T171500Z,https://media.npr.org/assets/img/2021/05/05/gettyimages-1311497683-1eab748923ce0a67d0680eb3da36a388ac7b2fec.jpg,wfit.org,English,United States
https://newrepublic.com/article/162313/bp-carbon-offsets-washington-finite-carbon-carlyle,,BP Carbon Offsets Strategy Is Bearing Fruit in Washington State,20210506T174500Z,https://images.newrepublic.com/009e8d9857d55eb08dea7fa74dd3df6cd0846985.jpeg?&crop=faces&fit=crop&fm=jpg,newrepublic.com,English,United States
https://www.eurekalert.org/pub_releases/2021-05/pifc-hio050421.php,,Hydrogen instead of electrification ? Potentials and risks for climate targets,20210506T180000Z,,eurekalert.org,English,United States
https://www.miragenews.com/exploring-subnational-approaches-to-sustainable-555843/,,Exploring subnational approaches to sustainable hydrogen in Netherlands,20210506T180000Z,,miragenews.com,English,United States
https://www.spglobal.com/platts/en/market-insights/latest-news/electric-power/050621-eu-carbon-prices-of-over-eur50mt-spur-ccs-interest,,EU carbon prices of over Eur50 / mt spur CCS interest,20210506T184500Z,,spglobal.com,English,
https://www.theclimategroup.org/news/netherlands-sustainable-hydrogen,,Exploring subnational approaches to sustainable hydrogen in the Netherlands,20210506T201500Z,,theclimategroup.org,English,United States
https://www.wesa.fm/environment-energy/2021-05-06/state-climate-report-predicts-nearly-six-degree-temperature-rise-more-heat-waves-and-intense-storms-by-2050,,"State Climate Report Predicts Nearly Six - Degree Temperature Rise , More Heat Waves And Intense Storms By 2050",20210506T203000Z,http://npr-brightspot.s3.amazonaws.com/72/f4/218b90a8495b835ef2d22e77f971/old-forge-road-in-chanceford-township-york-county-is-seen-here-on-july-21-2020-nearly-two-years-after-flash-floods-carried-away-part-of-the-road..jpg,wesa.fm,English,United States
https://thehill.com/opinion/energy-environment/552218-california-blazes-a-trail-with-95-percent-renewable-energy,https://thehill.com/opinion/energy-environment/552218-california-blazes-a-trail-with-95-percent-renewable-energy?amp,California blazes a trail with 95 percent renewable energy,20210506T210000Z,https://thehill.com/sites/default/files/calirfonia_renewable_energy_power.jpg,thehill.com,English,United States
https://www.rechargenews.com/technology/universal-faith-in-hydrogen-could-lock-world-into-fossil-fuel-reliance-dutch-study/2-1-1007113,,  Universal  faith in hydrogen could lock world into fossil fuel reliance : Dutch study,20210506T214500Z,https://images-global.nhst.tech/image/eGE5QkRsL2NYT1BFZHhsTnJsQ1RKVm5hS1Q0QThPNFg3RWczR1llcDNoOD0=/nhst/binary/afbb2053562807295d33e27fb60b6b89?image_version=720,rechargenews.com,English,United States
https://www.theadvocate.com/baton_rouge/opinion/article_2125896c-ad24-11eb-93a6-eb564bbc9f46.html,https://www.theadvocate.com/baton_rouge/opinion/article_2125896c-ad24-11eb-93a6-eb564bbc9f46.amp.html,Garey Forster : Dont let trial lawyers create a Ponzi scheme for coastal lawsuits,20210506T233000Z,https://bloximages.newyork1.vip.townnews.com/theadvocate.com/content/tncms/assets/v3/editorial/4/57/45707403-a055-5b57-b898-9e4819a7c233/5ef67a7c62a12.image.jpg,theadvocate.com,English,United States
https://www.rechargenews.com/technology/universal-faith-in-hydrogen-could-lock-world-into-fossil-fuel-reliance-german-study/2-1-1007113,,  Universal  faith in hydrogen could lock world into fossil fuel reliance : German study,20210507T021500Z,https://images-global.nhst.tech/image/eGE5QkRsL2NYT1BFZHhsTnJsQ1RKVm5hS1Q0QThPNFg3RWczR1llcDNoOD0=/nhst/binary/afbb2053562807295d33e27fb60b6b89?image_version=720,rechargenews.com,English,United States
https://www.foxnews.com/transcript/tucker-biden-raises-your-taxes-while-he-dodges-his-own,https://www.foxnews.com/transcript/tucker-biden-raises-your-taxes-while-he-dodges-his-own.amp,Tucker : Biden raises your taxes while he dodges his own,20210507T024500Z,https://static.foxnews.com/foxnews.com/content/uploads/2021/05/Tucker-Carlson.jpg,foxnews.com,English,United States
https://www.fool.com/earnings/call-transcripts/2021/05/06/rayonier-inc-ryn-q1-2021-earnings-call-transcript/?source=iedfolrf0000001,https://www.fool.com/amp/earnings/call-transcripts/2021/05/06/rayonier-inc-ryn-q1-2021-earnings-call-transcript/,Rayonier Inc ( RYN ) Q1 2021 Earnings Call Transcript,20210507T040000Z,,fool.com,English,United States
https://www.fool.com/earnings/call-transcripts/2021/05/06/rayonier-inc-ryn-q1-2021-earnings-call-transcript/,https://www.fool.com/amp/earnings/call-transcripts/2021/05/06/rayonier-inc-ryn-q1-2021-earnings-call-transcript/,Rayonier Inc ( RYN ) Q1 2021 Earnings Call Transcript,20210507T040000Z,,fool.com,English,United States
https://www.msn.com/en-us/news/politics/group-working-to-get-measures-on-oregon-ballot-to-prevent-lawmaker-walkouts/ar-BB1grJIL,,Group working to get measures on Oregon ballot to prevent lawmaker walkouts,20210507T041500Z,,msn.com,English,United States
https://www.washingtonexaminer.com/policy/energy/meeting-bidens-climate-pledge-would-require-dramatic-changes-to-fossil-fuel-based-economy,https://www.washingtonexaminer.com/policy/energy/meeting-bidens-climate-pledge-would-require-dramatic-changes-to-fossil-fuel-based-economy?_amp=true,Meeting Biden climate pledge would require  dramatic  changes to fossil fuel - based economy,20210507T043000Z,http://mediadc-brightspot.s3.amazonaws.com/6f/f6/97b73d974bf58ee697104366729f/wb.Energy.jpg,washingtonexaminer.com,English,United States
https://www.msn.com/en-us/news/politics/group-working-to-get-measures-on-oregon-ballot-to-prevent-lawmaker-walkouts/ar-BB1grRay,,Group working to get measures on Oregon ballot to prevent lawmaker walkouts,20210507T044500Z,,msn.com,English,United States
https://www.irishtimes.com/business/economy/eu-emissions-scheme-trumps-individual-state-action-on-climate-change-1.4557650,https://www.irishtimes.com/business/economy/eu-emissions-scheme-trumps-individual-state-action-on-climate-change-1.4557650?mode=amp,EU emissions scheme trumps individual state action on climate change,20210507T044500Z,https://www.irishtimes.com/polopoly_fs/1.4557648.1620335134!/image/image.jpg,irishtimes.com,English,Ireland
https://www.stuff.co.nz/environment/climate-news/125060135/un-scientists-world-needs-to-nearly-halve-methane-emissions-by-2030,,UN scientists : World needs to nearly halve methane emissions by 2030,20210507T051500Z,https://resources.stuff.co.nz/content/dam/images/4/y/r/j/3/c/image.related.StuffLandscapeSixteenByNine.1420x800.22gh0n.png/1620363270633.jpg,stuff.co.nz,English,New Zealand
https://reneweconomy.com.au/australias-states-are-forging-ahead-with-ambitious-emissions-cuts-imagine-if-they-worked-together/,https://reneweconomy.com.au/australias-states-are-forging-ahead-with-ambitious-emissions-cuts-imagine-if-they-worked-together/amp/,Australia states are forging ahead with ambitious emissions cuts . Imagine if they worked together,20210507T061500Z,https://reneweconomy.com.au/wp-content/uploads/2021/05/emissions-aus-copy.jpg,reneweconomy.com.au,English,Australia
https://www.euractiv.com/section/climate-environment/news/merkels-last-climate-summit-fails-on-finance-for-poor-nations/,,Merkel last climate summit fails on finance for poor nations – EURACTIV . com,20210507T064500Z,https://www.euractiv.com/wp-content/uploads/sites/2/2021/05/Petersberg-800x450.jpg,euractiv.com,English,United Kingdom
https://apnews.com/article/business-washington-422ef0293a49e1b09deef0b47ec56a00,,Washington House passes cap - and - trade bill,20210507T073000Z,,apnews.com,English,United States
https://www.timesobserver.com/news/local-news/2021/05/wolf-takes-next-step-to-start-carbon-emissions-caps-in-2022/,,"Wolf takes next step to start carbon emissions caps in 2022 | News , Sports , Jobs",20210507T073000Z,http://d14e0irai0gcaa.cloudfront.net/www.timesobserver.com/images/2016/11/01144139/fblike.jpg,timesobserver.com,English,United States
https://www.icis.com/explore/resources/news/2021/05/07/10524881/topic-page-coronavirus-oil-price-direction-impact-on-chemicals,,"TOPIC PAGE : Coronavirus , oil price direction – impact on chemicals",20210507T084500Z,https://icis.com/assets/getasset-908583.jpg,icis.com,English,China
https://www.marinelink.com/news/stena-bulk-ceo-erik-hnell-discusses-path-487458,,"Stena Bulk CEO Erik Hånell Discusses Path , Cost Toward",20210507T101500Z,https://images.marinelink.com/images/maritime/w800/the-infinitymax-concept-is-stena-122568.jpg,marinelink.com,English,United States
https://chinadialogue.net/en/business/european-carbon-pricing-finding-the-right-level/,,European carbon pricing : finding the right level,20210507T104500Z,https://cdn.chinadialogue.net/content/uploads/2021/05/05141140/carbon-princing-1-1024x683.png,chinadialogue.net,English,China
https://www.reuters.com/world/europe/german-climate-ruling-huge-opportunity-europe-von-der-leyen-says-2021-05-07/,,"German climate ruling huge opportunity for Europe , von der Leyen says",20210507T111500Z,https://www.reuters.com/resizer/ub758TnP8DNcUSocdYzEoS5S5oQ=/1200x628/smart/cloudfront-us-east-2.images.arcpublishing.com/reuters/VEC5ZIZFKNKLFFJH65V6UUTAMU.jpg,reuters.com,English,United States
http://www.msn.com/en-us/news/world/german-climate-ruling-huge-opportunity-for-europe-von-der-leyen-says/ar-BB1gsTrB,,"German climate ruling huge opportunity for Europe , von der Leyen says",20210507T140000Z,,msn.com,English,United States
https://www.oregonbusiness.com/article/politics/item/19316-biden-administration-highlights-state-climate-solutions,,Oregon Business - Biden Administration Accelerates State Climate Solutions,20210507T140000Z,https://www.oregonbusiness.com/media/k2/items/cache/318317ec850feb34f2a14446375c918f_XS.jpg,oregonbusiness.com,English,United States
https://www.internationaltaxreview.com/article/b1rqp7jwn504jz/this-week-in-tax-amazons-tax-filings-reignite-tax-avoidance-debate,,This week in tax : Amazon tax filings reignite tax avoidance debate,20210507T151500Z,https://www.internationaltaxreview.com/v-b5f12401b1a44ac90643ef40c0e4ed1c/Media/images/international-tax-review/ajosh/2020/amazon-eu-case-630x570.jpg,internationaltaxreview.com,English,United Kingdom
https://www.eenews.net/stories/1063731981,,POLITICS :  The state erupting : Colo . governor angers climate allies,20210507T151500Z,https://www.eenews.net/image_assets/2021/05/image_asset_117591.jpg,eenews.net,English,United States
https://www.euractiv.com/section/emissions-trading-scheme/news/eu-climate-chief-warns-against-curbing-carbon-price-rally/,,EU climate chief warns against curbing carbon price rally,20210507T154500Z,https://www.euractiv.com/wp-content/uploads/sites/2/2021/05/Timmermans-2-800x450.jpg,euractiv.com,English,United Kingdom
https://www.pressenza.com/2021/05/usda-may-allow-genetically-modified-trees-to-be-released-into-the-wild/,,USDA May Allow Genetically Modified Trees to Be Released Into the Wild,20210507T160000Z,https://cdn77.pressenza.com/wp-content/uploads/2021/05/chestnut.jpeg,pressenza.com,English,United States
https://www.reuters.com/business/energy/carbon-pricing-markets-taxes-or-regulation-kemp-2021-05-07/,,"Column : Carbon pricing - markets , taxes or regulation ? ",20210507T164500Z,https://www.reuters.com/resizer/AE84OJld8XTgtvvuAT5TlMtmrAk=/1200x628/smart/cloudfront-us-east-2.images.arcpublishing.com/reuters/7GQGPWPRT5ICFEGHTMF7HIY4NE.jpg,reuters.com,English,United States
https://www.nationofchange.org/2021/05/07/usda-may-allow-genetically-modified-trees-to-be-released-into-the-wild/,,USDA may allow genetically modified trees to be released into the wild,20210507T164500Z,https://i0.wp.com/www.nationofchange.org/wp-content/uploads/2021/05/chestnut-bur.jpg?fit=1978%2C1294&ssl=1,nationofchange.org,English,United States
https://www.msn.com/en-us/news/us/the-louisiana-chemical-plants-thriving-off-of-slavery/ar-BB1gtlKu,,The Louisiana Chemical Plants Thriving Off of Slavery,20210507T171500Z,,msn.com,English,United States
http://www.msn.com/en-us/news/us/the-louisiana-chemical-plants-thriving-off-of-slavery/ar-BB1gtlKu,,The Louisiana Chemical Plants Thriving Off of Slavery,20210507T171500Z,,msn.com,English,United States
https://www.natlawreview.com/author/natalie-kopplow,,Natalie Kopplow Environmental Attorney Greenberg Traurig Germany,20210507T181500Z,,natlawreview.com,English,United States
https://www.theatlantic.com/culture/archive/2021/05/louisiana-chemical-plants-thriving-off-slavery/618769/,https://amp.theatlantic.com/amp/article/618769/,Louisiana Chemical Plants Are Thriving Off of Slavery,20210507T204500Z,https://cdn.theatlantic.com/thumbor/AU8L84ePfvQZrfj55om_r_QGlwE=/0x0:7290x3799/960x500/media/img/mt/2021/05/Louisiana_2017_4_2224A/original.jpg,theatlantic.com,English,United States
https://torontosun.com/opinion/columnists/opinion-otooles-carbon-taxes-would-come-with-big-costs-for-families,https://torontosun.com/opinion/columnists/opinion-otooles-carbon-taxes-would-come-with-big-costs-for-families/wcm/9b1401c0-77d9-4320-a7fa-e05342268066/amp/,OPINION : OToole carbon taxes would come with big costs for families,20210507T213000Z,https://smartcdn.prod.postmedia.digital/torontosun/wp-content/uploads/2021/05/health-coronavirus-canada-e1620421790615.jpg?quality=100&strip=all,torontosun.com,English,Canada
https://www.msn.com/en-us/money/companies/par-pacific-holdings-inc-parr-q1-2021-earnings-call-transcript/ar-BB1gu2jT,,Par Pacific Holdings Inc ( PARR ) Q1 2021 Earnings Call Transcript,20210507T221500Z,,msn.com,English,United States
https://www.fool.com/earnings/call-transcripts/2021/05/07/par-pacific-holdings-inc-parr-q1-2021-earnings-cal/?source=iedfolrf0000001,https://www.fool.com/amp/earnings/call-transcripts/2021/05/07/par-pacific-holdings-inc-parr-q1-2021-earnings-cal/,Par Pacific Holdings Inc ( PARR ) Q1 2021 Earnings Call Transcript,20210507T223000Z,,fool.com,English,United States
https://www.emporiaindependentmessenger.com/news/article_7eb48146-aea5-11eb-b341-bf4fd9b32005.html,,Bill to increase carbon market participation for farmers reaches Senate,20210507T233000Z,,emporiaindependentmessenger.com,English,
http://www.gisborneherald.co.nz/focus-on-the-land/20210508/tree-stock-sales-jump/,,Tree stock sales jump,20210507T234500Z,,gisborneherald.co.nz,English,New Zealand
https://www.timminstimes.com/opinion/columnists/opinion-otooles-carbon-taxes-would-come-with-big-costs-for-families/wcm/aee889e0-8e92-4e3a-ac71-cce5eab0665d,https://www.timminstimes.com/opinion/columnists/opinion-otooles-carbon-taxes-would-come-with-big-costs-for-families/wcm/aee889e0-8e92-4e3a-ac71-cce5eab0665d/amp/,OPINION : OToole carbon taxes would come with big costs for families,20210508T041500Z,https://smartcdn.prod.postmedia.digital/nexus/wp-content/uploads/2021/05/health-coronavirus-canada-e1620421790615.jpg,timminstimes.com,English,Canada
https://www.midnorthmonitor.com/opinion/columnists/opinion-otooles-carbon-taxes-would-come-with-big-costs-for-families/wcm/aee889e0-8e92-4e3a-ac71-cce5eab0665d,https://www.midnorthmonitor.com/opinion/columnists/opinion-otooles-carbon-taxes-would-come-with-big-costs-for-families/wcm/aee889e0-8e92-4e3a-ac71-cce5eab0665d/amp/,OPINION : OToole carbon taxes would come with big costs for families,20210508T041500Z,https://smartcdn.prod.postmedia.digital/nexus/wp-content/uploads/2021/05/health-coronavirus-canada-e1620421790615.jpg,midnorthmonitor.com,English,Canada
https://www.elliotlakestandard.ca/opinion/columnists/opinion-otooles-carbon-taxes-would-come-with-big-costs-for-families/wcm/aee889e0-8e92-4e3a-ac71-cce5eab0665d,https://www.elliotlakestandard.ca/opinion/columnists/opinion-otooles-carbon-taxes-would-come-with-big-costs-for-families/wcm/aee889e0-8e92-4e3a-ac71-cce5eab0665d/amp/,OPINION : OToole carbon taxes would come with big costs for families,20210508T043000Z,https://smartcdn.prod.postmedia.digital/nexus/wp-content/uploads/2021/05/health-coronavirus-canada-e1620421790615.jpg,elliotlakestandard.ca,English,Canada
https://leaderpost.com/pmn/business-pmn/norways-oil-fields-to-run-on-green-power-as-they-export-carbon,https://leaderpost.com/pmn/business-pmn/norways-oil-fields-to-run-on-green-power-as-they-export-carbon/wcm/2c9431bf-4256-4fc9-97c8-ecfecaeb9267/amp/,Norway Oil Fields to Run on Green Power as They Export Carbon,20210508T053000Z,,leaderpost.com,English,Canada
https://www.cochranetimespost.ca/opinion/columnists/opinion-otooles-carbon-taxes-would-come-with-big-costs-for-families/wcm/aee889e0-8e92-4e3a-ac71-cce5eab0665d,https://www.cochranetimespost.ca/opinion/columnists/opinion-otooles-carbon-taxes-would-come-with-big-costs-for-families/wcm/aee889e0-8e92-4e3a-ac71-cce5eab0665d/amp/,OPINION : OToole carbon taxes would come with big costs for families,20210508T053000Z,https://smartcdn.prod.postmedia.digital/nexus/wp-content/uploads/2021/05/health-coronavirus-canada-e1620421790615.jpg,cochranetimespost.ca,English,Canada
https://www.irishtimes.com/opinion/cliff-taylor-ireland-is-set-to-be-a-member-of-the-awkward-squad-in-brussels-1.4558540,https://www.irishtimes.com/opinion/cliff-taylor-ireland-is-set-to-be-a-member-of-the-awkward-squad-in-brussels-1.4558540?mode=amp,Cliff Taylor : Ireland is set to be a member of the awkward squad in Brussels,20210508T053000Z,https://www.irishtimes.com/image-creator/?id=1.4558530&origw=1440,irishtimes.com,English,Ireland
https://www.timminspress.com/opinion/columnists/opinion-otooles-carbon-taxes-would-come-with-big-costs-for-families/wcm/aee889e0-8e92-4e3a-ac71-cce5eab0665d,https://www.timminspress.com/opinion/columnists/opinion-otooles-carbon-taxes-would-come-with-big-costs-for-families/wcm/aee889e0-8e92-4e3a-ac71-cce5eab0665d/amp/,OPINION : OToole carbon taxes would come with big costs for families,20210508T063000Z,https://smartcdn.prod.postmedia.digital/nexus/wp-content/uploads/2021/05/health-coronavirus-canada-e1620421790615.jpg,timminspress.com,English,Canada
https://www.nugget.ca/opinion/columnists/opinion-otooles-carbon-taxes-would-come-with-big-costs-for-families/wcm/aee889e0-8e92-4e3a-ac71-cce5eab0665d,https://www.nugget.ca/opinion/columnists/opinion-otooles-carbon-taxes-would-come-with-big-costs-for-families/wcm/aee889e0-8e92-4e3a-ac71-cce5eab0665d/amp/,OPINION : OToole carbon taxes would come with big costs for families,20210508T063000Z,https://smartcdn.prod.postmedia.digital/nexus/wp-content/uploads/2021/05/health-coronavirus-canada-e1620421790615.jpg,nugget.ca,English,Canada
https://www.politico.com/states/california/story/2021/05/06/biden-plan-could-save-california-high-speed-rail-if-only-state-leaders-can-unite-1380109,,Biden plan could save California high - speed rail if state leaders can ever unite,20210508T154500Z,https://static.politico.com/d8/62/0da50acf41d58dc8e7021080e16a/210506-ca-high-speed-rail-ap-773.jpg,politico.com,English,United States
https://augustafreepress.com/bill-to-increase-carbon-market-participation-for-farmers-reaches-senate/,,Bill to increase carbon market participation for farmers reaches Senate,20210508T170000Z,https://i1.wp.com/augustafreepress.com/wp-content/uploads/2020/12/us-politics.jpg?fit=400%2C267&ssl=1,augustafreepress.com,English,United States
https://www.gov.uk/government/publications/design-of-the-carbon-capture-and-storage-ccs-infrastructure-fund/the-carbon-capture-and-storage-infrastructure-fund-an-update-on-its-design-accessible-webpage,,The Carbon Capture and Storage Infrastructure Fund : an update on its design ( accessible webpage ) ,20210509T024500Z,https://www.gov.uk/assets/static/opengraph-image-a1f7d89ffd0782738b1aeb0da37842d8bd0addbd724b8e58c3edbc7287cc11de.png,gov.uk,English,United Kingdom
https://www.coloradopolitics.com/energy-and-environment/meeting-bidens-climate-pledge-would-require-dramatic-changes-to-fossil-fuel-based-economy/article_de996815-a1c0-5d5b-a978-34cbd774b350.html,https://www.coloradopolitics.com/energy-and-environment/meeting-bidens-climate-pledge-would-require-dramatic-changes-to-fossil-fuel-based-economy/article_de996815-a1c0-5d5b-a978-34cbd774b350.amp.html,Meeting Biden climate pledge would require  dramatic  changes to fossil fuel - based economy,20210509T063000Z,https://bloximages.newyork1.vip.townnews.com/coloradopolitics.com/content/tncms/assets/v3/editorial/1/aa/1aa508fc-e1c5-5826-8c1f-14292fba50e6/608a1c6ad63ee.image.jpg,coloradopolitics.com,English,United States
http://www.ruthfullyyours.com/page/7647/,,RUTHFULLY YOURS,20210509T103000Z,,ruthfullyyours.com,English,United States
https://www.japantimes.co.jp/opinion/2021/05/09/commentary/world-commentary/joe-biden-climate-change-environment-emissions-carbon-kyoto-protocol/,,Climate targets must  be realistic and demand the impossible  ,20210509T120000Z,https://cdn-japantimes.com/wp-content/uploads/2021/05/np_file_84176-870x489.jpeg,japantimes.co.jp,English,Japan
https://www.japantimes.co.jp/?post_type=opinion&p=3004979,,Climate targets must  be realistic and demand the impossible  ,20210509T143000Z,https://cdn-japantimes.com/wp-content/uploads/2021/05/np_file_84176-870x489.jpeg,japantimes.co.jp,English,Japan
https://www.advisorperspectives.com/commentaries/2021/05/07/climate-change-sectors-heat-up,,Climate Change Sectors Heat Up,20210509T161500Z,https://www.advisorperspectives.com/commentaries/thumbnails/2a31814a8b768094cf6602f9e3166ada9e52dc22.jpeg,advisorperspectives.com,English,China
https://www.eventbrite.com.au/e/a-decade-of-drift-martin-parkinson-on-wasted-climate-opportunities-tickets-153895588849,,A Decade of Drift : Martin Parkinson on wasted climate opportunities,20210509T201500Z,https://img.evbuc.com/https%3A%2F%2Fcdn.evbuc.com%2Fimages%2F134594135%2F108462410157%2F1%2Foriginal.20210506-233048?&auto=format%2Ccompress&q=75&sharp=10&rect=0%2C0%2C2160%2C1080&s=cb2f2886f7f685d7f6aef3cae71cf76a,eventbrite.com.au,English,Australia
https://www.theguardian.com/world/2021/may/10/humans-already-have-the-tools-to-combat-climate-change-but-we-lack-leadership,https://amp.theguardian.com/world/2021/may/10/humans-already-have-the-tools-to-combat-climate-change-but-we-lack-leadership,Humans already have the tools to combat climate change but we lack leadership | New Zealand,20210509T210000Z,https://i.guim.co.uk/img/media/3f418941dffd711c201fe5ff326f0631d16220d2/0_123_2000_1201/master/2000.jpg?&quality=85&auto=format&fit=crop&overlay-align=bottom%2Cleft&overlay-width=100p&overlay-base64=L2ltZy9zdGF0aWMvb3ZlcmxheXMvdGctZGVmYXVsdC5wbmc&enable=upscale&s=16d1b048aa43b53b6d7ccedd8caff138,theguardian.com,English,United Kingdom
https://www.mining.com/commodities-that-will-rule-the-green-digital-transition/,,"Commodities that will rule the green , digital transition",20210509T210000Z,https://www.mining.com/wp-content/uploads/2021/05/Commodities-that-will-rule-the-green-digital-transition.jpg,mining.com,English,Canada
https://www.msn.com/en-xl/news/other/cop26-time-to-make-carbon-polluters-pay-not-just-talk-emissions-cuts/ar-BB1gxOYz,,"COP26 : time to make carbon polluters pay , not just talk emissions cuts",20210509T223000Z,,msn.com,English,United States
https://www.stuff.co.nz/environment/climate-news/125060135/what-it-would-take-for-nz-to-nearly-halve-methane-emissions-by-2030,,What it would take for NZ to nearly halve methane emissions by 2030,20210510T004500Z,https://resources.stuff.co.nz/content/dam/images/4/y/r/j/3/c/image.related.StuffLandscapeSixteenByNine.1420x800.22gh0n.png/1620605827451.jpg,stuff.co.nz,English,New Zealand
https://leaderpost.com/pmn/business-pmn/carbon-pricing-markets-taxes-or-regulation-kemp-2,https://leaderpost.com/pmn/business-pmn/carbon-pricing-markets-taxes-or-regulation-kemp-2/wcm/0a9781a7-1c17-4a21-8dbf-06925a1a8105/amp/,"Carbon pricing - markets , taxes or regulation ? Kemp",20210510T011500Z,,leaderpost.com,English,Canada
https://financialpost.com/pmn/business-pmn/carbon-pricing-markets-taxes-or-regulation-kemp-2,https://financialpost.com/pmn/business-pmn/carbon-pricing-markets-taxes-or-regulation-kemp-2/wcm/0a9781a7-1c17-4a21-8dbf-06925a1a8105/amp/,"Carbon pricing - markets , taxes or regulation ? Kemp",20210510T030000Z,,financialpost.com,English,Canada
https://www.seatrade-maritime.com/environmental/greece-says-charterers-should-pay-eu-emissions-trading-costs,,Greece says charterers should pay EU emissions trading costs,20210510T053000Z,https://www.seatrade-maritime.com/sites/seatrade-maritime.com/files/funnel.jpeg,seatrade-maritime.com,English,China
https://www.euractiv.com/section/energy-environment/news/co2-pricing-not-enough-to-decarbonise-industry-chemical-makers-say/,,"CO2 pricing  not enough  to decarbonise industry , chemical makers say",20210510T061500Z,https://www.euractiv.com/wp-content/uploads/sites/2/2021/05/Chemicals-1.jpg,euractiv.com,English,United Kingdom
https://energycentral.com/c/ec/should-methane-emissions-regulations-be-prescriptive-or-performance-based,,Should Methane Emissions Regulations Be Prescriptive or Performance Based ? ,20210510T064500Z,,energycentral.com,English,United States
https://www.msn.com/en-au/news/australia/malcolm-turnbull-reserves-right-to-back-more-independent-candidates-in-elections/ar-BB1gyxxv,,Malcolm Turnbull reserves right to back more independent candidates in elections,20210510T073000Z,,msn.com,English,United States
https://aviationweek.com/forum/business-aviation/bizavs-role-wider-availability-saf,,Bizav Role In Wider Availability of SAF | Aviation Week Network,20210510T074500Z,https://aviationweek.com/sites/default/files/2021-05/signature_neste_saf.jpg,aviationweek.com,English,United States
https://www.theguardian.com/australia-news/2021/may/10/malcolm-turnbull-reserves-right-to-back-more-independent-candidates-in-elections,https://amp.theguardian.com/australia-news/2021/may/10/malcolm-turnbull-reserves-right-to-back-more-independent-candidates-in-elections,Malcolm Turnbull reserves right to back more independent candidates in elections,20210510T091500Z,https://i.guim.co.uk/img/media/e1ab913a18c400503b0a0ef802ec45fcc870f214/1324_214_2811_1687/master/2811.jpg?&quality=85&auto=format&fit=crop&overlay-align=bottom%2Cleft&overlay-width=100p&overlay-base64=L2ltZy9zdGF0aWMvb3ZlcmxheXMvdGctZGVmYXVsdC5wbmc&enable=upscale&s=0fa38975bf79c4d0131d5173ab05d71b,theguardian.com,English,United Kingdom
https://www.propublica.org/article/a-nonprofit-promised-to-preserve-wildlife-then-it-made-millions-claiming-it-could-cut-down-trees,https://www.propublica.org/article/a-nonprofit-promised-to-preserve-wildlife-then-it-made-millions-claiming-it-could-cut-down-trees/amp,A Nonprofit Promised to Preserve Wildlife . Then It Made Millions Claiming It Could Cut Down Trees,20210510T093000Z,https://img.assets-c3.propublica.org/images/articles/20210507_carbon-credits-additionality-1200x630.jpeg?crop=focalpoint&fit=crop&fp-x=0.5&fp-y=0.5&q=90&s=3f0b5a0877f7ebc043455db4078879fd,propublica.org,English,United States
https://www.edie.net/news/11/Report--Just-6--of-UK-s-tax-revenue-is--green-/,https://www.edie.net/amp-news/11/Report--Just-6--of-UK-s-tax-revenue-is--green-/,Report : Just 6 % of united kingdom tax revenue is  green  ,20210510T104500Z,https://e2k9ube.cloudimg.io/s/cdn/x/https://edienet.s3.amazonaws.com/news/images/42052.jpg,edie.net,English,United Kingdom
https://www.lmtonline.com/entertainment/article/What-Joe-Manchin-Wants-16164678.php,,What Joe Manchin Wants,20210510T123000Z,https://s.hdnux.com/photos/01/17/77/44/20969741/3/rawImage.jpg,lmtonline.com,English,United States
https://www.chron.com/entertainment/article/What-Joe-Manchin-Wants-16164678.php,,What Joe Manchin Wants,20210510T130000Z,https://s.hdnux.com/photos/01/17/77/44/20969741/3/rawImage.jpg,chron.com,English,United States
https://placetech.net/news/lg-poaches-sustainability-heavyweight/,https://placetech.net/news/lg-poaches-sustainability-heavyweight/amp/,PlaceTech | L & G poaches sustainability heavyweight,20210510T131500Z,https://placetech.net/wp-content/uploads/ALKER-John-005-e1620641687668.jpg,placetech.net,English,
https://www.washingtonexaminer.com/policy/energy/the-elephant-in-the-room-on-biden-climate-agenda,https://www.washingtonexaminer.com/policy/energy/the-elephant-in-the-room-on-biden-climate-agenda?_amp=true,The  elephant in the room  on Biden climate agenda,20210510T133000Z,http://mediadc-brightspot.s3.amazonaws.com/55/bb/bc489f4245e083b35c8dd90d404a/ap-18274786423466.jpg,washingtonexaminer.com,English,United States
https://www.upstreamonline.com/energy-transition/dutch-government-grants-2-4bn-in-subsidies-for-giant-north-sea-ccs-project/2-1-1008239,,Dutch government grants $2 . 4bn in subsidies for giant North Sea CCS project,20210510T133000Z,https://images-global.nhst.tech/image/UlVUUUpVczl4TG9xNDZENUdSdDJMd1Vja2FvQ1hTU3dlcVZadmlGSm9BMD0=/nhst/binary/6a3e923f60e2bd1f2271efeef8977d05?image_version=720,upstreamonline.com,English,United States
https://www.jwnenergy.com/article/2021/5/10/norways-oil-fields-to-run-on-green-power-as-they-e/,,Norway oil fields to run on green power as they export carbon,20210510T133000Z,https://www.jwnenergy.com/media/filer_public_thumbnails/filer_public/ab/1b/ab1b7306-0b0d-4fa7-9a6c-7857b4e98b9b/oilgas_offshore-norway_source_conocophillips.png__420x420_q85_subsampling-2.png,jwnenergy.com,English,Canada
https://www.invw.org/2021/05/10/can-oregon-democrats-learn-from-b-c-s-conservative-backed-carbon-tax/,,Can Oregon Democrats learn from B . C . conservative - backed carbon tax ? ,20210510T150000Z,https://www.invw.org/wp-content/uploads/2021/05/DemocratsAlone.jpg,invw.org,English,United States
https://morinvillenews.com/2021/05/10/opinion-otooles-carbon-taxes-would-come-with-big-costs-for-families/,,Opinion : OToole carbon taxes would come with big costs for families – Morinville News – Morinville Online,20210510T160000Z,https://i0.wp.com/morinvillenews.com/wp-content/uploads/2020/09/opinion.jpg?fit=1030%2C438&ssl=1,morinvillenews.com,English,Canada
http://www.msn.com/en-us/news/politics/washington-passed-its-cap-and-trade-climate-legislation-now-what/ar-BB1gzId4,,Washington Passed its Cap - and - Trade Climate Legislation . Now What ? ,20210510T173000Z,,msn.com,English,United States
https://www.afr.com/policy/energy-and-climate/carbon-border-taxes-mostly-unnecessary-climate-guru-says-20210511-p57qnx,,"Carbon border taxes mostly unnecessary , climate guru says",20210510T174500Z,https://static.ffx.io/images/$zoom_1.6444%2C$multiply_0.7554%2C$ratio_1.777778%2C$width_1059%2C$x_0%2C$y_0/t_crop_custom/e_sharpen:25%2Cq_85%2Cf_jpg/t_afr_no_label_no_age_social_wm/51b6f60b4162257cf6ca9b2eff33e770a1ad4390,afr.com,English,Australia
https://www.northernminer.com/news/commodities-that-will-rule-the-green-digital-transition/1003830766/,,"Commodities that will rule the green , digital transition",20210510T181500Z,https://www.northernminer.com/wp-content/uploads/2021/05/Commodities-that-will-rule-the-green-digital-transition.jpg,northernminer.com,English,Canada
https://www.bostonglobe.com/2021/05/10/metro/mass-audubon-promised-preserve-wildlife-then-it-made-millions-claiming-it-could-cut-down-trees/,https://www.bostonglobe.com/2021/05/10/metro/mass-audubon-promised-preserve-wildlife-then-it-made-millions-claiming-it-could-cut-down-trees/?outputType=amp,Mass Audubon promised to preserve wildlife . Then it made millions claiming it could cut down trees,20210510T200000Z,https://bostonglobe-prod.cdn.arcpublishing.com/resizer/TX2SQnvtJStb1Xc6I5M2QZgIsAs=/506x0/cloudfront-us-east-1.images.arcpublishing.com/bostonglobe/EFXFHYU5HMI6PDX5UTQ6QXA434.jpg,bostonglobe.com,English,United States
https://newsoninvest.com/czechs-demand-probe-into-carbon-credits-sale-by-sanjeev-gupta-steel-plant/,https://newsoninvest.com/czechs-demand-probe-into-carbon-credits-sale-by-sanjeev-gupta-steel-plant/amp/,Czechs demand probe into carbon credits sale by Sanjeev Gupta steel plant,20210510T213000Z,https://nde.regolith.work/static/articles_images/44bcc05d844fe1e6a92a3ce9069bec07.md5.png.lark.png,newsoninvest.com,English,China
https://www.agriland.ie/farming-news/ireland-needs-to-maintain-commitment-to-a-just-transition-oecd/,,Ireland needs to  maintain commitment  to a just transition - OECD,20210510T213000Z,https://cdn.agriland.ie/uploads/2018/07/Eamon-Ryan.jpg,agriland.ie,English,Ireland
http://jordantimes.com/opinion/daniel-gros/green-art-possible,,The green art of the possible,20210510T220000Z,,jordantimes.com,English,Jordan
http://agreenliving.org/carbon-credits-market-expanding-despite-challenges/,,"Carbon credits market expanding despite challenges | A Green Living Blog - Go Green , Green Home , Green Energy",20210510T234500Z,,agreenliving.org,English,United States
http://www.jordantimes.com/opinion/daniel-gros/green-art-possible,,The green art of the possible,20210511T004500Z,,jordantimes.com,English,Jordan
https://www.fnarena.com/index.php/2021/05/11/esg-focus-climate-summits-coal-story/,,ESG Focus : Climate Summit Coal Story,20210511T014500Z,https://www.fnarena.com/wp-content/uploads/2021/05/black-coal-lump.jpg,fnarena.com,English,Australia
https://www.yesmagazine.org/issue/the-solving-plastics-issue/2021/05/10/breaking-free,,The Work of Breaking Free,20210511T033000Z,https://i2.wp.com/www.yesmagazine.org/wp-content/uploads/2021/05/98-Making-the-Connection.jpg?fit=1400%2C840&quality=90&ssl=1,yesmagazine.org,English,United States
https://www.euractiv.com/section/energy-environment/opinion/industry-must-align-with-the-climate-neutrality-objective/,,Industry must align with the climate neutrality objective,20210511T061500Z,https://www.euractiv.com/wp-content/uploads/sites/2/2021/05/Industry-800x450.jpg,euractiv.com,English,United Kingdom
https://www.euractiv.com/section/energy-environment/news/us-raises-concerns-over-europes-planned-carbon-border-tax/,,US raises concerns over Europe planned carbon  border tax  – EURACTIV . com,20210511T064500Z,https://www.euractiv.com/wp-content/uploads/sites/2/2021/05/Kerry-and-Timmermans-800x450.jpg,euractiv.com,English,United Kingdom
https://www.straitstimes.com/singapore/politics/singapore-developing-system-to-build-quality-and-verifiability-into-carbon,,Singapore developing system to build quality and verifiability into carbon trading : Tan See Leng,20210511T071500Z,https://static.straitstimes.com.sg/s3fs-public/styles/x_large/public/articles/2021/05/11/af_sgfactory_1105.jpg?itok=0qUOxVnG,straitstimes.com,English,Singapore
https://www.mondaq.com/unitedstates/clean-air-pollution/1066756/greenhouse-gas-emissions-cap-and-trade-program-enacted-by-washington-legislature,,Greenhouse Gas Emissions Cap - and - Trade Program Enacted By Washington Legislature - Environment,20210511T073000Z,,mondaq.com,English,United States
https://www.einnews.com/pr_news/540797890/dgb-group-welcomes-the-retallack-family-office-as-new-substantial-shareholder,https://www.einnews.com/amp/pr_news/540797890/dgb-group-welcomes-the-retallack-family-office-as-new-substantial-shareholder,DGB Group welcomes The Retallack Family Office as new substantial shareholder,20210511T084500Z,,einnews.com,English,United States
https://www.hcn.org/articles/forests-is-californias-carbon-offset-program-actually-helping-the-environment,,Is California carbon offset program actually helping the environment ? High Country News – Know the West,20210511T091500Z,https://www.hcn.org/articles/forests-is-californias-carbon-offset-program-actually-helping-the-environment/bigimage_large,hcn.org,English,United States
http://www.ruthfullyyours.com/page/7651/,,RUTHFULLY YOURS,20210511T104500Z,,ruthfullyyours.com,English,United States
https://www.sonnenseite.com/en/science/hydrogen-instead-of-electrification/,,Hydrogen instead of electrification ? - Sonnenseite - Ökologische Kommunikation mit Franz Alt,20210511T114500Z,https://www.sonnenseite.com/wp-content/uploads/2020/07/Wasserstoff_auto01_aa-w.jpg,sonnenseite.com,English,Germany
https://economictimes.indiatimes.com/industry/auto-demand-still-strong-at-the-fundamental-level-tv-narendran-ceo-md-tata-steel/articleshow/82544079.cms,https://m.economictimes.com/industry/indl-goods/svs/steel/auto-demand-still-strong-at-the-fundamental-level-tv-narendran-ceo-md-tata-steel/amp_articleshow/82544079.cms,"tata steel : Auto demand still strong at the fundamental level : TV Narendran , CEO & MD , Tata Steel",20210511T123000Z,"https://img.etimg.com/thumb/msid-82544098,width-1070,height-580,imgsize-96574,overlay-economictimes/photo.jpg",economictimes.indiatimes.com,English,India
https://www.msn.com/en-us/news/world/kenya-plans-to-set-up-emissions-trading-system/ar-BB1gBIK5,,Kenya plans to set up emissions trading system,20210511T131500Z,,msn.com,English,United States
https://financialpost.com/pmn/business-pmn/commodities-trader-trafigura-launches-carbon-trading-desk-2,https://financialpost.com/pmn/business-pmn/commodities-trader-trafigura-launches-carbon-trading-desk-2/wcm/38be7bdb-04a7-4d7a-af3f-cae7ab4d07a7/amp/,Commodities trader Trafigura launches carbon trading desk,20210511T133000Z,,financialpost.com,English,Canada
https://www.zawya.com/mena/en/business/story/Kenya_plans_to_set_up_emissions_trading_system-TR20210511nL8N2MY4W1X1/,https://www.zawya.com/mena/en/story/amp/TR20210511nL8N2MY4W1X1/,Kenya plans to set up emissions trading system,20210511T134500Z,,zawya.com,English,United Arab Emirates
https://www.eenews.net/stories/1063732183,,ENERGY TRANSITIONS : Europe record - high carbon price drives down coal use,20210511T140000Z,https://www.eenews.net/image_assets/2021/05/image_asset_117901.jpg,eenews.net,English,United States
https://www.reuters.com/world/africa/kenya-plans-set-up-emissions-trading-system-2021-05-11/,,Kenya plans to set up emissions trading system,20210511T141500Z,https://www.reuters.com/resizer/Hy3uSTJXFt1o_D9exV47TihKidA=/1200x628/smart/cloudfront-us-east-2.images.arcpublishing.com/reuters/O3UVI4NVRFM3DM5MGRC7DXFJ7E.jpg,reuters.com,English,United States
https://www.msn.com/en-us/news/other/kenya-plans-to-set-up-emissions-trading-system/ar-BB1gBR4S,,Kenya plans to set up emissions trading system,20210511T141500Z,,msn.com,English,United States
https://economictimes.indiatimes.com/markets/expert-view/auto-demand-still-strong-at-the-fundamental-level-tv-narendran-ceo-md-tata-steel/articleshow/82550333.cms,https://m.economictimes.com/industry/indl-goods/svs/steel/auto-demand-still-strong-at-the-fundamental-level-tv-narendran-ceo-md-tata-steel/articleshow/82550333.cms,tata steel : Tata Steel shareholders are multi - generational : TV Narendran,20210511T143000Z,"https://img.etimg.com/thumb/msid-82544098,width-1070,height-580,imgsize-96574,overlay-etmarkets/photo.jpg",economictimes.indiatimes.com,English,India
https://www.spglobal.com/platts/en/market-insights/podcasts/platts-future-energy/051121-china-climate-goals-net-zero-carbon-2060,,China climate conundrum : Carbon neutrality 2060 and its implications for fossil fuels,20210511T144500Z,,spglobal.com,English,
https://www.eenews.net/stories/1063732197,,NEWSMAKER : How a pro - coal Republican became a climate deal - maker,20210511T153000Z,https://www.eenews.net/image_assets/2021/05/image_asset_117857.jpg,eenews.net,English,United States
https://www.benzinga.com/news/21/05/21062940/profit-from-the-circular-economy-model-by-investing-in-susglobal-energy-corp,https://amp.benzinga.com/amp/content/21062940, ( SNRG ) - Profit from the Circular Economy Model by Investing in SusGlobal Energy Corp . ,20210511T154500Z,,benzinga.com,English,United States
https://www.reuters.com/article/kenya-climate-eu/kenya-plans-to-set-up-emissions-trading-system-idUSL8N2MY4W1,https://mobile.reuters.com/article/amp/idUSKBN2CS1OI,Kenya plans to set up emissions trading system,20210511T163000Z,https://static.reuters.com/resources/r/?m=02&d=20210511&t=2&i=1561688357&r=LYNXMPEH4A0TQ,reuters.com,English,United States
https://www.ghanaweb.com/GhanaHomePage/africa/Kenya-setting-up-emissions-trading-market-says-Ukur-Yatani-1258465,https://mobile.ghanaweb.com/GhanaHomePage/africa/Kenya-setting-up-emissions-trading-market-says-Ukur-Yatani-1258465,"Kenya setting up emissions trading market , says Ukur Yatani",20210511T164500Z,https://cdn.ghanaweb.com/imagelib/src/ukuryatani1002ca.jpg,ghanaweb.com,English,Ghana
https://mondovisione.com/media-and-resources/news/cftcs-energy-and-environmental-markets-advisory-committee-to-meet-june-3/,,CFTC Energy And Environmental Markets Advisory Committee To Meet June 3,20210511T164500Z,,mondovisione.com,English,United States
https://www.theglobeandmail.com/backgrounds/article-what-is-the-difference-between-carbon-pricing-and-cap-and-trade/,https://www.theglobeandmail.com/amp/backgrounds/article-what-is-the-difference-between-carbon-pricing-and-cap-and-trade/,What is carbon pricing ? How is it different from cap - and - trade ? ,20210511T170000Z,https://www.theglobeandmail.com/resources/assets/meta/facebook-1200x630.png,theglobeandmail.com,English,Canada
https://www.businessdailyafrica.com/bd/economy/kenya-setting-up-emissions-trading-market-says-ukur-yatani-3396630,https://www.businessdailyafrica.com/bd/economy/kenya-setting-up-emissions-trading-market-says-ukur-yatani-3396630?view=htmlamp,"Kenya setting up emissions trading market , says Ukur Yatani",20210511T174500Z,https://www.businessdailyafrica.com/resource/blob/3296608/4a6376db0ced2771a6fe8be07e9d48d5/ukuryatani1002ca-data.jpg,businessdailyafrica.com,English,Kenya
https://www.naija247news.com/2021/05/11/kenya-plans-to-set-up-emissions-trading-system/,,Kenya plans to set up emissions trading system,20210511T180000Z,https://i1.wp.com/www.naija247news.com/wp-content/uploads/2021/05/6B00D0D9-E839-453C-B23C-FCF94419E8B8.png?fit=375%2C232&ssl=1,naija247news.com,English,Nigeria
https://oilprice.com/Energy/Energy-General/Extending-The-European-Green-Deal-Into-Eurasia.html,https://oilprice.com/Energy/Energy-General/Extending-The-European-Green-Deal-Into-Eurasia.amp.html,Extending The European Green Deal Into Eurasia,20210511T183000Z,https://d32r1sh890xpii.cloudfront.net/article/718x300/2021-05-11_ezjcjroul9.jpg,oilprice.com,English,United States
https://mondovisione.com/media-and-resources/news/cftcs-energy-and-environmental-markets-advisory-committee-to-meet-june-3-1/,,CFTC Energy And Environmental Markets Advisory Committee To Meet June 3,20210511T190000Z,,mondovisione.com,English,United States
https://oilprice.com/Energy/Energy-General/Oil-Markets-Stable-Despite-Major-Pipeline-Outage.html,https://oilprice.com/Energy/Energy-General/Oil-Markets-Stable-Despite-Major-Pipeline-Outage.amp.html,Oil Markets Stable Despite Major Pipeline Outage,20210511T193000Z,https://d32r1sh890xpii.cloudfront.net/article/718x300/2021-05-11_lm6tn9osgk.jpg,oilprice.com,English,United States
https://www.bluemountaineagle.com/news/providing-an-outlet-for-electric-vehicles/article_0d32abce-ae91-11eb-a453-2304196621f5.html,,Providing an outlet for electric vehicles,20210511T194500Z,https://bloximages.newyork1.vip.townnews.com/bluemountaineagle.com/content/tncms/assets/v3/editorial/9/ca/9ca87838-b1c5-11eb-992c-5f85f19b3b03/609988e202184.image.jpg,bluemountaineagle.com,English,United States
https://www.businesslive.co.za/bd/world/africa/2021-05-11-kenya-emissions-trading-plan-at-advanced-stage-says-finance-minister/,,"Kenya emissions trading plan at advanced stage , says finance minister",20210511T213000Z,,businesslive.co.za,English,South Africa
https://www.scpr.org/programs/take-two/2021/05/11/21780/,https://www.scpr.org/programs/take-two/2021/05/11/21780.amp,"Take Two | $9 Billion for Homelessness , Contact Tracing Diaries , Shortcomings of California Cap - and - Trade Program",20210511T213000Z,https://a.scpr.org/i/f81053a2381f1a3b5b383e9c305c3a22/215024-full.jpg,scpr.org,English,United States
https://www.einnews.com/pr_news/540824924/dgb-group-welcomes-the-retallack-family-office-as-new-substantial-shareholder,https://www.einnews.com/amp/pr_news/540824924/dgb-group-welcomes-the-retallack-family-office-as-new-substantial-shareholder,DGB Group welcomes The Retallack Family Office as new substantial shareholder,20210511T213000Z,,einnews.com,English,United States
https://www.straitstimes.com/singapore/politics/spore-strengthening-verifiability-and-trust-in-carbon-credits-to-boost-hub,,Spore strengthening verifiability and trust in carbon credits to boost hub ambitions,20210511T221500Z,https://www.straitstimes.com/sites/all/themes/custom/bootdemo/images/facebook_default_pic_new.jpg,straitstimes.com,English,Singapore
https://www.standardmedia.co.ke/business/business-news/article/2001412559/kenya-moves-to-cut-harmful-gas-emissions,https://www.standardmedia.co.ke/amp/business-news/article/2001412559/kenya-moves-to-cut-harmful-gas-emissions,Kenya moves to cut harmful gas emissions,20210511T223000Z,https://cdn.standardmedia.co.ke/images/tuesday/yatani_emission_all609a98af88f5a.jpg,standardmedia.co.ke,English,Kenya
https://www.standardmedia.co.ke/business/article/2001412559/kenya-moves-to-cut-harmful-gas-emissions,https://www.standardmedia.co.ke/amp/business-news/article/2001412559/kenya-moves-to-cut-harmful-gas-emissions,Kenya moves to cut harmful gas emissions,20210511T230000Z,https://cdn.standardmedia.co.ke/images/tuesday/yatani_emission_all609a98af88f5a.jpg,standardmedia.co.ke,English,Kenya
https://www.yesmagazine.org/issue/solving-plastic/2021/05/10/breaking-free,,The Work of Breaking Free,20210511T231500Z,https://i2.wp.com/www.yesmagazine.org/wp-content/uploads/2021/05/98-Making-the-Connection.jpg?fit=1400%2C840&quality=90&ssl=1,yesmagazine.org,English,United States
https://www.standardmedia.co.ke/business-news/article/2001412559/kenya-moves-to-cut-harmful-gas-emissions,https://www.standardmedia.co.ke/amp/business-news/article/2001412559/kenya-moves-to-cut-harmful-gas-emissions,Kenya moves to cut harmful gas emissions,20210512T003000Z,https://cdn.standardmedia.co.ke/images/tuesday/yatani_emission_all609a98af88f5a.jpg,standardmedia.co.ke,English,Kenya
https://www.scoop.co.nz/stories/PA2105/S00100/david-seymour-acts-budget-for-middle-new-zealand.htm,https://m.scoop.co.nz/stories/PA2105/S00100/david-seymour-acts-budget-for-middle-new-zealand.htm,David Seymour - ACT Budget For Middle New Zealand,20210512T004500Z,http://img.scoop.co.nz/stories/images/1908/scoop_image.jpg,scoop.co.nz,English,New Zealand
https://www.solomontimes.com/news/forestrys-redirection-priorities-shared/10825,,Forestry Redirection Priorities Shared - Solomon Times Online,20210512T011500Z,https://d2t3awir4hhcxt.cloudfront.net/images/news/01294c5c-3d4b-4e9e-a04b-33d921ac63bf_big.pjpg,solomontimes.com,English,Solomon Islands
https://whyy.org/articles/in-letter-lawmakers-try-to-bypass-wolf-ask-rggi-administrator-to-block-pa-s-entrance/,https://whyy.org/articles/in-letter-lawmakers-try-to-bypass-wolf-ask-rggi-administrator-to-block-pa-s-entrance/amp/,Fewer Pa . renters applying for relief than expected,20210512T020000Z,,whyy.org,English,United States
https://www.techtimes.com/articles/260135/20210511/internet-computer-cryptocurrency-two-day-old-coin-now-valued-45b.htm,https://www.techtimes.com/amp/articles/260135/20210511/internet-computer-cryptocurrency-two-day-old-coin-now-valued-45b.htm,  Internet Computer  Cryptocurrency is a Two - Day Old Coin that is Now Valued at $45b What You Need to Know,20210512T020000Z,https://1734811051.rsc.cdn77.org/data/images/full/385195/dfinity-internet-computer-cryptocurrency.jpg,techtimes.com,English,United States
https://blogs.worldbank.org/voices/border-tax-carbon-national-interests-and-global-narratives,,A border tax on carbon : National interests and global narratives,20210512T084500Z,https://blogs.worldbank.org/media/68631,blogs.worldbank.org,English,United States
https://www.msn.com/en-us/news/us/the-california-air-resources-board-challenges-our-carbon-credits-investigations-we-respond/ar-BB1gE0Og,,The California Air Resources Board Challenges Our Carbon Credits Investigations . We Respond . ,20210512T094500Z,,msn.com,English,United States
https://www.euractiv.com/section/energy-environment/news/the-green-brief-germanys-scramble-to-net-zero/,,The Green Brief : Germany scramble to net zero – EURACTIV . com,20210512T100000Z,https://www.euractiv.com/wp-content/uploads/sites/2/2021/03/Green-brief-800x450.png,euractiv.com,English,United Kingdom
https://www.newsnow.co.uk/h/Hot+Topics/2021,,NewsNow : 2021 news | Breaking News & Search 24 / 7,20210512T101500Z,,newsnow.co.uk,English,United Kingdom
https://www.cityam.com/city-moves-whos-switching-jobs-in-the-square-mile-this-week-4/,https://www.cityam.com/city-moves-whos-switching-jobs-in-the-square-mile-this-week-4/amp/,City Moves : Who switching jobs in the Square Mile this week ? ,20210512T110000Z,https://www.cityam.com/wp-content/uploads/Reuters_Direct_Media/UKOnlineReportBusinessNews/tagreuters.com2021binary_LYNXMPEH3E1L5-VIEWIMAGE.jpg,cityam.com,English,United Kingdom
https://www.spglobal.com/platts/en/market-insights/latest-news/electric-power/051221-uk-to-hand-out-391-million-free-carbon-allowances-for-2021,,UK to hand out 39 . 1 million free carbon allowances for 2021,20210512T123000Z,,spglobal.com,English,
https://www.thenational.scot/news/19295618.changes-make-protect-planet/,,These are changes we should all make to protect our planet,20210512T123000Z,https://www.thenational.scot/resources/images/12596693/,thenational.scot,English,United Kingdom
https://www.propublica.org/article/the-california-air-resources-board-challenges-our-carbon-credits-investigations-we-respond,https://www.propublica.org/article/the-california-air-resources-board-challenges-our-carbon-credits-investigations-we-respond/amp,The California Air Resources Board Challenges Our Carbon Credits Investigations . We Respond . ,20210512T123000Z,https://assets-c3.propublica.org/images/articles/_1200x630_crop_center-center_82_none/20210512-california-air-resources-board-response-og.jpg?mtime=1620768156,propublica.org,English,United States
https://www.farmprogress.com/carbon/be-patient-selling-carbon-credits,,Be patient on selling carbon credits,20210512T143000Z,https://www.farmprogress.com/sites/farmprogress.com/files/swfp-shelley-huguley-wheat-sprinkler.jpg,farmprogress.com,English,United States
https://www.energylivenews.com/2021/05/12/carbon-doubles-and-electricity-end-users-prices-impacted/,,Carbon doubles and electricity end users prices impacted,20210512T154500Z,https://www.energylivenews.com/wp-content/uploads/2020/10/eln-post-commodity.jpg,energylivenews.com,English,United Kingdom
https://www.patriotledger.com/story/news/2021/05/12/carbon-credits-sold-mass-audobon-may-have-fueled-climate-change/5040489001/,,Carbon credits sold by Mass Audubon may have fueled climate change . ,20210512T161500Z,"https://www.gannett-cdn.com/presto/2021/05/11/NPAL/b37a3a91-8f8a-4bff-b6cd-bb4eccc91f97-AR-160918242.jpg?auto=webp&crop=2039,1147,x0,y103&format=pjpg",patriotledger.com,English,United States
https://www.chron.com/news/article/Can-Oregon-Democrats-learn-from-B-C-s-carbon-16171416.php,https://www.chron.com/news/amp/Can-Oregon-Democrats-learn-from-B-C-s-carbon-16171416.php,Can Oregon Democrats learn from B . C . carbon tax ? ,20210512T163000Z,https://www.chron.com/img/pages/article/opengraph_default.jpg,chron.com,English,United States
http://www.elpasoinc.com/news/texas/can-oregon-democrats-learn-from-b-c-s-carbon-tax/article_854a36d0-b8af-5787-afd1-934c4939bbab.html,,Can Oregon Democrats learn from B . C . carbon tax ? | Texas,20210512T163000Z,https://bloximages.newyork1.vip.townnews.com/elpasoinc.com/content/tncms/custom/image/d1748eca-2ab1-11e7-b238-e3e4ea30cc77.jpg,elpasoinc.com,English,United States
https://apnews.com/56ecc2966b3144d9c77dde66b5e1896c,,Can Oregon Democrats learn from B . C . carbon tax ? ,20210512T163000Z,,apnews.com,English,United States
https://www.sfgate.com/news/article/Can-Oregon-Democrats-learn-from-B-C-s-carbon-16171416.php,https://www.sfgate.com/news/amp/Can-Oregon-Democrats-learn-from-B-C-s-carbon-16171416.php,Can Oregon Democrats learn from B . C . carbon tax ? ,20210512T164500Z,https://www.sfgate.com/img/pages/article/opengraph_default.png,sfgate.com,English,United States
https://pemedianetwork.com/transition-economist/articles/trading-markets/2021/global-carbon-markets-look-for-boost-from-cop26-talks,,Global carbon markets look for boost from Cop26 talks,20210512T171500Z,https://pemedianetwork.com/media/11541/cop25-home.jpg,pemedianetwork.com,English,
http://www.msn.com/en-nz/news/national/climate-tipping-point-looms-for-business/ar-BB1gEXgV,,Climate tipping point looms for business,20210512T173000Z,,msn.com,English,United States
https://www.agriland.ie/farming-news/government-warned-against-implementing-oecd-recommendation-on-removing-vat-exemptions/,,Government  warned  against implementing OECD recommendation on removing VAT exemptions,20210512T173000Z,https://cdn.agriland.ie/uploads/2020/11/matt-carthy-oireachtas-tv.jpg,agriland.ie,English,Ireland
https://www.opportunitiesforafricans.com/africa2050-climate-fiction-writing-competition-2021/,https://www.opportunitiesforafricans.com/africa2050-climate-fiction-writing-competition-2021/?amp,Africa @ 2050 Climate Fiction Writing Competition 2021 for African Writers . ( £1000 in cash prize ) ,20210512T174500Z,,opportunitiesforafricans.com,English,Nigeria
https://www.heraldandnews.com/ap_news/oregon/can-oregon-democrats-learn-from-b-c-s-carbon-tax/article_3615a1d1-c3f3-595a-aaab-46ce459575ad.html,,Can Oregon Democrats learn from B . C . carbon tax ? | Oregon,20210512T184500Z,https://bloximages.chicago2.vip.townnews.com/heraldandnews.com/content/tncms/custom/image/6b587088-ea04-11e4-bdf9-bf6b7fbe5297.jpg,heraldandnews.com,English,United States
https://www.yakimaherald.com/news/northwest/can-oregon-democrats-learn-from-b-c-s-carbon-tax/article_89a041bb-2610-5682-ae7b-4a52d9ad00e3.html,,Can Oregon Democrats learn from B . C . carbon tax ? | Northwest,20210512T184500Z,https://bloximages.newyork1.vip.townnews.com/yakimaherald.com/content/tncms/custom/image/3ba940a6-308d-11e8-b344-9ffa8cb1a12c.png,yakimaherald.com,English,United States
https://www.dailyrecordnews.com/ap_news/washington/can-oregon-democrats-learn-from-b-c-s-carbon-tax/article_8f7030e0-6071-5836-86c9-e5b0e718c926.html,,Can Oregon Democrats learn from B . C . carbon tax ? | Washington,20210512T191500Z,https://bloximages.chicago2.vip.townnews.com/dailyrecordnews.com/content/tncms/custom/image/0ef5f48e-94dc-11e7-8ed4-3365baf52acf.png,dailyrecordnews.com,English,United States
http://www.msn.com/en-nz/money/markets/climate-tipping-point-looms-for-business/ar-BB1gEXgV,,Climate tipping point looms for business,20210512T194500Z,,msn.com,English,United States
https://www.blacklistednews.com/article/79909/usda-may-allow-genetically-modified-trees-to-be-released-into-the.html,,USDA May Allow Genetically Modified Trees to Be Released Into the Wild,20210512T194500Z,https://assets.rebelmouse.io/eyJhbGciOiJIUzI1NiIsInR5cCI6IkpXVCJ9.eyJpbWFnZSI6Imh0dHBzOi8vYXNzZXRzLnJibC5tcy8yNjM4NDA5Ny9vcmlnaW4uanBnIiwiZXhwaXJlc19hdCI6MTY3MTU0MzAyMX0.eplQAqSXEWKBg7j6oeMzw9erC5NhVNfuECmA-UjW0K0/img.jpg?&quality=85&coordinates,blacklistednews.com,English,United States
https://apnews.com/article/canada-oregon-climate-change-business-government-and-politics-56ecc2966b3144d9c77dde66b5e1896c,,Can Oregon Democrats learn from B . C . carbon tax ? ,20210512T210000Z,,apnews.com,English,United States
https://www.businessinsider.in/cryptocurrency/news/internet-computer-cryptocurrency-is-valued-at-45-billion-within-24-hours-of-the-debut/articleshow/82572233.cms,https://www.businessinsider.in/cryptocurrency/news/internet-computer-cryptocurrency-is-valued-at-45-billion-within-24-hours-of-the-debut/amp_articleshow/82572233.cms,"This cryptocurrency is valued at $45 billion , and it just a day old",20210512T210000Z,https://www.businessinsider.in/photo/82572233/internet-computer-cryptocurrency-is-valued-at-45-billion-within-24-hours-of-the-debut.jpg?imgsize=1514849,businessinsider.in,English,India
https://www.sunnysidesun.com/opinion/guest-commentary/guest-column-state-legislature-imposes-an-income-tax-end-session/article_b8514960-b34c-11eb-9ee5-3b8b2d02f2cf.html,,"Guest Column : State Legislature imposes an income tax , end session",20210512T224500Z,https://bloximages.newyork1.vip.townnews.com/sunnysidesun.com/content/tncms/assets/v3/editorial/c/f2/cf222872-0e41-11eb-b132-9757cbb6f772/5f8733dc56807.image.jpg,sunnysidesun.com,English,
https://www.msn.com/en-us/news/politics/overnight-energy-colonial-pipeline-restarting-operations-after-cyberattack-gas-shortages-spread-to-more-states-epa-relaunches-website-tracking-climate-change-indicators/ar-BB1gFySO,,Overnight Energy : Colonial Pipeline restarting operations after cyberattack | Gas shortages spread to more states | EPA relaunches website tracking climate change indicators,20210512T231500Z,,msn.com,English,United States
https://www.eastoregonian.com/townnews/politics/can-oregon-democrats-learn-from-b-c-s-carbon-tax/article_491fd9b4-b372-11eb-a7a0-d33e0007698a.html,,Can Oregon Democrats learn from B . C . carbon tax ? ,20210513T000000Z,https://bloximages.newyork1.vip.townnews.com/eastoregonian.com/content/tncms/assets/v3/editorial/5/1f/51f9e380-5e3d-11ea-a695-13080837d5ca/5e5fe4d4ea286.image.jpg,eastoregonian.com,English,United States
https://www.bluemountaineagle.com/news/state/can-oregon-democrats-learn-from-b-c-s-carbon-tax/article_0d0c1e85-1eab-54a0-8b91-e9ff724d63da.html,,Can Oregon Democrats learn from B . C . carbon tax ? ,20210513T001500Z,https://bloximages.newyork1.vip.townnews.com/bluemountaineagle.com/content/tncms/assets/v3/editorial/7/73/773569f9-74dd-5f87-809e-9af3b9833640/609c655e57757.image.jpg,bluemountaineagle.com,English,United States
https://thehill.com/policy/energy-environment/overnights/553245-overnight-energy-colonial-pipeline-restarting-operations,https://thehill.com/policy/energy-environment/overnights/553245-overnight-energy-colonial-pipeline-restarting-operations?amp,Overnight Energy : Colonial Pipeline restarting operations after cyberattack | Gas shortages spread to more states | EPA relaunches website tracking climate change indicators,20210513T001500Z,https://thehill.com/sites/default/files/colonialpipeline_3.jpg,thehill.com,English,United States
https://www.bjreview.com/China/202103/t20210329_800241640.html,,"New emission trading market needs laws , more players and more products -- Beijing Review",20210513T010000Z,https://www.bjreview.com/China/202103/W020210331394555134731.jpg,bjreview.com,English,China
https://realassets.ipe.com/news/people-moves-legal-and-general-capital-hires-alker-as-sustainability-head/10052749.article,,People moves : Legal & General Capital hires Alker as sustainability head,20210513T011500Z,https://d15duu1h3gsd2d.cloudfront.net/Pictures/1024x536/0/6/7/112067_pexels-photo-114797.jpeg,realassets.ipe.com,English,United Kingdom
https://gcaptain.com/netherlands-pledges-2-6-billion-subsidy-to-bury-carbon-under-the-sea/,,Netherlands Pledges $2 . 6 Billion Subsidy to Bury Carbon Under the Sea – gCaptain,20210513T014500Z,https://gcaptain.com/wp-content/uploads/2018/02/shutterstock_72804592.jpg,gcaptain.com,English,United States
https://www.jdsupra.com/legalnews/eu-horizontal-rules-under-review-1690034/,,EU horizontal rules under review - European Commission publishes staff working document | White & Case LLP,20210513T014500Z,https://jdsupra-static.s3.amazonaws.com/profile-images/og.12122_4252.jpg,jdsupra.com,English,United States
https://tdn.com/opinion/columnists/stepankowsky-column-new-carbon-rules-are-unfair-to-paper-industry/article_a2746f20-28f9-5c34-b266-4b6493bb1d7e.html,https://tdn.com/opinion/columnists/stepankowsky-column-new-carbon-rules-are-unfair-to-paper-industry/article_a2746f20-28f9-5c34-b266-4b6493bb1d7e.amp.html,Stepankowsky column : New carbon rules are unfair to paper industry,20210513T020000Z,https://bloximages.chicago2.vip.townnews.com/tdn.com/content/tncms/assets/v3/editorial/7/36/736b1ba2-bc39-591d-907c-e69754d93695/606e58dd4cc77.image.jpg?crop=1440%2C810%2C0%2C98,tdn.com,English,United States
http://www.bjreview.com/Opinion/./Voice/202105/t20210513_800246205.html,,China needs to overcome greater challenges than developed countries to meet its carbon - neutral target -- Beijing Review,20210513T033000Z,https://www.bjreview.com/Opinion/Voice/202105/W020210513318933570729.jpg,bjreview.com,English,China
http://www.bjreview.com.cn/./Opinion/Voice/202105/t20210513_800246205.html,,China needs to overcome greater challenges than developed countries to meet its carbon - neutral target -- Beijing Review,20210513T051500Z,https://www.bjreview.com/Opinion/Voice/202105/W020210513318933570729.jpg,bjreview.com.cn,English,China
https://www.stabroeknews.com/2021/05/13/opinion/letters/avoiding-a-climate-disaster-with-a-view-to-reaching-carbon-neutrality/,,Avoiding a climate disaster with a view to reaching carbon neutrality,20210513T063000Z,https://s1.stabroeknews.com/images/2019/06/sn-article-default.png,stabroeknews.com,English,Guyana
https://english.aawsat.com/home/article/2970416/andreas-kluth/here%E2%80%99s-how-good-climate-policy-could-go-bad,https://english.aawsat.com/home/article/2970416/andreas-kluth/hereâs-how-good-climate-policy-could-go-bad?amp,Here How Good Climate Policy Could Go Bad,20210513T084500Z,https://english.aawsat.com/sites/default/files/styles/large/public/2019/12/05/andreas-kluth.jpeg?itok=cD0eBPJV,english.aawsat.com,English,Syria
https://www.finanznachrichten.de/nachrichten-2021-05/52864021-eu-carbon-price-running-at-level-not-expected-until-next-year-451.htm,,EU carbon price running at level not expected until next year,20210513T093000Z,https://fns1.de/g/fb.png,finanznachrichten.de,English,Germany
http://www.ruthfullyyours.com/page/7655/,,RUTHFULLY YOURS,20210513T110000Z,,ruthfullyyours.com,English,United States
https://www.forbes.com/sites/christopherhelman/2021/05/13/how-green-energy-is-transforming-the-ranks-of-the-worlds-biggest-electric-generators/,https://www.forbes.com/sites/christopherhelman/2021/05/13/how-green-energy-is-transforming-the-ranks-of-the-worlds-biggest-electric-generators/amp/,How Green Energy Will Transform The Ranks Of The World Biggest Electric Generators,20210513T114500Z,https://thumbor.forbes.com/thumbor/fit-in/1200x0/filters%3Aformat%28jpg%29/https%3A%2F%2Fspecials-images.forbesimg.com%2Fimageserve%2F609c29d02f48dcadccafe7d2%2F0x0.jpg,forbes.com,English,United States
https://www.tankeroperator.com/news/decarbonisation--solving-the-commercial-problem/12343.aspx,,Tanker Operator Decarbonisation – solving the commercial problem,20210513T123000Z,,tankeroperator.com,English,China
https://crosscut.com/environment/2021/05/oregon-democrats-try-learn-british-columbias-carbon-tax,,Oregon Democrats try to learn from British Columbia carbon tax,20210513T134500Z,https://crosscut.com/sites/default/files/styles/max_2000x2000/public/images/articles/manonstilts_timberrally.jpg?itok=pVlvB-21,crosscut.com,English,United States
https://www.pennlive.com/opinion/2021/05/pa-can-take-huge-step-in-tackling-climate-change-right-now-opinon.html,https://www.pennlive.com/opinion/2021/05/pa-can-take-huge-step-in-tackling-climate-change-right-now-opinon.html?outputType=amp,PA can take a huge step in tackling climate change right now | Opinion,20210513T141500Z,https://www.pennlive.com/resizer/OhzArU01OuT7FzGFpeZQLK5jc50=/1280x0/smart/cloudfront-us-east-1.images.arcpublishing.com/advancelocal/5KIU4O6VDVBABIEC3GLNAMY2CQ.jpg,pennlive.com,English,United States
https://www.pewtrusts.org/ar/research-and-analysis/blogs/stateline/2021/05/13/what-were-reading-top-state-stories,https://www.pewtrusts.org/ar/research-and-analysis/blogs/stateline/2021/05/13/what-were-reading-top-state-stories?amp=1,What Were Reading Top State Stories | The Pew Charitable Trusts,20210513T161500Z,,pewtrusts.org,English,United States
https://www.globenewswire.com/news-release/2021/05/13/2229103/0/en/Alpha-Methylstyrene-Market-to-reach-US-608-million-by-2028-Research-Insights-on-Key-Trends-Macro-economic-Indicators-Strategic-Initiatives-Growth-Drivers-Business-Opportunities-and.html,,Alpha Methylstyrene Market to reach US $608 million by 2028,20210513T161500Z,https://ml.globenewswire.com/Resource/Download/189ee66f-0b48-4498-8b44-2933e76a6b52?size=1,globenewswire.com,English,United States
https://www.washingtonpolicy.org/publications/detail/the-2021-legislative-session-failed-to-help-small-business-but-some-good-things-did-happen,,"The 2021 legislative session failed to help small business , but some good things did happen",20210513T163000Z,https://www.washingtonpolicy.org/library/imglib/iStock-1152535984.jpg,washingtonpolicy.org,English,United States
https://www.politico.com/news/2021/05/13/green-schism-biden-climate-plan-488037,,The green schism threatening Biden climate plan,20210513T163000Z,https://static.politico.com/3b/44/3632b1e4489baaca0e56152b9957/gettyimages-1167751498-c.jpg,politico.com,English,United States
http://www.msn.com/en-us/news/politics/the-green-schism-threatening-biden-s-climate-plan/ar-BB1gHjzo,,The green schism threatening Biden climate plan,20210513T163000Z,,msn.com,English,United States
https://www.pewtrusts.org/en/research-and-analysis/blogs/stateline/2021/05/13/what-were-reading-top-state-stories,https://www.pewtrusts.org/en/research-and-analysis/blogs/stateline/2021/05/13/what-were-reading-top-state-stories?amp=1,What Were Reading Top State Stories | The Pew Charitable Trusts,20210513T163000Z,,pewtrusts.org,English,United States
https://www.laureloutlook.com/content/growing-climate-solutions-act-offers-incentives,,Growing Climate Solutions Act offers incentives,20210513T164500Z,,laureloutlook.com,English,United States
https://www.spglobal.com/en/research-insights/articles/daily-update-may-13-2021,,"Daily Update : May 13 , 2021 | S & P Global",20210513T164500Z,,spglobal.com,English,
https://realassets.ipe.com/news/people-moves-legal-and-general-capital-hires-alker-as-sustainability-head-updated/10052749.article,,People moves : Legal & General Capital hires Alker as sustainability head [ updated ] ,20210513T164500Z,https://d15duu1h3gsd2d.cloudfront.net/Pictures/1024x536/0/6/7/112067_pexels-photo-114797.jpeg,realassets.ipe.com,English,United Kingdom
https://www.nationofchange.org/2021/05/13/usda-may-allow-genetically-modified-trees-to-be-released-into-the-wild-2/,,USDA may allow genetically modified trees to be released into the wild,20210513T174500Z,https://www.nationofchange.org/wp-content/uploads/2021/05/Screen-Shot-2021-05-13-at-7.53.35-AM-1024x559.png,nationofchange.org,English,United States
https://modernfarmer.com/2021/05/opinion-the-case-for-putting-climate-labels-on-meat/,,Opinion : The Case for Putting Climate Labels on Meat,20210513T203000Z,https://modernfarmer.com/wp-content/uploads/2021/05/shutterstock_12162265.jpg,modernfarmer.com,English,United States
https://www.jdsupra.com/legalnews/regulation-round-up-april-2021-9212514/,,Regulation Round Up - April 2021 | Proskauer Rose LLP,20210513T213000Z,https://jdsupra-static.s3.amazonaws.com/profile-images/og.12719_2738.jpg,jdsupra.com,English,United States
https://www.inquirer.com/science/climate/pennsylvania-climate-change-greenhouse-gas-global-warming-20210505.html,https://www.inquirer.com/science/climate/pennsylvania-climate-change-greenhouse-gas-global-warming-20210505.html?outputType=amp,"Pennsylvania projected to warm 5 . 9 degrees by 2050 , state climate report says",20210513T214500Z,https://www.inquirer.com/resizer/a2f-BXAmKCk07RjSwI5mtSarKas=/760x507/smart/cloudfront-us-east-1.images.arcpublishing.com/pmn/5OQXJ6AL3ZGC7DSWXI64ZK5RCE.jpg,inquirer.com,English,
https://www.channelnewsasia.com/news/commentary/china-climate-change-2060-carbon-emissions-coal-renewable-energy-14763084,,Commentary : Why China believes it go big on carbon emission cuts or go home,20210513T223000Z,"https://cna-sg-res.cloudinary.com/image/upload/q_auto,f_auto/image/12981548/16x9/991/557/2fa64b43ffd61943fa6656236f0082ee/Po/wind-turbines-are-seen-in-2018-in-the-dabancheng-district-in-urumqi-in-china-s-northwestern-xinjiang-region-where-critics-say-that-development-has-been-dominated-by-china-s-han-majority-1596213334406-5.jpg",channelnewsasia.com,English,United States
https://www.bloombergquint.com/onweb/germany-signals-record-eu-carbon-price-rally-may-slow-down,/amp/onweb/germany-signals-record-eu-carbon-price-rally-may-slow-down,Germany Signals Record EU Carbon Price Rally May Slow Down,20210513T230000Z,,bloombergquint.com,English,India
https://reneweconomy.com.au/carbon-tariffs-will-be-great-for-australias-solar-exports-says-sun-cable-ceo/,https://reneweconomy.com.au/carbon-tariffs-will-be-great-for-australias-solar-exports-says-sun-cable-ceo/amp/,"Carbon tariffs will be great for Australia solar exports , says Sun Cable CEO",20210513T230000Z,https://reneweconomy.com.au/wp-content/uploads/2021/01/sun-cable-5b-solar-northern-territory-optimised.jpg,reneweconomy.com.au,English,Australia
https://www.hellenicshippingnews.com/mabux-bunker-prices-on-the-rise-2/,https://www.hellenicshippingnews.com/mabux-bunker-prices-on-the-rise-2/amp/,MABUX : Bunker Prices on the Rise | Hellenic Shipping News Worldwide,20210513T234500Z,,hellenicshippingnews.com,English,China
https://www.noozhawk.com/article/researchers_cultivated_seaweed_can_soak_up_excess_nutrients_plaguing_human,https://www.noozhawk.com/amp/researchers_cultivated_seaweed_can_soak_up_excess_nutrients_plaguing_human,"Researchers : Cultivated Seaweed Can Soak Up Excess Nutrients Plaguing Human Health , Marine Life",20210514T014500Z,,noozhawk.com,English,United States
https://www.thecentersquare.com/national/op-ed-esg-investing-politics-by-other-means/article_4d17b200-b429-11eb-a183-9f0f69ca9a92.html,https://www.thecentersquare.com/national/op-ed-esg-investing-politics-by-other-means/article_4d17b200-b429-11eb-a183-9f0f69ca9a92.amp.html,Op - Ed : ESG investing – politics by other means,20210514T014500Z,https://bloximages.newyork1.vip.townnews.com/thecentersquare.com/content/tncms/assets/v3/editorial/9/71/9710e110-fa76-11e9-a3a4-cbcc269a0b5f/5db87f6261a03.image.jpg,thecentersquare.com,English,
http://community.scoop.co.nz/2021/05/governments-kiwisaver-interference-will-hammer-savings/,,Community Scoop » Government KiwiSaver Interference Will Hammer Savings,20210514T021500Z,,community.scoop.co.nz,English,New Zealand
https://www.newshub.co.nz/home/politics/2021/05/jacinda-ardern-world-s-greatest-leader-beating-out-pioneers-of-covid-19-vaccines-in-magazine-rankings.html,https://www.newshub.co.nz/home/politics/2021/05/jacinda-ardern-world-s-greatest-leader-beating-out-pioneers-of-covid-19-vaccines-in-magazine-rankings.amp.html,"Jacinda Ardern  world greatest leader , beating out pioneers of COVID - 19 vaccines in magazine rankings",20210514T030000Z,https://www.newshub.co.nz/home/politics/2021/05/jacinda-ardern-world-s-greatest-leader-beating-out-pioneers-of-covid-19-vaccines-in-magazine-rankings/_jcr_content/par/image.dynimg.1280.q75.jpg/v1620952679646/GettyImages-1283424774-Jacinda-Ardern-1120.jpg,newshub.co.nz,English,New Zealand
http://business.scoop.co.nz/2021/05/14/governments-kiwisaver-interference-will-hammer-savings/,,Business Scoop » Government KiwiSaver Interference Will Hammer Savings,20210514T030000Z,,business.scoop.co.nz,English,New Zealand
https://www.thestar.com.my/business/business-news/2021/05/14/japanese-blockchain-company-plans-to-make-malaysia-regional-hub,,Japanese blockchain company plans to make Malaysia regional hub,20210514T041500Z,https://apicms.thestar.com.my/uploads/images/2021/05/14/1148479.JPG,thestar.com.my,English,Malaysia
https://www.greenbiz.com/article/inside-eus-waste-energy-battle,,Inside the EU waste - to - energy battle,20210514T081500Z,https://www.greenbiz.com/sites/default/files/styles/og_image_1200x630/public/2021-05/incineratorclaw_shutterstock_TadeasH.png?itok=9HJU8h9S,greenbiz.com,English,United States
https://eandt.theiet.org/content/articles/2021/05/view-from-brussels-marketing-is-everything/,,View from Brussels : Marketing is everything,20210514T093000Z,https://eandt.theiet.org/media/1691/viewfrombrussels.jpg?anchor=center&mode=crop&rnd=131196201440000000,eandt.theiet.org,English,United Kingdom
https://thetyee.ca/News/2021/05/14/How-Sell-Carbon-Tax/,,How to Sell a Carbon Tax . And Not,20210514T100000Z,https://thetyee.ca/News/2021/05/13/OregonCapitolRally.jpg,thetyee.ca,English,Canada
https://www.finanznachrichten.de/nachrichten-2021-05/52875665-chris-iggo-axa-im-a-new-commodity-boom-404.htm,,Chris Iggo ( AXA IM ): A new commodity boom,20210514T101500Z,https://www.finanznachrichten.de/chart-axa-sa-aktie-intraklein-xetra.png,finanznachrichten.de,English,Germany
https://www.ydr.com/story/opinion/editorials/2021/05/14/climate-forecast-ups-ante-time-pennsylvania-shift-clean-energy/5061234001/,https://amp.ydr.com/amp/5061234001,"Climate forecast ups the ante , time for Pennsylvania to shift to clean energy",20210514T101500Z,,ydr.com,English,United States
https://www.goerie.com/story/opinion/editorials/2021/05/14/climate-forecast-ups-ante-time-pennsylvania-shift-clean-energy/5061234001/,,"Climate forecast ups the ante , time for Pennsylvania to shift to clean energy",20210514T101500Z,,goerie.com,English,United States
https://www.icis.com/explore/resources/news/2021/05/14/10640017/insight-uk-carbon-trading-system-launch,,INSIGHT : united kingdom carbon trading system launch,20210514T120000Z,https://icis.com/assets/getasset-959674.jpg,icis.com,English,China
https://leaderpost.com/opinion/terence-corcoran-carbon-race-to-the-bottom-for-subsidies,https://leaderpost.com/opinion/terence-corcoran-carbon-race-to-the-bottom-for-subsidies/wcm/71498968-1e7b-4a6f-a477-1917c2b5ed15/amp/,Terence Corcoran : Carbon race to the bottom for subsidies,20210514T131500Z,https://smartcdn.prod.postmedia.digital/financialpost/wp-content/uploads/2021/05/vw0514carbon-capture.jpg,leaderpost.com,English,Canada
https://www.msn.com/en-ca/money/topstories/terence-corcoran-carbon-race-to-the-bottom-for-subsidies/ar-BB1gJrI6,,Terence Corcoran : Carbon race to the bottom for subsidies,20210514T134500Z,,msn.com,English,United States
https://en.as.com/en/2021/05/14/latest_news/1620997982_394457.html,https://en.as.com/en/2021/05/14/latest_news/1620997982_394457.amp.html,Carbon Tax : What is it and who is calling for the federal government to implement one ? ,20210514T144500Z,https://as01.epimg.net/en/imagenes/2021/05/14/latest_news/1620997982_394457_1620998145_noticia_normal.jpg,en.as.com,English,Spain
https://financialpost.com/opinion/terence-corcoran-carbon-race-to-the-bottom-for-subsidies,https://financialpost.com/opinion/terence-corcoran-carbon-race-to-the-bottom-for-subsidies/wcm/71498968-1e7b-4a6f-a477-1917c2b5ed15/amp/,Terence Corcoran : Carbon race to the bottom for subsidies,20210514T164500Z,https://smartcdn.prod.postmedia.digital/financialpost/wp-content/uploads/2021/05/vw0514carbon-capture.jpg,financialpost.com,English,Canada
https://www.klcc.org/?page=13495,,KLCC | NPR for Oregonians,20210514T164500Z,,klcc.org,English,United States
https://www.klcc.org/post/can-oregon-democrats-learn-bc-s-conservative-backed-carbon-tax,,Can Oregon Democrats Learn From B . C . Conservative - Backed Carbon Tax ? ,20210514T164500Z,,klcc.org,English,United States
https://www.businessinsider.com/companies-working-toward-esg-goals-should-use-of-a-range-of-financial-instruments-2021-5,https://www.businessinsider.com/companies-working-toward-esg-goals-should-use-of-a-range-of-financial-instruments-2021-5?amp,Companies Working Toward ESG Goals Should Use of a Range of Financial Instruments,20210514T173000Z,https://i.insider.com/609e873e67e41a0018622132?&format=jpeg,businessinsider.com,English,United States
https://www.altenergymag.com/news/2021/05/14/determining-the-price-of-the-uk-ets-scheme/35100/,,Determining the price of the united kingdom ETS scheme,20210514T191500Z,https://www.altenergymag.com/images/facebooknews.jpg,altenergymag.com,English,United States
https://www.washingtonpost.com/outlook/the-meat-industry-is-doing-exactly-what-big-oil-does-to-fight-climate-action/2021/05/14/831e14be-b3fe-11eb-ab43-bebddc5a0f65_story.html,https://www.washingtonpost.com/outlook/the-meat-industry-is-doing-exactly-what-big-oil-does-to-fight-climate-action/2021/05/14/831e14be-b3fe-11eb-ab43-bebddc5a0f65_story.html?outputType=amp,The meat industry is doing exactly what Big Oil does to fight climate action,20210514T194500Z,https://arc-anglerfish-washpost-prod-washpost.s3.amazonaws.com/public/R3B2Z6FUEUI6XKMAUYFPS5XNIQ.jpg,washingtonpost.com,English,United States
https://www.stokesentinel.co.uk/news/stoke-on-trent-news/massive-potential-green-jobs-north-5417255,https://www.stokesentinel.co.uk/news/stoke-on-trent-news/massive-potential-green-jobs-north-5417255.amp,"  Massive potential  for green jobs in North Staffs , climate change minister says",20210514T203000Z,https://i2-prod.stokesentinel.co.uk/incoming/article5417315.ece/ALTERNATES/s1200/2_JS234893909.jpg,stokesentinel.co.uk,English,United Kingdom
https://www.breitbart.com/tech/2021/05/14/elon-musk-calls-for-carbon-tax/,https://www.breitbart.com/tech/2021/05/14/elon-musk-calls-for-carbon-tax/amp/,Elon Musk Calls for Carbon Tax,20210514T213000Z,https://media.breitbart.com/media/2018/09/Elon-Musk-Smokes-Weed.jpg,breitbart.com,English,United States
https://www.hellenicshippingnews.com/why-china-believes-its-go-big-on-carbon-emission-cuts-or-go-home/,https://www.hellenicshippingnews.com/why-china-believes-its-go-big-on-carbon-emission-cuts-or-go-home/amp/,Why China believes it go big on carbon emission cuts or go home | Hellenic Shipping News Worldwide,20210514T214500Z,,hellenicshippingnews.com,English,China
https://www.natlawreview.com/article/cftc-announces-energy-and-environmental-markets-advisory-committee-meeting,https://www.natlawreview.com/article/cftc-announces-energy-and-environmental-markets-advisory-committee-meeting?amp,CFTC Energy and Environmental Markets Advisory Committee Meeting,20210514T214500Z,https://www.natlawreview.com/sites/default/files/article/aux/1123/Finance.Regulation.CFTC_.Website.jpg,natlawreview.com,English,United States
https://www.marketscreener.com/quote/stock/JOSHUA-GOLD-RESOURCES-INC-120797535/news/JOSHUA-GOLD-RESOURCES-nbsp-Management-s-Discussion-and-Analysis-of-Financial-Condition-and-Results-33263333/,https://www.marketscreener.com/amp/quote/stock/JOSHUA-GOLD-RESOURCES-INC-120797535/news/JOSHUA-GOLD-RESOURCES-nbsp-Management-s-Discussion-and-Analysis-of-Financial-Condition-and-Results-33263333/,JOSHUA GOLD RESOURCES  : Management Discussion and Analysis of Financial Condition and Results of Operation . ( form 10 - Q ) ,20210514T214500Z,https://www.marketscreener.com/images/twitter_MS_fdnoir.png,marketscreener.com,English,
https://www.breitbart.com/politics/2021/05/14/elon-musk-calls-for-carbon-tax/,https://www.breitbart.com/tech/2021/05/14/elon-musk-calls-for-carbon-tax/amp/,Elon Musk Calls for Carbon Tax,20210514T234500Z,https://media.breitbart.com/media/2018/09/Elon-Musk-Smokes-Weed.jpg,breitbart.com,English,United States
https://www.gisborneherald.co.nz/frontpage-featured/20210515/not-fair/,,  NOT FAIR  – The Gisborne Herald,20210515T001500Z,http://imengine.prod.ghe.navigacloud.com/?uuid=E4B1ABE4-2624-4103-B622-A510C8D05239&function=fit&type=preview,gisborneherald.co.nz,English,New Zealand
https://ww2.arb.ca.gov/diversity-and-racial-equity-task-force,,Diversity and Racial Equity Task Force | California Air Resources Board,20210515T033000Z,,ww2.arb.ca.gov,English,United States
https://ww2.arb.ca.gov/about,,About | California Air Resources Board,20210515T033000Z,,ww2.arb.ca.gov,English,United States
https://ww2.arb.ca.gov/news/record-year-california-climate-investments-31-billion-invested-2020-across-california,,Record year for California Climate Investments : $3 . 1 billion invested in 2020 across California,20210515T033000Z,,ww2.arb.ca.gov,English,United States
https://ww2.arb.ca.gov/our-work/programs/cap-and-trade-program,,Cap - and - Trade Program | California Air Resources Board,20210515T033000Z,,ww2.arb.ca.gov,English,United States
https://www.prnewswire.co.uk/news-releases/award-winning-carbon-broker-to-assist-xels-with-offset-procurement-and-strategy-890974517.html,,Award - winning carbon broker to assist XELS with offset procurement and strategy,20210515T044500Z,,prnewswire.co.uk,English,United Kingdom
http://africa.chinadaily.com.cn/a/202105/15/WS609f3926a31024ad0babe138.html,,California - China efforts seen as key on carbon aims,20210515T050000Z,http://img2.chinadaily.com.cn/images/202105/15/609f3926a31024adbdc7e929.jpeg,africa.chinadaily.com.cn,English,China
https://tdn.com/news/local/business/local-industry-leaders-question-effectiveness-of-states-climate-commitment-act/article_d07a6df5-e1fa-5ab4-9528-d3f632570b87.html,https://tdn.com/news/local/business/local-industry-leaders-question-effectiveness-of-states-climate-commitment-act/article_d07a6df5-e1fa-5ab4-9528-d3f632570b87.amp.html,Local industry leaders question effectiveness of state Climate Commitment Act,20210515T050000Z,https://bloximages.chicago2.vip.townnews.com/tdn.com/content/tncms/assets/v3/editorial/b/1d/b1d8849f-c79b-5d07-9386-597a8be2c377/609f15cf4851d.image.jpg?crop=1911%2C1075%2C0%2C4,tdn.com,English,United States
http://www.chinadaily.com.cn/a/202105/15/WS609f3926a31024ad0babe138.html,,California - China efforts seen as key on carbon aims,20210515T053000Z,http://img2.chinadaily.com.cn/images/202105/15/609f3926a31024adbdc7e929.jpeg,chinadaily.com.cn,English,China
https://www.jdsupra.com/legalnews/five-takeaways-from-biden-s-leaders-1002309/,,Five Takeaways from Biden Leaders Summit on Climate | Akin Gump Strauss Hauer & Feld LLP,20210515T053000Z,https://jdsupra-static.s3.amazonaws.com/profile-images/og.15281_4342.jpg,jdsupra.com,English,United States
http://usa.chinadaily.com.cn/a/202105/15/WS609f3926a31024ad0babe138.html,,California - China efforts seen as key on carbon aims,20210515T053000Z,http://img2.chinadaily.com.cn/images/202105/15/609f3926a31024adbdc7e929.jpeg,usa.chinadaily.com.cn,English,China
http://europe.chinadaily.com.cn/a/202105/15/WS609f3926a31024ad0babe138.html,,California - China efforts seen as key on carbon aims,20210515T071500Z,http://img2.chinadaily.com.cn/images/202105/15/609f3926a31024adbdc7e929.jpeg,europe.chinadaily.com.cn,English,China
https://www.fwi.co.uk/news/environment/long-way-to-go-before-carbon-accounting-is-fit-for-purpose,,  Long way to go  before carbon accounting is fit for purpose,20210515T073000Z,https://stmaaprodfwsite.blob.core.windows.net/assets/sites/1/2021/05/150521_farming_landscape_Leicestershire_2622016-35551-c-Tim-Scrivener.jpg,fwi.co.uk,English,United Kingdom
https://news.yahoo.com/next-brexit-test-carbon-market-060000927.html,https://news.yahoo.com/amphtml/next-brexit-test-carbon-market-060000927.html,Next Brexit Test Is a Carbon Market With High Volatility Risk,20210515T074500Z,https://s.yimg.com/uu/api/res/1.2/Aib.VltEK4PYGQXE4RqZpw--~B/aD03OTg7dz0xMjk2O2FwcGlkPXl0YWNoeW9u/https://media.zenfs.com/en/bloomberg_markets_842/b10aadc296dec9d1462186cd636b2777,news.yahoo.com,English,United States
https://www.japantimes.co.jp/news/2021/05/15/business/uk-carbon-market-brexit/,,Next Brexit test is a carbon market with high volatility risk,20210515T084500Z,https://cdn-japantimes.com/wp-content/uploads/2021/05/np_file_87256-870x489.jpeg,japantimes.co.jp,English,Japan
http://global.chinadaily.com.cn/a/202105/15/WS609f3926a31024ad0babe138.html,,California - China efforts seen as key on carbon aims,20210515T104500Z,http://img2.chinadaily.com.cn/images/202105/15/609f3926a31024adbdc7e929.jpeg,global.chinadaily.com.cn,English,China
https://www.japantimes.co.jp/?post_type=news&p=3012110,,Next Brexit test is a carbon market with high volatility risk,20210515T111500Z,https://cdn-japantimes.com/wp-content/uploads/2021/05/np_file_87256-870x489.jpeg,japantimes.co.jp,English,Japan
https://www.telegraph.co.uk/business/2021/05/15/polluting-companies-pushed-clean-act/,https://www.telegraph.co.uk/business/2021/05/15/polluting-companies-pushed-clean-act/amp/,Polluting companies pushed to clean up their act,20210515T134500Z,,telegraph.co.uk,English,United Kingdom
https://www.thescottishfarmer.co.uk/news/19296222.deal-f-words/,,Let deal with the F - words - forestry and farming,20210515T173000Z,https://www.thescottishfarmer.co.uk/resources/images/12597410/,thescottishfarmer.co.uk,English,United Kingdom
https://ww2.arb.ca.gov/news/carb-appoints-craig-segall-new-officer-mobile-sources-and-incentives,,CARB appoints Craig Segall new officer for Mobile Sources and Incentives | California Air Resources Board,20210516T011500Z,,ww2.arb.ca.gov,English,United States
http://www.theglobaldispatch.com/sometimes-this-type-of-agreement-is-also-called-a-confidentiality-agreement/,,Sometimes this type of agreement is also called a confidentiality agreement . | The Global Dispatch,20210516T011500Z,,theglobaldispatch.com,English,United States
https://www.coinspeaker.com/guides/what-is-paxos-standard-pax-stablecoin/,https://www.coinspeaker.com/guides/what-is-paxos-standard-pax-stablecoin/amp/,What Is Paxos Standard ( PAX ) Stablecoin ? ,20210516T091500Z,https://www.coinspeaker.com/wp-content/uploads/2021/05/guide-what-is-paxos-standard-pax-stablecoin.jpg,coinspeaker.com,English,United States
http://www.ruthfullyyours.com/page/7660/,,RUTHFULLY YOURS,20210516T110000Z,,ruthfullyyours.com,English,United States
https://www.columbian.com/news/2021/may/16/can-oregon-democrats-learn-from-b-c-s-carbon-tax/,,Can Oregon Democrats learn from B . C . carbon tax ? ,20210516T141500Z,https://pcdn.columbian.com/wp-content/uploads/2021/05/0517_met_british-columbia.jpg,columbian.com,English,United States
https://www.eastleighnews.co.uk/2021/05/29393/,https://www.eastleighnews.co.uk/2021/05/29393/?amp=1,Eastleigh man convicted in £36 million swindle,20210516T154500Z,https://i2.wp.com/www.eastleighnews.co.uk/wp-content/uploads/2021/05/Screenshot-2021-05-16-at-00.50.03.png,eastleighnews.co.uk,English,United Kingdom
https://www.theepochtimes.com/esg-investing-politics-by-other-means_3817353.html,https://www.theepochtimes.com/esg-investing-politics-by-other-means_3817353.html/amp,ESG Investing : Politics by Other Means,20210516T174500Z,https://img.theepochtimes.com/assets/uploads/2018/10/13/Larry-Fink-BlackRock-514869176-1200x814.jpg,theepochtimes.com,English,United States
http://epaper.chinadaily.com.cn/a/202105/17/WS60a1a89fa31099a23435623b.html,,Envisioning world of green firms - Chinadaily . com . cn,20210517T003000Z,http://epaper.chinadaily.com.cn/images/202105/17/60a1a89fa31099a2249d8ac7.png,epaper.chinadaily.com.cn,English,China
https://www.nzherald.co.nz/the-country/news/gisborne-district-council-hamstrung-on-legislation-when-rating-forestry-blocks/MZXVHKCXKFWTQNBGT6H2T6F27M/,,Gisborne district council  hamstrung  on legislation when rating forestry blocks,20210517T003000Z,https://www.nzherald.co.nz/resizer/_Ido29Cp1ZtMSKakmT0u9ugbvsk=/1200x675/filters:quality(70)/cloudfront-ap-southeast-2.images.arcpublishing.com/nzme/UF5AY3CGIVUUY7O7EJ62VC2ABM.jpg,nzherald.co.nz,English,New Zealand
https://www.businesslive.co.za/bd/world/europe/2021-05-16-uks-first-auction-of-carbon-emission-permits-planned-for-wednesday/,,UK first auction of carbon emission permits planned for Wednesday,20210517T010000Z,,businesslive.co.za,English,South Africa
http://www.chinadaily.com.cn/a/202105/17/WS60a1ba8ea31024ad0babe2cc.html,,Envisioning world of green firms,20210517T020000Z,http://img2.chinadaily.com.cn/images/202105/17/60a1bb63a31024adbdc810aa.jpeg,chinadaily.com.cn,English,China
http://global.chinadaily.com.cn/a/202105/17/WS60a1ba8ea31024ad0babe2cc.html,,Envisioning world of green firms,20210517T020000Z,http://img2.chinadaily.com.cn/images/202105/17/60a1bb63a31024adbdc810aa.jpeg,global.chinadaily.com.cn,English,China
https://www.hellenicshippingnews.com/colonial-pipeline-hack-exposes-the-vulnerability-of-critical-infrastructure/,https://www.hellenicshippingnews.com/colonial-pipeline-hack-exposes-the-vulnerability-of-critical-infrastructure/amp/,Colonial pipeline hack exposes the vulnerability of critical infrastructure | Hellenic Shipping News Worldwide,20210517T021500Z,,hellenicshippingnews.com,English,China
http://usa.chinadaily.com.cn/a/202105/17/WS60a1ba8ea31024ad0babe2cc.html,,Envisioning world of green firms,20210517T023000Z,http://img2.chinadaily.com.cn/images/202105/17/60a1bb63a31024adbdc810aa.jpeg,usa.chinadaily.com.cn,English,China
http://europe.chinadaily.com.cn/a/202105/17/WS60a1c9cfa31024ad0babe3c7.html,,Carbon trading steel edge set to sharpen shortly,20210517T023000Z,http://img2.chinadaily.com.cn/images/202105/17/60a1c9cfa31024adbdc81cee.jpeg,europe.chinadaily.com.cn,English,China
http://europe.chinadaily.com.cn/a/202105/17/WS60a1ba8ea31024ad0babe2cc.html,,Envisioning world of green firms,20210517T023000Z,http://img2.chinadaily.com.cn/images/202105/17/60a1bb63a31024adbdc810aa.jpeg,europe.chinadaily.com.cn,English,China
https://switzer.com.au/the-experts/peter-switzer/could-albo-do-a-kevin-07-and-win-the-next-federal-election/,,Could Albo do a Kevin  07 and win the next Federal election ? ,20210517T024500Z,https://switzer.com.au/wp-content/uploads/Anthony-Albanese-1.jpg,switzer.com.au,English,Australia
http://usa.chinadaily.com.cn/a/202105/17/WS60a1c9cfa31024ad0babe3c7.html,,Carbon trading steel edge set to sharpen shortly,20210517T024500Z,http://img2.chinadaily.com.cn/images/202105/17/60a1c9cfa31024adbdc81cee.jpeg,usa.chinadaily.com.cn,English,China
http://epaper.chinadaily.com.cn/a/202105/17/WS60a1a89ea31099a234356239.html,,Carbon trading steel edge set to sharpen shortly,20210517T030000Z,http://epaper.chinadaily.com.cn/images/202105/17/60a1a89ea31099a2249d8ab7.png,epaper.chinadaily.com.cn,English,China
http://africa.chinadaily.com.cn/a/202105/17/WS60a1c9cfa31024ad0babe3c7.html,,Carbon trading steel edge set to sharpen shortly,20210517T030000Z,http://img2.chinadaily.com.cn/images/202105/17/60a1c9cfa31024adbdc81cee.jpeg,africa.chinadaily.com.cn,English,China
https://www.propertyinvestortoday.co.uk/breaking-news/2021/5/green-homes--fossil-free-construction-and-a-new-leader-of-sustainability,,Green homes – fossil - free construction and a new le ... ,20210517T030000Z,https://www.propertyinvestortoday.co.uk/upload/images/Energy%20and%20Green%20Homes/green-deal400x310.png,propertyinvestortoday.co.uk,English,United Kingdom
http://africa.chinadaily.com.cn/a/202105/17/WS60a1ba8ea31024ad0babe2cc.html,,Envisioning world of green firms,20210517T030000Z,http://img2.chinadaily.com.cn/images/202105/17/60a1bb63a31024adbdc810aa.jpeg,africa.chinadaily.com.cn,English,China
http://global.chinadaily.com.cn/a/202105/17/WS60a1c9cfa31024ad0babe3c7.html,,Carbon trading steel edge set to sharpen shortly,20210517T033000Z,http://img2.chinadaily.com.cn/images/202105/17/60a1c9cfa31024adbdc81cee.jpeg,global.chinadaily.com.cn,English,China
HTTP://en.ce.cn/main/latest/202105/17/t20210517_36563037.shtml,,Envisioning world of green firms -- China Economic Net,20210517T040000Z,,en.ce.cn,English,China
https://www.telegraph.co.uk/health-fitness/body/persuade-vaccine-hesitant-friend-get-covid-jab/,https://www.telegraph.co.uk/health-fitness/body/persuade-vaccine-hesitant-friend-get-covid-jab/amp/,How to persuade your vaccine - hesitant friend to get the Covid jab,20210517T050000Z,,telegraph.co.uk,English,United Kingdom
http://www.chinadaily.com.cn/a/202105/17/WS60a1c9cfa31024ad0babe3c7.html,,Carbon trading steel edge set to sharpen shortly,20210517T050000Z,http://img2.chinadaily.com.cn/images/202105/17/60a1c9cfa31024adbdc81cee.jpeg,chinadaily.com.cn,English,China
https://www.channelnewsasia.com/news/singapore/covid-19-singapore-emerging-stronger-taskforce-recovery-14825850,,Task force charting Singapore post - COVID - 19 recovery puts out 5 recommendations,20210517T054500Z,"https://cna-sg-res.cloudinary.com/image/upload/q_auto,f_auto/image/14808734/16x9/991/557/e49e603baa94469a62decbe343189809/jM/singapore-has-tightened-virus-restrictions-as-local-transmission-is-on-the-increase-1620973083788-2.jpg",channelnewsasia.com,English,United States
https://www.straitstimes.com/singapore/emerging-stronger-taskforce-establish-spore-as-carbon-trading-and-services-hub-seize-green,,"Emerging Stronger Taskforce : Establish Spore as carbon trading and services hub , seize green opportunities",20210517T060000Z,https://www.straitstimes.com/s3/files/styles/x_large/public/articles/2021/05/17/fhgreen170521.jpg?itok=CpFG5-CI,straitstimes.com,English,Singapore
https://www.caixinglobal.com/2021-05-17/envisioning-world-of-green-firms-101713743.html,,Envisioning world of green firms - Caixin Global,20210517T063000Z,,caixinglobal.com,English,China
https://www.euractiv.com/section/politics/short_news/germanys-coal-phase-out-plan-based-on-flawed-calculations/,,Germany coal phase - out plan based on flawed calculations – EURACTIV . com,20210517T083000Z,https://www.euractiv.com/wp-content/uploads/sites/2/2021/05/de-3-800x450.jpg,euractiv.com,English,United Kingdom
https://www.straitstimes.com/singapore/emerging-stronger-taskforce-5-things-singapore-needs-to-do-to-recover-from-the-covid-19,,Emerging Stronger Taskforce : 5 things Singapore needs to do to recover from the Covid - 19 pandemic,20210517T084500Z,https://static.straitstimes.com.sg/s3fs-public/styles/x_large/public/articles/2021/05/17/nmmerlin1705.jpg?itok=4r4IbaIS,straitstimes.com,English,Singapore
https://www.ecb.europa.eu/pub/financial-stability/fsr/special/html/ecb.fsrart202105_02~d05518fc6b.en.html,,Climate - related risks to financial stability,20210517T084500Z,,ecb.europa.eu,English,Greece
https://www.swissinfo.ch/eng/sci-tech/have-lessons-been-learned-from-science-on-climate-effects-/46619258,,Have lessons been learned from science on climate effects ? ,20210517T084500Z,https://www.swissinfo.ch/resource/image/46624208/landscape_ratio16x9/1920/1080/b753e92425d9c00c1681f67a4292bb84/49C493E06991717B43D87A06082956E0/453753888_highres.jpg,swissinfo.ch,English,Switzerland
http://m.koreaherald.com/amp/view.php?ud=20210517000885,,Climate response fund to be set up in 2022 to bolster renewable energy transition,20210517T090000Z,,m.koreaherald.com,English,South Korea
https://www.swissinfo.ch/eng/have-lessons-been-learned-from-science-on-climate-effects-/46619258,,Have lessons been learned from science on climate effects ? ,20210517T091500Z,https://www.swissinfo.ch/resource/image/46624208/landscape_ratio16x9/1920/1080/b753e92425d9c00c1681f67a4292bb84/49C493E06991717B43D87A06082956E0/453753888_highres.jpg,swissinfo.ch,English,Switzerland
https://ctmirror.org/2021/05/17/is-it-a-plan-to-fight-climate-change-or-a-gas-tax-the-tci-is-facing-fierce-pushback/,https://ctmirror.org/2021/05/17/is-it-a-plan-to-fight-climate-change-or-a-gas-tax-the-tci-is-facing-fierce-pushback/amp/,"Is it a plan to fight climate change , or a gas tax ? TCI facing fierce pushback",20210517T094500Z,https://dfcby4322olzt.cloudfront.net/wp-content/uploads/2021/05/gastax.jpg,ctmirror.org,English,United States
https://www.leadertelegram.com/country-today/opinions/guest-opinions/growing-climate-solutions-act-demonstrates-support-for-conservation-efforts/article_94581d16-5d00-5142-bbdd-f7d47f880bfd.html,,Growing Climate Solutions Act demonstrates support for conservation efforts,20210517T094500Z,https://bloximages.chicago2.vip.townnews.com/leadertelegram.com/content/tncms/custom/image/8b26c806-61e2-11e9-90aa-6fd46c65c452.png,leadertelegram.com,English,United States
https://www.indmin.com/Article/3989213/SodaAsh/The-changing-shape-of-soda-ash-production.html,,Industrial Minerals,20210517T100000Z,,indmin.com,English,China
https://www.japantimes.co.jp/news/2021/05/17/business/uk-carbon-market-brexit/,,Next Brexit test is a carbon market with high volatility risk,20210517T101500Z,https://cdn-japantimes.com/wp-content/uploads/2021/05/np_file_87256-1-870x489.jpeg,japantimes.co.jp,English,Japan
https://www.indmin.com/Article/3989213/Magnesia-Features/The-changing-shape-of-soda-ash-production.html,,Industrial Minerals,20210517T103000Z,,indmin.com,English,China
http://www.koreaherald.com/view.php?ud=20210517000885,http://m.koreaherald.com/amp/view.php?ud=20210517000885,Climate response fund to be set up in 2022 to bolster renewable energy transition,20210517T104500Z,http://res.heraldm.com/content/image/2021/05/17/20210517000744_0.jpg,koreaherald.com,English,South Korea
https://oilandgaspeople.com/news/story/shell--exxon-join--2-6b-plan-to-store-dutch-co2-in-subsea-reservoir,,"Shell , Exxon join $2 . 6B Plan to Store Dutch CO2 in Subsea Reservoir",20210517T104500Z,https://oilandgaspeople.com/Media/202105/shell-canada20210517100628768.jpg,oilandgaspeople.com,English,United Kingdom
https://www.upstreamonline.com/energy-transition/singapore-ratchets-up-plan-to-become-carbon-services-hub/2-1-1011327,,Singapore ratchets up plan to become carbon services hub,20210517T104500Z,https://images-global.nhst.tech/image/elBkSGFRclJFdDR5MDQrR2VzbjJVZGpHZGJrd0RsSzFTMFgwd0VkeUo0dz0=/nhst/binary/3854d8e88d08519108ba22d6c3e5a835?image_version=720,upstreamonline.com,English,United States
https://economictimes.indiatimes.com/news/international/business/what-is-britains-new-emissions-trading-system/articleshow/82706240.cms,https://m.economictimes.com/news/international/business/what-is-britains-new-emissions-trading-system/amp_articleshow/82706240.cms,What is Britain new emissions trading system ? ,20210517T110000Z,"https://img.etimg.com/thumb/msid-82706298,width-1070,height-580,imgsize-646878,overlay-economictimes/photo.jpg",economictimes.indiatimes.com,English,India
https://www.hartfordbusiness.com/article/is-it-a-plan-to-fight-climate-change-or-a-gas-tax-the-tci-is-facing-fierce-pushback,,"Is it a plan to fight climate change , or a gas tax ? The TCI is facing fierce pushback",20210517T111500Z,https://www.hartfordbusiness.com/sites/default/files/2021-05/gastax.jpg,hartfordbusiness.com,English,United States
https://www.worldoil.com/news/2021/5/17/dutch-government-invites-shell-exxon-to-join-26b-subsea-carbon-storage-plan,,"Dutch government invites Shell , Exxon to join $2 . 6B subsea carbon storage plan",20210517T113000Z,https://www.worldoil.com/media/14697/container-ship-at-port-760.jpg,worldoil.com,English,United States
https://www.reuters.com/world/uk/britains-carbon-market-launch-with-missing-eu-link-2021-05-17/,,Britain carbon market to launch - with missing EU link,20210517T120000Z,https://www.reuters.com/resizer/OmntwuogB19T17mLspCehS57zLg=/1200x628/smart/cloudfront-us-east-2.images.arcpublishing.com/reuters/FOTH3VEJGBPXTMSZXL7N7WAHSY.jpg,reuters.com,English,United States
https://www.reuters.com/business/energy/what-is-britains-new-emissions-trading-system-2021-05-17/,,Explainer : What is Britain new emissions trading system ? ,20210517T121500Z,,reuters.com,English,United States
https://www.nhregister.com/news/article/Is-it-a-plan-to-fight-climate-change-or-a-gas-16182096.php,,"Is it a plan to fight climate change , or a gas tax ? The TCI is facing fierce pushback",20210517T130000Z,https://s.hdnux.com/photos/01/20/07/14/21000994/3/rawImage.jpg,nhregister.com,English,United States
https://www.thehour.com/news/article/Is-it-a-plan-to-fight-climate-change-or-a-gas-16182096.php,,"Is it a plan to fight climate change , or a gas tax ? The TCI is facing fierce pushback",20210517T130000Z,https://s.hdnux.com/photos/01/20/07/14/21000994/3/rawImage.jpg,thehour.com,English,United States
https://www.kmaj1440.com/news/washington-state-tells-businesses-to-eliminate-emissions-by-2050/,,Washington State Tells Businesses to Eliminate Emissions by 2050,20210517T131500Z,,kmaj1440.com,English,United States
https://www.ctpost.com/news/article/Is-it-a-plan-to-fight-climate-change-or-a-gas-16182096.php,https://www.ctpost.com/news/amp/Is-it-a-plan-to-fight-climate-change-or-a-gas-16182096.php,"Is it a plan to fight climate change , or a gas tax ? The TCI is facing fierce pushback",20210517T131500Z,https://s.hdnux.com/photos/01/20/07/14/21000994/3/rawImage.jpg,ctpost.com,English,United States
https://www.stamfordadvocate.com/news/article/Is-it-a-plan-to-fight-climate-change-or-a-gas-16182096.php,,"Is it a plan to fight climate change , or a gas tax ? The TCI is facing fierce pushback",20210517T133000Z,https://s.hdnux.com/photos/01/20/07/14/21000994/3/rawImage.jpg,stamfordadvocate.com,English,United States
https://today.uconn.edu/2021/05/the-study-of-big-data-how-clas-researchers-use-data-science/,,The Study of Big Data : How CLAS Researchers Use Data Science,20210517T133000Z,https://uconn-today-universityofconn.netdna-ssl.com/wp-content/uploads/2021/05/Eclipse17821a07-1024x683.jpg,today.uconn.edu,English,United States
https://www.newmilfordspectrum.com/news/article/Is-it-a-plan-to-fight-climate-change-or-a-gas-16182096.php,,"Is it a plan to fight climate change , or a gas tax ? The TCI is facing fierce pushback",20210517T134500Z,https://s.hdnux.com/photos/01/20/07/14/21000994/3/rawImage.jpg,newmilfordspectrum.com,English,United States
https://www.registercitizen.com/news/article/Is-it-a-plan-to-fight-climate-change-or-a-gas-16182096.php,,"Is it a plan to fight climate change , or a gas tax ? The TCI is facing fierce pushback",20210517T134500Z,https://s.hdnux.com/photos/01/20/07/14/21000994/3/rawImage.jpg,registercitizen.com,English,United States
https://www.in.gr/2021/05/17/english-edition/pcci-urgent-need-renew-coastal-shipping-fleet/,https://www.in.gr/2021/05/17/english-edition/pcci-urgent-need-renew-coastal-shipping-fleet/amp/,PCCI : Urgent need to renew the coastal shipping fleet,20210517T134500Z,https://www.in.gr/wp-content/uploads/2021/05/ploio.jpg,in.gr,English,Greece
https://www.theridgefieldpress.com/news/article/Is-it-a-plan-to-fight-climate-change-or-a-gas-16182096.php,,"Is it a plan to fight climate change , or a gas tax ? The TCI is facing fierce pushback",20210517T134500Z,https://s.hdnux.com/photos/01/20/07/14/21000994/3/rawImage.jpg,theridgefieldpress.com,English,United States
https://www.ncadvertiser.com/news/article/Is-it-a-plan-to-fight-climate-change-or-a-gas-16182096.php,,"Is it a plan to fight climate change , or a gas tax ? The TCI is facing fierce pushback",20210517T141500Z,https://s.hdnux.com/photos/01/20/07/14/21000994/3/rawImage.jpg,ncadvertiser.com,English,United States
https://www.theglobeandmail.com/business/international-business/european-business/article-britains-carbon-market-to-launch-with-missing-eu-link/,,Britain carbon market to launch - with missing EU link,20210517T143000Z,https://www.theglobeandmail.com/resizer/arvWC9G2_16XaGVi6_UNrm2Sctc=/1200x0/filters:quality(80)/cloudfront-us-east-1.images.arcpublishing.com/tgam/CLB5FUUVRNJ5BGBFNDX5P4RCKQ.jpg,theglobeandmail.com,English,Canada
https://www.newstimes.com/news/article/Is-it-a-plan-to-fight-climate-change-or-a-gas-16182096.php,,"Is it a plan to fight climate change , or a gas tax ? The TCI is facing fierce pushback",20210517T143000Z,https://s.hdnux.com/photos/01/20/07/14/21000994/3/rawImage.jpg,newstimes.com,English,United States
https://www.politico.com/newsletters/morning-energy/2021/05/17/defending-from-future-cyber-attacks-795335,,Defending from future cyber attacks,20210517T143000Z,https://static.politico.com/da/f5/44342c424c68b675719324b1106b/politico.jpg,politico.com,English,United States
https://www.fairfieldcitizenonline.com/news/article/Is-it-a-plan-to-fight-climate-change-or-a-gas-16182096.php,,"Is it a plan to fight climate change , or a gas tax ? The TCI is facing fierce pushback",20210517T143000Z,https://s.hdnux.com/photos/01/20/07/14/21000994/3/rawImage.jpg,fairfieldcitizenonline.com,English,United States
http://www.progressive-charlestown.com/2021/05/conservation-con-job.html,,Progressive Charlestown : Conservation con job,20210517T150000Z,,progressive-charlestown.com,English,United States
https://www.westport-news.com/news/article/Is-it-a-plan-to-fight-climate-change-or-a-gas-16182096.php,,"Is it a plan to fight climate change , or a gas tax ? The TCI is facing fierce pushback",20210517T150000Z,https://s.hdnux.com/photos/01/20/07/14/21000994/3/rawImage.jpg,westport-news.com,English,United States
https://www.euractiv.com/section/energy-environment/news/uk-launches-carbon-market-without-link-to-europe/,,UK launches carbon market – without link to Europe,20210517T150000Z,https://www.euractiv.com/wp-content/uploads/sites/2/2021/05/power-plant-800x450.jpg,euractiv.com,English,United Kingdom
https://global.chinadaily.com.cn/a/202105/15/WS609f3926a31024ad0babe138.html,,California - China efforts seen as key on carbon aims,20210517T151500Z,http://img2.chinadaily.com.cn/images/202105/15/609f3926a31024adbdc7e929.jpeg,global.chinadaily.com.cn,English,China
https://www.kkoh.com/news/americas-california-style-green-awokening/,,America California - Style Green Awokening,20210517T151500Z,,kkoh.com,English,United States
https://www.middletownpress.com/news/article/Is-it-a-plan-to-fight-climate-change-or-a-gas-16182096.php,,"Is it a plan to fight climate change , or a gas tax ? The TCI is facing fierce pushback",20210517T153000Z,https://s.hdnux.com/photos/01/20/07/14/21000994/3/rawImage.jpg,middletownpress.com,English,United States
https://www.1490wosh.com/news/americas-california-style-green-awokening/,,America California - Style Green Awokening,20210517T154500Z,,1490wosh.com,English,United States
https://www.middletownpress.com/shorelinenews/article/Is-it-a-plan-to-fight-climate-change-or-a-gas-16182096.php,,"Is it a plan to fight climate change , or a gas tax ? The TCI is facing fierce pushback",20210517T154500Z,https://s.hdnux.com/photos/01/20/07/14/21000994/3/rawImage.jpg,middletownpress.com,English,United States
https://www.newsradio1029.com/news/americas-california-style-green-awokening/,,America California - Style Green Awokening,20210517T154500Z,,newsradio1029.com,English,United States
https://www.wvlkam.com/news/americas-california-style-green-awokening/,,America California - Style Green Awokening,20210517T154500Z,,wvlkam.com,English,United States
https://www.980waav.com/news/americas-california-style-green-awokening/,,America California - Style Green Awokening,20210517T154500Z,,980waav.com,English,United States
https://www.wiltonbulletin.com/news/article/Is-it-a-plan-to-fight-climate-change-or-a-gas-16182096.php,,"Is it a plan to fight climate change , or a gas tax ? The TCI is facing fierce pushback",20210517T154500Z,https://s.hdnux.com/photos/01/20/07/14/21000994/3/rawImage.jpg,wiltonbulletin.com,English,United States
https://www.darientimes.com/news/article/Is-it-a-plan-to-fight-climate-change-or-a-gas-16182096.php,,"Is it a plan to fight climate change , or a gas tax ? The TCI is facing fierce pushback",20210517T160000Z,https://s.hdnux.com/photos/01/20/07/14/21000994/3/rawImage.jpg,darientimes.com,English,United States
https://www.wtma.com/news/americas-california-style-green-awokening/,,America California - Style Green Awokening,20210517T160000Z,,wtma.com,English,United States
https://www.wgowam.com/news/americas-california-style-green-awokening/,,America California - Style Green Awokening,20210517T160000Z,,wgowam.com,English,United States
https://www.greenwichtime.com/news/article/Is-it-a-plan-to-fight-climate-change-or-a-gas-16182096.php,,"Is it a plan to fight climate change , or a gas tax ? The TCI is facing fierce pushback",20210517T161500Z,https://s.hdnux.com/photos/01/20/07/14/21000994/3/rawImage.jpg,greenwichtime.com,English,United States
https://www.trumbulltimes.com/news/article/Is-it-a-plan-to-fight-climate-change-or-a-gas-16182096.php,,"Is it a plan to fight climate change , or a gas tax ? The TCI is facing fierce pushback",20210517T163000Z,https://s.hdnux.com/photos/01/20/07/14/21000994/3/rawImage.jpg,trumbulltimes.com,English,United States
https://www.kmjnow.com/news/americas-california-style-green-awokening/,,America California - Style Green Awokening,20210517T163000Z,,kmjnow.com,English,United States
https://www.milfordmirror.com/news/article/Is-it-a-plan-to-fight-climate-change-or-a-gas-16182096.php,,"Is it a plan to fight climate change , or a gas tax ? The TCI is facing fierce pushback",20210517T171500Z,https://s.hdnux.com/photos/01/20/07/14/21000994/3/rawImage.jpg,milfordmirror.com,English,United States
https://www.sheltonherald.com/news/article/Is-it-a-plan-to-fight-climate-change-or-a-gas-16182096.php,,"Is it a plan to fight climate change , or a gas tax ? The TCI is facing fierce pushback",20210517T173000Z,https://s.hdnux.com/photos/01/20/07/14/21000994/3/rawImage.jpg,sheltonherald.com,English,United States
https://www.thefirstnews.com/article/polands-co2-emissions-drop-by-684-pct-in-2020-21971,,Poland CO2 emissions drop by 6 . 84 pct in 2020,20210517T181500Z,https://images.thefirstnews.com/1000x667/lpcox2cdzwsqhzvl46wm3d.jpeg,thefirstnews.com,English,
https://www.seattlemet.com/news-and-city-life/2021/05/environmental-justice-arrives-in-washington-state-law-heal-act,,Environmental Justice Arrives in Washington State Law,20210517T191500Z,"https://res.cloudinary.com/sagacity/image/upload/c_crop,h_854,w_1280,x_0,y_257/c_limit,dpr_auto,f_auto,fl_lossy,q_80,w_1200/thumbnail_IMG_4425_zx0vo8.jpg",seattlemet.com,English,United States
https://www.kabc.com/news/americas-california-style-green-awokening/,,America California - Style Green Awokening,20210517T194500Z,,kabc.com,English,United States
https://www.washingtonpost.com/opinions/letters-to-the-editor/the-flaws-in-a-carbon-tax/2021/05/17/ff2927f2-b402-11eb-bc96-fdf55de43bef_story.html,https://www.washingtonpost.com/opinions/letters-to-the-editor/the-flaws-in-a-carbon-tax/2021/05/17/ff2927f2-b402-11eb-bc96-fdf55de43bef_story.html?outputType=amp,Opinion | The flaws in a carbon tax,20210517T210000Z,https://arc-anglerfish-washpost-prod-washpost.s3.amazonaws.com/public/HYHDUWFU6II6XKMAUYFPS5XNIQ.jpg,washingtonpost.com,English,United States
https://www.prnewswire.com/news-releases/historic-climate-legislation-signed-into-law-301292922.html,,Historic Climate Legislation Signed Into Law,20210517T210000Z,,prnewswire.com,English,United States
https://www.prnewswire.com:443/news-releases/historic-climate-legislation-signed-into-law-301292922.html,,Historic Climate Legislation Signed Into Law,20210517T210000Z,,prnewswire.com,English,United States
https://www.thecentersquare.com/washington/inslee-pumps-breaks-on-washingtons-2030-goal-of-carbon-free-vehicle-sales/article_a61b4cba-b5a3-11eb-bfd6-af4665cf6e70.html,https://www.thecentersquare.com/washington/inslee-pumps-breaks-on-washingtons-2030-goal-of-carbon-free-vehicle-sales/article_a61b4cba-b5a3-11eb-bfd6-af4665cf6e70.amp.html,Inslee pumps breaks on Washington 2030 goal of carbon - free vehicle sales,20210517T213000Z,https://bloximages.newyork1.vip.townnews.com/thecentersquare.com/content/tncms/assets/v3/editorial/7/7b/77be2662-b67a-11eb-ac2c-8f8a1232b1f5/60a16e84cd333.image.jpg,thecentersquare.com,English,
https://www.wnpr.org/post/it-plan-fight-climate-change-or-gas-tax-tci-faces-pushback,,Is It A Plan To Fight Climate Change Or A Gas Tax ? TCI Faces Pushback,20210517T214500Z,https://www.wnpr.org/sites/wnpr/files/202105/gastax-1536x1024.jpg,wnpr.org,English,United States
https://www.habitatmag.com/Publication-Content/2021/2021-May/Feature-Articles/NYC-Mayor-s-Race-2021-Kathryn-Garcia,,Kathryn Garcia,20210517T221500Z,https://www.habitatmag.com/var/ezwebin_site/storage/images/publication-content/2021/2021-may/feature-articles/nyc-mayor-s-race-2021-kathryn-garcia/849226-1-eng-US/NYC-Mayor-s-Race-2021-Kathryn-Garcia_og_image.png,habitatmag.com,English,United States
https://www.dailyrecordnews.com/news/state/historic-climate-legislation-signed-into-law/article_05576f6b-0aae-52f0-891d-e0216142d851.html,https://www.dailyrecordnews.com/news/state/historic-climate-legislation-signed-into-law/article_05576f6b-0aae-52f0-891d-e0216142d851.amp.html,Historic Climate Legislation Signed Into Law,20210517T224500Z,https://bloximages.chicago2.vip.townnews.com/dailyrecordnews.com/content/tncms/assets/v3/editorial/4/be/4be62ae3-f340-52f0-920c-b0aa50232604/6084aa9edce0f.image.jpg,dailyrecordnews.com,English,United States
https://www.lawyersweekly.com.au/corporate-counsel/31386-how-important-is-emissions-reduction-to-corporate-australia,https://www.lawyersweekly.com.au/corporate-counsel/31386-how-important-is-emissions-reduction-to-corporate-australia/amp,How important is emissions reduction to corporate Australia ? ,20210517T224500Z,https://www.lawyersweekly.com.au/images/articleImages-850x492/Vishal-Ahuja-2-lw.jpg,lawyersweekly.com.au,English,Australia
https://www.caixinglobal.com/2021-05-18/caixin-energy-wrap-giant-offshore-wind-farm-comes-online-china-mulls-carbon-trading-for-construction-materials-101714176.html,,Caixin Energy Wrap : Giant Offshore Wind Farm Comes Online ; China Mulls Carbon Trading for Construction Materials,20210517T233000Z,,caixinglobal.com,English,China
https://governorswindenergycoalition.org/washington-state-tells-businesses-to-eliminate-emissions-by-2050/,,Washington State Tells Businesses to Eliminate Emissions by 2050 - Governor Wind Energy Coalition,20210518T001500Z,,governorswindenergycoalition.org,English,United States
https://www.washingtonpolicy.org/publications/detail/governor-issues-questionable-line-item-vetoes-again,,"Governor issues questionable line - item vetoes , again",20210518T003000Z,,washingtonpolicy.org,English,United States
https://www.washingtonpolicy.org/publications/detail/the-unecessary-and-costly-mess-of-washingtons-climate-legisaltion,,The unnecessary and costly mess of Washington climate legislation,20210518T003000Z,,washingtonpolicy.org,English,United States
https://mynorthwest.com/2908228/inslee-lawmakers-disappointed-veto/,https://mynorthwest.com/2908228/inslee-lawmakers-disappointed-veto/amp/,Lawmakers disappointed by Gov . Inslee veto pen,20210518T003000Z,https://mynorthwest.com/wp-content/uploads/2021/05/Untitled-design-2021-05-17T155250.053.jpg,mynorthwest.com,English,United States
https://www.nationalobserver.com/2021/05/17/news/environmentalists-court-hearing-bill-197-ford,,Environmentalists make their case at Bill 197 hearing,20210518T010000Z,https://www.nationalobserver.com/sites/nationalobserver.com/files/img/2020/04/27/180629_-_ate_-_queens_park-2.jpg,nationalobserver.com,English,Canada
https://www.theday.com/article/20210517/NWS12/210519501,,"The Day - Is it a plan to fight climate change , or a gas tax ? - News from southeastern Connecticut",20210518T013000Z,https://www.theday.com/Assets/images/facebook/TheDay_Facebook_OG-360px.png,theday.com,English,United States
https://www.theday.com/statenortheast-news/20210517/is-it-plan-to-fight-climate-change-or-gas-tax,,"The Day - Is it a plan to fight climate change , or a gas tax ? - News from southeastern Connecticut",20210518T014500Z,https://www.theday.com/Assets/images/facebook/TheDay_Facebook_OG-360px.png,theday.com,English,United States
https://theconversation.com/climate-explained-is-natural-gas-really-cheaper-than-renewable-electricity-155199,https://theconversation.com/amp/climate-explained-is-natural-gas-really-cheaper-than-renewable-electricity-155199,Climate explained : is natural gas really cheaper than renewable electricity ? ,20210518T044500Z,https://images.theconversation.com/files/400190/original/file-20210512-16-1gn9gsc.jpg?ixlib=rb-1.1.0&rect=44%2C0%2C5191%2C2595&q=45&auto=format&fit=crop,theconversation.com,English,Australia
https://www.washingtonexaminer.com/opinion/op-eds/why-we-need-to-stand-against-the-radical-lefts-war-on-energy,https://www.washingtonexaminer.com/opinion/op-eds/why-we-need-to-stand-against-the-radical-lefts-war-on-energy?_amp=true,Why we need to stand against the radical Left war on energy,20210518T044500Z,http://mediadc-brightspot.s3.amazonaws.com/e2/37/e6595f1247879859f1571588e848/ap20328623482196.jpg,washingtonexaminer.com,English,United States
http://www.msn.com/en-us/news/politics/why-we-need-to-stand-against-the-radical-left-s-war-on-energy/ar-BB1gQDg7,,Why we need to stand against the radical Left war on energy,20210518T050000Z,,msn.com,English,United States
https://washingtonstatewire.com/claims-of-unconstitutionality-swirl-as-inslee-issues-partial-vetoes-of-grand-bargain/,,Tensions swirl as Inslee issues partial vetoes of  Grand Bargain   provisions,20210518T053000Z,https://washingtonstatewire.com/wp-content/uploads/2020/12/Jay-Inslee-Presser-12-14-20.jpg,washingtonstatewire.com,English,
https://www.stuff.co.nz/environment/climate-news/300310853/climate-explained-is-natural-gas-really-cheaper-than-renewable-electricity,,Climate explained : Is natural gas really cheaper than renewable electricity ? ,20210518T053000Z,https://resources.stuff.co.nz/content/dam/images/4/y/s/p/c/j/image.related.StuffLandscapeSixteenByNine.1420x800.4yspc5.png/1621314211746.jpg,stuff.co.nz,English,New Zealand
https://www.euractiv.com/section/energy-environment/news/industry-decarbonisation-has-stalled-in-recent-years-warns-think-tank/,,"Industry decarbonisation has stalled in recent years , warns think - tank",20210518T053000Z,https://www.euractiv.com/wp-content/uploads/sites/2/2021/05/Steel-1-800x450.jpg,euractiv.com,English,United Kingdom
https://www.nbcphiladelphia.com/news/business/money-report/why-the-worlds-largest-carbon-market-is-experiencing-a-boom-like-never-before/2817961/,https://www.nbcphiladelphia.com/news/business/money-report/why-the-worlds-largest-carbon-market-is-experiencing-a-boom-like-never-before/2817961/?amp,Why the World Largest Carbon Market Is Experiencing a Boom Like Never Before,20210518T061500Z,https://i1.wp.com/media.nbcphiladelphia.com/2021/04/106867533-1618326244036-gettyimages-1230798297-AFP_8ZK6LP.jpeg?quality=85,nbcphiladelphia.com,English,United States
https://www.miragenews.com/is-natural-gas-really-cheaper-than-renewable-561806/,,Is natural gas really cheaper than renewable electricity ? ,20210518T061500Z,https://images.unsplash.com/uploads/1412533519888a485b488/bb9f9777?ixid=MXwxMjA3fDB8MHxwaG90by1wYWdlfHx8fGVufDB8fHw%3D&ixlib=rb-1.2.1&auto=format&fit=crop&q=80,miragenews.com,English,United States
https://www.nbcconnecticut.com/news/business/money-report/why-the-worlds-largest-carbon-market-is-experiencing-a-boom-like-never-before/2489872/,https://www.nbcconnecticut.com/news/business/money-report/why-the-worlds-largest-carbon-market-is-experiencing-a-boom-like-never-before/2489872/?amp,Why the World Largest Carbon Market Is Experiencing a Boom Like Never Before,20210518T061500Z,https://i2.wp.com/media.nbcconnecticut.com/2021/04/106867533-1618326244036-gettyimages-1230798297-AFP_8ZK6LP.jpeg?quality=85,nbcconnecticut.com,English,United States
https://www.nbcdfw.com/news/business/money-report/why-the-worlds-largest-carbon-market-is-experiencing-a-boom-like-never-before/2634979/,https://www.nbcdfw.com/news/business/money-report/why-the-worlds-largest-carbon-market-is-experiencing-a-boom-like-never-before/2634979/?amp,Why the World Largest Carbon Market Is Experiencing a Boom Like Never Before,20210518T063000Z,https://i2.wp.com/media.nbcdfw.com/2021/04/106867533-1618326244036-gettyimages-1230798297-AFP_8ZK6LP.jpeg?quality=85,nbcdfw.com,English,United States
https://www.nbcnewyork.com/news/business/money-report/why-the-worlds-largest-carbon-market-is-experiencing-a-boom-like-never-before/3060896/,https://www.nbcnewyork.com/news/business/money-report/why-the-worlds-largest-carbon-market-is-experiencing-a-boom-like-never-before/3060896/?amp,Why the World Largest Carbon Market Is Experiencing a Boom Like Never Before,20210518T064500Z,https://i2.wp.com/media.nbcnewyork.com/2021/04/106867533-1618326244036-gettyimages-1230798297-AFP_8ZK6LP.jpeg?quality=85,nbcnewyork.com,English,United States
https://euobserver.com/climate/151869,,EU unveils roadmap to green maritime activities,20210518T073000Z,https://s3.eu-central-1.amazonaws.com/euobs-media/89e6d5b8e1a6ec25477b4a334eb7c252-480x.jpg,euobserver.com,English,United Kingdom
https://www.fool.com/investing/2021/04/20/exxonmobil-proposes-100-billion-us-carbon-capture/,https://www.fool.com/amp/investing/2021/04/20/exxonmobil-proposes-100-billion-us-carbon-capture/,ExxonMobil Proposes $100 Billion U . S . Carbon Capture and Storage Project,20210518T101500Z,https://g.foolcdn.com/editorial/images/622132/a-hand-with-an-eraser-removing-carbon-dioxide-with-green-grass-and-a-blue-sky-in-the-background.jpg,fool.com,English,United States
https://thebulletin.org/2021/05/just-what-is-carbon-offsetting-and-how-is-it-supposed-to-work/,https://thebulletin.org/2021/05/just-what-is-carbon-offsetting-and-how-is-it-supposed-to-work/amp/,Just what is carbon offsetting ? And how is it supposed to work ? - Bulletin of the Atomic Scientists,20210518T101500Z,https://thebulletin.org/wp-content/uploads/2021/05/Rainforest-before-and-after.jpg,thebulletin.org,English,United States
https://www.hellenicshippingnews.com/commodity-tracker-5-charts-to-watch-this-week-29/,https://www.hellenicshippingnews.com/commodity-tracker-5-charts-to-watch-this-week-29/amp/,Commodity Tracker : 5 charts to watch this week | Hellenic Shipping News Worldwide,20210518T114500Z,,hellenicshippingnews.com,English,China
https://www.pewtrusts.org/en/research-and-analysis/blogs/stateline/2021/05/18/new-environmental-justice-measures-might-revive-cap-and-trade,https://www.pewtrusts.org/en/research-and-analysis/blogs/stateline/2021/05/18/new-environmental-justice-measures-might-revive-cap-and-trade?amp=1,New Environmental Justice Measures Might Revive Cap - and - Trade,20210518T114500Z,https://www.pewtrusts.org/-/media/post-launch-images/2021/05/ap_19015833675044/16x9_m.jpg,pewtrusts.org,English,United States
https://www.spglobal.com/platts/en/market-insights/blogs/energy-transition/051821-fft-carbon-offsetting-credits-emissions-oil-gas-producers-lng-corsia,,Carbon offsetting goes mainstream as producers set sights on net - zero,20210518T114500Z,,spglobal.com,English,
https://www.euractiv.com/section/climate-environment/news/leak-eu-countries-will-stick-to-decarbonisation-targets-for-non-ets-sectors/,,LEAK : EU set to maintain national CO2 targets for non - ETS sectors,20210518T114500Z,https://www.euractiv.com/wp-content/uploads/sites/2/2021/05/Geer-wind-800x450.jpg,euractiv.com,English,United Kingdom
https://www.registerguard.com/story/news/2021/05/18/oregon-democrats-british-columbias-carbon-tax-investigatewest/5060510001/,,InvestigateWest : Can Oregon Democrats learn from British Columbia carbon tax ? ,20210518T134500Z,https://www.gannett-cdn.com/-mm-/56f1e8b070620a17c579f1e54dfd3e1638ebc748/c=0-70-1502-915/local/-/media/Salem/2015/04/14/B9316966852Z.1_20150414234956_000_GBMAGMM9K.1-0.jpg?auto=webp&format=pjpg,registerguard.com,English,United States
https://www.wenatcheeworld.com/news/inslee-signs-major-climate-bills-but-not-without-partial-vetoes-legislative-leadership-threaten-lawsuit/article_cd0478d2-b7d9-11eb-9c8b-17c511f28d90.html,,"Inslee signs major climate bills , but not without partial vetoes ; Legislative leadership threaten lawsuit",20210518T143000Z,https://bloximages.newyork1.vip.townnews.com/wenatcheeworld.com/content/tncms/custom/image/da02397a-3a18-11e9-85cd-7b72de84ee83.jpg,wenatcheeworld.com,English,United States
https://www.penncapital-star.com/commentary/its-election-day-in-pa-your-right-to-vote-is-under-attack-show-up-and-prove-them-wrong-tuesday-morning-coffee/,,It Election Day in Pa . Your right to vote is under attack . Show up and prove them wrong | Tuesday Morning Coffee,20210518T151500Z,https://www.penncapital-star.com/wp-content/uploads/2020/05/AdobeStock_7753487-scaled.jpeg,penncapital-star.com,English,
https://www.jdsupra.com/legalnews/securities-and-markets-regulatory-news-1645060/,,"Securities and markets regulatory news , May 2021 | Hogan Lovells",20210518T154500Z,https://jdsupra-static.s3.amazonaws.com/profile-images/og.15723_926.jpg,jdsupra.com,English,United States
https://www.thestranger.com/slog/2021/05/18/57451603/slog-am-palestinians-launch-general-strike-inslee-takes-heat-for-vetoes-centrist-mayoral-candidate-hires-republican-firm,,"Slog AM : Palestinians Launch General Strike , Inslee Takes Heat for Vetoes ,  Centrist  Mayoral Candidate Hires Republican Firm",20210518T160000Z,https://media2.fdncms.com/stranger/imager/u/original/57463354/1621352250-1605235547-1602195533-1566330837-1555538736-0k6a0383.jpg,thestranger.com,English,United States
https://www.endsreport.com/article/1716219/uk-emissions-trading-scheme-could-face-rapid-price-spike,,UK emissions trading scheme  could face rapid price spike  ,20210518T161500Z,,endsreport.com,English,United Kingdom
http://www.mcall.com/news/pennsylvania/mc-nws-pa-updated-carbon-emissions-analysis-20210518-jawvrkogdzcubjplanuiktbwfe-story.html,https://www.mcall.com/news/pennsylvania/mc-nws-pa-updated-carbon-emissions-analysis-20210518-jawvrkogdzcubjplanuiktbwfe-story.html?outputType=amp,"Carbon - cutting initiative would improve Pa . greenhouse gas emissions , DEP analysis shows",20210518T163000Z,https://www.mcall.com/resizer/fwsrIS0WkBA4_sIa8Q0m0VzPql8=/1200x0/top/cloudfront-us-east-1.images.arcpublishing.com/tronc/UROLGN5AC5E3BAYHTXLKS33WII.jpg,mcall.com,English,United States
https://www.powerlineblog.com/archives/2021/05/racism-all-the-way-down.php,,Racism All the Way Down,20210518T164500Z,,powerlineblog.com,English,United States
https://www.politico.com/news/2021/05/18/biden-ford-electric-pickup-489276,,Biden and an iconic American truck join forces in the fossil fuel culture war,20210518T171500Z,https://static.politico.com/d4/14/f5c24f44464da23be9b92104fb44/ap21077843047710-1.jpg,politico.com,English,United States
https://www.vanguardngr.com/2021/05/climate-change-cappa-leads-activists-to-shells-office/,https://www.vanguardngr.com/2021/05/climate-change-cappa-leads-activists-to-shells-office/amp/,Climate Change : CAPPA leads activists to Shell office,20210518T171500Z,https://i0.wp.com/www.vanguardngr.com/wp-content/uploads/2021/05/SHELL2.jpg?fit=700%2C467&ssl=1,vanguardngr.com,English,Nigeria
https://www.washingtonexaminer.com/policy/energy/daily-on-energy-advisers-at-odds-with-biden-officials-over-nuclear-and-carbon-capture,https://www.washingtonexaminer.com/policy/energy/daily-on-energy-advisers-at-odds-with-biden-officials-over-nuclear-and-carbon-capture?_amp=true,Daily on Energy : Advisers at odds with Biden officials over nuclear and carbon capture,20210518T173000Z,http://mediadc-brightspot.s3.amazonaws.com/65/3a/4bacda2d4dd1a9279ca78653cb60/doe-default-1060x600.png,washingtonexaminer.com,English,United States
https://ww2.arb.ca.gov/index.php/diversity-and-racial-equity-task-force,,Diversity and Racial Equity Task Force | California Air Resources Board,20210518T191500Z,,ww2.arb.ca.gov,English,United States
https://ww2.arb.ca.gov/index.php/about,,About | California Air Resources Board,20210518T191500Z,,ww2.arb.ca.gov,English,United States
https://www.washingtonexaminer.com/policy/energy/biden-not-excluding-carbon-capture-nuclear-energy-from-climate-plans,https://www.washingtonexaminer.com/policy/energy/biden-not-excluding-carbon-capture-nuclear-energy-from-climate-plans?_amp=true,"Biden wont remove carbon capture and nuclear power from climate plans , White House adviser says",20210518T191500Z,http://mediadc-brightspot.s3.amazonaws.com/5f/f1/314f171f544339418392e7744b7f/aa5bf329ba40bc80fd08d03cc4826269.jpg,washingtonexaminer.com,English,United States
https://kvi.com/podcast/commute-with-carlson/listen-john-carlson-show-may18-7am-hour-2021,,"LISTEN : John Carlson Show , May18 -- 7am hour",20210518T193000Z,http://static-25.sinclairstoryline.com/resources/media/14c15603-b59e-465c-a518-146be5ed7ea0-large16x9_a7d4ff981b364521b80f7ff4a0c35347large16x9_InsleeLCFSPIX.jpg,kvi.com,English,United States
https://kvi.com/podcast/commute-with-carlson/listen-john-carlson-show-may18-6am-hour-2021,,"LISTEN : John Carlson Show , May18 -- 6am hour",20210518T193000Z,http://static-36.sinclairstoryline.com/resources/media/f38a8b15-e80e-4a41-babe-03c4d27f917a-large16x9_2916a39180bb40d5853029ed56de3f34large16x9_Insleeheck.jpg,kvi.com,English,United States
https://oilprice.com/Energy/Energy-General/IEA-Drops-Bombshell-Report-On-Oil-And-Gas.html,https://oilprice.com/Energy/Energy-General/IEA-Drops-Bombshell-Report-On-Oil-And-Gas.amp.html,IEA Drops Bombshell Report On Oil And Gas,20210518T194500Z,https://d32r1sh890xpii.cloudfront.net/article/718x300/2021-05-18_8cgzqerhm9.jpg,oilprice.com,English,United States
https://washingtonstatewire.com/morning-wire-inslee-vetoes-candidate-filing-rainy-day-funds/,,"Morning Wire : Inslee vetoes , Candidate filing , Rainy day funds",20210518T194500Z,https://washingtonstatewire.com/wp-content/uploads/2021/01/long-term-econ.jpg,washingtonstatewire.com,English,
https://www.latimes.com/politics/story/2021-05-18/new-biden-surprises-even-longtime-watchers-by-his-governance-so-far,https://www.latimes.com/politics/story/2021-05-18/new-biden-surprises-even-longtime-watchers-by-his-governance-so-far?_amp=true,  What an old politician understand Biden turns the age issue to advantage,20210518T194500Z,https://california-times-brightspot.s3.amazonaws.com/a2/5f/7d3e56d1448abc313bdd77688e67/biden-51460.jpg,latimes.com,English,United States
https://www.clarkcountytoday.com/opinion/opinion-governor-issues-questionable-line-item-vetoes-again/,,"Opinion : Governor issues questionable line - item vetoes , again",20210518T194500Z,,clarkcountytoday.com,English,United States
https://www.mdjonline.com/tribune/lifestyles/what-an-old-politician-understands-biden-turns-the-age-issue-to-advantage/article_b447e972-8f35-560a-948d-dab8706b725d.html,,  What an old politician understand : Biden turns the age issue to advantage | Tribune,20210518T210000Z,https://bloximages.newyork1.vip.townnews.com/mdjonline.com/content/tncms/assets/v3/editorial/a/4a/a4a88ea5-6e06-56a1-a98c-2e9720b32229/60a4162f5978c.image.jpg,mdjonline.com,English,United States
https://www.nzherald.co.nz/business/jarden-brief-a2-milk-slumps-to-lowest-price-in-three-years/RLRJKMNZIC3G5NCXGH7P3WUI5Y/,,Jarden Brief : A2 Milk slumps to lowest price in three years,20210518T211500Z,https://www.nzherald.co.nz/resizer/gxBza6VXeBZIU3z6vkW_-Umuwr0=/1200x675/filters:quality(70)/cloudfront-ap-southeast-2.images.arcpublishing.com/nzme/L4HDYTDN27OY6JBYC4BVCTGZAE.jpg,nzherald.co.nz,English,New Zealand
https://advancedbiofuelsusa.info/argus-live-carbon-markets-and-regulation-july-15-16-2021-online/,,"Argus Live : Carbon Markets and Regulation July 15 - 16 , 2021 ONLINE – Advanced BioFuels united states ",20210518T220000Z,,advancedbiofuelsusa.info,English,United States
https://therealdeal.com/2021/05/18/nyc-landlords-could-find-a-lifeline-in-carbon-trading/,https://therealdeal.com/2021/05/18/nyc-landlords-could-find-a-lifeline-in-carbon-trading/amp/,Carbon trading could come to New York City under Local Law 97,20210518T223000Z,https://therealdeal.com/wp-content/uploads/2021/05/Carbon-trading-feature.jpg,therealdeal.com,English,United States
https://therealdeal.com/issues_articles/tricks-of-the-trade/,https://therealdeal.com/issues_articles/tricks-of-the-trade/amp/,Carbon trading could come to New York City under Local Law 97,20210518T224500Z,https://therealdeal.com/wp-content/uploads/2021/05/Carbon-trading-feature.jpg,therealdeal.com,English,United States
https://www.energyvoice.com/opinion/323590/may-19-the-end-of-anne-boleyn-and-the-start-of-the-uk-ets/,https://www.energyvoice.com/opinion/323590/may-19-the-end-of-anne-boleyn-and-the-start-of-the-uk-ets/amp/,May 19 : The end of Anne Boleyn ... and the start of the united kingdom ETS - News for the Oil and Gas Sector,20210518T234500Z,https://www.energyvoice.com/wp-content/uploads/sites/4/2021/05/boleyn-scaled.jpg,energyvoice.com,English,United Kingdom
https://www.law360.com/tax-authority/articles/1385713/wash-enacts-cap-and-trade-program-without-link-to-gas-tax-,https://www.law360.com/tax-authority/amp/articles/1385713,"Wash . Enacts Cap - And - Trade Program , Without Link To Gas Tax",20210519T003000Z,https://www.law360.com/images/360.png,law360.com,English,United States
https://www.scoop.co.nz/stories/HL2105/S00054/climate-explained-is-natural-gas-really-cheaper-than-renewable-electricity.htm,https://m.scoop.co.nz/stories/HL2105/S00054/climate-explained-is-natural-gas-really-cheaper-than-renewable-electricity.htm,Climate explained : is natural gas really cheaper than renewable electricity ? ,20210519T003000Z,http://img.scoop.co.nz/stories/images/1908/scoop_image.jpg,scoop.co.nz,English,New Zealand
https://www.kuow.org/stories/flurry-of-anti-pollution-laws-signed-by-gov-inslee,,"KUOW - Gov . Inslee signs flurry of anti - pollution laws , but draws ire with vetoes",20210519T003000Z,https://kuow-prod.imgix.net/store/c4255dd3f34754d1fdf8b2a1bf4c028f.png?fm=jpg&fit=max&q=80,kuow.org,English,United States
https://kuow.org/stories/flurry-of-anti-pollution-laws-signed-by-gov-inslee,,"KUOW - Gov . Inslee signs flurry of anti - pollution laws , but draws ire with vetoes",20210519T010000Z,https://kuow-prod.imgix.net/store/c4255dd3f34754d1fdf8b2a1bf4c028f.png?fm=jpg&fit=max&q=80,kuow.org,English,United States
https://finance.yahoo.com/news/iea-drops-bombshell-report-oil-190000036.html,https://finance.yahoo.com/amphtml/news/iea-drops-bombshell-report-oil-190000036.html,IEA Drops Bombshell Report On Oil And Gas,20210519T011500Z,https://s.yimg.com/uu/api/res/1.2/NDmGbnqaG5ZgP2zkaY48mQ--~B/aD0zMjk7dz05Mzk7YXBwaWQ9eXRhY2h5b24-/https://media.zenfs.com/en/oilprice.com/9d88b81e23cad7efb1a73838713781f4,finance.yahoo.com,English,United States
https://abovethelaw.com/2021/05/five-guys-a-gal-and-a-gendered-scotus-narrative/,https://abovethelaw.com/2021/05/five-guys-a-gal-and-a-gendered-scotus-narrative/amp/,"Five Guys , A Gal , And A Gendered SCOTUS Narrative",20210519T014500Z,https://abovethelaw.com/uploads/2020/03/SCOTUSshutdown.jpg,abovethelaw.com,English,United States
https://global.chinadaily.com.cn/a/202105/17/WS60a1c9cfa31024ad0babe3c7.html,,Carbon trading steel edge set to sharpen shortly,20210519T020000Z,http://img2.chinadaily.com.cn/images/202105/17/60a1c9cfa31024adbdc81cee.jpeg,global.chinadaily.com.cn,English,China
https://sbr.com.sg/economy/news/emerging-stronger-task-force-bares-five-recommendations-economic-recovery,,Emerging Stronger Task Force bares five recommendations for economic recovery,20210519T020000Z,https://cdn.sbr.com.sg/sites/default/files/imagecache/600x360/news/singapore-malaysia-bridge_0_4_0.jpg,sbr.com.sg,English,Singapore
https://capitalandmain.com/california-oil-industry-spends-millions-fighting-climate-bills-0518,,California Oil Industry Spends Millions Fighting Climate Bills,20210519T021500Z,https://mk0capitalandmaeb6q4.kinstacdn.com/wp-content/uploads/2021/05/83.jpg,capitalandmain.com,English,United States
https://chinadialogue.net/en/business/eu-presses-ahead-with-tariff-on-embedded-emissions/,,EU presses ahead with tariff on embedded emissions,20210519T043000Z,https://cdn.chinadialogue.net/content/uploads/2021/05/14142611/20210514_Carbon-Border-Adjustment-Mechanism-scaled-e1621336753665.jpg,chinadialogue.net,English,China
https://www.columbian.com/news/2021/may/18/southwest-washington-lawmakers-decry-inslees-partial-veto-of-bills/,,Southwest Washington lawmakers decry Inslee partial veto of bills,20210519T050000Z,https://pcdn.columbian.com/wp-content/uploads/2021/05/Open_Carry_Ban_Washington_65705.jpg-9e737.jpg,columbian.com,English,United States
https://www.eco-business.com/news/eu-presses-ahead-with-tariff-on-embedded-emissions/,,EU presses ahead with tariff on embedded emissions,20210519T070000Z,https://eco-business.imgix.net/ebmedia/fileuploads/1472910474_98eba85d57_b.jpeg?fit=crop&ixlib=django-1.2.0&q=85,eco-business.com,English,China
https://newsoninvest.com/russian-businesses-start-counting-cost-of-eu-carbon-border-tax/,https://newsoninvest.com/russian-businesses-start-counting-cost-of-eu-carbon-border-tax/amp/,Russian businesses start counting cost of EU carbon border tax,20210519T083000Z,https://nde.regolith.work/static/articles_images/d71b282ac277966818072788504d74be.md5.png.lark.png,newsoninvest.com,English,China
https://www.appeal-democrat.com/glenn_county_transcript/soil-health-workshop-to-highlight-cover-crops-increasing-carbon-sequestration-during-drought/article_fe5ed5ea-b7fb-11eb-b053-8f411bffde32.html,,"Soil health workshop to highlight cover crops , increasing carbon sequestration during drought",20210519T084500Z,https://bloximages.newyork1.vip.townnews.com/appeal-democrat.com/content/tncms/custom/image/e63f55ec-f4aa-11e7-8fac-53188e867597.jpg,appeal-democrat.com,English,United States
https://www.bloombergquint.com/onweb/washington-state-tells-businesses-to-eliminate-emissions-by-2050,/amp/onweb/washington-state-tells-businesses-to-eliminate-emissions-by-2050,Washington State Tells Businesses to Eliminate Emissions by 2050,20210519T094500Z,,bloombergquint.com,English,India
https://www.euractiv.com/section/energy-environment/news/the-green-brief-europes-zero-pollution-dreams/,,The Green Brief : Europe  zero pollution  dreams,20210519T100000Z,https://www.euractiv.com/wp-content/uploads/sites/2/2021/03/Green-brief-800x450.png,euractiv.com,English,United Kingdom
http://www.chinadaily.com.cn/a/202105/19/WS60a4c837a31024ad0bac0119.html,,Intl Finance Forum 2021 spring meetings set for Beijing May 29 - 30,20210519T103000Z,http://img2.chinadaily.com.cn/images/202105/19/60a4c837a31024adbdc8a363.jpeg,chinadaily.com.cn,English,China
http://global.chinadaily.com.cn/a/202105/19/WS60a4c837a31024ad0bac0119.html,,Intl Finance Forum 2021 spring meetings set for Beijing May 29 - 30,20210519T103000Z,http://img2.chinadaily.com.cn/images/202105/19/60a4c837a31024adbdc8a363.jpeg,global.chinadaily.com.cn,English,China
https://www.hellenicshippingnews.com/how-software-could-transform-environmental-regulation/,https://www.hellenicshippingnews.com/how-software-could-transform-environmental-regulation/amp/,How software could transform environmental regulation | Hellenic Shipping News Worldwide,20210519T110000Z,,hellenicshippingnews.com,English,China
http://www.ruthfullyyours.com/page/7667/,,RUTHFULLY YOURS,20210519T111500Z,,ruthfullyyours.com,English,United States
https://sputniknews.com/uk/202105191082938170-uk-carbon-price-hits-50-a-tonne-as-britains-post-brexit-emissions-trading-scheme-debuts/,https://sputniknews.com/amp/uk/202105191082938170-uk-carbon-price-hits-50-a-tonne-as-britains-post-brexit-emissions-trading-scheme-debuts/,UK Carbon Price Hits £50 A Tonne As Britain Post - Brexit Emissions Trading Scheme Debuts,20210519T114500Z,https://cdn2.img.sputniknews.com/images/104983/00/1049830087.jpg,sputniknews.com,English,Russia
https://www.wiredprnews.com/the-uks-carbon-price-is-trading-at-50-as-the-market-opens-for-the-first-time/,,The united kingdom carbon price is trading at £ 50 as the market opens for the first time,20210519T123000Z,https://www.ft.com/__origami/service/image/v2/images/raw/https://d1e00ek4ebabms.cloudfront.net/production/526016ad-0a8d-4626-9a21-8e45b61a80de.jpg?source=next-opengraph&fit=scale-down,wiredprnews.com,English,United States
https://www.reuters.com/business/sustainable-business/britains-carbon-market-begins-trading-higher-than-eu-prices-2021-05-19/,,Britain carbon market begins trading at higher prices than EU,20210519T130000Z,https://www.reuters.com/resizer/OlUDWA5TiECka3HkKt8FB4XLp3o=/1200x628/smart/cloudfront-us-east-2.images.arcpublishing.com/reuters/WIJ7IVSH45NPDF6ZEMLYN3XJ2A.jpg,reuters.com,English,United States
https://www.finanznachrichten.de/nachrichten-2021-05/52920014-intercontinental-exchange-ice-expands-its-global-environmental-complex-with-the-launch-of-uk-emissions-futures-and-hosts-first-uk-emissions-auction-004.htm,,Intercontinental Exchange : ICE Expands its Global Environmental Complex With the Launch of united kingdom Emissions Futures And Hosts First united kingdom Emissions Auction,20210519T134500Z,https://cts.businesswire.com/ct/CT?id=bwnews&sty=20210519005572r1&sid=gefi2&distro=ftp,finanznachrichten.de,English,Germany
https://www.middletownpress.com/news/article/Can-Oregon-Democrats-learn-from-B-C-s-carbon-16171416.php,https://www.middletownpress.com/news/amp/Can-Oregon-Democrats-learn-from-B-C-s-carbon-16171416.php,Can Oregon Democrats learn from B . C . carbon tax ? ,20210519T141500Z,https://www.middletownpress.com/img/pages/article/opengraph_default.jpg,middletownpress.com,English,United States
https://www.tmcnet.com/usubmit/-ice-expands-its-global-environmental-complex-with-launch-/2021/05/19/9373252.htm,,ICE Expands its Global Environmental Complex With the Launch of united kingdom Emissions Futures And Hosts First united kingdom Emissions Auction,20210519T141500Z,https://images.tmcnet.com/tmc/world.jpg,tmcnet.com,English,United States
https://www.natlawreview.com/article/washington-adopts-economy-wide-climate-legislation-cap-and-invest-approach-sets,https://www.natlawreview.com/article/washington-adopts-economy-wide-climate-legislation-cap-and-invest-approach-sets?amp,Washington Cap - and - Invest System Sets Price For Carbon Emissions,20210519T141500Z,https://www.natlawreview.com/sites/default/files/article/aux/17444/green%20globe_1.jpg,natlawreview.com,English,United States
https://www.corporatejetinvestor.com/articles/town-hall-roaring-twenties-for-business-aviation-expect-increase-in-volume-123/,,Town Hall : Roaring Twenties for business aviation ?  Expect an increase in volume  ,20210519T144500Z,https://www.corporatejetinvestor.com/wp-content/uploads/2021/05/CJIVistaJetTown2.png,corporatejetinvestor.com,English,United States
https://www.valdostadailytimes.com/news/business/ice-expands-its-global-environmental-complex-with-the-launch-of-uk-emissions-futures-and-hosts/article_b52b244c-bf47-534e-ad58-255919f364c3.html,,ICE Expands its Global Environmental Complex With the Launch of united kingdom Emissions Futures And Hosts First united kingdom Emissions Auction,20210519T153000Z,https://bloximages.chicago2.vip.townnews.com/valdostadailytimes.com/content/tncms/custom/image/7d368070-0339-11e6-b6b3-b7bc77615a64.jpg,valdostadailytimes.com,English,United States
https://www.jdsupra.com/legalnews/washington-adopts-economy-wide-climate-7645059/,,Washington Adopts Economy - Wide Climate Legislation :  Cap - and - Invest  Approach Sets a Price For Carbon Emissions And Allows Washington To Join Existing Emissions Credit Markets | Beveridge & Diamond PC,20210519T154500Z,https://jdsupra-static.s3.amazonaws.com/profile-images/og.15478_5804.jpg,jdsupra.com,English,United States
https://www.argusobserver.com/news/malheur-county-court-must-talk-regularly-about-shifting-oregon-idaho-borders/article_0c2a6836-b8b2-11eb-80ee-a7804ad3c2e1.html,,Malheur County Court must talk regularly about shifting Oregon - Idaho borders,20210519T154500Z,https://bloximages.chicago2.vip.townnews.com/argusobserver.com/content/tncms/assets/v3/editorial/c/6a/c6a3533a-b8b2-11eb-bb54-f3d2e52a487d/60a52829c5bb9.image.jpg?crop=712%2C534%2C2%2C0,argusobserver.com,English,United States
https://www.edie.net/news/11/UK-ETS--Post-Brexit-carbon-market-opens-for-first-time-with-carbon-price-topping--50-per-tonne/,https://www.edie.net/amp-news/11/UK-ETS--Post-Brexit-carbon-market-opens-for-first-time-with-carbon-price-topping--50-per-tonne/,UK ETS : Post - Brexit carbon market opens for first time with carbon price topping £50 per tonne,20210519T160000Z,https://e2k9ube.cloudimg.io/s/cdn/x/https://edienet.s3.amazonaws.com/news/images/42106.jpg,edie.net,English,United Kingdom
https://shipandbunker.com/news/emea/654713-maersk-calls-for-imo-bunker-carbon-pricing-agreement-by-2025,,Maersk Calls for IMO Bunker Carbon Pricing Agreement by 2025,20210519T160000Z,https://shipandbunker.cdn.speedyrails.net/a/img/_mt_9af757195f7bc03bc10e9fb767fb2ee2.jpg,shipandbunker.com,English,Singapore
http://cadtm.org/Unequal-ecological-exchange-worsens-across-time-and-space-creating-growing,,"  Unequal ecological exchange  worsens across time and space , creating growing Northern environmental liabilities",20210519T161500Z,http://cadtm.org/local/cache-vignettes/L620xH325/5e0db23855835cb530d75b6e3f93aa-1e550.png,cadtm.org,English,United States
https://www.industryleadersmagazine.com/germany-adopts-new-law-to-hasten-the-end-of-coal-plants/,https://www.industryleadersmagazine.com/germany-adopts-new-law-to-hasten-the-end-of-coal-plants/amp/,Germany adopts new law to hasten the end of coal plants,20210519T170000Z,https://www.industryleadersmagazine.com/wp-content/uploads/2021/05/germany-coal-factory.jpg,industryleadersmagazine.com,English,United States
https://www.spglobal.com/en/research-insights/articles/daily-update-may-19-2021,,"Daily Update : May 19 , 2021",20210519T173000Z,,spglobal.com,English,
https://news.yahoo.com/brexit-britain-carbon-market-makes-083046924.html,https://news.yahoo.com/amphtml/brexit-britain-carbon-market-makes-083046924.html,U . K . Post - Brexit Economy Collides With Key Climate Tool,20210519T174500Z,https://s.yimg.com/uu/api/res/1.2/VKmI.eLKgc2AKqABHUynOg--~B/aD0xMzM0O3c9MjAwMDthcHBpZD15dGFjaHlvbg--/https://media.zenfs.com/en/bloomberg_markets_842/ea7c5f30e2a15cccdf39c6b2d4efcda7,news.yahoo.com,English,United States
https://www.businesswire.com/news/home/20210519005572/en/ICE-Expands-its-Global-Environmental-Complex-With-the-Launch-of-UK-Emissions-Futures-And-Hosts-First-UK-Emissions-Auction,,ICE Expands its Global Environmental Complex With the Launch of united kingdom Emissions Futures And Hosts First united kingdom Emissions Auction,20210519T174500Z,https://mms.businesswire.com/media/20210519005572/en/411456/23/ICE_R_colour.jpg,businesswire.com,English,United States
https://oilprice.com/Energy/Energy-General/The-Remarkable-And-Unstoppable-Growth-Of-Clean-Energy.html,https://oilprice.com/Energy/Energy-General/The-Remarkable-And-Unstoppable-Growth-Of-Clean-Energy.amp.html,The Remarkable And Unstoppable Growth Of Clean Energy,20210519T183000Z,https://d32r1sh890xpii.cloudfront.net/article/718x300/2021-05-19_0ricmif3az.jpg,oilprice.com,English,United States
https://ksusentinel.com/2021/05/19/voluntary-carbon-credit-trading-market-2021-size-with-competitors-growth-prospects-revenue-analysis-industry-growth-rate-and-forecast-report-to-2027/,,"Voluntary Carbon Credit Trading Market 2021 | Size with competitors growth prospects , Revenue Analysis , Industry Growth Rate and Forecast Report to 2027 – KSU",20210519T203000Z,,ksusentinel.com,English,United States
https://www.galvnews.com/news_ap/business/article_ba95ffdf-2bcc-556f-935f-b5086aada16b.html,,ICE Expands its Global Environmental Complex With the Launch of united kingdom Emissions Futures And Hosts First united kingdom Emissions Auction,20210519T203000Z,https://bloximages.newyork1.vip.townnews.com/galvnews.com/content/tncms/custom/image/15a12480-fb7b-11ea-b7c4-87bc3f36b896.png,galvnews.com,English,United States
https://www.einnews.com/pr_news/541569437/trading-water-scarcity-for-sustainability,,Trading water scarcity for sustainability,20210519T211500Z,,einnews.com,English,United States
https://www.businessdailyafrica.com/bd/opinion-analysis/ideas-debate/-emissions-trading-system-environment-goals-3406712,https://www.businessdailyafrica.com/bd/opinion-analysis/ideas-debate/-emissions-trading-system-environment-goals-3406712?view=htmlamp,Emissions trading system central to environment goals,20210519T213000Z,https://www.businessdailyafrica.com/resource/blob/2271582/d485b629e0fff2b473d4e76372270188/ukur-data.jpg,businessdailyafrica.com,English,Kenya
https://www.bizjournals.com/pittsburgh/news/2021/05/19/brock-rggi-power-pa-jobs-alliance.html,,Consol CEO : Joining RGGI would be disastrous to Pennsylvania - Pittsburgh Business Times,20210519T223000Z,https://media.bizj.us/view/img/12019105/westendoverlook-rgginewsconference*1200xx3520-1980-0-0.jpg,bizjournals.com,English,United States
https://www.naturalgasworld.com/uk-launches-emissions-trading-scheme-88388,,UK launches emissions trading scheme,20210519T223000Z,,naturalgasworld.com,English,Russia
https://www.businessgreen.com/news/4031578/uk-nuclear-wind-solar-team-demand-2035-net-zero-grid-target,,"UK nuclear , wind , and solar groups team up to demand 2035 net zero grid target",20210519T234500Z,,businessgreen.com,English,United Kingdom
https://www.reuters.com/article/britain-carbontrading/update-3-britains-carbon-market-begins-trading-at-higher-prices-than-eu-idUSL2N2N6145,https://mobile.reuters.com/article/amp/idUSKCN2D00TC,Britain carbon market begins trading at higher prices than EU,20210520T000000Z,https://static.reuters.com/resources/r/?m=02&d=20210519&t=2&i=1562644640&r=LYNXNPEH4I0EC,reuters.com,English,United States
https://www.prweb.com/releases/sacramento_magazine_recognizes_11_greenberg_traurig_attorneys_as_2021_top_lawyers/prweb17951770.htm,,Sacramento Magazine Recognizes 11 Greenberg Traurig Attorneys as 2021  Top Lawyers  ,20210520T000000Z,,prweb.com,English,United States
https://www.geekwire.com/2021/washington-inks-ambitious-climate-rules-u-s-lawmaker-praises-techs-supporting-role/,https://www.geekwire.com/2021/washington-inks-ambitious-climate-rules-u-s-lawmaker-praises-techs-supporting-role/amp/,"As Washington inks  most ambitiou climate rules in U . S ., lawmaker praises tech supporting role",20210520T000000Z,https://cdn.geekwire.com/wp-content/uploads/2021/05/ferry-crop.jpg,geekwire.com,English,United States
https://brazilbusiness.einnews.com/pr_news/541582934/the-5th-global-csr-summit-leading-voices-in-low-carbon-esg-and-sustainable-development,https://brazilbusiness.einnews.com/amp/pr_news/541582934/the-5th-global-csr-summit-leading-voices-in-low-carbon-esg-and-sustainable-development,"The 5th Global CSR Summit : Leading Voices in Low Carbon , ESG , and Sustainable Development",20210520T004500Z,,brazilbusiness.einnews.com,English,United States
https://www.upstreamonline.com/opinion/opinion-singapore-grows-global-green-ambitions/2-1-1012414,,OPINION : Singapore grows global green ambitions,20210520T013000Z,https://images-global.nhst.tech/image/NFJxK2xrelBQVUxiZmV4aFk3bktnK3pCdS93L2g0dEVBd05WYjdFK2lRND0=/nhst/binary/a43c65a93b160dea276d5d1106fa2905?image_version=720,upstreamonline.com,English,United States
https://www.stuff.co.nz/national/politics/300312294/budget-2021-labour-spends-big-on-benefits-health-in-its-first-unleashed-budget,,"Budget 2021 : Labour spends big on benefits , health in its first unleashed Budget",20210520T023000Z,https://resources.stuff.co.nz/content/dam/images/4/y/s/q/q/8/image.related.StuffLandscapeSixteenByNine.1420x800.4ysqg6.png/1621476219762.jpg,stuff.co.nz,English,New Zealand
https://www.stuff.co.nz/national/politics/300312317/budget-2021-robertsons-budget-is-the-mother-of-all-fiscal-revenge--in-rhetoric-at-least,,Budget 2021 : Robertson Budget is the mother of all fiscal revenge - in rhetoric at least,20210520T023000Z,https://resources.stuff.co.nz/content/dam/images/4/y/s/a/v/c/image.related.StuffLandscapeSixteenByNine.1420x800.4ysqgt.png/1621476832604.jpg,stuff.co.nz,English,New Zealand
https://thespinoff.co.nz/politics/20-05-2021/budget-2021-benefits-boosted-by-up-to-55-a-week-righting-a-wrong-says-robertson/,https://thespinoff.co.nz/politics/20-05-2021/budget-2021-benefits-boosted-by-up-to-55-a-week-righting-a-wrong-says-robertson/?amp,"Budget 2021 : Benefits boosted by up to $55 a week ,  righting a wrong , says Robertson",20210520T023000Z,https://assets.thespinoff.co.nz/1/2021/05/grantbudget.jpg,thespinoff.co.nz,English,New Zealand
https://www.iol.co.za/news/environment/how-kenyas-mangrove-forests-saved-a-community-and-themselves-e7b07e74-95d2-41fc-9bb6-59577b322958,https://www.iol.co.za/amp/news/environment/how-kenyas-mangrove-forests-saved-a-community-and-themselves-e7b07e74-95d2-41fc-9bb6-59577b322958,How Kenya mangrove forests saved a community and themselves,20210520T033000Z,https://xlibris.public.prod.oc.inl.infomaker.io:8443/opencontent/objects/44ad53b3-2c95-5dda-98da-5d663edf3bd1,iol.co.za,English,South Africa
https://www.msn.com/en-za/news/other/how-kenyas-mangrove-forests-saved-a-community-and-themselves/ar-AAKbahT,,How Kenya mangrove forests saved a community and themselves,20210520T034500Z,,msn.com,English,United States
https://www.newstalkzb.co.nz/news/politics/budget-2021/budget-2021-big-investment-into-climate-change-emissions-environment/,,"Budget 2021 : Big investment into climate change , emissions , environment",20210520T034500Z,https://www.newstalkzb.co.nz/media/xwhltrob/climate-change-protest-students-wellington-photo-mark-mitchell.jpg?mode=crop&rnd=132659963802630000,newstalkzb.co.nz,English,New Zealand
https://www.scoop.co.nz/stories/PA2105/S00179/green-party-supports-budget-2021-which-will-help-those-in-poverty.htm,https://m.scoop.co.nz/stories/PA2105/S00179/green-party-supports-budget-2021-which-will-help-those-in-poverty.htm,Green Party Supports Budget 2021 Which Will Help Those In Poverty,20210520T040000Z,http://img.scoop.co.nz/stories/images/1908/scoop_image.jpg,scoop.co.nz,English,New Zealand
https://www.scoop.co.nz/stories/PA2105/S00189/foundations-laid-for-strong-climate-action.htm,https://m.scoop.co.nz/stories/PA2105/S00189/foundations-laid-for-strong-climate-action.htm,Foundations Laid For Strong Climate Action,20210520T040000Z,http://img.scoop.co.nz/stories/images/1908/scoop_image.jpg,scoop.co.nz,English,New Zealand
http://www.voxy.co.nz/politics/5/387334,,Foundations laid for strong climate action - Shaw,20210520T041500Z,,voxy.co.nz,English,New Zealand
https://www.msn.com/en-za/news/other/how-kenya-s-mangrove-forests-saved-a-community-and-themselves/ar-AAKbahT,,How Kenya mangrove forests saved a community and themselves,20210520T043000Z,,msn.com,English,United States
http://www.msn.com/en-nz/money/news/budget-prioritises-righting-inequality-wrongs/ar-AAKaJu8,,Budget prioritises  righting inequality wrongs  ,20210520T051500Z,,msn.com,English,United States
http://www.msn.com/en-nz/news/national/budget-2021-unveiled-pharmac-boost-falls-short-beneficiaries-win-big-social-insurance-in-the-works/ar-AAKaJmw,,"Budget 2021 unveiled : Pharmac boost falls short , beneficiaries win big , social insurance in the works",20210520T051500Z,,msn.com,English,United States
https://www.stuff.co.nz/environment/climate-news/125197119/evbuying-subsidies-resurrected-by-300m-boost,,EV - buying subsidies resurrected by $300m boost,20210520T053000Z,https://resources.stuff.co.nz/content/dam/images/4/y/q/r/j/3/image.related.StuffLandscapeSixteenByNine.1420x800.22jepr.png/1621487069641.jpg,stuff.co.nz,English,New Zealand
https://www.rnz.co.nz/news/political/443006/budget-2021-the-environmental-investments,https://amp.rnz.co.nz/article/45899b37-1d33-4cd5-92bb-ab6b8d3836cd,Budget 2021 : The environmental investments,20210520T060000Z,https://www.rnz.co.nz/assets/news_crops/122850/eight_col_KiwiRail_Plan-16.jpg,rnz.co.nz,English,
https://www.miragenews.com/budget-2021-speech-marama-davidson-563513/,,Budget 2021 speech - Marama Davidson,20210520T061500Z,https://d3n8a8pro7vhmx.cloudfront.net/themes/5da52e1a4764e8f8c8d01cf2/attachments/original/1576094406/default-excerpt-image.jpg,miragenews.com,English,United States
https://www.wsws.org/en/articles/2021/05/20/clim-m20.html,,"The struggle against climate change , the pandemic and war requires a revolutionary socialist perspective ! ",20210520T061500Z,https://www.wsws.org/asset/43b72108-5394-4b8f-b299-89494f254fbe?rendition=image1280,wsws.org,English,United States
https://www.einnews.com/pr_news/541609374/aircarbon-exchange-world-s-first-carbon-negative-trading-platform,,AirCarbon Exchange : World First Carbon Negative Trading Platform,20210520T063000Z,,einnews.com,English,United States
https://www.propmodo.com/nyc-landlords-could-find-a-lifeline-in-carbon-trading/,,NYC Landlords Could Find a Lifeline in Carbon Trading,20210520T063000Z,https://www.propmodo.com/wp-content/uploads/2021/05/Carbon-trading-main.jpeg,propmodo.com,English,
https://www.investegate.co.uk/easyjet-plc--ezj-/rns/half-year-report/202105200700092272Z/,,Investegate |easyJet PLC Announcements | easyJet PLC : Half - year Report,20210520T064500Z,,investegate.co.uk,English,United Kingdom
https://theconversation.com/nz-budget-2021-billions-more-for-benefits-but-one-eye-on-the-bottom-line-161083,https://theconversation.com/amp/nz-budget-2021-billions-more-for-benefits-but-one-eye-on-the-bottom-line-161083,"NZ Budget 2021 : billions more for benefits , but one eye on the bottom line",20210520T071500Z,https://images.theconversation.com/files/401801/original/file-20210520-21-1tvi6tp.jpg?ixlib=rb-1.1.0&rect=48%2C185%2C5327%2C2659&q=45&auto=format&fit=crop,theconversation.com,English,Australia
https://www.chinanationalnews.com/news/269556533/nz-budget-2021-billions-more-for-benefits-but-one-eye-on-the-bottom-line,,"NZ Budget 2021 : billions more for benefits , but one eye on the bottom line",20210520T071500Z,https://cdn.bignewsnetwork.com/cvr1621492731.jpg,chinanationalnews.com,English,China
https://skepticalscience.com/greens-divided-closer-than-they-appear.html,,Greens : Divided on  clean  energy ? Or closer than they appear ? ,20210520T071500Z,http://www.skepticalscience.com/public/assets/images/og/button_sks2_200.jpg,skepticalscience.com,English,United States
https://www.constructionequipmentguide.com/first-monarch-tractor-reports-to-work-at-wente-vineyards/52214,,VIDEO : First Monarch Tractor Reports to Work at Wente Vineyards : CEG,20210520T071500Z,https://dmt55mxnkgbz2.cloudfront.net/900x0_s3-52214-GetStoredImage.jpg,constructionequipmentguide.com,English,United States
https://www.sydneysun.com/news/269556533/nz-budget-2021-billions-more-for-benefits-but-one-eye-on-the-bottom-line,,"NZ Budget 2021 : billions more for benefits , but one eye on the bottom line",20210520T073000Z,https://cdn.bignewsnetwork.com/cvr1621492731.jpg,sydneysun.com,English,Australia
https://brazilbusiness.einnews.com/pr_news/541609374/aircarbon-exchange-world-s-first-carbon-negative-trading-platform,,AirCarbon Exchange : World First Carbon Negative Trading Platform - Brazil Business Today,20210520T074500Z,,brazilbusiness.einnews.com,English,United States
https://www.rnz.co.nz/news/on-the-inside/443023/nz-budget-2021-billions-more-for-benefits-but-one-eye-on-the-bottom-line,https://amp.rnz.co.nz/article/8485788d-89b2-4ee3-83a8-d17b8ecd4a97,"NZ Budget 2021 : Billions more for benefits , but one eye on the bottom line",20210520T074500Z,https://www.rnz.co.nz/assets/news_crops/122785/eight_col_Budget-1.jpg,rnz.co.nz,English,
https://www.straitstimes.com/singapore/environment/carbon-prospecting-nus-study-finds-business-opportunities-in-protecting,,Carbon prospecting : NUS study finds business opportunities in protecting tropical forests facing deforestation,20210520T074500Z,https://www.straitstimes.com/s3/files/styles/x_large/public/articles/2021/05/20/yq-amazon-20052021.jpg?itok=vpCRv7BO,straitstimes.com,English,Singapore
https://ksusentinel.com/2021/05/18/carbon-offset-and-carbon-credit-trading-service-market-size-and-growth-2021-2027-top-manufacturers-cbeex-renewable-choice-allcot-group-forest-carbon-waycarbon-3degrees-south-pole-group-bioa/,,"Carbon Offset and Carbon Credit Trading Service Market Size and Growth 2021 - 2027 | Top Manufacturers – CBEEX , Renewable Choice , Allcot Group , Forest Carbon , WayCarbon , 3Degrees , South Pole Group , Bioassets – KSU",20210520T074500Z,,ksusentinel.com,English,United States
https://www.greenbiz.com/article/chinas-5-year-plan-and-its-impact-sustainable-business,,China 5 - year plan and its impact on sustainable business,20210520T080000Z,https://www.greenbiz.com/sites/default/files/styles/og_image_1200x630/public/2021-05/Shanghaiskyline_shutterstock_SeanPavone.png?itok=D7eJcbVG,greenbiz.com,English,United States
https://energy.einnews.com/pr_news/541582934/the-5th-global-csr-summit-leading-voices-in-low-carbon-esg-and-sustainable-development,https://energy.einnews.com/amp/pr_news/541582934/the-5th-global-csr-summit-leading-voices-in-low-carbon-esg-and-sustainable-development,"The 5th Global CSR Summit : Leading Voices in Low Carbon , ESG , and Sustainable Development",20210520T083000Z,,energy.einnews.com,English,United States
https://www.stuff.co.nz/environment/300313012/budget-2021-accounting-for-our-climate-future-with-the-money-spent-today,,Budget 2021 : Accounting for our climate future with the money spent today,20210520T083000Z,https://resources.stuff.co.nz/content/dam/images/4/y/s/r/1/3/image.related.StuffLandscapeSixteenByNine.1420x800.4ysr04.png/1621497556794.jpg,stuff.co.nz,English,New Zealand
https://www.energylivenews.com/2021/05/20/britains-emissions-trading-system-starts-with-a-boom/,,Britain Emissions Trading System starts with a boom,20210520T083000Z,https://www.energylivenews.com/wp-content/uploads/2021/05/shutterstock_1469949635-1.jpg,energylivenews.com,English,United Kingdom
https://www.australianherald.com/news/269556533/nz-budget-2021-billions-more-for-benefits-but-one-eye-on-the-bottom-line,,"NZ Budget 2021 : billions more for benefits , but one eye on the bottom line",20210520T084500Z,https://cdn.bignewsnetwork.com/cvr1621492731.jpg,australianherald.com,English,Australia
https://www.massachusettssun.com/news/269556533/nz-budget-2021-billions-more-for-benefits-but-one-eye-on-the-bottom-line,,"NZ Budget 2021 : billions more for benefits , but one eye on the bottom line",20210520T100000Z,https://cdn.bignewsnetwork.com/cvr1621492731.jpg,massachusettssun.com,English,United States
"https://home.nzcity.co.nz/news/article.aspx?id=332512&fm=psp,tsf",,The Green say today Budget takes us a step closer to confronting the climate change emergency - 20 - May - 2021,20210520T103000Z,,home.nzcity.co.nz,English,New Zealand
"https://home.nzcity.co.nz/news/article.aspx?id=332512&fm=psp,tst",,The Green say today Budget takes us a step closer to confronting the climate change emergency - 20 - May - 2021,20210520T103000Z,,home.nzcity.co.nz,English,New Zealand
https://www.straitstimes.com/business/economy/new-global-carbon-exchange-and-marketplace-announced-to-help-firms-go-greener,,New global carbon exchange and marketplace announced to help firms go greener,20210520T110000Z,https://www.straitstimes.com/s3/files/styles/x_large/public/articles/2021/05/20/af_sgfactory_2005.jpg?itok=k_1BmlMm,straitstimes.com,English,Singapore
https://www.marketscreener.com/news/latest/A-Vibrant-Carbon-Market-for-a-Low-Carbon-Future-Opening-Remarks-by-Mr-Ravi-Menon-Managing-Direc--33309658/,https://www.marketscreener.com/amp/news/latest/A-Vibrant-Carbon-Market-for-a-Low-Carbon-Future-Opening-Remarks-by-Mr-Ravi-Menon-Managing-Direc--33309658/,"  A Vibrant Carbon Market for a Low Carbon Future  - Opening Remarks by Mr Ravi Menon , Managing Director , Monetary Authority of Singapore , at the Climate Impact X Announcement Event on 20 May 2021",20210520T110000Z,https://www.marketscreener.com/images/twitter_MS_fdblanc.png,marketscreener.com,English,
https://www.australiannews.net/news/269556533/nz-budget-2021-billions-more-for-benefits-but-one-eye-on-the-bottom-line,,"NZ Budget 2021 : billions more for benefits , but one eye on the bottom line",20210520T111500Z,https://cdn.bignewsnetwork.com/cvr1621492731.jpg,australiannews.net,English,Australia
http://english.sina.com/china/s/2021-05-20/detail-ikmyaawc6518477.shtml,,China issues first tradable forest carbon credit stamps - China News,20210520T114500Z,,english.sina.com,English,China
https://www.euromoney.com/article/28jz0o3l3uva9lw9khfcw/esg/dbs-and-stanchart-lead-singapore-based-carbon-exchange,,Euromoney DBS and StanChart lead Singapore - based carbon exchange,20210520T120000Z,,euromoney.com,English,China
https://www.finanznachrichten.de/nachrichten-2021-05/52931622-firma-holdings-corp-firma-advanced-carbon-materials-inc-announces-acquisition-of-northstar-sustainable-energy-llc-200.htm,,"Firma Holdings Corp .: Firma Advanced Carbon Materials Inc . Announces Acquisition of Northstar Sustainable Energy , LLC",20210520T124500Z,https://www.finanznachrichten.de/kein-chart-klein.png,finanznachrichten.de,English,Germany
https://www.bignewsnetwork.com/news/269559756/china-issues-first-tradable-forest-carbon-credit-stamps,,China issues first tradable forest carbon credit stamps,20210520T130000Z,https://static.bignewsnetwork.com/bnn/images/big-news-network-slogan.jpg,bignewsnetwork.com,English,United States
https://www.dallassun.com/news/269560201/firma-advanced-carbon-materials-inc-announces-acquisition-of-northstar-sustainable-energy-llc,,"Firma Advanced Carbon Materials Inc . Announces Acquisition of Northstar Sustainable Energy , LLC",20210520T131500Z,,dallassun.com,English,United States
https://www.saltlakecitysun.com/news/269560201/firma-advanced-carbon-materials-inc-announces-acquisition-of-northstar-sustainable-energy-llc,,"Firma Advanced Carbon Materials Inc . Announces Acquisition of Northstar Sustainable Energy , LLC",20210520T131500Z,,saltlakecitysun.com,English,United States
http://www.xinhuanet.com/english/2021-05/20/c_139958755.htm,,China issues first tradable forest carbon credit stamps - Xinhua,20210520T133000Z,,xinhuanet.com,English,China
https://www.reuters.com/article/us-singapore-exchange-carbon-idUSKCN2D10Z0,https://mobile.reuters.com/article/amp/idUSKCN2D10Z0,New global carbon exchange to launch in Singapore by year - end,20210520T140000Z,https://static.reuters.com/resources/r/?m=02&d=20210520&t=2&i=1562792421&r=LYNXNPEH4J0HC,reuters.com,English,United States
https://financialpost.com/pmn/business-pmn/new-global-carbon-exchange-to-launch-in-singapore-by-year-end-2,https://financialpost.com/pmn/business-pmn/new-global-carbon-exchange-to-launch-in-singapore-by-year-end-2/wcm/1dad0e6e-dd34-4a70-91a9-d24a2a111ee9/amp/,New global carbon exchange to launch in Singapore by year - end,20210520T141500Z,,financialpost.com,English,Canada
https://www.albuquerqueexpress.com/news/269560201/firma-advanced-carbon-materials-inc-announces-acquisition-of-northstar-sustainable-energy-llc,,"Firma Advanced Carbon Materials Inc . Announces Acquisition of Northstar Sustainable Energy , LLC",20210520T143000Z,,albuquerqueexpress.com,English,United States
https://www.reuters.com/article/us-singapore-exchange-carbon/new-global-carbon-exchange-to-launch-in-singapore-by-year-end-idUSKCN2D10Z0,https://mobile.reuters.com/article/amp/idUSKCN2D10Z0,New global carbon exchange to launch in Singapore by year - end,20210520T143000Z,https://static.reuters.com/resources/r/?m=02&d=20210520&t=2&i=1562792421&r=LYNXNPEH4J0HC,reuters.com,English,United States
https://www.politico.com/newsletters/morning-energy/2021/05/20/the-split-over-carbon-pricing-795414,,The split over carbon pricing,20210520T143000Z,https://static.politico.com/da/f5/44342c424c68b675719324b1106b/politico.jpg,politico.com,English,United States
https://www.hellenicshippingnews.com/low-carbon-steelmaking-faces-high-initial-costs-market-risks-worldsteel/,https://www.hellenicshippingnews.com/low-carbon-steelmaking-faces-high-initial-costs-market-risks-worldsteel/amp/,"Low - carbon steelmaking faces high initial costs , market risks : Worldsteel | Hellenic Shipping News Worldwide",20210520T144500Z,,hellenicshippingnews.com,English,China
https://pemedianetwork.com/transition-economist/articles/electrification/2021/uk-power-storage-needs-could-hit-500gw-by-2050,,UK power storage needs could hit 500GW by 2050,20210520T151500Z,https://pemedianetwork.com/media/11624/electricity-te-1.jpg,pemedianetwork.com,English,
https://www.newjerseytelegraph.com/news/269560201/firma-advanced-carbon-materials-inc-announces-acquisition-of-northstar-sustainable-energy-llc,,"Firma Advanced Carbon Materials Inc . Announces Acquisition of Northstar Sustainable Energy , LLC",20210520T151500Z,,newjerseytelegraph.com,English,United States
https://www.northwestgeorgianews.com/associated_press/business/ice-expands-its-global-environmental-complex-with-the-launch-of-uk-emissions-futures-and-hosts/article_7f2cc62a-6ce9-53cc-b07a-39147e13e211.html,,ICE Expands its Global Environmental Complex With the Launch of united kingdom Emissions Futures And Hosts First united kingdom Emissions Auction,20210520T153000Z,https://bloximages.newyork1.vip.townnews.com/northwestgeorgianews.com/content/tncms/custom/image/c64789fc-5b19-11e6-80be-3f5962a3a1a4.jpg,northwestgeorgianews.com,English,United States
https://www.bloombergquint.com/business/eu-carbon-rally-triggers-greens-call-for-curbs-on-speculation,/amp/business/eu-carbon-rally-triggers-greens-call-for-curbs-on-speculation,EU Carbon Rally Triggers Green Call for Curbs on Speculation,20210520T153000Z,,bloombergquint.com,English,India
https://www.theusnews.com/news/269560201/firma-advanced-carbon-materials-inc-announces-acquisition-of-northstar-sustainable-energy-llc,,"Firma Advanced Carbon Materials Inc . Announces Acquisition of Northstar Sustainable Energy , LLC",20210520T154500Z,,theusnews.com,English,United States
https://www.shine.cn/news/nation/2105209307/,,China issues first tradable forest carbon credit stamps,20210520T154500Z,https://obj.shine.cn/files/2021/05/20/f493ed7e-916e-47e8-a06e-57a00e7d6037_0.jpeg,shine.cn,English,China
https://www.clevelandstar.com/news/269560201/firma-advanced-carbon-materials-inc-announces-acquisition-of-northstar-sustainable-energy-llc,,"Firma Advanced Carbon Materials Inc . Announces Acquisition of Northstar Sustainable Energy , LLC",20210520T154500Z,,clevelandstar.com,English,United States
https://www.2lt.com.au/nz-budget-2021-billions-more-for-benefits-but-one-eye-on-the-bottom-line/,,"NZ Budget 2021 : billions more for benefits , but one eye on the bottom line",20210520T161500Z,https://s3-us-west-2.amazonaws.com/mwrn-2lt/wp-content/uploads/2021/05/20180215/cvr1621492731.jpg,2lt.com.au,English,Australia
https://www.stlouisstar.com/news/269560201/firma-advanced-carbon-materials-inc-announces-acquisition-of-northstar-sustainable-energy-llc,,"Firma Advanced Carbon Materials Inc . Announces Acquisition of Northstar Sustainable Energy , LLC",20210520T163000Z,,stlouisstar.com,English,United States
https://advancedbiofuelsusa.info/the-split-over-carbon-pricing/,,The Split over Carbon Pricing – Advanced BioFuels united states ,20210520T163000Z,,advancedbiofuelsusa.info,English,United States
https://www.shanghaisun.com/news/269559756/china-issues-first-tradable-forest-carbon-credit-stamps,,China issues first tradable forest carbon credit stamps,20210520T164500Z,,shanghaisun.com,English,China
https://www.chinanationalnews.com/news/269559756/china-issues-first-tradable-forest-carbon-credit-stamps,,China issues first tradable forest carbon credit stamps,20210520T170000Z,,chinanationalnews.com,English,China
https://www.marketscreener.com/quote/stock/FERTOZ-LIMITED-14120231/news/Fertoz-nbsp-Establishes-Carbon-Division-33312897/,https://www.marketscreener.com/amp/quote/stock/FERTOZ-LIMITED-14120231/news/Fertoz-nbsp-Establishes-Carbon-Division-33312897/,Fertoz  : Establishes Carbon Division | MarketScreener,20210520T171500Z,https://www.marketscreener.com/images/twitter_MS_fdgris.png,marketscreener.com,English,
https://www.newzealandstar.com/news/269556533/nz-budget-2021-billions-more-for-benefits-but-one-eye-on-the-bottom-line,,"NZ Budget 2021 : billions more for benefits , but one eye on the bottom line",20210520T173000Z,https://cdn.bignewsnetwork.com/cvr1621492731.jpg,newzealandstar.com,English,New Zealand
https://www.nashvilleherald.com/news/269560201/firma-advanced-carbon-materials-inc-announces-acquisition-of-northstar-sustainable-energy-llc,,"Firma Advanced Carbon Materials Inc . Announces Acquisition of Northstar Sustainable Energy , LLC",20210520T180000Z,,nashvilleherald.com,English,United States
http://www.msn.com/en-nz/news/national/budget-2021-the-environmental-investments/ar-AAKbmJL,,Budget 2021 : The environmental investments,20210520T183000Z,,msn.com,English,United States
https://www.spokanejournal.com/local-news/gas-prices-uncertainties-fuel-concerns/,,"Gas prices , uncertainties fuel concerns > Spokane Journal of Business",20210520T191500Z,,spokanejournal.com,English,United States
https://www.stuff.co.nz/national/politics/300313005/budget-2021-grant-robertsons-deep-red-budget-seeks-to-right-a-wrong-from-30-years-ago,,Budget 2021 : Grant Robertson deep red budget seeks to  right a wrong  from 30 years ago,20210520T193000Z,https://resources.stuff.co.nz/content/dam/images/4/y/s/q/x/d/image.related.StuffLandscapeSixteenByNine.1420x800.4ysqzx.png/1621519685773.jpg,stuff.co.nz,English,New Zealand
https://www.bondbuyer.com/news/costly-fixes-for-water-and-sewer-utilities-could-pressure-ratings,,Costly fixes for water and sewer utilities could pressure ratings,20210520T193000Z,https://source-media-brightspot.s3.amazonaws.com/95/54/fdd55060446ea68f29c99ce8cce8/335198310.jpg,bondbuyer.com,English,United States
https://home.nzcity.co.nz/news/article.aspx?id=332512,,The Green say today Budget takes us a step closer to confronting the climate change emergency - 20 - May - 2021,20210520T194500Z,,home.nzcity.co.nz,English,New Zealand
https://thespinoff.co.nz/the-bulletin/21-05-2021/the-bulletin-ten-key-reads-on-the-budget/,https://thespinoff.co.nz/the-bulletin/21-05-2021/the-bulletin-ten-key-reads-on-the-budget/?amp,The Bulletin : Ten key reads on the budget,20210520T194500Z,https://assets.thespinoff.co.nz/1/2021/05/Robertson-laughing-while-Ardern-speaks-budget-2021-getty.jpg,thespinoff.co.nz,English,New Zealand
https://www.rnz.co.nz/news/political/443037/climate-groups-say-budget-2021-doesn-t-go-far-enough-to-reach-goals,https://amp.rnz.co.nz/article/e53973fb-955e-4c91-b282-51a9638e322a,Climate groups say Budget 2021 doesnt go far enough to reach goals,20210520T194500Z,https://www.rnz.co.nz/assets/news_crops/122882/eight_col_Budget_Day_2021-12.jpg,rnz.co.nz,English,
http://www.msn.com/en-nz/news/national/climate-groups-say-budget-2021-doesn-t-go-far-enough-to-reach-goals/ar-AAKd3cO,,Climate groups say Budget 2021 doesnt go far enough to reach goals,20210520T200000Z,,msn.com,English,United States
"https://www.streetinsider.com/Accesswire/Firma+Advanced+Carbon+Materials+Inc.+Announces+Acquisition+of+Northstar+Sustainable+Energy,+LLC/18450671.html",,"Firma Advanced Carbon Materials Inc . Announces Acquisition of Northstar Sustainable Energy , LLC",20210520T213000Z,,streetinsider.com,English,United States
https://governorswindenergycoalition.org/how-a-pro-coal-republican-became-a-climate-deal-maker/,,How a pro - coal Republican became a climate deal - maker - Governor Wind Energy Coalition,20210520T220000Z,,governorswindenergycoalition.org,English,United States
https://www.thecentersquare.com/pennsylvania/pennsylvania-dep-releases-new-carbon-cap-and-trade-modeling/article_c7266850-b9b2-11eb-a52e-bb9c219f7d8d.html,https://www.thecentersquare.com/pennsylvania/pennsylvania-dep-releases-new-carbon-cap-and-trade-modeling/article_c7266850-b9b2-11eb-a52e-bb9c219f7d8d.amp.html,Pennsylvania DEP releases new carbon cap and trade modeling,20210520T224500Z,https://bloximages.newyork1.vip.townnews.com/thecentersquare.com/content/tncms/assets/v3/editorial/7/bb/7bb2989e-add7-11eb-b028-636a07a3ce73/6092f101877b3.image.jpg,thecentersquare.com,English,
https://www.caixinglobal.com/?ywfrom=/www.caixinglobal.com/2021-05-21/jdcom-first-quarter-revenue-grew-39-beating-estimates-101715862.html,,"Caixin Global - Latest Business and Financial News on China , U . S . Trade War and Negotiations , Breaking News , Headlines and Developments",20210520T230000Z,,caixinglobal.com,English,China
https://www.caixinglobal.com/?ywfrom=/www.caixinglobal.com/2021-05-21/huarong-bond-losses-spread-onshore-risking-downward-spiral-101715860.html,,"Caixin Global - Latest Business and Financial News on China , U . S . Trade War and Negotiations , Breaking News , Headlines and Developments",20210520T230000Z,,caixinglobal.com,English,China
https://www.caixinglobal.com/?ywfrom=/www.caixinglobal.com/2021-05-21/singapores-shangri-la-dialogue-canceled-amid-covid-surge-101715858.html,,"Caixin Global - Latest Business and Financial News on China , U . S . Trade War and Negotiations , Breaking News , Headlines and Developments",20210520T230000Z,,caixinglobal.com,English,China
https://www.caixinglobal.com/?ywfrom=/www.caixinglobal.com/2021-05-21/energy-insider-state-council-calls-out-commodity-price-rise-twice-in-a-week-101715864.html,,"Caixin Global - Latest Business and Financial News on China , U . S . Trade War and Negotiations , Breaking News , Headlines and Developments",20210520T230000Z,,caixinglobal.com,English,China
https://www.caixinglobal.com/?ywfrom=/www.caixinglobal.com/2021-05-21/analysis-does-china-plan-an-even-tougher-crypto-crackdown-101715856.html,,"Caixin Global - Latest Business and Financial News on China , U . S . Trade War and Negotiations , Breaking News , Headlines and Developments",20210520T230000Z,,caixinglobal.com,English,China
https://www.caixinglobal.com/2021-05-21/energy-insider-state-council-calls-out-commodity-price-rise-twice-in-a-week-101715864.html,,Energy Insider : State Council Calls Out Commodity Price Rise Twice in a Week,20210520T230000Z,,caixinglobal.com,English,China
https://www.washingtonpolicy.org/publications/detail/a-call-for-september-special-session-is-a-big-problem-for-farmers-and-ranchers,,A call for September Special Session is a big problem for farmers and ranchers,20210521T000000Z,,washingtonpolicy.org,English,United States
https://www.bakersfield.com/ap/national/new-environmental-justice-measures-might-revive-cap-and-trade/article_66216e5f-7d4d-56b1-bf9b-776887a4d55f.html,,New environmental justice measures might revive cap - and - trade,20210521T013000Z,https://bloximages.newyork1.vip.townnews.com/bakersfield.com/content/tncms/custom/image/d09180fc-6bee-11e7-8b72-ff928e2e17d5.png,bakersfield.com,English,United States
http://epaper.chinadaily.com.cn/a/202105/21/WS60a6f84ea31099a234356458.html,,"Shared stance , common principles - Chinadaily . com . cn",20210521T013000Z,http://epaper.chinadaily.com.cn/images/202105/21/60a6f84ea31099a2249d97ed.png,epaper.chinadaily.com.cn,English,China
https://www.gazettextra.com/news/nation_world/new-environmental-justice-measures-might-revive-cap-and-trade/article_9f54f7c6-f978-50b9-b88b-bd28bfa6fca5.html,,New environmental justice measures might revive cap - and - trade,20210521T014500Z,https://bloximages.newyork1.vip.townnews.com/gazettextra.com/content/tncms/custom/image/22e609ae-afc7-11e9-8d80-639cb276d44a.png,gazettextra.com,English,United States
http://www.china.org.cn/business/2021-05/21/content_77515549.htm,,China issues 1st tradable forest carbon credit stamps,20210521T030000Z,,china.org.cn,English,China
https://en.gmw.cn/2021-05/21/content_34863459.htm,,China issues first tradable forest carbon credit stamps _ GMW . cn,20210521T030000Z,,en.gmw.cn,English,
https://www.theguardian.com/world/2021/may/21/the-climate-crisis-deserves-more-than-small-change-in-new-zealands-budget,https://amp.theguardian.com/world/2021/may/21/the-climate-crisis-deserves-more-than-small-change-in-new-zealands-budget,The climate crisis deserves more than small change in New Zealand budget | Robert McLachlan and Paul Callister,20210521T034500Z,https://i.guim.co.uk/img/media/0bb95ebaed345e5757585f072e5f2cd2e987c939/0_97_3008_1805/master/3008.jpg?&quality=85&auto=format&fit=crop&overlay-align=bottom%2Cleft&overlay-width=100p&overlay-base64=L2ltZy9zdGF0aWMvb3ZlcmxheXMvdGctb3BpbmlvbnMucG5n&enable=upscale&s=a94a2fffbed36febba02d61357ac5206,theguardian.com,English,United Kingdom
https://archive.shine.cn/nation/China-issues-first-tradable-forest-carbon-credits/shdaily.shtml,,China issues first tradable forest carbon credits,20210521T040000Z,http://www.shanghaidaily.com/images/mzl.dlomxgvi.png,archive.shine.cn,English,
https://www.caixinglobal.com/?ywfrom=/www.caixinglobal.com/2021-05-21/cx-daily-bytedance-founder-zhang-yiming-to-step-down-as-ceo-101715902.html,,"Caixin Global - Latest Business and Financial News on China , U . S . Trade War and Negotiations , Breaking News , Headlines and Developments",20210521T040000Z,,caixinglobal.com,English,China
https://www.thelcn.com/lifestyles/as-america-s-oldest-president-biden-turns-the-age-issue-into-an-advantage/article_557415fa-c35e-54ac-9c89-43b520ce0282.html,,"As America oldest president , Biden turns the age issue into an advantage | Lifestyles",20210521T050000Z,https://bloximages.newyork1.vip.townnews.com/thelcn.com/content/tncms/assets/v3/editorial/2/13/213a2d6e-6fbf-5c06-95d8-99f0b19b7f62/60a72cc3764bd.image.jpg?crop=1763%2C992%2C0%2C92,thelcn.com,English,United States
https://www.thedailynewsonline.com/lifestyles/as-america-s-oldest-president-biden-turns-the-age-issue-into-an-advantage/article_3a603589-2e45-5670-9805-ff2601d78bdf.html,,"As America oldest president , Biden turns the age issue into an advantage | Lifestyles",20210521T051500Z,https://bloximages.newyork1.vip.townnews.com/thedailynewsonline.com/content/tncms/assets/v3/editorial/2/f3/2f36e013-2418-54ad-92ed-84cc34e1d390/60a72cc60fc34.image.jpg?crop=1763%2C992%2C0%2C92,thedailynewsonline.com,English,United States
https://www.euractiv.com/section/climate-environment/opinion/time-for-paris-compatible-coal-phase-out-plans-in-central-and-eastern-europe/,,Time for Paris - compatible coal phase - out plans in Central and Eastern Europe,20210521T080000Z,https://www.euractiv.com/wp-content/uploads/sites/2/2020/12/Belchatow.jpg,euractiv.com,English,United Kingdom
https://www.caixinglobal.com/?ywfrom=/www.caixinglobal.com/2021-05-21/powell-seeks-input-as-fed-digs-deeper-into-digital-currencies-101716123.html,,"Caixin Global - Latest Business and Financial News on China , U . S . Trade War and Negotiations , Breaking News , Headlines and Developments",20210521T081500Z,,caixinglobal.com,English,China
https://www.asiaone.com/singapore/new-global-carbon-exchange-launch-singapore-year-end,https://www.asiaone.com/singapore/new-global-carbon-exchange-launch-singapore-year-end?amp,New global carbon exchange to launch in Singapore by year - end,20210521T081500Z,https://media.asiaone.com/sites/default/files/styles/a1_600x316/public/original_images/May2021/20210521_standardcharted_reuters.jpg?cc9e&itok=shvfw8lP,asiaone.com,English,Singapore
https://www.caixinglobal.com/?ywfrom=/www.caixinglobal.com/2021-05-21/fisher-why-the-yuans-ascent-helps-the-world-including-america-101716120.html,,"Caixin Global - Latest Business and Financial News on China , U . S . Trade War and Negotiations , Breaking News , Headlines and Developments",20210521T081500Z,,caixinglobal.com,English,China
https://www.caixinglobal.com/?ywfrom=/www.caixinglobal.com/2021-05-21/shanghai-composite-index-fell-058-on-friday-101716142.html,,"Caixin Global - Latest Business and Financial News on China , U . S . Trade War and Negotiations , Breaking News , Headlines and Developments",20210521T081500Z,,caixinglobal.com,English,China
https://www.caixinglobal.com/?ywfrom=/www.caixinglobal.com/2021-05-21/china-to-become-even-more-dominant-oil-buyer-after-new-tax-code-101716084.html,,"Caixin Global - Latest Business and Financial News on China , U . S . Trade War and Negotiations , Breaking News , Headlines and Developments",20210521T081500Z,,caixinglobal.com,English,China
https://www.caixinglobal.com/?ywfrom=/www.caixinglobal.com/2021-05-21/chinas-scrutiny-of-shadow-debt-bites-developers-like-evergrande-101716082.html,,"Caixin Global - Latest Business and Financial News on China , U . S . Trade War and Negotiations , Breaking News , Headlines and Developments",20210521T081500Z,,caixinglobal.com,English,China
https://www.caixinglobal.com/?ywfrom=/www.caixinglobal.com/2021-05-21/giant-new-iron-ore-mine-may-aid-chinas-push-to-cool-prices-101716086.html,,"Caixin Global - Latest Business and Financial News on China , U . S . Trade War and Negotiations , Breaking News , Headlines and Developments",20210521T081500Z,,caixinglobal.com,English,China
https://www.politico.com/news/2021/05/21/states-carbon-pricing-490021,,States are pricing carbon . Washington hasnt followed their lead . ,20210521T091500Z,https://static.politico.com/32/69/4a951fb44718856d5a9f6b14ba52/210519-carbon-emissions2-ap-773.jpg,politico.com,English,United States
https://shipandbunker.com/news/emea/562334-container-line-cma-cgm-offers-customers-bio-lng-offsets,,Container Line CMA CGM Offers Customers Bio - LNG Offsets,20210521T093000Z,https://shipandbunker.cdn.speedyrails.net/a/img/_mt_862e995536f19d96ba8f154d517c99ae.jpg,shipandbunker.com,English,Singapore
https://www.stat.fi/til/khki/2020/khki_2020_2021-05-21_tie_001_en.html,,Statistics Finland - Greenhouse gases,20210521T094500Z,,stat.fi,English,Finland
http://en.people.cn/n3/2021/0521/c90000-9852731.html,,China issues first tradable forest carbon credit stamps - People Daily Online,20210521T100000Z,,en.people.cn,English,China
https://financialpost.com/investing/why-investors-should-be-wary-of-the-great-build-back-better-bubble-of-2021,https://financialpost.com/investing/why-investors-should-be-wary-of-the-great-build-back-better-bubble-of-2021/wcm/c572658a-b48d-4357-9936-4b7b159cc0c9/amp/,Why investors should be wary of the Great Build Back Better Bubble of 2021,20210521T113000Z,https://smartcdn.prod.postmedia.digital/financialpost/wp-content/uploads/2021/05/vw0520solar-wind.jpg,financialpost.com,English,Canada
https://nymag.com/intelligencer/2021/05/adam-tooze-on-climate-politics-after-covid.html,https://nymag.com/intelligencer/amp/2021/05/adam-tooze-on-climate-politics-after-covid.html,Adam Tooze On Climate Politics After COVID,20210521T113000Z,https://pyxis.nymag.com/v1/imgs/69f/e49/66a74f79a1fa741470834f41bf0d47ad12-joe-biden-climate-summit.1x.rsocial.w1200.jpg,nymag.com,English,United States
https://www.wfmz.com/news/state/pennsylvania-dep-releases-new-carbon-cap-and-trade-modeling/article_f7d95498-b8c5-54cc-b13c-8299e3841005.html,,Pennsylvania DEP releases new carbon cap and trade modeling,20210521T141500Z,https://bloximages.newyork1.vip.townnews.com/wfmz.com/content/tncms/assets/v3/editorial/0/3e/03e45597-80ff-5c21-a9de-2cb7873ee763/609303e32fa21.image.jpg,wfmz.com,English,United States
https://www.jdsupra.com/legalnews/key-regulatory-topics-weekly-update-may-8157913/,,Key Regulatory Topics : Weekly Update May 2021 | Allen & Overy LLP,20210521T143000Z,https://jdsupra-static.s3.amazonaws.com/profile-images/og.15444_392.jpg,jdsupra.com,English,United States
https://www.icis.com/explore/resources/news/2021/05/21/10524881/topic-page-coronavirus-oil-price-direction-impact-on-chemicals,,"TOPIC PAGE : Coronavirus , oil price direction – impact on chemicals",20210521T143000Z,https://icis.com/assets/getasset-908583.jpg,icis.com,English,China
https://www.msn.com/en-us/money/markets/larry-summers-esg-investing-tip-plus-carbon-trading-starts-in-uk/ar-AAKezWH,,Larry Summer ESG investing tip ; plus carbon trading starts in united kingdom ,20210521T144500Z,,msn.com,English,United States
https://www.caixinglobal.com/2021-05-21/shanghai-composite-index-fell-058-on-friday-101716142.html,,Shanghai Composite Index Fell 0 . 58 % on Friday,20210521T163000Z,,caixinglobal.com,English,China
https://www.jdsupra.com/legalnews/uk-s-new-emissions-trading-scheme-hosts-8985821/,,UK New Emissions Trading Scheme Hosts First Auctions | MoFo Life Sciences,20210521T163000Z,https://jdsupra-static.s3.amazonaws.com/profile-images/og.16049_744.jpg,jdsupra.com,English,United States
https://www.world-nuclear-news.org/Articles/UK-energy-secretary-stresses-nuclears-role-in-deca,,UK energy secretary stresses nuclear role in decarbonisation : Nuclear Policies,20210521T163000Z,,world-nuclear-news.org,English,China
https://www.washingtonexaminer.com/politics/pennsylvania-dep-releases-new-carbon-cap-and-trade-modeling,https://www.washingtonexaminer.com/politics/pennsylvania-dep-releases-new-carbon-cap-and-trade-modeling?_amp=true,Pennsylvania DEP releases new carbon cap and trade modeling,20210521T173000Z,http://mediadc-brightspot.s3.amazonaws.com/03/05/b1a40d254c7fb5868eb36a412131/istock-1158125438.jpg,washingtonexaminer.com,English,United States
https://www.politico.com/newsletters/playbook-pm/2021/05/21/cease-fire-brings-hope-after-a-brutal-week-492963,,POLITICO Playbook PM : Cease - fire brings hope after a brutal week,20210521T174500Z,https://static.politico.com/dc/22/163c6985419a914b5c276148183d/210521-palestine-ap-1160.jpg,politico.com,English,United States
https://missoulian.com/opinion/letters/letter-to-the-editor-reassured-by-mt-legislators/article_6046353a-53c5-5330-b604-ee89cecb8fb9.html,,Letter to the editor : Reassured by MT legislators,20210521T181500Z,https://bloximages.chicago2.vip.townnews.com/missoulian.com/content/tncms/assets/v3/editorial/6/04/6046353a-53c5-5330-b604-ee89cecb8fb9/60a3f77e22424.preview.jpg?crop=724%2C407%2C0%2C37,missoulian.com,English,United States
https://www.kpvi.com/news/national_news/malheur-county-court-must-talk-regularly-about-shifting-oregon-idaho-borders/article_2fef5d02-363f-598b-906f-2941df348ab0.html,,Malheur County Court must talk regularly about shifting Oregon - Idaho borders,20210521T191500Z,https://bloximages.newyork1.vip.townnews.com/kpvi.com/content/tncms/assets/v3/editorial/d/60/d60909ba-d046-5156-8cc4-54c65fe986bf/60a532e8b10c8.image.jpg?crop=717%2C534%2C0%2C0,kpvi.com,English,United States
https://www.theedgemarkets.com/article/new-global-carbon-exchange-launch-singapore-year-end,,New global carbon exchange to launch in Singapore by year end,20210521T191500Z,https://assets.theedgemarkets.com/dbs_group_holdings_ltd_20210416120219_bloomberg_0_1.jpg?_1oDZ0uF6ZxvSzRTX1bg2DogDF1qT0tl,theedgemarkets.com,English,Malaysia
https://www.scoop.co.nz/stories/WO2105/S00292/corporate-influence-at-un-summits-delivering-a-one-two-punch-to-our-future-briefing-says.htm,https://m.scoop.co.nz/stories/WO2105/S00292/corporate-influence-at-un-summits-delivering-a-one-two-punch-to-our-future-briefing-says.htm,"Corporate Influence At UN Summits Delivering A One - two Punch To Our Future , Briefing Says",20210521T194500Z,http://img.scoop.co.nz/stories/images/1908/scoop_image.jpg,scoop.co.nz,English,New Zealand
https://balkangreenenergynews.com/epbih-to-calculate-co2-costs-internally-after-deal-with-energy-community/,,EPBiH to calculate CO2 prices internally after deal with Energy Community,20210521T201500Z,https://balkangreenenergynews.com/wp-content/uploads/2021/05/EPBiH-calculate-CO2-prices-internally-deal-Energy-Community.jpg,balkangreenenergynews.com,English,Serbia
https://www.jdsupra.com/legalnews/double-charging-for-carbon-emissions-8377472/,,  Double charging  for carbon emissions through EU ETS and national emissions trading and how to avoid it | Hogan Lovells,20210521T210000Z,https://jdsupra-static.s3.amazonaws.com/profile-images/og.15723_926.jpg,jdsupra.com,English,United States
http://www.msn.com/en-nz/news/national/budget-2021-nerdy-policies-key-to-saving-climate/ar-AAKfg9s,,Budget 2021 : Nerdy policies key to saving climate,20210521T211500Z,,msn.com,English,United States
http://community.scoop.co.nz/2021/05/corporate-influence-at-un-summits-delivering-a-one-two-punch-to-our-future-briefing-says/,,"Community Scoop » Corporate Influence At UN Summits Delivering A One - two Punch To Our Future , Briefing Says",20210521T211500Z,,community.scoop.co.nz,English,New Zealand
http://travelweekly.co.uk/news/air/airports-advance-net-zero-climate-targets,,Airports advance  net zero  climate targets,20210521T213000Z,https://travelweekly.co.uk/images/cmstw/original/7/9/6/e/1/easid-243953-media-id-8088.jpg,travelweekly.co.uk,English,United Kingdom
https://www.washingtonpost.com/business/energy/this-tariff-could-be-bidens-best-climate-change-tool/2021/05/21/340f3782-ba6f-11eb-bc4a-62849cf6cca9_story.html,,This Tariff Could Be Biden Best Climate Change Tool,20210521T214500Z,,washingtonpost.com,English,United States
https://world-nuclear-news.org/Articles/UK-energy-secretary-stresses-nuclears-role-in-deca,,UK energy secretary stresses nuclear role in decarbonisation : Nuclear Policies,20210521T221500Z,,world-nuclear-news.org,English,China
http://epaper.chinadaily.com.cn/a/202105/17/WS60a1d8bda31099a23435626c.html,,Carbon trading steel edge set to sharpen shortly,20210522T014500Z,http://epaper.chinadaily.com.cn/images/202105/17/60a1dba4a31099a2249d8cd4.png,epaper.chinadaily.com.cn,English,China
https://kuow.org/stories/tribal-leaders-call-inslee-a-snake-after-he-vetoes-tribal-consent-measure,,KUOW - Tribal leaders call Inslee  a snake  after he vetoes climate law tribal consent measure,20210522T050000Z,https://kuow-prod.imgix.net/store/baeee15ac834df0273c3101021c37695.jpg?fm=jpg&fit=max&q=80,kuow.org,English,United States
http://www.ruthfullyyours.com/page/7674/,,RUTHFULLY YOURS,20210522T104500Z,,ruthfullyyours.com,English,United States
https://www.wenatcheeworld.com/news/what-an-old-politician-understands-biden-turns-the-age-issue-to-advantage/article_edb4cdc2-b831-11eb-9ba2-4361c92d8de3.html,,  What an old politician understand : Biden turns the age issue to advantage,20210522T130000Z,https://bloximages.newyork1.vip.townnews.com/wenatcheeworld.com/content/tncms/assets/v3/editorial/f/97/f97a5622-b831-11eb-aafd-638917a63999/60a44fd445077.image.jpg,wenatcheeworld.com,English,United States
https://www.bnnbloomberg.ca/eu-carbon-rally-triggers-greens-call-for-curbs-on-speculation-1.1606299,https://www.bnnbloomberg.ca/eu-carbon-rally-triggers-greens-call-for-curbs-on-speculation-1.1606299.amp.html,EU Carbon Rally Triggers Green Call for Curbs on Speculation,20210522T184500Z,http://www.bnnbloomberg.ca/polopoly_fs/1.1606300!/fileimage/httpImage/image.jpg_gen/derivatives/landscape_620/police-patrol-near-european-union-eu-member-state-flags-outside-the-european-parliament-in-brussels-belgium-on-tuesday-april-27-2021-the-european-union-s-post-brexit-trade-accord-will-be-instrumental-in-bolstering-the-bloc-s-single-market-and-avoiding-a-chaotic-rupture-ursula-von-der-leyen-said-as-lawmakers-in-brussels-prepared-to-give-the-deal-their-formal-approval.jpg,bnnbloomberg.ca,English,Canada
https://www.marketscreener.com/news/latest/Pew-Charitable-Trusts-nbsp-New-Environmental-Justice-Measures-Might-Revive-Cap-and-Trade--33287738/,https://www.marketscreener.com/amp/news/latest/Pew-Charitable-Trusts-nbsp-New-Environmental-Justice-Measures-Might-Revive-Cap-and-Trade--33287738/,Pew Charitable Trusts  : New Environmental Justice Measures Might Revive Cap - and - Trade,20210522T224500Z,https://www.marketscreener.com/images/twitter_MS_fdnoir.png,marketscreener.com,English,
https://www.wiredprnews.com/the-eu-will-focus-the-plane-on-renewing-the-fossil-fuel-tax/,,The EU will focus the plane on renewing the fossil fuel tax,20210523T003000Z,https://www.ft.com/__origami/service/image/v2/images/raw/https://d1e00ek4ebabms.cloudfront.net/production/00dee0db-b36c-4c94-bddb-d565e9df6efe.jpg?source=next-opengraph&fit=scale-down,wiredprnews.com,English,United States
https://www.globaltimes.cn/page/202105/1224184.shtml,,China plans to launch national carbon trading market in June,20210523T061500Z,https://www.globaltimes.cn/Portals/0/attachment/2020/2020-03-16/5d7b9551-91eb-43ad-af06-03bbb2043e64.jpeg,globaltimes.cn,English,China
http://www.redwatch.org.au/media/070808ssha/?month:int=6&year:int=2021&orig_query=,,Serious about climate change : Garrett on song in Darlington REDWatch - Redfern Eveleigh Darlington Waterloo Watch Group,20210523T080000Z,,redwatch.org.au,English,Australia
https://thepeninsulaqatar.com/article/23/05/2021/Asian-LNG-prices-fall-on-COVID-19-outbreak-in-India,,Asian LNG prices fall on COVID - 19 outbreak in India,20210523T080000Z,https://thepeninsulaqatar.com/uploads/2021/05/23/post_main_cover/f17a639419416d7b3568c26341d918f4d191fd5a.PNG,thepeninsulaqatar.com,English,Qatar
http://www.redwatch.org.au/media/070808ssha/?month:int=4&year:int=2021&orig_query=,,Serious about climate change : Garrett on song in Darlington REDWatch - Redfern Eveleigh Darlington Waterloo Watch Group,20210523T080000Z,,redwatch.org.au,English,Australia
https://www.swissinfo.ch/eng/votations-du-13-juin_the-co2-law-won-t--save-the-glaciers-/46634518,,The CO2 law wont  save the glacier - SWI swissinfo . ch,20210523T083000Z,https://www.swissinfo.ch/resource/image/46593022/landscape_ratio16x9/1920/1080/485f0a80a20514eeabc67afd0e0525d6/96A94B54FE6B35CFC27E6FA066E85767/439269408_highres.jpg,swissinfo.ch,English,Switzerland
https://www.swissinfo.ch/eng/business/votations-du-13-juin_the-co2-law-won-t--save-the-glaciers-/46634518,,The CO2 law wont  save the glacier - SWI swissinfo . ch,20210523T090000Z,https://www.swissinfo.ch/resource/image/46593022/landscape_ratio16x9/1920/1080/485f0a80a20514eeabc67afd0e0525d6/96A94B54FE6B35CFC27E6FA066E85767/439269408_highres.jpg,swissinfo.ch,English,Switzerland
http://en.people.cn/n3/2021/0523/c90000-9852933.html,,China plans to launch national carbon trading market in June,20210523T121500Z,,en.people.cn,English,China
https://www.union-bulletin.com/opinion/editorials/inslee-s-pair-of-partial-vetoes-out-of-line/article_f5feb84c-ba5e-11eb-95a2-4f67141c8d72.html,,Inslee pair of partial vetoes out of line | Editorials,20210523T164500Z,https://bloximages.newyork1.vip.townnews.com/union-bulletin.com/content/tncms/assets/v3/editorial/f/5f/f5feb84c-ba5e-11eb-95a2-4f67141c8d72/60a7fa58c8bd3.preview.jpg,union-bulletin.com,English,United States
https://www.columbian.com/news/2021/may/23/new-environmental-justice-measures-might-revive-cap-and-trade/,,New environmental justice measures might revive cap - and - trade,20210523T180000Z,https://pcdn.columbian.com/wp-content/themes/columbian2/static/img/og/default.jpg,columbian.com,English,United States
https://augustafreepress.com/climate-action-alliance-of-the-valley-climate-energy-news-roundup-may-23/,,"Climate Action Alliance of the Valley climate , energy news roundup : May 23",20210523T180000Z,https://augustafreepress.com/wp-content/uploads/2020/10/climate-action-alliance-of-the-valley.jpg,augustafreepress.com,English,United States
https://www.thehindu.com/opinion/op-ed/the-many-benefits-of-an-eco-tax/article34629283.ece,,The many benefits of an eco tax,20210523T193000Z,https://www.thehindu.com/opinion/op-ed/928bkw/article34629278.ece/ALTERNATES/LANDSCAPE_615/yamuna,thehindu.com,English,India
https://www.hellenicshippingnews.com/shippings-carbon-emissions-lack-of-clarity-a-major-headache-for-shipowners/,https://www.hellenicshippingnews.com/shippings-carbon-emissions-lack-of-clarity-a-major-headache-for-shipowners/amp/,Shipping Carbon Emissions : Lack of Clarity a Major Headache for Shipowners | Hellenic Shipping News Worldwide,20210523T221500Z,,hellenicshippingnews.com,English,China
http://epaper.chinadaily.com.cn/a/202105/24/WS60aadbb4a31099a2343564db.html,,Funds for forests - Chinadaily . com . cn,20210524T004500Z,http://epaper.chinadaily.com.cn/images/202105/24/60aadbb4a31099a2249d9ab4.png,epaper.chinadaily.com.cn,English,China
https://governorswindenergycoalition.org/the-lucrative-climate-proposal-thats-going-nowhere-in-washington/,,The lucrative climate proposal that going nowhere in Washington - Governor Wind Energy Coalition,20210524T021500Z,,governorswindenergycoalition.org,English,United States
http://africa.chinadaily.com.cn/a/202105/24/WS60aae72ba31024ad0bac0dd3.html,,Funds for forests,20210524T030000Z,http://img2.chinadaily.com.cn/images/202105/24/60aae72ba31024adbdc982d2.png,africa.chinadaily.com.cn,English,China
http://europe.chinadaily.com.cn/a/202105/24/WS60aae72ba31024ad0bac0dd3.html,,Funds for forests,20210524T033000Z,http://img2.chinadaily.com.cn/images/202105/24/60aae72ba31024adbdc982d2.png,europe.chinadaily.com.cn,English,China
http://usa.chinadaily.com.cn/a/202105/24/WS60aae72ba31024ad0bac0dd3.html,,Funds for forests,20210524T040000Z,http://img2.chinadaily.com.cn/images/202105/24/60aae72ba31024adbdc982d2.png,usa.chinadaily.com.cn,English,China
http://www.chinadaily.com.cn/a/202105/24/WS60aae72ba31024ad0bac0dd3.html,,Funds for forests,20210524T041500Z,http://img2.chinadaily.com.cn/images/202105/24/60aae72ba31024adbdc982d2.png,chinadaily.com.cn,English,China
https://www.marketscreener.com/news/latest/News-Highlights-Top-Financial-Services-News-of-the-Day--33334964/,https://www.marketscreener.com/amp/news/latest/News-Highlights-Top-Financial-Services-News-of-the-Day--33334964/,News Highlights : Top Financial Services News of the Day,20210524T054500Z,https://www.marketscreener.com/images/twitter_MS_fdblanc.png,marketscreener.com,English,
https://www.euractiv.com/section/energy-environment/interview/timmermans-eu-countries-need-to-face-the-consequences-of-higher-climate-goals/,,Timmermans : EU countries need to face the consequences of higher climate goals,20210524T064500Z,https://www.euractiv.com/wp-content/uploads/sites/2/2021/05/Timmermans-close-up-800x450.jpg,euractiv.com,English,United Kingdom
https://www.edie.net/news/6/CBI--UK-s-green-recovery-could-generate--700bn-economic-boost-by-2030/,https://www.edie.net/amp-news/6/CBI--UK-s-green-recovery-could-generate--700bn-economic-boost-by-2030/,CBI : united kingdom green recovery could generate £700bn economic boost by 2030,20210524T091500Z,https://e2k9ube.cloudimg.io/s/cdn/x/https://edienet.s3.amazonaws.com/news/images/42123.jpg,edie.net,English,United Kingdom
https://www.telegraph.co.uk/business/2021/05/24/ministers-resist-calls-top-adviser-tie-uk-carbon-market-brussels/,https://www.telegraph.co.uk/business/2021/05/24/ministers-resist-calls-top-adviser-tie-uk-carbon-market-brussels/amp/,Ministers resist calls from top adviser to tie united kingdom carbon market to Brussels,20210524T093000Z,,telegraph.co.uk,English,United Kingdom
https://www.chinadaily.com.cn/a/202105/24/WS60aae72ba31024ad0bac0dd3.html,,Funds for forests,20210524T093000Z,http://img2.chinadaily.com.cn/images/202105/24/60aae72ba31024adbdc982d2.png,chinadaily.com.cn,English,China
https://www.farmprogress.com/carbon/heres-what-known-about-carbon-markets,,Here what is known about carbon markets,20210524T093000Z,https://www.farmprogress.com/sites/farmprogress.com/files/0524M1-3661a-1540x800.jpg,farmprogress.com,English,United States
https://www.hellenicshippingnews.com/cyprus-shipping-showing-resilience-helping-economy/,https://www.hellenicshippingnews.com/cyprus-shipping-showing-resilience-helping-economy/amp/,"Cyprus : Shipping showing resilience , helping economy | Hellenic Shipping News Worldwide",20210524T100000Z,,hellenicshippingnews.com,English,China
https://www.bloombergquint.com/quicktakes/this-tariff-could-be-biden-s-best-climate-change-tool-quicktake,/amp/quicktakes/this-tariff-could-be-biden-s-best-climate-change-tool-quicktake,This Tariff Could Be Biden Best Climate Change Tool,20210524T114500Z,,bloombergquint.com,English,India
https://www.politico.com/newsletters/morning-energy/2021/05/24/the-bottleneck-slowing-the-green-grid-795477,,The bottleneck slowing the green grid,20210524T143000Z,https://static.politico.com/da/f5/44342c424c68b675719324b1106b/politico.jpg,politico.com,English,United States
https://crooksandliars.com/2021/05/mike-s-blog-round,https://crooksandliars.com/2021/05/mike-s-blog-round/amp,Mike Blog Round Up | Crooks and Liars,20210524T160000Z,https://crooksandliars.com/files/embeds/2021/05/45545.jpg,crooksandliars.com,English,United States
https://www.galvnews.com/news_ap/business/article_9d0ced61-d280-5e57-96cc-14a11df860fd.html,,"Climate Vault Launches With New Solution for Carbon Reductions , Spurs Innovation of Carbon Removal Technologies",20210524T161500Z,https://bloximages.newyork1.vip.townnews.com/galvnews.com/content/tncms/custom/image/15a12480-fb7b-11ea-b7c4-87bc3f36b896.png,galvnews.com,English,United States
https://www.euractiv.com/section/global-europe/opinion/the-brief-powered-by-applia-the-pirates-who-came-in-from-the-cold/,,"The Brief , powered by APPLiA – The pirates who came in from the cold – EURACTIV . com",20210524T163000Z,https://www.euractiv.com/wp-content/uploads/sites/2/2021/05/brief-2-800x450.jpg,euractiv.com,English,United Kingdom
https://www.mondaq.com/uk/climate-change/1071640/uk39s-new-emissions-trading-scheme-hosts-first-auctions,,UK New Emissions Trading Scheme Hosts First Auctions - Environment,20210524T170000Z,,mondaq.com,English,United States
https://www.theasset.com/capital-markets/43681/aircarbon-exchange-offsets-carbon-emissions,,AirCarbon Exchange offsets carbon emissions,20210524T183000Z,https://www.theasset.com/storage/Image/2021/May/1621487851environmenttreeswebsite(2)-Copy.jpg,theasset.com,English,China
https://www.miragenews.com/vanderbilt-announces-new-collaboration-to-565403/,,Vanderbilt announces new collaboration to accelerate efforts to address its carbon footprint and tackle climate change,20210524T191500Z,https://cdn1.miragenews.com/wp-content/uploads/2019/04/usersubmittedcontentclimatechange1.jpg,miragenews.com,English,United States
https://oilprice.com/Latest-Energy-News/World-News/EU-Looks-To-Tax-Jet-Fuel-In-Push-To-Cut-Emissions.html,https://oilprice.com/Latest-Energy-News/World-News/EU-Looks-To-Tax-Jet-Fuel-In-Push-To-Cut-Emissions.amp.html,EU Looks To Tax Jet Fuel In Push To Cut Emissions,20210524T200000Z,https://d32r1sh890xpii.cloudfront.net/news/718x300/2021-05-24_lejgtb4zx3.jpg,oilprice.com,English,United States
https://calmatters.org/commentary/my-turn/2020/05/its-time-to-fix-californias-cap-and-trade-again/,,It time to fix California cap - and - trade – again,20210524T214500Z,https://i1.wp.com/calmatters.org/wp-content/uploads/2020/05/cap-and-trade-.jpg?fit=2121%2C1414&ssl=1,calmatters.org,English,United States
https://oilprice.com/Energy/Energy-General/Ambitious-Energy-Goals-Are-Hurting-European-Businesses.html,https://oilprice.com/Energy/Energy-General/Ambitious-Energy-Goals-Are-Hurting-European-Businesses.amp.html,Ambitious Energy Goals Are Hurting European Businesses,20210524T223000Z,https://d32r1sh890xpii.cloudfront.net/article/718x300/2021-05-24_sx0k9o1hjb.jpg,oilprice.com,English,United States
https://www.natlawreview.com/article/fresh-law-horizons-february-2021,https://www.natlawreview.com/article/fresh-law-horizons-february-2021?amp,UK & EU Environment Safety and Health Law Procedure and Policy Developments,20210524T233000Z,https://www.natlawreview.com/sites/default/files/article/aux/13513/badge_button_european_flag_800_6786_1.jpg,natlawreview.com,English,United States
https://fredericksburg.com/opinion/commentary-just-say-no-to-agricultural-carbon-pricing-schemes/article_aa165c92-ebd0-596c-a7d5-9ecd4395a0dd.html,https://fredericksburg.com/opinion/commentary-just-say-no-to-agricultural-carbon-pricing-schemes/article_aa165c92-ebd0-596c-a7d5-9ecd4395a0dd.amp.html,COMMENTARY : Just say no to agricultural carbon pricing schemes,20210525T021500Z,https://bloximages.chicago2.vip.townnews.com/fredericksburg.com/content/tncms/assets/v3/editorial/9/e1/9e14086e-2c4e-5b08-9bf4-a6e41ef49a88/60ac166e1686d.image.jpg?crop=1740%2C979%2C188%2C0,fredericksburg.com,English,United States
http://epaper.chinadaily.com.cn/a/202105/25/WS60ac3cf6a31099a234356594.html,,Carbon trading trials gain traction in China - Chinadaily . com . cn,20210525T024500Z,http://epaper.chinadaily.com.cn/images/202105/25/60ac3cf6a31099a2249d9f31.png,epaper.chinadaily.com.cn,English,China
http://www.china.org.cn/business/2021-05/25/content_77524682.htm,,Carbon trading trials gain traction in China,20210525T040000Z,,china.org.cn,English,China
http://usa.chinadaily.com.cn/a/202105/25/WS60ac2fcfa31024ad0bac11f1.html,,Green tariffs must not be barriers to trade,20210525T041500Z,http://img2.chinadaily.com.cn/images/202105/25/60ac2fcfa31024adbdc9d507.jpeg,usa.chinadaily.com.cn,English,China
http://www.ecns.cn/news/2021-05-25/detail-ihamrehu6721769.shtml,,Carbon trading trials gain traction in China,20210525T044500Z,http://i2.chinanews.com/simg/hpic/2021/05-25/pic1-37329689.jpeg,ecns.cn,English,China
http://europe.chinadaily.com.cn/a/202105/25/WS60ac2fcfa31024ad0bac11f1.html,,Green tariffs must not be barriers to trade,20210525T050000Z,http://img2.chinadaily.com.cn/images/202105/25/60ac2fcfa31024adbdc9d507.jpeg,europe.chinadaily.com.cn,English,China
http://africa.chinadaily.com.cn/a/202105/25/WS60ac2fcfa31024ad0bac11f1.html,,Green tariffs must not be barriers to trade,20210525T051500Z,http://img2.chinadaily.com.cn/images/202105/25/60ac2fcfa31024adbdc9d507.jpeg,africa.chinadaily.com.cn,English,China
https://www.pewtrusts.org/en/research-and-analysis/blogs/stateline/2021/05/24/tribal-leaders-blast-washington-governors-cap-and-trade-betrayal,https://www.pewtrusts.org/en/research-and-analysis/blogs/stateline/2021/05/24/tribal-leaders-blast-washington-governors-cap-and-trade-betrayal?amp=1,Tribal Leaders Blast Washington Governors Cap and Trade Betrayal,20210525T061500Z,https://www.pewtrusts.org/-/media/post-launch-images/2021/05/ap_18290856415228/16x9_m.jpg,pewtrusts.org,English,United States
https://goodmenproject.com/environment-2/usda-may-allow-genetically-modified-trees-to-be-released-into-the-wild/,,USDA May Allow Genetically Modified Trees To Be Released Into the Wild,20210525T061500Z,https://goodmenproject.com/wp-content/uploads/2021/05/modified_trees.jpg,goodmenproject.com,English,United States
http://www.chinadaily.com.cn/a/202105/25/WS60ac2fcfa31024ad0bac11f1.html,,Green tariffs must not be barriers to trade,20210525T074500Z,http://img2.chinadaily.com.cn/images/202105/25/60ac2fcfa31024adbdc9d507.jpeg,chinadaily.com.cn,English,China
https://www.euractiv.com/section/agriculture-food/interview/wojciechowski-cap-reform-a-new-chance-for-small-medium-sized-farms/,,"Wojciechowski : CAP reform  a new chance  for small , medium sized farms",20210525T083000Z,https://www.euractiv.com/wp-content/uploads/sites/2/2021/05/P049089-38437-800x450.jpg,euractiv.com,English,United Kingdom
https://www.greenbiz.com/article/zero-carbon-fuels-and-marine-shipping-both-will-and-way,,Zero - carbon fuels and marine shipping : Both a will and a way ? ,20210525T090000Z,https://www.greenbiz.com/sites/default/files/styles/og_image_1200x630/public/2021-05/cargoshipping_sstock.jpeg?itok=k4RzK1lg,greenbiz.com,English,United States
https://crosscut.com/news/2021/05/year-after-george-floyds-murder-whats-changed-washington-state,,"A year after George Floyd murder , what changed in Washington state ? ",20210525T123000Z,https://crosscut.com/sites/default/files/styles/max_2000x2000/public/images/articles/de_blmpolitics_hero_teaser.jpg.jpg?itok=W6j4DmiT,crosscut.com,English,United States
https://www.rechargenews.com/energy-transition/electrify-everything-directly-or-indirectly-the-five-policy-steps-needed-to-decarbonise-europe/2-1-1014899,,Electrify everything directly or indirectly : the five policy steps needed to decarbonise Europe,20210525T124500Z,https://images-global.nhst.tech/image/NkpzdWI4SmhXMjhBb3BzK1BFd1pERWFKeE5aVkNwdGl0YzNsN3hkUHZ3UT0=/nhst/binary/a36762673140d8aff1ad1d5ea1afd0de?image_version=720,rechargenews.com,English,United States
https://www.ncnewsonline.com/opinion/columns/column-by-amanda-claire-starbuck-say-no-to-carbon-pricing/article_18ea53f9-906a-5088-8b44-0ae73431352b.html,,COLUMN BY AMANDA CLAIRE STARBUCK : Say no to carbon pricing,20210525T130000Z,https://bloximages.chicago2.vip.townnews.com/ncnewsonline.com/content/tncms/assets/v3/editorial/d/20/d207816b-5f2e-50b7-9bde-826894597a2f/60ac92695abb6.image.jpg,ncnewsonline.com,English,United States
https://www.straitstimes.com/singapore/implement-nature-based-solutions-to-achieve-climate-goals-panellists,,Implement nature - based solutions to achieve climate goals : Panellists,20210525T131500Z,https://static.straitstimes.com.sg/s3fs-public/styles/x_large/public/articles/2021/05/25/yq-ems-25052021.jpg?itok=Ea7ZrqN7,straitstimes.com,English,Singapore
https://www.utilities-me.com/comment/17287-how-will-utilities-survive-by-truly-embracing-service,https://www.utilities-me.com/comment/17287-how-will-utilities-survive-by-truly-embracing-service?amp,How will utilities survive ? By truly embracing service,20210525T131500Z,,utilities-me.com,English,United Arab Emirates
https://www.irishtimes.com/life-and-style/motors/concerns-raised-over-possible-50c-per-litre-increase-diesel-prices-by-2030-1.4574847,https://www.irishtimes.com/life-and-style/motors/concerns-raised-over-possible-50c-per-litre-increase-diesel-prices-by-2030-1.4574847?mode=amp,Concerns raised over possible 50c - per - litre increase diesel prices by 2030,20210525T134500Z,https://www.irishtimes.com/image-creator/?id=1.4574846&origw=1440,irishtimes.com,English,Ireland
https://theconversation.com/majority-of-australians-in-favour-of-banning-new-coal-mines-lowy-poll-161513,https://theconversation.com/amp/majority-of-australians-in-favour-of-banning-new-coal-mines-lowy-poll-161513,Majority of Australians in favour of banning new coal mines : Lowy poll,20210525T134500Z,https://images.theconversation.com/files/402547/original/file-20210525-19-t9krpg.jpg?ixlib=rb-1.1.0&rect=0%2C215%2C4099%2C2049&q=45&auto=format&fit=crop,theconversation.com,English,Australia
https://www.theguardian.com/commentisfree/2021/may/25/big-oil-companies-profit-green-renewables-fossil-fuels-net-zero,https://amp.theguardian.com/commentisfree/2021/may/25/big-oil-companies-profit-green-renewables-fossil-fuels-net-zero,Big oil companies are driven by profit – they wont turn green by themselves | Brett Christophers,20210525T140000Z,https://i.guim.co.uk/img/media/3639d59ae148762751f3e2eb20d91b4e1b0651d9/0_36_4817_2892/master/4817.jpg?&quality=85&auto=format&fit=crop&overlay-align=bottom%2Cleft&overlay-width=100p&overlay-base64=L2ltZy9zdGF0aWMvb3ZlcmxheXMvdGctb3BpbmlvbnMucG5n&enable=upscale&s=7a7b4d55aeeb5e589b4e208df4ebc1f2,theguardian.com,English,United Kingdom
https://www.reuters.com/business/sustainable-business/global-carbon-pricing-schemes-raised-53-bln-2020-world-bank-2021-05-25/,,Global carbon pricing schemes raised $53 bln in 2020 - World Bank,20210525T140000Z,https://www.reuters.com/resizer/CYc-Xk_0o9mDtjh1kvSr5xEYGWA=/1200x628/smart/cloudfront-us-east-2.images.arcpublishing.com/reuters/QP27QCIJZ5I2FJITUIJDTK642Q.jpg,reuters.com,English,United States
https://bdnews24.com/coronavirus-pandemic/2021/05/25/global-climate-schemes-putting-a-price-on-carbon-emissions,https://m.bdnews24.com/amp/en/detail/coronavirus-pandemic/1894213,Global climate schemes putting a price on carbon emissions,20210525T143000Z,https://d30fl32nd2baj9.cloudfront.net/media/2021/05/25/power-plant-250521-01.jpg/ALTERNATES/w640/power-plant-250521-01.jpg,bdnews24.com,English,Bangladesh
https://www.wlrfm.com/2021/05/25/e102-for-a-full-tank-diesel-price-spike-could-bring-misery-to-millions/,,102 for a full tank : diesel price spike could bring misery to millions,20210525T143000Z,https://img.resized.co/breaking-news/eyJkYXRhIjoie1widXJsXCI6XCJodHRwczpcXFwvXFxcL2ltYWdlcy5icmVha2luZ25ld3MuaWVcXFwvcHJvZFxcXC91cGxvYWRzXFxcLzIwMjFcXFwvMDVcXFwvMjUxNDA0NDZcXFwvR2V0dHlJbWFnZXMtODEyODk3MTQuanBnXCIsXCJ3aWR0aFwiOjYwMCxcImhlaWdodFwiOm51bGwsXCJkZWZhdWx0XCI6XCJodHRwczpcXFwvXFxcL3d3dy5icmVha2luZ25ld3MuaWVcXFwvaW1hZ2VzXFxcL25vLWltYWdlLnBuZ1wiLFwib3B0aW9uc1wiOltdfSIsImhhc2giOiJlNTVkZDkxYmRlYTEwNzljNTMyYjQ3YjRiMTI3YWM3ZmRkN2VkNzQ1In0=/gettyimages-81289714.jpg,wlrfm.com,English,Ireland
https://chinadialogue.net/en/climate/chinas-national-ets-needs-high-level-political-support-to-succeed/,,China national ETS needs high - level political support to succeed,20210525T144500Z,https://cdn.chinadialogue.net/content/uploads/2021/05/25131342/china-ETS-emissions-trading-scheme.jpg,chinadialogue.net,English,China
https://www.independentsentinel.com/the-outpost/,https://www.independentsentinel.com/the-outpost/?amp,The Outpost - www . independentsentinel . com,20210525T144500Z,https://mk0independentstx7sb.kinstacdn.com/wp-content/uploads/2011/07/381_Gary_Spina_Bio_Photo1.jpg,independentsentinel.com,English,United States
https://www.unionleader.com/news/environment/global-climate-schemes-putting-a-price-on-carbon-emissions/article_ccd2bee8-53fa-50a8-b750-f290480311ed.html,,Global climate schemes putting a price on carbon emissions,20210525T150000Z,https://bloximages.newyork1.vip.townnews.com/unionleader.com/content/tncms/custom/image/595a0f6c-8b6f-11e8-996b-c70bb6ec20ab.jpg,unionleader.com,English,United States
https://www.miragenews.com/carbon-prices-now-apply-to-over-a-fifth-of-566014/,,Carbon Prices now Apply to Over a Fifth of Global Greenhouse Gases,20210525T151500Z,https://www.worldbank.org/content/dam/photos/780x439/2020/mar/Donut-Photo-16SMs.jpg,miragenews.com,English,United States
https://www.bignewsnetwork.com/news/269630021/majority-of-australians-in-favour-of-banning-new-coal-mines-lowy-poll,,Majority of Australians in favour of banning new coal mines : Lowy poll,20210525T151500Z,https://cdn.bignewsnetwork.com/cvr1621953529.jpg,bignewsnetwork.com,English,United States
https://www.channelnewsasia.com/news/business/global-carbon-pricing-schemes-raised-us-53-billion-in-2020---world-bank-14883764,,Global carbon pricing schemes raised US$53 billion in 2020 - World Bank,20210525T151500Z,"https://cna-sg-res.cloudinary.com/image/upload/q_auto,f_auto/image/14883762/16x9/991/557/c55d6e6da8e6628df2da71dc312c8d8a/Tc/file-photo--file-photo--the-lignite--brown-coal--power-plant-complex-of-german-energy-supplier-and-utility-rwe-is-reflected-in-a-large-puddle-in-neurath--northwest-of-cologne--germany-1.jpg",channelnewsasia.com,English,United States
https://www.shanghainews.net/news/269630021/majority-of-australians-in-favour-of-banning-new-coal-mines-lowy-poll,,Majority of Australians in favour of banning new coal mines : Lowy poll,20210525T153000Z,https://cdn.bignewsnetwork.com/cvr1621953529.jpg,shanghainews.net,English,China
https://www.indiagazette.com/news/269630021/majority-of-australians-in-favour-of-banning-new-coal-mines-lowy-poll,,Majority of Australians in favour of banning new coal mines : Lowy poll,20210525T153000Z,https://cdn.bignewsnetwork.com/cvr1621953529.jpg,indiagazette.com,English,India
https://www.batonrougepost.com/news/269630021/majority-of-australians-in-favour-of-banning-new-coal-mines-lowy-poll,,Majority of Australians in favour of banning new coal mines : Lowy poll,20210525T153000Z,https://cdn.bignewsnetwork.com/cvr1621953529.jpg,batonrougepost.com,English,United States
https://www.kenyastar.com/news/269630021/majority-of-australians-in-favour-of-banning-new-coal-mines-lowy-poll,,Majority of Australians in favour of banning new coal mines : Lowy poll,20210525T154500Z,https://cdn.bignewsnetwork.com/cvr1621953529.jpg,kenyastar.com,English,Kenya
https://www.hellenicshippingnews.com/commodity-tracker-5-charts-to-watch-this-week-30/,https://www.hellenicshippingnews.com/commodity-tracker-5-charts-to-watch-this-week-30/amp/,Commodity Tracker : 5 charts to watch this week | Hellenic Shipping News Worldwide,20210525T160000Z,,hellenicshippingnews.com,English,China
https://ksusentinel.com/2021/05/24/carbon-offset-carbon-credit-trading-service-market-with-applications-redd-carbon-offsetrenewable-energy/,,"Carbon Offset / Carbon Credit Trading Service Market with Applications REDD Carbon Offset , Renewable Energy – KSU",20210525T160000Z,,ksusentinel.com,English,United States
https://www.heraldglobe.com/news/269630021/majority-of-australians-in-favour-of-banning-new-coal-mines-lowy-poll,,Majority of Australians in favour of banning new coal mines : Lowy poll,20210525T161500Z,https://cdn.bignewsnetwork.com/cvr1621953529.jpg,heraldglobe.com,English,United States
https://emerging-europe.com/voices/climate-change-as-an-investment-opportunity/,,Climate change as an investment opportunity,20210525T163000Z,https://emerging-europe.com/wp-content/uploads/2021/05/bigstock-ecology-energy-solution-power-216112351.jpg,emerging-europe.com,English,Romania
https://www.middleeaststar.com/news/269630021/majority-of-australians-in-favour-of-banning-new-coal-mines-lowy-poll,,Majority of Australians in favour of banning new coal mines : Lowy poll,20210525T170000Z,https://cdn.bignewsnetwork.com/cvr1621953529.jpg,middleeaststar.com,English,Syria
https://www.austinglobe.com/news/269630021/majority-of-australians-in-favour-of-banning-new-coal-mines-lowy-poll,,Majority of Australians in favour of banning new coal mines : Lowy poll,20210525T170000Z,https://cdn.bignewsnetwork.com/cvr1621953529.jpg,austinglobe.com,English,United States
https://www.reuters.com/business/energy/global-climate-schemes-putting-price-carbon-emissions-2021-05-25/,,Factbox : Global climate schemes putting a price on carbon emissions,20210525T170000Z,https://www.reuters.com/resizer/9LgZa1mdmg8PDnn5bo0OzWHh0QQ=/1200x628/smart/cloudfront-us-east-2.images.arcpublishing.com/reuters/JU2KFLGA3BJC5E2ZDDGPOGFWDM.jpg,reuters.com,English,United States
https://stateofreform.com/5-things/2021/05/5-things-washington-lindeblad-to-retire-inslees-vetoes-masking-requirements/,,"5 Things Washington : Lindeblad to retire , Inslee vetoes , Masking requirements - State of Reform",20210525T170000Z,https://stateofreform.com/wp-content/uploads/2016/06/5-Things-WA.png,stateofreform.com,English,United States
https://www.massachusettssun.com/news/269630021/majority-of-australians-in-favour-of-banning-new-coal-mines-lowy-poll,,Majority of Australians in favour of banning new coal mines : Lowy poll,20210525T171500Z,https://cdn.bignewsnetwork.com/cvr1621953529.jpg,massachusettssun.com,English,United States
https://www.project-syndicate.org/commentary/south-korea-net-zero-strategy-by-hong-nam-ki-2021-05,,Mapping the Path to Carbon Neutrality by Hong Nam - ki,20210525T171500Z,https://webapi.project-syndicate.org/library/583843d7b58358d571bbae6bbea85485.2-1-super.1.jpg,project-syndicate.org,English,China
https://www.hongkongherald.com/news/269630021/majority-of-australians-in-favour-of-banning-new-coal-mines-lowy-poll,,Majority of Australians in favour of banning new coal mines : Lowy poll,20210525T171500Z,https://cdn.bignewsnetwork.com/cvr1621953529.jpg,hongkongherald.com,English,China
https://theconversation.com/new-eu-carbon-tax-wrong-rate-could-wreck-net-zero-goals-but-right-rate-can-help-worlds-poor-161463,https://theconversation.com/amp/new-eu-carbon-tax-wrong-rate-could-wreck-net-zero-goals-but-right-rate-can-help-worlds-poor-161463,New EU carbon tax : wrong rate could wreck net - zero goals – but right rate can help world poor,20210525T171500Z,https://images.theconversation.com/files/402581/original/file-20210525-21-1cvu5ka.jpg?ixlib=rb-1.1.0&rect=0%2C868%2C5332%2C2662&q=45&auto=format&fit=crop,theconversation.com,English,Australia
https://www.britainnews.net/news/269630021/majority-of-australians-in-favour-of-banning-new-coal-mines-lowy-poll,,Majority of Australians in favour of banning new coal mines : Lowy poll,20210525T173000Z,https://cdn.bignewsnetwork.com/cvr1621953529.jpg,britainnews.net,English,United Kingdom
https://www.australianherald.com/news/269630021/majority-of-australians-in-favour-of-banning-new-coal-mines-lowy-poll,,Majority of Australians in favour of banning new coal mines : Lowy poll,20210525T173000Z,https://cdn.bignewsnetwork.com/cvr1621953529.jpg,australianherald.com,English,Australia
https://www.rechargenews.com/energy-transition/eu-to-unveil-new-renewables-targets-tax-rules-and-carbon-border-adjustment-this-summer/2-1-1015377,,"EU to unveil new renewables targets , tax rules and carbon border adjustment this summer",20210525T174500Z,https://images-global.nhst.tech/image/VkYrckordysxZ29BRWJiNXVZdWJRc054aGlyNG5nVE1FL1BpZk1MQldsST0=/nhst/binary/af8c368a9c2339f4abd64e48008346fe?image_version=720,rechargenews.com,English,United States
https://www.australiannews.net/news/269630021/majority-of-australians-in-favour-of-banning-new-coal-mines-lowy-poll,,Majority of Australians in favour of banning new coal mines : Lowy poll,20210525T180000Z,https://cdn.bignewsnetwork.com/cvr1621953529.jpg,australiannews.net,English,Australia
https://www.theguardian.com/environment/2021/may/26/seven-in-10-australians-want-government-to-take-more-action-on-climate-survey-finds,https://amp.theguardian.com/environment/2021/may/26/seven-in-10-australians-want-government-to-take-more-action-on-climate-survey-finds,"Seven in 10 Australians want government to take more action on climate , survey finds",20210525T181500Z,https://i.guim.co.uk/img/media/333d91c04b74375cd02d71687cd87894bdedc4f2/0_289_5941_3566/master/5941.jpg?&quality=85&auto=format&fit=crop&overlay-align=bottom%2Cleft&overlay-width=100p&overlay-base64=L2ltZy9zdGF0aWMvb3ZlcmxheXMvdGctZGVmYXVsdC5wbmc&enable=upscale&s=6d5707cb8091d762a7d8126c11db663c,theguardian.com,English,United Kingdom
https://www.russiaherald.com/news/269630021/majority-of-australians-in-favour-of-banning-new-coal-mines-lowy-poll,,Majority of Australians in favour of banning new coal mines : Lowy poll,20210525T183000Z,https://cdn.bignewsnetwork.com/cvr1621953529.jpg,russiaherald.com,English,Russia
https://www.sydneysun.com/news/269630021/majority-of-australians-in-favour-of-banning-new-coal-mines-lowy-poll,,Majority of Australians in favour of banning new coal mines : Lowy poll,20210525T184500Z,https://cdn.bignewsnetwork.com/cvr1621953529.jpg,sydneysun.com,English,Australia
https://www.reuters.com/business/energy/eu-leaders-shelve-request-design-climate-change-targets-2021-05-25/,,EU leaders shelve request on design of climate change targets,20210525T191500Z,,reuters.com,English,United States
https://www.chinanationalnews.com/news/269630021/majority-of-australians-in-favour-of-banning-new-coal-mines-lowy-poll,,Majority of Australians in favour of banning new coal mines : Lowy poll,20210525T191500Z,https://cdn.bignewsnetwork.com/cvr1621953529.jpg,chinanationalnews.com,English,China
https://www.theuknews.com/news/269630021/majority-of-australians-in-favour-of-banning-new-coal-mines-lowy-poll,,Majority of Australians in favour of banning new coal mines : Lowy poll,20210525T193000Z,https://cdn.bignewsnetwork.com/cvr1621953529.jpg,theuknews.com,English,United Kingdom
https://www.beijingbulletin.com/news/269630021/majority-of-australians-in-favour-of-banning-new-coal-mines-lowy-poll,,Majority of Australians in favour of banning new coal mines : Lowy poll,20210525T194500Z,https://cdn.bignewsnetwork.com/cvr1621953529.jpg,beijingbulletin.com,English,China
https://www.shanghaisun.com/news/269630021/majority-of-australians-in-favour-of-banning-new-coal-mines-lowy-poll,,Majority of Australians in favour of banning new coal mines : Lowy poll,20210525T201500Z,https://cdn.bignewsnetwork.com/cvr1621953529.jpg,shanghaisun.com,English,China
https://www.kitsapsun.com/story/news/2021/05/25/protests-wake-floyds-death-paved-way-new-laws-wa/7435230002/,https://amp.kitsapsun.com/amp/7435230002,Protests in the wake of Floyd death paved the way for new laws in WA,20210525T201500Z,"https://www.gannett-cdn.com/presto/2021/05/25/PBKS/2d916652-ed35-4abb-a82e-a4f52a9c7afb-de_blmpolitics_hero_teaser.jpg?crop=959,540,x0,y48&fit=bounds",kitsapsun.com,English,United States
https://www.reuters.com/article/climate-change-carbon-pricing-int/global-carbon-pricing-schemes-raised-53-billion-in-2020-world-bank-idUSKCN2D61PJ,https://mobile.reuters.com/article/amp/idUSKCN2D61PJ,Global carbon pricing schemes raised $53 billion in 2020 - World Bank,20210525T204500Z,https://static.reuters.com/resources/r/?m=02&d=20210525&t=2&i=1563338850&r=LYNXNPEH4O0UT,reuters.com,English,United States
https://energycentral.com/news/mil-evening-report-majority-australians-favour-banning-new-coal-mines-lowy-poll,,MIL - Evening Report : Majority of Australians in favour of banning new coal mines : Lowy poll,20210525T204500Z,https://energycentral.com/sites/default/files/styles/og_meta/public/ece/nodes/483510/dreamstime_s_27368801.jpg?itok=TAjZqZEV,energycentral.com,English,United States
https://www.straitstimes.com/singapore/implement-nature-based-solutions-to-achieve-climate-goals-panellists-0,,Implement nature - based solutions to achieve climate goals : Panellists,20210525T213000Z,https://www.straitstimes.com/s3/files/styles/x_large/public/articles/2021/05/26/ST_20210526_HBDIALOGUE26UT3E_6569094.jpg?itok=QWVV4s_H,straitstimes.com,English,Singapore
https://www.straitstimes.com/singapore/environment/spore-gulf-nations-can-work-together-in-climate-fight-minister,,"Spore , Gulf nations can work together in climate fight : Minister",20210525T213000Z,https://www.straitstimes.com/sites/all/themes/custom/bootdemo/images/facebook_default_pic_new.jpg,straitstimes.com,English,Singapore
https://www.macleans.ca/society/environment/sophia-mathur-canada-climate-activist/,https://www.macleans.ca/society/environment/sophia-mathur-canada-climate-activist/amp/,Sophia Mathur is one of Canada most high - profile climate activists . She also 14 . ,20210525T223000Z,https://www.macleans.ca/wp-content/uploads/2021/04/SOPHIA-MATHUR-MCBRIDE-APR30-01-1-766x431.jpg,macleans.ca,English,Canada
https://www.lowyinstitute.org/the-interpreter/paying-price-australians-want-action-climate-change,,Paying the price : Australians want action on climate change,20210525T224500Z,https://www.lowyinstitute.org/sites/default/files/GettyImages-1318613662%202.jpg,lowyinstitute.org,English,China
http://www.tribune242.com/news/2021/may/25/steps-towards-greener-future/,,Steps towards a greener future,20210525T224500Z,,tribune242.com,English,Bahamas
https://www.lowyinstitute.org/publications/climatepoll-2021,,Climate Poll 2021,20210525T230000Z,https://www.lowyinstitute.org/sites/default/files/Banner%20Climate%20Poll%202021.jpg,lowyinstitute.org,English,China
https://blogs.worldbank.org/climatechange/state-and-trends-carbon-pricing-2021,,State and Trends of Carbon Pricing 2021,20210525T231500Z,https://blogs.worldbank.org/media/69311,blogs.worldbank.org,English,United States
https://www.euractiv.com/section/climate-environment/news/eu-leaders-shelve-request-on-design-of-climate-change-targets/,,EU leaders shelve request on design of climate change targets,20210526T053000Z,https://www.euractiv.com/wp-content/uploads/sites/2/2021/05/Charles-Michel-and-Ursula-von-der-Leyen-EUCO-25-May-2021-800x450.jpg,euractiv.com,English,United Kingdom
https://www.sbs.com.au/news/a-majority-of-australians-say-reducing-carbon-emissions-should-be-the-government-s-top-energy-priority,https://amp.sbs.com.au/eds/news/article/a-majority-of-australians-say-reducing-carbon-emissions-should-be-the-government-s-top-energy-priority/1a32b0d8-9774-48a4-b62e-5d220a33fd19,A majority of Australians say reducing carbon emissions should be the government top energy priority,20210526T054500Z,https://sl.sbs.com.au/public/image/file/ee4232c2-7b03-4992-9f5e-52381c3aa221/crop/16x9,sbs.com.au,English,Australia
https://www.etribuna.com/eportale/it/2014-03-20-23-48-00/36903-world-bank-carbon-prices-now-apply-to-over-a-fifth-of-global-greenhouse-gases,/eportale/it/2014-03-20-23-48-00/36903-world-bank-carbon-prices-now-apply-to-over-a-fifth-of-global-greenhouse-gases/amp,World Bank . Carbon Prices now Apply to Over a Fifth of Global Greenhouse Gases,20210526T061500Z,,etribuna.com,English,Italy
https://www.yakimaherald.com/news/state_news/inslee-pushes-covid-19-vaccinations-defends-climate-change-vetoes-in-northwest-passages-interview/article_c00a2e27-a56b-5f3b-b1fc-7a93e8dc7e2d.html,https://www.yakimaherald.com/news/state_news/inslee-pushes-covid-19-vaccinations-defends-climate-change-vetoes-in-northwest-passages-interview/article_c00a2e27-a56b-5f3b-b1fc-7a93e8dc7e2d.amp.html,"Inslee pushes COVID - 19 vaccinations , defends climate change vetoes in Northwest Passages interview",20210526T074500Z,https://bloximages.newyork1.vip.townnews.com/yakimaherald.com/content/tncms/assets/v3/editorial/e/91/e912deea-be03-5187-87e5-5b328d280c7c/60adb6e3e6d39.image.jpg,yakimaherald.com,English,United States
https://www.theasset.com/article-esg/43733/mapping-south-korea-s-path-to-carbon-neutrality,,Mapping South Korea path to carbon neutrality,20210526T081500Z,https://www.theasset.com/storage/Image/2021/May/1622000129skws2c.jpg,theasset.com,English,China
https://euobserver.com/climate/151944,,EU leaders clash over how to get to climate - neutrality,20210526T081500Z,https://s3.eu-central-1.amazonaws.com/euobs-media/5923a3bf7ad1f0c7832405e888f6c1ee-480x.jpg,euobserver.com,English,United Kingdom
http://www.ecns.cn/news/cns-wire/2021-05-26/detail-ihamrehu6722577.shtml,,China plans to launch national carbon market by end of June,20210526T101500Z,,ecns.cn,English,China
https://www.thenationalnews.com/world/europe/eu-fails-to-strike-deal-on-how-to-cut-carbon-emissions-1.1229788,https://amp.thenationalnews.com/world/europe/eu-fails-to-strike-deal-on-how-to-cut-carbon-emissions-1.1229788,EU fails to strike deal on how to cut carbon emissions,20210526T114500Z,https://www.thenationalnews.com/image/policy:1.1229787:1621961853/371999876_0-5.jpg?f=16x9&q=0.6&$p$f$q$w=ed89714,thenationalnews.com,English,
https://www.tradewindsnews.com/esg/shipping-forges-odd-alliances-to-cope-with-carbon-trading/2-1-1014228,,Shipping forges odd alliances to cope with carbon trading,20210526T114500Z,https://images-global.nhst.tech/image/ODA5Mzc2TlFxRFdDVld3UHF4LzBOWXAwUmtjelM0QXhFK285ZTM5Z3U0TT0=/nhst/binary/58e36af5bdd9612322a7f8226edc4a63?image_version=720,tradewindsnews.com,English,China
https://www.euractiv.com/section/energy-environment/news/the-green-brief-europes-long-road-out-of-coal/,,The Green Brief : Europe long road out of coal – EURACTIV . com,20210526T121500Z,https://www.euractiv.com/wp-content/uploads/sites/2/2021/04/Subscribe-to-EURACTIVs-Green-Brief-where-youll-find-the-latest-roundup-of-news-covering-energy-environment-from-across-Europe.-800x450.png,euractiv.com,English,United Kingdom
https://www.theasset.com/article-esg/43733/theasset.com,,Mapping South Korea path to carbon neutrality,20210526T124500Z,https://www.theasset.com/storage/Image/2021/May/1622000129skws2c.jpg,theasset.com,English,China
https://www.khl.com/news/fiec-spotlight-on-carbon/8012539.article,,FIEC : Spotlight on carbon,20210526T134500Z,https://www.khl.com/Images/1260x628/20210421-093241-Bliska-Wola-skyline.jpg,khl.com,English,United Kingdom
http://english.sina.com/world/2021-05-26/detail-ikmyaawc7708872.shtml,,EU leaders shelve call to set national emissions cuts - World News,20210526T150000Z,,english.sina.com,English,China
https://www.current-news.co.uk/news/ember-drax-beccs-plant-could-cost-31-7bn-in-public-subsidies,,Ember : Drax BECCS plant could cost £31 . 7bn in public subsidies,20210526T153000Z,https://www.current-news.co.uk/static/images/_1200x1200_crop_center-center/Drax-Biomass-Train.jpg,current-news.co.uk,English,
https://www.insidenova.com/opinion/letters_to_editor/letter-levine-is-right-pick-for-lieutenant-governor/article_5026e75c-be2b-11eb-acbd-b360f62d65e9.html,,Letter : Levine is right pick for lieutenant governor,20210526T163000Z,https://bloximages.chicago2.vip.townnews.com/insidenova.com/content/tncms/custom/image/d67912d4-211a-11e6-ad8b-8f0a9483ff88.jpg,insidenova.com,English,United States
https://sacramento.newsreview.com/2021/05/26/california-oil-industry-spends-millions-fighting-climate-bills/,,California oil industry spends millions fighting climate bills • Sacramento News & Review,20210526T163000Z,https://sacramento.newsreview.com/wp-content/uploads/2021/05/83.jpg,sacramento.newsreview.com,English,United States
https://www.cbc.ca/news/canada/nova-scotia/climate-change-covid-19-legislation-iain-rankin-environment-1.6040716,https://www.cbc.ca/amp/1.6040716,Delayed public consultation on climate change regulations soon to begin,20210526T163000Z,https://i.cbc.ca/1.4563395.1520292639!/cpImage/httpImage/image.jpg_gen/derivatives/16x9_620/wea-ns-storm-surges-20180305.jpg,cbc.ca,English,Canada
https://www.pbs.org/newshour/science/agriculture-emits-a-forgotten-greenhouse-gas-scientists-are-looking-for-solutions-in-the-soil,https://www.pbs.org/newshour/amp/science/agriculture-emits-a-forgotten-greenhouse-gas-scientists-are-looking-for-solutions-in-the-soil,Agriculture emits a  forgotten greenhouse gas . Scientists are looking for solutions in the soil,20210526T163000Z,https://d3i6fh83elv35t.cloudfront.net/static/2019/12/corn-Iowa_2018-01-28T223948Z_707707155_RC18AD69AC80_RTRMADP_3_TRUMP-EFFECT-NAFTA-FARMERS-1024x682.jpg,pbs.org,English,United States
https://www.energylivenews.com/2021/05/26/uk-emissions-trading-system-auction-sees-significant-premium-to-eu-ets-what-does-that-mean-for-energy-prices/,,UK Emissions Trading System Auction Sees Significant Premium to EU ETS – What does that mean for energy prices ? ,20210526T170000Z,https://www.energylivenews.com/wp-content/uploads/2020/12/eln-post-commodity.jpg,energylivenews.com,English,United Kingdom
https://energyfuse.org/rapid-renewable-energy-growth-is-the-new-normal/,,The Fuse | Rapid Renewable Energy Growth is the  New Normal  ,20210526T171500Z,https://energyfuse.org/wp-content/uploads/2021/03/pexels-pixabay-532192-e1615579035503.jpg,energyfuse.org,English,United States
https://www.stuff.co.nz/environment/climate-news/125236933/will-the-government-back-the-proposed-ban-on-gas-hookups,,Will the Government back the proposed ban on gas hook - ups ? ,20210526T173000Z,https://resources.stuff.co.nz/content/dam/images/4/y/s/t/q/o/image.related.StuffLandscapeSixteenByNine.1420x800.22k9fp.png/1622042022905.jpg,stuff.co.nz,English,New Zealand
https://www.ashlandsource.com/business/june-16-conservation-chat-to-focus-on-cover-crops-carbon-credits/article_08e280e0-be44-11eb-888a-43719f57fb7b.html,,June 16 conservation chat to focus on cover crops & carbon credits,20210526T180000Z,https://bloximages.newyork1.vip.townnews.com/ashlandsource.com/content/tncms/assets/v3/editorial/8/fb/8fb394fc-4eae-11eb-a3ed-2b7b872a379b/5ff34a2828536.image.png,ashlandsource.com,English,
https://www.union-bulletin.com/news/northwest/inslee-pushes-covid-19-vaccinations-defends-climate-change-vetoes-in-northwest-passages-interview/article_4e296ba8-d25a-5061-9ca5-bdc73f25a328.html,,"Inslee pushes COVID - 19 vaccinations , defends climate change vetoes in Northwest Passages interview",20210526T193000Z,https://bloximages.newyork1.vip.townnews.com/union-bulletin.com/content/tncms/assets/v3/editorial/9/f2/9f2b1a42-bb35-11eb-9c8a-937c857a2b62/60a95e68be47b.image.jpg,union-bulletin.com,English,United States
https://pulsenews.co.kr/view.php?sc=30800028&year=2021&no=486346,,Carbon credit prices up 26 % on year in Seoul upon joining market makers,20210526T210000Z,https://file.mk.co.kr/meet/neds/2021/05/image_readtop_2021_486346_16214866704651893.jpg,pulsenews.co.kr,English,South Korea
https://www.rushlimbaugh.com/daily/2021/05/26/biden-reignites-obamas-assault-on-the-coal-industry/,https://www.rushlimbaugh.com/daily/2021/05/26/biden-reignites-obamas-assault-on-the-coal-industry/amp/,Biden Reignites Obama Assault on the Coal Industry - The Rush Limbaugh Show,20210526T210000Z,https://www.rushlimbaugh.com/wp-content/uploads/2021/05/APP-20201-052621-coal-miners.jpg,rushlimbaugh.com,English,United States
https://www.reuters.com/business/sustainable-business/britains-former-trade-secretary-calls-carbon-border-tax-2021-05-26/,,Britain former trade secretary calls for carbon border tax,20210526T221500Z,https://www.reuters.com/resizer/6rjrk0DmIegMxNt3Kqq5v9mbyFY=/1200x628/smart/filters:quality(80)/cloudfront-us-east-2.images.arcpublishing.com/reuters/IVKP4AQMRJPPDEZ4YORR4XQW6Q.jpg,reuters.com,English,United States
http://www.jordantimes.com/opinion/hong-nam-ki/mapping-path-carbon-neutrality,,Mapping the path to carbon neutrality,20210526T231500Z,,jordantimes.com,English,Jordan
https://www.marketscreener.com/news/latest/Britain-s-former-trade-secretary-calls-for-carbon-border-tax--33360890/,https://www.marketscreener.com/amp/news/latest/Britain-s-former-trade-secretary-calls-for-carbon-border-tax--33360890/,Britain former trade secretary calls for carbon border tax,20210526T234500Z,https://img.zonebourse.com/reuters/2021-05-26T211239Z_1_LYNXNPEH4P1JU_RTROPTP_3_BRITAIN-CARBON-TAX.JPG,marketscreener.com,English,
https://www.scoop.co.nz/stories/PA2105/S00239/costing-options-missing-from-climate-change-commission.htm,https://m.scoop.co.nz/stories/PA2105/S00239/costing-options-missing-from-climate-change-commission.htm,Costing & Options Missing From Climate Change Commission,20210527T004500Z,http://img.scoop.co.nz/stories/images/1908/scoop_image.jpg,scoop.co.nz,English,New Zealand
https://www.lesprom.com/en/news/Koehler_Group_converts_power_plant_in_Oberkirch_Germany_to_biomass_and_lowers_CO2_footprint_98949/,,"Koehler Group converts power plant in Oberkirch , Germany , to biomass and lowers CO2 footprint",20210527T011500Z,https://www.lesprom.com/assets/files/news_fs/dyy2zhfEUFkiC36sxgm4.jpg,lesprom.com,English,Sweden
https://www.jdsupra.com/legalnews/uk-s-post-brexit-emissions-trading-4721398/,,UK Post Brexit Emissions Trading Scheme Goes Live | Akin Gump Strauss Hauer & Feld LLP,20210527T013000Z,https://jdsupra-static.s3.amazonaws.com/profile-images/og.15281_4342.jpg,jdsupra.com,English,United States
https://www.reuters.com/article/us-britain-carbon-tax/britains-former-trade-secretary-calls-for-carbon-border-tax-idUSKCN2D72SW,https://mobile.reuters.com/article/amp/idUSKCN2D72SW,Britain former trade secretary calls for carbon border tax,20210527T014500Z,https://static.reuters.com/resources/r/?m=02&d=20210526&t=2&i=1563530426&r=LYNXNPEH4P1JG,reuters.com,English,United States
https://wsau.com/2021/05/26/britains-former-trade-secretary-calls-for-carbon-border-tax/,,Britain former trade secretary calls for carbon border tax | WSAU News / Talk 550 AM · 99 . 9 FM,20210527T023000Z,https://storage.googleapis.com/media.mwcradio.com/mimesis/2021-05/26/2021-05-26T210826Z_1_LYNXNPEH4P1JG_RTROPTP_3_BRITAIN-CARBON-TAX.JPG,wsau.com,English,United States
http://www.ejinsight.com/eji/article/id/2809195/20210527-South%20Korea:-Mapping-the-path-to-carbon-neutrality,,South Korea : Mapping the path to carbon neutrality EJINSIGHT,20210527T031500Z,http://static.hkej.com/eji/images/2021/05/27/2809195_dc0c277dee588b4e1158ff0ff09401b7.jpg,ejinsight.com,English,China
http://jordantimes.com/opinion/hong-nam-ki/mapping-path-carbon-neutrality,,Mapping the path to carbon neutrality,20210527T033000Z,,jordantimes.com,English,Jordan
https://www.miragenews.com/diary-note-june-24-25-australasian-emissions-567307/,,Diary note : June 24 - 25 Australasian emissions reduction summit,20210527T071500Z,https://cdn1.miragenews.com/wp-content/uploads/2017/11/news-developments-e1509835949106.jpg,miragenews.com,English,United States
https://www.euractiv.com/section/energy-environment/news/britains-former-trade-secretary-calls-for-carbon-border-tax/,,Britain former trade secretary calls for carbon border tax,20210527T073000Z,https://www.euractiv.com/wp-content/uploads/sites/2/2021/05/Liam-Fox-800x450.jpg,euractiv.com,English,United Kingdom
https://www.msn.com/en-us/news/us/joe-biden-wants-to-spend-80b-on-rail-projects-what-does-that-mean-for-california/ar-AAKqUja,,Joe Biden wants to spend $80B on rail projects . What does that mean for California ? ,20210527T083000Z,,msn.com,English,United States
https://www.msn.com/en-us/news/politics/joe-biden-wants-to-spend-80b-on-rail-projects-what-does-that-mean-for-california/ar-AAKqUja,,Joe Biden wants to spend $80B on rail projects . What does that mean for California ? ,20210527T083000Z,,msn.com,English,United States
https://www.northwestgeorgianews.com/tribune/lifestyles/joe-biden-wants-to-spend-80b-on-rail-projects-what-does-that-mean-for-california/article_663f1f80-4438-5eff-967a-21cac148feda.html,,Joe Biden wants to spend $80B on rail projects . What does that mean for California ? ,20210527T094500Z,https://bloximages.newyork1.vip.townnews.com/northwestgeorgianews.com/content/tncms/assets/v3/editorial/a/01/a015ed81-f133-52a3-9214-86af959b0de7/60af63b2d0ceb.image.jpg,northwestgeorgianews.com,English,United States
https://www.mdjonline.com/tribune/lifestyles/joe-biden-wants-to-spend-80b-on-rail-projects-what-does-that-mean-for-california/article_add89d9b-dcf9-5130-97eb-419597a4fab9.html,,Joe Biden wants to spend $80B on rail projects . What does that mean for California ? ,20210527T094500Z,https://bloximages.newyork1.vip.townnews.com/mdjonline.com/content/tncms/assets/v3/editorial/a/d9/ad917b81-9019-5dd1-bbc4-d15b1785c512/60af607bb0ae9.image.jpg,mdjonline.com,English,United States
https://www.gazettextra.com/news/nation_world/joe-biden-wants-to-spend-80b-on-rail-projects-what-does-that-mean-for-california/article_195a2393-e0c1-5025-b086-dd7aa613f37d.html,,Joe Biden wants to spend $80B on rail projects . What does that mean for California ? ,20210527T103000Z,https://bloximages.newyork1.vip.townnews.com/gazettextra.com/content/tncms/custom/image/22e609ae-afc7-11e9-8d80-639cb276d44a.png,gazettextra.com,English,United States
https://www.bioenergy-news.com/news/koehler-group-to-convert-oberkirch-coal-fired-plant-to-biomass/,,Koehler Group to convert Oberkirch coal - fired plant to biomass | Bioenergy Insight Magazine,20210527T110000Z,https://www.bioenergy-news.com/wp-content/uploads/2021/05/Overkirch-Germany-Koehler-768x512.jpg,bioenergy-news.com,English,United Kingdom
https://www.tradewindsnews.com/insight/everything-you-always-wanted-to-know-about-carbon-trading/2-1-1014236,,Everything you always wanted to know about carbon trading,20210527T114500Z,https://images-global.nhst.tech/image/RGRIWTVwVlA5TzBvTEN5Tnl6UzJud1FKWmNqQ3M1OENBcWsrMTE0bHZSRT0=/nhst/binary/3124d567cce110297d19e0040f1ba2d2?image_version=720,tradewindsnews.com,English,China
https://www.centralbanking.com/central-banks/economics/7835211/hitting-carbon-neutral-targets-with-global-partnerships,,Hitting carbon - neutral targets with global partnerships,20210527T114500Z,https://www.centralbanking.com/sites/centralbanking/files/styles/metatag_image/public/2021-05/GettyImages-180312745-WEB.jpg?itok=4k0fWWks,centralbanking.com,English,China
https://www.rechargenews.com/energy-transition/global-green-hydrogen-sector-needs-urgent-rollout-of-supportive-government-policies-irena/2-1-1016391,,Global green hydrogen sector needs  urgent  rollout of supportive government policies : Irena,20210527T124500Z,https://images-global.nhst.tech/image/SXdoVUJTeFBUNk5vK0FJWkd2VmhIczMxMlkvYVhOd29NR1ZDNTZ1SmlLOD0=/nhst/binary/10ca95fd58c5822a8d37c3e263284f28?image_version=720,rechargenews.com,English,United States
https://www.reuters.com/business/energy/hellenic-petroleum-first-quarter-profit-down-53-2021-05-27/,,Hellenic Petroleum first quarter profit down 53 % ,20210527T151500Z,,reuters.com,English,United States
https://www.investegate.co.uk/hellenic-petroleum--hlpd-/rns/1st-quarter-results/202105271547420907A/,,Investegate |Hellenic Petroleum Announcements | Hellenic Petroleum : 1st Quarter Results,20210527T151500Z,,investegate.co.uk,English,United Kingdom
https://www.thenationalnews.com/business/energy/britain-s-former-trade-minister-liam-fox-calls-for-carbon-border-tax-1.1231097,https://amp.thenationalnews.com/business/energy/britain-s-former-trade-minister-liam-fox-calls-for-carbon-border-tax-1.1231097,Britain former trade minister Liam Fox calls for carbon border tax,20210527T170000Z,https://www.thenationalnews.com/image/policy:1.1231096:1622125761/image/2021-05-26T115121Z_1061694429_RC2NNN9IV3TO_RTRMADP_3_BRITAIN-CARBON-TAX.JPG?f=16x9&q=0.6&$p$f$q$w=2bc647a,thenationalnews.com,English,
https://www.utilitydive.com/news/record-wildfire-threats-mean-california-must-pick-when-and-where-to-fight/599405/,,"Record wildfire threats mean California must pick when and where to fight , utilities , analysts , CalFire agree",20210527T171500Z,https://www.utilitydive.com/user_media/cache/f4/38/f438063158aa962c60a66eaf1b9a1ebb.jpg,utilitydive.com,English,United States
https://www.telegraph.co.uk/environment/2021/05/27/green-british-industries-could-protected-polluting-imports-border/,https://www.telegraph.co.uk/environment/2021/05/27/green-british-industries-could-protected-polluting-imports-border/amp/,British industries could be protected from polluting imports by border carbon tax,20210527T183000Z,,telegraph.co.uk,English,United Kingdom
https://www.scoop.co.nz/stories/BU2105/S00484/road-freight-between-a-rock-and-a-hard-place-on-decarbonisation.htm,https://m.scoop.co.nz/stories/BU2105/S00484/road-freight-between-a-rock-and-a-hard-place-on-decarbonisation.htm,Road Freight : Between A Rock And A Hard Place On Decarbonisation,20210527T184500Z,http://img.scoop.co.nz/stories/images/1908/scoop_image.jpg,scoop.co.nz,English,New Zealand
https://www.reuters.com/article/us-hell-petrol-results-idUSKCN2D81ZD,https://mobile.reuters.com/article/amp/idUSKCN2D81ZD,Hellenic Petroleum first quarter profit down 53 % ,20210527T191500Z,https://static.reuters.com/resources/r/?m=02&d=20210527&t=2&i=1563629700&r=LYNXNPEH4Q0ZK,reuters.com,English,United States
https://www.berkshireeagle.com/business/bill-schmick-the-retired-investor-the-carbon-market-comes-of-age/article_f533e5d4-bf1a-11eb-ac50-13fa70c0e354.html,,Bill Schmick | The Retired Investor : The carbon market comes of age,20210527T194500Z,https://bloximages.newyork1.vip.townnews.com/berkshireeagle.com/content/tncms/assets/v3/editorial/8/e4/8e42003e-bf1c-11eb-b5e4-d7b810483e0e/60afea4ee2df8.image.jpg?crop=1761%2C991%2C0%2C92,berkshireeagle.com,English,United States
https://www.edie.net/news/8/Domestic-heat-batteries-and--champagne--carbon-capture--The-best-green-innovations-of-May-2021/,https://www.edie.net/amp-news/8/Domestic-heat-batteries-and--champagne--carbon-capture--The-best-green-innovations-of-May-2021/,Domestic heat batteries and  champagne  carbon capture : The best green innovations of May 2021,20210527T200000Z,https://e2k9ube.cloudimg.io/s/cdn/x/https://edienet.s3.amazonaws.com/news/images/42154.jpg,edie.net,English,United Kingdom
https://www.etftrends.com/china-insights-channel/tesla-musk-have-refocused-the-world-from-crypto-to-carbon/,https://www.etftrends.com/china-insights-channel/tesla-musk-have-refocused-the-world-from-crypto-to-carbon/amp/,Tesla & Musk Have Refocused The World From Crypto to Carbon,20210527T201500Z,https://www.etftrends.com/wp-content/uploads/2021/05/Tesla-Musk-Have-Refocused-The-World-From-Crypto-to-Carbon-2.jpg,etftrends.com,English,China
http://business.scoop.co.nz/2021/05/28/road-freight-between-a-rock-and-a-hard-place-on-decarbonisation/,,Business Scoop » Road Freight : Between A Rock And A Hard Place On Decarbonisation,20210527T214500Z,,business.scoop.co.nz,English,New Zealand
http://www.voxy.co.nz/business/5/387829,,Road freight : Between a rock and a hard place on decarbonisation,20210527T224500Z,,voxy.co.nz,English,New Zealand
https://www.hellenicshippingnews.com/klaipedos-nafta-larvik-shipping-and-mitsui-o-s-k-lines-will-carry-out-a-feasibility-study-for-liquefied-co2-and-hydrogen-project-in-klaipeda-lithuania/,https://www.hellenicshippingnews.com/klaipedos-nafta-larvik-shipping-and-mitsui-o-s-k-lines-will-carry-out-a-feasibility-study-for-liquefied-co2-and-hydrogen-project-in-klaipeda-lithuania/amp/,"Klaipedos nafta , Larvik Shipping , and Mitsui O . S . K . Lines will carry out a feasibility study for liquefied CO2 and hydrogen project in Klaipeda , Lithuania",20210527T230000Z,,hellenicshippingnews.com,English,China
https://www.iberkshires.com/blog/4180/TheRetiredInvestorCarbonMarketComesofAge.html,,The Retired Investor : Carbon Market Comes of Age,20210527T231500Z,http://www.iberkshires.com/images/fb_default_im2.jpg,iberkshires.com,English,United States
https://www.rnz.co.nz/news/business/443548/carbon-targets-hurdle-one-third-of-small-road-freight-operators-tipped-to-disappear,https://amp.rnz.co.nz/article/f5a9a27a-7fcd-4d0c-be73-ba2e4eddc453,Carbon targets hurdle : one - third of small road freight operators tipped to disappear,20210527T233000Z,https://www.rnz.co.nz/assets/news/264672/eight_col_truck_exhaust.jpg,rnz.co.nz,English,
http://www.msn.com/en-nz/news/national/carbon-targets-hurdle-one-third-of-small-road-freight-operators-tipped-to-disappear/ar-AAKsjjR,,Carbon targets hurdle : one - third of small road freight operators tipped to disappear,20210528T000000Z,,msn.com,English,United States
http://blogs.edf.org/climate411/2021/05/27/western-climate-initiative-recovering-from-covid-19-and-the-new-climate-kid-in-town/,,"Western Climate Initiative recovering from COVID - 19 , and the new climate kid in town",20210528T011500Z,,blogs.edf.org,English,United States
https://www.stuff.co.nz/environment/climate-news/125279248/when-will-the-government-deliver-on-climate,,When will the Government deliver on climate ? ,20210528T020000Z,https://resources.stuff.co.nz/content/dam/images/4/y/r/w/f/5/image.related.StuffLandscapeSixteenByNine.1420x800.22l634.png/1622166272375.jpg,stuff.co.nz,English,New Zealand
https://www.scoop.co.nz/stories/AK2105/S00512/nationwide-movement-builds-against-fonterras-perfect-storm-of-pollution.htm,https://m.scoop.co.nz/stories/AK2105/S00512/nationwide-movement-builds-against-fonterras-perfect-storm-of-pollution.htm,Nationwide Movement Builds Against Fonterra  perfect Storm  Of Pollution,20210528T021500Z,http://img.scoop.co.nz/stories/images/1908/scoop_image.jpg,scoop.co.nz,English,New Zealand
http://business.scoop.co.nz/2021/05/28/nationwide-movement-builds-against-fonterras-perfect-storm-of-pollution/,,Business Scoop » Nationwide Movement Builds Against Fonterra  perfect Storm  Of Pollution,20210528T024500Z,,business.scoop.co.nz,English,New Zealand
http://auckland.scoop.co.nz/2021/05/nationwide-movement-builds-against-fonterras-perfect-storm-of-pollution/,,auckland . scoop . co . nz » Nationwide Movement Builds Against Fonterra  perfect Storm  Of Pollution,20210528T031500Z,,auckland.scoop.co.nz,English,New Zealand
http://wellington.scoop.co.nz/?p=136549,,Wellington . scoop . co . nz »  Perfect storm of pollution ; protests outside Fonterra offices,20210528T034500Z,,wellington.scoop.co.nz,English,New Zealand
https://ca.finance.yahoo.com/news/big-tech-drawn-singapore-carbon-013148941.html,https://ca.finance.yahoo.com/amphtml/news/big-tech-drawn-singapore-carbon-013148941.html,Big Tech Drawn to New Singapore Carbon Offset Trading Market,20210528T034500Z,https://s.yimg.com/uu/api/res/1.2/LXUpYrQhfAizLhS9ZwUY8A--~B/aD0xMzM0O3c9MjAwMDthcHBpZD15dGFjaHlvbg--/https://media.zenfs.com/en/bloomberg_markets_842/f4c86ff178193f11fd597f5da75b8d8e,ca.finance.yahoo.com,English,United States
https://www.solarquotes.com.au/blog/australia-poll-climate-mb2014/,https://www.solarquotes.com.au/blog/australia-poll-climate-mb2014/amp/,"Australians Oppose New Coal , But Many Fall For Gas Spin",20210528T044500Z,https://www.solarquotes.com.au/blog/wp-content/uploads/2021/05/climate-poll-australia.jpg,solarquotes.com.au,English,Australia
http://community.scoop.co.nz/2021/05/nationwide-movement-builds-against-fonterras-perfect-storm-of-pollution/,,Community Scoop » Nationwide Movement Builds Against Fonterra  perfect Storm  Of Pollution,20210528T044500Z,,community.scoop.co.nz,English,New Zealand
https://reneweconomy.com.au/indonesia-bans-new-coal-plants-and-pivots-to-renewables-and-carbon-markets/,https://reneweconomy.com.au/indonesia-bans-new-coal-plants-and-pivots-to-renewables-and-carbon-markets/amp/,Indonesia bans new coal plants and pivots to renewables and carbon markets,20210528T050000Z,https://reneweconomy.com.au/wp-content/uploads/2020/10/coal.jpg,reneweconomy.com.au,English,Australia
https://www.thestar.com.my/tech/tech-news/2021/05/28/big-tech-drawn-to-new-singapore-carbon-offset-trading-market,,Big Tech drawn to new Singapore carbon offset trading market,20210528T053000Z,https://apicms.thestar.com.my/uploads/images/2021/05/28/1163862.jpg,thestar.com.my,English,Malaysia
https://www.bundesregierung.de/breg-en/news/europaeischer-rat-1917754,,EU beschließt Sanktionen gegen Belarus,20210528T063000Z,https://www.bundesregierung.de/resource/image/1917758/16x9/500/281/391fce93d0272ed62828a33b629747f7/Ia/2021-05-25-bkin-er-bruessel.jpg,bundesregierung.de,English,Germany
https://cleantechnica.com/2021/05/27/rising-use-of-private-jets-sends-co2-emissions-soaring/,https://cleantechnica.com/2021/05/27/rising-use-of-private-jets-sends-co2-emissions-soaring/amp/,"Private Jet Use Rising , Sending CO2 Emissions Soaring",20210528T064500Z,https://cleantechnica.com/files/2021/05/an-aerial-view-of-the-california-1024x576.jpg,cleantechnica.com,English,United States
https://www.prokerala.com/news/articles/a1163827.html,,Need for an active climate action to prevent future crisis,20210528T071500Z,,prokerala.com,English,India
https://leaderpost.com/pmn/business-pmn/big-tech-drawn-to-singapores-new-carbon-offset-trading-market,https://leaderpost.com/pmn/business-pmn/big-tech-drawn-to-singapores-new-carbon-offset-trading-market/wcm/316494cf-d7e7-4f5c-bbc0-982a3d2f62a7/amp/,Big Tech Drawn to New Singapore Carbon Offset Trading Market,20210528T071500Z,,leaderpost.com,English,Canada
https://www.freemalaysiatoday.com/category/business/2021/05/28/big-tech-drawn-to-new-singapores-carbon-offset-trading-market/,,Big tech drawn to new Singapore carbon offset trading market,20210528T081500Z,https://s3media.freemalaysiatoday.com/wp-content/uploads/2020/07/Webp.net-resizeimage-4.jpg,freemalaysiatoday.com,English,Malaysia
https://www.greencarcongress.com/2021/05/2021-528.html,,T & E : Rising use of private jets sends CO2 emissions soaring,20210528T091500Z,https://bioage.typepad.com/.a/6a00d8341c4fbe53ef0278802c6212200d-600wi,greencarcongress.com,English,United States
https://www.tradewindsnews.com/sponsor-content/liscr-pilots-owners-decarbonisation-journey/2-1-1015610,,Sponsor Content : LISCR pilots owner decarbonisation journey,20210528T104500Z,https://images-global.nhst.tech/image/elBkSGFRclJFdDR5MDQrR2VzbjJVUVFKWmNqQ3M1OENBcWsrMTE0bHZSRT0=/nhst/binary/28dfcb81c7e89df98ade3ded12607e78?image_version=720,tradewindsnews.com,English,China
https://www.icis.com/explore/resources/news/2021/05/28/10524881/topic-page-coronavirus-oil-price-direction-impact-on-chemicals,,"TOPIC PAGE : Coronavirus , oil price direction – impact on chemicals",20210528T110000Z,https://icis.com/assets/getasset-908583.jpg,icis.com,English,China
https://www.energylivenews.com/2021/05/28/world-bank-carbon-pricing-covers-more-than-a-fifth-of-global-greenhouse-gases/,,World Bank : Carbon pricing covers more than a fifth of global greenhouse gases,20210528T113000Z,https://www.energylivenews.com/wp-content/uploads/2021/05/shutterstock_516231499.jpg,energylivenews.com,English,United Kingdom
https://www.tvnz.co.nz/one-news/new-zealand/third-small-freight-operators-may-disappear-due-carbon-targets-report,https://amp.tvnz.co.nz/news/story/JTJGY29udGVudCUyRnR2bnolMkZvbmVuZXdzJTJGc3RvcnklMkYyMDIxJTJGMDUlMkYyOCUyRmNhcmJvbi10YXJnZXRzLWh1cmRsZS1vbmUtdGhpcmQtb2Ytc21hbGwtcm9hZC1mcmVpZ2h0LW9wZXJhdG9ycw==,A third of small freight operators may disappear due to carbon targets report,20210528T120000Z,,tvnz.co.nz,English,New Zealand
https://www.nashvillepost.com/business/education/of-note-28-may-2021/article_511d0076-bf28-11eb-8560-d38d6f7ea8ac.html,,Of Note : 28 May 2021,20210528T121500Z,https://bloximages.newyork1.vip.townnews.com/nashvillepost.com/content/tncms/assets/v3/editorial/7/34/734d3c8c-bf29-11eb-a54a-9bf59845b09c/60b00006c1153.image.jpg?crop=628%2C353%2C4%2C22,nashvillepost.com,English,United States
https://www.finanznachrichten.de/nachrichten-2021-05/53005784-firma-holdings-corp-firma-advanced-carbon-materials-inc-announces-launch-of-production-at-northstar-sustainable-energy-facility-200.htm,,Firma Holdings Corp .: Firma Advanced Carbon Materials Inc . Announces Launch of Production at Northstar Sustainable Energy Facility,20210528T124500Z,https://www.finanznachrichten.de/kein-chart-klein.png,finanznachrichten.de,English,Germany
https://www.bignewsnetwork.com/news/269667190/carbon-capture-and-storage-css-market-2021-2025--target-apac-aggressively-to-secure-long-term-growth-in-carbon-capture-and-storage-market-says-fairfield-market-research,,"Carbon Capture and Storage ( CSS ) Market ( 2021 - 2025 ) | Target APAC Aggressively to Secure Long - term Growth in Carbon Capture and Storage Market , Says Fairfield Market Research",20210528T124500Z,,bignewsnetwork.com,English,United States
https://www.pittsburghstar.com/news/269667222/firma-advanced-carbon-materials-inc-announces-launch-of-production-at-northstar-sustainable-energy-facility,,Firma Advanced Carbon Materials Inc . Announces Launch of Production at Northstar Sustainable Energy Facility,20210528T130000Z,,pittsburghstar.com,English,United States
https://www.newjerseytelegraph.com/news/269667222/firma-advanced-carbon-materials-inc-announces-launch-of-production-at-northstar-sustainable-energy-facility,,Firma Advanced Carbon Materials Inc . Announces Launch of Production at Northstar Sustainable Energy Facility,20210528T131500Z,,newjerseytelegraph.com,English,United States
https://www.tennesseedaily.com/news/269667222/firma-advanced-carbon-materials-inc-announces-launch-of-production-at-northstar-sustainable-energy-facility,,Firma Advanced Carbon Materials Inc . Announces Launch of Production at Northstar Sustainable Energy Facility,20210528T140000Z,,tennesseedaily.com,English,United States
https://www.hawaiitelegraph.com/news/269667222/firma-advanced-carbon-materials-inc-announces-launch-of-production-at-northstar-sustainable-energy-facility,,Firma Advanced Carbon Materials Inc . Announces Launch of Production at Northstar Sustainable Energy Facility,20210528T141500Z,,hawaiitelegraph.com,English,United States
https://www.californiatelegraph.com/news/269667222/firma-advanced-carbon-materials-inc-announces-launch-of-production-at-northstar-sustainable-energy-facility,,Firma Advanced Carbon Materials Inc . Announces Launch of Production at Northstar Sustainable Energy Facility,20210528T141500Z,,californiatelegraph.com,English,United States
https://www.hellenicshippingnews.com/baltic-exchange-supports-iap-decarbonisation-initiative/,https://www.hellenicshippingnews.com/baltic-exchange-supports-iap-decarbonisation-initiative/amp/,Baltic Exchange supports IAP decarbonisation initiative | Hellenic Shipping News Worldwide,20210528T141500Z,,hellenicshippingnews.com,English,China
https://www.phoenixherald.com/news/269667222/firma-advanced-carbon-materials-inc-announces-launch-of-production-at-northstar-sustainable-energy-facility,,Firma Advanced Carbon Materials Inc . Announces Launch of Production at Northstar Sustainable Energy Facility,20210528T141500Z,,phoenixherald.com,English,United States
https://www.sandiegosun.com/news/269667190/carbon-capture-and-storage-css-market-2021-2025--target-apac-aggressively-to-secure-long-term-growth-in-carbon-capture-and-storage-market-says-fairfield-market-research,,"Carbon Capture and Storage ( CSS ) Market ( 2021 - 2025 ) | Target APAC Aggressively to Secure Long - term Growth in Carbon Capture and Storage Market , Says Fairfield Market Research",20210528T143000Z,,sandiegosun.com,English,United States
https://www.texasguardian.com/news/269667190/carbon-capture-and-storage-css-market-2021-2025--target-apac-aggressively-to-secure-long-term-growth-in-carbon-capture-and-storage-market-says-fairfield-market-research,,"Carbon Capture and Storage ( CSS ) Market ( 2021 - 2025 ) | Target APAC Aggressively to Secure Long - term Growth in Carbon Capture and Storage Market , Says Fairfield Market Research",20210528T143000Z,,texasguardian.com,English,United States
https://www.newyorktelegraph.com/news/269667190/carbon-capture-and-storage-css-market-2021-2025--target-apac-aggressively-to-secure-long-term-growth-in-carbon-capture-and-storage-market-says-fairfield-market-research,,"Carbon Capture and Storage ( CSS ) Market ( 2021 - 2025 ) | Target APAC Aggressively to Secure Long - term Growth in Carbon Capture and Storage Market , Says Fairfield Market Research",20210528T143000Z,,newyorktelegraph.com,English,United States
https://www.clevelandstar.com/news/269667222/firma-advanced-carbon-materials-inc-announces-launch-of-production-at-northstar-sustainable-energy-facility,,Firma Advanced Carbon Materials Inc . Announces Launch of Production at Northstar Sustainable Energy Facility,20210528T144500Z,,clevelandstar.com,English,United States
https://www.stlouisstar.com/news/269667222/firma-advanced-carbon-materials-inc-announces-launch-of-production-at-northstar-sustainable-energy-facility,,Firma Advanced Carbon Materials Inc . Announces Launch of Production at Northstar Sustainable Energy Facility,20210528T144500Z,,stlouisstar.com,English,United States
https://oilprice.com/Latest-Energy-News/World-News/Chinas-Tech-Emissions-Are-Set-To-Double-By-2035.html,https://oilprice.com/Latest-Energy-News/World-News/Chinas-Tech-Emissions-Are-Set-To-Double-By-2035.amp.html,China Tech Emissions Are Set To Double By 2035,20210528T150000Z,https://d32r1sh890xpii.cloudfront.net/news/718x300/2021-05-28_vp8xsizryf.jpg,oilprice.com,English,United States
https://www.nashvilleherald.com/news/269667222/firma-advanced-carbon-materials-inc-announces-launch-of-production-at-northstar-sustainable-energy-facility,,Firma Advanced Carbon Materials Inc . Announces Launch of Production at Northstar Sustainable Energy Facility,20210528T150000Z,,nashvilleherald.com,English,United States
https://www.ncnewsonline.com/opinion/letters_to_the_editor/letter-by-bruce-cooper-not-all-carbon-pricing-is-the-same/article_7caa9b1b-bad1-5275-a214-7b3d5158853b.html,,LETTER BY BRUCE COOPER : Not all carbon pricing is the same,20210528T150000Z,https://bloximages.chicago2.vip.townnews.com/ncnewsonline.com/content/tncms/custom/image/7b46e106-0d14-11e8-af5f-238120cd7d18.jpg,ncnewsonline.com,English,United States
"http://www.yelmonline.com/stories/inslee-pushes-covid-19-vaccinations-defends-climate-change-vetoes-in-interview,266793",,"Inslee Pushes COVID - 19 Vaccinations , Defends Climate Change Vetoes in Interview",20210528T150000Z,https://cdn5.creativecirclemedia.com/lafromboise/original/20210519-134123-82c4790bcc90a5eb390ffd9740add326.jpg,yelmonline.com,English,United States
https://www.fbherald.com/community/the-most-powerful-person-in-the-senate/article_8aab32e2-386b-5d26-89d0-f669e5dde865.html,,The most powerful person in the Senate,20210528T150000Z,https://bloximages.chicago2.vip.townnews.com/fbherald.com/content/tncms/custom/image/75e2864a-bd7c-11eb-a298-ab24843098f4.jpg,fbherald.com,English,United States
https://www.albuquerqueexpress.com/news/269667222/firma-advanced-carbon-materials-inc-announces-launch-of-production-at-northstar-sustainable-energy-facility,,Firma Advanced Carbon Materials Inc . Announces Launch of Production at Northstar Sustainable Energy Facility,20210528T151500Z,,albuquerqueexpress.com,English,United States
https://www.saltlakecitysun.com/news/269667222/firma-advanced-carbon-materials-inc-announces-launch-of-production-at-northstar-sustainable-energy-facility,,Firma Advanced Carbon Materials Inc . Announces Launch of Production at Northstar Sustainable Energy Facility,20210528T151500Z,,saltlakecitysun.com,English,United States
https://www.forbes.com/sites/erikkobayashisolomon/2021/05/28/climatetech-updates-for-may-2021-and-my-own-big-announcement/,https://www.forbes.com/sites/erikkobayashisolomon/2021/05/28/climatetech-updates-for-may-2021-and-my-own-big-announcement/amp/,ClimateTech Updates For May 2021 ( And My Own Big Announcement ) ,20210528T161500Z,https://thumbor.forbes.com/thumbor/fit-in/1200x0/filters%3Aformat%28jpg%29/https%3A%2F%2Fspecials-images.forbesimg.com%2Fimageserve%2F6046ed756cf0b508def54d53%2F0x0.jpg,forbes.com,English,United States
https://www.memphissun.com/news/269667222/firma-advanced-carbon-materials-inc-announces-launch-of-production-at-northstar-sustainable-energy-facility,,Firma Advanced Carbon Materials Inc . Announces Launch of Production at Northstar Sustainable Energy Facility,20210528T161500Z,,memphissun.com,English,United States
https://www.baltimorestar.com/news/269667222/firma-advanced-carbon-materials-inc-announces-launch-of-production-at-northstar-sustainable-energy-facility,,Firma Advanced Carbon Materials Inc . Announces Launch of Production at Northstar Sustainable Energy Facility,20210528T163000Z,,baltimorestar.com,English,United States
https://www.straitstimes.com/asia/se-asia/no-new-coal-plants-in-indonesia-in-another-bid-to-cut-emissions,,No new coal plants in Indonesia in another bid to cut emissions,20210528T163000Z,https://static.straitstimes.com.sg/s3fs-public/styles/x_large/public/articles/2021/05/27/yq-jaksmog-27052021.jpg?itok=2uYxsdsR,straitstimes.com,English,Singapore
https://www.bostonstar.com/news/269667222/firma-advanced-carbon-materials-inc-announces-launch-of-production-at-northstar-sustainable-energy-facility,,Firma Advanced Carbon Materials Inc . Announces Launch of Production at Northstar Sustainable Energy Facility,20210528T170000Z,,bostonstar.com,English,United States
https://www.theusnews.com/news/269667222/firma-advanced-carbon-materials-inc-announces-launch-of-production-at-northstar-sustainable-energy-facility,,Firma Advanced Carbon Materials Inc . Announces Launch of Production at Northstar Sustainable Energy Facility,20210528T171500Z,,theusnews.com,English,United States
https://www.icis.com/explore/resources/news/2021/05/28/10645990/bio-lng-at-norway-s-skogn-plant-will-double-in-2022,,Bio - LNG at Norway Skogn plant will double in 2022,20210528T173000Z,,icis.com,English,China
https://www.dallassun.com/news/269667222/firma-advanced-carbon-materials-inc-announces-launch-of-production-at-northstar-sustainable-energy-facility,,Firma Advanced Carbon Materials Inc . Announces Launch of Production at Northstar Sustainable Energy Facility,20210528T173000Z,,dallassun.com,English,United States
https://www.prnewswire.com:443/news-releases/volvo-trucks-customer-albertsons-achieves-nations-first-commercial-100-zero-emission-refrigerated-grocery-delivery-with-a-class-8-truck-301301743.html,,Volvo Truck Customer Albertsons Achieves Nation First Commercial 100 % Zero - Emission Refrigerated Grocery Delivery with a Class 8 Truck,20210528T173000Z,,prnewswire.com,English,United States
https://www.prnewswire.com/news-releases/volvo-trucks-customer-albertsons-achieves-nations-first-commercial-100-zero-emission-refrigerated-grocery-delivery-with-a-class-8-truck-301301743.html,,Volvo Truck Customer Albertsons Achieves Nation First Commercial 100 % Zero - Emission Refrigerated Grocery Delivery with a Class 8 Truck,20210528T180000Z,,prnewswire.com,English,United States
https://www.marineinsight.com/shipping-news/mol-kn-larvik-shipping-to-carry-out-feasibility-study-for-liquefied-co2-and-hydrogen-project/,https://www.marineinsight.com/shipping-news/mol-kn-larvik-shipping-to-carry-out-feasibility-study-for-liquefied-co2-and-hydrogen-project/amp/,"MOL , KN & Larvik Shipping To Carry Out Feasibility Study For Liquefied CO2 And Hydrogen Project",20210528T180000Z,https://www.marineinsight.com/wp-content/uploads/2021/04/Liquid-CO2-carriers-is-gaining-moment-due-to-global-efforts-to-reduce-emissions-and-aim-for-a-greener-future.png,marineinsight.com,English,United States
https://www.sanfordherald.com/news/state/volvo-trucks-customer-albertsons-achieves-nations-first-commercial-100-zero-emission-refrigerated-grocery-delivery-with/article_caa369f7-4cc2-559c-8d0a-07d9bb7d83a8.html,,Volvo Truck Customer Albertsons Achieves Nation First Commercial 100 % Zero - Emission Refrigerated Grocery Delivery with a Class 8 Truck,20210528T183000Z,https://bloximages.newyork1.vip.townnews.com/sanfordherald.com/content/tncms/assets/v3/editorial/b/03/b0366b94-acaa-59d9-a570-ca56ed5aef35/60b1257a788d3.image.jpg,sanfordherald.com,English,United States
https://indianewengland.com/2021/05/need-for-an-active-climate-action-to-prevent-future-crisis/,,  Need for an active climate action to prevent future crisis  ,20210528T190000Z,https://indianewengland.com/wp-content/uploads/2021/01/climate.jpg,indianewengland.com,English,India
https://www.oc-breeze.com/2021/05/28/198017_octa-plans-to-use-state-funds-to-welcome-back-bus-riders/,,OCTA plans to use State funds to welcome back bus riders,20210528T190000Z,https://www.oc-breeze.com/wp-content/uploads/2016/11/OCTA-Orange-County-Transportation-Authority-20170101.jpg,oc-breeze.com,English,United States
https://www.gasworld.com/new-ccus-study-to-be-undertaken-by-big-industry-players/2020975.article,,New CCUS study to be undertaken by big industry players,20210528T191500Z,https://daykfmoc67thr.cloudfront.net/Pictures/1024x536/3/7/0/1037370_shutterstock_196763216_854350.jpg,gasworld.com,English,United States
https://www.tucsonweekly.com/TheRange/archives/2021/05/28/ua-economics-prof-climate-change-will-bring-big-upheaval-to-society-markets,,"UA economics prof : Climate change will bring big upheaval to society , markets",20210528T194500Z,https://media1.fdncms.com/tucsonweekly/imager/u/slideshow/30779998/heat_sun.jpg,tucsonweekly.com,English,United States
https://energycentral.com/member/profile/wil-burns/about,,Wil Burns - About,20210528T203000Z,,energycentral.com,English,United States
https://www.straitstimes.com/singapore/environment/opportunities-for-partnership-between-spore-and-gulf-countries-to-fight,,Spore and Gulf countries can be partners in fight against climate change : Grace Fu,20210528T203000Z,https://static.straitstimes.com.sg/s3fs-public/styles/x_large/public/articles/2021/05/25/yq-sgg-25052021.jpg?itok=ujTpeC83,straitstimes.com,English,Singapore
https://www.gurufocus.com/news/1441229/firma-advanced-carbon-materials-inc-announces-launch-of-production-at-northstar-sustainable-energy-facility,,Firma Advanced Carbon Material - GuruFocus . com,20210528T204500Z,,gurufocus.com,English,United States
https://www.insidetucsonbusiness.com/business/ua-economics-prof-climate-change-will-bring-big-upheaval-to-society-markets/article_62d25906-bfcd-11eb-ac0e-c3eaf6939712.html,,"UA economics prof : Climate change will bring big upheaval to society , markets",20210528T213000Z,https://bloximages.chicago2.vip.townnews.com/insidetucsonbusiness.com/content/tncms/assets/v3/editorial/5/d1/5d12cb86-1de3-11eb-8fec-a332482e1276/5fa16d481e25d.image.jpg,insidetucsonbusiness.com,English,United States
https://www.fastcompany.com/90641899/this-supermarket-chain-just-made-the-first-zero-emissions-food-delivery-with-a-class-8-truck,,Albertsons and Volvo just made the first zero - emissions food delivery,20210528T214500Z,"https://images.fastcompany.net/image/upload/w_1280,f_auto,q_auto,fl_lossy/wp-cms/uploads/2021/05/04-90641899-electric-grocery-semi.jpg",fastcompany.com,English,United States
https://www.finanznachrichten.de/nachrichten-2021-05/53010293-metalo-manufacturing-inc-quarterly-financials-filed-and-update-296.htm,,Metalo Manufacturing Inc . - Quarterly Financials Filed and Update,20210528T230000Z,https://www.newsfilecorp.com/newsinfo/85744/207,finanznachrichten.de,English,Germany
https://news.trust.org/item/20210525122133-voa16,,Global carbon pricing schemes raised $53 bln in 2020,20210528T231500Z,"https://d8zcwdvc14g2e.cloudfront.net/contentAsset/image/e6bd748e-6c5d-4a6d-b68c-4d0d22cbf5fe/image/byInode/1/filter/Resize,Jpeg/jpeg_q/70/resize_w/1400",news.trust.org,English,United States
https://www.supermarketnews.com/issues-trends/albertsons-marks-milestone-100-zero-emission-truck-delivery,,Albertsons marks milestone with 100 % zero - emission truck delivery,20210528T233000Z,https://www.supermarketnews.com/sites/supermarketnews.com/files/Albertsons%20Volvo%20VNR%20electric%20truck.png,supermarketnews.com,English,United States
http://www.justmeans.com/press-release/volvo-trucks-customer-albertsons-achieves-nations-first-commercial-100-zero-emission,,Volvo Truck Customer Albertsons Achieves Nation First Commercial 100 % Zero - Emission Refrigerated Grocery Delivery With a Class 8 Truck,20210529T000000Z,,justmeans.com,English,United States
https://www.capitalpress.com/ag_sectors/water/drought-looms-in-washington-relief-fund-dry/article_b5e974f4-bfd1-11eb-90a1-f7096213f032.html,,Drought looms in Washington ; relief fund dry,20210529T001500Z,https://bloximages.newyork1.vip.townnews.com/capitalpress.com/content/tncms/assets/v3/editorial/6/55/6554df80-c00b-11eb-b304-83a1af4a4b68/60b17b258e8f2.image.jpg,capitalpress.com,English,United States
https://www.tucsonlocalmedia.com/business/article_6026de8e-bfcd-11eb-b4c9-0f5a0e2b9444.html,,"UA economics prof : Climate change will bring big upheaval to society , markets",20210529T004500Z,https://bloximages.chicago2.vip.townnews.com/tucsonlocalmedia.com/content/tncms/assets/v3/editorial/5/7e/57e04b9c-bfd8-11eb-bdb9-23effabaf9aa/60b125434b8dc.image.jpg,tucsonlocalmedia.com,English,United States
https://www.bloomberg.com/news/articles/2021-05-29/yale-s-nordhaus-sees-cause-for-hope-in-the-spirit-of-green,,Yale Nordhaus Sees Cause for Hope In the Spirit of Green,20210529T113000Z,https://assets.bwbx.io/images/users/iqjWHBFdfxIU/iBaJioBvsqdo/v0/1200x925.jpg,bloomberg.com,English,United States
http://www.ruthfullyyours.com/page/7689/,,RUTHFULLY YOURS,20210529T120000Z,,ruthfullyyours.com,English,United States
https://www.thestar.com.my/aseanplus/aseanplus-news/2021/05/29/no-new-coal-plants-in-indonesia-in-another-bid-to-cut-emissions,,No new coal plants in Indonesia in another bid to cut emissions,20210529T153000Z,https://apicms.thestar.com.my/uploads/images/2021/05/29/1165393.jpg,thestar.com.my,English,Malaysia
http://beniciaindependent.com/tags/fence-line-monitoring/,,Fence line monitoring | The Benicia Independent ~ Eyes on the Environment / Benicia news & views,20210529T183000Z,,beniciaindependent.com,English,United States
https://en.portnews.ru/news/313485/,,"Klaipedos nafta , Larvik Shipping , and Mitsui O . S . K . Lines will carry out a feasibility study for liquefied CO2 and hydrogen project in Klaipeda , Lithuania",20210529T204500Z,,en.portnews.ru,English,
https://www.springer.com/us/book/9783030192761?wt_mc=Internal.Banner.3.EPR868.SPR_EN_DotD_Teaser,,"Sustainability - Transformation , Governance , Ethics , Law | Felix Ekardt",20210530T040000Z,https://images.springer.com/sgw/books/medium/9783030192761.jpg,springer.com,English,Netherlands
https://www.streetinsider.com/Accesswire/Firma+Advanced+Carbon+Materials+Inc.+Announces+Launch+of+Production+at+Northstar+Sustainable+Energy+Facility/18492010.html,,Firma Advanced Carbon Materials Inc . Announces Launch of Production at Northstar Sustainable Energy Facility,20210530T080000Z,,streetinsider.com,English,United States
https://www.globaltimes.cn/page/202105/1224874.shtml,,Carbon - trading program may give China pricing power,20210530T121500Z,https://www.globaltimes.cn/Portals/0/attachment/2020/2020-03-16/5d7b9551-91eb-43ad-af06-03bbb2043e64.jpeg,globaltimes.cn,English,China
https://www.paloaltoonline.com/blogs/p/2021/05/30/what-are-we-doing-about-dairy-emissions,,What are we doing about dairy emissions ? ,20210530T140000Z,https://www.paloaltoonline.com/blogs/photos/44/4994.jpg,paloaltoonline.com,English,United States
https://www.almanacnews.com/blogs/p/2021/05/30/what-are-we-doing-about-dairy-emissions,,What are we doing about dairy emissions ? ,20210530T141500Z,https://www.almanacnews.com/blogs/photos/44/4994.jpg,almanacnews.com,English,United States
https://mv-voice.com/blogs/p/2021/05/30/what-are-we-doing-about-dairy-emissions,,What are we doing about dairy emissions ? ,20210530T151500Z,https://mv-voice.com/blogs/photos/44/4994.jpg,mv-voice.com,English,United States
https://oilprice.com/Energy/Energy-General/The-Biggest-Problem-With-The-EUs-Emission-Trading-System.html,https://oilprice.com/Energy/Energy-General/The-Biggest-Problem-With-The-EUs-Emission-Trading-System.amp.html,The Biggest Problem With The EU Emission Trading System,20210530T153000Z,https://d32r1sh890xpii.cloudfront.net/article/718x300/2021-05-28_dkyzl4tihf.jpg,oilprice.com,English,United States
https://augustafreepress.com/climate-action-alliance-of-the-valley-climate-energy-news-roundup-may-30/,,"Climate Action Alliance of the Valley climate , energy news roundup : May 30",20210530T160000Z,https://augustafreepress.com/wp-content/uploads/2020/10/climate-action-alliance-of-the-valley.jpg,augustafreepress.com,English,United States
http://www.ruthfullyyours.com/page/7690/,,RUTHFULLY YOURS,20210530T161500Z,,ruthfullyyours.com,English,United States
https://paloaltoonline.com/blogs/p/2021/05/30/what-are-we-doing-about-dairy-emissions,,What are we doing about dairy emissions ? ,20210530T170000Z,https://paloaltoonline.com/blogs/photos/44/4994.jpg,paloaltoonline.com,English,United States
https://www.stuff.co.nz/business/opinion-analysis/125290467/the-case-for-a-congestion-charge,,The case for a congestion charge,20210530T180000Z,https://resources.stuff.co.nz/content/dam/images/4/y/p/y/x/b/image.related.StuffLandscapeSixteenByNine.1420x800.22leqr.png/1622343211355.jpg,stuff.co.nz,English,New Zealand
https://www.zerohedge.com/markets/gas-going-5-gallon-first-california-then-across-country,,"Gas Is Going To $5 Per Gallon : First In California , Then Across The Country",20210530T181500Z,https://assets.zerohedge.com/s3fs-public/styles/16_9_max_700/public/2021-05/5%20buck.png?h=f891a32a&itok=aTE0yw8g,zerohedge.com,English,United States
https://news.bitcoin.com/award-winning-carbon-broker-to-assist-xels-with-offset-procurement-and-strategy/,,Award - Winning Carbon Broker to Assist XELS With Offset Procurement and Strategy – Press release Bitcoin News,20210530T190000Z,https://news.bitcoin.com/wp-content/uploads/2021/05/xels.jpg,news.bitcoin.com,English,United States
https://blog.lareviewofbooks.org/interviews/price-wrong-talking-william-d-nordhaus/,,The Price Is Wrong : Talking to William D . Nordhaus – BLARB,20210530T193000Z,https://blog.lareviewofbooks.org/wp-content/uploads/2021/05/nordhaus-cover.jpg,blog.lareviewofbooks.org,English,United States
https://www.rt.com/business/525224-china-emissions-leader-climate-business/,https://www.rt.com/business/525224-china-emissions-leader-climate-business/amp/,Chinese emissions to turn Beijing into leader of climate business boom as carbon may shapeshift into new currency,20210530T194500Z,https://cdni.rt.com/files/2021.05/article/60b3a9f120302759563a9b06.jpg,rt.com,English,Russia
https://www.rnz.co.nz/news/national/443713/climate-change-commission-sends-final-report-to-government,https://amp.rnz.co.nz/article/009ee8e1-b263-40a5-a222-788443d5b913,Climate Change Commission sends final report to government,20210530T223000Z,https://www.rnz.co.nz/assets/news_crops/120787/eight_col_201210_Farm-Stock-Stills_10.jpg,rnz.co.nz,English,
http://www.msn.com/en-nz/news/national/climate-change-commission-sends-final-report-to-government/ar-AAKxHpB,,Climate Change Commission sends final report to government,20210530T233000Z,,msn.com,English,United States
