url,url_mobile,title,seendate,socialimage,domain,language,sourcecountry
https://www.forbes.com/sites/patrickgleason/2022/12/31/policymaking-by-unelected-commission-has-become-increasingly-popular-but-faces-challenges/,https://www.forbes.com/sites/patrickgleason/2022/12/31/policymaking-by-unelected-commission-has-become-increasingly-popular-but-faces-challenges/amp/,"Policymaking By Unelected Commission Has Become Increasingly Popular , But Faces Challenges",20230101T031500Z,https://imageio.forbes.com/specials-images/imageserve/63b0ee2b7eae51a78db22f90/0x0.jpg?format=jpg,forbes.com,English,United States
https://www.business2community.com/crypto-news/this-crypto-was-just-added-to-a-new-exchange-and-will-be-listed-on-gate-io-soon-how-to-buy-before-the-pump-02595012,,This Crypto Was Just Added to a New Exchange and Will be Listed on Gate . io Soon – How to Buy Before the Pump ? ,20230101T093000Z,https://www.business2community.com/wp-content/uploads/2022/12/impt-pic.png,business2community.com,English,United States
https://democratherald.com/news/local/elections/city/the-nov-8-election-gives-us-a-tale-of-two-cities-in-linn-county/article_22700406-831e-11ed-8f87-6ba90daa3fc6.html,,The Nov . 8 election gives us a tale of two cities in Linn County,20230101T153000Z,https://bloximages.chicago2.vip.townnews.com/democratherald.com/content/tncms/assets/v3/editorial/2/27/22700406-831e-11ed-8f87-6ba90daa3fc6/63af8a438e62d.preview.jpg?crop=876%2C460%2C38%2C0,democratherald.com,English,United States
https://economictimes.indiatimes.com/opinion/et-commentary/greening-india-while-growing-india-creating-fresh-capacities-in-green-energy/articleshow/96666822.cms,https://m.economictimes.com/opinion/et-commentary/greening-india-while-growing-india-creating-fresh-capacities-in-green-energy/amp_articleshow/96666822.cms,renewable energy : Greening India while growing India : Creating fresh capacities in green energy,20230101T180000Z,"https://img.etimg.com/thumb/msid-96666847,width-1070,height-580,imgsize-48562,overlay-economictimes/photo.jpg",economictimes.indiatimes.com,English,India
https://www.gazettetimes.com/news/local/elections/city/the-nov-8-election-gives-us-a-tale-of-two-cities-in-linn-county/article_314b0ea2-3520-56a5-835f-3898960fc5b7.html,,The Nov . 8 election gives us a tale of two cities in Linn County,20230101T181500Z,https://bloximages.chicago2.vip.townnews.com/gazettetimes.com/content/tncms/assets/v3/editorial/3/14/314b0ea2-3520-56a5-835f-3898960fc5b7/63af8d5f6254a.preview.jpg?crop=876%2C460%2C38%2C0,gazettetimes.com,English,United States
https://lebanon-express.com/news/local/elections/city/the-nov-8-election-gives-us-a-tale-of-two-cities-in-linn-county/article_f2410337-a20e-5071-9e2a-9e7d1f82d03d.html,,The Nov . 8 election gives us a tale of two cities in Linn County,20230101T184500Z,https://bloximages.chicago2.vip.townnews.com/lebanon-express.com/content/tncms/assets/v3/editorial/f/24/f2410337-a20e-5071-9e2a-9e7d1f82d03d/63af8d2724a3c.preview.jpg?crop=876%2C460%2C38%2C0,lebanon-express.com,English,United States
https://www.deccanherald.com/business/business-news/taxiing-for-a-flight-into-sustainability-1177096.html,https://www.deccanherald.com/amp/business/business-news/taxiing-for-a-flight-into-sustainability-1177096.html,Taxiing for a flight into sustainability,20230101T230000Z,https://www.deccanherald.com/sites/dh/files/articleimages/2023/01/02/flight-istock-1153134-1665605144-1177096-1672610243.jpg,deccanherald.com,English,India
https://www.postregister.com/news/national/not-real-news-a-look-at-what-didnt-happen-this-week/article_a1b8d4c0-8a32-11ed-b3e0-ebd9948d5d2c.html,https://www.postregister.com/news/national/not-real-news-a-look-at-what-didnt-happen-this-week/article_a1b8d4c0-8a32-11ed-b3e0-ebd9948d5d2c.amp.html,NOT REAL NEWS : A look at what didnt happen this week,20230102T041500Z,https://bloximages.chicago2.vip.townnews.com/postregister.com/content/tncms/assets/v3/editorial/4/0a/40ae27ba-8a33-11ed-af0f-87d0215f1b54/63b2234926569.image.jpg?crop=1919%2C1007%2C0%2C36,postregister.com,English,United States
https://www.saurenergy.com/ev-storage/canadian-start-up-hygge-energy-joins-hands-with-ioc-for-ev-solar-charging,,Hygge Energy Offers EV Charging Through Solar Energy at IOCL Outlet,20230102T070000Z,https://img.saurenergy.com/2022/03/fimer-ev-chargingstation.jpg,saurenergy.com,English,
https://newsadvance.com/opinion/editorial/editorial-youngkin-is-determined-to-remove-virginia-from-greenhouse-gas-initiative/article_5293347d-d2d8-5afd-a41f-b9dd8d64daa6.html,,Editorial : Youngkin is determined to remove Virginia from greenhouse gas initiative,20230102T093000Z,https://bloximages.newyork1.vip.townnews.com/newsadvance.com/content/tncms/assets/v3/editorial/8/8a/88afcda7-3c81-5e3b-b1e8-a87dbe6d2e59/63adb6e41e66e.image.jpg?crop=1662%2C873%2C0%2C186,newsadvance.com,English,United States
https://www.kasu.org/people/emily-guerin,,Emily Guerin,20230102T110000Z,http://mediad.publicbroadcasting.net/p/kvnf/files/201402/emily_photo.jpg,kasu.org,English,United States
https://www.kwbu.org/people/emily-guerin,,Emily Guerin,20230102T111500Z,http://mediad.publicbroadcasting.net/p/kvnf/files/201402/emily_photo.jpg,kwbu.org,English,United States
https://www.baltictimes.com/climate_and_energy_ministry_officially_launched_in_latvia/,,Climate and Energy Ministry officially launched in Latvia,20230102T123000Z,,baltictimes.com,English,Latvia
https://www.kgou.org/people/emily-guerin,,Emily Guerin,20230102T123000Z,http://mediad.publicbroadcasting.net/p/kvnf/files/201402/emily_photo.jpg,kgou.org,English,United States
https://www.kios.org/people/emily-guerin,,Emily Guerin,20230102T133000Z,http://mediad.publicbroadcasting.net/p/kvnf/files/201402/emily_photo.jpg,kios.org,English,United States
https://www.kccu.org/people/emily-guerin,,Emily Guerin,20230102T134500Z,http://mediad.publicbroadcasting.net/p/kvnf/files/201402/emily_photo.jpg,kccu.org,English,United States
https://www.mondaq.com/india/climate-change/1266582/how-india-inc-can-contribute-to-lower-emissions,,How India Inc Can Contribute To Lower Emissions - Climate Change,20230102T134500Z,,mondaq.com,English,United States
https://www.wknofm.org/people/emily-guerin,,Emily Guerin,20230102T134500Z,http://mediad.publicbroadcasting.net/p/kvnf/files/201402/emily_photo.jpg,wknofm.org,English,United States
https://crosscut.com/politics/2023/01/top-environmental-bills-2023-wa-legislative-agenda,,Top environmental bills on the 2023 WA Legislative agenda,20230102T141500Z,https://crosscut.com/sites/default/files/styles/max_2000x2000/public/images/articles/xgr_hero.jpg?itok=9rCQ01yY,crosscut.com,English,United States
https://www.wprl.org/people/emily-guerin,,Emily Guerin,20230102T144500Z,http://mediad.publicbroadcasting.net/p/kvnf/files/201402/emily_photo.jpg,wprl.org,English,United States
https://www.kawc.org/people/emily-guerin,,Emily Guerin,20230102T144500Z,http://mediad.publicbroadcasting.net/p/kvnf/files/201402/emily_photo.jpg,kawc.org,English,United States
https://www.wrvo.org/people/emily-guerin,,Emily Guerin,20230102T170000Z,http://mediad.publicbroadcasting.net/p/kvnf/files/201402/emily_photo.jpg,wrvo.org,English,United States
https://www.klcc.org/people/emily-guerin,,Emily Guerin,20230102T181500Z,http://mediad.publicbroadcasting.net/p/kvnf/files/201402/emily_photo.jpg,klcc.org,English,United States
https://www.kanw.com/people/emily-guerin,,Emily Guerin,20230102T183000Z,http://mediad.publicbroadcasting.net/p/kvnf/files/201402/emily_photo.jpg,kanw.com,English,United States
https://www.wvasfm.org/people/emily-guerin,,Emily Guerin,20230102T184500Z,http://mediad.publicbroadcasting.net/p/kvnf/files/201402/emily_photo.jpg,wvasfm.org,English,United States
https://www.hppr.org/people/emily-guerin,,Emily Guerin,20230102T190000Z,http://mediad.publicbroadcasting.net/p/kvnf/files/201402/emily_photo.jpg,hppr.org,English,United States
https://news.yahoo.com/environmental-action-remains-legislatures-agenda-171152267.html,https://news.yahoo.com/amphtml/environmental-action-remains-legislatures-agenda-171152267.html,Environmental action remains on Legislature agenda for session that opens Jan . 9,20230102T190000Z,https://s.yimg.com/ny/api/res/1.2/LK.1hiLbge0sz7a7O2ZXWg--/YXBwaWQ9aGlnaGxhbmRlcjt3PTEyMDA7aD04MDA-/https://media.zenfs.com/en/kitsap-sun/262480edd766697d7b49a3066b13951d,news.yahoo.com,English,United States
https://www.kitsapsun.com/story/news/2023/01/02/environmental-action-on-legislatures-agenda/69771234007/,,Environmental action on Legislature agenda,20230102T190000Z,"https://www.gannett-cdn.com/presto/2022/09/22/PBKS/bd29abe5-e57b-4022-804f-71a84d53a43e-Legislature.jpg?auto=webp&crop=5999,3375,x0,y600&format=pjpg",kitsapsun.com,English,United States
https://www.yakimaherald.com/news/local/lower_valley/proposed-biomethane-plant-in-sunnyside-could-bring-benefits-but-environmental-advocates-have-concerns/article_bbe50342-88b5-11ed-b511-1354c0a89051.html,https://www.yakimaherald.com/news/local/lower_valley/proposed-biomethane-plant-in-sunnyside-could-bring-benefits-but-environmental-advocates-have-concerns/article_bbe50342-88b5-11ed-b511-1354c0a89051.amp.html,"Proposed biomethane plant in Sunnyside could bring benefits , but environmental advocates have concerns",20230102T191500Z,https://bloximages.newyork1.vip.townnews.com/yakimaherald.com/content/tncms/assets/v3/editorial/1/d2/1d27dea6-71a8-11ed-b8e0-2bf81f342d55/5f40355cc63d2.image.jpg?crop=1251%2C657%2C63%2C283,yakimaherald.com,English,United States
https://www.kbia.org/people/emily-guerin,,Emily Guerin,20230102T191500Z,http://mediad.publicbroadcasting.net/p/kvnf/files/201402/emily_photo.jpg,kbia.org,English,United States
https://democratherald.com/changes/article_c4f2632c-8ab7-11ed-8cf4-6f4a1844e7ad.html,,CHANGES,20230102T191500Z,https://bloximages.chicago2.vip.townnews.com/democratherald.com/content/tncms/custom/image/e70c9512-c53f-11ea-a713-bf095d00e3f5.jpg,democratherald.com,English,United States
https://www.kenw.org/people/emily-guerin,,Emily Guerin,20230102T193000Z,http://mediad.publicbroadcasting.net/p/kvnf/files/201402/emily_photo.jpg,kenw.org,English,United States
https://www.kzyx.org/people/emily-guerin,,Emily Guerin,20230102T200000Z,http://mediad.publicbroadcasting.net/p/kvnf/files/201402/emily_photo.jpg,kzyx.org,English,United States
https://www.upr.org/people/emily-guerin,,Emily Guerin,20230102T201500Z,http://mediad.publicbroadcasting.net/p/kvnf/files/201402/emily_photo.jpg,upr.org,English,United States
https://www.ypradio.org/people/emily-guerin,,Emily Guerin,20230102T201500Z,http://mediad.publicbroadcasting.net/p/kvnf/files/201402/emily_photo.jpg,ypradio.org,English,United States
https://www.wyomingpublicmedia.org/people/emily-guerin,,Emily Guerin,20230102T210000Z,http://mediad.publicbroadcasting.net/p/kvnf/files/201402/emily_photo.jpg,wyomingpublicmedia.org,English,United States
https://www.wncw.org/people/emily-guerin,,Emily Guerin,20230102T213000Z,http://mediad.publicbroadcasting.net/p/kvnf/files/201402/emily_photo.jpg,wncw.org,English,United States
https://www.sott.net/article/475874-Is-there-an-Orwellian-agenda-behind-Climate-Change,,Is there an Orwellian agenda behind  Climate Change ? -- Puppet Masters -- Sott . net,20230102T213000Z,https://www.sott.net/image/s15/315820/full/UN_Climate_Change_Conference_e.jpg,sott.net,English,United States
https://www.kpcw.org/people/emily-guerin,,Emily Guerin,20230102T213000Z,http://mediad.publicbroadcasting.net/p/kvnf/files/201402/emily_photo.jpg,kpcw.org,English,United States
https://www.wmot.org/people/emily-guerin,,Emily Guerin,20230102T214500Z,http://mediad.publicbroadcasting.net/p/kvnf/files/201402/emily_photo.jpg,wmot.org,English,United States
https://www.kmuw.org/people/emily-guerin,,Emily Guerin,20230102T214500Z,http://mediad.publicbroadcasting.net/p/kvnf/files/201402/emily_photo.jpg,kmuw.org,English,United States
https://www.kacu.org/people/emily-guerin,,Emily Guerin,20230102T223000Z,http://mediad.publicbroadcasting.net/p/kvnf/files/201402/emily_photo.jpg,kacu.org,English,United States
https://tdn.com/news/local/higher-gas-prices-or-a-path-toward-a-better-future-heres-what-you-need-to/article_e843b05a-88a1-11ed-bbea-2bd7627ce64a.html,,Higher gas prices or a path toward a better future ? Here what you need to know about 2 Inslee - backed climate laws now in effect,20230102T234500Z,https://bloximages.chicago2.vip.townnews.com/tdn.com/content/tncms/assets/v3/editorial/5/44/544db237-120d-5cc3-892a-0458c3c7b344/61b244a6b4073.preview.jpg?crop=299%2C299%2C0%2C0,tdn.com,English,United States
https://tdn.com/news/state-and-regional/proposed-biomethane-plant-in-sunnyside-could-bring-benefits-but-environmental-advocates-have-concerns/article_a8f94da0-8aeb-11ed-8255-17567e65d20e.html,,"Proposed biomethane plant in Sunnyside could bring benefits , but environmental advocates have concerns",20230103T020000Z,https://bloximages.chicago2.vip.townnews.com/tdn.com/content/tncms/assets/v3/editorial/f/98/f98918e3-6acf-53fc-bc42-3559eb8403f4/639e6d2198c44.image.jpg?crop=1981%2C1040%2C0%2C2,tdn.com,English,United States
https://www.khq.com/news/state/washington-gas-prices-drop-slightly/article_9428e7c1-2309-524d-9935-8e0f66e45046.html,,Washington gas prices drop slightly,20230103T043000Z,https://bloximages.newyork1.vip.townnews.com/khq.com/content/tncms/custom/image/31762694-c647-11e8-898c-2f75f78ea9c7.jpg,khq.com,English,United States
https://www.nbcrightnow.com/news/state/proposed-biomethane-plant-in-sunnyside-could-bring-benefits-but-environmental-advocates-have-concerns/article_f8aa4fe8-8cfe-5e3f-a9d9-b0f55cb16d3a.html,,"Proposed biomethane plant in Sunnyside could bring benefits , but environmental advocates have concerns",20230103T043000Z,https://bloximages.newyork1.vip.townnews.com/nbcrightnow.com/content/tncms/custom/image/0c0acdd4-cbf5-11e8-ac89-4fb1b5fd70a7.jpg,nbcrightnow.com,English,United States
https://www.thecentersquare.com/washington/washington-gas-prices-drop-slightly/article_43699714-8b05-11ed-8d34-4fd617d971c7.html,https://www.thecentersquare.com/washington/washington-gas-prices-drop-slightly/article_43699714-8b05-11ed-8d34-4fd617d971c7.amp.html,Washington gas prices drop slightly,20230103T060000Z,https://bloximages.newyork1.vip.townnews.com/thecentersquare.com/content/tncms/assets/v3/editorial/d/63/d635ec5e-f16e-11ec-903d-2784f8a5a939/62b1d67bd7413.image.jpg?crop=1763%2C926%2C0%2C124,thecentersquare.com,English,
https://www.krvs.org/people/emily-guerin,,Emily Guerin,20230103T071500Z,http://mediad.publicbroadcasting.net/p/kvnf/files/201402/emily_photo.jpg,krvs.org,English,United States
https://www.koreatimes.co.kr/www/biz/2022/12/126_341653.html,https://m.koreatimes.co.kr/pages/article.amp.asp?newsIdx=341653,Hana Securities signs MOU to promote voluntary carbon market,20230103T083000Z,https://koreatimes-bucket.s3.ap-northeast-2.amazonaws.com/IMAGE/upload/newsV2/images/202212/e9a5524deefe4a20bad2f1b085ead11e.jpg,koreatimes.co.kr,English,South Korea
https://www.lexology.com/library/detail.aspx?g=39ef3e73-5e71-4322-ae21-66f5c20cb03b,,"Alberta reaffirms TIER regime , setting stage to lead in carbon capture , utilization and storage",20230103T090000Z,,lexology.com,English,United States
https://www.dailyastorian.com/opinion/columns/guest-column-governing-is-the-art-of-relationships/article_23818700-8a4b-11ed-a644-af05c9c2bc44.html,,Guest Column : Governing is the art of relationships,20230103T091500Z,https://bloximages.newyork1.vip.townnews.com/dailyastorian.com/content/tncms/assets/v3/editorial/1/4c/14cf404a-8a4f-11ed-b3cc-bf5e7c5bcb16/63b25252af398.image.jpg?crop=1000%2C525%2C0%2C73,dailyastorian.com,English,United States
https://www.letsrecycle.com/news/waste-sector-outlook-for-2023-part-1/,,Waste sector outlook for 2023 : part 1 - letsrecycle . com,20230103T124500Z,https://www.letsrecycle.com/wp-content/uploads/2022/12/2023-symbol-bins.jpg,letsrecycle.com,English,United Kingdom
https://www.washingtonexaminer.com/news/washington-gas-prices-drop-slightly,https://www.washingtonexaminer.com/news/washington-gas-prices-drop-slightly?_amp=true,Washington gas prices drop slightly,20230103T143000Z,http://mediadc-brightspot.s3.amazonaws.com/c4/09/11458786a5997629332ba44c15f0/b0e83ebec8cde1b392bc2a7e880d5d49.jpg,washingtonexaminer.com,English,United States
https://www.yakimaherald.com/news/northwest/here-s-what-the-wa-legislature-expects-to-tackle-on-climate-and-environment-in-2023/article_5a34c68f-774a-5105-bce4-92fdff7186e5.html,https://www.yakimaherald.com/news/northwest/here-s-what-the-wa-legislature-expects-to-tackle-on-climate-and-environment-in-2023/article_5a34c68f-774a-5105-bce4-92fdff7186e5.amp.html,Here what the WA Legislature expects to tackle on climate and environment in 2023 | Northwest,20230103T154500Z,https://bloximages.newyork1.vip.townnews.com/yakimaherald.com/content/tncms/assets/v3/editorial/d/12/d128fb43-5326-585f-b626-023dc3989dab/63b2e465073ce.image.jpg?crop=1659%2C871%2C0%2C189,yakimaherald.com,English,United States
https://www.gfmag.com/magazine/january-2023/energy-transition,,Energy Transition | Global Finance Magazine,20230103T164500Z,https://d2tyltutevw8th.cloudfront.net/CACHE/images/media/image/energy-transition-1200-1672684343/cb6d94326ad8fbd90e7d94cb9af1da79.png,gfmag.com,English,China
https://www.northwestgeorgianews.com/tribune/regional/editorial-new-laws-will-help-state-reduce-emissions/article_9aa7f244-dd4a-5945-a7a2-92924bb483e0.html,,EDITORIAL : New laws will help state reduce emissions,20230103T164500Z,https://bloximages.newyork1.vip.townnews.com/northwestgeorgianews.com/content/tncms/custom/image/c64789fc-5b19-11e6-80be-3f5962a3a1a4.jpg,northwestgeorgianews.com,English,United States
https://www.einnews.com/pr_news/609312986/what-to-expect-on-climate-change-from-the-new-congress,,What to expect on climate change from the New Congress,20230103T174500Z,,einnews.com,English,United States
https://www.bigcountrynewsconnection.com/local/biomethane-plant-proposed-for-central-washington-state/article_60d185d5-d404-56b1-ad0d-5104792a51fe.html,,Biomethane Plant Proposed for Central Washington State,20230103T180000Z,https://bloximages.newyork1.vip.townnews.com/bigcountrynewsconnection.com/content/tncms/assets/v3/editorial/0/e3/0e3d7642-8b72-11ed-81a2-df3d917108bb/63b43a41eecf4.image.jpg?crop=1919%2C1007%2C0%2C36,bigcountrynewsconnection.com,English,
https://www.wenatcheeworld.com/news/heres-what-the-wa-legislature-expects-to-tackle-on-climate-and-environment-in-2023/article_67c50962-8b7e-11ed-b3e7-370043da56a3.html,,Here what the WA Legislature expects to tackle on climate and environment in 2023,20230103T181500Z,https://bloximages.newyork1.vip.townnews.com/wenatcheeworld.com/content/tncms/custom/image/da02397a-3a18-11e9-85cd-7b72de84ee83.jpg,wenatcheeworld.com,English,United States
https://www.bworldonline.com/top-stories/2023/01/04/496354/imf-says-carbon-pricing-may-raise-7-b-revenues/,https://www.bworldonline.com/top-stories/2023/01/04/496354/imf-says-carbon-pricing-may-raise-7-b-revenues/?amp,IMF says carbon pricing may raise $7 - B revenues - BusinessWorld Online,20230103T204500Z,https://www.bworldonline.com/wp-content/uploads/2023/01/motorists.jpg,bworldonline.com,English,Philippines
https://advancedbiofuelsusa.info/sustainable-aviation-fuel-offers-flight-path-to-net-zero-air-travel/,,Sustainable Aviation Fuel Offers Flight Path to Net - Zero Air Travel – Advanced BioFuels united states ,20230103T221500Z,,advancedbiofuelsusa.info,English,United States
https://www.theepochtimes.com/what-to-watch-out-for-in-australias-energy-sector-in-2023_4957995.html,,What to Watch Out for in Australia Energy Sector in 2023 ? ,20230103T234500Z,https://img.theepochtimes.com/assets/uploads/2022/11/10/20180709001353299282-original-min-1200x785.jpg,theepochtimes.com,English,United States
https://www.jdsupra.com/legalnews/regulation-eu-reaches-agreement-on-6070681/,,"Regulation : EU Reaches Agreement on Carbon Border Tax | Cadwalader , Wickersham & Taft LLP",20230103T234500Z,https://jdsupra-static.s3.amazonaws.com/profile-images/og.12314_4540.jpg,jdsupra.com,English,United States
https://www.business2community.com/crypto-news/carbon-offset-trailblazer-impt-set-for-multi-million-carbon-credit-deal-before-the-end-of-january-02598274,,Carbon Offset Trailblazer IMPT Set For Multi - Million Carbon Credit Deal Before the End of January,20230104T003000Z,https://www.business2community.com/wp-content/uploads/2022/12/impt-pic.png,business2community.com,English,United States
https://onlinelibrary.wiley.com/doi/full/10.1002/eet.2042,,The influence of COVID ‐ 19 on modes of governance for climate change Expert views from the Netherlands and the united kingdom ,20230104T023000Z,https://onlinelibrary.wiley.com/cms/asset/90681860-96b9-4c03-b1f8-8543c959c682/eet.v32.6.cover.jpg?trick=1672798656867,onlinelibrary.wiley.com,English,United States
https://advancedbiofuelsusa.info/higher-gas-prices-or-a-path-toward-a-better-future-heres-what-you-need-to-know-about-2-inslee-backed-climate-laws-effective-jan-1/,,Higher Gas Prices or a Path toward a Better Future ? Here What You Need to Know about 2 Inslee - Backed Climate Laws Effective Jan . 1 – Advanced BioFuels united states ,20230104T023000Z,,advancedbiofuelsusa.info,English,United States
https://au.finance.yahoo.com/news/macquarie-rejects-90-carbon-projects-054638573.html,https://au.finance.yahoo.com/amphtml/news/macquarie-rejects-90-carbon-projects-054638573.html,Macquarie Rejects 90 % of Carbon Projects on Quality Concerns,20230104T040000Z,https://s.yimg.com/ny/api/res/1.2/RV0pJjEz._67ADb51.rPDQ--/YXBwaWQ9aGlnaGxhbmRlcjt3PTEyMDA7aD03OTk-/https://media.zenfs.com/en/bloomberg_markets_842/78029073961c438c9c8664b8e2c5c7bf,au.finance.yahoo.com,English,United States
https://www.businessdailyafrica.com/bd/economy/how-january-taxes-will-hit-consumers-companies--4074812,https://www.businessdailyafrica.com/bd/economy/how-january-taxes-will-hit-consumers-companies--4074812?view=htmlamp,"How January taxes will hit consumers , companies",20230104T053000Z,https://www.businessdailyafrica.com/resource/blob/4064360/5468c76829861377f41a1777af1565bf/kra-data.jpg,businessdailyafrica.com,English,Kenya
https://www.bigcountrynewsconnection.com/news/state/washington/washington-gas-prices-drop-slightly/article_667d77c9-127a-56ea-8635-b92ef59cfede.html,,Washington gas prices drop slightly,20230104T064500Z,https://bloximages.newyork1.vip.townnews.com/bigcountrynewsconnection.com/content/tncms/assets/v3/editorial/9/d6/9d652cbb-5921-5d96-88b2-65335c9bb300/6332088b98bb7.image.jpg?crop=1763%2C926%2C0%2C124,bigcountrynewsconnection.com,English,
https://www.nbcrightnow.com/news/state/washington-gas-prices-drop-slightly/article_9035a494-166c-59e1-8d75-f642767af32f.html,,Washington gas prices drop slightly,20230104T111500Z,https://bloximages.newyork1.vip.townnews.com/nbcrightnow.com/content/tncms/custom/image/0c0acdd4-cbf5-11e8-ac89-4fb1b5fd70a7.jpg,nbcrightnow.com,English,United States
https://www.einnews.com/pr_news/607135670/landmark-pilot-signals-a-connected-transparent-and-secure-future-for-carbon-markets,,"Landmark Pilot Signals a Connected , Transparent and Secure Future for Carbon Markets",20230104T121500Z,,einnews.com,English,United States
https://www.businessworld.in/article/Expect-Budget-To-Provide-Export-Incentives-For-Green-Hydrogen-And-Ammonia-Vineet-Mittal-Avaada-Group/04-01-2023-460358/,https://businessworld.in/amp/article/Expect-Budget-To-Provide-Export-Incentives-For-Green-Hydrogen-And-Ammonia-Vineet-Mittal-Avaada-Group/04-01-2023-460358,Expect Budget To Provide Export Incentives For Green Hydrogen And Ammonia Vineet Mittal Avaada Group,20230104T130000Z,https://static.businessworld.in/article/article_extra_large_image/1672835471_2cMKQS_mittal.jpg,businessworld.in,English,India
https://newsbtc.com/news/company/9-best-low-supply-crypto-coins-to-invest-in-2023/,https://newsbtc.com/news/company/9-best-low-supply-crypto-coins-to-invest-in-2023/amp/,9 Best Low Supply Crypto Coins to Invest in 2023,20230104T134500Z,https://newsbtc.com/wp-content/uploads/2023/01/stock-market-chart-technology-blue-background-860x573.jpg,newsbtc.com,English,United States
https://www.economist.com/by-invitation/2023/01/04/paschal-donohoe-on-how-the-euro-will-thrive-in-spite-of-the-war-in-ukraine,,Paschal Donohoe on how the euro will thrive in spite of the war in Ukraine,20230104T144500Z,https://www.economist.com/img/b/1280/720/90/media-assets/image/20221217_BID005.jpg,economist.com,English,United States
https://www.lexology.com/library/detail.aspx?g=84ecf057-def4-44cd-8776-825ba26f5daa,,EU agrees reforms to its carbon market,20230104T160000Z,,lexology.com,English,United States
https://www.union-bulletin.com/opinion/editorials/other-views-new-laws-will-help-state-reduce-emissions/article_395dd0a2-8ba8-11ed-a76a-9f6b59e6c07b.html,,Other Views : New laws will help state reduce emissions,20230104T160000Z,https://bloximages.newyork1.vip.townnews.com/union-bulletin.com/content/tncms/assets/v3/editorial/3/95/395dd0a2-8ba8-11ed-a76a-9f6b59e6c07b/63b495d0a2e23.preview.jpg?crop=1763%2C926%2C0%2C124,union-bulletin.com,English,United States
https://www.heraldscotland.com/opinion/23225203.politicians-say-electric-will-save-planet-truth-complicated/,,Politicians say electric will save planet but truth is complicated,20230104T163000Z,https://www.heraldscotland.com/resources/images/16320213/?type=og-image,heraldscotland.com,English,United Kingdom
https://www.politico.com/newsletters/the-long-game/2023/01/04/the-climate-tech-startup-getting-a-huge-boost-from-the-ira-00076318,,The climate tech startup getting a huge boost from the IRA,20230104T183000Z,https://static.politico.com/8a/48/969aa920457bb2af68fc3d76536b/2023-01-04-cave-lg.png,politico.com,English,United States
https://lao.ca.gov/Publications/Report/4656,,Assessing California Climate Policies The 2022 Scoping Plan Update,20230104T190000Z,,lao.ca.gov,English,United States
https://www.thestranger.com/slog-am/2023/01/04/78799098/slog-am-alex-pedersen-wont-run-again-trump-tries-to-settle-speaker-beef-and-fda-lets-pharmacies-sell-medication-abortion,,"Slog AM : Alex Pedersen Wont Run Again , Trump Tries to Settle Speaker Beef , and FDA Lets Pharmacies Sell Medication Abortion",20230104T191500Z,https://media1.fdncms.com/stranger/imager/u/large/78799199/gettyimages-1449159982.jpg,thestranger.com,English,United States
https://www.jdsupra.com/legalnews/what-california-s-2022-carbon-4658590/,,What California 2022 Carbon Neutrality Scoping Plan Means for CEQA and Housing | Nossaman LLP,20230104T201500Z,https://jdsupra-static.s3.amazonaws.com/profile-images/og.15042_352.jpg,jdsupra.com,English,United States
https://www.gloucestertimes.com/news/grant-money-to-pay-for-green-projects/article_58d9347c-59e0-5a2a-908d-d1ff028c5086.html,,Grant money to pay for green projects,20230105T011500Z,https://bloximages.chicago2.vip.townnews.com/gloucestertimes.com/content/tncms/custom/image/f7ca64c6-9798-11e5-8fc6-73d2f281fad3.jpg,gloucestertimes.com,English,United States
https://www.thecentersquare.com/washington/inslee-praises-major-achievements-in-start-of-two-clean-energy-reforms-in-washington/article_af940d56-8c8c-11ed-bef2-cbba5670fdf2.html,https://www.thecentersquare.com/washington/inslee-praises-major-achievements-in-start-of-two-clean-energy-reforms-in-washington/article_af940d56-8c8c-11ed-bef2-cbba5670fdf2.amp.html,Inslee praises  major achievement in start of two clean energy reforms in Washington | Washington,20230105T011500Z,https://bloximages.newyork1.vip.townnews.com/thecentersquare.com/content/tncms/assets/v3/editorial/e/29/e29db774-5c44-11ed-a246-a3eb90f54188/6365144b7dd1e.image.jpg?crop=1921%2C1009%2C0%2C35,thecentersquare.com,English,
https://www.autobodynews.com/washington-think-tank-questions-claim-that-greenhouse-gas-policies-working-as-intended.html,,Washington Think Tank Questions Emissions Claims,20230105T011500Z,,autobodynews.com,English,United States
https://www.eagletribune.com/news/boston/grant-money-to-pay-for-green-projects/article_4f324f6a-8c67-11ed-8c90-633bb122e410.html,,Grant money to pay for green projects,20230105T013000Z,https://bloximages.chicago2.vip.townnews.com/eagletribune.com/content/tncms/custom/image/ae213140-df8c-11e7-b06d-b798580d75a5.jpg,eagletribune.com,English,United States
https://www.bbc.com/storyworks/advertiser-content/building-a-better-australia/how-could-carbon-markets-move-australia-towards-a-net-zero-economy,,How could carbon markets move Australia towards a net zero economy - article | Building A Better Australia,20230105T023000Z,https://ychef.files.bbci.co.uk/960_540/p0cb43tt.jpg,bbc.com,English,United Kingdom
https://www.theneweuropean.co.uk/the-children-of-the-revolution/,,The children of the revolution,20230105T024500Z,https://www.theneweuropean.co.uk/wp-content/uploads/sites/2/2023/01/323_SUNA_WEB.jpg,theneweuropean.co.uk,English,United Kingdom
https://www.heritage.org/environment/report/renewable-electricity-standard-what-it-will-really-cost-americans,,A Renewable Electricity Standard : What It Will Really Cost Americans,20230105T044500Z,https://www.heritage.org/themes/heritage/src/images/bell.png,heritage.org,English,United States
https://english.news.cn/20230105/c420f0573a5140f4b767b66d62ea3aae/c.html,,Interview : Minister of Natural Resources on unleashing China development vitality - Xinhua,20230105T090000Z,,english.news.cn,English,
http://www.china.org.cn/china/Off_the_Wire/2023-01/05/content_85041720.htm,,Interview : Minister of Natural Resources on unleashing China development vitality,20230105T100000Z,,china.org.cn,English,China
https://www.inlander.com/spokane/the-top-environmental-bills-on-the-upcoming-washington-legislative-agenda-include-planting-trees-and-steering-people-away-from-gas-powered-car/Content?oid=25222827,https://www.inlander.com/spokane/the-top-environmental-bills-on-the-upcoming-washington-legislative-agenda-include-planting-trees-and-steering-people-away-from-gas-powered-car/Content?oid=25222827 =AMP+HTML,The top environmental bills on the upcoming Washington legislative agenda include planting trees and steering people away from gas - powered cars but nothing as ambitious as years past,20230105T103000Z,https://media2.fdncms.com/inlander/imager/u/slideshow/25222825/news1-1-3e1bc3f07306d2a4.jpg,inlander.com,English,United States
https://www.salemnews.com/news/beverly-swampscott-land-grants-for-green-projects/article_899b8b6b-e1d1-570f-b2a9-f2622780576f.html,,"Beverly , Swampscott land grants for green projects",20230105T103000Z,https://bloximages.chicago2.vip.townnews.com/salemnews.com/content/tncms/custom/image/29c67f80-6b81-11e5-9882-1ba0e94cc00f.jpg,salemnews.com,English,United States
https://www.digitaljournal.com/pr/carbon-offset-carbon-credit-trading-service-market-forecast-2023-2028-development-strategy-future-trends-revenue-and-gross-margin-business-strategies-geographical-analysis-leading-players-upd,,"Carbon Offset / Carbon Credit Trading Service Market Forecast ( 2023 - 2028 ) - Development Strategy , Future Trends , Revenue and Gross Margin , Business Strategies , Geographical Analysis , Leading Players Updates and Forecast Research Report",20230105T110000Z,,digitaljournal.com,English,United States
https://www.finextra.com/blogposting/23502/5-fintech--insurtech-predictions-from-a-specialised-vc,,5 Fintech / Insurtech predictions from a specialised VC,20230105T113000Z,https://www.finextra.com/finextra-images/member_photos/thumb_131550_michele_foradori.jpg,finextra.com,English,United Kingdom
https://coingape.com/top-carbon-credit-exchanges/,,Top 6 Carbon Credit Exchange for 2023,20230105T120000Z,https://cdn.coingape.com/wp-content/uploads/2023/01/05162634/cce.jpg,coingape.com,English,
http://en.people.cn/n3/2023/0105/c90000-10192308.html,,Interview : Minister of Natural Resources on unleashing China development vitality,20230105T123000Z,,en.people.cn,English,China
https://www.offshore-energy.biz/dnv-rsi-kick-start-baltic-and-north-sea-green-fleet-renewal-study/,,"DNV , RSI kick start Baltic and North Sea green fleet renewal study",20230105T123000Z,https://www.offshore-energy.biz/wp-content/uploads/sites/6/2023/01/Hannes_von_Knorring_and_Sebastian_Tamm_at_EFO.jpg,offshore-energy.biz,English,
http://www.ruthfullyyours.com/page/8488/,,RUTHFULLY YOURS,20230105T134500Z,,ruthfullyyours.com,English,United States
https://en.interfax.com.ua/news/interview/882690.html,https://en.interfax.com.ua/news/interview/882690-amp.html,"Rebuilding efforts will help make Ukraine an attractive , green economy – EC Executive Vice - President Timmermans",20230105T141500Z,https://media.interfax.com.ua/media/thumbs/images/2023/01/JLd8SsLbaO3J.jpg,en.interfax.com.ua,English,Ukraine
https://accelerationeconomy.com/cloud-wars/horizon/how-sustainability-startup-toucan-uses-defi-to-support-carbon-offset-goals/,,How Sustainability Startup Toucan Uses DeFi to Support Carbon Offset Goals,20230105T161500Z,https://accelerationeconomy.com/wp-content/uploads/2023/01/Shutterstock_2116722692.jpg,accelerationeconomy.com,English,
https://newsbtc.com/news/company/top-8-cryptocurrency-projects-for-the-future-to-buy-in-2023/,https://newsbtc.com/news/company/top-8-cryptocurrency-projects-for-the-future-to-buy-in-2023/amp/,Top 8 Cryptocurrency Projects For the Future to Buy in 2023,20230105T161500Z,https://newsbtc.com/wp-content/uploads/2023/01/ecommerce-3530785_1920.jpg,newsbtc.com,English,United States
https://www.ship-technology.com/news/dnv-rsi-green-fuelled/,,"DNV , RSI begin study for framework for green - fuelled newbuilds",20230105T161500Z,https://www.ship-technology.com/wp-content/uploads/sites/8/2023/01/DNV-and-RSI-launch-Baltic-and-North-Sea-green-fleet-renewal-study_1288x511_tcm8-237479.jpg,ship-technology.com,English,United States
https://eandt.theiet.org/content/articles/2023/01/mps-recommend-national-mobilisation-to-reach-net-zero/,,MPs recommend  national mobilisation  to reach net zero,20230105T170000Z,"https://eandt.theiet.org/media/20300/uk-energy-homes.jpg?crop=0,0.32375000000000004,0,0.18406249999999993&cropmode=percentage&rnd=133173960660000000",eandt.theiet.org,English,United Kingdom
https://www.capitalpress.com/climate_changed/inslee-celebrates-coming-cap-and-trade-auctions/article_da8f0d66-8c7e-11ed-a5f8-f7508c809034.html,,Inslee celebrates coming cap - and - trade auctions,20230105T171500Z,https://bloximages.newyork1.vip.townnews.com/capitalpress.com/content/tncms/assets/v3/editorial/9/9e/99e80792-8c95-11ed-98f1-27e6bea53ee9/61fb1d4d34002.image.jpg?crop=406%2C407%2C43%2C25,capitalpress.com,English,United States
https://www.thehindubusinessline.com/opinion/trust-the-market-to-put-the-nation-on-a-sustainable-net-zero-path/article66343284.ece,https://www.thehindubusinessline.com/opinion/trust-the-market-to-put-the-nation-on-a-sustainable-net-zero-path/article66343284.ece/amp/,Trust the market to put the nation on a sustainable net - zero path,20230105T171500Z,https://bl-i.thgim.com/public/incoming/4xrr1r/article66343310.ece/alternates/LANDSCAPE_1200/IMG_BL1912_Gavel_Lead_2_1_VDAL5JUP.jpg,thehindubusinessline.com,English,India
https://www.finanznachrichten.de/nachrichten-2023-01/57991913-uk-carbon-credit-technology-pioneer-changeblock-completes-merger-with-canadian-esg-capital-markets-firm-carbon12-004.htm,,UK Carbon - Credit Technology Pioneer Changeblock Completes Merger with Canadian ESG Capital Markets Firm Carbon12,20230105T180000Z,https://cts.businesswire.com/ct/CT?id=bwnews&sty=20230105005849r1&sid=gefi2&distro=ftp,finanznachrichten.de,English,Germany
https://capital.com/impt-io-impt-token-carbon-credit-launch-details,https://capital.com/amp/impt-io-impt-token-carbon-credit-launch-details,IMPT . io : When does the carbon credit marketplace go live and when does registration open ? ,20230105T180000Z,,capital.com,English,United Kingdom
https://www.businesswire.com/news/home/20230105005849/en/UK-Carbon-Credit-Technology-Pioneer-Changeblock-Completes-Merger-with-Canadian-ESG-Capital-Markets-Firm-Carbon12,,UK Carbon - Credit Technology Pioneer Changeblock Completes Merger with Canadian ESG Capital Markets Firm Carbon12,20230105T180000Z,,businesswire.com,English,United States
https://shipandbunker.com/news/world/620809-feature-bunker-industry-faces-downturn-in-2023-after-2022s-record-margins,,FEATURE Bunker Industry Faces Downturn in 2023 After 2022 Record Margins,20230105T190000Z,https://shipandbunker.cdn.speedyrails.net/a/img/_mt_ae7a8604152abadaa7cee003907ee0b2.jpg,shipandbunker.com,English,Singapore
https://uspolitics.einnews.com/pr_news/609701243/why-20-votes-matter-in-california-washington-d-c,,"Why 20 votes matter in California , Washington , D . C . ",20230105T191500Z,,uspolitics.einnews.com,English,United States
https://seekingalpha.com/article/4568089-post-cop27-carbon-markets-turn-focus-to-pricing,,"Post - COP27 , Carbon Markets Turn Focus To Pricing",20230105T194500Z,https://static.seekingalpha.com/cdn/s3/uploads/getty_images/1439718716/image_1439718716.jpg?io=getty-c-w750,seekingalpha.com,English,United States
https://www.housingfinance.com/developments/san-jose-project-receives-64-million-in-state-bond-award_o,,San Jose Project Receives $64 Million in State Bond Award,20230105T201500Z,https://cdnassets.hw.net/fa/fe/f5f3019847258bdf49c9ebd8c89f/tamien-affordable-rendering.png,housingfinance.com,English,United States
https://montrealgazette.com/opinion/quebec-bashers-distorting-facts-on-carbon-pricing/wcm/cbfe4034-99a5-44ef-af75-5656af971e89,https://montrealgazette.com/opinion/quebec-bashers-distorting-facts-on-carbon-pricing/wcm/cbfe4034-99a5-44ef-af75-5656af971e89/amp/,André Pratte : Quebec bashers are distorting the facts on carbon pricing,20230105T201500Z,https://smartcdn.gprod.postmedia.digital/montrealgazette/wp-content/uploads/2022/12/gas-pump.jpg,montrealgazette.com,English,Canada
https://www.marinelog.com/legal-safety/environment/baltic-and-north-sea-green-fleet-renewal-study-launches/,,Baltic and North Sea green fleet renewal study launches,20230105T214500Z,https://www.marinelog.com/wp-content/uploads/2023/01/Hannes_von_Knorring_and_Sebastian_Tamm_at_EFO83.jpg,marinelog.com,English,United States
https://newsbtc.com/news/company/10-best-crypto-coins-to-watch-in-2023-with-the-most-potential-2/,https://newsbtc.com/news/company/10-best-crypto-coins-to-watch-in-2023-with-the-most-potential-2/amp/,10 Best Crypto Coins to Watch in 2023 With the Most Potential,20230105T224500Z,https://newsbtc.com/wp-content/uploads/2023/01/number-437928_1920.jpg,newsbtc.com,English,United States
https://www.jdsupra.com/legalnews/recent-developments-in-singapore-green-4341638/,,Recent Developments in Singapore Green Transition | Akin Gump Strauss Hauer & Feld LLP,20230106T011500Z,https://jdsupra-static.s3.amazonaws.com/profile-images/og.15281_4342.jpg,jdsupra.com,English,United States
https://www.hellenicshippingnews.com/dnv-and-rsi-launch-baltic-and-north-sea-green-fleet-renewal-study/,,DNV and RSI launch Baltic and North Sea green fleet renewal study | Hellenic Shipping News Worldwide,20230106T011500Z,,hellenicshippingnews.com,English,China
https://timesofindia.indiatimes.com/city/ahmedabad/gujarat-pollution-control-board-to-start-emission-trading-in-ahmedabad/articleshow/96583199.cms,https://m.timesofindia.com/city/ahmedabad/gujarat-pollution-control-board-to-start-emission-trading-in-ahmedabad/amp_articleshow/96583199.cms,Gujarat Pollution Control Board to start emission trading in Ahmedabad | Ahmedabad News,20230106T011500Z,"https://static.toiimg.com/thumb/msid-96583216,width-1070,height-580,imgsize-1018967,resizemode-75,overlay-toi_sw,pt-32,y_pad-40/photo.jpg",timesofindia.indiatimes.com,English,India
https://www.oc-breeze.com/2023/01/04/222973_assessing-californias-climate-policies-the-2022-scoping-plan-update/,,Assessing California climate policies The 2022 Scoping Plan update,20230106T013000Z,https://www.oc-breeze.com/wp-content/uploads/2017/01/California-LAO-Legislative-Analysts-Office-20170107.jpg,oc-breeze.com,English,United States
https://maritime-executive.com/article/swedish-charterers-work-with-dnv-to-define-green-fleet-renewal,,Swedish Charterers Work with DNV to Define Green Fleet Renewal,20230106T014500Z,https://maritime-executive.com/media/images/article/Photos/Vessels_Large/Bulker-sailing-Ukraine.5a88f4.jpg,maritime-executive.com,English,United States
https://www.maritime-executive.com/article/swedish-charterers-work-with-dnv-to-define-green-fleet-renewal,,Swedish Charterers Work with DNV to Define Green Fleet Renewal,20230106T023000Z,https://maritime-executive.com/media/images/article/Photos/Vessels_Large/Bulker-sailing-Ukraine.5a88f4.jpg,maritime-executive.com,English,United States
https://www.heritage.org/environment/report/beware-cap-and-trade-climate-bills,,Beware of Cap and Trade Climate Bills,20230106T044500Z,https://www.heritage.org/themes/heritage/src/images/bell.png,heritage.org,English,United States
https://www.heritage.org/environment/commentary/claim-check-needs-do-fact-checks,,Claim Check Needs to Do Fact Checks,20230106T044500Z,https://www.heritage.org/themes/heritage/src/images/bell.png,heritage.org,English,United States
https://news.metal.com/newscontent/102058630/rusal-eyes-growing-demand-for-low-carbon-aluminium-in-china-and-shares-its-views-on-the-price-advantage-of-low-carbon-aluminium-over-thermal-power-aluminium-at-the-smm-annual-metals-conference,,Rusal Eyes Growing Demand for Low - Carbon Aluminium in China and Shares Its Views on the Price Advantage of Low - Carbon Aluminium over Thermal Power Aluminium at the SMM Annual Metals Conference _ SMM,20230106T061500Z,,news.metal.com,English,China
https://www.yourdemocracy.net.au/drupal/node/46675,,anthropological warming ...... ,20230106T063000Z,https://yourdemocracy.net/drupal/files/images/earth-heat-map-data.preview_1.png,yourdemocracy.net.au,English,Australia
https://www.energy-pedia.com/news/united-kingdom/the-value-of-seismic-data-for-carbon-storage-site-characterization-190118,,The value of seismic data for carbon storage site characterization,20230106T090000Z,,energy-pedia.com,English,United Kingdom
https://energy.einnews.com/pr_news/609859056/community-windpower-welcomes-commons-committee-report-urging-government-not-to-damage-low-carbon-electricity-investment,,Community Windpower welcomes Commons Committee report urging Government not to damage low - carbon electricity investment,20230106T114500Z,,energy.einnews.com,English,United States
https://www.einnews.com/pr_news/609859056/community-windpower-welcomes-commons-committee-report-urging-government-not-to-damage-low-carbon-electricity-investment,,Community Windpower welcomes Commons Committee report urging Government not to damage low - carbon electricity investment,20230106T114500Z,,einnews.com,English,United States
https://bellona.org/news/climate-change/2023-01-swedish-presidency-of-the-eu-council-what-this-means-for-climate-action,,Swedish Presidency of the EU Council : What this means for climate action,20230106T130000Z,https://network.bellona.org/content/uploads/sites/3/2023/01/SE.png,bellona.org,English,Russia
https://www.argusleader.com/story/news/2023/01/06/puc-moves-summit-carbon-pipeline-hearing-to-september/69782858007/,,PUC moves Summit Carbon pipeline hearing to September,20230106T150000Z,"https://www.gannett-cdn.com/presto/2022/08/02/PSIF/cddc20e6-d409-4d3c-9be8-e0643ffa49aa-DSC_0146_5.JPG?auto=webp&crop=5999,3375,x0,y305&format=pjpg",argusleader.com,English,United States
https://www.business2community.com/crypto-news/democratizing-carbon-credits-is-overdue-but-this-crypto-project-solves-that-with-new-take-on-ev-charging-02600714,,Democratizing Carbon Credits is Overdue But This Crypto Project Solves That With New Take on EV Charging,20230106T174500Z,https://www.business2community.com/wp-content/uploads/2023/01/cchg-3.png,business2community.com,English,United States
https://www.thecentersquare.com/california/report-california-air-resources-board-plan-falls-short-in-addressing-california-s-climate-goals/article_06ecce9e-8de6-11ed-8cc5-276f98355d43.html,https://www.thecentersquare.com/california/report-california-air-resources-board-plan-falls-short-in-addressing-california-s-climate-goals/article_06ecce9e-8de6-11ed-8cc5-276f98355d43.amp.html,Report : California Air Resources Board plan falls short in addressing California climate goals | California,20230106T181500Z,https://bloximages.newyork1.vip.townnews.com/thecentersquare.com/content/tncms/assets/v3/editorial/2/3e/23e1fe42-8de7-11ed-bb0c-035a10caf4b2/63b859c4dbdc5.image.jpg?crop=1024%2C538%2C0%2C58,thecentersquare.com,English,
https://www.northernnews.ca/opinion/randall-denley-doug-ford-is-on-the-path-to-repeat-the-doomed-green-energy-plans-of-the-liberals,https://www.northernnews.ca/opinion/randall-denley-doug-ford-is-on-the-path-to-repeat-the-doomed-green-energy-plans-of-the-liberals/wcm/2a597308-e8fe-4ce7-9fa6-0e01c93d377a/amp/,Doug Ford is on the path to repeat doomed green energy plans,20230106T203000Z,https://smartcdn.gprod.postmedia.digital/nationalpost/wp-content/uploads/2023/01/gm-brightdrop-canada.jpg,northernnews.ca,English,Canada
https://www.breitbart.com/politics/2023/01/06/official-report-california-lacks-a-clear-strategy-for-meeting-climate-goals/,https://www.breitbart.com/politics/2023/01/06/official-report-california-lacks-a-clear-strategy-for-meeting-climate-goals/amp/,Official Report : California  Lacks a Clear Strategy  for Meeting Climate Goals,20230106T224500Z,https://media.breitbart.com/media/2020/09/Gavin-Newsom-Electric-Car-640x335.jpg,breitbart.com,English,United States
https://www.lexology.com/library/detail.aspx?g=48c4dcd4-84b7-4b04-89f9-bca56594281d,,Key Takeaways from COP27,20230107T011500Z,,lexology.com,English,United States
https://www.heritage.org/report/solutions-america-meeting-americas-energy-and-environmental-needs,,Solutions for America : Meeting America Energy and Environmental Needs,20230107T024500Z,https://www.heritage.org/themes/heritage/src/images/bell.png,heritage.org,English,United States
https://www.telegraph.co.uk/news/2023/01/06/brexit-surrendered-declinist-europhile-establishment/,,Brexit is being surrendered to the declinist Europhile establishment,20230107T034500Z,,telegraph.co.uk,English,United Kingdom
https://dialogochino.net/en/trade-investment/60208-carbon-market-argentina-cop27-growth-concerns/,,Carbon markets in Argentina see growth and concerns as COP27 looms,20230107T061500Z,,dialogochino.net,English,
https://dnews.com/local/wash-legislators-gear-up-for-2023-session/article_f7282bea-bb62-5100-80fa-7fec95b955db.html,,Wash . legislators gear up for 2023 session,20230107T091500Z,https://bloximages.newyork1.vip.townnews.com/dnews.com/content/tncms/assets/v3/editorial/0/b0/0b0e0860-7927-5619-a711-1f59a31e714a/639ac60b0a707.image.jpg?crop=250%2C250%2C0%2C50,dnews.com,English,United States
https://lmtribune.com/northwest/washington-legislators-gear-up-for-2023-session/article_ee1fb4f6-2c80-5095-8b4a-705d079c0013.html,,Washington legislators gear up for 2023 session,20230107T100000Z,https://bloximages.newyork1.vip.townnews.com/lmtribune.com/content/tncms/assets/v3/editorial/c/1b/c1b30190-2d20-56cf-8b48-d921a2030684/62e22d1044f9e.image.jpg?crop=452%2C452%2C0%2C103,lmtribune.com,English,United States
https://www.newburyportnews.com/news/georgetown-west-newbury-receive-grants-for-green-projects/article_b5e9521a-8c78-11ed-842a-f79be4de7d41.html,,"Georgetown , West Newbury receive grants for green projects",20230107T101500Z,https://bloximages.chicago2.vip.townnews.com/newburyportnews.com/content/tncms/custom/image/867ad2ec-8965-11e5-8451-8f0d0d73f7e3.jpg,newburyportnews.com,English,United States
https://www.thescottishfarmer.co.uk/news/23234015.farmers-push-back-afforestation-plans-new-zealand/,,Farmers push back on afforestation plans in New Zealand,20230107T161500Z,https://www.thescottishfarmer.co.uk/resources/images/16331025/?type=og-image,thescottishfarmer.co.uk,English,United Kingdom
https://www.eastoregonian.com/opinion/columnists/around-oregon-governing-is-the-art-of-relationships/article_7a34ef88-28ac-5922-911b-dbf0be099d68.html,,Around Oregon : Governing is the art of relationships,20230107T191500Z,https://bloximages.newyork1.vip.townnews.com/eastoregonian.com/content/tncms/assets/v3/editorial/7/a3/7a34ef88-28ac-5922-911b-dbf0be099d68/63b6e64588d32.preview.jpg?crop=1000%2C525%2C0%2C73,eastoregonian.com,English,United States
https://www.wwno.org/people/emily-guerin,,Emily Guerin,20230107T224500Z,http://mediad.publicbroadcasting.net/p/kvnf/files/201402/emily_photo.jpg,wwno.org,English,United States
https://www.southcarolinapublicradio.org/people/emily-guerin,,Emily Guerin,20230107T230000Z,http://mediad.publicbroadcasting.net/p/kvnf/files/201402/emily_photo.jpg,southcarolinapublicradio.org,English,United States
https://www.weaa.org/people/emily-guerin,,Emily Guerin,20230107T231500Z,http://mediad.publicbroadcasting.net/p/kvnf/files/201402/emily_photo.jpg,weaa.org,English,United States
https://www.publicradioeast.org/people/emily-guerin,,Emily Guerin,20230107T234500Z,http://mediad.publicbroadcasting.net/p/kvnf/files/201402/emily_photo.jpg,publicradioeast.org,English,United States
https://www.ksut.org/people/emily-guerin,,Emily Guerin,20230107T234500Z,http://mediad.publicbroadcasting.net/p/kvnf/files/201402/emily_photo.jpg,ksut.org,English,United States
https://www.wmra.org/people/emily-guerin,,Emily Guerin,20230108T000000Z,http://mediad.publicbroadcasting.net/p/kvnf/files/201402/emily_photo.jpg,wmra.org,English,United States
https://www.wrkf.org/people/emily-guerin,,Emily Guerin,20230108T001500Z,http://mediad.publicbroadcasting.net/p/kvnf/files/201402/emily_photo.jpg,wrkf.org,English,United States
https://www.krcu.org/people/emily-guerin,,Emily Guerin,20230108T003000Z,http://mediad.publicbroadcasting.net/p/kvnf/files/201402/emily_photo.jpg,krcu.org,English,United States
https://www.wuwf.org/people/emily-guerin,,Emily Guerin,20230108T004500Z,http://mediad.publicbroadcasting.net/p/kvnf/files/201402/emily_photo.jpg,wuwf.org,English,United States
https://www.wboi.org/people/emily-guerin,,Emily Guerin,20230108T011500Z,http://mediad.publicbroadcasting.net/p/kvnf/files/201402/emily_photo.jpg,wboi.org,English,United States
https://www.wnmufm.org/people/emily-guerin,,Emily Guerin,20230108T013000Z,http://mediad.publicbroadcasting.net/p/kvnf/files/201402/emily_photo.jpg,wnmufm.org,English,United States
https://www.ksmu.org/people/emily-guerin,,Emily Guerin,20230108T013000Z,http://mediad.publicbroadcasting.net/p/kvnf/files/201402/emily_photo.jpg,ksmu.org,English,United States
https://www.knau.org/people/emily-guerin,,Emily Guerin,20230108T013000Z,http://mediad.publicbroadcasting.net/p/kvnf/files/201402/emily_photo.jpg,knau.org,English,United States
https://radio.wpsu.org/people/emily-guerin,,Emily Guerin,20230108T014500Z,http://mediad.publicbroadcasting.net/p/kvnf/files/201402/emily_photo.jpg,radio.wpsu.org,English,United States
https://koreatimes.co.kr/www/biz/2022/12/126_341653.html,https://m.koreatimes.co.kr/pages/article.amp.asp?newsIdx=341653,Hana Securities signs MOU to promote voluntary carbon market,20230108T020000Z,https://koreatimes-bucket.s3.ap-northeast-2.amazonaws.com/IMAGE/upload/newsV2/images/202212/e9a5524deefe4a20bad2f1b085ead11e.jpg,koreatimes.co.kr,English,South Korea
https://www.redriverradio.org/people/emily-guerin,,Emily Guerin,20230108T033000Z,http://mediad.publicbroadcasting.net/p/kvnf/files/201402/emily_photo.jpg,redriverradio.org,English,United States
https://www.waer.org/people/emily-guerin,,Emily Guerin,20230108T034500Z,http://mediad.publicbroadcasting.net/p/kvnf/files/201402/emily_photo.jpg,waer.org,English,United States
https://www.wcbe.org/people/emily-guerin,,Emily Guerin,20230108T040000Z,http://mediad.publicbroadcasting.net/p/kvnf/files/201402/emily_photo.jpg,wcbe.org,English,United States
https://www.spokanepublicradio.org/people/emily-guerin,,Emily Guerin,20230108T051500Z,http://mediad.publicbroadcasting.net/p/kvnf/files/201402/emily_photo.jpg,spokanepublicradio.org,English,United States
https://www.eastoregonian.com/news/northwest/inslee-celebrates-coming-cap-and-trade-auctions/article_0841e1db-a72c-5b7d-b943-8c20dcf53fb8.html,,Inslee celebrates coming cap - and - trade auctions,20230108T093000Z,https://bloximages.newyork1.vip.townnews.com/eastoregonian.com/content/tncms/assets/v3/editorial/7/a7/7a7a0cfc-7b3a-57f9-b5d0-867dcf04405b/63ba6adad9b0f.image.jpg?crop=406%2C407%2C43%2C25,eastoregonian.com,English,United States
http://tradearabia.com/news/OGN_404986.html,,KPMG Bahrain to host decarbonisation awareness seminar,20230108T133000Z,,tradearabia.com,English,United Arab Emirates
https://blockchainreporter.net/save-planet-earth-crypto-project-here-is-everything-you-need-to-know/,,Save Planet Earth Crypto Project : Here is Everything You Need to Know,20230108T150000Z,https://blockchainreporter.net/wp-content/uploads/2023/01/Save-Planet-Earth.jpeg,blockchainreporter.net,English,
http://www.tradearabia.com/news/OGN_404986.html,,KPMG Bahrain to host decarbonisation awareness seminar,20230108T153000Z,,tradearabia.com,English,United Arab Emirates
https://economictimes.indiatimes.com/industry/energy/power/local-carbon-credit-trade-likely-to-kick-off-in-july-september-power-secretary/articleshow/96837720.cms,https://m.economictimes.com/industry/energy/power/local-carbon-credit-trade-likely-to-kick-off-in-july-september-power-secretary/amp_articleshow/96837720.cms,Local carbon credit trade likely to kick off in July - September : Power Secretary,20230108T191500Z,"https://img.etimg.com/thumb/msid-96837744,width-1070,height-580,imgsize-505957,overlay-economictimes/photo.jpg",economictimes.indiatimes.com,English,India
https://menafn.com/1105399163/KPMG-To-Explore-The-Decarbonization-Journey-And-The-Challenges-Opportunities-It-May-Present-Within-The-Kingdom-Of-Bahrain,,"KPMG To Explore The Decarbonization Journey , And The Challen ... ",20230109T023000Z,https://menafn.com/updates/pr/2023-01/08/M_57d5bimage_story.jpg,menafn.com,English,Qatar
https://www.theepochtimes.com/well-designed-review-defends-australias-carbon-offset-scheme_4970862.html,,  Well - Designed : Review Defends Australia Carbon Offset Scheme,20230109T074500Z,https://img.theepochtimes.com/assets/uploads/2022/11/10/20201127001505644704-original-min-1200x799.jpg,theepochtimes.com,English,United States
https://www.heritage.org/environment/commentary/rise-the-unelected,,Rise of the unelected,20230109T074500Z,https://www.heritage.org/themes/heritage/src/images/bell.png,heritage.org,English,United States
https://neweralive.na/posts/namibian-business-sector-vulnerable-to-climate-change,,Namibian business sector vulnerable to climate change,20230109T093000Z,,neweralive.na,English,
https://mediaindia.eu/environment/daydreams-nightmares-after-50-years-of-fruitless-climate-change-negotiations/,,Daydreams & nightmares after 50 years of fruitless climate change negotiations,20230109T093000Z,https://mediaindia.eu/wp-content/uploads/2023/01/image-6-1-1.png,mediaindia.eu,English,India
https://cryptonews.com/news/top-8-coins-buy-2023.htm,,The Top 8 Coins to Buy in 2023,20230109T100000Z,https://v2.cimg.co/news/100503/248557/9-1-23-the-top-8-coins-to-buy-in-2023.jpg,cryptonews.com,English,
https://www.vcstar.com/story/opinion/2023/01/09/californias-carbon-neutrality-plan-lacks-vital-detail/69785260007/,,California carbon neutrality plan lacks vital detail,20230109T120000Z,"https://www.gannett-cdn.com/authoring/2007/12/30/NTTN/ghows-DA-0c695bd5-9bdf-4c7e-9ed1-88268b4ceb3b-f416c25a.jpeg?auto=webp&crop=799,452,x0,y46&format=pjpg",vcstar.com,English,United States
https://www.lexology.com/library/detail.aspx?g=953a1fdd-2475-4004-a7e1-4f1bfa26016d,,The Low - Carbon M & A Wave has arrived . How Can Enterprises Ride the Tides ? ( Part I ) ,20230109T124500Z,,lexology.com,English,United States
https://www.lexology.com/library/detail.aspx?g=29be8995-b851-4782-a43d-1a23d190d9e0,,Quebec Environmental Law : Overview of Key Developments to Follow in 2023,20230109T131500Z,,lexology.com,English,United States
https://www.mayerbrown.com/en/perspectives-events/publications/2023/01/eu-ets-reform-tighter-scheme-inclusion-of-shipping-and-transport-building-fuel,,"EU ETS Reform – tighter scheme , inclusion of shipping and transport / building fuel | Perspectives & Events",20230109T131500Z,,mayerbrown.com,English,United States
https://ecfr.eu/publication/sunny-side-up-maximising-the-european-green-deals-potential-for-north-africa-and-europe/,https://ecfr.eu/publication/sunny-side-up-maximising-the-european-green-deals-potential-for-north-africa-and-europe/?amp,Sunny side up : Maximising the European Green Deal potential for North Africa and Europe – European Council on Foreign Relations,20230109T133000Z,https://ecfr.eu/wp-content/uploads/2023/01/33144390060_a1f497d749_o-scaled-864x486-c-center.jpg,ecfr.eu,English,Russia
https://www.tmcnet.com/usubmit/2023/01/09/9739732.htm,,"DIGITAL UTILITIES VENTURES , INC ANNOUNCES THE ADDITION OF A NEW FINANCIAL OPERATIONS MANAGER TO EASY ENERGY SYSTEMS , INC",20230109T141500Z,https://images.tmcnet.com/tmc/world.jpg,tmcnet.com,English,United States
https://energy.einnews.com/pr_news/610325362/digital-utilities-ventures-inc-announces-the-addition-of-a-new-financial-operations-manager-to-easy-energy-systems-inc,,"DIGITAL UTILITIES VENTURES , INC ANNOUNCES THE ADDITION OF A NEW FINANCIAL OPERATIONS MANAGER TO EASY ENERGY SYSTEMS , INC",20230109T143000Z,,energy.einnews.com,English,United States
https://www.dailyrepublic.com/all-dr-news/opinion/state-national-columnists/calmatters-commentary-californias-carbon-neutrality-plan-lacks-vital-detail/,,CalMatters Commentary : California carbon neutrality plan lacks vital detail,20230109T144500Z,https://www.dailyrepublic.com/files/2017/06/dailyrepublic_11_1024.png,dailyrepublic.com,English,United States
https://energy.einnews.com/pr_news/610336233/digital-utilities-ventures-inc-announces-the-addition-of-a-new-financial-operations-manager-to-easy-energy-systems-inc,,"DIGITAL UTILITIES VENTURES , INC ANNOUNCES THE ADDITION OF A NEW FINANCIAL OPERATIONS MANAGER TO EASY ENERGY SYSTEMS , INC",20230109T153000Z,,energy.einnews.com,English,United States
https://www.digitaljournal.com/pr/carbon-credit-trading-platform-market-is-expected-to-exhibit-a-massive-figure-of-24-by-2030-nasdaq-inc-aircarbon-exchange-eex-group,,"Carbon Credit Trading Platform Market is expected to Exhibit a Massive FIGURE of +24 % by 2030 |Nasdaq Inc ., AirCarbon Exchange , EEX Group",20230109T173000Z,https://www.market-news.org/wp-content/uploads/2023/01/Carbon-Credit-Tradin-2.jpg,digitaljournal.com,English,United States
https://www.mondaq.com/oil-gas-electricity/1268596/how-to-claim-and-trade-carbon-credit,,"How To Claim And Trade Carbon Credit ? - Oil , Gas & Electricity",20230109T173000Z,,mondaq.com,English,United States
https://gizmodo.com/washington-state-just-started-capping-carbon-emissions-1849965637,,Washington State Just Started Capping Carbon Emissions,20230109T174500Z,"https://i.kinja-img.com/gawker-media/image/upload/c_fill,f_auto,fl_progressive,g_center,h_675,pg_1,q_80,w_1200/1b5afc68be1e97558fa6460c885fecec.jpg",gizmodo.com,English,United States
https://www.union-bulletin.com/opinion/editorials/other-views-a-tale-of-two-washingtons-lets-hope-the-sanity-continues-this-legislative-session/article_621ef2ce-8f8a-11ed-b78d-237f1ca53e46.html,,Other Views : A tale of two Washingtons . Let hope the sanity continues this legislative session,20230109T180000Z,https://bloximages.newyork1.vip.townnews.com/union-bulletin.com/content/tncms/assets/v3/editorial/6/21/621ef2ce-8f8a-11ed-b78d-237f1ca53e46/63bb1cb0b9b70.preview.jpg?crop=1763%2C926%2C0%2C125,union-bulletin.com,English,United States
https://www.etf.com/sections/blog/issuers-continue-plan-esg-related-etfs,,Issuers Continue to Plan ESG - Related ETFs,20230109T180000Z,https://www.etf.com/sites/all/themes/etf_com/images/Bg_blue.jpg,etf.com,English,
https://www.irmagazine.com/esg/european-commission-targets-carbon-emissions-sustainability-criteria,,European Commission targets carbon emissions with sustainability criteria,20230109T184500Z,https://www.irmagazine.com/sites/default/files/field/image/pexels-pixabay-257775.jpg,irmagazine.com,English,United Kingdom
https://www.finanznachrichten.de/nachrichten-2023-01/58014463-acre-hong-kong-and-singapore-spar-for-green-finance-supremacy-in-asia-200.htm,,Acre : Hong Kong and Singapore Spar for Green Finance Supremacy in Asia,20230109T193000Z,https://www.accesswire.com/users/newswire/images/734521/81d6008d-1df4-4a14-8ea2-ed2d4c61b02c.png,finanznachrichten.de,English,Germany
https://www.digitaljournal.com/pr/socialfi-market-worth-observing-growth-webfx-disruptive-advertising-lyfe-marketing-mainstreethost-ignite-social-media,,"SocialFi Market Worth Observing Growth : WebFX , Disruptive Advertising , LYFE Marketing , Mainstreethost , Ignite Social Media",20230109T193000Z,https://www.abnewswire.com/uploads/1673075865.jpeg,digitaljournal.com,English,United States
https://www.wfmz.com/entertainment/coffee-break/the-side-benefits-of-clean-energy/collection_2ce4941d-07a0-5066-a3f5-a027c9a77a66.html,,The side benefits of clean energy,20230109T204500Z,https://bloximages.newyork1.vip.townnews.com/wfmz.com/content/tncms/assets/v3/editorial/4/ad/4ad3af1f-034f-5c2f-b5f4-979087f63a1f/63bc647eddd8f.image.jpg?crop=1080%2C567%2C0%2C101,wfmz.com,English,United States
https://www.kpvi.com/interests/the-side-benefits-of-clean-energy/collection_99178fdc-a47a-5750-a38d-8676600be065.html,,The side benefits of clean energy,20230109T210000Z,https://bloximages.newyork1.vip.townnews.com/kpvi.com/content/tncms/assets/v3/editorial/2/8b/28b52f56-8a5c-5943-b89e-300967176491/63bc647457205.image.jpg?crop=1080%2C567%2C0%2C101,kpvi.com,English,United States
https://www.globenewswire.com/news-release/2023/01/09/2585248/0/en/DIGITAL-UTILITIES-VENTURES-INC-ANNOUNCES-THE-ADDITION-OF-A-NEW-FINANCIAL-OPERATIONS-MANAGER-TO-EASY-ENERGY-SYSTEMS-INC.html,,"DIGITAL UTILITIES VENTURES , INC ANNOUNCES THE ADDITION OF",20230109T213000Z,https://ml.globenewswire.com/Resource/Download/3b44f36c-961d-497e-b1d2-b8f1b9ed8a57?size=2,globenewswire.com,English,United States
https://www.mondaq.com/oil-gas--electricity/1268596/how-to-claim-and-trade-carbon-credit,,"How To Claim And Trade Carbon Credit ? - Oil , Gas & Electricity",20230109T223000Z,,mondaq.com,English,United States
https://advancedbiofuelsusa.info/who-is-financing-green-shipping/,,Who Is Financing Green Shipping ? – Advanced BioFuels united states ,20230110T014500Z,,advancedbiofuelsusa.info,English,United States
https://www.einnews.com/pr_news/610336233/digital-utilities-ventures-inc-announces-the-addition-of-a-new-financial-operations-manager-to-easy-energy-systems-inc,,"DIGITAL UTILITIES VENTURES , INC ANNOUNCES THE ADDITION OF A NEW FINANCIAL OPERATIONS MANAGER TO EASY ENERGY SYSTEMS , INC",20230110T020000Z,,einnews.com,English,United States
https://www.theepochtimes.com/californias-emission-reduction-plan-lacks-clear-strategy-report_4973608.html,,California Emission Reduction Plan Lacks Clear Strategy : Report,20230110T041500Z,https://img.theepochtimes.com/assets/uploads/2022/04/02/traffic-Getty-1370950790-1200x765.jpg,theepochtimes.com,English,United States
https://economictimes.indiatimes.com/news/economy/policy/budget-2023-boosting-stability-in-financial-sector-amidst-global-uncertainty/articleshow/96874295.cms,https://m.economictimes.com/news/economy/policy/budget-2023-boosting-stability-in-financial-sector-amidst-global-uncertainty/amp_articleshow/96874295.cms,Union Budget 2023 : Budget 2023 : Boosting stability in financial sector amidst global uncertainty,20230110T063000Z,"https://img.etimg.com/thumb/msid-96874448,width-1070,height-580,imgsize-28994,overlay-economictimes/photo.jpg",economictimes.indiatimes.com,English,India
https://menafn.com/1105405974/Labors-Scheme-To-Cut-Industrial-Emissions-Is-Worryingly-Flexible,,Labor Scheme To Cut Industrial Emissions Is Worryingly Fle ... ,20230110T073000Z,https://menafn.com/updates/pr/2023-01/10/TC_5cd0fimage_story.jpg,menafn.com,English,Qatar
https://www.cambodiantimes.com/news/273342771/labors-scheme-to-cut-industrial-emissions-is-worryingly-flexible,,Labor scheme to cut industrial emissions is worryingly flexible,20230110T074500Z,https://cdn.bignewsnetwork.com/cvr1673332704.jpg,cambodiantimes.com,English,Cambodia
https://www.miragenews.com/labors-flexible-emissions-plan-raises-concerns-926476/,,Labor Flexible Emissions Plan Raises Concerns,20230110T074500Z,https://images.unsplash.com/photo-1532938911079-1b06ac7ceec7?ixid=MXwxMjA3fDB8MHxwaG90by1wYWdlfHx8fGVufDB8fHw%3D&ixlib=rb-1.2.1&auto=format&fit=crop&q=80,miragenews.com,English,United States
https://www.bignewsnetwork.com/news/273342771/labors-scheme-to-cut-industrial-emissions-is-worryingly-flexible,,Labor scheme to cut industrial emissions is worryingly flexible,20230110T080000Z,https://cdn.bignewsnetwork.com/cvr1673332704.jpg,bignewsnetwork.com,English,United States
http://autoworld.com.my/news/2023/01/10/ep-manufacturing-bhd-signs-deal-to-supply-e-bikes-to-indonesia-and-vietnam/,,EP Manufacturing Bhd Signs Deal To Supply E - Bikes To Indonesia And Vietnam,20230110T081500Z,http://cdn.autotrade.com.my/news/wp-content/uploads/2022/10/12164357/Blueshark-R1_Electric-Scooter_Side.jpg,autoworld.com.my,English,Malaysia
https://ktvz.com/stacker-science/2023/01/09/the-side-benefits-of-clean-energy/,,The side benefits of clean energy,20230110T084500Z,https://ktvz.b-cdn.net/2023/01/Untitleddesign9S1M5_0-860x613.png,ktvz.com,English,United States
https://www.afr.com/chanticleer/australia-gets-last-piece-of-carbon-puzzle-20230110-p5cbmw,,Australia gets last piece of carbon puzzle,20230110T093000Z,https://static.ffx.io/images/$zoom_0.3147%2C$multiply_3%2C$ratio_1.777778%2C$width_1059%2C$x_0%2C$y_156/t_crop_custom/c_scale%2Cw_800%2Cq_88%2Cf_jpg/t_afr_opinion_no_age_social_wm/c64ba2d78f142065c2b070673d05d0d53a7e50fc,afr.com,English,Australia
https://www.sydneysun.com/news/273342771/labors-scheme-to-cut-industrial-emissions-is-worryingly-flexible,,Labor scheme to cut industrial emissions is worryingly flexible,20230110T094500Z,https://cdn.bignewsnetwork.com/cvr1673332704.jpg,sydneysun.com,English,Australia
https://www.australianherald.com/news/273342771/labors-scheme-to-cut-industrial-emissions-is-worryingly-flexible,,Labor scheme to cut industrial emissions is worryingly flexible,20230110T100000Z,https://cdn.bignewsnetwork.com/cvr1673332704.jpg,australianherald.com,English,Australia
https://www.afr.com/policy/energy-and-climate/the-coalition-climate-warriors-have-gone-quiet-20230110-p5cbmi,,Carbon price : The Coalition climate warriors have fallen silent,20230110T104500Z,https://static.ffx.io/images/$zoom_0.3601%2C$multiply_3%2C$ratio_1.777778%2C$width_1059%2C$x_0%2C$y_0/t_crop_custom/c_scale%2Cw_800%2Cq_88%2Cf_jpg/t_afr_no_label_no_age_social_wm/ebb0c1934fe7d01e06ab7e24ce7c1bcc5f59ead2,afr.com,English,Australia
https://www.australiannews.net/news/273342771/labors-scheme-to-cut-industrial-emissions-is-worryingly-flexible,,Labor scheme to cut industrial emissions is worryingly flexible,20230110T113000Z,https://cdn.bignewsnetwork.com/cvr1673332704.jpg,australiannews.net,English,Australia
"http://thejerseytomatopress.com/premium/stories/the-side-benefits-of-clean-energy,37587",,The side benefits of clean energy | The Jersey Tomato Press,20230110T113000Z,https://static.stacker.com/s3fs-public/styles/1280x720/s3/Untitleddesign67X9U.png?token=iBef4mrv,thejerseytomatopress.com,English,United States
https://www.northernirelandnews.com/news/273342771/labors-scheme-to-cut-industrial-emissions-is-worryingly-flexible,,Labor scheme to cut industrial emissions is worryingly flexible,20230110T114500Z,https://cdn.bignewsnetwork.com/cvr1673332704.jpg,northernirelandnews.com,English,United Kingdom
https://www.massachusettssun.com/news/273342771/labors-scheme-to-cut-industrial-emissions-is-worryingly-flexible,,Labor scheme to cut industrial emissions is worryingly flexible,20230110T121500Z,https://cdn.bignewsnetwork.com/cvr1673332704.jpg,massachusettssun.com,English,United States
https://www.heritage.org/environment/report/response-the-nrdc-critique-the-heritage-foundations-analysis-the-waxman-markey,,Response to the NRDC Critique of The Heritage Foundation Analysis of the Waxman - Markey Bill,20230110T131500Z,https://www.heritage.org/themes/heritage/src/images/bell.png,heritage.org,English,United States
https://www.smdailyjournal.com/opinion/guest_perspectives/state-s-carbon-neutrality-plan-lacks-vital-detail/article_c6820204-90a4-11ed-bf9b-532692a70335.html,,State carbon neutrality plan lacks vital detail | Guest Perspectives,20230110T151500Z,https://bloximages.newyork1.vip.townnews.com/smdailyjournal.com/content/tncms/custom/image/0b0b7a5a-a1d1-11e6-9041-cbc40d61c8f5.jpg,smdailyjournal.com,English,United States
https://www.digitaljournal.com/pr/carbon-credit-trading-market-size-share-growth-statistics-by-top-key-players-bioassets-carbon-clear-south-pole-group,,"Carbon Credit Trading Market Size , Share , Growth Statistics By Top Key Players | Bioassets , Carbon Clear , South Pole Group",20230110T170000Z,,digitaljournal.com,English,United States
https://kesq.com/stacker-science/2023/01/10/the-side-benefits-of-clean-energy/,,The side benefits of clean energy,20230110T174500Z,https://kesq.b-cdn.net/2023/01/Untitleddesign9S1M5_0-860x613.png,kesq.com,English,United States
https://abc17news.com/stacker-science/2023/01/10/the-side-benefits-of-clean-energy/,,The side benefits of clean energy,20230110T183000Z,https://abc17news.b-cdn.net/abc17news.com/2023/01/Untitleddesign9S1M5_0-860x613.png,abc17news.com,English,United States
https://shipandbunker.com/news/world/923376-stena-bulk-rolls-out-weather-routing-software-to-entire-fleet,,Stena Bulk Rolls Out Weather Routing Software to Entire Fleet,20230110T184500Z,https://shipandbunker.cdn.speedyrails.net/a/img/_mt_4adba18b1de98c83b313143a72c75e88.jpg,shipandbunker.com,English,Singapore
https://www.bnnbloomberg.ca/new-york-s-hochul-proposes-banning-gas-in-new-buildings-1.1868286,https://www.bnnbloomberg.ca/new-york-s-hochul-proposes-banning-gas-in-new-buildings-1.1868286.amp.html,New York Hochul Proposes Banning Gas in New Buildings,20230110T191500Z,,bnnbloomberg.ca,English,Canada
https://environment-analyst.com/register?o=108998&productID=6&layout=main,,Global | Environment Analyst Global,20230110T193000Z,https://environment-analyst.com/images/EU%2DFlag.png,environment-analyst.com,English,United Kingdom
https://kvia.com/news/business-technology/stacker-science/2023/01/10/the-side-benefits-of-clean-energy/,,The side benefits of clean energy,20230110T203000Z,https://kvia.b-cdn.net/2023/01/Untitleddesign9S1M5_0-860x613.png,kvia.com,English,United States
https://www.marketscreener.com/quote/stock/ANGKOR-RESOURCES-CORP-111381323/news/Angkor-Resources-Saskatchewan-Gas-Capture-Project-Goes-Onstream-42700796/,https://www.marketscreener.com/amp/quote/stock/ANGKOR-RESOURCES-CORP-111381323/news/Angkor-Resources-Saskatchewan-Gas-Capture-Project-Goes-Onstream-42700796/,Angkor Resource Saskatchewan Gas Capture Project Goes Onstream,20230110T221500Z,https://www.marketscreener.com/images/twitter_MS_fdnoir.png,marketscreener.com,English,
https://www.washingtonexaminer.com/policy/energy-environment/california-newsom-climate-change-cuts-alleviate-budget-deficit,https://www.washingtonexaminer.com/policy/energy-environment/california-newsom-climate-change-cuts-alleviate-budget-deficit?_amp=true,Gavin Newsom proposes climate change cuts to alleviate $22 . 5 billion budget deficit,20230110T221500Z,http://mediadc-brightspot.s3.amazonaws.com/9a/fd/3871b39a490aa88b15a4dac7f929/gavin-newsom.jpg,washingtonexaminer.com,English,United States
https://gazette.com/news/us-world/gavin-newsom-proposes-climate-change-cuts-to-alleviate-22-5-billion-budget-deficit/article_4c87e605-19dc-566a-904f-7edafbfe30eb.html,https://gazette.com/news/us-world/gavin-newsom-proposes-climate-change-cuts-to-alleviate-22-5-billion-budget-deficit/article_4c87e605-19dc-566a-904f-7edafbfe30eb.amp.html,Gavin Newsom proposes climate change cuts to alleviate $22 . 5 billion budget deficit,20230110T230000Z,https://bloximages.newyork1.vip.townnews.com/gazette.com/content/tncms/custom/image/3f755dae-418c-11e8-a244-53852639d709.png?crop=235%2C235%2C1%2C0,gazette.com,English,United States
https://www.geelongadvertiser.com.au/breaking-news/chris-bowen-defends-changes-to-safeguard-mechanism-to-tackle-emissions/news-story/24e7c75375ce1274b8a16192795967e6?nk=952227378c76e66a75566df3271794ea-1673390795,https://www.geelongadvertiser.com.au/breaking-news/chris-bowen-defends-changes-to-safeguard-mechanism-to-tackle-emissions/news-story/24e7c75375ce1274b8a16192795967e6?amp,Chris Bowen defends changes to safeguard mechanism to tackle emissions,20230110T230000Z,https://content.api.news/v3/images/bin/3afe68c829a0ea9657eec324c0553438,geelongadvertiser.com.au,English,Australia
https://www.businessdailyafrica.com/bd/opinion-analysis/columnists/why-sustainability-reporting-disclosure-top-agenda--4082082,https://www.businessdailyafrica.com/bd/opinion-analysis/columnists/why-sustainability-reporting-disclosure-top-agenda--4082082?view=htmlamp,"Why sustainability reporting , disclosure will remain top agenda",20230110T231500Z,https://www.businessdailyafrica.com/resource/blob/4082108/c3e0ecbdd8b633b5f4ca7a9a9ef7d072/reporting-data.jpg,businessdailyafrica.com,English,Kenya
https://www.bayjournal.com/news/policy/new-leadership-in-chesapeake-bay-states-raises-hopes-for-action-in-2023/article_0f99f150-9135-11ed-bec4-43ddbe8d75ed.html,,New leadership in Chesapeake Bay states raises hopes for action in 2023,20230110T233000Z,https://bloximages.newyork1.vip.townnews.com/bayjournal.com/content/tncms/assets/v3/editorial/e/e9/ee94e72a-9135-11ed-a7f1-6b986b328180/63bde67fa8fcc.image.jpg?crop=1783%2C936%2C0%2C113,bayjournal.com,English,United States
https://www.graphic.com.gh/news/politics/alan-k-i-believe-things-could-ve-been-done-differently-in-akufo-addo-s-govt.html,,Alan K : I believe things couldve been done differently in Akufo - Addo govt,20230110T233000Z,https://www.graphic.com.gh/images/2023/jan/11/009B9587-8692-4110-8D55-DEBEEF75B441.jpeg,graphic.com.gh,English,Ghana
https://www.graphic.com.gh/news/politics/alan-kyeremateng-outlines-great-transformational-programme.html,,Alan Kyerematen outlines  great transformational plan  ,20230110T233000Z,https://www.graphic.com.gh/images/2023/jan/11/009B9587-8692-4110-8D55-DEBEEF75B441.jpeg,graphic.com.gh,English,Ghana
https://signalscv.com/2023/01/reversal-of-fortune-gov-newsom-outlines-plan-to-deal-with-budget-deficit/,,Reversal of fortune : Gov . Newsom outlines plan to deal with budget deficit,20230110T233000Z,https://signalscv.s3.us-west-1.amazonaws.com/wp-content/uploads/2023/01/10124123/011023_STATEBUDGET_CM.png,signalscv.com,English,United States
https://thechronicle.com.gh/full-text-national-broadcast-by-alan-kyerematen/,https://thechronicle.com.gh/full-text-national-broadcast-by-alan-kyerematen/?amp=1,Full Text : National broadcast by Alan Kyerematen - The Chronicle News Online,20230110T234500Z,https://thechronicle.com.gh/wp-content/uploads/2021/12/Untitled-design-63.jpg,thechronicle.com.gh,English,Ghana
https://www.modernghana.com/news/1205185/ill-become-the-transformational-leader-of-our.html,https://www.modernghana.com/amp/news/1205185/ill-become-the-transformational-leader-of-our.html,Ill become the transformational leader of our time if Im voted President – Alan Kyerematen,20230110T234500Z,https://cdn.modernghana.com/images/content/1102023113612-qvmxpcb543-65093045.jpg,modernghana.com,English,Ghana
https://www.ijpr.org/politics-government/2023-01-10/reversal-of-fortune-gov-newsom-outlines-plan-to-deal-with-budget-deficit,https://www.ijpr.org/politics-government/2023-01-10/reversal-of-fortune-gov-newsom-outlines-plan-to-deal-with-budget-deficit?_amp=true,Reversal of fortune : Gov . Newsom outlines plan to deal with budget deficit,20230111T003000Z,http://npr-brightspot.s3.amazonaws.com/15/17/4d1895a149beb2944fb199e85acf/newsom-budget-2023-mg-01-cm.jpg,ijpr.org,English,United States
https://www.winchesterstar.com/winchester_star/open-forum-start-solving-actual-problems-related-to-climate-change/article_219ee78c-d251-5fce-8507-8264d4672e30.html,,Open Forum : Start solving  actual problem related to climate change,20230111T003000Z,https://bloximages.newyork1.vip.townnews.com/winchesterstar.com/content/tncms/custom/image/b90e1064-655d-11e6-b66e-837339c5a247.jpg,winchesterstar.com,English,United States
https://hotair.com/tree-hugging-sister/2023/01/10/welcome-to-new-yorkifornia-n522907,https://hotair.com/tree-hugging-sister/2023/01/10/welcome-to-new-yorkifornia-n522907/amp,Welcome to New Yorkifornia,20230111T004500Z,https://media.townhall.com/townhall/reu/o/2018/4/c4d663e8-8389-4e3a-92b2-2cfce31fe028-1110x740.jpg,hotair.com,English,United States
https://peacefmonline.com/pages/politics/politics/202301/481020.php,,Full Text : Alan Kyerematen Declares Presidential Ambition,20230111T024500Z,,peacefmonline.com,English,Ghana
https://crosscut.com/podcast/crosscut-reports/1/6/podcast-whats-left-democrats-tackle-olympia,,Podcast | What left for Democrats to tackle in Olympia ? ,20230111T030000Z,https://crosscut.com/sites/default/files/styles/max_2000x2000/public/2023-01/legpreview_as_537.jpg?itok=qTRyfcDX,crosscut.com,English,United States
https://www.lexology.com/library/detail.aspx?g=48e98ae6-1e1c-48a5-a8c0-038abda407f6,,Corporate Reporting of Environmental Matters under the Companies Act 2006,20230111T033000Z,,lexology.com,English,United States
https://www.blacklistednews.com/article/83991/sdg7-the-impossible-energy.html,,SDG7 : The Impossible Energy Transformation,20230111T034500Z,https://unlimitedhangout.com/wp-content/uploads/2023/01/photo_2023-01-06-09.20.02-1160x680.jpeg.webp,blacklistednews.com,English,United States
https://www.afr.com/policy/energy-and-climate/liberal-party-ptsd-has-changed-the-climate-debate-20230111-p5cbqh,,Labor carbon price : Liberal Party PTSD has changed the climate debate,20230111T041500Z,https://static.ffx.io/images/$zoom_0.4592%2C$multiply_2%2C$ratio_1.777778%2C$width_1059%2C$x_0%2C$y_23/t_crop_custom/c_scale%2Cw_800%2Cq_88%2Cf_jpg/t_afr_opinion_no_age_social_wm/1f2f0a67a59d9507e88b3786c8931553e982c545,afr.com,English,Australia
https://www.theage.com.au/politics/federal/safeguard-mechanism-will-help-australia-achieve-climate-targets-20230111-p5cbwe.html,https://amp.theage.com.au/politics/federal/safeguard-mechanism-will-help-australia-achieve-climate-targets-20230111-p5cbwe.html,Safeguard mechanism will help Australia achieve climate targets,20230111T070000Z,https://static.ffx.io/images/$zoom_0.2724%2C$multiply_0.7554%2C$ratio_1.777778%2C$width_1059%2C$x_0%2C$y_108/t_crop_custom/q_86%2Cf_auto/t_theage_opinion_no_age_social_wm/c3d1027058504e81f99604ee053bd433f3a407ba,theage.com.au,English,Australia
https://www.brisbanetimes.com.au/politics/federal/safeguard-mechanism-will-help-australia-achieve-climate-targets-20230111-p5cbwe.html,https://amp.brisbanetimes.com.au/politics/federal/safeguard-mechanism-will-help-australia-achieve-climate-targets-20230111-p5cbwe.html,Safeguard mechanism will help Australia achieve climate targets,20230111T071500Z,https://static.ffx.io/images/$zoom_0.2724%2C$multiply_0.7554%2C$ratio_1.777778%2C$width_1059%2C$x_0%2C$y_108/t_crop_custom/q_86%2Cf_auto/t_brisbanetimes_opinion_no_age_social_wm/c3d1027058504e81f99604ee053bd433f3a407ba,brisbanetimes.com.au,English,Australia
https://www.smh.com.au/politics/federal/safeguard-mechanism-will-help-australia-achieve-climate-targets-20230111-p5cbwe.html,https://amp.smh.com.au/politics/federal/safeguard-mechanism-will-help-australia-achieve-climate-targets-20230111-p5cbwe.html,Safeguard mechanism will help Australia achieve climate targets,20230111T071500Z,https://static.ffx.io/images/$zoom_0.2724%2C$multiply_0.7554%2C$ratio_1.777778%2C$width_1059%2C$x_0%2C$y_108/t_crop_custom/q_86%2Cf_auto/t_smh_opinion_no_age_social_wm/c3d1027058504e81f99604ee053bd433f3a407ba,smh.com.au,English,Australia
https://www.lexology.com/library/detail.aspx?g=ff0e92ee-6b55-4c5b-b4f1-641ba611e3b1,,"Climate policy Newsletter - January 10 , 2023",20230111T074500Z,,lexology.com,English,United States
https://www.afr.com/street-talk/pe-giant-blackstone-s-sydney-office-promotes-two-dealmakers-to-md-20230110-p5cbhg,,Two new MDs at PE giant Blackstone Sydney office,20230111T074500Z,https://static.ffx.io/images/$zoom_0.5298%2C$multiply_2%2C$ratio_1.777778%2C$width_1059%2C$x_0%2C$y_0/t_crop_custom/c_scale%2Cw_800%2Cq_88%2Cf_jpg/t_afr_no_label_no_age_social_wm/34495eb10533deacf9ba1c0cf5bff89f4559968f,afr.com,English,Australia
https://www.afr.com/policy/energy-and-climate/carbon-tariffs-backed-by-union-to-protect-jobs-20230111-p5cbvw,,Australia carbon border adjustment tariff : backed by Australian Workers Union to protect jobs,20230111T074500Z,https://static.ffx.io/images/$zoom_1.4537%2C$multiply_1%2C$ratio_1.777778%2C$width_1059%2C$x_0%2C$y_51/t_crop_custom/c_scale%2Cw_800%2Cq_88%2Cf_jpg/t_afr_no_label_no_age_social_wm/7db06eaae2d14c2fd2c4174281b31b92fcb91677,afr.com,English,Australia
https://gulfnews.com/business/analysis/clear-guidelines-are-what-global-energy-needs-in-global-push-to-net-zero-1.1673416804290,https://gulfnews.com/amp/business/analysis/clear-guidelines-are-what-global-energy-needs-in-global-push-to-net-zero-1.1673416804290,Clear guidelines are what global energy needs in global push to Net Zero,20230111T081500Z,https://imagevars.gulfnews.com/2023/01/11/Stock-Badar-Chaudhry_1859f65f863_medium.jpg,gulfnews.com,English,United Arab Emirates
https://www.primenewsghana.com/politics/full-text-alan-kyerematen-addresses-ghanaians-on-great-transformational-plan.html,https://www.primenewsghana.com/politics/full-text-alan-kyerematen-addresses-ghanaians-on-great-transformational-plan.amp.html,Full text : Alan Kyerematen addresses Ghanaians on  Great Transformational Plan  ,20230111T084500Z,https://www.primenewsghana.com/images/2023/jan/06/Alan.jpg,primenewsghana.com,English,Ghana
https://www.primenewsghana.com/politics/alan-kyerematen-outlines-great-transformational-plan-if-voted-president.html,https://www.primenewsghana.com/politics/alan-kyerematen-outlines-great-transformational-plan-if-voted-president.amp.html,Alan Kyerematen outlines  Great Transformational Plan  if voted President,20230111T100000Z,https://www.primenewsghana.com/images/2023/jan/11/1102023113612-8dt2wjivuq-54736283.jpg,primenewsghana.com,English,Ghana
https://www.modernghana.com/news/1205221/akufo-addo-couldve-done-things-differently.html,https://www.modernghana.com/amp/news/1205221/akufo-addo-couldve-done-things-differently.html,Akufo - Addo couldve done things  differently  – Alan,20230111T100000Z,https://cdn.modernghana.com/images/content/111202383612-23041q5ddx-85619051.jpg,modernghana.com,English,Ghana
https://www.mondaq.com/energy-law/1268708/singapore-green-energy-transition--recent-developments,,Singapore Green Energy Transition – Recent Developments - Energy Law,20230111T100000Z,,mondaq.com,English,United States
https://www.skynews.com.au/australia-news/politics/albanese-government-faces-backlash-from-greens-and-coalition-over-safeguard-mechanism-reforms-as-opposition-accuses-labor-of-pushing-new-carbon-tax/news-story/3bd9b1b35b5bbd6f052c1840249bd274,https://www.skynews.com.au/australia-news/politics/albanese-government-faces-backlash-from-greens-and-coalition-over-safeguard-mechanism-reforms-as-opposition-accuses-labor-of-pushing-new-carbon-tax/news-story/3bd9b1b35b5bbd6f052c1840249bd274?amp,Albanese Government faces backlash from Greens and Coalition over safeguard mechanism reforms as opposition accuses Labor of pushing new  carbon tax  ,20230111T101500Z,https://content.api.news/v3/images/bin/ce9e339ba01f889c3f79b17e1b248a2d,skynews.com.au,English,Australia
https://newsghana.com.gh/i-will-build-a-superstructure-on-the-foundation-laid-by-akufo-addo-allan/,https://newsghana.com.gh/i-will-build-a-superstructure-on-the-foundation-laid-by-akufo-addo-allan/?amp,I Will Build A Superstructure On The Foundation Laid By Akufo - Addo – Allan,20230111T103000Z,https://newsghana.com.gh/wp-content/uploads/2023/01/Alan-Kyerematen-with-President-Nana-Akufo-Addo.jpg,newsghana.com.gh,English,Ghana
https://www.cbc.ca/news/canada/toronto/ontario-industrial-carbon-pricing-emissions-performance-standards-1.6709624,https://www.cbc.ca/amp/1.6709624,Ontario now has a carbon tax on industry . What will Doug Ford government do with the revenue ? ,20230111T104500Z,https://i.cbc.ca/1.5098085.1555627221!/fileImage/httpImage/image.jpg_gen/derivatives/16x9_620/trudeau-carbon-tax-20181023.jpg,cbc.ca,English,Canada
https://www.hellenicshippingnews.com/shipping-shifts-course-to-cut-emissions-with-orbitmi-and-dtn-api-solutions-for-weather-optimized-voyage-routing/,,Shipping shifts course to cut emissions with OrbitMI and DTN API solutions for weather - optimized voyage routing,20230111T110000Z,,hellenicshippingnews.com,English,China
https://www.modernghana.com/news/1205184/full-text-alan-kyerematen-declares-presidential.html,https://www.modernghana.com/amp/news/1205184/full-text-alan-kyerematen-declares-presidential.html, [ Full text ]: Alan Kyerematen declares presidential ambition ; announces Great Transformational Plan,20230111T111500Z,https://cdn.modernghana.com/images/content/1102023113612-8dt2wjivuq-54736283.jpg,modernghana.com,English,Ghana
https://www.businessghana.com/site/news/Politics/277825/Alan-Kyerematen-outlines-%E2%80%98great-transformational-plan%E2%80%99-,,Alan Kyerematen outlines  great transformational plan  ,20230111T113000Z,https://www.businessghana.com/cms/img/news/2023-01-11-102255000.jpg,businessghana.com,English,Ghana
http://www.ruthfullyyours.com/page/8494/,,RUTHFULLY YOURS,20230111T113000Z,,ruthfullyyours.com,English,United States
https://www.businessghana.com/site/news/news/277825/Politics,,Alan Kyerematen outlines  great transformational plan  ,20230111T114500Z,https://www.businessghana.com/cms/img/news/2023-01-11-102255000.jpg,businessghana.com,English,Ghana
https://www.afr.com/policy/energy-and-climate/carbon-safeguard-should-include-all-technologies-20230111-p5cbsj,,Labor carbon price : Safeguard mechanism should include all technologies,20230111T121500Z,https://static.ffx.io/images/$zoom_0.1786%2C$multiply_4%2C$ratio_1.777778%2C$width_1059%2C$x_0%2C$y_0/t_crop_custom/c_scale%2Cw_800%2Cq_88%2Cf_jpg/t_afr_opinion_no_age_social_wm/0f6eff3c432873df27e14386a0b37ca41e5dc9b1,afr.com,English,Australia
https://www.cbc.ca/news/canada/morning-brief-january-11-2023-1.6708746,https://www.cbc.ca/amp/1.6708746,Get informed on the top stories of the day in one quick scan,20230111T121500Z,https://i.cbc.ca/1.5363910.1574359561!/fileImage/httpImage/image.jpg_gen/derivatives/16x9_620/cbc-news-morning-brief-newsletter.jpg,cbc.ca,English,Canada
https://www.digitaljournal.com/pr/global-carbon-credit-trading-market-insight-2023-2027-estimated-to-reach-usd-9600-million-growing-at-a-cagr-of-29-88-top-countries-data,,Global Carbon Credit Trading Market Insight [ 2023 - 2027 ] | Estimated to Reach USD 9600 Million ( Growing at a CAGR of 29 . 88 %) | Top Countries Data,20230111T121500Z,,digitaljournal.com,English,United States
https://www.finanznachrichten.de/nachrichten-2023-01/58033971-xpansiv-completes-acquisition-of-evolution-markets-closes-capital-raise-with-new-investors-bank-of-america-and-goldman-sachs-004.htm,,"Xpansiv Completes Acquisition of Evolution Markets , Closes Capital Raise with New Investors Bank of America , and Goldman Sachs",20230111T124500Z,https://www.finanznachrichten.de/chart-goldman-sachs-group-inc-aktie-intraklein-tradegate.png,finanznachrichten.de,English,Germany
http://www.businessghana.com/site/news/Politics/277825/Alan-Kyerematen-outlines-%E2%80%98great-transformational-plan%E2%80%99-,,Alan Kyerematen outlines  great transformational plan  ,20230111T124500Z,http://www.businessghana.com/cms/img/news/2023-01-11-102255000.jpg,businessghana.com,English,Ghana
https://www.joplinglobe.com/region/national_business/xpansiv-completes-acquisition-of-evolution-markets-closes-capital-raise-with-new-investors-bank-of-america/article_d65eac62-8f0b-516b-832e-872dbab98725.html,,"Xpansiv Completes Acquisition of Evolution Markets , Closes Capital Raise with New Investors Bank of America , and Goldman Sachs",20230111T130000Z,https://bloximages.chicago2.vip.townnews.com/joplinglobe.com/content/tncms/custom/image/82ebee74-4c80-11ec-942f-cf2743f1e0ea.jpg,joplinglobe.com,English,United States
https://www.yakimaherald.com/opinion/opinion-2023-washington-legislature-local-delegation-sets-off-with-ambitious-agenda/article_53f0b4c4-905e-11ed-9849-e3ec4d25ddc2.html,https://www.yakimaherald.com/opinion/opinion-2023-washington-legislature-local-delegation-sets-off-with-ambitious-agenda/article_53f0b4c4-905e-11ed-9849-e3ec4d25ddc2.amp.html,Opinion : 2023 Washington Legislature : Local delegation sets off with ambitious agenda,20230111T131500Z,https://bloximages.newyork1.vip.townnews.com/yakimaherald.com/content/tncms/assets/v3/editorial/3/77/377d899c-8d3a-11ed-a133-b7dae6efb2c5/63b737aa1c884.image.jpg?crop=1763%2C926%2C0%2C124,yakimaherald.com,English,United States
https://dinsights.katadata.co.id/read/2023/01/09/carbon-trading-alternative-in-power-plants-emission-offsets,,Carbon Trading Alternative in Power Plants : Emission Offsets,20230111T140000Z,https://cdn1.katadata.co.id/media/dinsights/images/thumb/2021/08/24/2021_08_24-09_18_49_7a8bfc465751fe9393a8c60e973e3cd2_620x413_thumb.jpg,dinsights.katadata.co.id,English,Indonesia
https://www.lexology.com/library/detail.aspx?g=f100bb84-5598-4f4e-8f05-6c1f40c206d2,,"The Energy Conservation ( Amendment ) Act , 2022 : Key Highlights",20230111T140000Z,,lexology.com,English,United States
"https://www.streetinsider.com/Business+Wire/Xpansiv+Completes+Acquisition+of+Evolution+Markets,+Closes+Capital+Raise+with+New+Investors+Bank+of+America,+and+Goldman+Sachs/21059439.html",,"Xpansiv Completes Acquisition of Evolution Markets , Closes Capital Raise with New Investors Bank of America , and Goldman Sachs",20230111T153000Z,,streetinsider.com,English,United States
https://peacefmonline.com/pages/politics/politics/202301/481032.php,,Weve Competed In The Past But ... - Alan Kyerematen On Relationship With Akufo - Addo,20230111T154500Z,,peacefmonline.com,English,Ghana
https://www.trtworld.com/magazine/why-is-eu-deforestation-law-angering-indonesia-and-malaysia-64391,https://www.trtworld.com/magazine/why-is-eu-deforestation-law-angering-indonesia-and-malaysia-64391/amp,Why is EU deforestation law angering Indonesia and Malaysia ? ,20230111T161500Z,https://cdni0.trtworld.com/w480/h270/q75/147798_PalmOilAP_1673446919368.jpg,trtworld.com,English,Turkey
https://www.lexology.com/library/detail.aspx?g=d8e7d966-91b6-4120-92f6-95036be66d62,,UK / EU / US / China / Brazil - Corporate Reporting of Environmental Matters under the Companies Act 2006,20230111T170000Z,,lexology.com,English,United States
https://www.wallowa.com/opinion/columnists/around-oregon-governing-is-the-art-of-relationships/article_613761e3-04bd-5d71-9e4e-9e71fb6efbe1.html,,Around Oregon : Governing is the art of relationships,20230111T170000Z,https://bloximages.newyork1.vip.townnews.com/wallowa.com/content/tncms/assets/v3/editorial/6/13/613761e3-04bd-5d71-9e4e-9e71fb6efbe1/63bb0d771130f.preview.jpg?crop=1000%2C525%2C0%2C73,wallowa.com,English,United States
https://www.finanznachrichten.de/nachrichten-2023-01/58036989-lyondellbasell-increases-greenhouse-gas-emissions-reduction-targets-includes-scope-3-200.htm,,"LyondellBasell Increases Greenhouse Gas Emissions Reduction Targets , Includes Scope 3",20230111T171500Z,https://www.accesswire.com/users/newswire/images/734870/c8e058e9-0ef9-4b57-9456-48e0b067678b.jpg,finanznachrichten.de,English,Germany
https://www.breitbart.com/politics/2023/01/11/newsom-announces-cuts-to-climate-change-funding-mid-flood-due-to-deficit/,https://www.breitbart.com/politics/2023/01/11/newsom-announces-cuts-to-climate-change-funding-mid-flood-due-to-deficit/amp/,"Newsom Announces Cuts to Climate Change Funding , Mid - flood , Due to Deficit",20230111T173000Z,https://media.breitbart.com/media/2023/01/Gavin-Newsom-budget-Associated-Press-640x335.jpg,breitbart.com,English,United States
https://www.businesswire.com/news/home/20230111005449/en/Xpansiv-Completes-Acquisition-of-Evolution-Markets-Closes-Capital-Raise-with-New-Investors-Bank-of-America-and-Goldman-Sachs/,,"Xpansiv Completes Acquisition of Evolution Markets , Closes Capital Raise with New Investors Bank of America , and Goldman Sachs",20230111T173000Z,,businesswire.com,English,United States
https://www.politico.com/newsletters/california-playbook/2023/01/11/how-newsom-proposes-to-handle-a-budget-deficit-00077335,,How Newsom proposes to handle a budget deficit,20230111T181500Z,https://static.politico.com/da/f5/44342c424c68b675719324b1106b/politico.jpg,politico.com,English,United States
https://lostcoastoutpost.com/2023/jan/11/environmentalists-say-newsoms-budget-cuts-jeopardi/,,"Environmentalists Say Newsom Budget Cuts Jeopardize Climate Programs , Electric Car Mandate | Lost Coast Outpost",20230111T184500Z,https://lostcoastoutpost.com/loco-media/cache/10/94/1094927c40407471dc6b3988dd00cfda.webp,lostcoastoutpost.com,English,United States
https://www.businesswire.com/news/home/20230111005449/en/Xpansiv-Completes-Acquisition-of-Evolution-Markets-Closes-Capital-Raise-with-New-Investors-Bank-of-America-and-Goldman-Sachs,,"Xpansiv Completes Acquisition of Evolution Markets , Closes Capital Raise with New Investors Bank of America , and Goldman Sachs",20230111T190000Z,,businesswire.com,English,United States
https://newsbtc.com/news/company/1-billion-web3-investment-fund-announced-by-venom-foundation/,https://newsbtc.com/news/company/1-billion-web3-investment-fund-announced-by-venom-foundation/amp/,$1 Billion Web3 Investment Fund Announced by Venom Foundation,20230111T190000Z,https://newsbtc.com/wp-content/uploads/2023/01/child-3264751_1920-1.jpg,newsbtc.com,English,United States
https://www.peacefmonline.com/pages/politics/politics/202301/481020.php,,Full Text : Alan Kyerematen Declares Presidential Ambition,20230111T211500Z,,peacefmonline.com,English,Ghana
https://balkangreenenergynews.com/sarajevo-intends-to-establish-public-utility-for-renewable-energy-production/,,Sarajevo intends to establish public utility for renewable energy production,20230111T213000Z,https://balkangreenenergynews.com/wp-content/uploads/2023/01/Sarajevo-intends-to-establish-public-utility-for-renewable-energy-production.jpg,balkangreenenergynews.com,English,Serbia
https://www.afr.com/politics/federal/global-economy-perilously-close-to-recession-20230112-p5cbz7,,Need to Know : $2 . 6m filly smashes Magic Millions record,20230111T230000Z,https://static.ffx.io/images/$zoom_0.1765%2C$multiply_4%2C$ratio_1.777778%2C$width_1059%2C$x_0%2C$y_110/t_crop_custom/c_scale%2Cw_800%2Cq_88%2Cf_jpg/t_afr_live_no_age_social_wm/3e7da19bfb6f0f6d1185089f954fd0cbfc886de4,afr.com,English,Australia
https://www.bakersfield.com/ap/news/xpansiv-completes-acquisition-of-evolution-markets-closes-capital-raise-with-new-investors-bank-of-america/article_e8a8a48a-476e-5ed8-9e58-cada20481acc.html,,"Xpansiv Completes Acquisition of Evolution Markets , Closes Capital Raise with New Investors Bank of America , and Goldman Sachs",20230111T231500Z,https://bloximages.newyork1.vip.townnews.com/bakersfield.com/content/tncms/custom/image/d09180fc-6bee-11e7-8b72-ff928e2e17d5.png,bakersfield.com,English,United States
https://www.hellenicshippingnews.com/how-to-successfully-bring-esg-reporting-to-life-in-shipping-companies/,,How to successfully bring ESG reporting to life in shipping companies | Hellenic Shipping News Worldwide,20230111T231500Z,,hellenicshippingnews.com,English,China
https://www.hellenicshippingnews.com/from-chip-disputes-to-the-eus-carbon-border-tax-6-things-to-know-about-international-trade-this-month/,,From chip disputes to the EU carbon border tax : 6 things to know about international trade this month,20230111T231500Z,,hellenicshippingnews.com,English,China
https://www.financialstandard.com.au/news/aware-super-goldman-sachs-bank-of-america-back-xpansiv-179798029,,"Aware Super , Goldman Sachs , Bank of America back Xpansiv",20230112T023000Z,,financialstandard.com.au,English,Australia
https://www.digitaljournal.com/tech-science/the-side-benefits-of-clean-energy/article,,The side benefits of clean energy,20230112T030000Z,https://www.digitaljournal.com/wp-content/uploads/2023/01/Untitleddesign9S1M5-1024x576.png,digitaljournal.com,English,United States
https://lbpost.com/news/environmentalists-say-newsoms-budget-cuts-jeopardize-climate-programs-electric-car-mandate,,"Environmentalists say Newsom budget cuts jeopardize climate programs , electric car mandate • Long Beach Post News",20230112T033000Z,https://img.lbpost.com/wp-content/uploads/2023/01/11154258/Screen-Shot-2023-01-11-at-3.42.18-PM.png,lbpost.com,English,United States
https://planet.outlookindia.com/news/as-carbon-trading-takes-off-focus-on-building-a-robust-market-news-414678,,"As Carbon Trading Takes Off , Focus On Building A Robust Market",20230112T034500Z,https://imgnew.outlookindia.com/uploadimage/library/16_9/16_9_5/Photo__AP_1671162200.jpg?utm_source=fb,planet.outlookindia.com,English,India
https://www.hrw.org/news/2023/01/12/malaysia-elections-cap-year-upheaval,,Malaysia : Elections Cap Year of Upheaval,20230112T034500Z,https://www.hrw.org/sites/default/files/styles/opengraph/public/media_2022/12/202301asia_malaysia_WR.jpg?ac0d8c&itok=k4McSRbC,hrw.org,English,Syria
https://signalscv.com/2023/01/environmentalists-say-newsoms-budget-cuts-jeopardize-climate-programs-electric-car-mandate/,,"Environmentalists say Newsom budget cuts jeopardize climate programs , electric car mandate",20230112T040000Z,https://signalscv.s3.us-west-1.amazonaws.com/wp-content/uploads/2023/01/11172448/011123_CLIMATE_CM.png,signalscv.com,English,United States
https://www.zerohedge.com/political/californias-emission-reduction-plan-lacks-clear-strategy-report,,California Emission Reduction Plan Lacks Clear Strategy : Report,20230112T071500Z,https://assets.zerohedge.com/s3fs-public/styles/16_9_max_700/public/2023-01/GettyImages-1414286012-600x400.jpg?&itok=NhHFI4FI,zerohedge.com,English,United States
https://www.brisbanetimes.com.au/politics/federal/greens-showdown-with-gas-sector-threatens-labor-s-climate-reforms-20230112-p5cbzs.html,https://amp.brisbanetimes.com.au/politics/federal/greens-showdown-with-gas-sector-threatens-labor-s-climate-reforms-20230112-p5cbzs.html,Greens showdown with gas sector threatens Labor climate reforms,20230112T090000Z,https://static.ffx.io/images/$zoom_0.2648%2C$multiply_0.7554%2C$ratio_1.777778%2C$width_1059%2C$x_0%2C$y_54/t_crop_custom/q_86%2Cf_auto/t_brisbanetimes_no_label_no_age_social_wm/a109fb5cbb8b58fc19c303df89baf3afe6911df9,brisbanetimes.com.au,English,Australia
https://www.smh.com.au/politics/federal/greens-showdown-with-gas-sector-threatens-labor-s-climate-reforms-20230112-p5cbzs.html,https://amp.smh.com.au/politics/federal/greens-showdown-with-gas-sector-threatens-labor-s-climate-reforms-20230112-p5cbzs.html,Greens showdown with gas sector threatens Labor climate reforms,20230112T091500Z,https://static.ffx.io/images/$zoom_0.2648%2C$multiply_0.7554%2C$ratio_1.777778%2C$width_1059%2C$x_0%2C$y_54/t_crop_custom/q_86%2Cf_auto/t_smh_no_label_no_age_social_wm/a109fb5cbb8b58fc19c303df89baf3afe6911df9,smh.com.au,English,Australia
https://www.theage.com.au/politics/federal/greens-showdown-with-gas-sector-threatens-labor-s-climate-reforms-20230112-p5cbzs.html,https://amp.theage.com.au/politics/federal/greens-showdown-with-gas-sector-threatens-labor-s-climate-reforms-20230112-p5cbzs.html,Greens showdown with gas sector threatens Labor climate reforms,20230112T091500Z,https://static.ffx.io/images/$zoom_0.2648%2C$multiply_0.7554%2C$ratio_1.777778%2C$width_1059%2C$x_0%2C$y_54/t_crop_custom/q_86%2Cf_auto/t_theage_no_label_no_age_social_wm/a109fb5cbb8b58fc19c303df89baf3afe6911df9,theage.com.au,English,Australia
https://www.eureporter.co/environment/co2-emissions/emissions-trading-scheme-ets/2023/01/12/climate-change-deal-on-a-more-ambitious-emissions-trading-system-ets/,,Climate change : Deal on a more ambitious Emissions Trading System ( ETS ) ,20230112T091500Z,https://www.eureporter.co/wp-content/uploads/2022/05/Emissions.jpg,eureporter.co,English,United Kingdom
https://menafn.com/1105419312/Is-Europes-New-Carbon-Border-Tax-Fair-For-Everyone,,Is Europe New Carbon Border Tax Fair For Everyone ? ,20230112T093000Z,https://menafn.com/updates/pr/2023-01/12/TC_8bc1eimage_story.jpg,menafn.com,English,Qatar
https://www.eureporter.co/politics/european-parliament-2/2023/01/12/deal-on-establishing-the-social-climate-fund-to-support-the-energy-transition/,,Deal on establishing the Social Climate Fund to support the energy transition,20230112T103000Z,https://www.eureporter.co/wp-content/uploads/2021/02/Climate-change.jpg,eureporter.co,English,United Kingdom
https://www.marylandmatters.org/2023/01/12/new-leadership-in-chesapeake-bay-states-raises-hopes-for-action-in-2023/,,New leadership in Chesapeake Bay states raises hopes for action in 2023,20230112T131500Z,https://www.marylandmatters.org/wp-content/uploads/2022/11/IMG_0948-scaled.jpg,marylandmatters.org,English,United States
https://www.taiwannews.com.tw/en/news/4779114,,KPMG proposes Budget 2023 measures to drive Singapore green and inclusive growth towards lasting paths for businesses | Taiwan News,20230112T133000Z,,taiwannews.com.tw,English,Taiwan
https://www.marketsmedia.com/bank-of-america-and-goldman-sachs-invest-in-xpansiv/,,Bank of America and Goldman Sachs Invest in Xpansiv,20230112T133000Z,https://www.marketsmedia.com/wp-content/uploads/2017/07/iStock-584465628-1.jpg,marketsmedia.com,English,
https://www.afr.com/politics/federal/letters-chinese-envoy-well-versed-in-diplomacy-20230112-p5cc6y,,Letters : Chinese envoy well - versed in diplomacy,20230112T140000Z,https://static.ffx.io/images/$zoom_0.2856%2C$multiply_3%2C$ratio_1.777778%2C$width_1059%2C$x_0%2C$y_0/t_crop_custom/c_scale%2Cw_800%2Cq_88%2Cf_jpg/t_afr_opinion_no_age_social_wm/97a2acdaa5a90eb82af624c0ba94d4614955f358,afr.com,English,Australia
http://www.itnewsonline.com/news/KPMG-proposes-Budget-2023-measures-to-drive-Singapores-green-and-inclusive-growth-towards-lasting-paths-for-businesses/12744,,IT News Online - KPMG proposes Budget 2023 measures to drive Singapore green and inclusive growth towards lasting paths for businesses,20230112T144500Z,,itnewsonline.com,English,United States
https://peacefmonline.com/pages/politics/politics/202301/481130.php,,  Obiaa Be Didi  When I Become President – Alan Cash | Politics,20230112T160000Z,,peacefmonline.com,English,Ghana
https://cointelegraph.com/magazine/deflation-dumb-way-approach-tokenomics/,,  Deflation  is a dumb way to approach tokenomics … and other sacred cows – Cointelegraph Magazine,20230112T161500Z,https://cointelegraph.com/magazine/wp-content/uploads/2023/01/magazine-The-Fundamentals-of-Token-Economics1-scaled.jpeg,cointelegraph.com,English,China
https://markets.financialcontent.com/stocks/article/gnwcq-2023-1-12-zefiro-methane-appoints-tina-reine-as-chief-commercial-officer,,Stock Market | FinancialContent Business Page,20230112T191500Z,,markets.financialcontent.com,English,United States
https://www.tmcnet.com/usubmit/2023/01/12/9742817.htm,,Zefiro Methane Appoints Tina Reine as Chief Commercial Officer,20230112T191500Z,https://images.tmcnet.com/tmc/world.jpg,tmcnet.com,English,United States
https://www.capitalpress.com/climate_changed/ecology-oil-industry-spar-over-early-cap-and-trade-fallout/article_5a0fa500-91fc-11ed-8693-4bdaa98de8ef.html,,"Ecology , oil industry spar over early cap - and - trade fallout",20230112T191500Z,https://bloximages.newyork1.vip.townnews.com/capitalpress.com/content/tncms/assets/v3/editorial/7/d1/7d1d8816-9213-11ed-9a1b-fb74b188c940/6323bfd92292f.image.jpg?crop=1567%2C823%2C0%2C110,capitalpress.com,English,United States
https://www.globenewswire.com/news-release/2023/01/12/2588221/0/en/Zefiro-Methane-Appoints-Tina-Reine-as-Chief-Commercial-Officer.html,,Zefiro Methane Appoints Tina Reine as Chief Commercial,20230112T194500Z,https://ml.globenewswire.com/Resource/Download/ecd23159-526a-481a-9f8a-25295aaeac48?size=2,globenewswire.com,English,United States
https://www.jdsupra.com/legalnews/california-s-independent-legislative-6449423/,,"California Independent Legislative Analyst Criticizes State New Climate Plan | Manatt , Phelps & Phillips , LLP",20230112T203000Z,https://jdsupra-static.s3.amazonaws.com/profile-images/og.858_845.jpg,jdsupra.com,English,United States
https://www.jdsupra.com/legalnews/governor-newsom-proposes-fy-2023-24-3719232/,,"Governor Newsom Proposes FY 2023 – 24 Budget | Manatt , Phelps & Phillips , LLP",20230112T203000Z,https://jdsupra-static.s3.amazonaws.com/profile-images/og.858_845.jpg,jdsupra.com,English,United States
https://menafn.com/1105422222/The-Carbon-Price-Solution,,The Carbon Price Solution,20230112T204500Z,https://menafn.com/updates/pr/2023-01/12/JT_869d4image_story.png,menafn.com,English,Qatar
https://www.peacefmonline.com/pages/politics/politics/202301/481032.php,,Weve Competed In The Past But ... - Alan Kyerematen On Relationship With Akufo - Addo,20230112T211500Z,,peacefmonline.com,English,Ghana
https://mondovisione.com/media-and-resources/news/cftc-commissioner-pham-announces-members-of-the-cftcs-global-markets-advisory-c/,,CFTC Commissioner Pham Announces Members Of The CFTC Global Markets Advisory Committee,20230112T213000Z,,mondovisione.com,English,United States
http://www.eastcountymagazine.org/reversal-fortune-gov-newsom-outlines-plan-deal-budget-deficit,,REVERSAL OF FORTUNE : GOV . NEWSOM OUTLINES PLAN TO DEAL WITH BUDGET DEFICIT,20230112T214500Z,,eastcountymagazine.org,English,United States
https://www.etftrends.com/climate-insights-channel/a-guide-to-u-s-carbon-markets-in-2022-and-2023/,https://www.etftrends.com/climate-insights-channel/a-guide-to-u-s-carbon-markets-in-2022-and-2023/amp/,A Guide to U . S . Carbon Markets in 2022 and 2023,20230112T221500Z,https://www.etftrends.com/wp-content/uploads/2023/01/A-Guide-to-U.S.-Carbon-Markets-in-2022-and-2023.jpg,etftrends.com,English,China
https://www.bakersfield.com/ap/news/zefiro-methane-appoints-tina-reine-as-chief-commercial-officer/article_648998c7-4730-5ac7-ae12-ff71a27886d5.html,,Zefiro Methane Appoints Tina Reine as Chief Commercial Officer,20230112T230000Z,https://bloximages.newyork1.vip.townnews.com/bakersfield.com/content/tncms/custom/image/d09180fc-6bee-11e7-8b72-ff928e2e17d5.png,bakersfield.com,English,United States
https://thegww.com/1-billion-web3-investment-fund-announced-by-venom-foundation/,https://thegww.com/1-billion-web3-investment-fund-announced-by-venom-foundation/?amp,$1 Billion Web3 Investment Fund Announced by Venom Foundation,20230112T230000Z,,thegww.com,English,United States
https://www.watoday.com.au/politics/federal/greens-showdown-with-gas-sector-threatens-labor-s-climate-reforms-20230112-p5cbzs.html,,Emissions : Greens showdown with gas sector threatens Labor climate reforms,20230113T000000Z,https://static.ffx.io/images/$zoom_0.2648%2C$multiply_0.7554%2C$ratio_1.777778%2C$width_1059%2C$x_0%2C$y_54/t_crop_custom/q_86%2Cf_auto/t_watoday_no_label_no_age_social_wm/a109fb5cbb8b58fc19c303df89baf3afe6911df9,watoday.com.au,English,Australia
https://alaskabeacon.com/2023/01/12/alaska-wants-to-profit-by-leaving-timber-uncut-and-pumping-carbon-underground/,,Alaska wants to profit by leaving timber uncut and pumping carbon underground,20230113T004500Z,,alaskabeacon.com,English,
https://www.ktoo.org/2023/01/12/new-bill-from-dunleavy-aims-to-help-alaska-break-into-growing-carbon-markets/,,New bill from Dunleavy aims to help Alaska break into growing carbon markets,20230113T023000Z,https://media.ktoo.org/wp-content/uploads/2023/01/TAPS-aspect-ratio-16-9-1536x864.jpg,ktoo.org,English,United States
https://www.bjreview.com/Opinion/Voice/202211/t20221118_800314027.html,,The COP27 and beyond -- Beijing Review,20230113T023000Z,https://www.bjreview.com/Opinion/Voice/202211/W020221118744842163005.jpg,bjreview.com,English,China
https://www.thecentersquare.com/washington/washington-gas-prices-reverse-course-after-13-week-decline/article_6fd03ab4-92d1-11ed-81bc-57d6c02d80ec.html,https://www.thecentersquare.com/washington/washington-gas-prices-reverse-course-after-13-week-decline/article_6fd03ab4-92d1-11ed-81bc-57d6c02d80ec.amp.html,Washington gas prices reverse course after 13 - week decline,20230113T030000Z,https://bloximages.newyork1.vip.townnews.com/thecentersquare.com/content/tncms/assets/v3/editorial/7/1e/71eaea8a-1cd2-11ed-82e5-f3541d104331/62faa204b8aa6.image.jpg?crop=1763%2C926%2C0%2C124,thecentersquare.com,English,
https://www.churchtimes.co.uk/articles/2023/13-january/features/interviews/interview-michael-wilkins-executive-director-centre-for-climate-finance-and-investment-imperial-college-london,,"Interview : Michael Wilkins , executive director , Centre for Climate Finance and Investment , Imperial College , London",20230113T034500Z,"https://www.churchtimes.co.uk/media/5689259/michaelwilkins523a9475-20230105094459539_web.jpg?center=0.37168141592920356,0.4336283185840708&mode=crop&rnd=133179226090000000",churchtimes.co.uk,English,United Kingdom
https://www.afr.com/policy/energy-and-climate/australia-s-carbon-cut-challenge-just-got-real-20230111-p5cbse,,Australia carbon cut challenge just got real ; Chris Bowen says good power policy offers dividends,20230113T044500Z,https://static.ffx.io/images/$zoom_0.538%2C$multiply_2%2C$ratio_1.777778%2C$width_1059%2C$x_166%2C$y_92/t_crop_custom/c_scale%2Cw_800%2Cq_88%2Cf_jpg/t_afr_analysis_no_age_social_wm/70a098a628489cba5e46ad8741da0d208ac4ef57,afr.com,English,Australia
https://www.peninsulaclarion.com/opinion/opinion-alaska-must-act-now-to-capitalize-on-carbon-markets/,,Opinion : Alaska must act now to capitalize on carbon markets,20230113T071500Z,https://www.peninsulaclarion.com/wp-content/uploads/2023/01/31561270_web1_dunleavy.jpg,peninsulaclarion.com,English,United States
https://www.lexology.com/library/detail.aspx?g=ebc04c7e-d50e-41a4-b4dd-5e6e5ba073a0,,IOSCO Launches a Consultation on Compliance and Voluntary Carbon Markets Design,20230113T080000Z,,lexology.com,English,United States
https://www.miragenews.com/uk-could-do-more-to-harness-economic-benefits-928630/,,UK Could Do More to Harness Economic Benefits of Green Growth,20230113T083000Z,https://assets.publishing.service.gov.uk/government/uploads/system/uploads/default_news_organisation_image_data/file/199/s960_beis-sign-1vs.jpg,miragenews.com,English,United States
https://www.marketscreener.com/quote/stock/BURSA-MALAYSIA-6497729/news/How-To-Claim-And-Trade-Carbon-Credit-42691584/,https://www.marketscreener.com/amp/quote/stock/BURSA-MALAYSIA-6497729/news/How-To-Claim-And-Trade-Carbon-Credit-42691584/,How To Claim And Trade Carbon Credit ? ,20230113T084500Z,https://www.marketscreener.com/images/twitter_MS_fdgris.png,marketscreener.com,English,
https://www.digitaljournal.com/pr/carbon-credit-trading-platform-market-revenue-growth-predicted-by-2023-2029nasdaq-inc-eex-group-aircarbon-exchange-carbon-trade-exchange,,"Carbon Credit Trading Platform Market | Revenue Growth Predicted by 2023 - 2029|Nasdaq Inc ., EEX Group , AirCarbon Exchange , Carbon Trade Exchange",20230113T103000Z,,digitaljournal.com,English,United States
https://www.frontiersman.com/opinions/alaska-must-act-now-to-capitalize-on-carbon-markets/article_9c2d1596-92d6-11ed-85a5-e78bf17448d5.html,,Alaska must act now to capitalize on carbon markets,20230113T111500Z,https://bloximages.chicago2.vip.townnews.com/frontiersman.com/content/tncms/custom/image/c7641e52-b05b-11e7-a9c5-6b3f8d722bb9.jpg,frontiersman.com,English,United States
http://www.ruthfullyyours.com/page/8497/,,RUTHFULLY YOURS,20230113T111500Z,,ruthfullyyours.com,English,United States
https://www.publicnewsservice.org/2023-01-13/livable-wages-working-families/vehicle-electrification-creates-job-opportunities-for-disadvantaged-workers/a82376-1,,Vehicle Electrification Creates Job Opportunities for Disadvantaged Workers,20230113T113000Z,https://www.newsservice.org/getimage.php?p=c2dpZD04MjM3NiZzaWQ9MQ==,publicnewsservice.org,English,United States
https://www.digitaljournal.com/pr/global-carbon-offset-or-carbon-credit-trading-service-market-compound-annual-growth-rate-cagr-is-22-71-forecast-period-2023-2027,,Global Carbon Offset or Carbon Credit Trading Service Market | Compound Annual Growth Rate ( CAGR ) is 22 . 71 % | Forecast Period 2023 - 2027,20230113T130000Z,,digitaljournal.com,English,United States
https://www.lexology.com/library/detail.aspx?g=f9bbd330-a194-4a8f-a245-db14d2be5064,,The Low - Carbon M & A Wave has arrived . How Can Enterprises Ride the Tides ? ( Part II ) ,20230113T150000Z,,lexology.com,English,United States
https://www.newsminer.com/news/alaska_news/a-new-industry-is-about-to-take-off-in-alaska-according-to-state-officials/article_7e851362-92e6-11ed-9a28-57f9a5b408d6.html,,"A new industry is about to take off in Alaska , according to state officials",20230113T161500Z,https://bloximages.newyork1.vip.townnews.com/newsminer.com/content/tncms/assets/v3/editorial/e/1d/e1d7dd32-92fa-11ed-801d-6f9b48955d6d/63c0de2ea7939.image.jpg?crop=1480%2C777%2C0%2C1,newsminer.com,English,United States
https://www.westernstandard.news/opinion/krayden-justin-trudeau-threatens-alberta-more-than-his-father-and-the-national-energy-program/article_8c0efa5e-935c-11ed-8f76-e76f0c085e5a.html,,KRAYDEN : Justin Trudeau threatens Alberta more than his father and the National Energy Program,20230113T174500Z,https://bloximages.newyork1.vip.townnews.com/westernstandard.news/content/tncms/assets/v3/editorial/a/92/a92dc9dc-935f-11ed-b8e0-13d3394e5107/63c1879b21ff4.image.jpg?crop=981%2C515%2C29%2C0,westernstandard.news,English,
https://www.endsreport.com/article/1810109/33-things-need-know-chris-skidmores-net-zero-review,,,20230113T180000Z,https://cached.imagescaler.hbpl.co.uk/resize/scaleHeight/150/cached.offlinehbpl.hbpl.co.uk/news/RDN/solar.jpg,endsreport.com,English,United Kingdom
https://www.peacefmonline.com/pages/politics/politics/202301/481130.php,,  Obiaa Be Didi  When I Become President – Alan Cash | Politics,20230113T203000Z,,peacefmonline.com,English,Ghana
http://www.truenorthreports.com/alison-despathy-affordable-heating-act-is-an-attack-on-vermont-businesses,,Alison Despathy : Affordable Heating Act is an attack on Vermont businesses,20230113T214500Z,http://www.truenorthreports.com/wp-content/uploads/2023/01/1661.jpg,truenorthreports.com,English,United States
https://www.etftrends.com/climate-insights-channel/a-guide-to-european-carbon-markets-in-2022-and-2023/,https://www.etftrends.com/climate-insights-channel/a-guide-to-european-carbon-markets-in-2022-and-2023/amp/,A Guide to European Carbon Markets in 2022 and 2023,20230113T214500Z,https://www.etftrends.com/wp-content/uploads/2023/01/A-Guide-to-European-Carbon-Markets-in-2022-and-2023.jpg,etftrends.com,English,China
https://www.ketchikandailynews.com/news/alaska/dunleavy-pitches-carbon-profit-plan/article_0997d5ba-936f-11ed-9a53-67209f5569e6.html,,Dunleavy pitches carbon profit plan,20230113T221500Z,https://bloximages.newyork1.vip.townnews.com/ketchikandailynews.com/content/tncms/custom/image/7e1d9f6e-c825-11e9-8909-7b0a582ed79b.png,ketchikandailynews.com,English,United States
https://www.mtdemocrat.com/news/240m-in-funding-available-for-wildfire-prevention/,,Millions available for wildfire prevention,20230113T223000Z,,mtdemocrat.com,English,United States
https://kiowacountypress.net/content/report-california-air-resources-board-plan-falls-short-addressing-california%E2%80%99s-climate-goals,,Report : California Air Resources Board plan falls short in addressing California climate goals | Kiowa County Press,20230113T223000Z,,kiowacountypress.net,English,United States
https://www.resources.org/resources-radio/does-cap-and-trade-exacerbate-environmental-injustice-in-california-with-danae-hernandez-cortes/,,"Does Cap and Trade Exacerbate Environmental Injustice in California ?, with Danae Hernández - Cortés",20230113T223000Z,https://media.rff.org/images/shutterstock_1163687584_3.width-600.jpg,resources.org,English,
https://nationalpost.com/opinion/randall-denley-doug-ford-is-on-the-path-to-repeat-the-doomed-green-energy-plans-of-the-liberals,https://nationalpost.com/opinion/randall-denley-doug-ford-is-on-the-path-to-repeat-the-doomed-green-energy-plans-of-the-liberals/wcm/2a597308-e8fe-4ce7-9fa6-0e01c93d377a/amp/,Doug Ford is on the path to repeat doomed green energy plans,20230113T223000Z,https://smartcdn.gprod.postmedia.digital/nationalpost/wp-content/uploads/2023/01/gm-brightdrop-canada.jpg,nationalpost.com,English,Canada
https://www.kpbs.org/podcasts/kpbs-roundtable/roundtable-energy-prices-soar-to-start-off-new-year,,Roundtable : Energy prices soar to start off new year,20230113T231500Z,http://kpbs-brightspot.s3.amazonaws.com/53/00/442042454a47a946bcccae077068/gas-stove-del-mar.png,kpbs.org,English,United States
https://napavalleyregister.com/news/state-and-regional/environmentalists-say-newsom-s-budget-cuts-imperil-california-climate-programs-electric-car-mandate/article_128f4b8a-cc27-564e-b283-1a7cb89f44d9.html,,"Environmentalists say Newsom budget cuts imperil California climate programs , electric car mandate",20230114T001500Z,https://bloximages.chicago2.vip.townnews.com/napavalleyregister.com/content/tncms/assets/v3/editorial/7/ec/7ec54f02-7a0b-11ed-ad7a-87e7d23c0868/622fc479cb7d1.image.jpg?crop=1789%2C939%2C0%2C109,napavalleyregister.com,English,United States
https://calgaryherald.com/opinion/columnists/varcoe-as-alberta-oil-output-hits-record-heights-smith-warns-federal-emissions-cap-will-shut-in-production,https://calgaryherald.com/opinion/columnists/varcoe-as-alberta-oil-output-hits-record-heights-smith-warns-federal-emissions-cap-will-shut-in-production/wcm/5c480d69-b584-4c17-a1bf-8f6cc108cd86/amp/,Varcoe : Smith warns federal emissions cap could shut - in Alberta oil,20230114T033000Z,https://smartcdn.gprod.postmedia.digital/calgaryherald/wp-content/uploads/2023/01/AFP_32TG9AF.jpg,calgaryherald.com,English,Canada
https://economictimes.indiatimes.com/industry/renewables/greening-indias-budget-five-suggestions-for-fm-nirmala-sitharaman/articleshow/96982501.cms,https://m.economictimes.com/industry/renewables/greening-indias-budget-five-suggestions-for-fm-nirmala-sitharaman/amp_articleshow/96982501.cms,Greening India Budget : Five suggestions for FM Nirmala Sitharaman,20230114T073000Z,"https://img.etimg.com/thumb/msid-96984708,width-1070,height-580,imgsize-1442942,overlay-economictimes/photo.jpg",economictimes.indiatimes.com,English,India
https://www.streetinsider.com/Globe+Newswire/Zefiro+Methane+Appoints+Tina+Reine+as+Chief+Commercial+Officer/21066764.html,,Zefiro Methane Appoints Tina Reine as Chief Commercial Officer,20230114T080000Z,,streetinsider.com,English,United States
https://www.telegraph.co.uk/business/2023/01/14/why-shipbuilders-reaching-nuclear-option2/,,Why shipbuilders are reaching for the nuclear option,20230114T131500Z,,telegraph.co.uk,English,United Kingdom
https://hanfordsentinel.com/opinion/columnists/california-s-carbon-neutrality-plan-lacks-vital-detail-dan-walters/article_b43dcbb9-f817-5c59-8097-39fdf5ac5660.html,,California carbon neutrality plan lacks vital detail | Dan Walters | Columnist,20230114T154500Z,https://bloximages.chicago2.vip.townnews.com/hanfordsentinel.com/content/tncms/assets/v3/editorial/b/43/b43dcbb9-f817-5c59-8097-39fdf5ac5660/63c1e85397825.preview.jpg?crop=1536%2C806%2C0%2C87,hanfordsentinel.com,English,United States
https://lompocrecord.com/opinion/columnists/california-s-carbon-neutrality-plan-lacks-vital-detail-dan-walters/article_5b79757e-846a-5437-83cf-3272a8665f35.html,,California carbon neutrality plan lacks vital detail | Dan Walters | Columnists,20230114T161500Z,https://bloximages.chicago2.vip.townnews.com/lompocrecord.com/content/tncms/assets/v3/editorial/5/b7/5b79757e-846a-5437-83cf-3272a8665f35/63c1b1771ce25.preview.jpg?crop=1536%2C806%2C0%2C87,lompocrecord.com,English,United States
https://www.mdjonline.com/tribune/georgia/california-s-climate-strategy-lacks-clear-direction/article_beef776b-fbbc-524e-8726-a31b249be954.html,,California climate strategy lacks clear direction | Tribune,20230114T174500Z,https://bloximages.newyork1.vip.townnews.com/mdjonline.com/content/tncms/custom/image/4df9d750-8f54-11e7-ba56-dfb3dab930d6.jpg,mdjonline.com,English,United States
https://santamariatimes.com/news/local/state-and-regional/california-s-carbon-neutrality-plan-lacks-vital-detail-dan-walters/article_d6f343a5-cbf4-5fd7-8be2-67294e1baa3a.html,,California carbon neutrality plan lacks vital detail | Dan Walters | State and Regional,20230114T174500Z,https://bloximages.chicago2.vip.townnews.com/santamariatimes.com/content/tncms/assets/v3/editorial/d/6f/d6f343a5-cbf4-5fd7-8be2-67294e1baa3a/63c1b176f2efa.preview.jpg?crop=1536%2C806%2C0%2C87,santamariatimes.com,English,United States
https://www.mdjonline.com/tribune/georgia/california-s-climate-strategy-lacks-clear-direction/article_49573822-172b-51f7-8204-1745c6bf5458.html,,California climate strategy lacks clear direction | Tribune,20230114T174500Z,https://bloximages.newyork1.vip.townnews.com/mdjonline.com/content/tncms/custom/image/4df9d750-8f54-11e7-ba56-dfb3dab930d6.jpg,mdjonline.com,English,United States
https://calcoastnews.com/2023/01/state-analyst-questions-viability-of-californias-emissions-reduction-plan/,,State analyst questions viability of California emissions reduction plan,20230115T014500Z,https://calcoastnews.com/images/2021/12/California-state-33-e1640815247980.jpg,calcoastnews.com,English,United States
https://www.newstalkzb.co.nz/news/national/a-tale-of-two-islands-where-it-s-been-wettest-and-driest-this-summer/,,  A tale of two island ; Where it been wettest and driest this summer,20230115T070000Z,https://www.newstalkzb.co.nz/media/tk5o05sp/campers-were-forced-to-abandon-holidays-at-beachside-campsites-in-coromandel-and-northland-ahead-of-a-storm-hitting-days-into-the-new-year.jfif?rmode=crop&rnd=133182746235470000&quality=95&scale=both,newstalkzb.co.nz,English,New Zealand
https://www.thehindubusinessline.com/economy/agri-business/how-carbon-trading-can-benefit-the-agriculture-sector/article66380741.ece,https://www.thehindubusinessline.com/economy/agri-business/how-carbon-trading-can-benefit-the-agriculture-sector/article66380741.ece/amp/,How carbon trading can benefit the agriculture sector - The Hindu BusinessLine,20230115T093000Z,https://bl-i.thgim.com/public/news/qe9c3s/article66380850.ece/alternates/LANDSCAPE_1200/agriculture.jpg,thehindubusinessline.com,English,India
https://lancasteronline.com/opinion/editorials/we-need-serious-comprehensive-strategies-for-improving-air-quality-in-lancaster-county-editorial/article_57983aa6-9375-11ed-ae27-7b0db78f9110.html,,"We need serious , comprehensive strategies for improving air quality in Lancaster County [ editorial ] ",20230115T123000Z,https://bloximages.newyork1.vip.townnews.com/lancasteronline.com/content/tncms/assets/v3/editorial/3/3a/33a79774-21ec-11e6-a460-97e40d10da07/5744b66324cf0.image.jpg?crop=643%2C338%2C0%2C10,lancasteronline.com,English,United States
https://www.wesa.fm/environment-energy/2023-01-15/ex-pennsylvania-dep-secretary-agencys-underfunding-will-test-its-new-leader,,Ex - Pa . DEP secretary : Agency underfunding will test new leader,20230115T123000Z,http://npr-brightspot.s3.amazonaws.com/e2/a9/adadb825464498e2f0258ba10431/deppipelineprotest2015-stateimpactpa.jpg,wesa.fm,English,United States
https://etfdb.com/climate-insights-channel/a-2022-and-2023-guide-to-us-carbon-markets/,,A 2022 and 2023 Guide to U . S . Carbon Markets,20230115T123000Z,https://etfdb.com/media/W1siZiIsIjIwMjMvMDEvMTIvNm1ldWEyeDRncV9BX0d1aWRlX3RvX1UuUy5fQ2FyYm9uX01hcmtldHNfaW5fMjAyMl9hbmRfMjAyM180NDB4MjUwLmpwZyJdLFsicCIsInRodW1iIiwiNjAweDMxNV4iXV0/A-Guide-to-U.S.-Carbon-Markets-in-2022-and-2023-440x250.jpg,etfdb.com,English,China
https://techmalak.com/how-blockchain-technology-can-mitigate-greenhouse-gas-emissions-across-industries/,,How Blockchain Technology Can Mitigate Greenhouse Gas Emissions Across Industries,20230115T181500Z,https://techmalak.com/wp-content/uploads/2023/01/Blockchain-Explained.webp,techmalak.com,English,United States
https://www.invw.org/2023/01/12/washington-state-just-started-capping-carbon-emissions-heres-how-it-works/,,Washington state just started capping carbon emissions . Here how it works . ,20230115T210000Z,https://www.invw.org/wp-content/uploads/2020/10/jay-inslee-speech-california.jpg,invw.org,English,United States
https://www.wvtf.org/news/2023-01-15/dems-play-defense-in-richmond,https://www.wvtf.org/news/2023-01-15/dems-play-defense-in-richmond?_amp=true,Dems play defense in Richmond,20230115T223000Z,http://npr-brightspot.s3.amazonaws.com/1d/2e/b886dfe9404aaadba33e52f70e97/willett-too.jpg,wvtf.org,English,United States
https://www.hellenicshippingnews.com/revised-imo-ghg-reduction-strategy-could-be-coming-sooner-rather-than-later/,,"Revised IMO GHG Reduction Strategy Could Be Coming Sooner , Rather Than Later | Hellenic Shipping News Worldwide",20230115T234500Z,,hellenicshippingnews.com,English,China
https://www.philstar.com/business/science-and-environment/2023/01/16/2237984/sustainability-decarbonization-take-center-stage-hong-kongs-asian-financial-forum,https://www.philstar.com/business/science-and-environment/2023/01/16/2237984/sustainability-decarbonization-take-center-stage-hong-kongs-asian-financial-forum/amp/,"Sustainability , decarbonization take center stage at Hong Kong Asian Financial Forum",20230116T033000Z,https://media.philstar.com/photos/2023/01/16/asian-financial-forum-sustainability-1_2023-01-16_10-33-02.jpg,philstar.com,English,Philippines
https://www.solomonstarnews.com/tribe-opted-for-carbon-trading/,,Tribe opted for carbon trading,20230116T053000Z,https://www.solomonstarnews.com/wp-content/uploads/2023/01/carbon-trading.png,solomonstarnews.com,English,Solomon Islands
https://maritime-executive.com/editorials/climate-rules-are-about-to-become-real-for-international-trade,,Climate Rules Are About to Become Real for International Trade,20230116T061500Z,https://maritime-executive.com/media/images/article/Photos/Pollution_Spills/Tanker-Black-Smoke-istock.eb7c29.jpg,maritime-executive.com,English,United States
https://www.facilitiesnet.com/energyefficiency/tip/New-York-Governor-Proposes-Natural-Gas-Ban-in-New-Buildings--50960,,New York Governor Proposes Natural Gas Ban in New Buildings - Facility Management Energy Efficiency Quick Read,20230116T071500Z,,facilitiesnet.com,English,United States
https://www.maritime-executive.com/editorials/climate-rules-are-about-to-become-real-for-international-trade,,Climate Rules Are About to Become Real for International Trade,20230116T080000Z,https://maritime-executive.com/media/images/article/Photos/Pollution_Spills/Tanker-Black-Smoke-istock.eb7c29.jpg,maritime-executive.com,English,United States
https://www.tmcnet.com/usubmit/2023/01/16/9743376.htm,,SK to work with UAE sovereign wealth fund on climate change crisis,20230116T090000Z,https://images.tmcnet.com/tmc/world.jpg,tmcnet.com,English,United States
https://www.prnewswire.com:443/news-releases/sk-to-work-with-uae-sovereign-wealth-fund-on-climate-change-crisis-301722220.html,,SK to work with UAE sovereign wealth fund on climate change crisis,20230116T091500Z,,prnewswire.com,English,United States
https://www.prnewswire.com/news-releases/sk-to-work-with-uae-sovereign-wealth-fund-on-climate-change-crisis-301722220.html,,SK to work with UAE sovereign wealth fund on climate change crisis,20230116T093000Z,,prnewswire.com,English,United States
http://www.koreaherald.com/view.php?ud=20230116000745,https://m.koreaherald.com/amp/view.php?ud=20230116000745,Corporate Korea pins high hopes on $30b UAE investment,20230116T103000Z,https://res.heraldm.com/content/image/2023/01/16/20230116000762_0.jpg,koreaherald.com,English,South Korea
https://www.miragenews.com/facing-fear-case-for-climate-hope-929474/,,Facing Fear : Case for Climate Hope,20230116T114500Z,https://assets.publishing.service.gov.uk/government/uploads/system/uploads/person/image/2556/James_Bevan_EA_Chief_Exec.jpg,miragenews.com,English,United States
https://www.gov.uk/government/speeches/facing-the-fear-of-fear-itself-the-case-for-climate-optimism,,Facing the fear of fear itself : the case for climate optimism,20230116T130000Z,https://www.gov.uk/assets/static/govuk-opengraph-image-dade2dad5775023b0568381c4c074b86318194edb36d3d68df721eea7deeac4b.png,gov.uk,English,United Kingdom
https://www.koreaherald.com/view.php?ud=20230116000745,https://m.koreaherald.com/amp/view.php?ud=20230116000745,Corporate Korea pins high hopes on $30b UAE investment,20230116T133000Z,https://res.heraldm.com/content/image/2023/01/16/20230116000762_0.jpg,koreaherald.com,English,South Korea
https://www.sandiegouniontribune.com/communities/south-county/story/2023-01-16/national-citys-free-shuttle-service-initiative-coming-later-this-year-after-delays,https://www.sandiegouniontribune.com/communities/south-county/story/2023-01-16/national-citys-free-shuttle-service-initiative-coming-later-this-year-after-delays?_amp=true,National City free shuttle service initiative coming later this year after delays,20230116T134500Z,https://california-times-brightspot.s3.amazonaws.com/7d/a5/08cd39a24f7da4f76442521488d3/sd-se-national-city-franc.JPG,sandiegouniontribune.com,English,United States
https://www.newsminer.com/opinion/community_perspectives/alaska-must-act-now-to-capitalize-on-carbon-markets/article_735d289e-948a-11ed-babf-53648c5c91b7.html,,Alaska must act now to capitalize on carbon markets,20230116T160000Z,https://bloximages.newyork1.vip.townnews.com/newsminer.com/content/tncms/custom/image/ec5621ae-3c1d-11e7-968c-9b81405eb96c.jpg,newsminer.com,English,United States
https://www.caledonianrecord.com/opinion/letters/the-affordable-heating-act-is-an-attack---alison-despathy/article_f89a63b1-21b6-5510-b21b-99b6925696ea.html,,The Affordable Heating Act Is An Attack - Alison Despathy,20230116T173000Z,https://bloximages.newyork1.vip.townnews.com/caledonianrecord.com/content/tncms/custom/image/97f38b88-9339-11ec-91bb-637c1bf4402d.jpg,caledonianrecord.com,English,United States
https://gulfnews.com/uae/environment/uae-korea-issue-joint-declaration-on-climate-action-1.1673895983913,https://gulfnews.com/amp/uae/environment/uae-korea-issue-joint-declaration-on-climate-action-1.1673895983913,"UAE , Korea issue Joint Declaration on Climate Action",20230116T193000Z,https://imagevars.gulfnews.com/2023/01/16/UAE_Korea_185bbf8cef0_medium.jpg,gulfnews.com,English,United Arab Emirates
https://www.emirates247.com/news/world/uae-korea-issue-joint-declaration-on-climate-action-2023-01-16-1.698240,https://www.emirates247.com/news/world/uae-korea-issue-joint-declaration-on-climate-action-2023-01-16-1.698240?ot=ot.AMPPageLayout,"UAE , Korea issue Joint Declaration on Climate Action",20230116T194500Z,https://www.emirates247.com/polopoly_fs/1.698241.1673894601!/image/image.jpg,emirates247.com,English,United Arab Emirates
https://www.archyde.com/emirates-news-agency-in-a-joint-statement-on-climate-action-the-uae-and-the-republic-of-korea-stress-the-importance-of-collective-commitment-to-confronting-climate-change-which-is-one-of-the-most/,,"Emirates News Agency - In a joint statement on climate action , the UAE and the Republic of Korea stress the importance of collective commitment to confronting climate change , which is one of the most important global challenges",20230116T203000Z,http://assets.wam.ae/uploads/2023/01/medium-125656783451679396.jpg,archyde.com,English,
https://www.bignewsnetwork.com/news/273380175/uae-korea-issue-joint-declaration-on-climate-action,,"UAE , Korea issue Joint Declaration on Climate Action",20230116T203000Z,https://cdn.bignewsnetwork.com/NmMwYzI1Y2ItYTM.jpg,bignewsnetwork.com,English,United States
https://www.internationaltaxreview.com/article/2avf45q1wev4zt8bgqvwg/this-week-in-tax-us-midterms-could-spell-tax-gridlock,,This week in tax : US midterms could spell tax gridlock,20230116T204500Z,http://euromoney-brightspot.s3.amazonaws.com/cd/15/a59542674b9eb45e069baeb1f943/us-midterms-tax-reform.jpg,internationaltaxreview.com,English,United Kingdom
https://www.gtreview.com/magazine/the-commodities-issue-2023/closing-the-investment-gap-for-sustainable-agriculture/,,Closing the investment gap for sustainable agriculture,20230116T204500Z,https://www.gtreview.com/wp-content/uploads/2023/01/Food-Insecurity_Report-scaled.jpg,gtreview.com,English,China
https://www.arabherald.com/news/273380175/uae-korea-issue-joint-declaration-on-climate-action,,"UAE , Korea issue Joint Declaration on Climate Action",20230116T223000Z,https://cdn.bignewsnetwork.com/NmMwYzI1Y2ItYTM.jpg,arabherald.com,English,Syria
https://www.hellenicshippingnews.com/shipbuilding-review-2022-record-orders-for-alternative-fuel-orders/,,Shipbuilding Review 2022 : Record Orders For Alternative Fuel Orders | Hellenic Shipping News Worldwide,20230117T000000Z,,hellenicshippingnews.com,English,China
https://www.iraqsun.com/news/273380175/uae-korea-issue-joint-declaration-on-climate-action,,"UAE , Korea issue Joint Declaration on Climate Action",20230117T003000Z,https://cdn.bignewsnetwork.com/NmMwYzI1Y2ItYTM.jpg,iraqsun.com,English,Iraq
https://www.asiainsurancereview.com/News/View-NewsLetter-Article/id/83411/Type/eDaily/New-Zealand-Biggest-rural-insurer-warns-against-proposed-emissions-pricing-system-weakening-farm-sector,,New Zealand : Biggest rural insurer warns against proposed emissions pricing system weakening farm sector,20230117T021500Z,https://www.asiainsurancereview.com/UploadedImages/ImageLibrary/Country-Asia/large/New%20Zealand%20%20sheep%20farm.jpeg,asiainsurancereview.com,English,
https://www.heritage.org/environment/report/the-g-8-summit-president-bush-must-stand-firm-global-warming,,The G - 8 Summit : President Bush Must Stand Firm on Global Warming,20230117T040000Z,https://www.heritage.org/themes/heritage/src/images/bell.png,heritage.org,English,United States
http://southtahoenow.com/story/01/16/2023/planning-next-big-fire-home-wildfire-retrofit-guide,,Planning for the next big fire with home wildfire retrofit guide,20230117T060000Z,,southtahoenow.com,English,United States
https://english.alarabiya.net/News/gulf/2023/01/17/UAE-and-South-Korea-issue-Joint-Declaration-on-Climate-Action,https://english.alarabiya.net/amp/News/gulf/2023/01/17/UAE-and-South-Korea-issue-Joint-Declaration-on-Climate-Action,UAE and South Korea issue Joint Declaration on Climate Action,20230117T070000Z,https://vid.alarabiya.net/images/2023/01/17/ea7de1a5-4273-4122-be24-5e8e5bb59d2e/ea7de1a5-4273-4122-be24-5e8e5bb59d2e_16x9_600x338.JPG,english.alarabiya.net,English,Iran
https://cointelegraph.com/news/putting-carbon-credits-on-blockchain-won-t-solve-the-problem-alone-davos,https://cointelegraph.com/news/putting-carbon-credits-on-blockchain-won-t-solve-the-problem-alone-davos/amp,Putting carbon credits on blockchain wont solve the problem alone : Davos,20230117T080000Z,"https://images.cointelegraph.com/cdn-cgi/image/format=auto,onerror=redirect,quality=90,width=1200/https://s3.cointelegraph.com/uploads/2023-01/900bc7e2-8fa4-4713-b635-917f817b2ac3.jpg",cointelegraph.com,English,China
https://www.publicnewsservice.org/2023-01-17/livable-wages-working-families/mn-warehouse-workers-unsafe-at-any-speed/a82427-1,,MN Warehouse Workers Unsafe at Any Speed / Public News Service,20230117T094500Z,https://www.newsservice.org/getimage.php?p=c2dpZD04MjQyNyZzaWQ9MQ==,publicnewsservice.org,English,United States
https://www.modernghana.com/news/1206266/alan-hands-over-trade-ministry-to-jinapor.html,https://www.modernghana.com/amp/news/1206266/alan-hands-over-trade-ministry-to-jinapor.html,Alan hands over trade ministry to Jinapor,20230117T103000Z,,modernghana.com,English,Ghana
https://www.dailypost.co.uk/news/north-wales-news/wales-sees-biggest-slump-employment-25995043,https://www.dailypost.co.uk/news/north-wales-news/wales-sees-biggest-slump-employment-25995043.amp,Wales sees biggest slump in employment in united kingdom ,20230117T111500Z,https://i2-prod.birminghammail.co.uk/incoming/article25933349.ece/ALTERNATES/s1200/2_Unemployment-figures.jpg,dailypost.co.uk,English,United Kingdom
http://www.southtahoenow.com/story/01/16/2023/planning-next-big-fire-home-wildfire-retrofit-guide,,Planning for the next big fire with home wildfire retrofit guide,20230117T114500Z,,southtahoenow.com,English,United States
https://www.steeltimesint.com/news/fossil-free-electricity-crucial-says-ssabs-lindqvist,,"Fossil - free electricity crucial , says SSAB Lindqvist",20230117T114500Z,https://www.steeltimesint.com/content-images/news/_1200x630_crop_center-center_82_none/energy-7669088_1920.jpg?mtime=1673949861,steeltimesint.com,English,China
https://allafrica.com/stories/202301170327.html,,Tanzania : Kagera Farmers Reap Benefits From Carbon Farming,20230117T114500Z,,allafrica.com,English,Nigeria
https://www.politico.com/newsletters/new-jersey-playbook/2023/01/17/jaffers-surprising-assembly-retirement-00078059,,A surprising Assembly retirement,20230117T121500Z,https://static.politico.com/da/f5/44342c424c68b675719324b1106b/politico.jpg,politico.com,English,United States
https://www.digitaljournal.com/pr/global-carbon-offset-or-carbon-credit-trading-service-market-compound-annual-growth-rate-cagr-is-22-71-forecast-period-2023-2027-2,,Global Carbon Offset or Carbon Credit Trading Service Market | Compound Annual Growth Rate ( CAGR ) is 22 . 71 % | Forecast Period 2023 - 2027,20230117T130000Z,,digitaljournal.com,English,United States
http://www.ruthfullyyours.com/page/8500/,,RUTHFULLY YOURS,20230117T150000Z,,ruthfullyyours.com,English,United States
https://www.einnews.com/pr_news/611759509/carbon-credit-market-size-by-growth-rate-business-challenges-competitors-and-forecast-2030,,"Carbon Credit Market Size by Growth Rate , Business Challenges , Competitors , and Forecast 2030",20230117T153000Z,,einnews.com,English,United States
https://www.politico.com/newsletters/weekly-new-york-new-jersey-energy/2023/01/17/greenest-governor-no-more-00078037,,Greenest governor no more,20230117T154500Z,https://static.politico.com/da/f5/44342c424c68b675719324b1106b/politico.jpg,politico.com,English,United States
https://www.thecentersquare.com/washington/washington-gas-prices-continue-to-rise-after-13-week-decline/article_79e1d608-9681-11ed-b909-ebffe629c840.html,https://www.thecentersquare.com/washington/washington-gas-prices-continue-to-rise-after-13-week-decline/article_79e1d608-9681-11ed-b909-ebffe629c840.amp.html,Washington gas prices continue to rise after 13 - week decline,20230117T164500Z,https://bloximages.newyork1.vip.townnews.com/thecentersquare.com/content/tncms/assets/v3/editorial/5/c2/5c208d50-cb23-11ec-a018-a3057e20ebb2/627197798109a.image.jpg?crop=1763%2C926%2C0%2C124,thecentersquare.com,English,
https://www.businessgreen.com/news/4062802/cumbria-coal-derail-uk-methane-pledges-study-warns,,"Cumbria coal mine could derail united kingdom methane pledges , study warns",20230117T180000Z,,businessgreen.com,English,United Kingdom
https://www.in.gr/2023/01/17/english-edition/davos-2023-kalogiratos-brueckner-sustainable-finance-global-leadership/,https://www.in.gr/2023/01/17/english-edition/davos-2023-kalogiratos-brueckner-sustainable-finance-global-leadership/amp/,Davos 2023 : Kalogiratos and Brueckner on sustainable finance and global leadership,20230117T190000Z,https://www.in.gr/wp-content/uploads/2023/01/Jerry-620x350.jpg,in.gr,English,Greece
https://www.bradfordera.com/opinion/shapiro-leads-generation-into-power/article_3e713802-eb41-52c5-adce-48def093649b.html,,Shapiro leads generation into power,20230117T193000Z,https://bloximages.chicago2.vip.townnews.com/bradfordera.com/content/tncms/custom/image/b5c99bf4-6fa2-11e6-aeaa-e319e980b767.jpg,bradfordera.com,English,United States
https://www.chinookobserver.com/news/local/doe-oil-industry-spar-over-early-cap-and-trade-fallout/article_afee8990-9561-5c66-8577-e778a7d89ce8.html,,"DOE , oil industry spar over early cap - and - trade fallout",20230117T194500Z,https://bloximages.newyork1.vip.townnews.com/chinookobserver.com/content/tncms/assets/v3/editorial/0/ad/0ad25203-0236-5631-85e3-9e3afb3c4da1/63c6f0026542e.image.jpg?crop=775%2C407%2C387%2C187,chinookobserver.com,English,United States
https://pitchbook.com/news/articles/europe-startups-to-watch-fintech,,Startup radar : Europe fintech startups to watch,20230117T213000Z,https://files.pitchbook.com/website/images/ar/og/b/shutterstock_1958659744_RbD.jpg?uq=LBSnFWJr,pitchbook.com,English,United States
https://www.capitalpress.com/climate_changed/washington-needs-outside-help-to-meet-green-energy-law/article_1f2890b4-95e9-11ed-acf8-33337dd21d49.html,,Washington needs outside help to meet green - energy law,20230117T230000Z,https://bloximages.newyork1.vip.townnews.com/capitalpress.com/content/tncms/assets/v3/editorial/f/a0/fa0d37ea-9600-11ed-8545-6fc2c4168df1/638a6529a6261.image.jpg?crop=1175%2C617%2C0%2C83,capitalpress.com,English,United States
https://cointelegraph.com/news/wef-panel-discusses-the-coming-tokenized-economy,https://cointelegraph.com/news/wef-panel-discusses-the-coming-tokenized-economy/amp,WEF panel discusses the coming tokenized economy,20230117T233000Z,"https://images.cointelegraph.com/cdn-cgi/image/format=auto,onerror=redirect,quality=90,width=1200/https://s3.cointelegraph.com/uploads/2023-01/ae7b592c-01d3-4933-90fa-3147db5cfad9.jpg",cointelegraph.com,English,China
https://www.jdsupra.com/legalnews/iosco-launches-a-consultation-on-6048141/,,"IOSCO Launches a Consultation on Compliance and Voluntary Carbon Markets Design | Cadwalader , Wickersham & Taft LLP",20230118T010000Z,https://jdsupra-static.s3.amazonaws.com/profile-images/og.12314_4540.jpg,jdsupra.com,English,United States
https://www.eastoregonian.com/news/northwest/washington-needs-outside-help-to-meet-green-energy-law/article_503ced3e-c6c0-5c79-a97a-e928157a836d.html,,Washington needs outside help to meet green - energy law,20230118T020000Z,https://bloximages.newyork1.vip.townnews.com/eastoregonian.com/content/tncms/assets/v3/editorial/c/c7/cc75a8c8-8248-581b-aaaa-5e7108ecdc60/63c741516724b.image.jpg?crop=1175%2C617%2C0%2C83,eastoregonian.com,English,United States
https://theconservativetreehouse.com/blog/2023/01/17/subsidy-wars-eu-promises-to-match-joe-biden-green-new-deal-subsidies-with-even-bigger-govt-spending/,,Subsidy Wars - EU Promises to Match Joe Biden Green New Deal Subsidies with Even Bigger Govt Spending,20230118T053000Z,https://theconservativetreehouse.com/wp-content/uploads/2022/08/Inflation-reduction-act-green-new-deal-build-back-better-climate-change-v2.jpg,theconservativetreehouse.com,English,United States
https://www.virginiamercury.com/2023/01/18/attacks-on-virginias-climate-laws-are-front-and-center-at-the-general-assembly/,,Attacks on Virginia climate laws are front and center at the General Assembly,20230118T054500Z,https://www.virginiamercury.com/wp-content/uploads/2022/01/IMG_7158-2-scaled.jpg,virginiamercury.com,English,
https://www.mondaq.com/unitedstates/fiscal--monetary-policy/1272312/governor-newsom-proposes-fy-202324-budget,,Governor Newsom Proposes FY 2023 – 24 Budget - Fiscal & Monetary Policy,20230118T054500Z,,mondaq.com,English,United States
https://www.inform.kz/en/president-tokayev-s-visit-to-uae-focus-on-increased-business-and-investment-ties_a4024843,https://www.inform.kz/en/president-tokayev-s-visit-to-uae-focus-on-increased-business-and-investment-ties_a4024843/amp,"President Tokayev visit to UAE : focus on increased business and investment ties : 18 January 2023 , 11 : 41",20230118T073000Z,https://www.inform.kz/radmin/news/2023/01/18/230118101952847e.jpg,inform.kz,English,Kazakhstan
https://www.marketscreener.com/quote/stock/WARTSILA-OYJ-1412489/news/Wartsila-Oyj-Could-carbon-removal-scale-up-to-be-as-big-as-oil-and-gas-42755087/,https://www.marketscreener.com/amp/quote/stock/WARTSILA-OYJ-1412489/news/Wartsila-Oyj-Could-carbon-removal-scale-up-to-be-as-big-as-oil-and-gas-42755087/,Wärtsilä Oyj : Could carbon removal scale up to be as big as oil and gas ? ,20230118T090000Z,https://www.marketscreener.com/images/twitter_MS_fdblanc.png,marketscreener.com,English,
https://www.fijitimes.com/inspiration-at-drawa-cash-from-the-forest/,,"The Fiji TimesInspiration at Drawa , cash from the forest",20230118T091500Z,https://fijitimes-prod.eu-west-1.elasticbeanstalk.com/wp-content/uploads/2023/01/Dawa-Forest-ranger.jpg,fijitimes.com,English,Fiji
https://techcabal.com/2023/01/18/digital-mercantilism-africa/,,Africa response in the age of digital mercantilism,20230118T141500Z,https://x7d4c5z5.stackpathcdn.com/wp-content/uploads/tc/2023/01/DALL%C2%B7E-2023-01-15-15.14.02-in-the-style-of-rembrandt-paint-an-image-of-18th-century-explorers-on-the-beach-with-gold-bullions-while-their-ship-waits-off-an-Africa-coast-on-a-sun-768x768.jpg,techcabal.com,English,Nigeria
https://www.theguardian.com/environment/2023/jan/18/revealed-forest-carbon-offsets-biggest-provider-worthless-verra-aoe,https://amp.theguardian.com/environment/2023/jan/18/revealed-forest-carbon-offsets-biggest-provider-worthless-verra-aoe,"Revealed : more than 90 % of rainforest carbon offsets by biggest provider are worthless , analysis shows",20230118T150000Z,https://i.guim.co.uk/img/media/9f470b957b3b181b4107c89493f7a8eddb356834/0_12_2089_1254/master/2089.jpg?&quality=85&auto=format&fit=crop&overlay-align=bottom%2Cleft&overlay-width=100p&overlay-base64=L2ltZy9zdGF0aWMvb3ZlcmxheXMvdGctZGVmYXVsdC5wbmc&enable=upscale&s=53bacbe132ab17c5547ba3666ca5f9c0,theguardian.com,English,United Kingdom
https://www.heritage.org/environment/report/impact-the-waxman-markey-climate-change-legislation-alabama,,Impact of the Waxman - Markey Climate Change Legislation on Alabama,20230118T150000Z,https://www.heritage.org/themes/heritage/src/images/bell.png,heritage.org,English,United States
https://www.thegrocer.co.uk/economy/net-zero-review-recommendations-could-significantly-impact-trade/675375.article,,Net Zero Review recommendations could  significantly  impact trade | News,20230118T154500Z,https://dmrqkbkq8el9i.cloudfront.net/Pictures/1024x536/9/2/8/283928_asdalngtruck_314125.jpg,thegrocer.co.uk,English,United Kingdom
https://pemedianetwork.com/carbon-economist/articles/cap-trade-markets/2023/china-s-emissions-trading-scheme-lacks-bite/,,China emissions trading scheme lacks bite,20230118T154500Z,https://pemedianetwork.com/media/jtllplxb/china-emissions-home.png,pemedianetwork.com,English,
http://www.euronews.com/green/2023/01/18/cooperation-in-the-green-economy-xinhuanet-europe-releases-report-on-sino-european-opportu,https://www.euronews.com/green/amp/2023/01/18/cooperation-in-the-green-economy-xinhuanet-europe-releases-report-on-sino-european-opportu,Cooperation in the green economy : Xinhuanet Europe releases report on Sino - European opportunities,20230118T160000Z,https://static.euronews.com/articles/stories/07/31/02/98/1000x563_cmsv2_86057e14-c729-579f-8af1-667551808a5f-7310298.jpg,euronews.com,English,United States
https://www.gasworld.com/story/davos-2023-twinning-energy-with-digital/2120252.article/,,Davos 2023 : Twinning Energy with Digital,20230118T163000Z,"https://www.gasworld.com/cdn-cgi/image/width=600,height=600,fit=contain,quality=75,metadata=none,format=auto,gravity=auto/https://www.gasworld.com/wp-content/files/2023/01/Best-group-pic-.jpg",gasworld.com,English,United States
https://www.bigcountrynewsconnection.com/local/washington-state-to-rely-on-outside-help-to-comply-with-green-energy-law/article_c4f65686-36b0-5a65-8a20-891d1c4a57a6.html,,Washington State to Rely on Outside Help to Comply With Green - Energy law,20230118T171500Z,https://bloximages.newyork1.vip.townnews.com/bigcountrynewsconnection.com/content/tncms/assets/v3/editorial/b/4c/b4ce6918-9577-11ec-bd31-1f05c65175d0/62178b837945f.image.jpg?crop=1919%2C1007%2C0%2C36,bigcountrynewsconnection.com,English,
https://www.afr.com/politics/federal/letters-legislate-indigenous-voice-delay-vote-20230118-p5cdlb,,"Letters : Legislate Indigenous Voice , delay vote",20230118T171500Z,https://static.ffx.io/images/$zoom_0.2856%2C$multiply_3%2C$ratio_1.777778%2C$width_1059%2C$x_0%2C$y_156/t_crop_custom/c_scale%2Cw_800%2Cq_88%2Cf_jpg/t_afr_opinion_no_age_social_wm/012b250bba7df16d341ef7237e4edc8c5ce8b5d1,afr.com,English,Australia
https://www.jdsupra.com/legalnews/uk-independent-review-of-net-zero-8165076/,,UK Independent Review of Net Zero Recommendations for Carbon Markets and Financial Services | Shearman & Sterling LLP,20230118T183000Z,https://jdsupra-static.s3.amazonaws.com/profile-images/og.15231_3143.jpg,jdsupra.com,English,United States
https://www.buzz.ie/news/irish-news/bord-gais-energy-power-plants-28992332,https://www.buzz.ie/news/irish-news/bord-gais-energy-power-plants-28992332.amp,Bord Gais Energy to construct two new gas power plants in Roscommon and Dublin,20230118T210000Z,https://i2-prod.buzz.ie/incoming/article28992403.ece/ALTERNATES/s1200/0_GettyImages-1408472304.jpg,buzz.ie,English,
https://www.prnewswire.com/news-releases/frito-lay-transforms-california-facility-into-showcase-for-sustainability-301725247.html,,Frito - Lay Transforms California Facility into Showcase for Sustainability,20230118T220000Z,https://mma.prnewswire.com/media/1986137/Frito_Lay_Modesto_Tesla_semi_truck.jpg?p=facebook,prnewswire.com,English,United States
https://www.prnewswire.com:443/news-releases/frito-lay-transforms-california-facility-into-showcase-for-sustainability-301725247.html,,Frito - Lay Transforms California Facility into Showcase for Sustainability,20230118T220000Z,https://mma.prnewswire.com/media/1986137/Frito_Lay_Modesto_Tesla_semi_truck.jpg?p=facebook,prnewswire.com,English,United States
https://www.tmcnet.com/usubmit/2023/01/18/9745677.htm,,Frito - Lay Transforms California Facility into Showcase for Sustainability,20230118T221500Z,https://mma.prnewswire.com/media/1986136/Frito_Lay.jpg,tmcnet.com,English,United States
https://www.afr.com/companies/financial-services/nab-creates-a-stablecoin-in-boost-for-digital-economy-20230117-p5cd8f,,NAB creates a stablecoin in boost for digital economy,20230118T224500Z,https://static.ffx.io/images/$zoom_0.4895%2C$multiply_2%2C$ratio_1.777778%2C$width_1059%2C$x_385%2C$y_418/t_crop_custom/c_scale%2Cw_800%2Cq_88%2Cf_jpg/t_afr_exclusive_no_age_social_wm/a7de510a76e8c39a97391aa7169833d662c5de1d,afr.com,English,Australia
https://www.hellenicshippingnews.com/charting-the-2023-maritime-regulatory-landscape/,,Charting the 2023 maritime regulatory landscape | Hellenic Shipping News Worldwide,20230118T233000Z,,hellenicshippingnews.com,English,China
https://www.bondbuyer.com/news/electric-vehicle-makers-increasingly-turn-to-the-southeast,,Electric vehicle makers increasingly turn to the Southeast,20230119T013000Z,https://source-media-brightspot.s3.amazonaws.com/50/b3/f2d1f8914f90b4503bff584295b7/391619940.jpg,bondbuyer.com,English,United States
https://truthout.org/articles/report-94-percent-of-big-providers-rainforest-carbon-offsets-dont-cut-carbon/,,Report Reveals 94 Percent of Rainforest Carbon Offsets by Major Provider Are Useless,20230119T024500Z,https://truthout.org/app/uploads/2023/01/2023_0118-peru-rainforest-scaled.jpg,truthout.org,English,United States
https://menafn.com/1105448544/Kate-Crowley,,Kate Crowley | MENAFN . COM,20230119T043000Z,https://menafn.com/updates/pr/2023-01/18/TC_8f9c9image_story.jpg,menafn.com,English,Qatar
https://www.dailyastorian.com/news/washington-state-oil-industry-spar-over-early-cap-and-trade-fallout/article_c0144d70-92e1-11ed-8b76-23f5f89ec73b.html,,"Washington state , oil industry spar over early cap - and - trade fallout",20230119T051500Z,https://bloximages.newyork1.vip.townnews.com/dailyastorian.com/content/tncms/assets/v3/editorial/f/2e/f2e1d0ec-92e1-11ed-b478-ff37a6d99581/63c0b47c4bfa2.image.jpg?crop=1567%2C823%2C0%2C110,dailyastorian.com,English,United States
https://stockhead.com.au/cryptocurrency/a-competitive-advantage-over-traditional-payments-nab-creates-audn-stablecoin-on-ethereum/,https://stockhead.com.au/cryptocurrency/a-competitive-advantage-over-traditional-payments-nab-creates-audn-stablecoin-on-ethereum/?amp,  A competitive advantage over traditional payment : NAB creates AUDN stablecoin on Ethereum,20230119T063000Z,https://stockhead.com.au/wp-content/uploads/2023/01/GettyImages-1191026704-1-scaled.jpg,stockhead.com.au,English,Australia
https://menafn.com/1105449256/Xiujian-Peng,,Xiujian Peng | MENAFN . COM,20230119T064500Z,https://menafn.com/updates/pr/2023-01/19/TC_a2e15image_story.jpg,menafn.com,English,Qatar
https://www.thehindubusinessline.com/companies/association-of-re-agencies-of-states-cmai-ink-mou-to-develop-carbon-market-in-india/article66397977.ece,https://www.thehindubusinessline.com/companies/association-of-re-agencies-of-states-cmai-ink-mou-to-develop-carbon-market-in-india/article66397977.ece/amp/,"Association of RE Agencies of States , CMAI ink MoU to develop carbon market in India",20230119T071500Z,https://bl-i.thgim.com/public/todays-paper/tp-opinion/knvops/article34049081.ece/alternates/LANDSCAPE_1200/bl12Think2MaiG348C5VA43jpgjpg,thehindubusinessline.com,English,India
https://www.itnews.com.au/news/nab-pushes-forward-with-stablecoin-ambitions-589932,,NAB pushes forward with stablecoin ambitions,20230119T081500Z,https://i.nextmedia.com.au/News/crn-14_nab_iStock-522790626.jpg,itnews.com.au,English,Australia
https://www.publicnewsservice.org/2023-01-19/livable-wages-working-families/nv-group-sounds-alarm-on-integrated-work-for-disabled-community/a82402-1,,NV Group Sounds Alarm on Integrated Work for Disabled Community,20230119T083000Z,https://www.newsservice.org/getimage.php?p=c2dpZD04MjQwMiZzaWQ9MQ==,publicnewsservice.org,English,United States
https://economictimes.indiatimes.com/industry/renewables/industry-body-cmai-inks-info-sharing-pact-with-association-of-renewable-energy-agencies-of-states/articleshow/97125363.cms,https://m.economictimes.com/industry/renewables/industry-body-cmai-inks-info-sharing-pact-with-association-of-renewable-energy-agencies-of-states/amp_articleshow/97125363.cms,Industry body CMAI inks info sharing pact with Association of Renewable Energy Agencies of States,20230119T090000Z,"https://img.etimg.com/thumb/msid-97125445,width-1070,height-580,imgsize-33196,overlay-economictimes/photo.jpg",economictimes.indiatimes.com,English,India
https://www.business-standard.com/article/companies/cmai-inks-pact-with-areas-for-exchange-of-knowledge-on-policy-innovation-123011900516_1.html,https://wap.business-standard.com/article-amp/companies/cmai-inks-pact-with-areas-for-exchange-of-knowledge-on-policy-innovation-123011900516_1.html,"CMAI inks pact with AREAS for exchange of knowledge on policy , innovation",20230119T093000Z,https://bsmedia.business-standard.com/_media/bs/img/article/2019-08/20/full/1566245314-0084.jpg,business-standard.com,English,India
https://www.finextra.com/newsarticle/41629/nab-mints-its-own-stablecoin,,NAB mints its own stablecoin,20230119T100000Z,https://www.finextra.com/finextra-images/top_pics/xl/5078.jpg,finextra.com,English,United Kingdom
https://www.hgazette.com/news/local_news/grant-money-to-pay-for-green-projects/article_81f2bb8d-7f24-5350-b84d-50865c02ea41.html,,Grant money to pay for green projects,20230119T101500Z,https://bloximages.chicago2.vip.townnews.com/hgazette.com/content/tncms/custom/image/31e614ec-e0a6-11e5-9607-378a522bb436.jpg,hgazette.com,English,United States
https://decrypt.co/119542/national-australia-bank-launch-stablecoin-ethereum-algorand,/119542/national-australia-bank-launch-stablecoin-ethereum-algorand?amp=1,"National Australia Bank to Launch Stablecoin on Ethereum , Algorand : Report",20230119T104500Z,https://img.decrypt.co/insecure/rs:fill:1024:512:1:0/plain/https://cdn.decrypt.co/wp-content/uploads/2023/01/australia-stablecoin-dollar-gID_5.png@png,decrypt.co,English,
https://www.homernews.com/opinion/point-of-view-alaska-must-act-now-to-capitalize-on-carbon-markets/,,Point of View : Alaska must act now to capitalize on carbon markets,20230119T110000Z,https://www.homernews.com/wp-content/uploads/2023/01/31606002_web1_dunleavy.jpg,homernews.com,English,United States
https://news.yahoo.com/national-australia-bank-launch-stablecoin-101908601.html,https://news.yahoo.com/amphtml/national-australia-bank-launch-stablecoin-101908601.html,"National Australia Bank to Launch Stablecoin on Ethereum , Algorand : Report",20230119T111500Z,https://s.yimg.com/ny/api/res/1.2/pYyPJs6a0_nCb4vn_3.37g--/YXBwaWQ9aGlnaGxhbmRlcjt3PTEyMDA7aD02NzU-/https://media.zenfs.com/en/decrypt_media_980/757e897cff6ed4b0aca04f4b6dd4b790,news.yahoo.com,English,United States
https://contentmediasolution.com/business/expectation-of-auto-sector-from-budget-2023/,https://contentmediasolution.com/business/expectation-of-auto-sector-from-budget-2023/amp/,Expectation of Auto Sector from Budget 2023 - Content Media Solution,20230119T123000Z,,contentmediasolution.com,English,
https://english.sakshi.com/news/business/industry-experts-spell-out-expectations-union-budget-2023-167731,https://english.sakshi.com/amp/news/business/industry-experts-spell-out-expectations-union-budget-2023-167731,Union Budget 2023 Expectations From Industry,20230119T123000Z,https://english.sakshi.com/sites/default/files/article_images/2023/01/19/1-1674127318.jpg,english.sakshi.com,English,India
https://www.manufacturingtodayindia.com/sectors/ev-charging-platform-from-hygge-energy-linked-to-carbon-credits,,EV charging platform from Hygge Energy linked to carbon credits - Manufacturing Today India,20230119T123000Z,https://www.manufacturingtodayindia.com/cloud/2023/01/19/Hygge-Solution-Cabinet.jpeg,manufacturingtodayindia.com,English,
https://www.coinspeaker.com/aussie-bank-stablecoin-audn/,https://www.coinspeaker.com/aussie-bank-stablecoin-audn/amp/,Aussie Bank Mints Stablecoin AUDN on Ethereum and Algorand Blockchains,20230119T123000Z,https://www.coinspeaker.com/wp-content/uploads/2023/01/aussie-bank-stablecoin-audn.jpg,coinspeaker.com,English,United States
https://mondovisione.com/media-and-resources/news/eex-and-q-bility-establish-strategic-partnership-for-ghg-quota-trading/,,EEX And q - bility Establish Strategic Partnership For GHG Quota Trading,20230119T144500Z,,mondovisione.com,English,United States
https://www.bnnbloomberg.ca/oil-firms-eye-11-billion-canada-fund-to-match-biden-s-subsidies-1.1872258,https://www.bnnbloomberg.ca/oil-firms-eye-11-billion-canada-fund-to-match-biden-s-subsidies-1.1872258.amp.html,Oil Firms Eye $11 Billion Canada Fund to Match Biden Subsidies,20230119T160000Z,http://www.bnnbloomberg.ca/polopoly_fs/1.1872259!/fileimage/httpImage/image.jpg_gen/derivatives/landscape_620/heavy-haulers-dump-oil-sand-into-a-hopper-at-suncor-energy-s-fort-hills-extraction-site-near-fort-mckay-alberta.jpg,bnnbloomberg.ca,English,Canada
https://www.bnnbloomberg.ca/oil-firms-eye-us-11b-canada-fund-to-match-biden-s-subsidies-1.1872258,https://www.bnnbloomberg.ca/oil-firms-eye-us-11b-canada-fund-to-match-biden-s-subsidies-1.1872258.amp.html,Oil firms eye US$11B Canada fund to match Biden subsidies,20230119T164500Z,http://www.bnnbloomberg.ca/polopoly_fs/1.1872259!/fileimage/httpImage/image.jpg_gen/derivatives/landscape_620/heavy-haulers-dump-oil-sand-into-a-hopper-at-suncor-energy-s-fort-hills-extraction-site-near-fort-mckay-alberta.jpg,bnnbloomberg.ca,English,Canada
https://www.marinelog.com/perspectives/op-eds/op-ed-the-talk-of-2022-becomes-the-reality-of-2023/,,Op - Ed : The talk of 2022 becomes the reality of 2023,20230119T170000Z,https://www.marinelog.com/wp-content/uploads/2023/01/Fabian-Feldhaus_colour_use.png,marinelog.com,English,United States
https://www.miragenews.com/carbon-pricing-standards-needed-to-accelerate-931945/,,Carbon Pricing Standards Needed to Accelerate Green Energy,20230119T173000Z,https://cdn1.miragenews.com/wp-content/uploads/2017/11/news-developments-450x250.jpg,miragenews.com,English,United States
https://www.etftrends.com/climate-insights-channel/the-bull-and-bear-case-for-the-eu-carbon-market-in-2023/,https://www.etftrends.com/climate-insights-channel/the-bull-and-bear-case-for-the-eu-carbon-market-in-2023/amp/,The Bull and Bear Case for the EU Carbon Market in 2023,20230119T180000Z,https://www.etftrends.com/wp-content/uploads/2023/01/The-Bull-and-Bear-Case-for-the-EU-Carbon-Market-in-2023.jpg,etftrends.com,English,China
https://www.business-standard.com/article/current-affairs/wef-experts-pitch-for-carbon-pricing-standards-to-accelerate-green-energy-123011901589_1.html,https://wap.business-standard.com/article-amp/current-affairs/wef-experts-pitch-for-carbon-pricing-standards-to-accelerate-green-energy-123011901589_1.html,WEF : Experts pitch for carbon pricing standards to accelerate green energy,20230119T191500Z,https://bsmedia.business-standard.com/_media/bs/img/article/2022-05/24/full/1653371137-9985.jpg,business-standard.com,English,India
https://www.dailyexcelsior.com/industry-body-cmai-inks-info-sharing-pact-with-association-of-renewable-energy-agencies-of-states/,,Industry body CMAI inks info sharing pact with Association of Renewable Energy Agencies of States - Jammu Kashmir Latest News | Tourism,20230119T193000Z,https://www.dailyexcelsior.com/wp-content/uploads/2018/08/dailyexcelsior.jpg,dailyexcelsior.com,English,India
https://www.accountingtoday.com/news/private-companies-will-have-to-do-esg-reporting-to-satisfy-business-partners,,Private companies will have to do ESG reporting to satisfy business partners,20230119T211500Z,https://source-media-brightspot.s3.amazonaws.com/2e/3f/76ced38e4201936dc0cc20189c55/imasign-cropped-1.jpg,accountingtoday.com,English,United States
https://www.investordaily.com.au/technology/52734-nab-announces-stablecoin,,NAB announces stablecoin,20230119T213000Z,,investordaily.com.au,English,Australia
https://hospitality-on.com/en/csr/airline-industry-takes-towards-greener-future,,The airline industry takes off towards a greener future,20230119T224500Z,https://hospitality-on.com/sites/default/files/styles/image825xosef/public/2023-01/a%C3%A9rien%20durable.jpg?itok=m-9BDB74,hospitality-on.com,English,France
https://advancedbiofuelsusa.info/brussels-talks-on-sustainable-aviation-fuel-targets-set-to-restart/,,Brussels Talks on Sustainable Aviation Fuel Targets Set to Restart – Advanced BioFuels united states ,20230119T234500Z,,advancedbiofuelsusa.info,English,United States
https://www.law360.com/articles/1566950,https://www.law360.com/amp/articles/1566950,Refrigerant Co . Asks To Keep HFC Allocation Fight In 11th Circ . ,20230120T000000Z,https://www.law360.com/images/law360-stacked.png,law360.com,English,United States
https://www.pleasantonweekly.com/news/2023/01/15/lawmakers-concerned-newsoms-budget-will-delay-climate-transportation-projects,,"​​Lawmakers concerned Newsom budget will delay climate , transportation projects",20230120T003000Z,https://www.pleasantonweekly.com/news/photos/2023/january/15/28866_col.jpg,pleasantonweekly.com,English,United States
http://europe.chinadaily.com.cn/a/202301/20/WS63c96f38a31057c47ebaab58.html,,"China tops world in key green areas , report says",20230120T004500Z,http://img2.chinadaily.com.cn/images/202301/20/63c96f38a31057c4b4b3aad1.jpeg,europe.chinadaily.com.cn,English,China
http://en.people.cn/n3/2023/0120/c90000-10198469.html,,"China tops world in key green areas , report says - People Daily Online",20230120T013000Z,,en.people.cn,English,China
http://usa.chinadaily.com.cn/a/202301/20/WS63c96f38a31057c47ebaab58.html,,"China tops world in key green areas , report says",20230120T020000Z,http://img2.chinadaily.com.cn/images/202301/20/63c96f38a31057c4b4b3aad1.jpeg,usa.chinadaily.com.cn,English,China
https://www.chinadaily.com.cn/a/202301/20/WS63c96f38a31057c47ebaab58.html,,"China tops world in key green areas , report says",20230120T024500Z,http://img2.chinadaily.com.cn/images/202301/20/63c96f38a31057c4b4b3aad1.jpeg,chinadaily.com.cn,English,China
http://www.china.org.cn/world/Off_the_Wire/2023-01/20/content_85069503.htm,,New Zealand needs novel methods for carbon dioxide removal : experts,20230120T030000Z,,china.org.cn,English,China
http://africa.chinadaily.com.cn/a/202301/20/WS63c96f38a31057c47ebaab58.html,,"China tops world in key green areas , report says",20230120T043000Z,http://img2.chinadaily.com.cn/images/202301/20/63c96f38a31057c4b4b3aad1.jpeg,africa.chinadaily.com.cn,English,China
https://calcoasttimes.com/2023/01/14/legislative-office-questions-viability-of-californias-emissions-reduction-plan/,,Legislative office questions viability of California emissions reduction plan,20230120T053000Z,https://calcoasttimes.com/wp-content/uploads/2023/01/CARB.jpg,calcoasttimes.com,English,
https://www.businessworld.in/article/Davos-2023-Carbon-Should-Be-Priced-Properly-Experts-Say/20-01-2023-462573/,https://businessworld.in/amphttps://www.businessworld.in/article/Davos-2023-Carbon-Should-Be-Priced-Properly-Experts-Say/20-01-2023-462573,Davos 2023 Carbon Should Be Priced Properly Experts Say,20230120T053000Z,https://static.businessworld.in/article/article_extra_large_image/1674158366_SUBCUv_carbon.jpg,businessworld.in,English,India
https://www.parisguardian.com/news/273400563/new-zealand-needs-novel-methods-for-carbon-dioxide-removal-experts,,New Zealand needs novel methods for carbon dioxide removal : experts,20230120T063000Z,,parisguardian.com,English,France
https://frontpageafricaonline.com/news/liberia-hosts-three-day-roundtable-dialogue-on-climate-finance-governance-and-measuring-reporting-verification/,https://frontpageafricaonline.com/amp/news/liberia-hosts-three-day-roundtable-dialogue-on-climate-finance-governance-and-measuring-reporting-verification/,"Liberia Hosts Three - Day Roundtable Dialogue On Climate Finance , Governance , and Measuring Reporting Verification",20230120T063000Z,https://frontpageafricaonline.com/wp-content/uploads/2023/01/2-8.jpg,frontpageafricaonline.com,English,Liberia
http://www.china.org.cn/china/2023-01/20/content_85069553.htm,,"China tops world in key green areas , report says - China . org . cn",20230120T070000Z,,china.org.cn,English,China
https://www.mankatofreepress.com/opinion/editorials/our-view-environment-carbon-market-win-win-for-farmers-climate/article_01079a82-9835-11ed-ae02-8f2f6a4ec2fa.html,,"Our View : Environment | Carbon market win - win for farmers , climate",20230120T113000Z,https://bloximages.chicago2.vip.townnews.com/mankatofreepress.com/content/tncms/assets/v3/editorial/d/95/d956cbf6-e6f8-11e5-ae95-8b9b17869d28/56e1cf4eacb12.image.jpg?crop=1032%2C542%2C0%2C19,mankatofreepress.com,English,United States
https://www.morningstar.com/news/dow-jones/202301203587/north-american-morning-briefing-stock-futures-2,,North American Morning Briefing : Stock Futures - 2 - ,20230120T121500Z,https://www.morningstar.com/assets/img/dow-jones.51166f0.png,morningstar.com,English,China
https://www.publicnewsservice.org/2023-01-20/livable-wages-working-families/under-bill-wa-workers-could-record-med-exams-in-injury-cases/a82482-1,,Under Bill WA Workers Could Record Med Exams in Injury Cases / Public News Service,20230120T123000Z,https://www.newsservice.org/getimage.php?p=c2dpZD04MjQ4MiZzaWQ9MQ==,publicnewsservice.org,English,United States
https://www.eenews.net/articles/can-wild-carbon-markets-be-tamed/,,Can wild carbon markets be tamed ? ,20230120T130000Z,https://static.politico.com/a8/50/e7cdc61a441db0bfb4d935f427d1/https-delivery-gettyimages.com/downloads/1333283463,eenews.net,English,United States
https://allafrica.com/stories/202301200470.html,,"Liberia Hosts Three - Day Roundtable Dialogue On Climate Finance , Governance , and Measuring Reporting Verification",20230120T133000Z,,allafrica.com,English,Nigeria
https://www.morningstar.com/news/dow-jones/202301203452/european-midday-briefing-stocks-up-but-mood-2,,European Midday Briefing : Stocks Up But Mood - 2 - ,20230120T140000Z,https://www.morningstar.com/assets/img/dow-jones.51166f0.png,morningstar.com,English,China
https://www.prnewswire.com/news-releases/aspiration-becomes-foundational-investor-in-compassionate-carbon-to-further-innovation-in-nature-based-projects-on-the-voluntary-carbon-market-301726370.html,,Aspiration Becomes Foundational Investor in Compassionate Carbon to Further Innovation in Nature - Based Projects on the Voluntary Carbon Market,20230120T144500Z,,prnewswire.com,English,United States
https://el-observador.com/2023/01/20/reversal-of-fortune-gov-newsom-outlines-plan-to-deal-with-budget-deficit/,,Reversal of fortune : Gov . Newsom outlines plan to deal with budget deficit,20230120T151500Z,https://el-observador.com/wp-content/uploads/2023/01/hXwf5XWEB-933x445.jpg,el-observador.com,English,United States
https://www.marketscreener.com/news/latest/North-American-Morning-Briefing-Stock-Futures-2--42776651/,https://www.marketscreener.com/amp/news/latest/North-American-Morning-Briefing-Stock-Futures-2--42776651/,North American Morning Briefing : Stock Futures - 2 - ,20230120T151500Z,https://www.marketscreener.com/images/twitter_MS_fdblanc.png,marketscreener.com,English,
https://phys.org/news/2023-01-regenerating-tropical-mangroves.html,https://phys.org/news/2023-01-regenerating-tropical-mangroves.amp,Protecting and regenerating tropical mangroves,20230120T190000Z,https://scx2.b-cdn.net/gfx/news/2023/protecting-and-regener-1.jpg,phys.org,English,United States
http://www.truenorthreports.com/mcclaughry-is-nyc-building-emissions-standard-infiltrating-vermont,,McClaughry : Is NYC building emissions standard infiltrating Vermont ? ,20230120T191500Z,http://www.truenorthreports.com/wp-content/uploads/2020/08/empire-state.jpg,truenorthreports.com,English,United States
https://mynorthwest.com/3785981/gas-prices-have-been-creeping-up-but-whos-responsible/,https://mynorthwest.com/3785981/gas-prices-have-been-creeping-up-but-whos-responsible/amp/,"Gas prices have been creeping up , but who responsible ? ",20230120T191500Z,https://mynorthwest.com/wp-content/uploads/2022/10/ap_22fb626953f246158dcd2f2e1e125763-e1674236852468.jpg,mynorthwest.com,English,United States
https://capitalandmain.com/in-pennsylvania-hopes-rise-but-questions-remain-about-new-governors-environmental-agenda,,"In Pennsylvania , Hopes Rise But Questions Remain About New Governor Environmental Agenda",20230120T193000Z,https://capitalandmain.com/wp-content/uploads/2023/01/GettyImages-1246306789-1024x683.jpg,capitalandmain.com,English,United States
https://www.jdsupra.com/legalnews/environmental-wrap-up-2022-and-what-to-8836671/,,Environmental Wrap - Up 2022 and What to Expect in 2023 | Stinson LLP,20230120T194500Z,https://jdsupra-static.s3.amazonaws.com/profile-images/og.13885_4938.jpg,jdsupra.com,English,United States
https://www.kqed.org/news/11937772/environmentalists-say-newsoms-budget-cuts-jeopardize-states-climate-programs-electric-car-mandate,,"Environmentalists Say Newsom Budget Cuts Jeopardize State Climate Programs , Electric Car Mandate",20230120T200000Z,https://ww2.kqed.org/app/uploads/sites/10/2023/01/Screen-Shot-2023-01-11-at-10.24.10-AM-1020x678.png,kqed.org,English,United States
https://news.webindia123.com/news/Articles/Business/20230121/4029172.html,,"WEF : Carbon pricing standards needed to boost green energy , say experts",20230120T211500Z,,news.webindia123.com,English,India
https://financialpost.com/commodities/energy/oil-gas/oil-firms-eye-11-billion-canada-fund-to-match-bidens-subsidies,https://financialpost.com/commodities/energy/oil-gas/oil-firms-eye-11-billion-canada-fund-to-match-bidens-subsidies/wcm/332f928d-b093-4081-952d-d13a1a23baac/amp/,Oil firms eye $15 billion growth fund to match Biden subsidies,20230120T214500Z,https://smartcdn.gprod.postmedia.digital/financialpost/wp-content/uploads/2023/01/no0120carbon-capture.jpg,financialpost.com,English,Canada
https://www.bignewsnetwork.com/news/273404929/wef-carbon-pricing-standards-needed-to-boost-green-energy-say-experts,,"WEF : Carbon pricing standards needed to boost green energy , say experts",20230120T220000Z,https://static.bignewsnetwork.com/bnn/images/big-news-network-slogan.jpg,bignewsnetwork.com,English,United States
https://www.zimbabwestar.com/news/273404929/wef-carbon-pricing-standards-needed-to-boost-green-energy-say-experts,,"WEF : Carbon pricing standards needed to boost green energy , say experts",20230120T223000Z,https://cdn.bignewsnetwork.com/ani1674248218.jpg,zimbabwestar.com,English,Zimbabwe
https://www.africaleader.com/news/273404929/wef-carbon-pricing-standards-needed-to-boost-green-energy-say-experts,,"WEF : Carbon pricing standards needed to boost green energy , say experts",20230120T224500Z,https://cdn.bignewsnetwork.com/ani1674248218.jpg,africaleader.com,English,South Africa
https://www.southeastasiapost.com/news/273404929/wef-carbon-pricing-standards-needed-to-boost-green-energy-say-experts,,"WEF : Carbon pricing standards needed to boost green energy , say experts",20230121T000000Z,https://cdn.bignewsnetwork.com/ani1674248218.jpg,southeastasiapost.com,English,Pakistan
https://www.europesun.com/news/273404929/wef-carbon-pricing-standards-needed-to-boost-green-energy-say-experts,,"WEF : Carbon pricing standards needed to boost green energy , say experts",20230121T004500Z,https://cdn.bignewsnetwork.com/ani1674248218.jpg,europesun.com,English,Russia
https://www.jdsupra.com/legalnews/california-air-resources-board-adopts-8668255/,,California Air Resources Board Adopts 2022 Scoping Plan | Sheppard Mullin Richter & Hampton LLP,20230121T010000Z,https://jdsupra-static.s3.amazonaws.com/profile-images/og.2105_3135.jpg,jdsupra.com,English,United States
https://www.latestly.com/agency-news/business-news-wef-carbon-pricing-standards-needed-to-boost-green-energy-say-experts-4740064.html,https://www.latestly.com/agency-news/business-news-wef-carbon-pricing-standards-needed-to-boost-green-energy-say-experts-4740064.html/amp,"Business News | WEF : Carbon Pricing Standards Needed to Boost Green Energy , Say Experts",20230121T014500Z,https://st1.latestly.com/wp-content/uploads/2023/01/ANI-20230120104005-588x441.jpg,latestly.com,English,India
https://www.thecentersquare.com/washington/being-straight-governor-s-office-think-tank-clash-over-cap-and-trade-washington-gas-prices/article_adb09796-9922-11ed-9334-b356748c09c2.html,https://www.thecentersquare.com/washington/being-straight-governor-s-office-think-tank-clash-over-cap-and-trade-washington-gas-prices/article_adb09796-9922-11ed-9334-b356748c09c2.amp.html,"  Being straight : Governor Office , think tank clash over cap - and - trade , Washington gas prices | Washington",20230121T021500Z,https://bloximages.newyork1.vip.townnews.com/thecentersquare.com/content/tncms/assets/v3/editorial/a/33/a334a8dc-0c52-11ed-a7a5-d387f2990c12/62def3905f550.image.jpg?crop=1763%2C926%2C0%2C124,thecentersquare.com,English,
https://www.miragenews.com/awu-backs-calls-for-carbon-tariff-to-protect-932855/,,AWU backs calls for carbon tariff to protect local industry,20230121T024500Z,https://www.awu.net.au/wp-content/uploads/2019/09/Flag2.jpg,miragenews.com,English,United States
https://www.devdiscourse.com/article/business/2326895-wef-carbon-pricing-standards-needed-to-boost-green-energy-say-experts,https://www.devdiscourse.com/article/business/2326895-wef-carbon-pricing-standards-needed-to-boost-green-energy-say-experts?amp,"WEF : Carbon pricing standards needed to boost green energy , say experts",20230121T031500Z,https://www.devdiscourse.com/remote.axd?https://devdiscourse.blob.core.windows.net/devnews/21_01_2023_02_23_17_8487133.jpg?&format=jpeg,devdiscourse.com,English,China
https://www.rte.ie/news/business/2023/0121/1349928-aviation/,https://amp.rte.ie/amp/1349928/ ,Sustainability a massive challenge for aviation sector,20230121T073000Z,https://img.rasset.ie/001c6a0a-1600.jpg,rte.ie,English,Ireland
https://www.publicceo.com/2023/01/economic-development-analysis-of-governors-proposed-2023-2024-budget/,,Economic development analysis of governor proposed 2023 - 2024 budget,20230121T081500Z,https://www.publicceo.com/wp-content/uploads/2023/01/1-2023-CALED-Budget-Analysis.png,publicceo.com,English,United States
https://www.greencarcongress.com/2023/01/20230121-furec.html,,EU Innovation Fund grants €108M to RWE waste - to - hydrogen project FUREC,20230121T121500Z,https://bioage.typepad.com/.a/6a00d8341c4fbe53ef02af1c98b02b200d-600wi,greencarcongress.com,English,United States
https://www.heritage.org/environment/report/five-free-market-priorities-nuclear-energy-renaissance,,Five Free Market Priorities for a Nuclear Energy Renaissance,20230121T211500Z,https://www.heritage.org/themes/heritage/src/images/bell.png,heritage.org,English,United States
https://www.lexology.com/library/detail.aspx?g=bec58503-36f7-4336-b1d2-60dab237d850,,UK Independent Review of Net Zero Recommendations for Carbon Markets and Financial Services,20230121T230000Z,,lexology.com,English,United States
https://impakter.com/phantom-carbon-offsets-found-to-have-no-climate-benefit/,,  Phantom  Carbon Offsets Found to Have No Climate Benefit,20230121T231500Z,https://fastcdn.impakter.com/wp-content/uploads/2023/01/arnaud-mesureur-7EqQ1s3wIAI-unsplash-scaled.jpeg,impakter.com,English,United States
https://www.kitsapsun.com/story/news/2023/01/22/washingtons-carbon-cap-and-invest-plan-is-here-how-does-it-work/69828648007/,,Washington carbon  cap - and - invest  plan is here . How does it work ? ,20230122T193000Z,"https://www.gannett-cdn.com/presto/2018/09/11/PBKS/a0c4e9e8-04e1-4ea3-8fa3-2345b0f2fc36-AP18254713007369.jpg?auto=webp&crop=2798,1574,x202,y0&format=pjpg",kitsapsun.com,English,United States
https://www.politico.com/newsletters/playbook/2023/01/22/klain-is-out-zients-is-in-00078903,,"POLITICO Playbook : Klain is out , Zients is in",20230122T200000Z,https://static.politico.com/00/b6/739220804b24a13326ac90a62f9b/https-delivery-gettyimages.com/downloads/1301485944,politico.com,English,United States
https://www.nbcnews.com/meet-the-press/meet-press-january-22-2023-n1302440,https://www.nbcnews.com/news/amp/ncna1302440,"Meet the Press - January 22 , 2023",20230122T200000Z,"https://media-cldnry.s-nbcnews.com/image/upload/t_nbcnews-fp-1200-630,f_auto,q_auto:best/newscms/2023_03/3591522/transcriptphoto.jpeg",nbcnews.com,English,United States
https://news.yahoo.com/washingtons-carbon-cap-invest-plan-190015086.html,https://news.yahoo.com/amphtml/washingtons-carbon-cap-invest-plan-190015086.html,Washington carbon  cap - and - invest  plan is here . How does it work ? ,20230122T200000Z,https://s.yimg.com/ny/api/res/1.2/w5iXleRR808RaUF4EMYZpg--/YXBwaWQ9aGlnaGxhbmRlcjt3PTEyMDA7aD02MzA-/https://media.zenfs.com/en/kitsap-sun/19c5f6d7f122a1989c5a11a7c595859c,news.yahoo.com,English,United States
https://www.ecowatch.com/phantom-credits-verra.html,,"94 % of Forest - Based Carbon Offsets Certified By Leading Global Provider Are  Phantom Credits , Major Investigation Finds",20230122T204500Z,https://www.ecowatch.com/wp-content/uploads/2023/01/GettyImages-172791804-scaled.jpg,ecowatch.com,English,United States
https://www.hellenicshippingnews.com/eu-ets-reform-tighter-scheme-inclusion-of-shipping-and-transport-building-fuel/,,"EU ETS Reform – tighter scheme , inclusion of shipping and transport / building fuel",20230122T223000Z,,hellenicshippingnews.com,English,China
https://www.gov.uk/government/publications/hydrogen-beccs-innovation-programme/hydrogen-beccs-innovation-programme-phase-2-clarification-questions-with-responses-added-20-january-2023,,Hydrogen BECCS Innovation Programme Phase 2 : clarification questions with responses ( added 20 January 2023 ) ,20230122T230000Z,https://www.gov.uk/assets/static/govuk-opengraph-image-dade2dad5775023b0568381c4c074b86318194edb36d3d68df721eea7deeac4b.png,gov.uk,English,United Kingdom
https://www.hellenicshippingnews.com/maritime-uk-net-zero-review-published/,,Maritime united kingdom : Net Zero Review published | Hellenic Shipping News Worldwide,20230122T233000Z,,hellenicshippingnews.com,English,China
https://www.yahoo.com/news/washingtons-carbon-cap-invest-plan-190015086.html,https://news.yahoo.com/amphtml/news/washingtons-carbon-cap-invest-plan-190015086.html,Washington carbon  cap - and - invest  plan is here . How does it work ? ,20230122T234500Z,https://s.yimg.com/ny/api/res/1.2/w5iXleRR808RaUF4EMYZpg--/YXBwaWQ9aGlnaGxhbmRlcjt3PTEyMDA7aD02MzA-/https://media.zenfs.com/en/kitsap-sun/19c5f6d7f122a1989c5a11a7c595859c,yahoo.com,English,United States
https://theconservativetreehouse.com/blog/2023/01/22/sunday-talks-senator-joe-manchin-doing-that-purple-thing-again-admits-no-federal-budget-in-last-12-years/,,"Sunday Talks , Senator Joe Manchin Doing that Purple Thing Again - Admits No Federal Budget in Last 12 Years",20230122T234500Z,https://theconservativetreehouse.com/wp-content/uploads/2023/01/Joe-Manchin-and-Chuck-Todd.jpg,theconservativetreehouse.com,English,United States
https://www.mortgagebusiness.com.au/technology/17599-nab-announces-stablecoin,,NAB announces stablecoin,20230123T011500Z,https://res.cloudinary.com/momentum-media-group-pty-ltd/image/upload/v1655087780/Mortgage%20Business/News/nab-mb-1.jpg,mortgagebusiness.com.au,English,Australia
https://www.skynews.com.au/australia-news/politics/kevin-rudd-caught-swearing-and-joking-about-being-slowly-demoted-at-luxurious-world-economic-forum-summit-in-davos-ahead-of-ambassadors-post-in-washington/news-story/347d3e392f26cf24d74ddbd0ee1d3bad,https://www.skynews.com.au/australia-news/politics/kevin-rudd-caught-swearing-and-joking-about-being-slowly-demoted-at-luxurious-world-economic-forum-summit-in-davos-ahead-of-ambassadors-post-in-washington/news-story/347d3e392f26cf24d74ddbd0ee1d3bad?amp,Kevin Rudd caught swearing and joking about being  slowly demoted  at luxurious World Economic Forum summit in Davos ahead of Washington post,20230123T023000Z,https://content.api.news/v3/images/bin/57edb41eeec45efdfb9651ca0207449b,skynews.com.au,English,Australia
https://theconservativetreehouse.com/blog/2023/01/22/sunday-talks-senator-joe-manchin-doing-that-purple-thing-again-admits-no-federal-budget-in-last-12-years/comment-page-1/,,"Sunday Talks , Senator Joe Manchin Doing that Purple Thing Again - Admits No Federal Budget in Last 12 Years",20230123T041500Z,https://theconservativetreehouse.com/wp-content/uploads/2023/01/Joe-Manchin-and-Chuck-Todd.jpg,theconservativetreehouse.com,English,United States
https://www.mondaq.com/unitedstates/clean-air--pollution/1273586/california-air-resources-board-adopts-2022-scoping-plan,,California Air Resources Board Adopts 2022 Scoping Plan - Clean Air / Pollution,20230123T101500Z,,mondaq.com,English,United States
https://www.cemnet.com/News/story/174196/eua-rising-by-end-of-year-driven-by-compliance-and-higher-coal-and-gas-prices.html,,"EUA rising by end of year , driven by compliance and higher coal and gas prices",20230123T110000Z,,cemnet.com,English,United States
http://tradearabia.com/news/IND_405558.html,,GCC will continue to outperform global economy : FAB,20230123T113000Z,,tradearabia.com,English,United Arab Emirates
http://tradearabia.com/news/BANK_405558.html,,GCC will continue to outperform global economy : FAB,20230123T113000Z,,tradearabia.com,English,United Arab Emirates
https://www.eenews.net/articles/heres-what-we-know-about-kerrys-offset-gambit/,,Here what we know about Kerry offset gambit,20230123T121500Z,https://static.politico.com/6c/98/3f77e56d45859fb200a303bf3025/switzerland-davos-forum-39151.jpg,eenews.net,English,United States
https://diginomica.com/davos-2023-does-tokenization-solve-any-real-world-problems,https://diginomica.com/davos-2023-does-tokenization-solve-any-real-world-problems?amp,Davos 2023 - does tokenization solve any real - world problems ? ,20230123T123000Z,https://diginomica.com/sites/default/files/images/2016-12/blockchain.png,diginomica.com,English,United Kingdom
https://www.pollutiononline.com/doc/frito-lay-transforms-california-facility-into-showcase-for-sustainability-0001,,Frito - Lay Transforms California Facility Into Showcase For Sustainability,20230123T130000Z,,pollutiononline.com,English,United States
https://www.tmcnet.com/usubmit/2023/01/23/9747311.htm,,ICE Launches Carbon - Neutral U . S . Electricity Futures Index,20230123T141500Z,https://images.tmcnet.com/tmc/world.jpg,tmcnet.com,English,United States
https://www.cbc.ca/news/canada/sudbury/carbon-tax-emissions-northern-ontario-1.6717981,,Northeastern Ontario industries mostly silent on how much they pay in carbon tax,20230123T143000Z,https://i.cbc.ca/1.6613462.1665565687!/fileImage/httpImage/image.JPG_gen/derivatives/16x9_620/algoma-steel-stacks.JPG,cbc.ca,English,Canada
https://www.barandbench.com/apprentice-lawyer/international-conference-on-climate-justice-and-sustainable-environment-2023-by-gmu-gnlu,https://www.barandbench.com/amp/story/apprentice-lawyer/international-conference-on-climate-justice-and-sustainable-environment-2023-by-gmu-gnlu,International Conference on Climate Justice and Sustainable Environment 2023 by GMU & GNLU,20230123T143000Z,https://gumlet.assettype.com/barandbench%2F2023-01%2Ffecb03ea-8096-4343-8f66-e42162692e83%2FSUPREME_COURT_OF_INDIA__WEB_PAGE_1600x900___Copy_Recovered.jpg?&auto=format%2Ccompress&ogImage=true&enlarge=true,barandbench.com,English,India
https://www.joplinglobe.com/region/national_business/ice-launches-carbon-neutral-u-s-electricity-futures-index/article_999e43fe-50a5-57cc-8251-9839959aa9b9.html,,ICE Launches Carbon - Neutral U . S . Electricity Futures Index,20230123T143000Z,https://bloximages.chicago2.vip.townnews.com/joplinglobe.com/content/tncms/custom/image/82ebee74-4c80-11ec-942f-cf2743f1e0ea.jpg,joplinglobe.com,English,United States
http://theconversation.com/as-us-eu-trade-tensions-rise-conflicting-carbon-tariffs-could-undermine-climate-efforts-198072,https://theconversation.com/amp/as-us-eu-trade-tensions-rise-conflicting-carbon-tariffs-could-undermine-climate-efforts-198072,"As US - EU trade tensions rise , conflicting carbon tariffs could undermine climate efforts",20230123T144500Z,https://images.theconversation.com/files/505410/original/file-20230119-5268-omk19c.jpg?ixlib=rb-1.1.0&rect=0%2C98%2C3000%2C1500&q=45&auto=format&fit=crop,theconversation.com,English,Australia
https://www.lexology.com/library/detail.aspx?g=b2da840e-76f6-492f-84b3-7fda93e3e271,,California Air Resources Board Adopts 2022 Scoping Plan,20230123T151500Z,,lexology.com,English,United States
https://www.digitaljournal.com/pr/socialfi-market-to-see-booming-business-sentiments-torum-ignite-social-media-disruptive-advertising,,"SocialFi Market to see Booming Business Sentiments | Torum , Ignite Social Media , Disruptive Advertising",20230123T160000Z,,digitaljournal.com,English,United States
https://www.caledonianrecord.com/opinion/conversation/as-us-eu-trade-tensions-rise-conflicting-carbon-tariffs-could-undermine-climate-efforts/article_b5c87389-fa60-546f-aa62-d2af60cd3cff.html,,"As US - EU trade tensions rise , conflicting carbon tariffs could undermine climate efforts",20230123T163000Z,https://bloximages.newyork1.vip.townnews.com/caledonianrecord.com/content/tncms/custom/image/97f38b88-9339-11ec-91bb-637c1bf4402d.jpg,caledonianrecord.com,English,United States
https://ca.finance.yahoo.com/news/kbra-releases-carbon-series-cap-163700850.html,https://ca.finance.yahoo.com/amphtml/news/kbra-releases-carbon-series-cap-163700850.html,KBRA Releases Carbon Series : Cap - and - Trade Primer ( North America and Europe ) ,20230123T170000Z,https://media.zenfs.com/en/business-wire.com/fd6832f620eb30255d8dfb6fd5a141c9,ca.finance.yahoo.com,English,United States
https://www.tmcnet.com/usubmit/2023/01/23/9747484.htm,,KBRA Releases Carbon Series : Cap - and - Trade Primer ( North America and Europe ) ,20230123T171500Z,https://images.tmcnet.com/tmc/world.jpg,tmcnet.com,English,United States
https://www.businesswire.com/news/home/20230123005620/en/KBRA-Releases-Carbon-Series-Cap-and-Trade-Primer-North-America-and-Europe,,KBRA Releases Carbon Series : Cap - and - Trade Primer ( North America and Europe ) ,20230123T173000Z,,businesswire.com,English,United States
https://www.bakersfield.com/ap/news/ice-launches-carbon-neutral-u-s-electricity-futures-index/article_27f52885-0b94-5841-8970-a2c8f220bf3a.html,,ICE Launches Carbon - Neutral U . S . Electricity Futures Index,20230123T183000Z,https://bloximages.newyork1.vip.townnews.com/bakersfield.com/content/tncms/custom/image/d09180fc-6bee-11e7-8b72-ff928e2e17d5.png,bakersfield.com,English,United States
https://menafn.com/1105466523/As-US-EU-Trade-Tensions-Rise-Conflicting-Carbon-Tariffs-Could-Undermine-Climate-Efforts,,"As US - EU Trade Tensions Rise , Conflicting Carbon Tariffs Cou ... ",20230123T193000Z,https://menafn.com/updates/pr/2023-01/23/TC_c32f9image_story.jpg,menafn.com,English,Qatar
http://www.msn.com/en-nz/news/national/nz-s-fatally-flawed-climate-change-strategy/ar-AA16EF8l,,NZ fatally flawed climate change strategy,20230123T193000Z,http://img-s-msn-com.akamaized.net/tenant/amp/entityid/AA16EmeY.img?&m=6&q=60&o=t&l=f&f=jpg,msn.com,English,United States
https://www.livemint.com/news/india/voluntary-carbon-trades-to-start-in-2023-11674498997601.html,https://www.livemint.com/news/india/voluntary-carbon-trades-to-start-in-2023/amp-11674498997601.html,Voluntary carbon trades to start in 2023,20230123T200000Z,https://images.livemint.com/img/2023/01/23/600x338/Abhay_1674500105762_1674500139812_1674500139812.jpg,livemint.com,English,India
https://menafn.com/1105468023/The-Worlds-Carbon-Price-Is-A-Fraction-Of-What-We-Need-Because-Only-A-Fifth-Of-Global-Emissions-Are-Priced,,The World Carbon Price Is A Fraction Of What We Need Beca ... ,20230123T210000Z,https://menafn.com/updates/pr/2023-01/23/TC_049bbimage_story.jpg,menafn.com,English,Qatar
https://www.businesswire.com/news/home/20230118005199/en/ICE-Launches-Carbon-Neutral-U.S.-Electricity-Futures-Index,,ICE Launches Carbon - Neutral U . S . Electricity Futures Index,20230123T214500Z,,businesswire.com,English,United States
https://advancedbiofuelsusa.info/carbon-pricing-standards-needed-to-accelerate-green-transition/,,Carbon Pricing Standards Needed to Accelerate Green Transition – Advanced BioFuels united states ,20230123T221500Z,,advancedbiofuelsusa.info,English,United States
https://www.hellenicshippingnews.com/eu-ets-preliminary-agreement-to-include-shipping-in-the-eus-emission-trading-system-from-2024/,,EU ETS : Preliminary agreement to include shipping in the EU Emission Trading System from 2024,20230123T223000Z,,hellenicshippingnews.com,English,China
https://www.maritime-executive.com/article/shipping-coalition-calls-on-eu-for-fueleu-incentives-and-consistency,,Shipping Coalition Calls on EU for FuelEU Incentives and Consistency,20230123T223000Z,https://maritime-executive.com/media/images/article/Photos/Vessels_Large/Continership-generic-overhead.ce2198.jpg,maritime-executive.com,English,United States
https://news.yahoo.com/britain-eu-unlikely-change-brexit-000553710.html,https://news.yahoo.com/amphtml/britain-eu-unlikely-change-brexit-000553710.html,"Britain and EU unlikely to change Brexit deal much , despite issues",20230124T004500Z,https://media.zenfs.com/en/reuters.com/a4304b7d21d2f9fee97304deead2aa20,news.yahoo.com,English,United States
https://maritime-executive.com/article/shipping-coalition-calls-on-eu-for-fueleu-incentives-and-consistency,,Shipping Coalition Calls on EU for FuelEU Incentives and Consistency,20230124T010000Z,https://maritime-executive.com/media/images/article/Photos/Vessels_Large/Continership-generic-overhead.ce2198.jpg,maritime-executive.com,English,United States
https://www.nbcrightnow.com/news/state/washington-gas-prices-continue-to-spike-as-state-readies-for-carbon-auctions/article_59a733bd-fa98-50ab-abf7-914ffa3245d0.html,,Washington gas prices continue to spike as state readies for carbon auctions,20230124T010000Z,https://bloximages.newyork1.vip.townnews.com/nbcrightnow.com/content/tncms/custom/image/0c0acdd4-cbf5-11e8-ac89-4fb1b5fd70a7.jpg,nbcrightnow.com,English,United States
https://www.orrick.com/en/News/2023/01/Orrick-Expands-Energy-Transition-Team-with-Top-California-Energy-Regulatory-Adviser,,Orrick Expands Energy Transition Team with Top California Energy Regulatory Adviser,20230124T013000Z,https://media.orrick.com/Media%20Library/common/bios/4/3/4/2/6/8/434268_740x360.jpg,orrick.com,English,
https://wtbx.com/2023/01/23/britain-and-eu-unlikely-to-change-brexit-deal-much-despite-issues-report/,,"Britain and EU unlikely to change Brexit deal much , despite issues – report",20230124T013000Z,https://storage.googleapis.com/media.mwcradio.com/mimesis/2023-01/24/2023-01-24T000728Z_1_LYNXMPEJ0N005_RTROPTP_3_BRITAIN-POLITICS.JPG,wtbx.com,English,United States
https://www.hellenicshippingnews.com/gcc-to-continue-outperforming-the-global-economy-fab/,,GCC to continue outperforming the global economy : FAB | Hellenic Shipping News Worldwide,20230124T013000Z,,hellenicshippingnews.com,English,China
https://www.miragenews.com/its-high-time-our-farmers-stopped-jumping-933741/,,It high time our farmers stopped jumping through hoops,20230124T013000Z,https://www.agforceqld.org.au/images/dog-hoop.jpg,miragenews.com,English,United States
https://wkzo.com/2023/01/23/britain-and-eu-unlikely-to-change-brexit-deal-much-despite-issues-report/,,"Britain and EU unlikely to change Brexit deal much , despite issues – report",20230124T014500Z,https://storage.googleapis.com/media.mwcradio.com/mimesis/2023-01/24/2023-01-24T000728Z_1_LYNXMPEJ0N005_RTROPTP_3_BRITAIN-POLITICS.JPG,wkzo.com,English,United States
https://katcountry989.com/2023/01/23/britain-and-eu-unlikely-to-change-brexit-deal-much-despite-issues-report/,,"Britain and EU unlikely to change Brexit deal much , despite issues – report",20230124T020000Z,https://storage.googleapis.com/media.mwcradio.com/mimesis/2023-01/24/2023-01-24T000728Z_1_LYNXMPEJ0N005_RTROPTP_3_BRITAIN-POLITICS.JPG,katcountry989.com,English,United States
https://www.thecentersquare.com/washington/washington-gas-prices-continue-to-spike-as-state-readies-for-carbon-auctions/article_63a6dee6-9b78-11ed-9fd3-638fe170cdc2.html,https://www.thecentersquare.com/washington/washington-gas-prices-continue-to-spike-as-state-readies-for-carbon-auctions/article_63a6dee6-9b78-11ed-9fd3-638fe170cdc2.amp.html,Washington gas prices continue to spike as state readies for carbon auctions,20230124T020000Z,https://bloximages.newyork1.vip.townnews.com/thecentersquare.com/content/tncms/assets/v3/editorial/d/63/d635ec5e-f16e-11ec-903d-2784f8a5a939/62b1d67bd7413.image.jpg?crop=1763%2C926%2C0%2C124,thecentersquare.com,English,
https://www.thestar.com.my/business/business-news/2023/01/24/indonesia-to-bring-back-asean-centrality,,Indonesia to  bring back  Asean centrality,20230124T021500Z,https://apicms.thestar.com.my/uploads/images/2023/01/24/1913012.jpg,thestar.com.my,English,Malaysia
https://www.env-econ.net/2020/05/,,Environmental Economics,20230124T023000Z,https://up0.typepad.com/6a00d83451bd4869e202a308daa99d200c-220si,env-econ.net,English,United States
https://whbl.com/2023/01/23/britain-and-eu-unlikely-to-change-brexit-deal-much-despite-issues-report/,,"Britain and EU unlikely to change Brexit deal much , despite issues – report",20230124T041500Z,https://storage.googleapis.com/media.mwcradio.com/mimesis/2023-01/24/2023-01-24T000728Z_1_LYNXMPEJ0N005_RTROPTP_3_BRITAIN-POLITICS.JPG,whbl.com,English,United States
https://www.econotimes.com/The-worlds-carbon-price-is-a-fraction-of-what-we-need--because-only-a-fifth-of-global-emissions-are-priced-1649301,,The world carbon price is a fraction of what we need – because only a fifth of global emissions are priced,20230124T060000Z,https://f1.econotimes.com/2023/01/p13heq4weq_th_1024x0.jpg,econotimes.com,English,United States
https://geneticliteracyproject.org/2023/01/24/a-carbon-tax-on-farming-to-reduce-carbon-emissions-new-zealand-is-pioneering-this-new-policy-heres-why-its-touted-benefits-may-not-be-a-sure-thing/,,A carbon tax on farming to reduce carbon emissions ? New Zealand is pioneering this new policy . Here why its touted benefits may not be a sure thing,20230124T061500Z,https://geneticliteracyproject.org/wp-content/uploads/2023/01/pexels-photo-1-1.png,geneticliteracyproject.org,English,United States
http://www.econotimes.com/The-worlds-carbon-price-is-a-fraction-of-what-we-need--because-only-a-fifth-of-global-emissions-are-priced-1649301,,The world carbon price is a fraction of what we need – because only a fifth of global emissions are priced,20230124T063000Z,https://f1.econotimes.com/2023/01/p13heq4weq_th_1024x0.jpg,econotimes.com,English,United States
https://www.heraldscotland.com/business_hq/23271098.brexit-uk-eu-relations-not-coherent-uk-changing-europe/,,Brexit : united kingdom - EU relations not  coherent : united kingdom in a Changing Europe,20230124T063000Z,https://www.heraldscotland.com/resources/images/9431041/?type=og-image,heraldscotland.com,English,United Kingdom
http://www.econotimes.com/As-US-EU-trade-tensions-rise-conflicting-carbon-tariffs-could-undermine-climate-efforts-1649278,,"As US - EU trade tensions rise , conflicting carbon tariffs could undermine climate efforts",20230124T063000Z,https://www.econotimes.com/assets/images/econotimes/metaDefault2.png,econotimes.com,English,United States
https://www.counterpunch.org/2023/01/24/from-the-unsustainable-here-to-the-sustainable-there/,,From the Unsustainable Here to the Sustainable There,20230124T090000Z,https://www.counterpunch.org/wp-content/uploads/2022/02/IMG_1319-680x510.jpeg,counterpunch.org,English,United States
https://www.globenewswire.com/news-release/2023/01/24/2593942/0/en/Global-Carbon-Credit-Trading-Platform-Market-Analysis-Report-2022-Strategies-Driving-Net-Zero-Goals-to-Boost-Carbon-Credit-Trading-Platform-Market-Between-2022-2027.html,,Global Carbon Credit Trading Platform Market Analysis,20230124T113000Z,https://ml.globenewswire.com/Resource/Download/9512e0b1-f26f-4e81-9cd0-5b74a1ceea46?size=2,globenewswire.com,English,United States
https://sputniknews.com/20230124/prospects-of-brexit-deals-renegotiation-slim---report---1106638764.html,https://sputniknews.com/amp/20230124/prospects-of-brexit-deals-renegotiation-slim---report---1106638764.html,Prospects of Brexit Deal Renegotiation  Slim  ,20230124T114500Z,https://cdnn1.img.sputniknews.com/images/sharing/article/eng/1106638764.jpg,sputniknews.com,English,Russia
https://goodmenproject.com/featured-content/365-days-of-climate-awareness-356-ar6-vol-3-chap-13-national-and-sub-national-policies-and-ins/,,365 Days of Climate Awareness # 356 – National and Sub - National Policies and Ins,20230124T114500Z,https://goodmenproject.com/wp-content/uploads/2023/01/iStock-13347731141.jpg,goodmenproject.com,English,United States
https://www.marketsmedia.com/ice-launches-carbon-neutral-u-s-electricity-futures-index/,,ICE Launches Carbon - Neutral U . S . Electricity Futures Index,20230124T120000Z,https://www.marketsmedia.com/wp-content/uploads/2017/03/Idea-Innovation-Bulb-Energy-Light-Power-Lightbulb-1875247.jpg,marketsmedia.com,English,
https://www.tmcnet.com/usubmit/2023/01/24/9747901.htm,,"Global Carbon Credit Trading Platform Market Research Report 2022 Featuring Market Leaders - Nasdaq , CME Group , AirCarbon Exchange , Carbon Trade Exchange , and Xpansiv",20230124T130000Z,https://images.tmcnet.com/tmc/world.jpg,tmcnet.com,English,United States
http://www.euronews.com/2023/01/24/post-brexit-chances-of-eu-and-uk-changing-deal-slim-report-claims,,"Post - Brexit : Chances of EU and united kingdom changing deal  slim , report claims",20230124T130000Z,https://static.euronews.com/articles/stories/07/33/33/38/1000x563_cmsv2_7b6de9e8-c24c-51c2-8f48-b5a5d863dc20-7333338.jpg,euronews.com,English,United States
https://crosscut.com/environment/2023/01/how-washingtons-new-carbon-emission-cap-will-work,,How Washington new carbon emission cap will work,20230124T133000Z,https://crosscut.com/sites/default/files/styles/max_2000x2000/public/images/articles/ap18253762550686.jpg?itok=tsOOLkDq,crosscut.com,English,United States
https://markets.financialcontent.com/stocks/article/bizwire-2023-1-24-global-carbon-credit-trading-platform-market-research-report-2022-featuring-market-leaders-nasdaq-cme-group-aircarbon-exchange-carbon-trade-exchange-and-xpansiv-researchandmarketscom,,Stock Market | FinancialContent Business Page,20230124T133000Z,,markets.financialcontent.com,English,United States
https://saudigazette.com.sa/article/629184/World/Europe/Chances-of-EU-and-UK-changing-deal-slim-report-claims,,"Chances of EU and united kingdom changing deal  slim , report claims",20230124T140000Z,https://saudigazette.com.sa/uploads/images/2023/01/24/2073389.jpg,saudigazette.com.sa,English,Saudi Arabia
https://www.detroitbadboys.com/2023/1/24/23565251/the-pistons-pulse-keith-smith-joins-the-podcast,https://www.detroitbadboys.com/platform/amp/2023/1/24/23565251/the-pistons-pulse-keith-smith-joins-the-podcast,The Pistons Pulse : Keith Smith Joins the Podcast !! ,20230124T143000Z,https://cdn.vox-cdn.com/thumbor/M868IQikBy9qHnr4NDORR65-2EQ=/0x48:3000x1619/fit-in/1200x630/cdn.vox-cdn.com/uploads/chorus_asset/file/23279867/pistons_pulse_promo.jpg,detroitbadboys.com,English,United States
http://www.tradearabia.com/news/IND_405558.html,,GCC will continue to outperform global economy : FAB,20230124T144500Z,,tradearabia.com,English,United Arab Emirates
https://www.penncapital-star.com/energy-environment/shapiros-environmental-agenda-raises-hopes-but-also-questions/,,Shapiro environmental agenda raises hopes - but also questions - Pennsylvania Capital - Star,20230124T160000Z,https://www.penncapital-star.com/wp-content/uploads/2023/01/22460_gov_governor_inaugural_dz_002.jpeg,penncapital-star.com,English,
https://www.marketscreener.com/quote/stock/DGB-GROUP-N-V-6434/news/DGB-N-The-role-of-reforestation-in-combating-climate-change-42799452/,https://www.marketscreener.com/amp/quote/stock/DGB-GROUP-N-V-6434/news/DGB-N-The-role-of-reforestation-in-combating-climate-change-42799452/,DGB N : The role of reforestation in combating climate change,20230124T160000Z,https://www.marketscreener.com/images/twitter_MS_fdnoir.png,marketscreener.com,English,
https://www.thesundaily.my/home/pertamina-to-adjust-refinery-investment-plans-amid-energy-shift-HA10546643,,Pertamina to adjust refinery investment plans amid energy shift,20230124T160000Z,https://www.thesundaily.my/binrepository/480x327/0c39/480d250/none/11808/YATF/pertamina_2914979_20230124221800.jpg,thesundaily.my,English,Malaysia
https://www.marketscreener.com/quote/stock/DGB-GROUP-N-V-6434/news/Investors-build-a-carbon-efficient-portfolio-42787920/,https://www.marketscreener.com/amp/quote/stock/DGB-GROUP-N-V-6434/news/Investors-build-a-carbon-efficient-portfolio-42787920/,Investors : build a carbon - efficient portfolio,20230124T173000Z,https://www.marketscreener.com/images/twitter_MS_fdnoir.png,marketscreener.com,English,
https://www.crypto-reporter.com/newsfeed/global-carbon-credit-trading-platform-market-research-report-2022-featuring-market-leaders-nasdaq-cme-group-aircarbon-exchange-carbon-trade-exchange-and-xpansiv-researchandmarkets-com-41343/,,"Global Carbon Credit Trading Platform Market Research Report 2022 Featuring Market Leaders - Nasdaq , CME Group , AirCarbon Exchange , Carbon Trade Exchange , and Xpansiv",20230124T173000Z,,crypto-reporter.com,English,
https://www.livemint.com/industry/energy/gst-compensation-cess-may-support-carbon-storage-plan-11674580082920.html,https://www.livemint.com/industry/energy/gst-compensation-cess-may-support-carbon-storage-plan/amp-11674580082920.html,GST compensation cess may support carbon storage plan,20230124T174500Z,https://images.livemint.com/img/2023/01/24/600x338/GST_1674580414345_1674580420809_1674580420809.jpg,livemint.com,English,India
https://www.ledgerinsights.com/national-australia-bank-nab-green-stablecoin/,,National Australia Bank eyeing a  green  stablecoin - Ledger Insights,20230124T183000Z,https://www.ledgerinsights.com/wp-content/uploads/2023/01/NAB-stablecoin-green-AUDN.jpg,ledgerinsights.com,English,
https://www.theguardian.com/environment/2023/jan/24/carbon-offsets-are-a-licence-to-pollute,https://amp.theguardian.com/environment/2023/jan/24/carbon-offsets-are-a-licence-to-pollute,Carbon offsets are a licence to pollute | Carbon offsetting,20230124T184500Z,https://i.guim.co.uk/img/media/d1a740bbe89d80065213de189685aed95503df57/217_518_4561_2736/master/4561.jpg?&quality=85&auto=format&fit=crop&overlay-align=bottom%2Cleft&overlay-width=100p&overlay-base64=L2ltZy9zdGF0aWMvb3ZlcmxheXMvdGctZGVmYXVsdC5wbmc&enable=upscale&s=0c08cdcdb42f39db080ae9d14bfd5ed3,theguardian.com,English,United Kingdom
https://www.fruitnet.com/eurofruit/global-logistics-expected-to-turn-a-corner-in-2023/248141.article,,Global logistics  expected to turn a corner  in 2023 | Article,20230124T184500Z,https://d3fwccq2bzlel7.cloudfront.net/Pictures/1024x536/6/1/3/83613_2_1214381_e.jpg,fruitnet.com,English,United Kingdom
https://www.fijitimes.com/britain-and-eu-unlikely-to-change-brexit-deal-much-despite-issues-report/,,"The Fiji TimesBritain and EU unlikely to change Brexit deal much , despite issues - report",20230124T190000Z,https://mx1.fijitimes.com.fj/wp-content/uploads/2023/01/London-House-of-Parliament-and-Union-Jack.jpg,fijitimes.com,English,Fiji
https://phys.org/news/2023-01-viewpoint-world-carbon-price-fraction.html,https://phys.org/news/2023-01-viewpoint-world-carbon-price-fraction.amp,"Viewpoint : The world carbon price is a fraction of what we need , because only a fifth of global emissions are priced",20230124T191500Z,https://scx2.b-cdn.net/gfx/news/hires/2023/the-worlds-carbon-pric.jpg,phys.org,English,United States
https://www.telegraphindia.com/feeds/business/stable-tax-regime-needed-to-attain-renewable-energy-goals/cid/1911938,https://www.telegraphindia.com/amp/business/stable-tax-regime-needed-to-attain-renewable-energy-goals/cid/1911938,Union Budget 2022 - 23 - Stable tax regime needed to attain renewable energy goals,20230124T201500Z,https://assets.telegraphindia.com/telegraph/2022/Feb/1643720578_solar.jpg,telegraphindia.com,English,India
https://www.bdtonline.com/news/nation_world/global-carbon-credit-trading-platform-market-research-report-2022-featuring-market-leaders---nasdaq/article_fe20c5b8-c23a-5fbf-a5da-86061ebbdbbe.html,,"Global Carbon Credit Trading Platform Market Research Report 2022 Featuring Market Leaders - Nasdaq , CME Group , AirCarbon Exchange , Carbon Trade Exchange , and Xpansiv - ResearchAndMarkets . com",20230124T210000Z,https://bloximages.chicago2.vip.townnews.com/bdtonline.com/content/tncms/custom/image/eb1e85e6-05b9-11e7-b62c-6b1accec9988.jpg,bdtonline.com,English,United States
https://mondovisione.com/media-and-resources/news/eex-group-consolidates-leading-position-in-global-energy-markets/,,EEX Group Consolidates Leading Position In Global Energy Markets,20230124T211500Z,,mondovisione.com,English,United States
https://www.telegraph.co.uk/business/2023/01/24/dont-let-greta-thunbergs-flight-shaming-movement-end-air-travel/,,"Dont let Greta Thunberg flight shaming movement end air travel , say Tory MPs",20230124T214500Z,,telegraph.co.uk,English,United Kingdom
https://www.sustainablebusiness.com/job/climate-change-cap-and-invest-outreach-and-education-specialist-coees4-in-training/,,Climate Change : Cap - and - Invest Outreach and Education Specialist ( COEES4 ) ( In - Training ) - Sustainable Business,20230124T221500Z,,sustainablebusiness.com,English,United States
https://www.telegraphindia.com/business/stable-tax-regime-needed-to-attain-renewable-energy-goals/cid/1911938,https://www.telegraphindia.com/amp/business/stable-tax-regime-needed-to-attain-renewable-energy-goals/cid/1911938,Union Budget 2022 - 23 - Stable tax regime needed to attain renewable energy goals,20230124T224500Z,https://assets.telegraphindia.com/telegraph/2022/Feb/1643720578_solar.jpg,telegraphindia.com,English,India
https://qz.com/cop27-is-leaving-huge-loopholes-for-greenwashing-1849800189,,COP27 may allow for greenwashing in carbon offsets,20230125T021500Z,"https://i.kinja-img.com/gawker-media/image/upload/c_fill,f_auto,fl_progressive,g_center,h_675,pg_1,q_80,w_1200/de7ef63384c2cffcf4cb76f573691291.jpg",qz.com,English,United States
https://www.eco-business.com/news/world-needs-global-carbon-price-and-tax-reform-for-carbon-heavy-trade-or-will-miss-2030-climate-goals-warns-wto-chief/,,"World needs global carbon price and tax reform for carbon - heavy trade – or will miss 2030 climate goals , warns WTO chief",20230125T024500Z,https://eco-business.imgix.net/ebmedia/fileuploads/Screenshot_2023-01-23_at_10.56.12_AM.png?fit=crop&ixlib=django-1.2.0&q=85,eco-business.com,English,China
https://www.ibtimes.co.uk/britain-eu-unlikely-change-brexit-deal-much-despite-issues-report-1711766,https://amp.ibtimes.co.uk/britain-eu-unlikely-change-brexit-deal-much-despite-issues-report-1711766,"Britain and EU unlikely to change Brexit deal much , despite issues",20230125T031500Z,https://d.ibtimes.co.uk/en/full/1710514/eu-union-jack-flags-are-flown-outside-houses-parliament-london.jpg,ibtimes.co.uk,English,United Kingdom
https://www.socialeurope.eu/towards-a-permanent-eu-investment-fund,,Towards a permanent EU investment fund,20230125T053000Z,https://www.socialeurope.eu/wp-content/uploads/2023/01/SE-13.png,socialeurope.eu,English,United Kingdom
https://technative.io/carbon-credit-marketplace-growth-verifiable-nature-assets/,,Carbon credit marketplace growth needs transparent pricing and verifiable nature assets,20230125T073000Z,https://technative.io/wp-content/uploads/2023/01/AdobeStock_555112078.jpg,technative.io,English,British Indian Ocean Territory
http://www.ruthfullyyours.com/page/8511/,,RUTHFULLY YOURS,20230125T111500Z,,ruthfullyyours.com,English,United States
https://www.tmcnet.com/usubmit/2023/01/25/9748793.htm,,Global Carbon Credit Trading Platform Market Report 2022 : A $200+ Billion Market by 2027 - Increasing Investments in Carbon Capture and Removal Technologies Driving Expansion,20230125T113000Z,,tmcnet.com,English,United States
https://www.prnewswire.com/news-releases/global-carbon-credit-trading-platform-market-report-2022-a-200-billion-market-by-2027---increasing-investments-in-carbon-capture-and-removal-technologies-driving-expansion-301729658.html,,Global Carbon Credit Trading Platform Market Report 2022 : A $200+ Billion Market by 2027 - Increasing Investments in Carbon Capture and Removal Technologies Driving Expansion,20230125T113000Z,,prnewswire.com,English,United States
https://www.marketscreener.com/quote/currency/US-DOLLAR-RUSSIAN-ROUBL-2370597/news/Analyst-EU-carbon-price-forecasts-edge-higher-but-risks-remain-42806799/,https://www.marketscreener.com/amp/quote/currency/US-DOLLAR-RUSSIAN-ROUBL-2370597/news/Analyst-EU-carbon-price-forecasts-edge-higher-but-risks-remain-42806799/,Analyst EU carbon price forecasts edge higher but risks remain,20230125T123000Z,https://img.zonebourse.com/reuters/2021-12/2021-12-16T183856Z_1_LYNXMPEHBF11H_RTROPTP_3_EU-CARBON-POLL.JPG,marketscreener.com,English,
https://www.lexology.com/library/detail.aspx?g=217702ae-c456-4bdd-a6ea-34cccb2a07c6,,Preparing for CBAM,20230125T140000Z,,lexology.com,English,United States
https://www.forbes.com/sites/kensilverstein/2023/01/25/the-carbon-credit-market-confuses-the-corporate-world/,https://www.forbes.com/sites/kensilverstein/2023/01/25/the-carbon-credit-market-confuses-the-corporate-world/amp/,The Carbon Credit Market Confuses The Corporate World,20230125T143000Z,https://imageio.forbes.com/specials-images/imageserve/63d0614173cb77f05736e763/0x0.jpg?format=jpg,forbes.com,English,United States
https://www.perishablenews.com/produce/freshfel-europe-exchange-on-sustainable-and-reliable-logistics-infrastructure-for-fresh-produce/,,Freshfel Europe Exchange on Sustainable and Reliable Logistics Infrastructure for Fresh Produce,20230125T144500Z,https://cdn.perishablenews.com/2023/01/fl123432.jpg,perishablenews.com,English,United States
https://www.sacurrent.com/news/bad-takes-mayor-ron-nirenbergs-failure-to-hold-cps-to-a-renewable-model-shows-lack-of-leadership-30880312,https://www.sacurrent.com/news/bad-takes-mayor-ron-nirenbergs-failure-to-hold-cps-to-a-renewable-model-shows-lack-of-leadership-30880312?media=AMP+HTML,Bad Takes : Mayor Ron Nirenberg failure to hold CPS to a renewable model shows lack of leadership,20230125T144500Z,https://media2.sacurrent.com/sacurrent/imager/u/slideshow/30880314/oci_sols.jpg,sacurrent.com,English,United States
https://www.hellenicshippingnews.com/britain-and-eu-unlikely-to-change-brexit-deal-much-despite-issues-report/,,"Britain and EU unlikely to change Brexit deal much , despite issues – report | Hellenic Shipping News Worldwide",20230125T150000Z,,hellenicshippingnews.com,English,China
https://www.graphic.com.gh/business/business-news/banking-and-capital-markets-outlook.html,,2023 Banking and capital markets outlook,20230125T153000Z,https://www.graphic.com.gh/images/2023/jan/25/charlotte.png,graphic.com.gh,English,Ghana
https://fuelcellsworks.com/news/project-air-to-receive-eur-97-million-under-agreement-with-innovation-fund/,,Project Air To Receive EUR 97 Million Under Agreement With Innovation Fund,20230125T170000Z,https://img.fuelcellsworks.com/wp-content/uploads/2023/01/unnamed-14-6.png,fuelcellsworks.com,English,United States
https://mondovisione.com/media-and-resources/news/ngx-weathers-global-market-downturns-in-2022-makes-strong-showing-with-landmark/,,"NGX Weathers Global Market Downturns In 2022 , Makes Strong Showing With Landmark Listings - 2023 Likely To Be Dawn Of New Day For Market , Nigerian Economy , Says Popoola",20230125T171500Z,,mondovisione.com,English,United States
https://www.manilatimes.net/2023/01/26/opinion/columns/is-the-philippines-ready-for-carbon-pricing/1875888,https://www.manilatimes.net/2023/01/26/opinion/columns/is-the-philippines-ready-for-carbon-pricing/1875888/amp,Is the Philippines ready for carbon pricing ? ,20230125T183000Z,https://www.manilatimes.net/manilatimes/uploads/images/2023/01/25/151552.jpeg,manilatimes.net,English,Philippines
https://news.mongabay.com/2023/01/re-carbonizing-the-sea-scientists-to-start-testing-a-big-ocean-carbon-idea/,https://news.mongabay.com/2023/01/re-carbonizing-the-sea-scientists-to-start-testing-a-big-ocean-carbon-idea/amp/,Re - carbonizing the sea : Scientists to start testing a big ocean carbon idea,20230125T200000Z,https://imgs.mongabay.com/wp-content/uploads/sites/20/2023/01/25133638/coral-reef-768x512.jpg,news.mongabay.com,English,Indonesia
https://www.businessgreen.com/news/4066097/saf-bet-conservative-mps-urge-government-strengthen-jet-zero-plans,,A SAF bet ? Conservative MPs urge government to strengthen  Jet Zero  plans,20230125T200000Z,,businessgreen.com,English,United Kingdom
https://www.muscatdaily.com/2023/01/25/omans-co2-emissions-per-capita-falls-by-16-during-2015-2020/,,Oman CO2 emissions per capita falls by 16 % during 2015 - 2020,20230125T210000Z,https://www.muscatdaily.com/wp-content/uploads/2023/01/PICTURE-800X6003-10.jpg,muscatdaily.com,English,Oman
https://financialregnews.com/intercontinental-exchange-launches-first-carbon-neutral-u-s-electricity-futures-index/,,Intercontinental Exchange launches first carbon - neutral U . S . electricity futures index,20230125T213000Z,https://financialregnews.com/wp-content/uploads/2023/01/shutterstock_1753401491.jpg,financialregnews.com,English,United States
https://businesspost.ng/economy/ngx-develops-framework-for-certifications-in-carbon-credits-trading/,https://businesspost.ng/economy/ngx-develops-framework-for-certifications-in-carbon-credits-trading/amp/,NGX Develops Framework For Certifications In Carbon Credits Trading,20230125T220000Z,https://i0.wp.com/businesspost.ng/wp-content/uploads/2023/01/Carbon-Credits-Trading.png,businesspost.ng,English,Nigeria
http://www.mountvernongazette.com/news/2023/jan/25/holding-line-green-energy-progress/,,Holding the Line on Green Energy Progress,20230125T231500Z,,mountvernongazette.com,English,
http://www.connectionnewspapers.com/news/2023/jan/25/holding-line-green-energy-progress/,,Holding the Line on Green Energy Progress,20230125T234500Z,,connectionnewspapers.com,English,United States
https://news.yahoo.com/energy-environment-biden-restores-protections-232000515.html,https://news.yahoo.com/amphtml/energy-environment-biden-restores-protections-232000515.html,Energy & Environment Biden restores protections to Alaskan national forest,20230126T003000Z,https://media.zenfs.com/en/the_hill_articles_341/dbddcb1cc6b586572df513ae2159dde1,news.yahoo.com,English,United States
https://community.scoop.co.nz/2023/01/general-waste-fee-increase-to-meet-increased-cost-of-disposal/,,Community Scoop » General Waste Fee Increase To Meet Increased Cost Of Disposal,20230126T011500Z,,community.scoop.co.nz,English,New Zealand
https://www.dealstreetasia.com/stories/indonesia-carbon-trading-market-322295,,Indonesia carbon credit market poised for big leap but policy push needed,20230126T030000Z,"https://media.dealstreetasia.com/uploads/2021/09/db7da1a3e8ca4ba98879ed4e116ef544.jpg?fit=2048,1312",dealstreetasia.com,English,India
https://www.capitalpress.com/climate_changed/washington-farmers-dragged-into-cap-and-trade-costs/article_2f3b1042-9cdf-11ed-b3cf-5331f32bd262.html,,Washington farmers dragged into cap - and - trade costs,20230126T031500Z,https://bloximages.newyork1.vip.townnews.com/capitalpress.com/content/tncms/assets/v3/editorial/c/21/c2172850-9d0d-11ed-b715-57d49bf9deda/63d1c50f9e738.image.jpg?crop=1175%2C617%2C0%2C83,capitalpress.com,English,United States
https://www.indiatoday.in/business/budget-2023/story/union-budget-2023-government-india-clean-energy-vision-key-expectations-2326592-2023-01-26,https://www.indiatoday.in/amp/business/budget-2023/story/union-budget-2023-government-india-clean-energy-vision-key-expectations-2326592-2023-01-26,Budget 2023 : How govt can support India clean energy vision,20230126T054500Z,https://akm-img-a-in.tosshub.com/sites/indiatoday/resources/img/default-690x413.png,indiatoday.in,English,India
https://punchng.com/ngx-launches-ussd-integrated-payment-system/,https://punchng.com/ngx-launches-ussd-integrated-payment-system/?amp,NGX launches USSD integrated payment system,20230126T063000Z,https://cdn.punchng.com/wp-content/uploads/2016/10/12191807/Trading-floor-NSE--e1478017543583.jpg,punchng.com,English,Nigeria
https://thenewswire.com/press-releases/1kogFzaGe-star-royalties-announces-record-preliminary-q4-2022-revenues-and-provides-portfolio-update.html,,Star Royalties Announces Record Preliminary Q4 2022 Revenues and Provides Portfolio Update,20230126T140000Z,,thenewswire.com,English,
https://eandt.theiet.org/content/articles/2023/01/climate-policy-ambitions-ramp-up-in-2022-over-clean-energy-arms-race/,,Climate policy ambitions ramping up in clean energy arms race,20230126T141500Z,https://eandt.theiet.org/media/5976/dreamstime_xl_76278897.jpg?anchor=center&mode=crop&rnd=131683536610000000,eandt.theiet.org,English,United Kingdom
https://impactalpha.com/cut-carbon-save-trees-carbon-markets-face-a-reckoning-over-credit-quality-and-impact/,,Voluntary carbon markets face a reckoning over credit quality and environmental impact,20230126T141500Z,https://impactalpha.com/wp-content/uploads/2023/01/forest-g233aef7f3_1920-copy.jpeg,impactalpha.com,English,United States
https://menafn.com/1105481205/How-Californias-Ambitious-New-Climate-Plan-Could-Help-Speed-Energy-Transformation-Around-The-World,,How California Ambitious New Climate Plan Could Help Speed ... ,20230126T144500Z,https://menafn.com/updates/pr/2023-01/26/TC_4eeffimage_story.jpg,menafn.com,English,Qatar
https://www.caledonianrecord.com/opinion/conversation/how-californias-ambitious-new-climate-plan-could-help-speed-energy-transformation-around-the-world/article_d5f057db-1cd0-5923-a476-e1bbe60703d1.html,,How California ambitious new climate plan could help speed energy transformation around the world,20230126T144500Z,https://bloximages.newyork1.vip.townnews.com/caledonianrecord.com/content/tncms/custom/image/97f38b88-9339-11ec-91bb-637c1bf4402d.jpg,caledonianrecord.com,English,United States
https://www.businesstraveller.com/features/carbon-offsets-for-aviation-emissions-arguments-for-and-against/,,Carbon offsets for aviation emissions : arguments for and against – Business Traveller,20230126T154500Z,https://cdn.businesstraveller.com/wp-content/uploads/2023/01/davidstockman-iStock-172183539.jpg,businesstraveller.com,English,United Kingdom
https://www.forbes.com/sites/mariannelehnis/2023/01/26/meet-the-startup-tackling-the-22-billion-super-pollutant--nylon/,https://www.forbes.com/sites/mariannelehnis/2023/01/26/meet-the-startup-tackling-the-22-billion-super-pollutant--nylon/amp/,Meet The Startup Tackling The $22 Billion Super Pollutant – Nylon,20230126T163000Z,https://imageio.forbes.com/specials-images/imageserve/63d192c197f87e5242922d86/0x0.jpg?format=jpg,forbes.com,English,United States
http://theconversation.com/how-californias-ambitious-new-climate-plan-could-help-speed-energy-transformation-around-the-world-197094,https://theconversation.com/amp/how-californias-ambitious-new-climate-plan-could-help-speed-energy-transformation-around-the-world-197094,How California ambitious new climate plan could help speed energy transformation around the world,20230126T171500Z,https://images.theconversation.com/files/503134/original/file-20230104-18-mt4v7i.jpg?ixlib=rb-1.1.0&rect=0%2C383%2C4822%2C2411&q=45&auto=format&fit=crop,theconversation.com,English,Australia
https://www.sej.org/headlines/bill-withdraw-va-carbon-trading-program-dies-state-committee,,Bill To Withdraw Va . From Carbon - Trading Program Dies In State Committee,20230126T171500Z,,sej.org,English,United States
https://www.marketscreener.com/quote/stock/STAR-ROYALTIES-LTD-119139219/news/Star-Royalties-Announces-Record-Preliminary-Q4-2022-Revenues-and-Provides-Portfolio-Update-42820042/,https://www.marketscreener.com/amp/quote/stock/STAR-ROYALTIES-LTD-119139219/news/Star-Royalties-Announces-Record-Preliminary-Q4-2022-Revenues-and-Provides-Portfolio-Update-42820042/,Star Royalties Announces Record Preliminary Q4 2022 Revenues and Provides Portfolio Update,20230126T171500Z,https://www.marketscreener.com/images/twitter_MS_fdgris.png,marketscreener.com,English,
https://www.vanguardngr.com/2023/01/ngx-weathers-global-market-downturns-in-2022/,https://www.vanguardngr.com/2023/01/ngx-weathers-global-market-downturns-in-2022/amp/,NGX weathers global market downturns in 2022,20230126T181500Z,https://cdn.vanguardngr.com/wp-content/uploads/2021/09/NGX-1.png,vanguardngr.com,English,Nigeria
https://www.bondbuyer.com/news/alaska-governor-wants-state-to-play-in-carbon-markets,,Alaska governor wants state to play in carbon markets,20230126T183000Z,https://source-media-brightspot.s3.amazonaws.com/0c/aa/6fad078b4fd7a91e92d728dc423e/alaska-gov. Mike Dunleavy-Bloomberg.jpg,bondbuyer.com,English,United States
https://www.nationalobserver.com/newsletters/zero-carbon/2023/01/20/big-lie-and-other-whoppers,,The  Big Lie  and other whoppers | Canada National Observer : News & Analysis,20230126T183000Z,,nationalobserver.com,English,Canada
https://www.theguardian.com/commentisfree/2023/jan/26/the-guardian-view-on-carbon-offsetting-a-model-with-dangerous-flaws,https://amp.theguardian.com/commentisfree/2023/jan/26/the-guardian-view-on-carbon-offsetting-a-model-with-dangerous-flaws,The Guardian view on carbon offsetting : a model with dangerous flaws | Editorial,20230126T191500Z,https://i.guim.co.uk/img/media/b63634189d7e7f502db81331a3252ec3064001d2/0_564_8640_5184/master/8640.jpg?&quality=85&auto=format&fit=crop&overlay-align=bottom%2Cleft&overlay-width=100p&overlay-base64=L2ltZy9zdGF0aWMvb3ZlcmxheXMvdGctb3BpbmlvbnMucG5n&enable=upscale&s=cde5d2f7b21fa958322229647181dcc6,theguardian.com,English,United Kingdom
https://www.jdsupra.com/legalnews/eu-reaches-provisional-agreement-on-5016780/,,EU Reaches Provisional Agreement on Carbon Import Charge | Akin Gump Strauss Hauer & Feld LLP,20230126T201500Z,https://jdsupra-static.s3.amazonaws.com/profile-images/og.15281_476.jpg,jdsupra.com,English,United States
https://www.thestandard.com.hk/section-news/section/11/249288/Stock-Connect-to-expand-amid-IPO-recovery,,Stock Connect to expand amid IPO recovery,20230126T234500Z,https://www.thestandard.com.hk/newsImage/20230127/50079005contentPhoto1.jpg,thestandard.com.hk,English,Hong Kong
https://moderndiplomacy.eu/2023/01/27/free-market-capitalism-and-climate-crisis/,https://moderndiplomacy.eu/2023/01/27/free-market-capitalism-and-climate-crisis/amp/,Free - Market Capitalism and Climate Crisis - Modern Diplomacy,20230127T043000Z,https://moderndiplomacy.eu/wp-content/uploads/2018/04/stockmarket.jpg,moderndiplomacy.eu,English,Russia
https://www.eenews.net/articles/page/1519/,,Articles Archive,20230127T043000Z,,eenews.net,English,United States
https://www.khq.com/news/spokane-seeks-exemption-from-emissions-cap-and-trade-program-for-waste-to-energy-facility/article_ff005ba6-9df8-11ed-9f91-83087907c8ea.html,,Spokane seeks exemption from emissions cap - and - trade program for Waste to Energy facility,20230127T053000Z,https://bloximages.newyork1.vip.townnews.com/khq.com/content/tncms/assets/v3/editorial/4/d8/4d8216b6-9df9-11ed-8b09-472866b6534e/63d3506d6164b.image.png?crop=1280%2C672%2C0%2C23,khq.com,English,United States
https://www.nbcdfw.com/news/business/money-report/microsoft-and-arcelormittal-back-mit-spinout-trying-to-green-the-1-6-trillion-steel-industry/3180034/,https://www.nbcdfw.com/news/business/money-report/microsoft-and-arcelormittal-back-mit-spinout-trying-to-green-the-1-6-trillion-steel-industry/3180034/?amp=1,Microsoft and ArcelorMittal Back MIT Spinout Trying to Green the $1 . 6 Trillion Steel Industry,20230127T054500Z,https://media.nbcdfw.com/2023/01/107184734-1674764229702-Boston_Metal_-_Tapping_Metal.jpg?quality=85&strip=all,nbcdfw.com,English,United States
https://www.nbcchicago.com/news/business/money-report/microsoft-and-arcelormittal-back-mit-spinout-trying-to-green-the-1-6-trillion-steel-industry/3056502/,https://www.nbcchicago.com/news/business/money-report/microsoft-and-arcelormittal-back-mit-spinout-trying-to-green-the-1-6-trillion-steel-industry/3056502/?amp=1,Microsoft and ArcelorMittal Back MIT Spinout Trying to Green the $1 . 6 Trillion Steel Industry,20230127T063000Z,https://media.nbcchicago.com/2023/01/107184734-1674764229702-Boston_Metal_-_Tapping_Metal.jpg?quality=85&strip=all,nbcchicago.com,English,United States
https://www.nbcconnecticut.com/news/business/money-report/microsoft-and-arcelormittal-back-mit-spinout-trying-to-green-the-1-6-trillion-steel-industry/2963316/,https://www.nbcconnecticut.com/news/business/money-report/microsoft-and-arcelormittal-back-mit-spinout-trying-to-green-the-1-6-trillion-steel-industry/2963316/?amp=1,Microsoft and ArcelorMittal Back MIT Spinout Trying to Green the $1 . 6 Trillion Steel Industry,20230127T071500Z,https://media.nbcconnecticut.com/2023/01/107184734-1674764229702-Boston_Metal_-_Tapping_Metal.jpg?quality=85&strip=all,nbcconnecticut.com,English,United States
https://www.nbclosangeles.com/news/business/money-report/microsoft-and-arcelormittal-back-mit-spinout-trying-to-green-the-1-6-trillion-steel-industry/3082837/,https://www.nbclosangeles.com/news/business/money-report/microsoft-and-arcelormittal-back-mit-spinout-trying-to-green-the-1-6-trillion-steel-industry/3082837/?amp=1,Microsoft and ArcelorMittal Back MIT Spinout Trying to Green the $1 . 6 Trillion Steel Industry,20230127T071500Z,https://media.nbclosangeles.com/2023/01/107184734-1674764229702-Boston_Metal_-_Tapping_Metal.jpg?quality=85&strip=all,nbclosangeles.com,English,United States
https://www.nbcphiladelphia.com/news/business/money-report/microsoft-and-arcelormittal-back-mit-spinout-trying-to-green-the-1-6-trillion-steel-industry/3483711/,https://www.nbcphiladelphia.com/news/business/money-report/microsoft-and-arcelormittal-back-mit-spinout-trying-to-green-the-1-6-trillion-steel-industry/3483711/?amp=1,Microsoft and ArcelorMittal Back MIT Spinout Trying to Green the $1 . 6 Trillion Steel Industry,20230127T073000Z,https://media.nbcphiladelphia.com/2023/01/107184734-1674764229702-Boston_Metal_-_Tapping_Metal.jpg?quality=85&strip=all,nbcphiladelphia.com,English,United States
https://www.eastoregonian.com/news/agriculture/washington-farmers-dragged-into-cap-and-trade-costs/article_2b88a50d-9f5e-574e-8e64-98dd98356fbb.html,,Washington farmers dragged into cap - and - trade costs,20230127T084500Z,https://bloximages.newyork1.vip.townnews.com/eastoregonian.com/content/tncms/assets/v3/editorial/2/07/20713a8b-447c-5e69-b9f9-414c33f4020f/63d30828054a1.image.jpg?crop=1175%2C617%2C0%2C83,eastoregonian.com,English,United States
https://www.lexology.com/library/detail.aspx?g=9176f5c3-0bdb-4bf0-babd-c07398e470fa,,CFTC Chair Confirms CFTC Planned Involvement in Policing the U . S . Carbon Markets,20230127T084500Z,,lexology.com,English,United States
http://www.ruthfullyyours.com/page/8514/,,RUTHFULLY YOURS,20230127T100000Z,,ruthfullyyours.com,English,United States
https://en.vietnamplus.vn/malaysia-indonesia-to-discuss-crude-palm-oil-benchmark-pricing/247478.vnp,https://en.vietnamplus.vn/malaysia-indonesia-to-discuss-crude-palm-oil-benchmark-pricing/247478.amp,"Malaysia , Indonesia to discuss crude palm oil benchmark pricing | World",20230127T110000Z,,en.vietnamplus.vn,English,Vietnam
https://www.businessgreen.com/news/4066200/climate-policy-momentum-builds-us-eu-embark-clean-energy-race,,Climate policy momentum builds as US and EU embark on clean energy  race to the top  ,20230127T141500Z,,businessgreen.com,English,United Kingdom
https://www.nationalobserver.com/2023/01/27/opinion/chatgpt-loss-words-when-it-comes-big-oil,,ChatGPT at a loss for words when it comes to Big Oil,20230127T141500Z,https://www.nationalobserver.com/sites/nationalobserver.com/files/styles/nat_social/public/img/2023/01/25/carbon_dioxide_pollution_pexels-pixabay-39553.jpg?itok=Zdb8qq1R,nationalobserver.com,English,Canada
https://www.upi.com/Voices/2023/01/27/California-climate-plan-energy/6571674823905/,https://www.upi.com/amp/Voices/2023/01/27/California-climate-plan-energy/6571674823905/,California new climate plan could help speed world energy transformation,20230127T151500Z,https://cdnph.upi.com/sv/ph/og/upi_com/6571674823905/2023/1/2ec0976fedd7d6d3822504096b19eea3/v1.5/Californias-new-climate-plan-could-help-speed-worlds-energy-transformation.jpg,upi.com,English,United States
https://www.architectureanddesign.com.au/features/features-articles/the-world-s-carbon-price-is-a-fraction,,The world carbon price is a fraction of what we need – because only a fifth of global emissions are priced,20230127T171500Z,http://www.architectureanddesign.com.au/getmedia/8f55a339-79d2-471e-b182-8b4fe0568381/Screen-Shot-2023-01-27-at-12-10-22-pm.aspx?&ext=.png,architectureanddesign.com.au,English,Australia
https://capitalandmain.com/even-after-floods-hit-state-california-plans-cuts-to-climate-investments,,"Even After Floods Hit State , California Plans Cuts To Climate Investments",20230127T180000Z,https://capitalandmain.com/wp-content/uploads/2023/01/GettyImages-1456250695-scaled.jpg,capitalandmain.com,English,United States
https://www.natlawreview.com/article/cftc-chair-confirms-cftc-s-planned-involvement-policing-us-carbon-markets,https://www.natlawreview.com/article/cftc-chair-confirms-cftc-s-planned-involvement-policing-us-carbon-markets?amp,Carbon Market Regulations Coming from CFTC,20230127T180000Z,https://www.natlawreview.com/sites/default/files/article/aux/22623/Solar%20Panels%20parking%20electric%20car%20renewable%20energy%20carbon%20footprint_1.jpg,natlawreview.com,English,United States
https://timesofindia.indiatimes.com/blogs/voices/what-is-carbon-financing-and-how-does-it-work/,,What is Carbon Financing and how does it work ? ,20230127T184500Z,https://static.toiimg.com/photo/75433510.cms,timesofindia.indiatimes.com,English,India
https://www.marinelog.com/perspectives/op-eds/op-ed-fuels-emissions-and-sustainability/,,"Op - Ed : Fuels , emissions and sustainability",20230127T191500Z,https://www.marinelog.com/wp-content/uploads/2023/01/Nathan-Wood-1.png,marinelog.com,English,United States
https://kiowacountypress.net/content/how-california%E2%80%99s-ambitious-new-climate-plan-could-help-speed-energy-transformation-around-,,How California ambitious new climate plan could help speed energy transformation around the world | Kiowa County Press,20230127T191500Z,,kiowacountypress.net,English,United States
https://bundabergtoday.com.au/news/2023/01/28/its-high-time-our-farmers-stopped-jumping-through-hoops/,,It high time our farmers stopped jumping through hoops,20230127T194500Z,https://bundabergtoday.com.au/wp-content/uploads/2023/01/dinkusBUn_255503_03-1.jpg,bundabergtoday.com.au,English,
https://www.manufacturing.net:443/energy/news/22671239/how-californias-new-climate-plan-could-help-speed-energy-transformation-around-the-world,,How California New Climate Plan Could Help Speed Energy Transformation Around the World,20230127T194500Z,https://img.manufacturing.net/files/base/indm/multi/image/2023/01/iStock_1443326866.63d2a66c2aec7.png?auto=format%2Ccompress&fit=max&q=70&rect=57%2C0%2C1803%2C1014,manufacturing.net,English,United States
https://www.insidermonkey.com/blog/gaslog-partners-lp-nyseglop-q4-2022-earnings-call-transcript-1112366/,,GasLog Partners LP ( NYSE : GLOP ) Q4 2022 Earnings Call Transcript,20230127T194500Z,https://d2gr5kl7dt2z3t.cloudfront.net/blog/wp-content/uploads/2017/04/02092315/shutterstock_532722859.jpg,insidermonkey.com,English,United States
https://techxplore.com/news/2023-01-california-ambitious-climate-energy-world.html,https://techxplore.com/news/2023-01-california-ambitious-climate-energy-world.amp,How California ambitious new climate plan could help speed energy transformation around the world,20230127T211500Z,https://scx2.b-cdn.net/gfx/news/2023/how-californias-ambiti.jpg,techxplore.com,English,United States
https://www.wbtmdanville.com/2023/01/27/new-poll-shows-that-virginians-give-youngkin-solid-marks-and-reflects-they-think-the-state-is-heading-in-the-right-direction/,,New Poll Shows that Virginians Give Youngkin Solid Marks and Reflects they Think the State is Heading in the Right Direction,20230127T211500Z,https://dehayf5mhw1h7.cloudfront.net/wp-content/uploads/sites/1361/2022/01/18034200/youngkin-AP-Helber.jpeg,wbtmdanville.com,English,United States
https://www.lexology.com/library/detail.aspx?g=96471b59-e925-4c1f-8267-33da449d87b5,,Environment | united kingdom regulatory outlook January 2023,20230127T213000Z,,lexology.com,English,United States
https://www.bain.com/insights/carbon-offsets-and-credits-in-the-GCC/,,Carbon Offsets and Credits in the GCC,20230127T213000Z,https://www.bain.com/contentassets/80318907cd894084b78c0524644990b2/16_9---1440-x-810px.jpg,bain.com,English,
https://www.jdsupra.com/legalnews/esg-market-alert-january-2023-7227406/,,ESG Market Alert – January 2023 | Hogan Lovells,20230127T214500Z,https://jdsupra-static.s3.amazonaws.com/profile-images/og.15723_926.jpg,jdsupra.com,English,United States
https://japantoday.com/category/features/opinions/as-us-eu-trade-tensions-rise-conflicting-carbon-tariffs-could-undermine-climate-efforts,,"As U . S .- EU trade tensions rise , conflicting carbon tariffs could undermine climate efforts",20230127T214500Z,https://jt00.scdn6.secure.raxcdn.com/images/japan-today-social.jpg,japantoday.com,English,Japan
https://www.jdsupra.com/legalnews/cftc-chair-confirms-cftc-s-planned-5812585/,,"CFTC Chair Confirms CFTC Planned Involvement in Policing the U . S . Carbon Markets | Cadwalader , Wickersham & Taft LLP",20230127T223000Z,https://jdsupra-static.s3.amazonaws.com/profile-images/og.12314_4540.jpg,jdsupra.com,English,United States
https://www.wakg.com/2023/01/27/new-poll-shows-that-virginians-give-youngkin-solid-marks-and-reflects-they-think-the-state-is-heading-in-the-right-direction/,,New Poll Shows that Virginians Give Youngkin Solid Marks and Reflects they Think the State is Heading in the Right Direction,20230127T223000Z,https://dehayf5mhw1h7.cloudfront.net/wp-content/uploads/sites/1353/2023/01/27175419/youngkin-AP-Helber.jpeg,wakg.com,English,United States
https://www.washingtonpost.com/dc-md-va/2023/01/27/virginians-like-youngkin-more-than-his-policies-poll-finds/,,"Virginians like Youngkin more than his policies , poll finds",20230128T001500Z,https://arc-anglerfish-washpost-prod-washpost.s3.amazonaws.com/public/KJFXEFEQEYPQ6NEG5F6OPO3H4Q.jpg,washingtonpost.com,English,United States
https://mustreadalaska.com/rep-peltola-skips-out-on-vote-to-protect-strategic-petroleum-reserve/,,Rep . Peltola skips out on vote to protect Strategic Petroleum Reserve,20230128T004500Z,https://mustreadalaska.com/wp-content/uploads/2023/01/Mary-Peltola-coffee-cup-1.jpg,mustreadalaska.com,English,United States
http://www.alexandriagazette.com/news/2023/jan/25/holding-line-green-energy-progress/,,Holding the Line on Green Energy Progress,20230128T034500Z,,alexandriagazette.com,English,United States
https://mustreadalaska.com/dunleavy-hopes-to-inject-carbon-storage-into-new-revenue-discussions-with-legislature/,,Dunleavy hopes to inject carbon storage into new revenue discussions with Legislature,20230128T051500Z,https://mustreadalaska.com/wp-content/uploads/2023/01/hilcorp-cook-inlet.jpg,mustreadalaska.com,English,United States
https://www.thehindubusinessline.com/economy/agri-business/how-prepared-is-the-agriculture-sector-in-carbon-trading/article66442693.ece,https://www.thehindubusinessline.com/economy/agri-business/how-prepared-is-the-agriculture-sector-in-carbon-trading/article66442693.ece/amp/,How prepared is the agriculture sector in carbon trading ? - The Hindu BusinessLine,20230128T073000Z,https://bl-i.thgim.com/public/incoming/v5oked/article66361910.ece/alternates/LANDSCAPE_1200/IMG_FLOWERS_2_1_OJAJ114I.jpg,thehindubusinessline.com,English,India
https://en.vietnamplus.vn/prague-airport-wants-to-open-direct-air-routes-to-vietnam/247517.vnp,https://en.vietnamplus.vn/prague-airport-wants-to-open-direct-air-routes-to-vietnam/247517.amp,Prague Airport wants to open direct air routes to Vietnam | World,20230128T090000Z,,en.vietnamplus.vn,English,Vietnam
https://gulfnews.com/business/analysis/middle-east-businesses-have-to-script-a-full-on-esg-strategy---there-is-not-much-time-left-to-get-on-it-1.93504464,https://gulfnews.com/amp/business/analysis/middle-east-businesses-have-to-script-a-full-on-esg-strategy---there-is-not-much-time-left-to-get-on-it-1.93504464,Middle East businesses have to script a full - on ESG strategy - there is not much time left to get on it,20230128T093000Z,https://imagevars.gulfnews.com/2023/01/28/George-Kotsolios_185f7a62e50_medium.jpg,gulfnews.com,English,United Arab Emirates
https://www.barandbench.com/columns/reviewing-the-energy-conservation-amendment-bill-2022,https://www.barandbench.com/amp/story/columns/reviewing-the-energy-conservation-amendment-bill-2022,"Reviewing the Energy Conservation ( Amendment ) Bill , 2022",20230128T094500Z,https://gumlet.assettype.com/barandbench%2F2020-03%2F45d3aeaf-c5b4-4709-bf21-e48c8eec90c6%2FParliament_1.jpg?rect=0%2C182%2C2560%2C1344&auto=format%2Ccompress&ogImage=true&enlarge=true,barandbench.com,English,India
https://www.news24.com/fin24/climate_future/solutions/opinion-when-it-comes-to-carbon-credits-absence-makes-the-price-fall-further-20230128,/amp/fin24/climate_future/solutions/opinion-when-it-comes-to-carbon-credits-absence-makes-the-price-fall-further-20230128,"OPINION | When it comes to carbon credits , absence makes the price fall further",20230128T133000Z,https://cdn.24.co.za/files/Cms/General/d/3523/07f0a07d40aa4bfab314bb46870d7dd1.jpg,news24.com,English,South Africa
https://www.orfonline.org/research/enm-volume-xix-issue-30/,https://www.orfonline.org/research/enm-volume-xix-issue-30/?amp,"Energy News Monitor | Volume XIX , Issue 30",20230128T160000Z,https://www.orfonline.org/wp-content/uploads/2023/01/img-discom.jpg,orfonline.org,English,India
https://richmond.com/opinion/columnists/column-virginia-can-achieve-energy-affordability/article_cb5d9120-9d98-11ed-9761-ff91884e22d9.html,,Column : Virginia can achieve energy affordability,20230128T184500Z,https://bloximages.newyork1.vip.townnews.com/richmond.com/content/tncms/assets/v3/editorial/c/b5/cb5d9120-9d98-11ed-9761-ff91884e22d9/63d2b1bab7a7a.preview.jpg?crop=731%2C384%2C270%2C275,richmond.com,English,United States
https://www.ndtv.com/business/wef-2023-experts-pitch-for-carbon-pricing-standards-to-accelerate-green-energy-3708062,https://www.ndtv.com/business/wef-2023-experts-pitch-for-carbon-pricing-standards-to-accelerate-green-energy-3708062/amp/1,"World Economic Forum , Davos 2023 : Experts Put Emphasis On Carbon Pricing To Help Cut Emissions",20230128T193000Z,"https://c.ndtvimg.com/2023-01/4p06n9fo_world-economic-forum-latest_625x300_20_January_23.jpg?im=FitAndFill,algorithm=dnn,width=1200,height=675?ver-20221221.02",ndtv.com,English,India
https://en.vietnamplus.vn/thailand-selects-three-localities-for-hosting-sea-games-2025/247473.vnp,https://en.vietnamplus.vn/thailand-selects-three-localities-for-hosting-sea-games-2025/247473.amp,Thailand selects three localities for hosting SEA Games 2025 | World,20230128T223000Z,,en.vietnamplus.vn,English,Vietnam
https://en.vietnamplus.vn/malaysia-air-passenger-traffic-hits-record-high-in-2022/247502.vnp,https://en.vietnamplus.vn/malaysia-air-passenger-traffic-hits-record-high-in-2022/247502.amp,Malaysia : Air passenger traffic hits record high in 2022 | World,20230128T223000Z,,en.vietnamplus.vn,English,Vietnam
http://www.tradearabia.com/news/BANK_405558.html,,GCC will continue to outperform global economy : FAB,20230129T001500Z,,tradearabia.com,English,United Arab Emirates
https://www.bakersfield.com/ap/news/global-carbon-credit-trading-platform-market-research-report-2022-featuring-market-leaders---nasdaq/article_665f061e-0b40-5cb3-82bf-1d8d143771ed.html,,"Global Carbon Credit Trading Platform Market Research Report 2022 Featuring Market Leaders - Nasdaq , CME Group , AirCarbon Exchange , Carbon Trade Exchange , and Xpansiv - ResearchAndMarkets . com",20230129T064500Z,https://bloximages.newyork1.vip.townnews.com/bakersfield.com/content/tncms/custom/image/d09180fc-6bee-11e7-8b72-ff928e2e17d5.png,bakersfield.com,English,United States
https://www.scmp.com/news/china/science/article/3208348/eu-exports-environmental-damage-while-keeping-economic-benefits-study-finds,https://amp.scmp.com/news/china/science/article/3208348/eu-exports-environmental-damage-while-keeping-economic-benefits-study-finds,"EU exports environmental damage while keeping economic benefits , study finds",20230129T073000Z,https://cdn.i-scmp.com/sites/default/files/styles/og_image_scmp_generic/public/d8/images/canvas/2023/01/29/d0777c50-1b94-49d5-8878-ea06a61942ef_f36819c4.jpg?itok=Xn8FBGqd&v=1674970253,scmp.com,English,China
https://www.aljazeera.com/opinions/2023/1/29/greening-ourselves-to-extinction,https://www.aljazeera.com/amp/opinions/2023/1/29/greening-ourselves-to-extinction,We are  greening  ourselves to extinction | Opinions,20230129T103000Z,https://www.aljazeera.com/wp-content/uploads/2023/01/2021-09-08T100100Z_1137457244_RC237P9E1KXJ_RTRMADP_3_USA-CLIMATE-WILDFIRES-TREES.jpg,aljazeera.com,English,United States
https://www.bakersfield.com/opinion/community-voices/other-voices-state-nowhere-near-meeting-unrealistic-energy-goals-and-that-s-a-good-thing/article_f63ad8c2-9dd8-11ed-b951-777fc372bab3.html,https://www.bakersfield.com/opinion/community-voices/other-voices-state-nowhere-near-meeting-unrealistic-energy-goals-and-that-s-a-good-thing/article_f63ad8c2-9dd8-11ed-b951-777fc372bab3.amp.html,"Other Voices : State nowhere near meeting unrealistic energy goals , and that a good thing | Community Voices",20230129T104500Z,https://bloximages.newyork1.vip.townnews.com/bakersfield.com/content/tncms/assets/v3/editorial/5/e1/5e1821b2-1e5d-11ed-b06d-df86d84ab9c4/62fd384bbe751.image.jpg?crop=1389%2C729%2C0%2C380,bakersfield.com,English,United States
https://www.gov.uk/government/news/net-zero-review-uk-could-do-more-to-reap-economic-benefits-of-green-growth,,Net Zero Review : united kingdom could do more to reap economic benefits of green growth,20230129T121500Z,https://www.gov.uk/assets/static/govuk-opengraph-image-dade2dad5775023b0568381c4c074b86318194edb36d3d68df721eea7deeac4b.png,gov.uk,English,United Kingdom
https://news.yahoo.com/california-climate-first-suffer-newsom-130000178.html,https://news.yahoo.com/amphtml/california-climate-first-suffer-newsom-130000178.html,California climate is the first to suffer in Newsom proposed budget cuts,20230129T141500Z,https://media.zenfs.com/en/sacramento_bee_mcclatchy_569/a34db3dba0fb1f8c3ada8d4435c46978,news.yahoo.com,English,United States
https://www.newsminer.com/news/politics/dunleavy-talks-carbon-offsets-alaska-growth-education/article_84b1891a-9f3d-11ed-af60-ef5bd3b12bbc.html,,"Dunleavy talks carbon offsets , Alaska growth , education",20230129T170000Z,https://bloximages.newyork1.vip.townnews.com/newsminer.com/content/tncms/assets/v3/editorial/2/aa/2aa5a56c-9f3f-11ed-8a83-1b329802ee77/63d572b489565.image.jpg?crop=1632%2C857%2C0%2C206,newsminer.com,English,United States
https://www.thehindubusinessline.com/companies/financing-e-buses-will-need-25000-crore-former-ceo-cesl/article66446547.ece,https://www.thehindubusinessline.com/companies/financing-e-buses-will-need-25000-crore-former-ceo-cesl/article66446547.ece/amp/,"Financing e - buses will need ₹25 , 000 crore : Former CEO , CESL - The Hindu BusinessLine",20230129T173000Z,https://bl-i.thgim.com/public/incoming/t1xejx/article66446546.ece/alternates/LANDSCAPE_1200/Mahua.jpg,thehindubusinessline.com,English,India
https://www.businessdailyafrica.com/bd/markets/commodities/northern-kenya-conservancies-eye-pie-of-carbon-credit--4103440,https://www.businessdailyafrica.com/bd/markets/commodities/northern-kenya-conservancies-eye-pie-of-carbon-credit--4103440?view=htmlamp,Northern Kenya conservancies eye pie of carbon credit billions,20230129T221500Z,https://www.businessdailyafrica.com/resource/blob/4103452/bb9d7c344821f40316a44764ef0ee83c/rhino-data.jpg,businessdailyafrica.com,English,Kenya
https://www.heritage.org/environment/report/energy-amendments-inconsistent-economic-and-energy-security,,Energy Amendments Inconsistent with Economic and Energy Security,20230130T010000Z,https://www.heritage.org/themes/heritage/src/images/bell.png,heritage.org,English,United States
https://www.eco-business.com/opinion/voluntary-carbon-markets-a-misunderstood-climate-solution/,,Voluntary carbon markets : a misunderstood climate solution,20230130T020000Z,https://eco-business.imgix.net/ebmedia/fileuploads/Screenshot_2023-01-20_at_5.45.56_PM.png?fit=crop&ixlib=django-1.2.0&q=85,eco-business.com,English,China
https://www.mondaq.com/energy-law/1268706/recent-developments-in-singapore-green-energy-transition,,Recent Developments In Singapore Green Energy Transition - Energy Law,20230130T030000Z,,mondaq.com,English,United States
https://www.businesswire.com/news/home/20230124005660/en/Global-Carbon-Credit-Trading-Platform-Market-Research-Report-2022-Featuring-Market-Leaders---Nasdaq-CME-Group-AirCarbon-Exchange-Carbon-Trade-Exchange-and-Xpansiv---ResearchAndMarkets.com,,"Global Carbon Credit Trading Platform Market Research Report 2022 Featuring Market Leaders - Nasdaq , CME Group , AirCarbon Exchange , Carbon Trade Exchange , and Xpansiv - ResearchAndMarkets . com",20230130T043000Z,,businesswire.com,English,United States
https://www.singaporestar.com/news/273454092/interopera-inks-strategic-mou-with-daol-thailand,,InterOpera inks strategic MOU with DAOL ( THAILAND ) ,20230130T043000Z,,singaporestar.com,English,Singapore
https://www.tmcnet.com/usubmit/2023/01/29/9750821.htm,,InterOpera inks strategic MOU with DAOL ( THAILAND ) ,20230130T050000Z,https://mma.prnewswire.com/media/1990453/Mr_Will_Lee_Founder_CEO_InterOpera__Left__Mr_Isara_Pudtalsri.jpg,tmcnet.com,English,United States
https://www.asiabulletin.com/news/273454092/interopera-inks-strategic-mou-with-daol-thailand,,InterOpera inks strategic MOU with DAOL ( THAILAND ) ,20230130T061500Z,,asiabulletin.com,English,China
https://www.australiannews.net/news/273454092/interopera-inks-strategic-mou-with-daol-thailand,,InterOpera inks strategic MOU with DAOL ( THAILAND ) ,20230130T063000Z,,australiannews.net,English,Australia
https://www.malaysiasun.com/news/273454092/interopera-inks-strategic-mou-with-daol-thailand,,InterOpera inks strategic MOU with DAOL ( THAILAND ) ,20230130T071500Z,,malaysiasun.com,English,Malaysia
https://www.vietnamtribune.com/news/273454092/interopera-inks-strategic-mou-with-daol-thailand,,InterOpera inks strategic MOU with DAOL ( THAILAND ) ,20230130T071500Z,,vietnamtribune.com,English,Vietnam
https://www.sydneysun.com/news/273454092/interopera-inks-strategic-mou-with-daol-thailand,,InterOpera inks strategic MOU with DAOL ( THAILAND ) ,20230130T073000Z,,sydneysun.com,English,Australia
https://www.politics.co.uk/mp-comment/2023/01/30/we-can-keep-britain-flying-while-tackling-climate-change/,,We can keep Britain flying while tackling climate change,20230130T090000Z,https://www.politics.co.uk/wp-content/uploads/2021/02/Plane.jpg,politics.co.uk,English,United Kingdom
https://www.philippinetimes.com/news/273454092/interopera-inks-strategic-mou-with-daol-thailand,,InterOpera inks strategic MOU with DAOL ( THAILAND ) ,20230130T093000Z,,philippinetimes.com,English,Philippines
https://www.digitaljournal.com/pr/news/carbon-offset-or-carbon-credit-trading-service-market-size-share-growth-statistics-by-top-key-players-aera-group-bioassets-forest-carbon,,"Carbon Offset or Carbon Credit Trading Service Market Size , Share , Growth Statistics By Top Key Players",20230130T114500Z,,digitaljournal.com,English,United States
https://www.mondaq.com/unitedstates/commoditiesderivativesstock-exchanges/1276348/cftc-chair-confirms-cftcs-planned-involvement-in-policing-the-us-carbon-markets,,CFTC Chair Confirms CFTC Planned Involvement In Policing The U . S . Carbon Markets - Commodities / Derivatives / Stock Exchanges,20230130T121500Z,,mondaq.com,English,United States
https://newhampshirebulletin.com/2023/01/30/how-californias-new-climate-plan-could-help-speed-energy-transformation-around-the-world/,,How California new climate plan could help speed energy transformation around the world – New Hampshire Bulletin,20230130T124500Z,https://newhampshirebulletin.com/wp-content/uploads/2023/01/convcalifenergy.png,newhampshirebulletin.com,English,
https://www.lexology.com/library/detail.aspx?g=f97e06ed-75b1-4e94-b675-280b440f4ad8,,"Spotlight : climate change law , regulation and policy in Portugal",20230130T130000Z,,lexology.com,English,United States
https://www.drishtiias.com/daily-updates/daily-news-editorials/carbon-trading-in-the-agriculture-sector,,Carbon Trading in the Agriculture Sector,20230130T143000Z,,drishtiias.com,English,
https://newsroom.bankofamerica.com/content/newsroom/press-releases/2023/01/xpansiv-completes-acquisition-of-evolution-markets--closes-capit.html,,"Xpansiv Completes Acquisition of Evolution Markets , Closes Capital Raise with New Investors Bank of America , and Goldman Sachs",20230130T143000Z,https://newsroom.bankofamerica.com/content/dam/newsroom/images/banners/ESG021.jpg,newsroom.bankofamerica.com,English,United States
https://dollarsandsense.sg/business/coping-with-rising-business-costs-what-firms-want-for-singapore-budget-2023/,,Coping With Rising Business Costs : What Firms Want For Singapore Budget 2023,20230130T151500Z,https://dollarsandsense.sg/business/wp-content/uploads/2023/01/swapnil-bapat-yzi1wY0HREk-unsplash.jpg,dollarsandsense.sg,English,Singapore
https://www.digitaljournal.com/pr/news/trading-of-carbon-credit-market-2023-pestel-analysis-and-forecast-by-2029,,Trading of Carbon Credit Market 2023 PESTEL Analysis and Forecast by 2029,20230130T151500Z,,digitaljournal.com,English,United States
https://www.adgully.com/budget-2023-what-new-age-companies-wishlist-for-the-finance-minister-looks-like-127906.html,https://www.adgully.com/budget-2023-what-new-age-companies-wishlist-for-the-finance-minister-looks-like-127906.html?amp=1,Budget 2023 : What new age companie wishlist for the Finance Minister looks like ? ,20230130T151500Z,https://www.adgully.com/img/800/202301/union-budget-2023.png.jpg,adgully.com,English,India
https://www.lexology.com/library/detail.aspx?g=757467c0-ec9a-4d11-acc7-f05916c40674,,"Spotlight : climate change law , regulation and policy in United Kingdom",20230130T153000Z,,lexology.com,English,United States
https://www.resilience.org/stories/2023-01-30/why-biodiversity/,,Why Biodiversity ? ,20230130T153000Z,https://www.resilience.org/wp-content/uploads/2023/01/Florida_panther_5164633394_cropped.jpg,resilience.org,English,United States
https://runwaygirlnetwork.com/2023/01/jetcraft-carbon-neutrality-azerra/,,Jetcraft eyes carbon neutrality with offsetting experts Azerra,20230130T163000Z,https://runwaygirlnetwork.com/wp-content/uploads/2023/01/01-Image-of-wind-turbines.png,runwaygirlnetwork.com,English,United States
https://www.etftrends.com/climate-insights-channel/teslas-carbon-credit-revenue-highlights-opportunities-in-this-etf/,https://www.etftrends.com/climate-insights-channel/teslas-carbon-credit-revenue-highlights-opportunities-in-this-etf/amp/,Tesla Carbon Credit Revenue Highlights Opportunities in This ETF,20230130T173000Z,https://www.etftrends.com/wp-content/uploads/2023/01/Teslas-Carbon-Credit-Revenue-Highlights-Opportunities-in-This-ETF.jpg,etftrends.com,English,China
https://www.lexology.com/library/detail.aspx?g=b1f27f89-bfb3-4f2e-87cf-b4e1e5c9c048,,Shipping update January 2023,20230130T173000Z,,lexology.com,English,United States
https://www.forbes.com/sites/waynewinegarden/2023/01/30/neither-the-department-of-defense-nor-nasa-should-be-setting-us-climate-policy/,https://www.forbes.com/sites/waynewinegarden/2023/01/30/neither-the-department-of-defense-nor-nasa-should-be-setting-us-climate-policy/amp/,Neither The Department Of Defense Nor NASA Should Be Setting U . S . Climate Policy,20230130T181500Z,https://imageio.forbes.com/specials-images/imageserve/63d7ff069efd8359384c5506/0x0.jpg?format=jpg,forbes.com,English,United States
https://www.afr.com/markets/equity-markets/asx-futures-pare-gains-amid-wall-street-weakness-20230131-p5cgnc,,Before the Bell : ASX futures pare gains amid Wall Street weakness,20230130T183000Z,https://static.ffx.io/images/$zoom_0.1961%2C$multiply_4%2C$ratio_1.777778%2C$width_1059%2C$x_0%2C$y_0/t_crop_custom/c_scale%2Cw_800%2Cq_88%2Cf_jpg/t_afr_no_label_no_age_social_wm/d11a490cc5b6b934ae2522e043cebd33454a055a,afr.com,English,Australia
https://www.dailysignal.com/2023/01/30/gov-glenn-youngkin-aims-to-save-virginia-from-california-style-energy-policies/,https://www.dailysignal.com/2023/01/30/gov-glenn-youngkin-aims-to-save-virginia-from-california-style-energy-policies/amp/,Youngkin Aims to Save Virginia From California - Style Energy Policies,20230130T203000Z,https://first-heritage-foundation.s3.amazonaws.com/live_files/2023/01/230130_YoungkinRGGI_Mooney.jpg,dailysignal.com,English,United States
https://thefrontierpost.com/we-are-greening-ourselves-to-extinction/,,We are  greening  ourselves to extinction – The Frontier Post,20230130T211500Z,,thefrontierpost.com,English,Pakistan
https://www.afr.com/politics/federal/australia-france-team-up-to-send-ammo-to-ukraine-20230131-p5cgo2,,"Russia - Ukraine war updates LIVE : Australia , France team up to send ammo to Ukraine",20230130T213000Z,https://static.ffx.io/images/$zoom_0.2242%2C$multiply_3%2C$ratio_1.777778%2C$width_1059%2C$x_0%2C$y_0/t_crop_custom/c_scale%2Cw_800%2Cq_88%2Cf_jpg/t_afr_live_no_age_social_wm/03e45670a14f48ea612efc28f87ca3babdb589fe,afr.com,English,Australia
https://energycentral.com/c/ec/how-update-carbon-market,,How to update a carbon market,20230130T214500Z,https://energycentral.com/sites/default/files/styles/og_meta/public/ece/node_main/2023/1/pd_ep9_coverbanner.png?itok=FRr2P-Ot,energycentral.com,English,United States
https://www.lexology.com/library/detail.aspx?g=a4da04cb-4453-4f1e-959b-d37136c4f8b8,,Preparing for CBAM - The EU extends carbon policies despite trade tensions,20230130T223000Z,,lexology.com,English,United States
https://www.wisfarmer.com/story/news/2023/01/30/should-your-farm-consider-carbon-credits/69855944007/,,Should your farm consider carbon credits ? ,20230130T223000Z,"https://www.gannett-cdn.com/presto/2023/01/30/PWWF/00de7eaf-723c-4f2c-8026-acadd941d0b3-carbon_stores_on_land_Dodge_Co.jpg?auto=webp&crop=942,530,x0,y34&format=pjpg",wisfarmer.com,English,United States
https://www.lexology.com/library/detail.aspx?g=ab52bf5b-86b4-4722-8491-5ccef193b367,,"Spotlight : climate change law , regulation and policy in Germany",20230130T223000Z,,lexology.com,English,United States
https://www.governing.com/next/gov-dunleavy-introduces-carbon-storage-bills-to-raise-revenue,https://www.governing.com/next/gov-dunleavy-introduces-carbon-storage-bills-to-raise-revenue?_amp=true,Gov . Dunleavy Introduces Carbon Storage Bills to Raise Revenue,20230130T223000Z,,governing.com,English,United States
http://www.liberianobserver.com/full-speech-president-weahs-6th-state-nation-address,,Full Speech : President Weah 6th State of the Nation Address,20230130T224500Z,http://www.liberianobserver.com/sites/default/files/2022-10/weah.jpg,liberianobserver.com,English,Liberia
https://en.antaranews.com/news/271212/asean-chairmanship-kadin-to-introduce-seven-breakthroughs,https://en.antaranews.com/amp/news/271212/asean-chairmanship-kadin-to-introduce-seven-breakthroughs,ASEAN chairmanship : Kadin to introduce seven breakthroughs,20230130T234500Z,https://cdn.antaranews.com/cache/800x533/2023/01/30/IMG_20230130_184008_1.jpg,en.antaranews.com,English,Indonesia
