url,url_mobile,title,seendate,socialimage,domain,language,sourcecountry
https://www.businessoffashion.com/news/sustainability/eu-starts-planning-for-2040-goals-on-way-to-climate-neutrality/,,EU Starts Planning for 2040 Goals On Way to Climate Neutrality,20230401T010000Z,https://img.businessoffashion.com/resizer/SYjt3wo-o941mThbJDhKCZ43lvM=/1200x630/filters:format(jpg):quality(70):focal(1000x625:1010x635)/cloudfront-eu-central-1.images.arcpublishing.com/businessoffashion/5KVQSRN2Z5C2ZC5JRXXPBAAOQE.jpg,businessoffashion.com,English,United Kingdom
https://www.airdrietoday.com/beyond-local/carbon-price-and-rebates-rising-saturday-in-ontario-prairies-6791422,https://www.airdrietoday.com/amp/beyond-local/carbon-price-and-rebates-rising-saturday-in-ontario-prairies-6791422,"Carbon price and rebates rising Saturday in Ontario , Prairies",20230401T030000Z,,airdrietoday.com,English,
https://www.tickerreport.com/banking-finance/10354794/6232-shares-in-kraneshares-global-carbon-strategy-etf-nysearcakrbn-bought-by-miracle-mile-advisors-llc.html,,"6 , 232 Shares in KraneShares Global Carbon Strategy ETF ( NYSEARCA : KRBN ) Bought by Miracle Mile Advisors LLC",20230401T104500Z,,tickerreport.com,English,United States
https://dailytimes.com.pk/1079331/carbon-neutrality/,https://dailytimes.com.pk/1079331/carbon-neutrality/amp/,Carbon Neutrality - Daily Times,20230401T110000Z,https://dailytimes.com.pk/assets/uploads/2021/07/07/Syed-Asim-Ali-Bukhari.jpg,dailytimes.com.pk,English,Pakistan
https://www.wyomingnews.com/laramieboomerang/laramieboomerang/news/park-concessionaire-chooses-local-grass-fed-beef-to-meet-net-zero-footprint-goal/article_a2dee66e-d005-11ed-ba5f-b392f77bc829.html,,Park concessionaire chooses local grass - fed beef to meet net - zero footprint goal,20230401T151500Z,https://bloximages.chicago2.vip.townnews.com/wyomingnews.com/content/tncms/assets/v3/editorial/5/26/526e7a18-d006-11ed-91be-77bb0e236326/5f22f1f96ec79.image.jpg?crop=1247%2C655%2C0%2C503,wyomingnews.com,English,United States
https://www.rfi.fr/en/business-and-tech/20230402-european-aviation-sector-fears-co2-rules-could-clip-its-wings,https://amp.rfi.fr/en/business-and-tech/20230402-european-aviation-sector-fears-co2-rules-could-clip-its-wings,European aviation sector fears CO2 rules could clip its wings,20230402T043000Z,https://s.rfi.fr/media/display/27e84004-d104-11ed-a4f1-005056a90284/w:1280/p:16x9/52c0586f3378d7a6d8da3681bc20287153d15191.jpg,rfi.fr,English,France
https://www.zawya.com/en/world/uk-and-europe/european-aviation-sector-fears-co2-rules-could-clip-its-wings-a6ym0qds,https://www.zawya.com/en/world/uk-and-europe/european-aviation-sector-fears-co2-rules-could-clip-its-wings-a6ym0qds?amp=1,European aviation sector fears CO2 rules could clip its wings,20230402T051500Z,https://static.zawya.com/version/c:MDkyZTg4NzMtZjQ4Yi00:NTNlODYz/files-germany-aviation-munich-strike-msc.jpeg?f=3%3A2,zawya.com,English,United Arab Emirates
https://www.bssnews.net/news/118718,,European aviation sector fears CO2 rules could clip its wings,20230402T070000Z,https://www.bssnews.net/assets/news_photos/2023/04/02/image-118718-1680408462.jpg,bssnews.net,English,Bangladesh
https://www.sfgate.com/politics/article/ct-democrats-lamont-push-climate-bill-emissions-17871715.php,,Here what in CT Democrat latest climate bill,20230402T094500Z,https://s.hdnux.com/photos/01/26/55/26/22730135/10/rawImage.jpg,sfgate.com,English,United States
https://www.wral.com/story/leverage-and-7-other-things-republicans-want-from-ncs-annual-spending-plan/20786886/,,Leverage and 7 other things Republicans want from NC annual spending plan,20230402T104500Z,,wral.com,English,United States
http://www.wral.com/story/leverage-and-7-other-things-republicans-want-from-ncs-annual-spending-plan/20786886/,,Leverage and 7 other things Republicans want from NC annual spending plan,20230402T111500Z,,wral.com,English,United States
https://www.wiltonbulletin.com/politics/article/ct-democrats-lamont-push-climate-bill-emissions-17871715.php,,Here what in CT Democrat latest climate bill,20230402T111500Z,https://s.hdnux.com/photos/01/26/55/26/22730135/10/rawImage.jpg,wiltonbulletin.com,English,United States
https://www.politico.com/news/2023/04/02/climate-politics-change-00088107,https://www.politico.com/amp/news/magazine/2023/03/22/climate-politics-change-00088107,How the climate movement learned to win in Washington,20230402T121500Z,https://static.politico.com/62/e1/8c0c86814a82888c124511d8003c/gettyimages-674864930.jpg,politico.com,English,United States
https://techxplore.com/news/2023-04-european-aviation-sector-co2-wings.html,https://techxplore.com/news/2023-04-european-aviation-sector-co2-wings.amp,European aviation sector fears CO2 rules could clip its wings,20230402T131500Z,https://scx2.b-cdn.net/gfx/news/2023/istanbul-airport-is-al.jpg,techxplore.com,English,United States
https://www.darientimes.com/politics/article/ct-democrats-lamont-push-climate-bill-emissions-17871715.php,,Here what in CT Democrat latest climate bill,20230402T131500Z,https://s.hdnux.com/photos/01/26/55/26/22730135/10/rawImage.jpg,darientimes.com,English,United States
https://www.knkx.org/politics/2023-04-02/despite-setbacks-far-right-extremists-are-winning-positions-in-mainstream-northwest-politics,,"Despite setbacks , far - right extremists are winning positions in mainstream Northwest politics",20230402T131500Z,http://npr-brightspot.s3.amazonaws.com/98/b8/5f21f0374c5d853efd7188a4d180/opb-dan-tooze.jpg,knkx.org,English,United States
https://www.greenwichtime.com/politics/article/ct-democrats-lamont-push-climate-bill-emissions-17871715.php,,Here what in CT Democrat latest climate bill,20230402T133000Z,https://s.hdnux.com/photos/01/26/55/26/22730135/10/rawImage.jpg,greenwichtime.com,English,United States
https://www.thehindubusinessline.com/economy/agri-business/what-the-agriculture-industry-expects-from-new-managers/article66691001.ece,https://www.thehindubusinessline.com/economy/agri-business/what-the-agriculture-industry-expects-from-new-managers/article66691001.ece/amp/,What the agriculture industry expects from new managers - The Hindu BusinessLine,20230402T134500Z,https://bl-i.thgim.com/public/incoming/p29lsy/article66352790.ece/alternates/LANDSCAPE_1200/IMG_25EPBS_DRONES.jpg_2_1_RK9NN85V.jpg,thehindubusinessline.com,English,India
https://www.stamfordadvocate.com/politics/article/ct-democrats-lamont-push-climate-bill-emissions-17871715.php,,Here what in CT Democrat latest climate bill,20230402T140000Z,https://s.hdnux.com/photos/01/26/55/26/22730135/10/rawImage.jpg,stamfordadvocate.com,English,United States
https://cyprus-mail.com/2023/04/02/fears-of-an-energy-price-surge-are-real/,,Fears of an energy price surge are real,20230402T160000Z,https://cyprus-mail.com/wp-content/uploads/2023/04/comment-ellinas-The-longer-Cyprus-delays-taking-serious-action-the-more-difficult-it-will-become.jpg,cyprus-mail.com,English,Cyprus
https://www.spacedaily.com/reports/European_aviation_sector_fears_CO2_rules_could_clip_its_wings_999.html,,European aviation sector fears CO2 rules could clip its wings,20230402T163000Z,https://www.spxdaily.com/images-hg/ses-airport-inflight-connectivity-market-hg.jpg,spacedaily.com,English,United States
https://www.theguardian.com/commentisfree/2023/apr/02/the-guardian-view-on-carbon-offsetting-an-overhaul-is-overdue,https://amp.theguardian.com/commentisfree/2023/apr/02/the-guardian-view-on-carbon-offsetting-an-overhaul-is-overdue,The Guardian view on carbon offsetting : an overhaul is overdue | Editorial,20230402T184500Z,https://i.guim.co.uk/img/media/2d8bb4da168466c731fa40ee4eb2a6a2bf081432/0_388_5064_3037/master/5064.jpg?&quality=85&auto=format&fit=crop&overlay-align=bottom%2Cleft&overlay-width=100p&overlay-base64=L2ltZy9zdGF0aWMvb3ZlcmxheXMvdGctb3BpbmlvbnMucG5n&enable=upscale&s=f9a5dcca235fc22133f34593df967c5b,theguardian.com,English,United Kingdom
https://www.pakistantoday.com.pk/2023/04/02/carbon-neutrality-through-carbon-markets-and-carbon-accounting/,,Carbon neutrality through carbon markets and carbon accounting,20230402T191500Z,https://www.pakistantoday.com.pk/wp-content/uploads/2023/04/Alpha-2.jpg,pakistantoday.com.pk,English,Pakistan
https://governorswindenergycoalition.org/a-green-state-tosses-a-lifeline-to-a-major-coal-plant/,,A green state tosses a lifeline to a major coal plant - Governor Wind Energy Coalition,20230402T200000Z,,governorswindenergycoalition.org,English,United States
https://vervetimes.com/european-aviation-sector-fears-co2-rules-could-clip-its-wings/,https://vervetimes.com/european-aviation-sector-fears-co2-rules-could-clip-its-wings/amp/,European aviation sector fears CO2 rules could clip its wings,20230402T203000Z,"https://img.etimg.com/thumb/msid-99194406,width-1070,height-580,imgsize-857942,overlay-economictimes/photo.jpg",vervetimes.com,English,
https://www.hellenicshippingnews.com/clarkson-research-positive-sentiment-in-most-shipping-segments/,,Clarkson Research : Positive Sentiment in Most Shipping Segments | Hellenic Shipping News Worldwide,20230402T220000Z,,hellenicshippingnews.com,English,China
https://www.hellenicshippingnews.com/europes-q2-2023-energy-supply-concerns-ease-on-healthy-stocks-lower-demand/,,"Europe Q2 2023 energy supply concerns ease on healthy stocks , lower demand | Hellenic Shipping News Worldwide",20230402T220000Z,,hellenicshippingnews.com,English,China
https://www.hellenicshippingnews.com/green-smoke-for-fueleu-and-afir/,,  Green smoke  for FuelEU and AFIR | Hellenic Shipping News Worldwide,20230402T220000Z,,hellenicshippingnews.com,English,China
https://www.nzherald.co.nz/the-country/news/treasury-warns-of-skyrocketing-bills-if-carbon-price-used-to-cut-emissions/E53GGZ5GURDD7IOXNLBALHSCHI/,,Treasury warns of skyrocketing bills if carbon price used to cut emissions,20230402T220000Z,https://www.nzherald.co.nz/resizer/0gST0JAoDWAOxeEpRBoYheTQYzI=/1200x675/smart/filters:quality(70)/cloudfront-ap-southeast-2.images.arcpublishing.com/nzme/2CV5X5TQKH6IR2X5KBQKICAAEE.jpg,nzherald.co.nz,English,New Zealand
https://news.yahoo.com/environmentalists-alarmed-push-undermine-york-221158799.html,https://news.yahoo.com/amphtml/environmentalists-alarmed-push-undermine-york-221158799.html,Environmentalists alarmed by push to  undermine  New York climate law,20230402T230000Z,https://s.yimg.com/ny/api/res/1.2/6HSfCI6KVWO3ELuxnGG4BA--/YXBwaWQ9aGlnaGxhbmRlcjt3PTEyMDA7aD03OTA-/https://media.zenfs.com/en/politico_453/6dc144ab1afc58ccfcc8d6b6091ac6f9,news.yahoo.com,English,United States
https://www.financialexpress.com/opinion/getting-the-decarbonisation-strategy-right/3030325/,https://www.financialexpress.com/opinion/getting-the-decarbonisation-strategy-right/3030325/lite/,Getting the decarbonisation strategy right,20230402T230000Z,https://www.financialexpress.com/wp-content/uploads/2023/04/carbon1.jpg,financialexpress.com,English,India
https://www.marketscreener.com/quote/stock/AS-TALLINK-GRUPP-6498474/news/AS-Tallink-Grupp-Audited-Annual-Report-of-the-2022-Financial-Year-43411199/,https://www.marketscreener.com/amp/quote/stock/AS-TALLINK-GRUPP-6498474/news/AS-Tallink-Grupp-Audited-Annual-Report-of-the-2022-Financial-Year-43411199/,AS Tallink Grupp Audited Annual Report of the 2022 Financial Year,20230403T064500Z,https://www.marketscreener.com/images/twitter_MS_fdgris.png,marketscreener.com,English,
https://www.wallstreet-online.de/nachricht/16758160-as-tallink-grupp-audited-annual-report-of-the-2022-financial-year,https://www.wallstreet-online.de/_amp/nachricht/16758160-as-tallink-grupp-audited-annual-report-of-the-2022-financial-year,AS Tallink Grupp Audited Annual Report of the 2022 Financial Year,20230403T081500Z,https://assets.wallstreet-online.de/_media/6/source1280/size_645/globenewswire-1280.png,wallstreet-online.de,English,Germany
https://www.pressherald.com/2023/04/03/another-view-industry-needs-government-to-step-up-in-battle-against-climate-change-2/,,Another View : Industry needs government to step up in battle against climate change,20230403T131500Z,,pressherald.com,English,United States
https://www.gasworld.com/feature/what-the-rising-cost-of-traded-carbon-means/2121907.article/,,Carbon pricing : what the rising cost of traded carbon means,20230403T140000Z,"https://www.gasworld.com/cdn-cgi/image/width=600,height=600,fit=contain,quality=75,metadata=none,format=auto,gravity=auto/https://www.gasworld.com/wp-content/files/2023/03/AdobeStock_433990637-scaled.jpeg",gasworld.com,English,United States
https://www.marketscreener.com/news/latest/EU-s-power-and-industry-emissions-down-1-2-1-6-in-2022-preliminary-data--43417127/,https://www.marketscreener.com/amp/news/latest/EU-s-power-and-industry-emissions-down-1-2-1-6-in-2022-preliminary-data--43417127/,EU power and industry emissions down 1 . 2 - 1 . 6 % in 2022 - preliminary data - Stock market news,20230403T164500Z,https://img.zonebourse.com/reuters/2023-03/2023-03-28T050559Z_1_LYNXMPEJ2R05W_RTROPTP_3_CLIMATE-CHANGE-GERMANY-AUTOS.JPG,marketscreener.com,English,
https://www.thehindu.com/opinion/op-ed/time-to-put-a-price-on-carbon-emissions/article66695839.ece,https://www.thehindu.com/opinion/op-ed/time-to-put-a-price-on-carbon-emissions/article66695839.ece/amp/,Time to put a price on carbon emissions,20230403T193000Z,https://th-i.thgim.com/public/opinion/op-ed/96h70/article66695842.ece/alternates/LANDSCAPE_1200/iStock-1271375544.jpg,thehindu.com,English,India
https://www.forbes.com/sites/patrickgleason/2023/04/03/state-policymakers-advance-reforms-to-expand-access-to-care-reduce-costs/,https://www.forbes.com/sites/patrickgleason/2023/04/03/state-policymakers-advance-reforms-to-expand-access-to-care-reduce-costs/amp/,"State Policymakers Advance Reforms To Expand Access To Care , Reduce Costs",20230403T230000Z,https://imageio.forbes.com/specials-images/imageserve/642ae672363191a601bbf2c5/0x0.jpg?format=jpg,forbes.com,English,United States
https://carbon-pulse.com/198142/,,RGGI Market : RGAs lift to 7 - week high as programme review meeting offers further clarity « Carbon Pulse,20230403T231500Z,,carbon-pulse.com,English,China
https://www.weeklyblitz.net/international/memorandum-of-understanding-between-kahramaa-and-our-heritage/,https://www.weeklyblitz.net/international/memorandum-of-understanding-between-kahramaa-and-our-heritage/?amp=1,Memorandum of Understanding between KAHRAMAA and  Our Heritage  ,20230404T000000Z,https://www.weeklyblitz.net/wp-content/uploads/2023/04/Memorandum-of-Understanding-between-KAHRAMAA-and-Our-Heritage.jpeg,weeklyblitz.net,English,Bangladesh
https://www.thestar.com.my/business/business-news/2023/04/04/europe-carbon-rules-hurt-regional-exporters,,Europe carbon rules hurt regional exporters,20230404T011500Z,https://apicms.thestar.com.my/uploads/images/2023/04/04/2008049.JPG,thestar.com.my,English,Malaysia
https://www.thecentersquare.com/washington/article_68045982-d25f-11ed-b48f-9baf27d32c9c.html,https://www.thecentersquare.com/washington/article_68045982-d25f-11ed-b48f-9baf27d32c9c.amp.html,Washington state sees eleventh week of price increases at the pump,20230404T020000Z,https://bloximages.newyork1.vip.townnews.com/thecentersquare.com/content/tncms/assets/v3/editorial/3/9f/39f59754-b239-11ed-a01a-cff37750593b/63f5494f417a9.image.jpg?crop=1024%2C538%2C0%2C72,thecentersquare.com,English,
https://livenews.co.nz/2023/04/04/new-zealand-treasury-interim-financial-statements-of-the-government-of-new-zealand-for-the-eight-months-ended-28-february-2023/,,New Zealand Treasury – Interim Financial Statements of the Government of New Zealand for the eight months ended 28 February 2023,20230404T020000Z,,livenews.co.nz,English,New Zealand
https://menafn.com/1105939651/Kahramaa-Earthna-Sign-Pact-To-Strengthen-Sustainability,,"Kahramaa , Earthna Sign Pact To Strengthen Sustainability",20230404T034500Z,https://menafn.com/updates/pr/2023-04/03/GT_e8690image_story.jpeg,menafn.com,English,Qatar
https://www.scoop.co.nz/stories/PA2304/S00019/shouldve-and-couldve-if-only-he-woodve-listened-to-act.htm,https://m.scoop.co.nz/stories/PA2304/S00019/shouldve-and-couldve-if-only-he-woodve-listened-to-act.htm,"Shouldve And Couldve , If Only He Woodve Listened To ACT",20230404T044500Z,http://img.scoop.co.nz/stories/images/1908/scoop_image.jpg,scoop.co.nz,English,New Zealand
http://www.bjreview.com.cn/China/202304/t20230403_800327425.html,,A decade of historic struggle against air pollution in Beijing -- Beijing Review,20230404T053000Z,https://www.bjreview.com/China/202304/W020230403502239711622.png,bjreview.com.cn,English,China
https://www.presseschleuder.com/2023/04/collectivecrunch-announces-new-solution-that-monitors-and-tracks-forest-biodiversity-and-carbon-storages-in-near-real-time/,,CollectiveCrunch Announces New Solution that Monitors and Tracks Forest Biodiversity and Carbon Storages in Near Real - Time,20230404T060000Z,https://www.presseschleuder.com/wp-content/uploads/2023/04/431956.png,presseschleuder.com,English,Germany
https://www.theage.com.au/business/companies/a-whyalla-wipeout-is-finally-going-to-occur-a-decade-on-20230404-p5cxwf.html,https://amp.theage.com.au/business/companies/a-whyalla-wipeout-is-finally-going-to-occur-a-decade-on-20230404-p5cxwf.html,Whyalla still mill to take climate action,20230404T060000Z,https://static.ffx.io/images/$zoom_0.6088%2C$multiply_0.7554%2C$ratio_1.777778%2C$width_1059%2C$x_51%2C$y_0/t_crop_custom/q_86%2Cf_auto/t_theage_no_label_no_age_social_wm/dc2fe0a56597479ef21185c2ca1246f89b1755fe,theage.com.au,English,Australia
https://www.smh.com.au/business/companies/a-whyalla-wipeout-is-finally-going-to-occur-a-decade-on-20230404-p5cxwf.html,https://amp.smh.com.au/business/companies/a-whyalla-wipeout-is-finally-going-to-occur-a-decade-on-20230404-p5cxwf.html,Whyalla still mill to take climate action,20230404T060000Z,https://static.ffx.io/images/$zoom_0.6088%2C$multiply_0.7554%2C$ratio_1.777778%2C$width_1059%2C$x_51%2C$y_0/t_crop_custom/q_86%2Cf_auto/t_smh_no_label_no_age_social_wm/dc2fe0a56597479ef21185c2ca1246f89b1755fe,smh.com.au,English,Australia
https://www.brisbanetimes.com.au/business/companies/a-whyalla-wipeout-is-finally-going-to-occur-a-decade-on-20230404-p5cxwf.html,https://amp.brisbanetimes.com.au/business/companies/a-whyalla-wipeout-is-finally-going-to-occur-a-decade-on-20230404-p5cxwf.html,Whyalla still mill to take climate action,20230404T060000Z,https://static.ffx.io/images/$zoom_0.6088%2C$multiply_0.7554%2C$ratio_1.777778%2C$width_1059%2C$x_51%2C$y_0/t_crop_custom/q_86%2Cf_auto/t_brisbanetimes_no_label_no_age_social_wm/dc2fe0a56597479ef21185c2ca1246f89b1755fe,brisbanetimes.com.au,English,Australia
https://www.yakimaherald.com/opinion/other-views-industry-needs-government-to-step-up-in-battle-against-climate-change/article_86516264-d0c4-11ed-b914-93b08279aa50.html,https://www.yakimaherald.com/opinion/other-views-industry-needs-government-to-step-up-in-battle-against-climate-change/article_86516264-d0c4-11ed-b914-93b08279aa50.amp.html,Other Views : Industry needs government to step up in battle against climate change,20230404T090000Z,https://bloximages.newyork1.vip.townnews.com/yakimaherald.com/content/tncms/assets/v3/editorial/b/05/b05f9148-d0c4-11ed-a998-63745e0c7905/6428886142e37.image.jpg?crop=1600%2C840%2C0%2C112,yakimaherald.com,English,United States
https://www.newstalkzb.co.nz/news/politics/grant-robertson-seeking-ets-advice-as-tumbling-carbon-price-lowers-cost-of-pollution/,,"Grant Robertson seeking ETS advice , as tumbling carbon price lowers cost of pollution",20230404T120000Z,https://www.newstalkzb.co.nz/media/xxrokazp/the-scheme-is-not-intended-to-allow-polluters-to-plant-trees-rather-than-reduce-emissions.jpg?rmode=crop&rnd=133251171390470000&quality=95&scale=both,newstalkzb.co.nz,English,New Zealand
https://carbon-pulse.com/198211/,,Euro Markets : Midday Update « Carbon Pulse,20230404T133000Z,,carbon-pulse.com,English,China
https://www.etftrends.com/climate-insights-channel/updated-california-carbon-policy-could-boost-this-etf/,https://www.etftrends.com/climate-insights-channel/updated-california-carbon-policy-could-boost-this-etf/amp/,Updated California Carbon Policy Could Boost This ETF,20230404T134500Z,https://www.etftrends.com/wp-content/uploads/2023/04/Updated-California-Carbon-Policy-Could-Boost-This-ETF.jpg,etftrends.com,English,China
https://www.ctvnews.ca/politics/tom-mulcair-trudeau-liberals-have-become-the-phoenix-pay-system-of-canadian-governments-1.6341741,https://beta.ctvnews.ca/national/politics/2023/4/4/1_6341741.amp.html,Tom Mulcair : Justin Trudeau credibility gap widening,20230404T144500Z,https://www.ctvnews.ca/content/dam/ctvnews/en/images/2023/4/4/justin-trudeau-1-6341765-1680615299725.jpg,ctvnews.ca,English,Canada
https://www.renewableenergymagazine.com/hydrogen/atome-energy-announces-key-ammonia-and-hydrogen-20230404,,"Hydrogen - Atome Energy announces key ammonia and hydrogen developments in Iceland - Renewable Energy Magazine , at the heart of clean energy journalism",20230404T150000Z,https://www.renewableenergymagazine.com/ficheroenergias/fotos/Atomeammonia_bottom.jpg,renewableenergymagazine.com,English,United States
https://www.ctvnews.ca/politics/tom-mulcair-when-the-liberals-fall-out-of-favour-they-fall-hard-1.6341741,https://beta.ctvnews.ca/national/politics/2023/4/4/1_6341741.amp.html,Tom Mulcair : Justin Trudeau credibility gap widening,20230404T150000Z,https://www.ctvnews.ca/content/dam/ctvnews/en/images/2023/4/4/justin-trudeau-1-6341765-1680615299725.jpg,ctvnews.ca,English,Canada
https://www.irishtimes.com/business/2023/04/04/irelands-power-generation-and-industrial-emissions-decrease-by-4-in-2022-epa-confirms/,,Ireland power generation and industrial emissions decrease by 4 % in 2022 – EPA confirms – The Irish Times,20230404T151500Z,https://www.irishtimes.com/resizer/5RRBrEPMUBPEf8QOP-537458opc=/1200x630/filters:format(jpg):quality(70)/cloudfront-eu-central-1.images.arcpublishing.com/irishtimes/K5ZKSVFSNITCDEQNZTLRU2L6QY.jpg,irishtimes.com,English,Ireland
https://www.newdelhitimes.com/india-to-achieve-about-50-percent-cumulative-electric-power-installed-capacity-from-non-fossil-fuel-based-energy-resources-by-2030/,,India to achieve about 50 percent cumulative electric power installed capacity from non - fossil fuel - based energy resources by 2030 - New Delhi Times,20230404T174500Z,https://i0.wp.com/www.newdelhitimes.com/wp-content/uploads/2023/04/Solar_Power_Plant_Telangana_II_in_state_of_Telangana_India_12-MWp_DCb.jpg?fit=1200%2C675&ssl=1,newdelhitimes.com,English,United States
http://www.wral.com/story/leverage-and-7-other-things-republicans-want-from-ncs-annual-spending-plan/20786886,,Leverage and 7 other things Republicans want from NC annual spending plan,20230404T184500Z,,wral.com,English,United States
https://fuelcellsworks.com/news/atome-energy-reveals-key-agreements-to-propel-icelandic-green-ammonia-project/,,ATOME Energy Reveals Key Agreements To Propel Icelandic Green Ammonia Project,20230404T191500Z,https://img.fuelcellsworks.com/wp-content/uploads/2023/04/atome-energy-reveals-key-agreements-to-propel-icelandic-green-ammonia-project.jpeg,fuelcellsworks.com,English,United States
https://www.heritage.org/environment/report/discounting-and-climate-change-economics-estimating-the-cost-cap-and-trade,,Discounting and Climate Change Economics : Estimating the Cost of Cap and Trade,20230404T203000Z,https://www.heritage.org/themes/heritage/src/images/bell.png,heritage.org,English,United States
https://www.nzherald.co.nz/the-country/news/grant-robertson-seeking-ets-advice-as-tumbling-carbon-price-lowers-cost-of-pollution/54E27PFI35F4VCLSQPM66Z4NRI/,,"Grant Robertson seeking ETS advice , as tumbling carbon price lowers cost of pollution",20230404T213000Z,https://www.nzherald.co.nz/resizer/kx7g5l5yImKCaXgtTYDOTaXrgOU=/1200x675/smart/filters:quality(70)/cloudfront-ap-southeast-2.images.arcpublishing.com/nzme/KP53N4DCABBDLPCWFDQ4GD6TNU.jpg,nzherald.co.nz,English,New Zealand
https://edmontonjournal.com:443/opinion/steven-guilbeault-has-no-plan-for-those-left-behind-by-green-innovation/wcm/52f1b196-be9a-4afe-9712-9b2c266b2f41,https://edmontonjournal.com/opinion/steven-guilbeault-has-no-plan-for-those-left-behind-by-green-innovation/wcm/52f1b196-be9a-4afe-9712-9b2c266b2f41/amp/,Tasha Kheiriddin : Steven Guilbeault has no plan for those left behind by green  innovation  ,20230404T213000Z,https://smartcdn.gprod.postmedia.digital/edmontonjournal/wp-content/uploads/2023/04/Steven-Guilbeault-1.png,edmontonjournal.com,English,Canada
https://buffalonews.com/opinion/letters/letter-new-york-is-not-forcing-homeowners-to-electrify/article_69a593d4-d31b-11ed-9db0-8b500600360b.html,,Letter : New York is not forcing homeowners to electrify,20230404T224500Z,https://bloximages.chicago2.vip.townnews.com/buffalonews.com/content/tncms/assets/v3/editorial/6/9a/69a593d4-d31b-11ed-9db0-8b500600360b/642c7a327111d.preview.jpg?crop=1792%2C941%2C0%2C108,buffalonews.com,English,United States
http://jordantimes.com/opinion/harold-james/crises-uncertainty,,Crises of uncertainty,20230404T224500Z,,jordantimes.com,English,Jordan
https://tribuneonlineng.com/nsia-vitol-sign-50m-agreement-for-carbon-avoidance-removal-initiative-in-nigeria/,,"NSIA , Vitol sign $50m agreement for carbon avoidance , removal initiative in Nigeria",20230404T224500Z,https://tribuneonlineng.com/wp-content/uploads/2023/04/images-2023-04-04T213729.525.jpeg,tribuneonlineng.com,English,Nigeria
https://carbon-pulse.com/198201/,,"CP Daily : Tuesday April 4 , 2023 « Carbon Pulse",20230404T231500Z,,carbon-pulse.com,English,China
https://www.science20.com/science_20/cap_and_trade_water_will_hurt_poor_minorities_most_course-93122,,"Cap And Trade For Water Will Hurt Poor , Minorities Most - Of Course",20230405T011500Z,,science20.com,English,United States
https://guardian.ng/news/africa-can-become-first-truly-green-civilisation-says-osinbajo/,https://guardian.ng/news/africa-can-become-first-truly-green-civilisation-says-osinbajo/amp,"Africa can become first truly green civilisation , says Osinbajo",20230405T071500Z,https://guardian.ng/wp-content/uploads/2023/04/CARBON-PIX--640x360.jpg,guardian.ng,English,Nigeria
https://thenationonlineng.net/nsia-vitol-sign-50m-carbon-avoidance-removal-initiative/,,"NSIA , Vitol sign $50m carbon avoidance , removal initiative",20230405T084500Z,https://thenationonlineng.net/wp-content/uploads/2019/06/Yemi-Osibajo.jpg,thenationonlineng.net,English,Nigeria
https://shipandbunker.com/news/world/310332-green-methanol-may-add-more-than-1000feu-to-container-freight-rate-report,,"Green Methanol May Add More than $1 , 000 / FEU to Container Freight Rate : Report",20230405T130000Z,https://shipandbunker.cdn.speedyrails.net/a/img/_mt_86a5e8027371e4f858389436b068daba.jpg,shipandbunker.com,English,Singapore
https://finance.yahoo.com/news/ab-road-decarbonization-bumpy-carbon-123000228.html,https://finance.yahoo.com/amphtml/news/ab-road-decarbonization-bumpy-carbon-123000228.html,AB : The Road to Decarbonization Is Bumpy . Carbon Allowances Can Help,20230405T130000Z,https://s.yimg.com/ny/api/res/1.2/BNGzLZkGzN8xsqiIjGQg8w--/YXBwaWQ9aGlnaGxhbmRlcjt3PTEyMDA7aD01NzA-/https://media.zenfs.com/en/accesswire.ca/64478850d1d18baabb9d97bbc8aee45f,finance.yahoo.com,English,United States
https://www.finanznachrichten.de/nachrichten-2023-04/58752739-alliancebernstein-ab-the-road-to-decarbonization-is-bumpy-carbon-allowances-can-help-200.htm,,AllianceBernstein : AB : The Road to Decarbonization Is Bumpy . Carbon Allowances Can Help,20230405T130000Z,https://www.accesswire.com/users/newswire/images/747767/15ba8f09-0fd8-460a-af96-cc5e93723e97.jpg,finanznachrichten.de,English,Germany
https://carbon-pulse.com/198472/,,"European Commission seeks expert advice on EU ETS expansion to buildings , road transport « Carbon Pulse",20230405T174500Z,,carbon-pulse.com,English,China
https://cointelegraph.com/news/anz-bank-completes-australian-cbdc-use-case-for-facilitating-carbon-credit-trading,https://cointelegraph.com/news/anz-bank-completes-australian-cbdc-use-case-for-facilitating-carbon-credit-trading/amp,ANZ bank completes Australian CBDC use case for carbon credit trading,20230405T183000Z,"https://images.cointelegraph.com/cdn-cgi/image/format=auto,onerror=redirect,quality=90,width=1200/https://s3.cointelegraph.com/uploads/2023-04/e97f1a28-967d-42e6-92bd-570669b85611.jpg",cointelegraph.com,English,China
https://advancedbiofuelsusa.info/co2-capture-storage-reuse-2023-may-16-17-2023-copenhagen-denmark/,,"CO2 Capture , Storage & Reuse 2023 May 16 - 17 , 2023 Copenhagen , Denmark – Advanced BioFuels united states ",20230405T211500Z,,advancedbiofuelsusa.info,English,United States
https://livenews.co.nz/2023/04/06/nga-korero-ahuarangi-me-te-ohanga-climate-economic-and-fiscal-assessment-2023/,,Ngā Kōrero Āhuarangi Me Te Ōhanga : Climate Economic and Fiscal Assessment 2023,20230405T214500Z,,livenews.co.nz,English,New Zealand
https://www.natlawreview.com/author/david-b-weisblat,,"David B . Weisblat , Foley Lardner , Transactional Tax Lawyer , ",20230405T224500Z,,natlawreview.com,English,United States
https://www.wral.com/story/bipartisan-support-for-nc-budget-worries-raises-don-t-cover-inflation/20798549,,"NC budget has bipartisan backing , some worry raises are not enough",20230406T001500Z,,wral.com,English,United States
http://www.pilotonline.com/cities/north-carolina/vp-nw-nc-house-budget-20230405-kivhfrcxizgxxkffcc7wgwfmua-story.html,,North Carolina House gives initial approval to its state budget proposal,20230406T001500Z,https://www.pilotonline.com/resizer/jt5cgBNxVyVQaZ-AacXeQaX6UAY=/1200x630/filters:format(jpg):quality(70)/cloudfront-us-east-1.images.arcpublishing.com/tronc/YNLADKPLEAV6RHQA4PTAT4RXDE.jpg,pilotonline.com,English,United States
https://www.msn.com/en-us/news/politics/nc-budget-has-bipartisan-backing-some-worry-raises-are-not-enough/ar-AA19wH7P,,"NC budget has bipartisan backing , some worry raises are not enough",20230406T003000Z,https://img-s-msn-com.akamaized.net/tenant/amp/entityid/AA19eKyZ.img?&m=6&q=60&o=t&l=f&f=jpg,msn.com,English,United States
https://www.bnd.com/news/politics-government/national-politics/article274015980.html,https://amp.bnd.com/news/politics-government/national-politics/article274015980.html,N . Carolina House state budget proposal gets initial OK,20230406T004500Z,https://www.bnd.com/wps/build/images/bnd/facebook.jpg,bnd.com,English,United States
https://www.winchesterstar.com/associated_press/washington/n-carolina-house-state-budget-proposal-gets-initial-ok/article_4febcd17-c83b-5f25-a348-bcf62bba3d68.html,,N . Carolina House state budget proposal gets initial OK,20230406T010000Z,https://bloximages.newyork1.vip.townnews.com/winchesterstar.com/content/tncms/custom/image/b90e1064-655d-11e6-b66e-837339c5a247.jpg,winchesterstar.com,English,United States
https://www.rockymounttelegram.com/news/state/n-carolina-house-state-budget-proposal-gets-initial-ok/article_1e6cad53-5843-56bb-bc33-beba3b93b370.html,,N . Carolina House state budget proposal gets initial OK,20230406T011500Z,https://bloximages.newyork1.vip.townnews.com/rockymounttelegram.com/content/tncms/assets/v3/editorial/b/02/b028cb86-a118-5506-a4e4-0594579c5137/642e022043cfb.image.jpg?crop=1763%2C926%2C0%2C124,rockymounttelegram.com,English,United States
https://info.scoop.co.nz/SAFE_For_Animals,,SAFE For Animals | Scoop InfoPages,20230406T014500Z,https://img.scoop.co.nz/stories/images/1908/scoop_image.jpg,info.scoop.co.nz,English,New Zealand
http://www.wral.com/story/bipartisan-support-for-nc-budget-worries-raises-don-t-cover-inflation/20798549,,"NC budget has bipartisan backing , some worry raises are not enough",20230406T014500Z,,wral.com,English,United States
https://www.natlawreview.com/article/old-north-state-report-april-5-2023,https://www.natlawreview.com/article/old-north-state-report-april-5-2023?amp,North Carolina Legislative Updates April 5 2023,20230406T030000Z,https://www.natlawreview.com/sites/default/files/article/aux/22089/northcarolinaFlag_1.jpg,natlawreview.com,English,United States
https://naija247news.com/2023/04/06/nigeria-wants-tinubu-presidency-to-focus-on-developing-carbon-markets-carbon-tax/,,"Nigeria Tinubu Presidency To Focus On Developing Carbon Markets , Carbon Tax",20230406T041500Z,https://i0.wp.com/naija247news.com/wp-content/uploads/2022/04/Tinubu.jpeg,naija247news.com,English,Nigeria
https://www.bernama.com/en/business/news.php?id=2179431,,BERNAMA - BURSA CARBON EXCHANGE JOINS GLOBAL EMISSIONS TRADING NETWORK VIA IETA,20230406T061500Z,https://www.bernama.com/storage/photos/6b3030b8737f6cdc744faae895a657b55e62340e2167e,bernama.com,English,Malaysia
https://markets.businessinsider.com/news/currencies/anz-bank-completes-carbon-credits-trading-as-part-of-australias-cbdc-pilot-1032218249,,ANZ Bank Completes Carbon Credits Trading as Part of Australia CBDC Pilot,20230406T071500Z,,markets.businessinsider.com,English,United States
https://www.publicnewsservice.org/2023-04-06/climate-change-air-quality/new-roadmap-aims-to-double-acreage-of-conserved-colorado-lands/a83858-1,,New Roadmap Aims to Double Acreage of Conserved Colorado Lands,20230406T093000Z,https://www.newsservice.org/getimage.php?p=c2dpZD04Mzg1OCZzaWQ9MQ==,publicnewsservice.org,English,United States
https://www.offshore-energy.biz/viking-line-maritime-operations-using-the-old-model-are-not-economically-sustainable/,,Viking Line : Maritime operations using the old model are not economically sustainable,20230406T111500Z,https://cdn.offshorewind.biz/wp-content/uploads/sites/6/2022/02/07113008/Climate-smart-Viking-Glory-completes-journey-home.jpg,offshore-energy.biz,English,
https://www.carolinacoastonline.com/regional/article_44197f2e-d468-11ed-a61b-df698d476124.html,,N . Carolina House state budget proposal gets initial OK,20230406T113000Z,https://bloximages.chicago2.vip.townnews.com/carolinacoastonline.com/content/tncms/assets/v3/editorial/6/37/637246bc-d468-11ed-a0eb-b709b3fd84d7/642ea355f3f19.image.jpg?crop=267%2C267%2C66%2C0,carolinacoastonline.com,English,United States
https://rollcall.com/2023/04/06/republicans-question-epa-good-neighbor-rule/,,Republicans question EPA  good neighbor  rule,20230406T113000Z,https://content.rollcall.com/wp-content/uploads/2023/04/smokestack1.jpeg,rollcall.com,English,United States
https://www.thehindu.com/news/national/andhra-pradesh/ap-pledges-support-to-centres-carbon-credit-trading-scheme/article66706503.ece,https://www.thehindu.com/news/national/andhra-pradesh/ap-pledges-support-to-centres-carbon-credit-trading-scheme/article66706503.ece/amp/,A . P . pledges support to Centre carbon credit trading scheme,20230406T130000Z,https://www.thehindu.com/theme/images/og-image.png,thehindu.com,English,India
https://www.marketscreener.com/quote/stock/VAALCO-ENERGY-INC-34393/news/VAALCO-ENERGY-INC-DE-Management-s-Discussion-and-Analysis-of-Financial-Condition-and-Results-of-O-43448421/,https://www.marketscreener.com/amp/quote/stock/VAALCO-ENERGY-INC-34393/news/VAALCO-ENERGY-INC-DE-Management-s-Discussion-and-Analysis-of-Financial-Condition-and-Results-of-O-43448421/,VAALCO ENERGY INC / DE / Management Discussion and Analysis of Financial Condition and Results of Operations ( form 10 - K ) ,20230406T214500Z,https://www.marketscreener.com/images/twitter_MS_fdblanc.png,marketscreener.com,English,
http://www.dailypress.com/opinion/vp-ed-editorial-rggi-public-comments-0407-20230406-tlmlpve4mrarlc367nb2px2xrm-story.html,,Editorial : Virginia says no to the proposed withdrawal from the Regional Greenhouse Gas Initiative,20230406T224500Z,https://www.dailypress.com/resizer/yt-b0NA777kGTEODjb5ZrV5_wU4=/1200x630/filters:format(jpg):quality(70)/cloudfront-us-east-1.images.arcpublishing.com/tronc/OMOTDGWFUBC4ZD3STFHOJRGEKI.JPG,dailypress.com,English,United States
https://www.aginfo.net/report/55988/Fruit-Grower-Report/Fuel-Overcharge-Update-Pt-1,,Fuel Overcharge Update Pt 1 - AG INFORMATION NETWORK OF THE WEST,20230407T074500Z,https://www.aginfo.net/Assets/ReportImages/report_642f01adb573f241088684_1920_1080.jpg,aginfo.net,English,United States
https://www.kansascity.com/news/politics-government/national-politics/article274015980.html,https://amp.kansascity.com/news/politics-government/national-politics/article274015980.html,N . Carolina House state budget proposal gets initial OK,20230407T100000Z,https://www.kansascity.com/wps/build/images/kansascity/facebook.jpg,kansascity.com,English,United States
https://www.sandiegouniontribune.com/business/story/2023-04-07/will-californias-new-oil-and-gas-legislation-a-good-approach-to-stabilize-and-bring-gas-prices-under-control,,Will California new oil and gas legislation bring gas prices under control ? ,20230407T124500Z,https://california-times-brightspot.s3.amazonaws.com/ce/51/5f25ba19dd663c1b5b5ffce1d8a7/f24e2768831c4f56b2b9e7fb81c3982a,sandiegouniontribune.com,English,United States
https://thebrunswicknews.com/news/national_news/republicans-question-epa-good-neighbor-rule/article_128bcbd2-42a5-5ae6-bc3a-3817de815fb6.html,,Republicans question EPA  good neighbor  rule | News,20230407T131500Z,https://bloximages.chicago2.vip.townnews.com/thebrunswicknews.com/content/tncms/assets/v3/editorial/f/92/f926dfde-96f0-507e-8e7b-170dd073b797/6430079373dfc.image.jpg?crop=1763%2C926%2C0%2C124,thebrunswicknews.com,English,United States
https://www.china-briefing.com/news/chinas-green-finance-market-policies-incentives-investment-opportunities/,,China Green Finance Market : Policy Support & Investment Opportunities,20230407T203000Z,https://www.china-briefing.com/news/wp-content/uploads/2022/06/China%E2%80%99s-Green-Finance-Market-Policy-Support-Investment-Opportunities.jpg,china-briefing.com,English,China
https://www.heritage.org/environment/report/impact-the-waxman-markey-climate-change-legislation-oregon,,Impact of the Waxman - Markey Climate Change Legislation on Oregon,20230407T203000Z,https://www.heritage.org/themes/heritage/src/images/bell.png,heritage.org,English,United States
https://www.dailyrepublic.com/all-dr-news/wires/will-californias-new-oil-and-gas-legislation-bring-gas-prices-under-control-the-san-diego-union-tribune-bc-econometer-columnsd/,,Will California new oil and gas legislation bring gas prices under control ? [ The San Diego Union - Tribune :: BC - ECONOMETER - COLUMN : SD ] ,20230407T220000Z,https://www.dailyrepublic.com/files/2017/06/dailyrepublic_11_1024.png,dailyrepublic.com,English,United States
https://mvtelegraph.com/ipcc-un-local-weather-report-is-our-ultimate-wake-up-name-say-consultants/,https://mvtelegraph.com/ipcc-un-local-weather-report-is-our-ultimate-wake-up-name-say-consultants/amp/,"IPCC UN Local Weather Report Is Our  ultimate Wake - up Name , Say Consultants • MV TELEGRAPH",20230407T234500Z,https://mvtelegraph.com/wp-content/uploads/2021/08/106924631-1628605045508-gettyimages-1234590544-AFP_9KV9JR.jpeg,mvtelegraph.com,English,United States
https://www.tbsnews.net/bangladesh/environment/bangladesh-earns-17m-carbon-credits-just-tip-iceberg-613410,https://www.tbsnews.net/bangladesh/environment/bangladesh-earns-17m-carbon-credits-just-tip-iceberg-613410?amp,"Bangladesh earns $17m from carbon credits , just the tip of the iceberg",20230408T174500Z,,tbsnews.net,English,
http://www.voxy.co.nz/national/5/415246,,EDS and Pure Advantage seek tightening of forest harvesting rules to prevent slash and sediment,20230409T061500Z,,voxy.co.nz,English,New Zealand
https://vietnamnews.vn/politics-laws/1517746/promising-future-of-vie-t-nam-netherlands-bilateral-cooperation-ambassador.html,,Promising future of Việt Nam - Netherlands bilateral cooperation : Ambassador,20230409T123000Z,https://image.vietnamnews.vn/MediaUpload/Medium/2023/04/09/164005_markrutee.jpg,vietnamnews.vn,English,Vietnam
https://www.eco-business.com/news/latest-bid-to-regulate-the-voluntary-carbon-market-leaves-tough-questions-unanswered/,,Latest bid to regulate the voluntary carbon market leaves tough questions unanswered,20230410T003000Z,https://eco-business.imgix.net/ebmedia/fileuploads/emissions_at_night.jpg?fit=crop&ixlib=django-1.2.0&q=85,eco-business.com,English,China
https://www.bangkokpost.com/business/2546556/agency-upbeat-on-carbon-credit-market,,Agency upbeat on carbon credit market,20230410T033000Z,https://static.bangkokpost.com/media/content/dcx/2023/04/10/4714201_700.jpg,bangkokpost.com,English,Thailand
https://www.odt.co.nz/lifestyle/resilient/time-action-and-justice,,Time for action and justice,20230410T071500Z,https://www.odt.co.nz/sites/default/files/styles/odt_story_opengraph_1200w/public/story/2023/04/gettyimages-1247241866.jpg?itok=TV3kqxZf,odt.co.nz,English,New Zealand
https://www.prnewswire.com/news-releases/h-power-day-the-gwm-ftxt-will-hold-the-2023-annual-liquid-hydrogen-strategy-launch-event-301793051.html,,H POWER DAY ! The GWM FTXT will hold the 2023 annual liquid hydrogen strategy Launch Event,20230410T100000Z,,prnewswire.com,English,United States
https://portnet.gr/news-in-brief/49664-eu-emissions-trading-system-reaches-provisional-agreement.html,,Portnet - EU Emissions Trading System reaches provisional agreement,20230410T100000Z,https://portnet.gr/images/2022/genika/european_parliament.jpg,portnet.gr,English,Greece
https://www.prnewswire.com/news-releases/h-power-day-the-gwm-ftxt-will-hold-the-2023-annual-liquid-hydrogen-strategy-launch-event-301793054.html,,H POWER DAY ! The GWM FTXT will hold the 2023 annual liquid hydrogen strategy Launch Event,20230410T100000Z,,prnewswire.com,English,United States
https://finance.yahoo.com/news/global-carbon-credit-markets-2018-103000239.html,https://finance.yahoo.com/amphtml/news/global-carbon-credit-markets-2018-103000239.html,"Global Carbon Credit Markets , 2018 - 2022 & 2023 - 2028",20230410T110000Z,https://media.zenfs.com/en/prnewswire.com/e75ef6f3096d7cb6f5dd43ba82eca2fe,finance.yahoo.com,English,United States
https://thejetpress.com/posts/3-options-ny-jets-missing-odell-beckham-jr,https://thejetpress.com/posts/3-options-ny-jets-missing-odell-beckham-jr/amp,3 options for the NY Jets after missing on Odell Beckham Jr . ,20230410T143000Z,"https://images2.minutemediacdn.com/image/upload/c_crop,w_5571,h_3133,x_0,y_41/c_fill,w_1440,ar_16:9,f_auto,q_auto,g_auto/images/GettyImages/mmsport/30/01gxmazapa0pfee38v8y.jpg",thejetpress.com,English,United States
https://www.nzherald.co.nz/nz/simon-wilson-after-cyclone-gabrielle-its-time-to-get-serious-about-rewilding/J3SAJF5JZRHGFBVFVZ3SPOP7IY/,,"Simon Wilson : After Cyclone Gabrielle , it time to get serious about rewilding",20230410T180000Z,https://www.nzherald.co.nz/resizer/gU0ujV40k3euRnWBMzVeHoOk6Uc=/1200x675/smart/filters:quality(70)/cloudfront-ap-southeast-2.images.arcpublishing.com/nzme/ZG5V5V55SOGCJ7SIJVASUBY3HY.jpg,nzherald.co.nz,English,New Zealand
https://www.theperspective.org/2023/0410202301.php,,Forest and Carbon Harvesting : The Case of Liberia,20230410T193000Z,,theperspective.org,English,Liberia
https://www.sustainablebusiness.com/job/climate-change-senior-cap-and-invest-market-monitor-financial-examiner-4-in-training/,,Climate Change : Senior Cap - and - Invest Market Monitor ( Financial Examiner 4 ) ( In - Training ) - Sustainable Business,20230410T204500Z,https://secure.neogov.com/images/AgencyImages/jobposting/1924/JobPostings/image/ECY_Bar.jpg,sustainablebusiness.com,English,United States
https://www.koreaherald.com/view.php?ud=20230410000746,https://m.koreaherald.com/amp/view.php?ud=20230410000746, [ Gernot Wagner ] Europe must tax brown and subsidize green,20230410T220000Z,https://res.heraldm.com/content/image/2023/04/10/20230410000763_0.jpg,koreaherald.com,English,South Korea
https://www.nzherald.co.nz/the-country/news/simon-wilson-after-cyclone-gabrielle-its-time-to-get-serious-about-rewilding/J3SAJF5JZRHGFBVFVZ3SPOP7IY/,,"Simon Wilson : After Cyclone Gabrielle , it time to get serious about rewilding",20230410T224500Z,https://www.nzherald.co.nz/resizer/gU0ujV40k3euRnWBMzVeHoOk6Uc=/1200x675/smart/filters:quality(70)/cloudfront-ap-southeast-2.images.arcpublishing.com/nzme/ZG5V5V55SOGCJ7SIJVASUBY3HY.jpg,nzherald.co.nz,English,New Zealand
https://www.rnz.co.nz/news/national/487704/climate-change-treasury-report-says-nz-economy-well-placed-to-cope,https://amp.rnz.co.nz/article/63fa93f0-3752-4b0e-bd2a-689987fccbff,Climate change : Treasury report says NZ economy well placed to cope,20230410T233000Z,https://rnz-ressh.cloudinary.com/image/upload/s--h4kOnJC5--/t_tohu-badge-facebook/v1676422317/4LDJPLG_MicrosoftTeams_image_5_png,rnz.co.nz,English,
https://www.thetimes.co.uk/article/phosphorus-pollution-river-target-clean-it-up-cc9789fkt,,Water companies argued against key pollution target,20230410T233000Z,https://www.thetimes.co.uk/imageserver/image/%2Fmethode%2Ftimes%2Fprod%2Fweb%2Fbin%2F3db86eaa-d775-11ed-89ad-19e3cfc05db4.jpg?crop=5486%2C3086%2C125%2C323,thetimes.co.uk,English,United Kingdom
https://www.msn.com/en-nz/news/national/climate-change-treasury-report-says-nz-economy-well-placed-to-cope/ar-AA19H7tr,,Climate change : Treasury report says NZ economy well placed to cope,20230410T234500Z,https://static-entertainment-eus-s-msn-com.akamaized.net/sc/c6/519670.jpg,msn.com,English,United States
https://britcham.org.sg/news/jobs-green-economy-hot-demand-spore-looks-become-carbon-services-hub,,Jobs in green economy in hot demand as Spore looks to become carbon services hub | British Chamber Of Commerce Singapore,20230411T050000Z,https://britcham.org.sg/sites/default/files/2023-04/greenhubjob.png,britcham.org.sg,English,Singapore
https://business.inquirer.net/395309/thailand-set-to-impose-a-carbon-tax-on-3-major-economic-sectors,https://business.inquirer.net/395309/thailand-set-to-impose-a-carbon-tax-on-3-major-economic-sectors/amp,Thailand set to impose a carbon tax on 3 major economic sectors,20230411T051500Z,https://business.inquirer.net/files/2023/02/2023-02-20T054027Z_1_LYNXMPEJ1J03Q_RTROPTP_4_THAILAND-CITYSCAPE-620x413.jpg,business.inquirer.net,English,Philippines
https://www.zawya.com/en/business/energy/europe-at-a-crossroads-as-it-attempts-to-go-green-muk23slc,https://www.zawya.com/en/business/energy/europe-at-a-crossroads-as-it-attempts-to-go-green-muk23slc?amp=1,Europe at a crossroads as it attempts to go green,20230411T061500Z,https://static.zawya.com/version/c:Y2QyZDM0Y2ItZjFlZC00:M2QxMTE1/1395775131.jpeg?f=3%3A2,zawya.com,English,United Arab Emirates
https://www.marketscreener.com/quote/stock/SEPLAT-ENERGY-PLC-16256802/news/SEPLAT-ENERGY-PUBLICATION-OF-2022-ANNUAL-REPORT-FOR-SEPLAT-ENERGY-PLC-43463456/,https://www.marketscreener.com/amp/quote/stock/SEPLAT-ENERGY-PLC-16256802/news/SEPLAT-ENERGY-PUBLICATION-OF-2022-ANNUAL-REPORT-FOR-SEPLAT-ENERGY-PLC-43463456/,SEPLAT ENERGY : PUBLICATION OF 2022 ANNUAL REPORT FOR SEPLAT ENERGY PLC,20230411T084500Z,https://www.marketscreener.com/images/twitter_MS_fdgris.png,marketscreener.com,English,
https://www.barrons.com/articles/future-returns-the-expanding-realm-of-impact-bonds-41b1b56a,https://www.barrons.com/amp/articles/future-returns-the-expanding-realm-of-impact-bonds-41b1b56a,Future Returns : The Expanding Realm of Impact Bonds,20230411T193000Z,https://images.barrons.com/im-761682/social,barrons.com,English,China
https://www.marketwatch.com/articles/future-returns-the-expanding-realm-of-impact-bonds-41b1b56a,,Future Returns : The Expanding Realm of Impact Bonds,20230411T193000Z,https://images.barrons.com/im-761682/social,marketwatch.com,English,United States
https://torontolife.com/city/the-50-most-influential-torontonians-of-2022/,,The 50 Most Influential Torontonians of 2022,20230411T193000Z,https://torontolife.com/wp-content/uploads/2022/11/INFLUENTIALS_WEB_main-1200x628-1667936472.jpg,torontolife.com,English,Canada
https://www.manitobacooperator.ca/comment/comment-canada-needs-to-synchronize-its-climate-policies/,,Comment : Canada needs to synchronize its climate policies,20230411T221500Z,https://static.manitobacooperator.ca/wp-content/uploads/2023/04/11162349/farmland-mountains-WesternCanada-BC-501882966-Thinkstock.jpg,manitobacooperator.ca,English,Canada
https://www.heritage.org/jobs-and-labor/report/heritage-employment-report-septembers-step-back,,Heritage Employment Report : September Step Back,20230411T230000Z,https://www.heritage.org/themes/heritage/src/images/bell.png,heritage.org,English,United States
https://techcabal.com/2023/04/11/nigerias-carbon-market/,,Nigeria is creating a carbon market with oil trading giant,20230411T230000Z,https://x7d4c5z5.stackpathcdn.com/wp-content/uploads/tc/2023/04/CarbonVista_Fund.jpeg,techcabal.com,English,Nigeria
https://www.bangkokpost.com/opinion/opinion/2548171/challenges-in-tackling-pm2-5-crisis,,Challenges in tackling PM2 . 5 crisis,20230412T000000Z,https://static.bangkokpost.com/media/content/dcx/2023/04/12/4716636_700.jpg,bangkokpost.com,English,Thailand
https://carbon-pulse.com/198948/,,"California fuel consumption dips in 2022 , pointing to lower WCI - covered CO2 output « Carbon Pulse",20230412T000000Z,,carbon-pulse.com,English,China
https://carbon-pulse.com/198961/,,"ETA partners appoint voluntary crediting standard , start to line up buyers for US - led global carbon trading programme « Carbon Pulse",20230412T000000Z,,carbon-pulse.com,English,China
https://carbon-pulse.com/198958/,,Quebec publishes draft offset regulation for slurry biomethane projects « Carbon Pulse,20230412T000000Z,,carbon-pulse.com,English,China
https://www.marketscreener.com/news/latest/Explainer-Why-a-clean-energy-transition-is-so-important-to-G7-chair-Japan--43471334/,https://www.marketscreener.com/amp/news/latest/Explainer-Why-a-clean-energy-transition-is-so-important-to-G7-chair-Japan--43471334/,Explainer - Why a clean energy transition is so important to G7 chair Japan - Stock market news,20230412T050000Z,https://img.zonebourse.com/reuters/2019-12/2019-12-05T032133Z_1_LYNXMPEFB405Z_RTROPTP_3_LNG-JAPAN-ANNIVERSARY.JPG,marketscreener.com,English,
https://www.nzherald.co.nz/the-country/news/carbon-price-plummet-costs-taxpayers-500-million/5QW33FGSWBFSDBWZH6SEJSUIBA/,,Carbon price plummet costs taxpayers $500 million,20230412T051500Z,https://www.nzherald.co.nz/resizer/ggtuNBW0yxyV2VXmT2AP-wdqpCU=/1200x675/smart/filters:quality(70)/cloudfront-ap-southeast-2.images.arcpublishing.com/nzme/WEL2DWVHNOZFUSLKXYMJEND25Q.jpg,nzherald.co.nz,English,New Zealand
https://www.travelandleisure.com/andbeyond-safari-wildeconomy-masterclass-east-africa-7439809,,This  Masterclas in East Africa Might Be the Most Meaningful Way to Take a Safari,20230412T051500Z,https://www.travelandleisure.com/thmb/66XmlR_czNvpMcqWoam-_4l1qds=/1500x0/filters:no_upscale():max_bytes(150000):strip_icc()/TAL-tembo-tented-camp-SAFARITRIPS0323-d78adced3bc2447382c4c23eebf3a59c.jpg,travelandleisure.com,English,United States
https://kelo.com/2023/04/11/explainer-why-a-clean-energy-transition-is-so-important-to-g7-chair-japan/,,Explainer - Why a clean energy transition is so important to G7 chair Japan,20230412T061500Z,https://storage.googleapis.com/media.mwcradio.com/mimesis/2023-04/12/2023-04-12T044440Z_2_LYNXMPEJ3B04Q_RTROPTP_3_G7-JAPAN-ENVIRONMENT.JPG,kelo.com,English,United States
https://dunyanews.tv/en/Business/715146-Why-a-clean-energy-transition-is-so-important-to-G7-chair-Japa,https://dunyanews.tv/amp/english/715146.php,Why a clean energy transition is so important to G7 chair Japan,20230412T061500Z,https://img.dunyanews.tv/news/2023/April/04-12-23/news_big_images/715146_25396278.jpg,dunyanews.tv,English,Pakistan
https://community.scoop.co.nz/2023/04/local-and-central-government-need-to-get-on-with-fixing-the-freshwater-crisis/,,Community Scoop » Local And Central Government Need To Get On With Fixing The Freshwater Crisis,20230412T073000Z,,community.scoop.co.nz,English,New Zealand
https://www.devdiscourse.com/article/headlines/2413675-japan-climate-group-urges-more-renewable-energy-effective-carbon-pricing,https://www.devdiscourse.com/article/headlines/2413675-japan-climate-group-urges-more-renewable-energy-effective-carbon-pricing?amp,"Japan climate group urges more renewable energy , effective carbon pricing",20230412T073000Z,https://www.devdiscourse.com/remote.axd?https://devdiscourse.blob.core.windows.net/devnews/30_05_2022_16_38_19_233644.jpg?&format=jpeg,devdiscourse.com,English,China
https://africabusinesscommunities.com/banking-and-finance/news/nigeria-sovereign-investment-authority-and-vitol-launch-carbonvista/,,Nigeria Sovereign Investment Authority and Vitol to launch CarbonVista,20230412T084500Z,https://africabusinesscommunities.com/Images/Key%20Industry%20Images/Green%20manufacturing.jpg,africabusinesscommunities.com,English,
https://www.naturalnews.com/2023-04-11-australia-cbdc-pilot-program-carbon-credit-trading.html,,"Australia launches CBDC test program , complete with carbon credit trading",20230412T090000Z,https://www.naturalnews.com/wp-content/uploads/sites/91/2023/04/CBDC-Digital-Currency-Bank-Computer-Microchip.jpg,naturalnews.com,English,United States
https://menafn.com/1105989063/ACX-Group-And-Natural-Capital-Credit-Consortium-Sign-A-Collaboration-Agreement-On-Carbon-Market-In-Japan,,ACX Group And Natural Capital Credit Consortium Sign A Colla ... ,20230412T100000Z,https://menafn.com/updates/pr/2023-04/12/EP_f3e81image_story.jpeg,menafn.com,English,Qatar
https://www.marketscreener.com/news/latest/Japan-climate-group-urges-more-renewable-energy-effective-carbon-pricing--43472950/,https://www.marketscreener.com/amp/news/latest/Japan-climate-group-urges-more-renewable-energy-effective-carbon-pricing--43472950/,"Japan climate group urges more renewable energy , effective carbon pricing - Stock market news",20230412T100000Z,https://www.marketscreener.com/images/twitter_ZB_fdblanc.png,marketscreener.com,English,
https://www.asahi.com/ajw/articles/14883920,,"Japan climate group urges more renewable energy , effective carbon pricing | The Asahi Shimbun : Breaking News , Japan News and Analysis",20230412T103000Z,https://p.potaufeu.asahi.com/2223-p/picture/27524424/0c104f67d1b6034c57488b6fd432e84c.jpg,asahi.com,English,Japan
https://www.oedigital.com/news/504305-japan-climate-group-urges-more-renewable-energy-effective-carbon-pricing,,"Japan Climate Group Urges More Renewable Energy , Effective Carbon Pricing",20230412T103000Z,https://images.oedigital.com/images/maritime/w800/chrisrtadobestock-140209.jpg,oedigital.com,English,Norway
http://www.oedigital.com/news/504305-japan-climate-group-urges-more-renewable-energy-effective-carbon-pricing,,"Japan Climate Group Urges More Renewable Energy , Effective Carbon Pricing",20230412T110000Z,https://images.oedigital.com/images/maritime/w800/chrisrtadobestock-140209.jpg,oedigital.com,English,Norway
https://carbon-pulse.com/199022/,,Euro Markets : Midday Update « Carbon Pulse,20230412T141500Z,,carbon-pulse.com,English,China
https://www.rnz.co.nz/news/national/486397/un-report-countries-recognise-they-have-to-act-on-climate-change,https://amp.rnz.co.nz/article/65d1c1e4-bedc-4bac-8593-f9229d731c22,UN report : Countries  recognise they have to act  on climate change,20230412T141500Z,https://rnz-ressh.cloudinary.com/image/upload/s--a9hBgLIU--/t_tohu-badge-facebook/v1677032596/4LDAK3T_IMG_0001_JPG,rnz.co.nz,English,
https://www.naturalgasworld.com/why-a-clean-energy-transition-is-so-key-to-g7-chair-japan-104639,,Why a clean energy transition is so important to G7 chair Japan,20230412T170000Z,,naturalgasworld.com,English,Russia
https://www.nationalaffairs.com/blog/detail/findings-a-daily-roundup/natural-capital,,Natural Capital,20230412T171500Z,,nationalaffairs.com,English,United States
https://thedailyblog.co.nz/2023/04/13/local-and-central-government-need-to-get-on-with-fixing-the-freshwater-crisis-forest-and-bird/,,Local And Central Government Need To Get On With Fixing The Freshwater Crisis – Forest And Bird,20230412T210000Z,https://thedailyblog.co.nz/wp-content/uploads/2023/03/Unknown-1-3.png,thedailyblog.co.nz,English,New Zealand
http://jordantimes.com/opinion/gernot-wagner/europe-must-tax-brown-and-subsidise-green,,Europe must tax brown and subsidise green,20230412T213000Z,,jordantimes.com,English,Jordan
https://americanfreepress.net/tea-party-continues-battle-against-big-government/,,Tea Party Continues Battle Against Big Government – American Free Press,20230412T213000Z,,americanfreepress.net,English,United States
https://www.harvardmagazine.com/2023/03/letters-ma23,,Letters to the Editor | Harvard Magazine,20230412T214500Z,,harvardmagazine.com,English,United States
https://www.stuff.co.nz/business/131758838/government-moves-to-restore-confidence-in-carbon-credit-pricing,,Government moves to restore confidence in carbon credit pricing,20230413T004500Z,https://resources.stuff.co.nz/content/dam/images/4/y/z/1/w/j/image.related.StuffLandscapeSixteenByNine.1420x800.26g1rq.png/1681344666464.jpg,stuff.co.nz,English,New Zealand
https://info.scoop.co.nz/Groundswell_NZ,,Groundswell NZ | Scoop InfoPages,20230413T013000Z,https://img.scoop.co.nz/stories/images/1908/scoop_image.jpg,info.scoop.co.nz,English,New Zealand
https://www.scoop.co.nz/stories/PA2304/S00071/new-independent-ets-advice-will-keep-nz-on-track-to-meet-emission-targets.htm,https://m.scoop.co.nz/stories/PA2304/S00071/new-independent-ets-advice-will-keep-nz-on-track-to-meet-emission-targets.htm,New Independent ETS Advice Will Keep NZ On Track To Meet Emission Targets,20230413T013000Z,http://img.scoop.co.nz/stories/images/1908/scoop_image.jpg,scoop.co.nz,English,New Zealand
https://www.courthousenews.com/california-high-speed-rail-projects-future-shaky-without-funding-boost/,,California high - speed rail project future shaky without funding boost,20230413T021500Z,https://www.courthousenews.com/wp-content/uploads/2021/06/CalifHSR.jpg,courthousenews.com,English,United States
https://menafn.com/1105996987/Europe-Must-Tax-Brown-And-Subsidise-Green,,Europe Must Tax Brown And Subsidise Green,20230413T034500Z,https://menafn.com/updates/pr/2023-04/12/JT_35b97image_story.png,menafn.com,English,Qatar
https://carbon-pulse.com/199005/,,"CP Daily : Wednesday April 12 , 2023 « Carbon Pulse",20230413T043000Z,,carbon-pulse.com,English,China
https://carbon-pulse.com/199099/,,"California retires nearly 300 , 000 offsets from forest buffer pool due to lapsed reporting « Carbon Pulse",20230413T043000Z,,carbon-pulse.com,English,China
https://www.seattletimes.com/opinion/letters-to-the-editor/renewable-energy-gradual-planned-approach/,https://www.seattletimes.com/opinion/letters-to-the-editor/renewable-energy-gradual-planned-approach/?amp=1,"Renewable energy : Gradual , planned approach",20230413T053000Z,https://www.seattletimes.com/wp-content/themes/st_refresh/img/st-meta-facebook.png,seattletimes.com,English,United States
https://www.devdiscourse.com/article/science-environment/2414967-new-advice-on-settings-for-emissions-trading-scheme-welcomed,https://www.devdiscourse.com/article/science-environment/2414967-new-advice-on-settings-for-emissions-trading-scheme-welcomed?amp,New advice on settings for Emissions Trading Scheme welcomed,20230413T070000Z,https://www.devdiscourse.com/remote.axd?https://devdiscourse.blob.core.windows.net/devnews/14_03_2019_10_19_58_7776663.jpg?&format=jpeg,devdiscourse.com,English,China
https://www.publicnewsservice.org/2023-04-13/climate-change-air-quality/rate-payer-revolt-in-co-calls-for-ending-dependence-on-gas-fired-energy/a83994-1,,Rate Payer Revolt in CO Calls for Ending Dependence on Gas Fired Energy / Public News Service,20230413T080000Z,https://www.newsservice.org/getimage.php?p=c2dpZD04Mzk5NCZzaWQ9MQ==,publicnewsservice.org,English,United States
https://www.capitalpress.com/opinion/editorials/editorial-hats-off-to-three-democrats-who-stood-up-for-farmers/article_d4c006f6-d4c2-11ed-94f1-f706c9177e38.html,,Editorial : Hats off to three Democrats who stood up for farmers,20230413T110000Z,https://bloximages.newyork1.vip.townnews.com/capitalpress.com/content/tncms/assets/v3/editorial/f/dd/fdd4c6da-d4d6-11ed-8bd1-4fc78fcf9ebb/642f5cd73c45b.image.jpg?crop=375%2C375%2C0%2C33,capitalpress.com,English,United States
https://www.modernreaders.com/news/2023/04/13/ulland-investment-advisors-llc-cuts-position-in-kraneshares-global-carbon-strategy-etf-nysearcakrbn.html,,Ulland Investment Advisors LLC Cuts Position in KraneShares Global Carbon Strategy ETF ( NYSEARCA : KRBN ) ,20230413T164500Z,,modernreaders.com,English,United States
https://www.marinelog.com/views/op-eds/op-ed-smaller-vessels-get-us-to-zero-emission-shipping/,,Op - Ed : Smaller vessels get us to zero - emission shipping,20230413T173000Z,https://www.marinelog.com/wp-content/uploads/2023/04/decarbonization_use-1.jpg,marinelog.com,English,United States
https://www.nzherald.co.nz/the-country/news/carbon-price-rises-as-government-called-out-for-kicking-climate-can-down-the-road/IU442BX7BFGDLKVRATZXBDQE4I/,,Carbon price rises as Government called out for kicking climate can down the road,20230413T231500Z,https://www.nzherald.co.nz/resizer/Td9wlvNQucT8vn9ldhE6-h6VNM8=/1200x675/smart/filters:quality(70)/cloudfront-ap-southeast-2.images.arcpublishing.com/nzme/ZMPNAFLRL5BT7EOJE7ZGOLYVIA.jpg,nzherald.co.nz,English,New Zealand
https://www.sfchronicle.com/bayarea/article/bart-transit-agencies-ask-california-6-billion-17891953.php,,"BART , transit agencies to ask California for $6 billion",20230414T000000Z,https://s.hdnux.com/photos/01/27/41/47/22944233/3/rawImage.jpg,sfchronicle.com,English,United States
https://carbon-pulse.com/199291/,,"WCI Markets : California carbon heads higher , but WCAs lead as $70 approaches « Carbon Pulse",20230414T000000Z,,carbon-pulse.com,English,China
https://community.scoop.co.nz/2023/04/stronger-action-needed-to-ensure-ets-fit-for-purpose/,,Community Scoop » Stronger Action Needed To Ensure ETS Fit For Purpose,20230414T020000Z,,community.scoop.co.nz,English,New Zealand
https://www.northwestgeorgianews.com/tribune/regional/bart-transit-agencies-to-ask-california-for-6-billion-heres-where-the-money-could-come/article_247804d1-25cc-5ebf-9752-eff978db323d.html,,"BART , transit agencies to ask California for $6 billion . Here where the money could come from",20230414T030000Z,https://bloximages.newyork1.vip.townnews.com/northwestgeorgianews.com/content/tncms/custom/image/c64789fc-5b19-11e6-80be-3f5962a3a1a4.jpg,northwestgeorgianews.com,English,United States
https://www.scoop.co.nz/stories/PO2304/S00085/stronger-action-needed-to-ensure-ets-fit-for-purpose.htm,https://m.scoop.co.nz/stories/PO2304/S00085/stronger-action-needed-to-ensure-ets-fit-for-purpose.htm,Stronger Action Needed To Ensure ETS Fit For Purpose,20230414T030000Z,http://img.scoop.co.nz/stories/images/1908/scoop_image.jpg,scoop.co.nz,English,New Zealand
https://english.vov.vn/en/society/vietnam-uk-sign-cooperation-deal-on-biodiverse-landscapes-fund-post1013835.vov,https://amp.vov.vn/en/society/vietnam-uk-sign-cooperation-deal-on-biodiverse-landscapes-fund-post1013835.vov?page=,"Vietnam , united kingdom sign cooperation deal on Biodiverse Landscapes Fund",20230414T031500Z,https://vov-media.emitech.vn/sites/default/files/styles/og_image_en/public/2023-04/a%20IMG_4937-1-1.jpg?v=1681440454,english.vov.vn,English,
https://www.heritage.org/homeland-security/report/after-hurricane-sandy-time-learn-and-implement-the-lessons-preparedness,,"After Hurricane Sandy : Time to Learn and Implement the Lessons in Preparedness , Response , and Resilience",20230414T031500Z,https://www.heritage.org/themes/heritage/src/images/bell.png,heritage.org,English,United States
https://www.infonews.co.nz/profile.cfm?id=461,,Waikato Regional Council - infonews . co . nz,20230414T033000Z,,infonews.co.nz,English,New Zealand
https://thestandard.org.nz/daily-review-14-04-2023/,https://thestandard.org.nz/daily-review-14-04-2023/amp/,Daily review 14 / 04 / 2023,20230414T084500Z,https://thestandard.org.nz/wp-content/uploads/2014/08/sunset.jpg,thestandard.org.nz,English,New Zealand
https://www.marketscreener.com/quote/stock/VOLUE-ASA-114002589/news/Volue-Early-April-Emissions-Data-Disclosure-to-Soon-Impact-Market-Expectations-for-the-Medium-Term-43492047/,https://www.marketscreener.com/amp/quote/stock/VOLUE-ASA-114002589/news/Volue-Early-April-Emissions-Data-Disclosure-to-Soon-Impact-Market-Expectations-for-the-Medium-Term-43492047/,Volue : Early April Emissions Data Disclosure to Soon Impact Market Expectations for the Medium Term,20230414T084500Z,https://www.marketscreener.com/images/twitter_MS_fdblanc.png,marketscreener.com,English,
https://carbon-pulse.com/199389/,,Euro Markets : Midday Update « Carbon Pulse,20230414T141500Z,,carbon-pulse.com,English,China
https://www.interest.co.nz/public-policy/120775/climate-change-commission%E2%80%99s-ets-advice-could-increase-households-costs-between,,How much could following the Climate Change Commission carbon price advice cost households ? ,20230414T213000Z,https://www.interest.co.nz,interest.co.nz,English,New Zealand
https://www.odt.co.nz/regions/central-otago/carbon-planting-application-trees-withdrawn,,Carbon planting : Application for trees withdrawn,20230414T224500Z,https://www.odt.co.nz/sites/default/files/styles/odt_story_opengraph_1200w/public/story/2023/04/a-whiskyopening-1.jpg?itok=kXxckiYW,odt.co.nz,English,New Zealand
https://thestandard.org.nz/open-mike-15-04-2023/,https://thestandard.org.nz/open-mike-15-04-2023/amp/,Open mike 15 / 04 / 2023,20230414T230000Z,https://thestandard.org.nz/wp-content/uploads/2018/03/open-mike-1.jpg,thestandard.org.nz,English,New Zealand
https://www.valuewalk.com/a-fading-fad-or-real-deal-how-long-can-the-allure-of-crypto-remain/,,A Fading Fad Or Real Deal : How Long Can The Allure Of Crypto Remain ? ,20230414T233000Z,https://www.valuewalk.com/wp-content/uploads/2023/03/Most-Tweeted-About-Cryptocurrency-Project.jpeg,valuewalk.com,English,United States
https://www.msn.com/en-ca/news/newspolitics/virginia-lawmakers-kill-youngkin-amendment-to-define-nuclear-energy-as-renewable/ar-AA19Sfc4,,Virginia lawmakers kill Youngkin amendment to define nuclear energy as renewable,20230415T004500Z,https://img-s-msn-com.akamaized.net/tenant/amp/entityid/AA19Sr03.img?&m=6&q=60&o=t&l=f&f=jpg&x=544&y=106,msn.com,English,United States
https://www.heritage.org/environment/commentary/obamas-climate-change-deceptions,,Obama Climate - Change Deceptions,20230415T061500Z,https://www.heritage.org/themes/heritage/src/images/bell.png,heritage.org,English,United States
https://wattsupwiththat.com/2023/04/15/contracts-for-difference-subsidies-on-the-rise-again/,,Contracts for Difference Subsidies on The Rise Again,20230415T101500Z,https://i0.wp.com/wattsupwiththat.com/wp-content/uploads/2023/04/big-green-1.webp?fit=1024%2C512&ssl=1,wattsupwiththat.com,English,United States
http://www.ruthfullyyours.com/page/8587/,,RUTHFULLY YOURS,20230415T104500Z,,ruthfullyyours.com,English,United States
https://english.kyodonews.net:443/news/2023/04/062558d78633-focus-japans-g-7-leadership-role-faces-tests-at-decarbonization-talks.html,,FOCUS : Japan G - 7 leadership role faces tests at decarbonization talks,20230416T093000Z,https://img.kyodonews.net/english/public/images/posts/f625687074fc6a1cc110e33400e482e2/cropped_image_l.jpg,english.kyodonews.net,English,Japan
https://www.msn.com/en-xl/news/other/australia-climate-activists-shovel-coal-off-train/ar-AA19VznD,,Australia climate activists shovel coal off train,20230416T131500Z,https://static-entertainment-eus-s-msn-com.akamaized.net/sc/c6/519670.jpg,msn.com,English,United States
https://www.bbc.com/news/world-australia-65292695,https://www.bbc.com/news/world-australia-65292695.amp,Australia climate protest : Rising Tide activists shovel coal off train,20230416T170000Z,https://ichef.bbci.co.uk/news/1024/branded_news/6579/production/_129377952_risingtide.jpg,bbc.com,English,United Kingdom
https://www.heritage.org/political-process/report/administrative-state-constitutional-government,,From Administrative State to Constitutional Government,20230416T194500Z,https://www.heritage.org/themes/heritage/src/images/bell.png,heritage.org,English,United States
https://global.chinadaily.com.cn/a/202304/17/WS643ca48ca310b6054facdf80.html,,"Greener world calls for closer ties between China , EU",20230417T024500Z,http://img2.chinadaily.com.cn/images/202304/17/643ca8cba310b60580cb448e.png,global.chinadaily.com.cn,English,China
https://www.nwitimes.com/news/local/education/vu-researchers-hope-to-tackle-climate-change-by-putting-co2-underground/article_fe095646-64ec-56e7-9097-18fd8519045b.html,,VU researchers hope to tackle climate change by putting CO2 underground,20230417T030000Z,https://bloximages.chicago2.vip.townnews.com/nwitimes.com/content/tncms/assets/v3/editorial/f/e0/fe095646-64ec-56e7-9097-18fd8519045b/643c8c4823e5a.preview.jpg?crop=620%2C326%2C0%2C43,nwitimes.com,English,United States
https://www.canarymedia.com/articles/food-and-farms/cattle-are-a-huge-climate-threat-smarter-ranching-can-help,,Cattle are a huge climate threat . Smarter ranching can … ,20230417T080000Z,"https://img.canarymedia.com/content/uploads/cropped-cows-in-brazil.JPEG?auto=compress,format&crop=focalpoint&fit=crop&fp-x=0.5&fp-y=0.5&q=82&s=336300af5cee864f91e90ae3f89f63d4",canarymedia.com,English,
https://www.carbonbrief.org/daily-brief/g7-ministers-agree-to-speed-up-phaseout-of-fossil-fuels/,,G7 ministers agree to speed up phaseout of fossil fuels,20230417T104500Z,,carbonbrief.org,English,United Kingdom
https://visegradinsight.eu/polish-hungarian-frenemies-strike-ukraine-on-grain-exports/,,Polish Hungarian Frenemies Strike Ukraine on Grain Exports,20230417T111500Z,https://visegradinsight.eu/app/uploads/2023/04/VI-April-202319-1024x576.png,visegradinsight.eu,English,Poland
https://www.investineu.com/roberts-court-jurisprudence-what-was-and-what-will-come,,Roberts Court Jurisprudence : What Was And What Will Come,20230417T114500Z,https://calidigi.b-cdn.net/files/article/roberts-court-jurisprudence-what-was-and-what-will.jpg,investineu.com,English,Malta
https://allafrica.com/stories/202304170407.html,,Liberia : Did Liberia Sign a U . S . $50 Billion Carbon Deal ? ,20230417T130000Z,,allafrica.com,English,Nigeria
https://news.yahoo.com/cattle-huge-climate-threat-smarter-073000375.html,https://news.yahoo.com/amphtml/cattle-huge-climate-threat-smarter-073000375.html,Cattle are a huge climate threat . Smarter ranching can help,20230417T131500Z,https://s.yimg.com/ny/api/res/1.2/jEZ5rOU2.t4LGMbOAYCwrg--/YXBwaWQ9aGlnaGxhbmRlcjt3PTEyMDA7aD02OTY-/https://media.zenfs.com/en/canary_media_articles_453/4229748d243810b0781e6873c4a300fc,news.yahoo.com,English,United States
https://www.yahoo.com/entertainment/cattle-huge-climate-threat-smarter-073000375.html,https://www.yahoo.com/amphtml/entertainment/cattle-huge-climate-threat-smarter-073000375.html,Cattle are a huge climate threat . Smarter ranching can help,20230417T134500Z,https://s.yimg.com/ny/api/res/1.2/jEZ5rOU2.t4LGMbOAYCwrg--/YXBwaWQ9aGlnaGxhbmRlcjt3PTEyMDA7aD02OTY-/https://media.zenfs.com/en/canary_media_articles_453/4229748d243810b0781e6873c4a300fc,yahoo.com,English,United States
https://www.moneycontrol.com/news/opinion/no-more-cheap-flights-is-the-new-reality-for-air-travel-10427281.html,https://www.moneycontrol.com/news/opinion/no-more-cheap-flights-is-the-new-reality-for-air-travel-10427281.html/amp,No more cheap flights is the new reality for air travel,20230417T141500Z,https://images.moneycontrol.com/static-mcnews/2023/01/7-countries-covid-rules-chinese-travelers-770x433.jpg,moneycontrol.com,English,India
https://www.europarl.europa.eu/news/en/press-room/20230413IPR79701/,,EP TODAY | News | European Parliament,20230417T141500Z,https://www.europarl.europa.eu/news/img/meta-facebook.jpg,europarl.europa.eu,English,France
https://www.politico.com/newsletters/weekly-new-york-new-jersey-energy/2023/04/17/new-york-grid-operator-sees-reliability-needs-in-nyc-00092247,,New York grid operator sees reliability needs in NYC,20230417T144500Z,https://static.politico.com/da/f5/44342c424c68b675719324b1106b/politico.jpg,politico.com,English,United States
https://www.politico.com/newsletters/weekly-new-york-new-jersey-energy/2023/04/17/new-york-grid-operator-sees-reliability-needs-in-nyc-00092300,,New York grid operator sees reliability needs in NYC,20230417T144500Z,https://static.politico.com/da/f5/44342c424c68b675719324b1106b/politico.jpg,politico.com,English,United States
https://www.myjournals.org/index.php?nr=750698,,"MyJournals . org - Science -  IJERPH , Vol . 20 , Pages 5549 : The Roles of Carbon Trading System and Sustainable Energy Strategies in Reducing Carbon Emissions An Empirical Study in China with Panel Data  ( International Journal of Environmental Res...",20230417T191500Z,,myjournals.org,English,China
https://www.socialistsanddemocrats.eu/newsroom/sds-strong-social-climate-fund-needed-support-vulnerable-citizens-transition-climate,,S : Strong Social Climate Fund needed to support vulnerable citizens in the transition to climate neutrality,20230417T204500Z,https://www.socialistsanddemocrats.eu/sites/default/files/styles/meta_tags/public/2021-05/just-transition-fund-eco-green-climate-city.jpg?itok=vJdVCnFF,socialistsanddemocrats.eu,English,Austria
https://cleantechnica.com/2023/04/17/real-green-steel-progress/,https://cleantechnica.com/2023/04/17/real-green-steel-progress/amp/,Real Green Steel Progress,20230417T211500Z,https://cleantechnica.com/files/2023/04/image004.png,cleantechnica.com,English,United States
https://mvtelegraph.com/what-is-the-eu-plan-to-attain-carbon-neutrality/,https://mvtelegraph.com/what-is-the-eu-plan-to-attain-carbon-neutrality/amp/,What Is The EU Plan To Attain Carbon Neutrality • MV TELEGRAPH,20230417T220000Z,https://mvtelegraph.com/wp-content/uploads/2021/07/106910594-1626253554126-gettyimages-1143384201-urn_newsml_dpa_com_20090101_190513-99-195981-2.jpeg,mvtelegraph.com,English,United States
https://gcaptain.com/carbon-chronicles-voluntary-carbon-credits/,,Carbon Chronicles : Voluntary Carbon Credits,20230417T224500Z,https://gcaptain.com/wp-content/uploads/2023/04/shutterstock_678873535-800x536.jpg,gcaptain.com,English,United States
https://ww2.arb.ca.gov/news/california-climate-investments-reports-nearly-1b-funding-2022-support-communities-facing-worst,,"California Climate Investments reports nearly $1B in funding in 2022 to support communities facing the worst impacts of pollution , climate change",20230417T231500Z,,ww2.arb.ca.gov,English,United States
https://www.scoop.co.nz/stories/PA2304/S00108/treasury-report-backs-up-act.htm,https://m.scoop.co.nz/stories/PA2304/S00108/treasury-report-backs-up-act.htm,Treasury Report Backs Up ACT | Scoop News,20230418T010000Z,http://img.scoop.co.nz/stories/images/1908/scoop_image.jpg,scoop.co.nz,English,New Zealand
https://www.etftrends.com/climate-insights-channel/eu-carbon-allowances-set-tighten-2023-invest-with-kraneshares/,https://www.etftrends.com/climate-insights-channel/eu-carbon-allowances-set-tighten-2023-invest-with-kraneshares/amp/,EU Carbon Allowances Set to Tighten in 2023 : Invest With KraneShares,20230418T010000Z,,etftrends.com,English,China
https://www.channelnewsasia.com/sustainability/cna-explains-carbon-trading-tax-climate-change-global-warming-3424796,,CNA Explains : What is carbon trading and how does it work ? ,20230418T024500Z,"https://onecms-res.cloudinary.com/image/upload/s--UdoPvxPl--/fl_relative,g_south_east,l_one-cms:core:watermark:ap_data-1,w_0.1/f_auto,q_auto/c_fill,g_auto,h_338,w_600/v1/one-cms/core/climate_change-billowing_methane_38881.jpg?itok=aSb4RmxE",channelnewsasia.com,English,United States
http://www.voxy.co.nz/politics/5/415539,,Treasury report backs up what ACT has said all along - Seymour,20230418T044500Z,,voxy.co.nz,English,New Zealand
https://www.politico.eu/newsletter/brussels-playbook/climate-votes-fiscal-reform-commissions-platform-police/,https://www.politico.eu/newsletter/brussels-playbook/climate-votes-fiscal-reform-commissions-platform-police/amp/,Brussels Playbook : Climate votes Fiscal reform Commission platform police – POLITICO,20230418T064500Z,,politico.eu,English,United States
https://www.bernama.com/en/business/news.php?id=2182695,,"BERNAMA - MAYBANK IB : MALAYSIA HAS NO LARGE POOL OF DOMESTIC CARBON TRADERS , LACKS REGULATORY ESG FRAMEWORK",20230418T070000Z,https://www.bernama.com/storage/photos/342992ba806463439758c256ade3d6cd5e9d32748d133,bernama.com,English,Malaysia
https://www.euractiv.com/section/politics/news/eu-struggles-to-contain-defiant-pushback-on-ukrainian-grain-2/,,EU struggles to contain defiant pushback on Ukrainian grain,20230418T070000Z,https://www.euractiv.com/wp-content/uploads/sites/2/2023/04/lead-6-800x450.png,euractiv.com,English,United Kingdom
https://carbon-pulse.com/199564/,,"CP Daily : Monday April 17 , 2023 « Carbon Pulse",20230418T080000Z,,carbon-pulse.com,English,China
https://www.risk.net/risk-management/7953756/bingeing-on-block-sets-dlt-could-give-fx-its-netflix-moment,,Bingeing on block sets : DLT could give FX its  Netflix moment  ,20230418T081500Z,https://www.risk.net/sites/default/files/styles/metatag_image_large/public/article_copied_files/FX-Netflix-moment.jpg?ddfd3a&itok=D9F6Bhtn,risk.net,English,United Kingdom
https://energypost.eu/germany-closes-its-last-3-nuclear-reactors-understanding-the-reasons-why/,,Germany closes its last 3 nuclear reactors . Understanding the reasons why,20230418T083000Z,,energypost.eu,English,China
https://finance.yahoo.com/news/carbon-offset-carbon-credit-market-080000296.html,https://finance.yahoo.com/amphtml/news/carbon-offset-carbon-credit-market-080000296.html,"Carbon Offset / Carbon Credit Market Size Projected to Reach $1 , 602 . 7 Billion by 2028",20230418T084500Z,https://media.zenfs.com/en/globenewswire.com/d4c3eb630bf83da5a3947696840b275d,finance.yahoo.com,English,United States
https://www.politico.eu/article/parliament-approves-core-eu-climate-legislation/,https://www.politico.eu/article/parliament-approves-core-eu-climate-legislation/amp/,Parliament approves core EU climate legislation,20230418T111500Z,"https://www.politico.eu/cdn-cgi/image/width=1200,height=630,fit=crop,quality=80,onerror=redirect/wp-content/uploads/2023/04/18/11418281-scaled.jpg",politico.eu,English,United States
https://www.ibtimes.com/eu-lawmakers-adopt-vast-carbon-market-reform-3686939,https://www.ibtimes.com/eu-lawmakers-adopt-vast-carbon-market-reform-3686939?amp=1,EU Lawmakers Adopt Vast Carbon Market Reform,20230418T111500Z,https://d.ibtimes.com/en/full/4446977/eu-broadening-emissions-trading-scheme-more-industries-lowering-quotas-allowable-polluting.jpg,ibtimes.com,English,United States
https://news.yahoo.com/eu-lawmakers-adopt-vast-carbon-104806474.html,https://news.yahoo.com/amphtml/eu-lawmakers-adopt-vast-carbon-104806474.html,EU lawmakers adopt vast carbon market reform,20230418T111500Z,https://media.zenfs.com/en/afp.com/d724711205d92dffa88a12e860b321c8,news.yahoo.com,English,United States
https://www.marketscreener.com/news/latest/European-Parliament-Approves-Carbon-Border-Tax--43530590/,https://www.marketscreener.com/amp/news/latest/European-Parliament-Approves-Carbon-Border-Tax--43530590/,European Parliament Approves Carbon Border Tax - Stock market news,20230418T113000Z,https://www.marketscreener.com/images/twitter_ZB_fdblanc.png,marketscreener.com,English,
https://carbon-pulse.com/199753/,,AU Market : Market on mute ahead of Safeguard start - up as ACCU deliveries to govt pick up « Carbon Pulse,20230418T123000Z,,carbon-pulse.com,English,China
https://www.bangkokpost.com/business/2551939/eu-lawmakers-adopt-vast-carbon-market-reform,,EU lawmakers adopt vast carbon market reform,20230418T124500Z,https://static.bangkokpost.com/media/content/20230418/c1_4723649_700.jpg,bangkokpost.com,English,Thailand
https://www.chron.com/news/world/article/eu-lawmakers-adopt-deals-on-emissions-trading-17903508.php,,"EU lawmakers adopt deals on emissions trading , carbon tax",20230418T140000Z,https://www.chron.com/img/pages/article/opengraph_default.jpg,chron.com,English,United States
https://www.business-standard.com/world-news/eu-lawmakers-adopt-deals-on-emissions-trading-carbon-tax-by-55-123041800798_1.html,https://www.business-standard.com/amp/world-news/eu-lawmakers-adopt-deals-on-emissions-trading-carbon-tax-by-55-123041800798_1.html,"EU lawmakers adopt deals on emissions trading , carbon tax by 55 % ",20230418T141500Z,https://bsmedia.business-standard.com/_media/bs/img/article/2022-05/31/full/1654013790-5966.jpg,business-standard.com,English,India
https://www.thediplomat.ro/2023/04/18/fit-for-55-eu-parliament-adopts-key-laws-to-reach-2030-climate-target/,,Fit for 55 : EU Parliament adopts key laws to reach 2030 climate target,20230418T150000Z,https://www.thediplomat.ro/wp-content/uploads/2022/10/european-parliament-strasbourg-960x640.jpg,thediplomat.ro,English,Romania
https://www.spacedaily.com/reports/EU_lawmakers_adopt_vast_carbon_market_reform_999.html,,EU lawmakers adopt vast carbon market reform,20230418T154500Z,https://www.spxdaily.com/images-hg/quantum-internet-europe-artwork-hg.jpg,spacedaily.com,English,United States
https://www.dailypolitical.com/2023/04/18/pasadena-private-wealth-llc-acquires-14074-shares-of-kraneshares-global-carbon-strategy-etf-nysearcakrbn.html,,HP Inc . ( NYSE : HPQ ) Shares Acquired by Financial Advisors Network Inc . ,20230418T160000Z,,dailypolitical.com,English,United States
https://www.theaustralian.com.au/news/latest-news/eu-lawmakers-adopt-vast-carbon-market-reform/news-story/4314bc2947eb5e839d14a61c12ec2934?nk=8ed15f00de810286e81bb096f9600c30-1681833727,https://www.theaustralian.com.au/news/latest-news/eu-lawmakers-adopt-vast-carbon-market-reform/news-story/4314bc2947eb5e839d14a61c12ec2934?amp,EU lawmakers adopt vast carbon market reform,20230418T161500Z,https://content.api.news/v3/images/bin/24076ad4e9e9337bb3b35c45f1a06222,theaustralian.com.au,English,Australia
https://www.offshore-energy.biz/maritime-to-benefit-from-eur-2-billion-fund-to-decarbonize/,,Maritime to benefit from EUR 2 billion fund to decarbonize,20230418T171500Z,https://www.offshore-energy.biz/wp-content/uploads/sites/6/2022/11/European-Parliament.jpg,offshore-energy.biz,English,
https://www.europesun.com/news/273759069/european-parliament-adopts-key-laws-to-reach-2030-climate-target,,European Parliament adopts key laws to reach 2030 climate target,20230418T180000Z,https://cdn.bignewsnetwork.com/N2NiNmQ4ZmEtZGJ.jpg,europesun.com,English,Russia
https://www.urdupoint.com/en/middle-east/european-parliament-adopts-key-laws-to-reach-1678615.html,,European Parliament Adopts Key Laws To Reach 2030 Climate Target,20230418T181500Z,https://photo-cdn.urdupoint.com/media/2023/04/_3/420x350/pic_1681828206_ff057.jpg,urdupoint.com,English,Pakistan
https://www.irishsun.com/news/273759069/european-parliament-adopts-key-laws-to-reach-2030-climate-target,,European Parliament adopts key laws to reach 2030 climate target,20230418T190000Z,https://cdn.bignewsnetwork.com/N2NiNmQ4ZmEtZGJ.jpg,irishsun.com,English,Ireland
https://phys.org/news/2023-04-eu-lawmakers-vast-carbon-reform.html,https://phys.org/news/2023-04-eu-lawmakers-vast-carbon-reform.amp,EU lawmakers adopt vast carbon market reform,20230418T191500Z,https://scx2.b-cdn.net/gfx/news/2023/the-eu-is-broadening-a.jpg,phys.org,English,United States
https://www.spacedaily.com/afp/230418152519.uvgzcuoy.html,,EU lawmakers adopt vast carbon market reform,20230418T200000Z,,spacedaily.com,English,United States
https://www.eubusiness.com/news-eu/climate-emissions-trading.18ot,,"Euro - MPs greenlight laws to reach 2030 climate target EUbusiness . com | EU news , business and politics",20230418T200000Z,,eubusiness.com,English,Greece
https://www.plenglish.com/news/2023/04/18/eu-parliament-passes-laws-to-reduce-gas-emissions/,,EU Parliament passes laws to reduce gas emissions,20230418T200000Z,https://www.plenglish.com/wp-content/uploads/2023/04/UE-emision-de-gases.jpg,plenglish.com,English,Cuba
https://www.thestar.com/news/canada/2023/04/18/ontario-is-bringing-a-glass-of-water-to-put-out-a-house-on-fire-judge-rebukes-ford-government-but-rejects-climate-suit-by-young-activists.html,https://www.thestar.com/amp/news/canada/2023/04/18/ontario-is-bringing-a-glass-of-water-to-put-out-a-house-on-fire-judge-rebukes-ford-government-but-rejects-climate-suit-by-young-activists.html,Judge rejects Ontario teen climate lawsuit,20230418T214500Z,https://images.thestar.com/VieYhee0d1-hpKwJm_9jryuj-Xw=/1200x800/smart/filters:cb(1681853428443):format(webp)/https://www.thestar.com/content/dam/thestar/news/canada/2023/04/18/ontario-is-bringing-a-glass-of-water-to-put-out-a-house-on-fire-judge-rebukes-ford-government-but-rejects-climate-suit-by-young-activists/na_climate_kids_suit_2_.jpg,thestar.com,English,Canada
https://www.nzherald.co.nz/nz/politics/national-leader-christopher-luxon-releases-farming-policy-resume-live-animal-exports-cut-red-tape-scrap-migrant-worker-median-wage/3TQTFNHWLFFL3BZPSH6BA247KQ/,,"National leader Christopher Luxon releases farming policy - resume live animal exports , cut red tape , scrap migrant worker median wage",20230418T214500Z,https://www.nzherald.co.nz/resizer/AE14vYAJ5dwx_UU5_AmyQnBJrw4=/1200x675/smart/filters:quality(70)/cloudfront-ap-southeast-2.images.arcpublishing.com/nzme/753BBJAN7BH3DONWCQNEMVHV5I.jpg,nzherald.co.nz,English,New Zealand
https://carbon-pulse.com/199846/,,"Shipping sector not yet ready to commit to one alternative fuel , say experts « Carbon Pulse",20230418T221500Z,,carbon-pulse.com,English,China
https://carbon-pulse.com/199862/,,California lawmaker amends bill to ensure possible cap - and - trade reforms take effect in 2025 « Carbon Pulse,20230418T221500Z,,carbon-pulse.com,English,China
https://news.webindia123.com/news/Articles/World/20230419/4063455.html,,European Parliament adopts key laws to reach 2030 climate target,20230418T231500Z,,news.webindia123.com,English,India
https://www.politico.com/newsletters/power-switch/2023/04/18/what-gas-court-win-means-for-stove-bans-nationwide-00082767,,What ga court win means for stove bans nationwide,20230418T231500Z,https://static.politico.com/8f/35/c88758c545778839b1cdca5f8bff/restaurants-sue-berkeley-51646.jpg,politico.com,English,United States
https://www.wellandtribune.ca/ts/news/canada/2023/04/18/ontario-is-bringing-a-glass-of-water-to-put-out-a-house-on-fire-judge-rebukes-ford-government-but-rejects-climate-suit-by-young-activists.html,,Judge rejects Ontario teen climate lawsuit,20230419T000000Z,https://images.thestar.com/GMJKId6Vjwo-x3k2V42ZbOmW0N4=/1200x711/smart/filters:cb(1681860089395):format(webp)/https://www.wellandtribune.ca/content/dam/thestar/news/canada/2023/04/18/ontario-is-bringing-a-glass-of-water-to-put-out-a-house-on-fire-judge-rebukes-ford-government-but-rejects-climate-suit-by-young-activists/na_climate_kids_suit_3_.jpg,wellandtribune.ca,English,Canada
https://www.thisdaylive.com/index.php/2023/04/19/osinbajo-africa-requires-industrialisation-to-move-millions-out-of-poverty/,https://www.thisdaylive.com/index.php/2023/04/19/osinbajo-africa-requires-industrialisation-to-move-millions-out-of-poverty/amp/,Osinbajo : Africa Requires Industrialisation to Move Millions Out of Poverty – THISDAYLIVE,20230419T031500Z,,thisdaylive.com,English,Nigeria
https://www.nzherald.co.nz/business/nzx-forecasts-steady-earnings-in-2023-revenue-expansion/PMWH6HRNSZG6FOOV3DDHYV64HI/,,"NZX forecasts steady earnings in 2023 , revenue expansion",20230419T034500Z,https://www.nzherald.co.nz/resizer/OXwAvRyH2EmuYkWI51JITiT5QUQ=/1200x675/smart/filters:quality(70)/cloudfront-ap-southeast-2.images.arcpublishing.com/nzme/RJEYPHNHNFGLBDJRIQCQS7L4KA.jpg,nzherald.co.nz,English,New Zealand
https://www.scoop.co.nz/stories/PO2304/S00113/nationals-farm-policy-will-make-drinking-water-contamination-and-climate-change-worse.htm,https://m.scoop.co.nz/stories/PO2304/S00113/nationals-farm-policy-will-make-drinking-water-contamination-and-climate-change-worse.htm,National Farm Policy Will Make Drinking Water Contamination And Climate Change Worse,20230419T040000Z,http://img.scoop.co.nz/stories/images/1908/scoop_image.jpg,scoop.co.nz,English,New Zealand
https://www.brecorder.com/news/40237969/eu-lawmakers-adopt-vast-carbon-market-reform,,EU lawmakers adopt vast carbon market reform - World,20230419T053000Z,,brecorder.com,English,Pakistan
https://www.dfnionline.com/latest-news/uk-aviation-industry-announces-two-year-action-plan-sustainable-skies-world-sumit-19-04-2023/,,UK aviation industry announces two year action plan at Sustainable Skies World Sumit,20230419T090000Z,https://djx5h8pabpett.cloudfront.net/wp-content/uploads/sites/4/2022/12/generic-plane-shutterstock_786122518-560x315.jpg,dfnionline.com,English,China
https://www.padovanews.it/2023/04/19/global-carbon-credit-market-2023-sector-to-reach-2-68-trillion-by-2028-at-a-cagr-of-18-23/,,Global Carbon Credit Market 2023 : Sector to Reach $2 . 68 Trillion by 2028 at a CAGR of 18 . 23 % – Padovanews,20230419T134500Z,,padovanews.it,English,Italy
https://carbon-pulse.com/200008/,,Combined emissions of France and Spain could be cut through circularity - report « Carbon Pulse,20230419T150000Z,,carbon-pulse.com,English,China
https://news.yahoo.com/tanso-banks-seed-co2-footprint-162752570.html,https://news.yahoo.com/amphtml/tanso-banks-seed-co2-footprint-162752570.html,Tanso banks a seed for its CO2 footprint software for industrial manufacturers,20230419T173000Z,https://s.yimg.com/ny/api/res/1.2/0OBxmgQLQ3d4tgN9syVWnw--/YXBwaWQ9aGlnaGxhbmRlcjt3PTEyMDA7aD04MDA-/https://media.zenfs.com/en/techcrunch_350/d2f605d425912c1cc091aff9d2b16c90,news.yahoo.com,English,United States
https://insideclimatenews.org/news/19042023/american-clean-power-association-natural-gas-policy/,,Washington Biggest Clean Energy Lobbying Group Pushes Natural Gas - Friendly Policy,20230419T181500Z,https://insideclimatenews.org/wp-content/uploads/2023/04/jason-grumet_caroline-brehman-cq-roll-call-inc-getty-scaled.jpg,insideclimatenews.org,English,United States
https://www.maritime-executive.com/corporate/dnv-launches-real-time-emissions-data-verification-solution,,DNV Launches Real - Time Emissions Data Verification Solution,20230419T181500Z,https://maritime-executive.com/media/images/PR2023/DNV-Emissions_inPixio.ce48af.jpg,maritime-executive.com,English,United States
https://www.newkerala.com/news/2023/48844.htm,,European Parliament adopts key laws to reach 2030 climate target,20230419T193000Z,https://www.newkerala.com/news/pics/t/newkerala-com-news250.jpg,newkerala.com,English,India
https://wattsupwiththat.com/2023/04/19/the-end-of-cheap-flights/,,The End of Cheap Flights,20230419T194500Z,https://i0.wp.com/wattsupwiththat.com/wp-content/uploads/2023/01/Charles_Rotter_Private_Jets_going_to_a_climate_conference_f1373a60-d7aa-4bfa-b3fa-362e40e05e4a.webp?fit=1024%2C512&ssl=1,wattsupwiththat.com,English,United States
https://www.heritage.org/environment/commentary/fracking-could-save-the-planet,,Fracking Could Save the Planet,20230419T194500Z,https://www.heritage.org/themes/heritage/src/images/bell.png,heritage.org,English,United States
https://economictimes.indiatimes.com/industry/renewables/bis-rolls-out-standards-and-tests-for-electric-vehicle-charging-infrastructure/articleshow/99622335.cms,https://m.economictimes.com/industry/renewables/bis-rolls-out-standards-and-tests-for-electric-vehicle-charging-infrastructure/amp_articleshow/99622335.cms,BIS rolls out standards and tests for electric vehicle charging infrastructure,20230419T200000Z,"https://img.etimg.com/thumb/msid-99622397,width-1070,height-580,imgsize-44754,overlay-economictimes/photo.jpg",economictimes.indiatimes.com,English,India
https://www.alberta.ca/release.cfm?xID=86978087C592D-F749-676B-C551463A3A50AAC2,,Balancing the economy and the environment,20230419T203000Z,,alberta.ca,English,Canada
https://www.jdsupra.com/legalnews/the-time-for-climate-investment-is-here-3227296/,,The Time for Climate Investment is Here | Jenner & Block,20230419T204500Z,https://jdsupra-static.s3.amazonaws.com/profile-images/og.16134_2910.jpg,jdsupra.com,English,United States
https://www.europesun.com/news/273763195/eu-lawmakers-adopt-overhaul-of-blocs-most-ambitious-climate-laws,,EU lawmakers adopt overhaul of bloc most ambitious climate laws,20230419T214500Z,https://cdn.bignewsnetwork.com/rfi1681912027.jpg,europesun.com,English,Russia
https://www.hellenicshippingnews.com/dnv-launches-real-time-emissions-data-verification-solution-for-trusted-collaboration-across-maritime-value-chain/,,DNV launches real - time emissions data verification solution for trusted collaboration across maritime value chain,20230419T221500Z,,hellenicshippingnews.com,English,China
https://www.hellenicshippingnews.com/fratelli-cosulich-fast-tracks-green-marine-fuel-supply-plan-in-singapore-europe/,,"Fratelli Cosulich fast - tracks green marine fuel supply plan in Singapore , Europe",20230419T221500Z,,hellenicshippingnews.com,English,China
https://www.marinelog.com/legal/shipping/eu-ets-revision-sends-imo-a-message-on-decarbonization/,,EU ETS revision sends IMO a message on maritime decarbonization,20230419T230000Z,https://www.marinelog.com/wp-content/uploads/2019/02/euroflags.jpg,marinelog.com,English,United States
https://www.rigzone.com/news/eu_parliament_adopts_tougher_ghg_emission_rules-19-apr-2023-172574-article/,,EU Parliament Adopts Tougher GHG Emission Rules,20230419T231500Z,https://images.rigzone.com/images/news/articles/EU-Parliament-Adopts-Tougher-GHG-Emission-Rules-172574-582x327.png,rigzone.com,English,United States
https://www.thecentersquare.com/washington/article_d6a21f84-df00-11ed-8ad4-c36dc163bd57.html,https://www.thecentersquare.com/washington/article_d6a21f84-df00-11ed-8ad4-c36dc163bd57.amp.html,Think tank : State should acknowledge carbon tax a factor in WA gas price hikes,20230419T234500Z,https://bloximages.newyork1.vip.townnews.com/thecentersquare.com/content/tncms/assets/v3/editorial/4/27/4271c8d8-8ad5-11e9-b9a7-af9a3a285090/5cfd36894605b.image.jpg?crop=1000%2C525%2C0%2C70,thecentersquare.com,English,
https://carbon-pulse.com/200090/,,EU sea ports call on Brussels to prevent ETS evasion by ships « Carbon Pulse,20230420T020000Z,,carbon-pulse.com,English,China
https://carbon-pulse.com/200092/,,Canada oilsands province of Alberta outlines road to aspirational 2050 carbon neutrality « Carbon Pulse,20230420T020000Z,,carbon-pulse.com,English,China
https://auto.economictimes.indiatimes.com/news/industry/bis-rolls-out-standards-and-tests-for-electric-vehicle-charging-infrastructure/99626938,,"BIS rolls out standards and tests for electric vehicle charging infrastructure , ET Auto",20230420T040000Z,"https://etimg.etb2bimg.com/thumb/msid-99626938,imgsize-1468536,width-1200,height=765,overlay-etauto/industry/bis-rolls-out-standards-and-tests-for-electric-vehicle-charging-infrastructure.jpg",auto.economictimes.indiatimes.com,English,India
https://www.marinelink.com/news/dnv-launches-realtime-emissions-data-504515,,DNV Launches Real - Time Emissions Data Verification,20230420T040000Z,https://images.marinelink.com/images/maritime/w800/source-dnv-140424.jpg,marinelink.com,English,United States
https://www.modernreaders.com/news/2023/04/20/sgl-carbon-etrsgl-trading-up-2.html,,SGL Carbon ( ETR : SGL ) Trading Up 2 % ,20230420T044500Z,,modernreaders.com,English,United States
http://www.itnewsonline.com/news/Hyperchain-Technology-Debuts-at-InnoEX-Starting-Its-Blockchain-Expansion-Tour-Overseas/14240,,"IT News Online - Hyperchain Technology Debuts at InnoEX , Starting Its Blockchain Expansion Tour Overseas",20230420T070000Z,,itnewsonline.com,English,United States
https://carbon-pulse.com/199922/,,"CP Daily : Wednesday April 19 , 2023 « Carbon Pulse",20230420T070000Z,,carbon-pulse.com,English,China
https://www.livetradingnews.com/greenhouse-gas-emissions-and-carbon-credits-220485.html,https://www.livetradingnews.com/amp/greenhouse-gas-emissions-and-carbon-credits-220485.html,Greenhouse Gas Emissions and Carbon Credits,20230420T074500Z,https://www.livetradingnews.com/wp-content/uploads/2023/04/thediplomat-network-3524352_1280.jpg,livetradingnews.com,English,United States
https://www.livetradingnews.com/understanding-carbon-credit-pricing-220483.html,https://www.livetradingnews.com/amp/understanding-carbon-credit-pricing-220483.html,Understanding Carbon Credit Pricing,20230420T074500Z,https://www.livetradingnews.com/wp-content/uploads/2023/04/photo-1518548419970-58e3b4079ab2.jpg,livetradingnews.com,English,United States
https://timesofmalta.com/articles/view/engerers-law-strengthen-european-emissions-trading-system-signed.1026430,,Engerer law to strengthen European emissions trading system signed,20230420T084500Z,https://cdn-attachments.timesofmalta.com/b4ffaf6b35b101909c6bff5fc251c9373aaae1ed-1681975773-8f1a243b-1200x630.jpeg,timesofmalta.com,English,Malta
https://www.thenation.com/article/environment/bitcoin-mining-carbon-tax/,https://www.thenation.com/article/environment/bitcoin-mining-carbon-tax/tnamp/,A Bitcoin Mining Exposé Strengthens the Case for a Carbon Tax,20230420T160000Z,https://www.thenation.com/wp-content/uploads/2023/04/GettyImages-1235926783.jpg,thenation.com,English,United States
https://left.eu/climate-justice-now/,,Climate justice NOW . ,20230420T164500Z,https://left.eu/content/uploads/2023/04/48806738211_7b2bc813a7_b-1-e1646854465922-600x338.jpg,left.eu,English,
https://www.hindustantimes.com/world-news/the-alaskan-wilderness-reveals-the-past-and-the-future-101681998794841.html,https://www.hindustantimes.com/world-news/the-alaskan-wilderness-reveals-the-past-and-the-future-101681998794841-amp.html,The Alaskan wilderness reveals the past and the future,20230420T173000Z,https://www.hindustantimes.com/ht-img/img/2023/04/20/1600x900/howdy-89-fb5sEfPU-unsplash_1674821369844_1681999012716.jpg,hindustantimes.com,English,India
https://www.streetinsider.com/Accesswire/International+Paper+on+Improving+Their+Climate+Impact/21531243.html,,International Paper on Improving Their Climate Impact,20230420T181500Z,,streetinsider.com,English,United States
https://www.spacedaily.com/afp/230420132028.rjk1upki.html,,EU  Green Deal  in difficulty despite climate law votes,20230420T181500Z,,spacedaily.com,English,United States
https://www.maritime-executive.com/article/european-ports-call-evasion-of-eu-ets-a-serious-concern,,European Ports Call Evasion of EU ETS a  Serious Concern  ,20230420T181500Z,https://maritime-executive.com/media/images/article/Photos/Ports/Port-of-Rotterdam-container-terminal-expansion.6388bb.jpg,maritime-executive.com,English,United States
https://energycentral.com/c/rm/eu-track-meet-paris-agreement-goals,,EU on track to meet Paris Agreement goals,20230420T183000Z,https://energycentral.com/sites/default/files/styles/og_meta/public/ece/node_main/2023/4/eu201.jpg?itok=Zt646htJ,energycentral.com,English,United States
http://www.msn.com/en-us/news/politics/biden-s-other-pro-choice-policy-the-epa-s-market-based-plan-to-clean-up-american-cars/ar-AA1a7ipJ,,Biden other pro - choice policy : the EPA market - based plan to clean up American cars,20230420T190000Z,http://img-s-msn-com.akamaized.net/tenant/amp/entityid/AAZZTiA.img?&m=6&q=60&o=t&l=f&f=jpg,msn.com,English,United States
https://carbon-pulse.com/200230/,,"EU nations , united kingdom , Norway to join forces for North Sea clean tech scale - up « Carbon Pulse",20230420T203000Z,,carbon-pulse.com,English,China
https://www.theepochtimes.com/alberta-releases-emission-reduction-plan-aims-to-reach-net-zero-by-2050_5210314.html,,"Alberta Releases Emission Reduction Plan , Aims to Reach Net - Zero by 2050",20230420T221500Z,https://img.theepochtimes.com/assets/uploads/2022/03/12/CP151908362-1200x800.jpg,theepochtimes.com,English,United States
http://www.voxy.co.nz/politics/5/415694,,Grant Robertson is directing the country towards disaster - David Seymour,20230421T034500Z,,voxy.co.nz,English,New Zealand
https://www.sevendaysvt.com/vermont/clean-heat-standard-bill-clears-a-key-vote-in-vermont-house/Content?oid=38058964,https://www.sevendaysvt.com/vermont/clean-heat-standard-bill-clears-a-key-vote-in-vermont-house/Content?oid=38058964 =AMP+HTML,Clean Heat Standard Bill Clears a Key Vote in Vermont House,20230421T043000Z,https://media2.sevendaysvt.com/sevendaysvt/imager/u/slideshow/38059246/img-4690.jpg,sevendaysvt.com,English,United States
https://cyprus-mail.com/2023/04/21/cyprus-business-now-388/,,Cyprus Business Now | Cyprus Mail,20230421T050000Z,https://cyprus-mail.com/wp-content/uploads/2022/07/inflation-euro-zone-supermarket.jpg,cyprus-mail.com,English,Cyprus
https://dailytimes.com.pk/1086026/eu-green-pact-in-difficulty-despite-climate-law-votes/,https://dailytimes.com.pk/1086026/eu-green-pact-in-difficulty-despite-climate-law-votes/amp/,EU  Green Pact  in difficulty despite climate law votes,20230421T060000Z,,dailytimes.com.pk,English,Pakistan
http://www.ruthfullyyours.com/page/8593/,,RUTHFULLY YOURS,20230421T090000Z,,ruthfullyyours.com,English,United States
https://www.stiripesurse.ro/fit-for-55-en-route-to-climate-neutrality-by-2050-enr_2884705.html,https://www.stiripesurse.ro/amp.php?article_id=2884705,Fit for 55 : En route to climate neutrality by 2050 ? ( enr ) ,20230421T141500Z,https://media.stiripesurse.ro/image/201512/w800/incalzirea-globala.jpg,stiripesurse.ro,English,Romania
"https://www.streetinsider.com/SEC+Filings/Form+POS+AM+Circle+Energy,+Inc.NV/21536433.html",,"Form POS AM Circle Energy , Inc ./ NV",20230421T181500Z,,streetinsider.com,English,United States
https://www.taipeitimes.com/News/editorials/archives/2023/04/22/2003798395,,Cheap flights have become a distant reality for air travel,20230421T210000Z,,taipeitimes.com,English,Taiwan
https://advancedbiofuelsusa.info/european-parliament-takes-action-to-promote-the-use-of-saf/,,European Parliament Takes Action to Promote the Use of SAF – Advanced BioFuels united states ,20230421T211500Z,,advancedbiofuelsusa.info,English,United States
https://www.jdsupra.com/legalnews/european-parliament-approves-cbam-ets-9681713/,,"European Parliament Approves CBAM , ETS Revision and Deforestation Rules | Akin Gump Strauss Hauer & Feld LLP",20230421T214500Z,https://jdsupra-static.s3.amazonaws.com/profile-images/og.15281_0526.jpg,jdsupra.com,English,United States
https://www.sfexaminer.com/new-hydrogen-ferry-is-a-sea-change-for-san-francisco-bay/article_5e3f383e-dfae-11ed-b73c-53e9d6d03db4.html,,New hydrogen ferry is a  Sea Change  for San Francisco Bay,20230421T231500Z,https://bloximages.chicago2.vip.townnews.com/sfexaminer.com/content/tncms/assets/v3/editorial/b/2a/b2ac5ad6-de51-11ed-aa6b-db8c39ae43a1/643f4416edda4.image.jpg?crop=1763%2C926%2C0%2C124,sfexaminer.com,English,United States
https://www.sharonherald.com/opinion/the-readers-voice-letters-from-april-22-2023/article_cef2872e-e086-11ed-a630-cf33c0c7c24e.html,,"The Readers Voice : Letters from April 22 , 2023",20230422T043000Z,https://bloximages.chicago2.vip.townnews.com/sharonherald.com/content/tncms/custom/image/3106678e-6b76-11e5-ba53-53be1f213aa8.jpg,sharonherald.com,English,United States
https://carbon-pulse.com/200414/,,"CP Daily : Friday April 21 , 2023 « Carbon Pulse",20230422T060000Z,,carbon-pulse.com,English,China
https://financialpost.com/pmn/business-pmn/how-the-u-s-clean-air-act-lets-closed-coal-plants-keep-polluting-for-years,https://financialpost.com/pmn/business-pmn/how-the-u-s-clean-air-act-lets-closed-coal-plants-keep-polluting-for-years/wcm/83817176-b85b-4aa3-bf50-3fae9a7fb3d6/amp/,How the U . S . Clean Air Act lets closed coal plants keep polluting for years,20230422T114500Z,,financialpost.com,English,Canada
https://www.reuters.com/business/environment/how-us-clean-air-act-lets-closed-coal-plants-keep-polluting-years-2023-04-22/,,How the U . S . Clean Air Act lets closed coal plants keep polluting for years,20230422T114500Z,https://www.reuters.com/resizer/XAy7XVzeG12xAXyR8X0atKFOOgk=/1200x628/smart/filters:quality(80)/cloudfront-us-east-2.images.arcpublishing.com/reuters/R4NDFZ7LOZIN5O2OK7TX6D46TA.jpg,reuters.com,English,United States
https://news.yahoo.com/u-clean-air-act-lets-110921633.html,https://news.yahoo.com/amphtml/u-clean-air-act-lets-110921633.html,How the U . S . Clean Air Act lets closed coal plants keep polluting for years,20230422T114500Z,https://media.zenfs.com/en/reuters.com/2811e553e4afae95b971125225becfec,news.yahoo.com,English,United States
https://www.marketscreener.com/news/latest/How-the-U-S-Clean-Air-Act-lets-closed-coal-plants-keep-polluting-for-years--43607300/,https://www.marketscreener.com/amp/news/latest/How-the-U-S-Clean-Air-Act-lets-closed-coal-plants-keep-polluting-for-years--43607300/,How the U . S . Clean Air Act lets closed coal plants keep polluting for years - Stock market news,20230422T114500Z,https://img.zonebourse.com/reuters/2022-10/2022-10-06T110754Z_1_LYNXMPEI950J5_RTROPTP_3_USA-COAL-POLLUTION.JPG,marketscreener.com,English,
https://www.usnews.com/news/top-news/articles/2023-04-22/how-the-u-s-clean-air-act-lets-closed-coal-plants-keep-polluting-for-years,,How the U . S . Clean Air Act Lets Closed Coal Plants Keep Polluting for Years,20230422T114500Z,"https://www.usnews.com/cmsmedia/62/25c92329aa08f60763d81036300d8b/tag:reuters.com,2023:newsml_LYNXNPEJ3L03P:12023-04-22T110921Z_1_LYNXNPEJ3L03P_RTROPTP_3_USA-COAL-CREDITS.JPG",usnews.com,English,United States
https://www.ibtimes.com/how-us-clean-air-act-lets-closed-coal-plants-keep-polluting-years-3688294,https://www.ibtimes.com/how-us-clean-air-act-lets-closed-coal-plants-keep-polluting-years-3688294?amp=1,How The U . S . Clean Air Act Lets Closed Coal Plants Keep Polluting For Years,20230422T124500Z,https://d.ibtimes.com/en/full/4449049/steam-rises-duke-energys-marshall-power-plant-sherrills-ford.jpg,ibtimes.com,English,United States
https://www.933thedrive.com/2023/04/22/how-the-u-s-clean-air-act-lets-closed-coal-plants-keep-polluting-for-years/,,How the U . S . Clean Air Act lets closed coal plants keep polluting for years,20230422T124500Z,https://storage.googleapis.com/media.mwcradio.com/mimesis/2023-04/22/2023-04-22T110921Z_1_LYNXNPEJ3L03Q_RTROPTP_3_USA-COAL-CREDITS.JPG,933thedrive.com,English,United States
https://wtbx.com/2023/04/22/how-the-u-s-clean-air-act-lets-closed-coal-plants-keep-polluting-for-years/,,How the U . S . Clean Air Act lets closed coal plants keep polluting for years,20230422T130000Z,https://storage.googleapis.com/media.mwcradio.com/mimesis/2023-04/22/2023-04-22T110921Z_1_LYNXNPEJ3L03Q_RTROPTP_3_USA-COAL-CREDITS.JPG,wtbx.com,English,United States
https://www.stltoday.com/news/local/state-and-regional/how-the-clean-air-act-lets-closed-coal-plants-keep-polluting-for-years/article_34b300dc-e106-11ed-aaff-479967604278.html,,How the Clean Air Act lets closed coal plants keep polluting for years,20230422T131500Z,https://bloximages.newyork1.vip.townnews.com/stltoday.com/content/tncms/assets/v3/editorial/5/b0/5b02553e-9d0b-5dec-8f40-d3e26ac710d4/6443cfd149282.image.jpg?crop=1143%2C600%2C28%2C0,stltoday.com,English,United States
http://www.ruthfullyyours.com/page/8594/,,RUTHFULLY YOURS,20230422T131500Z,,ruthfullyyours.com,English,United States
https://www.msn.com/en-xl/africa/other/ghana-s-carbon-market-ripe-for-investment/ar-AA1abLPl,,Ghana carbon market ripe for investment,20230422T134500Z,https://img-s-msn-com.akamaized.net/tenant/amp/entityid/AA1abA7o.img?&m=6&q=60&o=t&l=f&f=jpg&x=260&y=260,msn.com,English,United States
https://www.chron.com/news/article/fallout-from-willow-oil-project-lands-hard-on-17912364.php,,Fallout from Willow oil project lands hard on Harvard climate expert,20230422T144500Z,https://s.hdnux.com/photos/01/32/34/07/23708110/3/rawImage.jpg,chron.com,English,United States
https://www.japantimes.co.jp/news/2023/04/22/business/us-coal-plants-continue-polluting/,,How the U . S . Clean Air Act lets closed coal plants keep polluting for years,20230422T151500Z,https://cdn-japantimes.com/wp-content/uploads/2023/04/np_file_223248-870x489.jpeg,japantimes.co.jp,English,Japan
https://www.investing.com/news/commodities-news/how-the-us-clean-air-act-lets-closed-coal-plants-keep-polluting-for-years-3062048,https://m.investing.com/news/commodities-news/how-the-us-clean-air-act-lets-closed-coal-plants-keep-polluting-for-years-3062048?ampMode=1,How the U . S . Clean Air Act lets closed coal plants keep polluting for years By Reuters,20230422T161500Z,https://i-invdn-com.investing.com/trkd-images/LYNXNPEJ3L03Q_M.jpg,investing.com,English,United States
https://bdnews24.com/the-long-read/8q8pfc7u1x,https://bdnews24.com/amp/story/the-long-read%2F8q8pfc7u1x,How the US Clean Air Act lets closed coal plants keep polluting for years,20230422T171500Z,https://gumlet.assettype.com/bdnews24-english/2023-04/631bf86e-3849-4eb4-9025-7734d1fdf5fe/facebook_strip_18_04_2023_GPI_8_1024X65.jpg,bdnews24.com,English,Bangladesh
https://www.nytimes.com/interactive/2023/climate/climate-change-faq.html,,Have Climate Questions ? Get Answers Here . ,20230422T174500Z,https://static01.nyt.com/images/2023/02/10/climate/00cli-faq-promo/00cli-faq-promo-facebookJumbo.jpg,nytimes.com,English,United States
https://joannenova.com.au/2017/08/antarctica-91-volcanoes-coincidentally-found-under-glaciers-warming-due-to-climate-change/,,Antarctica – 91 volcanoes coincidentally found under glaciers warming  due to climate change  « JoNova,20230422T201500Z,,joannenova.com.au,English,Australia
https://www.oann.com/business/how-the-u-s-clean/,,How the U . S . Clean Air Act lets closed coal plants keep polluting for years,20230423T000000Z,https://c3.oann.com/wp-content/uploads/Reuters_Direct_Media/USOnlineReportBusinessNews/tagreuters.com2023binary_LYNXNPEJ3L050-BASEIMAGE.jpg,oann.com,English,United States
https://www.adn.com/business-economy/energy/2023/04/22/fallout-from-willow-oil-project-lands-hard-on-harvard-climate-expert/,,Fallout from Willow oil project lands hard on Harvard climate expert,20230423T020000Z,https://www.adn.com/resizer/SJg64xz-HC3o4_25tMCx2_Q48iw=/1200x630/filters:format(jpg):quality(70)/cloudfront-us-east-1.images.arcpublishing.com/adn/VHIDCRV2FNHXBOZNQEXOG4ADZE.jpg,adn.com,English,United States
https://www.shine.cn/biz/economy/2304230535/,,Shanghai and Singapore initiating new collaboration in new era,20230423T101500Z,https://obj.shine.cn/files/2023/04/23/7b9b44a9-3b18-4503-9e56-48f19a2f18c6_0.jpg,shine.cn,English,China
https://www.courant.com/2023/04/23/carol-platt-liebau-a-ct-proposal-that-would-not-move-the-carbon-needle-a-millimeter/,,Carol Platt Liebau : A CT proposal that would not move the carbon needle a millimeter,20230423T104500Z,https://www.courant.com/wp-content/uploads/migration/2022/11/10/4Z5ZZ4EYLAD4OCQ4CGWSYREXUM.jpg,courant.com,English,United States
https://www.thehindubusinessline.com/opinion/7-ways-to-ease-impact-of-carbon-border-tax/article66770651.ece,https://www.thehindubusinessline.com/opinion/7-ways-to-ease-impact-of-carbon-border-tax/article66770651.ece/amp/,7 ways to ease impact of Carbon Border Tax - The Hindu BusinessLine,20230423T160000Z,https://bl-i.thgim.com/public/incoming/p94hc7/article66770650.ece/alternates/LANDSCAPE_1200/2021-07-31T105102Z_1497974910_RC2MVO91A6LW_RTRMADP_3_CLIMATE-CHANGE-UN-PLEDGES.JPG,thehindubusinessline.com,English,India
https://hoopshabit.com/2023/04/23/nba-trades-3-moves-houston-rockets/,https://hoopshabit.com/2023/04/23/nba-trades-3-moves-houston-rockets/amp/,NBA Trades : These 3 offseason moves could transform the Rockets,20230423T210000Z,"https://images2.minutemediacdn.com/image/fetch/w_2000,h_2000,c_fit/https%3A%2F%2Fhoopshabit.com%2Fwp-content%2Fuploads%2Fgetty-images%2F2017%2F07%2F1244787753.jpeg",hoopshabit.com,English,United States
https://www.euractiv.com/section/politics/news/german-liberals-renew-call-for-higher-fuel-prices/,,German liberals renew call for higher fuel prices,20230424T063000Z,https://www.euractiv.com/wp-content/uploads/sites/2/2023/04/shutterstock_1112429606-800x450.jpg,euractiv.com,English,United Kingdom
http://www.china.org.cn/world/Off_the_Wire/2023-04/24/content_85250374.htm,,Vietnam to launch carbon credit trading trial by 2025,20230424T093000Z,,china.org.cn,English,China
http://en.people.cn/n3/2023/0424/c90000-20010533.html,,Vietnam to launch carbon credit trading trial by 2025 - People Daily Online,20230424T100000Z,,en.people.cn,English,China
https://wattsupwiththat.com/2023/04/24/weekly-climate-and-energy-news-roundup-549/,,Weekly Climate and Energy News Roundup # 549,20230424T100000Z,https://i0.wp.com/wattsupwiththat.com/wp-content/uploads/2021/01/IMG_6966.jpg?fit=940%2C600&ssl=1,wattsupwiththat.com,English,United States
https://www.penncapital-star.com/government-politics/for-every-pennsylvanian-pa-senate-dems-release-2023-priorities-list-monday-morning-coffee/,,  For every Pennsylvanian : Pa . Senate Dems . release 2023 priorities list | Monday Morning Coffee,20230424T114500Z,https://www.penncapital-star.com/wp-content/uploads/2022/05/220524_cap_star_capitol_day_428_edit.jpg,penncapital-star.com,English,
https://www.letsrecycle.com/news/campaign-groups-urge-pm-to-phase-out-efw/,,Campaign groups urge PM to  phase out  EfW,20230424T121500Z,https://www.letsrecycle.com/wp-content/uploads/2023/04/Energy-from-waste-scaled.jpg,letsrecycle.com,English,United Kingdom
https://www.laosnews.net/news/273779451/vietnam-to-launch-carbon-credit-trading-trial-by-2025,,Vietnam to launch carbon credit trading trial by 2025,20230424T121500Z,,laosnews.net,English,United States
https://globalforestcoalition.org/welcome-gfcs-new-policy-director/,,Global Forest Coalition A New Chapter in GFC Story : Welcoming Our New Policy Director,20230424T151500Z,https://globalforestcoalition.org/wp-content/uploads/2023/04/profile-photo-wolfgang-505x631.png,globalforestcoalition.org,English,
https://carbon-pulse.com/200605/,,Euro Markets : Midday Update « Carbon Pulse,20230424T151500Z,,carbon-pulse.com,English,China
https://www.msn.com/en-us/money/markets/how-the-us-clean-air-act-lets-closed-coal-plants-keep-polluting-for-years/ar-AA1ahhML,,How the U . S . Clean Air Act lets closed coal plants keep polluting for years,20230424T183000Z,https://img-s-msn-com.akamaized.net/tenant/amp/entityid/AA1ac1dq.img?&m=6&q=60&o=t&l=f&f=jpg,msn.com,English,United States
https://www.msn.com/en-us/news/us/how-the-u-s-clean-air-act-lets-closed-coal-plants-keep-polluting-for-years/ar-AA1ahhML,,How the U . S . Clean Air Act lets closed coal plants keep polluting for years,20230424T184500Z,https://img-s-msn-com.akamaized.net/tenant/amp/entityid/AA1ac1dq.img?&m=6&q=60&o=t&l=f&f=jpg,msn.com,English,United States
https://www.hellenicshippingnews.com/global-initiatives-shaping-the-future-of-green-methanol-production/,,Global initiatives shaping the future of green methanol production | Hellenic Shipping News Worldwide,20230424T214500Z,,hellenicshippingnews.com,English,China
https://nation.africa/kenya/blogs-opinion/blogs/give-more-cash-to-climate-change-mitigation-efforts-4211154,,Give more cash to climate change mitigation efforts,20230424T214500Z,,nation.africa,English,
https://www.hellenicshippingnews.com/a-greener-voyage-the-eu-emissions-trading-scheme-finally-given-the-all-clear-to-set-sail-for-maritime/,,A greener voyage : the EU emissions trading scheme finally given the all clear to set sail for maritime,20230424T230000Z,,hellenicshippingnews.com,English,China
https://carbon-pulse.com/200716/,,North Sea nations sign pledge to develop  renewable energy powerhouse  « Carbon Pulse,20230425T003000Z,,carbon-pulse.com,English,China
https://www.thecentersquare.com/washington/article_72c4f25e-e2d2-11ed-9398-976a71d9f11e.html,https://www.thecentersquare.com/washington/article_72c4f25e-e2d2-11ed-9398-976a71d9f11e.amp.html,Washington fuel prices up 73 cents this year after 14 weeks of price hikes,20230425T011500Z,https://bloximages.newyork1.vip.townnews.com/thecentersquare.com/content/tncms/assets/v3/editorial/5/38/538fcde0-e2f6-11ed-a212-ef774c376c97/64470eb2b2163.image.jpg?crop=1000%2C525%2C0%2C112,thecentersquare.com,English,
https://governorswindenergycoalition.org/how-the-clean-air-act-lets-closed-coal-plants-keep-polluting-for-years/,,How the Clean Air Act lets closed coal plants keep polluting for years - Governor Wind Energy Coalition,20230425T030000Z,,governorswindenergycoalition.org,English,United States
https://www.zawya.com/en/business/energy/eu-countries-approve-reform-of-blocs-carbon-market-jpckfkbf,https://www.zawya.com/en/business/energy/eu-countries-approve-reform-of-blocs-carbon-market-jpckfkbf?amp=1,EU gives green light to revamp of Europe main climate policy,20230425T104500Z,https://static.zawya.com/version/c:MmJjMGFiMGUtZTY2OS00:MWJhMDNi/eu-summit.jpeg?f=3%3A2,zawya.com,English,United Arab Emirates
https://shipandbunker.com/news/emea/354708-eu-carbon-market-reforms-passed-by-member-states,,EU Carbon Market Reforms Passed by Member States,20230425T104500Z,https://shipandbunker.cdn.speedyrails.net/a/img/_mt_cb7d0749edc03f1facf7bf622dc95460.jpg,shipandbunker.com,English,Singapore
https://news.yahoo.com/germany-faces-12-billion-shortfall-102336434.html,https://news.yahoo.com/amphtml/germany-faces-12-billion-shortfall-102336434.html,Germany Faces €12 billion Shortfall in Climate - Protection Fund,20230425T120000Z,https://s.yimg.com/ny/api/res/1.2/ysKIr9SDm9m_wqTSzbVlFA--/YXBwaWQ9aGlnaGxhbmRlcjt3PTEyMDA7aD04MDA-/https://media.zenfs.com/en/bloomberg_politics_602/644c40abc7e58006cef1d7d5e58525b1,news.yahoo.com,English,United States
https://www.barrons.com/news/eu-seals-carbon-market-reform-to-speed-cuts-in-greenhouse-gases-6186248c,https://www.barrons.com/amp/news/eu-seals-carbon-market-reform-to-speed-cuts-in-greenhouse-gases-6186248c,EU Seals Carbon Market Reform To Speed Cuts In Greenhouse Gases,20230425T120000Z,,barrons.com,English,China
https://www.yahoo.com/entertainment/liberal-democrats-run-wa-state-120000704.html,https://www.yahoo.com/amphtml/entertainment/liberal-democrats-run-wa-state-120000704.html,Liberal Democrats run WA state politics . Republicans have only themselves to blame,20230425T131500Z,https://media.zenfs.com/en/tacoma_news_tribune_mcclatchy_articles_153/1e954f679c64312c98fb140ae74d7691,yahoo.com,English,United States
https://www.sfchronicle.com/bayarea/article/bart-muni-transit-california-17911940.php,,State transit agencies to ask California for a $5 billion bailout,20230425T133000Z,https://s.hdnux.com/photos/01/31/52/41/23504970/3/rawImage.jpg,sfchronicle.com,English,United States
https://www.srilankasource.com/news/273784360/eu-gives-green-light-to-revamp-of-europes-main-climate-policy,,EU Gives Green Light to Revamp of Europe Main Climate Policy,20230425T134500Z,https://cdn.bignewsnetwork.com/voa1682424403.jpg,srilankasource.com,English,Sri Lanka
https://carbon-pulse.com/200791/,,Euro Markets : Midday Update « Carbon Pulse,20230425T144500Z,,carbon-pulse.com,English,China
https://www.spacedaily.com/afp/230425105012.ukg1tsu3.html,,EU seals carbon market reform to speed cuts in greenhouse gases,20230425T153000Z,,spacedaily.com,English,United States
https://climatechangedispatch.com/if-california-is-our-energy-future-be-afraid-be-very-afraid/,,"If California Is Our Energy Future , Be Afraid , Be Very Afraid",20230425T161500Z,https://climatechangedispatch.com/wp-content/uploads/2022/10/gavin-newsom-joe-biden.jpg,climatechangedispatch.com,English,United States
https://carbon-pulse.com/200825/,,Study backs argument for CBAM revenue recycling to vulnerable trading partners « Carbon Pulse,20230425T194500Z,,carbon-pulse.com,English,China
https://www.oregonlive.com/politics/2023/04/bills-moving-briskly-through-oregon-senate-despite-republican-delay-tactic.html,https://www.oregonlive.com/politics/2023/04/bills-moving-briskly-through-oregon-senate-despite-republican-delay-tactic.html?outputType=amp,Bills moving briskly through Oregon Senate despite Republican delay tactic,20230425T200000Z,https://www.oregonlive.com/resizer/G9tK-ooINByysqsl_tXnvv9BxnI=/1280x0/smart/cloudfront-us-east-1.images.arcpublishing.com/advancelocal/7P54F5Q77FAF5JIE62GK7QLPZ4.JPG,oregonlive.com,English,United States
https://spiceislander.com/climate-experts-global-stocktake-can-be-gamechanger-for-the-caribbean/,,Climate Experts : Global Stocktake can be gamechanger for the Caribbean,20230425T233000Z,,spiceislander.com,English,Grenada
https://carbon-pulse.com/200762/,,"CP Daily : Tuesday April 25 , 2023 « Carbon Pulse",20230426T003000Z,,carbon-pulse.com,English,China
https://www.reuters.com/business/energy/europe-raises-green-energy-climate-hurdles-with-red-tape-revamp-maguire-2023-04-25/,,Column : Europe raises green energy climate hurdles with red tape revamp : Maguire,20230426T003000Z,https://www.reuters.com/resizer/pAli2cyhUyVkSbrENFgoC_bk0jY=/1200x628/smart/filters:quality(80)/cloudfront-us-east-2.images.arcpublishing.com/reuters/ND4U6WLNMRI2VI7QHY42IVQLRU.jpg,reuters.com,English,United States
https://carbon-pulse.com/200899/,,Washington outlines free allowance distribution for electric utilities through 2026 « Carbon Pulse,20230426T003000Z,,carbon-pulse.com,English,China
https://carbon-pulse.com/200658/,,EU REPowerEU initiative to cut 20 % off household heating bills – study « Carbon Pulse,20230426T003000Z,,carbon-pulse.com,English,China
https://www.heritage.org/environment/commentary/waxmans-workover,,Waxman Workover,20230426T011500Z,https://www.heritage.org/themes/heritage/src/images/bell.png,heritage.org,English,United States
https://www.uniondemocrat.com/news/article_28f33f54-e3aa-11ed-a440-2f69f8a98480.html,,Tuolumne County receives nearly $7 million grant for Rim Fire reforestation,20230426T011500Z,https://bloximages.newyork1.vip.townnews.com/uniondemocrat.com/content/tncms/assets/v3/editorial/1/3e/13e0b64c-e3ae-11ed-976f-2ba03577e08f/644842f67f376.image.jpg?crop=1408%2C739%2C0%2C97,uniondemocrat.com,English,United States
https://nancyonnorwalk.com/gas-stations-truckers-say-emissions-bill-will-drive-energy-prices-higher/,,"Gas stations , truckers say emissions bill will drive energy prices higher",20230426T030000Z,https://nancyonnorwalk.com/wp-content/uploads/2023/04/gas-station-owners-IMG_2552-copy-1536x1152-1.webp,nancyonnorwalk.com,English,United States
http://www.china.org.cn/world/2023-04/26/content_85254812.htm,,EU adopts 2030 climate targets on carbon emissions,20230426T031500Z,,china.org.cn,English,China
https://menafn.com/1106098110/EU-Adopts-2030-Climate-Targets-On-Carbon-Emissions,,EU Adopts 2030 Climate Targets On Carbon Emissions,20230426T050000Z,https://menafn.com/updates/pr/2023-04/26/I_2c4daimage_story.jpg,menafn.com,English,Qatar
https://www.prokerala.com/news/articles/a1413537.html,,European Union adopts 2030 climate targets on carbon emissions,20230426T053000Z,,prokerala.com,English,India
https://www.citizensvoice.com/opinion/editorial/climate-panel-should-be-open/article_6603a60f-5197-50f2-a5db-e21e313da17c.html,,Climate panel should be open,20230426T054500Z,https://bloximages.newyork1.vip.townnews.com/citizensvoice.com/content/tncms/custom/image/793e14c8-bcc2-11ea-baba-d78c9f9e3f47.jpg,citizensvoice.com,English,United States
https://www.stuff.co.nz/national/politics/131863450/climate-commission-warns-of-boom-and-bust-for-forestry-and-emissions-trading-scheme,,Climate Commission warns of  boom and bust  for forestry and emissions trading scheme,20230426T063000Z,https://resources.stuff.co.nz/content/dam/images/4/z/1/l/9/6/image.related.StuffLandscapeSixteenByNine.1420x800.26iahm.png/1682488971729.jpg,stuff.co.nz,English,New Zealand
https://www.nzherald.co.nz/nz/climate-change-commission-too-much-reliance-on-forestry-calls-for-more-renewable-energy-electric-vehicles-and-limits-on-gas-in-buildings/NIWQZ7COUVCWNEYP34OQ5BZD5E/,,"Climate Change Commission : Too much reliance on forestry , calls for more renewable energy , electric vehicles and limits on gas in buildings",20230426T070000Z,https://www.nzherald.co.nz/resizer/KaikoITYIybA5iQXxRT8wOpFC0w=/1200x675/smart/filters:quality(70)/cloudfront-ap-southeast-2.images.arcpublishing.com/nzme/5JDVYCOKAVETLD7ET7EWKOZ4EA.jpg,nzherald.co.nz,English,New Zealand
https://www.msn.com/en-nz/news/national/bold-urgent-changes-called-for-climate-change-commission-releases-latest-draft-advice-to-govt/ar-AA1am1tn,,"Bold , urgent changes called for : Climate Change Commission releases latest draft advice to Govt",20230426T071500Z,https://img-s-msn-com.akamaized.net/tenant/amp/entityid/AA1amdtg.img?&m=6&q=60&o=t&l=f&f=jpg&x=540&y=223,msn.com,English,United States
https://www.thetimes-tribune.com/opinion/climate-panel-should-be-open/article_c67f800a-0ae0-527d-8a2c-a984f5e47009.html,https://www.thetimes-tribune.com/opinion/climate-panel-should-be-open/article_c67f800a-0ae0-527d-8a2c-a984f5e47009.amp.html,Climate panel should be open,20230426T074500Z,https://bloximages.newyork1.vip.townnews.com/thetimes-tribune.com/content/tncms/assets/v3/editorial/c/9a/c9a51e59-4425-5fa9-8568-06a8583eea81/64483bdc7e3b7.image.jpg?crop=1763%2C926%2C0%2C124,thetimes-tribune.com,English,United States
https://info.scoop.co.nz/Climate_Change_Commission,,Climate Change Commission | Scoop InfoPages,20230426T090000Z,https://img.scoop.co.nz/stories/images/1908/scoop_image.jpg,info.scoop.co.nz,English,New Zealand
https://www.scoop.co.nz/stories/PO2304/S00159/aotearoa-new-zealand-must-build-momentum-on-climate-action.htm,https://m.scoop.co.nz/stories/PO2304/S00159/aotearoa-new-zealand-must-build-momentum-on-climate-action.htm,Aotearoa New Zealand Must Build Momentum On Climate Action,20230426T090000Z,http://img.scoop.co.nz/stories/images/1908/scoop_image.jpg,scoop.co.nz,English,New Zealand
https://www.scoop.co.nz/stories/PA2304/S00164/consequences-of-zero-carbon-act-keep-on-coming.htm,https://m.scoop.co.nz/stories/PA2304/S00164/consequences-of-zero-carbon-act-keep-on-coming.htm,Consequences Of Zero Carbon Act Keep On Coming,20230426T090000Z,http://img.scoop.co.nz/stories/images/1908/scoop_image.jpg,scoop.co.nz,English,New Zealand
https://www.zawya.com/en/world/uk-and-europe/europe-raises-green-energy-climate-hurdles-with-red-tape-revamp-maguire-yznquk5c,https://www.zawya.com/en/world/uk-and-europe/europe-raises-green-energy-climate-hurdles-with-red-tape-revamp-maguire-yznquk5c?amp=1,Europe raises green energy climate hurdles with red tape revamp : Maguire,20230426T091500Z,https://static.zawya.com/view/acePublic/alias/contentid/MGJjNGExNTAtZmIwYy00/8/france-energy.jpeg?f=3%3A2,zawya.com,English,United Arab Emirates
https://www.americanthinker.com/articles/2023/04/a_test_case_to_expose_the_tyranny_of_the_administrative_state.html,,A Test Case to Expose the Tyranny of the Administrative State,20230426T093000Z,https://www.americanthinker.com/images/bucket/2023-04/245635.jpg,americanthinker.com,English,United States
https://www.prnewswire.com/news-releases/taiwan-students-share-impressions-of-mainland-301808043.html,,Taiwan students share impressions of mainland,20230426T093000Z,,prnewswire.com,English,United States
https://www.streetinsider.com/PRNewswire/Taiwan+students+share+impressions+of+mainland/21553010.html,,Taiwan students share impressions of mainland,20230426T093000Z,,streetinsider.com,English,United States
https://www.dw.com/en/climate-change-how-can-we-make-flying-greener/a-65109337,https://amp.dw.com/en/climate-change-how-can-we-make-flying-greener/a-65109337,Climate change : How can we make flying greener ? – DW – 04 / 26 / 2023,20230426T094500Z,https://static.dw.com/image/64793817_6.jpg,dw.com,English,Germany
https://www.interest.co.nz/public-policy/120928/climate-change-commission-calls-overhaul-emissions-trading-scheme-prevent,,Climate Change Commission calls for redesign of ETS scheme to slow forestry,20230426T094500Z,https://www.interest.co.nz,interest.co.nz,English,New Zealand
https://www.heritage.org/asia/report/chinese-military-superpower,,A Chinese Military Superpower ? ,20230426T100000Z,https://www.heritage.org/themes/heritage/src/images/bell.png,heritage.org,English,United States
https://carbon-pulse.com/200981/,,"NZ ETS must slash dependence on forestry credits , Climate Change Commission says « Carbon Pulse",20230426T100000Z,,carbon-pulse.com,English,China
https://www.benzinga.com/pressreleases/23/04/n32004718/taiwan-students-share-impressions-of-mainland,https://www.benzinga.com/amp/content/32004718,Taiwan students share impressions of mainland,20230426T101500Z,https://www.benzinga.com/next-assets/images/schema-image-default.png,benzinga.com,English,United States
http://www.voxy.co.nz/national/5/415841,,Climate Commission advice must tackle intensive dairy emissions - Greenpeace,20230426T110000Z,,voxy.co.nz,English,New Zealand
https://www.streetinsider.com/SEC+Filings/Form+10-Q+Philip+Morris+Internatio+For:+Mar+31/21554271.html,,Form 10 - Q Philip Morris Internatio For : Mar 31,20230426T120000Z,,streetinsider.com,English,United States
https://www.forbes.com/sites/kensilverstein/2023/04/26/nontraditional-disrupters-threaten-to-upend-the-carbon-credit-marketplace/,https://www.forbes.com/sites/kensilverstein/2023/04/26/nontraditional-disrupters-threaten-to-upend-the-carbon-credit-marketplace/amp/,Disrupters Threaten To Upend The Established Carbon Credit Marketplace,20230426T131500Z,https://imageio.forbes.com/specials-images/imageserve/6445ad142ac48f63a6a821c1/0x0.jpg?format=jpg,forbes.com,English,United States
https://oilprice.com/Energy/Energy-General/The-EU-Just-Made-Emissions-Even-More-Expensive.html,https://oilprice.com/Energy/Energy-General/The-EU-Just-Made-Emissions-Even-More-Expensive.amp.html,The EU Just Made Emissions Even More Expensive,20230426T140000Z,https://d32r1sh890xpii.cloudfront.net/article/718x300/2023-04-26_wn8semexah.jpg,oilprice.com,English,United States
https://www.eenews.net/articles/epa-wont-require-carbon-capture-at-all-power-plants-sources/,,EPA wont require carbon capture at all power plants sources,20230426T141500Z,https://static.politico.com/84/7b/83fa129b4dfe858aaab68ce7688a/clean-coal-85136.jpg,eenews.net,English,United States
https://livenews.co.nz/2023/04/26/climate-news-aotearoa-new-zealand-must-build-momentum-on-climate-action/,,Climate News – Aotearoa New Zealand must build momentum on climate action,20230426T153000Z,,livenews.co.nz,English,New Zealand
https://www.agri-pulse.com/articles/19308-california-triggers-national-concern-over-lcfs-credits-for-digesters,https://www.agri-pulse.com/articles/19308-california-triggers-national-concern-over-lcfs-credits-for-digesters/amp,California triggers national concern over LCFS credits for digesters,20230426T153000Z,https://www.agri-pulse.com/ext/resources/2021/05/18/Jordan_Farms_Cow_Digester_836x637.jpg?&t=1682509173,agri-pulse.com,English,United States
https://www.downtoearth.org.in/blog/climate-change/decoding-carbon-markets-role-of-intermediaries-in-the-web-of-transactions-88923,https://www.downtoearth.org.in/blog/climate change/amp/decoding-carbon-markets-role-of-intermediaries-in-the-web-of-transactions-88923,Decoding carbon markets : Role of intermediaries in the web of transactions,20230426T161500Z,https://cdn.downtoearth.org.in/library/large/2023-04-24/0.80026100_1682330024_istock-1389566620.jpg,downtoearth.org.in,English,India
https://www.gananoquereporter.com:443/opinion/letters/letter-to-the-editor-april-27-2023,https://www.gananoquereporter.com/opinion/letters/letter-to-the-editor-april-27-2023/wcm/cd2e7246-d82b-41cb-a89f-ab06ec7df328/amp/,"Cornwall letter to the editor , April 27 , 2023 | Gananoque Reporter",20230426T174500Z,https://smartcdn.gprod.postmedia.digital/nexus/wp-content/uploads/2018/09/Letter-to-the-Editor-e1534804526974.jpg,gananoquereporter.com,English,Canada
https://www.nzherald.co.nz/business/outlaws-recharged-all-the-ways-modern-criminals-can-steal-your-money/ERGEKST655H75LOXCB45PIA3RY/,,Outlaws recharged : All the ways modern criminals can steal your money,20230426T181500Z,https://www.nzherald.co.nz/resizer/KwNTe6aH0gt8v6Ma-IhTf2QCYoY=/1200x675/smart/filters:quality(70)/cloudfront-ap-southeast-2.images.arcpublishing.com/nzme/7UAYS7OUVFH5XBDIVLUDZCZAHI.jpg,nzherald.co.nz,English,New Zealand
https://www.thewhig.com:443/opinion/letters/letter-to-the-editor-april-27-2023,https://www.thewhig.com/opinion/letters/letter-to-the-editor-april-27-2023/wcm/cd2e7246-d82b-41cb-a89f-ab06ec7df328/amp/,"Cornwall letter to the editor , April 27 , 2023 | The Kingston Whig Standard",20230426T181500Z,https://smartcdn.gprod.postmedia.digital/nexus/wp-content/uploads/2018/09/Letter-to-the-Editor-e1534804526974.jpg,thewhig.com,English,Canada
https://www.ship-technology.com/comment/how-to-reduce-environmental-impact-through-data/,,How to reduce environmental impact through data,20230426T181500Z,https://www.ship-technology.com/wp-content/uploads/sites/8/2023/04/shutterstock_1859089111.jpg,ship-technology.com,English,United States
https://finance.yahoo.com/news/12-most-popular-retail-investor-182453995.html,https://finance.yahoo.com/amphtml/news/12-most-popular-retail-investor-182453995.html,12 Most Popular Retail Investor Stocks in 2023,20230426T190000Z,https://s.yimg.com/ny/api/res/1.2/NLwuRDGifcXnXVIs1yYgLQ--/YXBwaWQ9aGlnaGxhbmRlcjt3PTEyMDA7aD05MDA-/https://media.zenfs.com/en/insidermonkey.com/909f75c9b4d705d8380a2443e4a2797a,finance.yahoo.com,English,United States
https://carbon-pulse.com/201085/,,RWE posts 11 % drop in Q1 lignite generation as gas output rebounds « Carbon Pulse,20230426T194500Z,,carbon-pulse.com,English,China
https://carbon-pulse.com/201110/,,No shortage of European CO2 storage options as oil sector peddles investments « Carbon Pulse,20230426T194500Z,,carbon-pulse.com,English,China
https://carbon-pulse.com/201049/,,Parliamentary committees vote to beef up EU methane regulation « Carbon Pulse,20230426T194500Z,,carbon-pulse.com,English,China
https://cal.streetsblog.org/2023/04/25/back-for-another-try-stop-sign-bill-passes-first-committee/,,Back for Another Try : Stop Sign Bill Passes First Committee,20230426T200000Z,https://cal.streetsblog.org/wp-content/uploads/sites/13/2023/04/Bike-CapitolupdatecroppedsmallWORDS-1.jpg,cal.streetsblog.org,English,United States
https://www.standard-freeholder.com:443/opinion/letters/letter-to-the-editor-april-27-2023,https://www.standard-freeholder.com/opinion/letters/letter-to-the-editor-april-27-2023/wcm/cd2e7246-d82b-41cb-a89f-ab06ec7df328/amp/,"Cornwall letter to the editor , April 27 , 2023 | Cornwall Standard - Freeholder",20230426T201500Z,https://smartcdn.gprod.postmedia.digital/nexus/wp-content/uploads/2018/09/Letter-to-the-Editor-e1534804526974.jpg,standard-freeholder.com,English,Canada
https://www.barrons.com/news/dutch-unveil-28bn-euro-package-to-cut-greenhouse-emissions-42126b12,https://www.barrons.com/amp/news/dutch-unveil-28bn-euro-package-to-cut-greenhouse-emissions-42126b12,Dutch Unveil 28bn - euro Package To Cut Greenhouse Emissions,20230426T203000Z,,barrons.com,English,China
https://www.inforum.com/news/south-dakota/summit-carbon-ventures-into-private-carbon-credit-market-with-nextgen-deal,,Summit Carbon ventures into private carbon credit market with NextGen deal,20230426T223000Z,https://forum-communications-production-web.s3.us-west-2.amazonaws.com/brightspot/e8/5c/54812f7945ada4540671d11f622e/screen-shot-2023-04-26-at-3.32.30 PM.png,inforum.com,English,United States
https://thedailyblog.co.nz/2023/04/27/nz-politics-daily-27-april-2023/,,NZ Politics Daily : 27 April 2023 | The Daily Blog,20230427T003000Z,https://thedailyblog.co.nz/wp-content/uploads/2023/04/Screen-Shot-2023-04-09-at-1.48.39-PM-1.png,thedailyblog.co.nz,English,New Zealand
https://www.agweek.com/news/south-dakota/summit-carbon-ventures-into-private-carbon-credit-market-with-nextgen-deal,,Summit Carbon ventures into private carbon credit market with NextGen deal,20230427T014500Z,https://forum-communications-production-web.s3.us-west-2.amazonaws.com/brightspot/e8/5c/54812f7945ada4540671d11f622e/screen-shot-2023-04-26-at-3.32.30 PM.png,agweek.com,English,United States
https://www.energylivenews.com/2023/04/27/eleph-antastic-storage-potential-discovered-under-north-sea-uk-energy-secretary/,,Eleph - antastic storage potential discovered under North Sea : united kingdom Energy Secretary,20230427T014500Z,https://www.energylivenews.com/wp-content/uploads/2023/04/shutterstock_2285217859.jpg,energylivenews.com,English,United Kingdom
https://www.thedickinsonpress.com/news/south-dakota/summit-carbon-ventures-into-private-carbon-credit-market-with-nextgen-deal,,Summit Carbon ventures into private carbon credit market with NextGen deal,20230427T021500Z,https://forum-communications-production-web.s3.us-west-2.amazonaws.com/brightspot/e8/5c/54812f7945ada4540671d11f622e/screen-shot-2023-04-26-at-3.32.30 PM.png,thedickinsonpress.com,English,United States
https://www.tradewindsnews.com/shipyards/shipyards-build-up-to-the-challenge-of-launching-a-zero-emission-fleet/2-1-1437617,,Shipyards build up to the challenge of launching a zero - emission fleet,20230427T031500Z,https://images-global.nhst.tech/image/elBkSGFRclJFdDR5MDQrR2VzbjJVWjNrUm5xcTJjazVkK1VGZEdvazY2UT0=/nhst/binary/7662d7fb18e6758913707252f1c22265?image_version=720,tradewindsnews.com,English,China
https://www.rnz.co.nz/news/national/488785/carbon-neutral-2050-delaying-climate-action-will-cost-new-zealanders-more-scientist-says,https://amp.rnz.co.nz/article/f4886512-ad3a-4ac6-81e8-930255ea379d,"Carbon neutral 2050 : Delaying climate action will cost New Zealanders more , scientist says",20230427T031500Z,https://rnz-ressh.cloudinary.com/image/upload/s--z1ebKqS6--/t_tohu-badge-facebook/v1644452535/4M8Z1FT_copyright_image_266222,rnz.co.nz,English,
https://centreforaviation.com/news/european-council-adopts-key-laws-as-part-of-fit-for-55-package-1198492,,European Council adopts key laws as part of  Fit for 55  package,20230427T033000Z,,centreforaviation.com,English,China
https://centreforaviation.com/members/direct-news/fit-for-55-council-adopts-key-pieces-of-legislation-delivering-on-2030-climate-645958,,  Fit for 55 : Council adopts key pieces of legislation delivering on 2030 climate,20230427T033000Z,,centreforaviation.com,English,China
https://www.stuff.co.nz/environment/climate-news/131880089/energy-boffins-scold-government-for-scrapping-biofuels,,Energy boffins scold Government for scrapping biofuels,20230427T083000Z,,stuff.co.nz,English,New Zealand
https://www.rnz.co.nz/news/political/488785/carbon-neutral-2050-delaying-climate-action-will-cost-new-zealanders-more-scientist-says,https://amp.rnz.co.nz/article/f4886512-ad3a-4ac6-81e8-930255ea379d,"Carbon neutral 2050 : Delaying climate action will cost New Zealanders more , scientist says",20230427T083000Z,https://rnz-ressh.cloudinary.com/image/upload/s--z1ebKqS6--/t_tohu-badge-facebook/v1644452535/4M8Z1FT_copyright_image_266222,rnz.co.nz,English,
https://www.malaymail.com/news/malaysia/2023/04/27/sarawak-premier-wants-carbon-trading-law-put-in-place-at-federal-level/66654,https://www.malaymail.com/amp/news/malaysia/2023/04/27/sarawak-premier-wants-carbon-trading-law-put-in-place-at-federal-level/66654,Sarawak Premier wants carbon trading law put in place at federal level,20230427T093000Z,https://www.malaymail.com/malaymail/uploads/images/2023/04/27/thumbs/400x400/109928.jpg,malaymail.com,English,United States
https://www.marketscreener.com/quote/stock/THE-LINK-REAL-ESTATE-INVE-6498337/news/Hong-Kong-Advantages-in-Green-Buildings-RCEP-Market-Offers-Opportunities-to-Build-a-Sustainable-Fut-43656564/,https://www.marketscreener.com/amp/quote/stock/THE-LINK-REAL-ESTATE-INVE-6498337/news/Hong-Kong-Advantages-in-Green-Buildings-RCEP-Market-Offers-Opportunities-to-Build-a-Sustainable-Fut-43656564/,Hong Kong Advantages in Green Buildings : RCEP Market Offers Opportunities to Build a Sustainable Future,20230427T100000Z,https://www.marketscreener.com/images/twitter_MS_fdgris.png,marketscreener.com,English,
https://www.natlawreview.com/article/eu-parliament-approves-carbon-border-adjustment-mechanism,https://www.natlawreview.com/article/eu-parliament-approves-carbon-border-adjustment-mechanism?amp,Carbon Border Adjustment Mechanism Implements Fees,20230427T110000Z,https://www.natlawreview.com/sites/default/files/article/aux/22623/power%20plant%20smoke%20stack%20emissions%20EPA%20air%20quality%202_2.jpg,natlawreview.com,English,United States
https://www.theborneopost.com/2023/04/27/premier-sarawak-transitioning-to-new-economy/,,Premier : Sarawak transitioning to new economy,20230427T131500Z,https://www.theborneopost.com/newsimages/2023/04/kch-270423-gp-joraya-p2.jpg,theborneopost.com,English,Malaysia
https://www.theborneopost.com/2023/04/27/cm-forestry-development-not-contributing-to-deforestation/,,CM : Forestry development not contributing to deforestation,20230427T131500Z,https://www.theborneopost.com/newsimages/2023/04/kugan-joachim.jpg,theborneopost.com,English,Malaysia
https://www.jcnnewswire.com/pressrelease/83368/3/Hong-Kong-advantages-in-green-buildings,,Hong Kong advantages in green buildings,20230427T134500Z,,jcnnewswire.com,English,Japan
https://www.jcnnewswire.com/pressrelease/83367/2/Hong-Kong-advantages-in-green-buildings,,Hong Kong advantages in green buildings,20230427T134500Z,,jcnnewswire.com,English,Japan
https://www.alphagalileo.org/en-gb/Item-Display/ItemId/232946?returnurl=https://www.alphagalileo.org/en-gb/Item-Display/ItemId/232946,,News release : NTU Singapore Nanyang Business School launches a new centre for sustainable finance and financial innovation,20230427T134500Z,https://galileoalphamessages.s3.eu-west-2.amazonaws.com/Uploads/images/c6207599-cc7f-4d37-ac47-2190056186b8-1.png,alphagalileo.org,English,United Kingdom
https://www.jdsupra.com/legalnews/eu-parliament-approves-carbon-border-4952443/,,EU Parliament Approves Carbon Border Adjustment Mechanism | Beveridge & Diamond PC,20230427T170000Z,https://jdsupra-static.s3.amazonaws.com/profile-images/og.15478_5804.jpg,jdsupra.com,English,United States
https://www.etftrends.com/climate-insights-channel/2-etfs-to-capture-growth-and-diversification-in-carbon-credit-market/,https://www.etftrends.com/climate-insights-channel/2-etfs-to-capture-growth-and-diversification-in-carbon-credit-market/amp/,2 ETFs to Capture Growth and Diversification in the Carbon Credit Market,20230427T174500Z,https://www.etftrends.com/wp-content/uploads/2023/04/2-ETFs-to-Capture-Growth-and-Diversification-in-the-Carbon-Credit-Market.jpg,etftrends.com,English,China
https://www.jdsupra.com/legalnews/reform-of-the-eu-emissions-trading-9143477/,,Reform of the EU Emissions Trading System ( EU ETS ) - Extension of the EU ETS to the shipping sector | Hogan Lovells,20230427T210000Z,https://jdsupra-static.s3.amazonaws.com/profile-images/og.15723_926.jpg,jdsupra.com,English,United States
https://advancedbiofuelsusa.info/energy-boffins-scold-government-for-scrapping-biofuels/,,Energy Boffins Scold Government for Scrapping Biofuels – Advanced BioFuels united states ,20230427T211500Z,,advancedbiofuelsusa.info,English,United States
https://fuelcellsworks.com/news/hyster-named-a-finalist-in-world-hydrogen-awards-for-worlds-first-top-pick-container-handler-powered-by-hydrogen-fuel-cells/,,Hyster Named A Finalist In World Hydrogen Awards For World First Top - Pick Container Handler Powered By Hydrogen Fuel Cells,20230427T213000Z,https://img.fuelcellsworks.com/wp-content/uploads/2023/04/hyster-named-a-finalist-in-world-hydrogen-awards-for-worlds-first-top-pick-container-handler-powered-by-hydrogen-fuel-cells.png,fuelcellsworks.com,English,United States
https://wkzo.com/2023/04/27/marathon-to-pay-27-5-million-for-failing-to-curb-california-plant-pollution/,,Marathon to pay $27 . 5 million for failing to curb California plant pollution,20230427T224500Z,https://storage.googleapis.com/media.mwcradio.com/mimesis/2023-04/27/2023-04-27T215116Z_2_LYNXMPEJ3Q114_RTROPTP_3_REFINERY-OPERATIONS-ST-PAUL-PARK.JPG,wkzo.com,English,United States
https://www.hellenicshippingnews.com/mabux-bunker-prices-could-continue-downward-trend-next-week/,,MABUX : Bunker Prices Could Continue Downward Trend Next Week | Hellenic Shipping News Worldwide,20230427T231500Z,,hellenicshippingnews.com,English,China
https://cleantechnica.com/2023/04/27/canada-pays-85-billion-higher-social-carbon-price-than-oil-gas-revenues/,https://cleantechnica.com/2023/04/27/canada-pays-85-billion-higher-social-carbon-price-than-oil-gas-revenues/amp/,Canada Pays $85 Billion Higher Social Carbon Price Than Oil & Gas Revenues,20230428T003000Z,https://cleantechnica.com/files/2023/04/DALL%C2%B7E-generated-image-of-impact-of-global-warming-on-canada-digital-art-1024x576.png,cleantechnica.com,English,United States
https://www.theepochtimes.com/california-cost-of-living-analysis-exodus-edition_5227378.html,,California Cost of Living Analysis : Exodus Edition,20230428T013000Z,https://img.theepochtimes.com/assets/uploads/2023/04/19/id5207843-GettyImages-1251763836-1200x697.jpg,theepochtimes.com,English,United States
https://prwire.com.au/pr/108282/hong-kong-advantages-in-green-buildings,,Hong Kong advantages in green buildings,20230428T020000Z,https://www.acnnewswire.com/images/company/HKTDC3.jpg,prwire.com.au,English,Australia
https://markets.financialcontent.com/stocks/article/newmediawire-2023-4-28-hong-kong-advantages-in-green-buildings,,Stock Market | FinancialContent Business Page,20230428T041500Z,,markets.financialcontent.com,English,United States
https://carbon-pulse.com/201175/,,"CP Daily : Thursday April 27 , 2023 « Carbon Pulse",20230428T043000Z,,carbon-pulse.com,English,China
https://spectator.org/bidens-cheat-sheet-again-raises-the-question-of-who-is-really-in-charge/,,Biden Cheat Sheet Again Raises the Question of Who Is Really in Charge - The American Spectator,20230428T060000Z,https://149366087.v2.pressablecdn.com/wp-content/uploads/2023/04/Screen-Shot-2023-04-27-at-10.03.37-PM-1024x444.png,spectator.org,English,United States
https://www.ukiahdailyjournal.com/2023/04/28/cal-fire-5-million-grant-awarded-to-eel-river-project-in-mendocino-county/,https://www.ukiahdailyjournal.com/2023/04/28/cal-fire-5-million-grant-awarded-to-eel-river-project-in-mendocino-county/amp/,Cal Fire : $5 million grant awarded to Eel River project in Mendocino County,20230428T100000Z,https://www.ukiahdailyjournal.com/wp-content/uploads/2018/08/UDJ-Filler-PhotoCORRECT-SIZE.png,ukiahdailyjournal.com,English,United States
https://www.europa-nu.nl/id/vm2lf93srgyz/nieuws/nextgenerationeu_questions_and_answers,,NextGenerationEU : Questions and Answers on REPowerEU and on the revision of national recovery plans,20230428T100000Z,https://www.europa-nu.nl/9353000/1/j4nvh0qavhjkdqd_j9vvj9idsj04xr6/vlv7mhqaclxi?sizew=1023&sizeh=683&lm=rg3ihi,europa-nu.nl,English,Netherlands
https://www.euractiv.com/section/emissions-trading-scheme/opinion/europe-needs-to-urgently-prepare-for-carbon-market-endgame/,,Europe needs to urgently prepare for carbon market  endgame  ,20230428T104500Z,https://www.euractiv.com/wp-content/uploads/sites/2/2023/04/zero-emission-800x450.jpg,euractiv.com,English,United Kingdom
https://www.joannenova.com.au/tag/carbon-tax/,,Carbon Tax « JoNova,20230428T203000Z,,joannenova.com.au,English,Australia
https://www.joannenova.com.au/tag/coal/,,Coal « JoNova,20230428T203000Z,,joannenova.com.au,English,Australia
https://www.joannenova.com.au/tag/investigative-journalism/,,Journalism « JoNova,20230428T203000Z,,joannenova.com.au,English,Australia
https://joannenova.com.au/2018/08/lets-close-coal-so-agl-triples-its-profits/,,Let close coal plants so AGL can triple its profits « JoNova,20230428T203000Z,,joannenova.com.au,English,Australia
https://www.joannenova.com.au/tag/climate-money/,,Climate Money « JoNova,20230428T203000Z,,joannenova.com.au,English,Australia
https://www.joannenova.com.au/tag/australian-politics/,,Australian Politics « JoNova,20230428T203000Z,,joannenova.com.au,English,Australia
https://www.joannenova.com.au/tag/un/,,United Nations ( UN ) « JoNova,20230428T203000Z,,joannenova.com.au,English,Australia
https://www.joannenova.com.au/tag/china/,,China « JoNova,20230428T203000Z,,joannenova.com.au,English,Australia
https://www.hometownstation.com/santa-clarita-news/scv-emergency/santa-clarita-fire/cal-fire-grants-state-wide-to-restore-health-resilience-to-forests-455886,,"CAL FIRE Grants State - Wide To Restore Health , Resilience To Forests",20230428T220000Z,https://2021media.s3.amazonaws.com/2022/08/PIXLR-General-FM-Watermark-620x330.jpg,hometownstation.com,English,United States
https://www.dailymail.co.uk/news/article-12027277/More-European-red-tape-scrapped-long-run-government-sources-claim.html,https://www.dailymail.co.uk/news/article-12027277/amp/More-European-red-tape-scrapped-long-run-government-sources-claim.html,"More European red tape will be scrapped in the long run , government sources claim",20230428T234500Z,https://i.dailymail.co.uk/1s/2023/04/29/00/70370963-0-image-a-49_1682724353396.jpg,dailymail.co.uk,English,United Kingdom
https://carbon-pulse.com/201498/,,EU plans for green appliances to clash with national rules « Carbon Pulse,20230428T234500Z,,carbon-pulse.com,English,China
https://carbon-pulse.com/201490/,,"Emitters take advantage of CCA and RGGI price dip , financial players take a breather across North American carbon markets « Carbon Pulse",20230428T234500Z,,carbon-pulse.com,English,China
https://joannenova.com.au/tag/carbon-tax/,,Carbon Tax « JoNova,20230429T004500Z,,joannenova.com.au,English,Australia
https://www.hellenicshippingnews.com/reform-of-the-eu-emissions-trading-system-eu-ets-extension-of-the-eu-ets-to-the-shipping-sector/,,Reform of the EU Emissions Trading System ( EU ETS ) – Extension of the EU ETS to the shipping sector,20230429T004500Z,,hellenicshippingnews.com,English,China
https://famagusta-gazette.com/2023/04/29/vietnam-will-start-trial-trading-of-carbon-credits-in-2025/,,Vietnam will start trial trading of carbon credits in 2025 – Famagusta Gazette,20230429T010000Z,https://famagusta-gazette.com/wp-content/uploads/2021/12/pollution.jpeg,famagusta-gazette.com,English,Cyprus
https://carbon-pulse.com/201473/,,"EU nations advance 2023 issuance to 87 %, Ireland and Finland yet to begin « Carbon Pulse",20230429T030000Z,,carbon-pulse.com,English,China
https://www.rnz.co.nz/news/national/488946/what-s-wrong-with-the-emissions-trading-scheme,https://amp.rnz.co.nz/article/9e3cd699-9a35-447e-b58c-b83c7a5f966e,What wrong with the Emissions Trading Scheme ? ,20230429T061500Z,https://rnz-ressh.cloudinary.com/image/upload/s--1iuEgQdB--/t_tohu-badge-facebook/v1647410846/4LVAW1B_copyright_image_288527,rnz.co.nz,English,
https://dnews.com/opinion/inslee-rules-for-thee-but-not-for-me/article_fa93db40-8cd1-5838-8aeb-a57287d82fd1.html,,Inslee : Rules for thee but not for me,20230429T103000Z,https://bloximages.newyork1.vip.townnews.com/dnews.com/content/tncms/custom/image/f2393a58-f12c-11e5-96f6-473e7ec8b1ff.jpg,dnews.com,English,United States
https://indianexpress.com/article/upsc-current-affairs/upsc-essentials/upsc-weekly-current-affairs-quiz-april-23-to-april-29-2023-8582833/,https://indianexpress.com/article/upsc-current-affairs/upsc-essentials/upsc-weekly-current-affairs-quiz-april-23-to-april-29-2023-8582833/lite/,"UPSC Weekly Current Affairs Quiz April 23 to April 29 , 2023",20230429T131500Z,https://images.indianexpress.com/2023/04/Untitled-design-10-4.jpg,indianexpress.com,English,India
https://carbon-pulse.com/201382/,,"CP Daily : Friday April 28 , 2023 « Carbon Pulse",20230429T143000Z,,carbon-pulse.com,English,China
https://www.dailypolitical.com/2023/04/29/palo-alto-wealth-advisors-llc-acquires-new-position-in-kraneshares-global-carbon-strategy-etf-nysearcakrbn.html,,Geegoopuzzle ( GGP ) Hits Self Reported Market Capitalization of $844 . 58 Million,20230429T163000Z,,dailypolitical.com,English,United States
https://www.wkrb13.com/2023/04/29/palo-alto-wealth-advisors-llc-purchases-shares-of-158519-kraneshares-global-carbon-strategy-etf-nysearcakrbn.html,,"Palo Alto Wealth Advisors LLC Purchases Shares of 158 , 519 KraneShares Global Carbon Strategy ETF ( NYSEARCA : KRBN ) ",20230429T163000Z,,wkrb13.com,English,United States
https://theenterpriseleader.com/2023/04/29/summit-trail-advisors-llc-has-37-61-million-holdings-in-kraneshares-california-carbon-allowance-strategy-etf-nysearcakcca.html,,Summit Trail Advisors LLC Has $37 . 61 Million Holdings in KraneShares California Carbon Allowance Strategy ETF ( NYSEARCA : KCCA ) ,20230429T173000Z,,theenterpriseleader.com,English,United States
https://www.colombotelegraph.com/index.php/is-it-1848-again-unrest-this-time-is-global/,https://www.colombotelegraph.com/index.php/is-it-1848-again-unrest-this-time-is-global/amp/,Is It 1848 Again ? Unrest This Time Is Global - Colombo Telegraph,20230429T203000Z,https://i2.wp.com/www.colombotelegraph.com/wp-content/uploads/2023/03/Ranil-Wickremesinghe-4.jpeg?fit=900%2C677&ssl=1,colombotelegraph.com,English,Sri Lanka
https://www.independentsentinel.com/agenda-2030-blueprint-for-one-world-under-globalism/,https://www.independentsentinel.com/agenda-2030-blueprint-for-one-world-under-globalism/?amp,"Agenda 2030 , Blueprint for One World Under Globalism",20230429T224500Z,https://www.independentsentinel.com/wp-content/uploads/2021/06/iStock-983235674.jpg,independentsentinel.com,English,United States
