url,url_mobile,title,seendate,socialimage,domain,language,sourcecountry
https://www.financialmirror.com/2025/01/01/more-needs-to-be-done-on-fossil-fuels-phase-out/,,More needs to be done on fossil fuels phase - out,20250101T090000Z,https://www.financialmirror.com/wp-content/uploads/2024/12/ideopsis-cop29-george-moulazimis-climate-change-fossil-fuels.jpg,financialmirror.com,English,China
http://koreabizwire.com/south-korea-tightens-carbon-emissions-rules-increasing-costs-for-power-producers/302292,,"South Korea Tightens Carbon Emissions Rules , Increasing Costs for Power Producers",20250101T093000Z,http://koreabizwire.com/wp/wp-content/uploads/2024/06/PYH2024010809040006500.jpg,koreabizwire.com,English,South Korea
https://shipandbunker.com/news/world/912451-eu-ets-added-90mt-to-eu-bunker-costs-in-2024,,EU ETS Added $90 / mt to EU Bunker Costs in 2024,20250101T120000Z,https://shipandbunker.cdn.speedyrails.net/a/img/_mt_969d53dc5ed237952415f97de4494081.jpg,shipandbunker.com,English,Singapore
https://shipandbunker.com/news/emea/756265-fueleu-maritime-regulations-come-into-force,,FuelEU Maritime Regulations Come Into Force,20250101T120000Z,https://shipandbunker.cdn.speedyrails.net/a/img/_mt_e214c723d2e3968af6f4a281f391e7b9.jpg,shipandbunker.com,English,Singapore
https://shipandbunker.com/news/emea/522393-fueleu-maritime-crucial-that-eu-countries-push-for-international-rules-says-danish-shipping,,"FuelEU Maritime : Crucial that EU Countries Push for International Rules , says Danish Shipping",20250101T120000Z,https://shipandbunker.cdn.speedyrails.net/a/img/_mt_c1a4428a33c0b3706b9e76ac2ef9ae34.jpg,shipandbunker.com,English,Singapore
https://shipandbunker.com/news/world/424013-annual-average-bunker-price-at-key-hubs-mostly-flat-in-2024,,Annual Average Bunker Price at Key Hubs Mostly Flat in 2024,20250101T120000Z,https://shipandbunker.cdn.speedyrails.net/a/img/_mt_d34f0cd5ba567fe7cfb36a085067be20.jpg,shipandbunker.com,English,Singapore
https://www.wkrb13.com/2025/01/01/canada-carbon-cveccb-stock-price-up-100-whats-next.html,,Canada Carbon ( CVE : CCB ) Stock Price Up 100 % – What Next ? ,20250101T180000Z,,wkrb13.com,English,United States
https://www.dailyitem.com/news/state-sen-yaws-proposals-bills-mostly-focused-on-energy/article_a7319e38-c139-11ef-8abc-778af11d8e4f.html,https://www.dailyitem.com/news/state-sen-yaws-proposals-bills-mostly-focused-on-energy/article_a7319e38-c139-11ef-8abc-778af11d8e4f.amp.html,"State Sen . Yaw proposals , bills mostly focused on energy",20250101T233000Z,https://bloximages.chicago2.vip.townnews.com/dailyitem.com/content/tncms/assets/v3/editorial/3/4e/34e53280-9145-51db-9a16-af99c7adf2b5/641b53e2a8b00.image.jpg?crop=1543%2C810%2C0%2C37,dailyitem.com,English,United States
https://www.nny360.com/top_stories/solar-evs-and-a-big-exit-from-coal-2024-s-good-climate-news/article_efc07e0b-a12a-59bf-ad1d-b75b30c35e44.html,,"Solar , EVs and a big exit from coal 2024 good climate news | Top Stories",20250102T034500Z,https://bloximages.newyork1.vip.townnews.com/nny360.com/content/tncms/assets/v3/editorial/5/01/501ab379-523b-59fa-b390-fdf9006d9fdd/677601798ac4e.image.jpg?crop=1763%2C926%2C0%2C124,nny360.com,English,
https://www.eco-business.com/opinion/finance-is-no-panacea-for-the-worlds-climate-woes/,,Finance is no panacea for the world climate woes | Opinion | Eco - Business,20250102T074500Z,https://eco-business.imgix.net/ebmedia/fileuploads/54143392611_94671972bd_4k.jpg?fit=crop&ixlib=django-1.2.0&q=85,eco-business.com,English,China
https://www.fibre2fashion.com/news/textile-news/european-union-year-end-review-2024-gearing-up-for-tomorrow-299928-newsdetails.htm,https://www.fibre2fashion.com/news/textile-news/european-union-year-end-review-2024-gearing-up-for-tomorrow-299928-newsdetails.htm?amp=true,European Union year - end review 2024 : Gearing up for tomorrow,20250102T084500Z,https://static.fibre2fashion.com/Newsresource/images/299/adobestock-216339123_311516.jpeg,fibre2fashion.com,English,India
https://www.feednavigator.com/Article/2024/12/18/what-went-wrong-for-carbon-marketplace-nori/,,What went wrong for carbon marketplace Nori ? ,20250102T111500Z,https://www.feednavigator.com/resizer/v2/5FAZXHLLVNAIVJKIQX36AFBA3M.jpg?smart=true&auth=39ee739897c94ad6d45819d87f2608773bb381b078f75e0784d3ea853366d3f6,feednavigator.com,English,United States
https://www.tickerreport.com/banking-finance/12773519/canada-carbon-cveccb-shares-up-100-still-a-buy.html,,Canada Carbon ( CVE : CCB ) Shares Up 100 % – Still a Buy ? ,20250102T141500Z,,tickerreport.com,English,United States
https://www.hellenicshippingnews.com/fueleu-maritime-vessels-emissions-and-scope/,,"FuelEU Maritime : Vessels , emissions and scope | Hellenic Shipping News Worldwide",20250102T143000Z,,hellenicshippingnews.com,English,China
https://www.etfdailynews.com/2025/01/02/canada-carbon-cveccb-shares-up-100-heres-what-happened/,,Canada Carbon ( CVE : CCB ) Shares Up 100 % – Here What Happened,20250102T161500Z,,etfdailynews.com,English,United States
https://shipandbunker.com/news/emea/544638-eu-ets-costs-jump-as-phase-in-of-regulations-steps-up-in-2025,,EU - ETS Costs Jump as Phase - In of Regulations Steps Up in 2025,20250102T163000Z,https://shipandbunker.cdn.speedyrails.net/a/img/_mt_98bc6081c45c8b315ccbfe9b6d882563.jpg,shipandbunker.com,English,Singapore
https://carbon-pulse.com/355205/,,Euro Markets : Midday Update « Carbon Pulse,20250102T173000Z,,carbon-pulse.com,English,China
https://www.jdsupra.com/legalnews/california-voluntary-carbon-market-6508263/,,California Voluntary Carbon Market Disclosures Act Compliance Deadline : Strategic Considerations | Morgan Lewis,20250102T181500Z,https://jdsupra-static.s3.amazonaws.com/profile-images/og.9266_0649.jpg,jdsupra.com,English,United States
https://www.heritage.org/china/commentary/china-enjoys-all-the-benefits-obamas-engaging-folly,,China enjoys all the benefits of Obama engaging folly | The Heritage Foundation,20250102T181500Z,https://www.heritage.org/themes/heritage/src/images/bell.png,heritage.org,English,United States
https://www.syracuse.com/state/2025/01/new-york-may-finally-put-a-price-on-pollution-in-2025.html,https://www.syracuse.com/state/2025/01/new-york-may-finally-put-a-price-on-pollution-in-2025.html?outputType=amp,New York may finally put a price on pollution in 2025,20250102T190000Z,https://www.syracuse.com/resizer/v2/NXUGLSGFFJEENN3CGQ5V6CT5IU.jpg?auth=ff1ca6e876934e9513d536c4b4c923d405531846aaef64bba3cb88cbae688420&quality=90,syracuse.com,English,United States
https://www.etfdailynews.com/2025/01/02/canada-carbon-cveccb-shares-up-100-heres-why/,,Canada Carbon ( CVE : CCB ) Shares Up 100 % – Here Why,20250102T190000Z,,etfdailynews.com,English,United States
https://carbon-pulse.com/355081/,,"CP Daily : Thursday , January 2 , 2025 « Carbon Pulse",20250103T070000Z,,carbon-pulse.com,English,China
https://www.tatlerasia.com/power-purpose/impact/climate-lack-financial-resolution-cop29,,Could a climate funding shortfall be beneficial ? ,20250103T070000Z,https://cdn.tatlerasia.com/tatlerasia/i/2025/01/03102703-gettyimages-2186449764_cover_1024x683.jpg,tatlerasia.com,English,
https://aninews.in/news/world/asia/pakistan-balochistan-assembly-adopts-resolution-on-restoring-train-services-4g-services-constituency-division20250103095542/,/news/world/asia/pakistan-balochistan-assembly-adopts-resolution-on-restoring-train-services-4g-services-constituency-division20250103095542?amp=1,"Pakistan : Balochistan Assembly adopts resolution on restoring train services , 4G services , constituency division",20250103T070000Z,https://d3lzcn6mbbadaf.cloudfront.net/media/details/ANI-20250103042527.jpg,aninews.in,English,India
https://www.fibre2fashion.com/news/textile-news/the-united-kingdom-year-end-review-2024-navigating-the-low-phase-299932-newsdetails.htm,https://www.fibre2fashion.com/news/textile-news/the-united-kingdom-year-end-review-2024-navigating-the-low-phase-299932-newsdetails.htm?amp=true,The United Kingdom year - end review 2024 : Navigating the low phase,20250103T081500Z,https://static.fibre2fashion.com/Newsresource/images/299/adobestock-259231244_311520.jpeg,fibre2fashion.com,English,India
https://www.pv-tech.org/from-product-exports-to-supply-chain-planning-astronergy-looks-ahead-2025/,,Astronergy looks ahead to 2025,20250103T103000Z,https://www.pv-tech.org/wp-content/uploads/2024/12/astronergy.jpg,pv-tech.org,English,United States
https://www.cochranetimespost.ca:443/opinion/columnists/charlebois-canada-needs-axe-the-tax-election-but-not-for-reasons-you-think/wcm/9c7ced1f-9a93-41bc-9da1-818d8f8afcaa,,CHARLEBOIS : Canada needs  axe the tax  election but not for reasons you think,20250103T180000Z,,cochranetimespost.ca,English,Canada
https://www.lloydslist.com/LL1152118/What-to-look-out-for-in-2025-in-decarbonisation,,What to look out for in 2025 in decarbonisation,20250103T180000Z,https://www.lloydslist.com/-/media/lloyds-list/images/podcast/2024-new-pictures/epd_richarddeclan.png?rev=5a1ac2252d6246d4a5dac4ba824333b2,lloydslist.com,English,United Kingdom
https://www.marketscreener.com/quote/stock/HAWAIIAN-ELECTRIC-INDUSTR-12896/news/Hawaiian-Electric-Industries-Strategic-Update-Form-8-K-48682322/,,Hawaiian Electric Industries : Strategic Update Form 8 K,20250103T183000Z,https://www.marketscreener.com/images/twitter_MS_fdblanc.png,marketscreener.com,English,
https://www.nugget.ca:443/opinion/columnists/charlebois-canada-needs-axe-the-tax-election-but-not-for-reasons-you-think/wcm/9c7ced1f-9a93-41bc-9da1-818d8f8afcaa,,CHARLEBOIS : Canada needs  axe the tax  election but not for reasons you think,20250103T184500Z,,nugget.ca,English,Canada
https://thestandard.co.zw/opinion-analysis/article/200030228/what-is-africas-specific-climate-agenda,https://www.newsday.co.zw/thestandard/amp/opinion-analysis/article/200030228/what-is-africas-specific-climate-agenda,What is Africa specific climate agenda ? ,20250103T191500Z,https://cdn.thestandard.co.zw/images/newsday/uploads/2024/07/7IJiKSoSHPOBDbJqasmBhMzsOoRU4tTfCxmvo6KK.webp,thestandard.co.zw,English,Zimbabwe
https://myedmondsnews.com/2025/01/meet-the-new-faces-of-the-2025-legislative-session/,,Meet the new faces of the 2025 legislative session,20250103T193000Z,https://dpa730eaqha29.cloudfront.net/myedmondsnews/wp-content/uploads/2025/01/Olympia-Capitol-building-3.jpeg,myedmondsnews.com,English,United States
https://www.elliotlakestandard.ca:443/opinion/columnists/charlebois-canada-needs-axe-the-tax-election-but-not-for-reasons-you-think/wcm/9c7ced1f-9a93-41bc-9da1-818d8f8afcaa,,CHARLEBOIS : Canada needs  axe the tax  election but not for reasons you think,20250103T210000Z,,elliotlakestandard.ca,English,Canada
https://www.midnorthmonitor.com:443/opinion/columnists/charlebois-canada-needs-axe-the-tax-election-but-not-for-reasons-you-think/wcm/9c7ced1f-9a93-41bc-9da1-818d8f8afcaa,,CHARLEBOIS : Canada needs  axe the tax  election but not for reasons you think,20250103T211500Z,,midnorthmonitor.com,English,Canada
https://www.timminstimes.com:443/opinion/columnists/charlebois-canada-needs-axe-the-tax-election-but-not-for-reasons-you-think/wcm/9c7ced1f-9a93-41bc-9da1-818d8f8afcaa,,CHARLEBOIS : Canada needs  axe the tax  election but not for reasons you think,20250103T211500Z,,timminstimes.com,English,Canada
https://www.shanghaisun.com/news/274908590/comprehensive-achievements-of-china-high-quality-development,,Comprehensive achievements of China high - quality development,20250103T230000Z,https://cdn.bignewsnetwork.com/NWIzYjM1MTMtNjI.jpg,shanghaisun.com,English,China
https://eturbonews.com/iata-air-travel-demand-continues-improve/,,IATA : Air travel demand continues to improve,20250103T231500Z,,eturbonews.com,English,United States
https://timesofsandiego.com/politics/2025/01/03/state-sen-blakespear-appointed-to-lead-environmental-quality-committee/,,State Sen . Blakespear to Lead Environmental Quality Committee,20250104T061500Z,https://timesofsandiego.com/wp-content/uploads/2018/11/State-Senate-Chamber.jpg,timesofsandiego.com,English,United States
https://carbon-pulse.com/355459/,,"CP Daily : Friday January 3 , 2025 « Carbon Pulse",20250104T070000Z,,carbon-pulse.com,English,China
https://www.heraldnet.com/opinion/eco-nomics-looking-back-and-forward-on-the-climate-crisis/,,Eco - Nomics : Looking back and forward on the climate crisis,20250104T104500Z,,heraldnet.com,English,United States
https://eturbonews.com/ata-has-strong-concerns-about-waxman-markey-climate-change-bill/,,ATA has strong concerns about Waxman - Markey climate change bill,20250104T130000Z,,eturbonews.com,English,United States
https://eturbonews.com/successfully-developing-mena-aviation/,,Successfully developing MENA aviation,20250105T141500Z,,eturbonews.com,English,United States
https://www.khmertimeskh.com/501619123/moe-efforts-end-carbon-credit-investment-suspension/,,MoE efforts end carbon credit investment suspension,20250105T193000Z,https://www.khmertimeskh.com/wp-content/uploads/2025/01/95627.jpg,khmertimeskh.com,English,Cambodia
https://www.newstalkzb.co.nz/news/national/rotorua-food-and-green-waste-kerbside-collection-service-announced/,,Rotorua food and green waste collection to start next year,20250106T023000Z,https://www.newstalkzb.co.nz/media/pf3dxb3d/a-collection-service-for-food-and-green-waste-has-been-announced-for-the-rotorua-district-photo-123rf.jpg?rmode=crop&v=1db604d0f978c60&quality=95&scale=both,newstalkzb.co.nz,English,New Zealand
https://www.straitstimes.com/business/budget-2025-singapores-manufacturing-sector-is-at-a-significant-turning-point-smf,,Budget 2025 : Singapore manufacturing sector is at a  significant turning point : SMF,20250106T073000Z,https://cassette.sphdigital.com.sg/image/straitstimes/091a5c2125bb83e32086307ca25664c70ea1544f989c1544a52bd0179b06726e,straitstimes.com,English,Singapore
https://technicalreviewmiddleeast.com/power-a-water/oman-launches-net-zero-centre,,Oman launches Net Zero centre,20250106T084500Z,https://technicalreviewmiddleeast.com/images/2025/January/OmanNetZero.webp#joomlaImage://local-images/2025/January/OmanNetZero.webp,technicalreviewmiddleeast.com,English,United Arab Emirates
https://www.walesonline.co.uk/special-features/new-older-not-colder-service-30621119,https://www.walesonline.co.uk/special-features/new-older-not-colder-service-30621119.amp,New  Older Not Colder  service offers free home - energy support to over 60s,20250106T101500Z,https://i2-prod.birminghammail.co.uk/incoming/article30621164.ece/ALTERNATES/s1200/0_carerepair3.jpg,walesonline.co.uk,English,United Kingdom
https://www.app.com.pk/national/pms-aide-highlights-cop29-outcomes-calls-carbon-guidelines-a-key-climate-milestone/,,"PM aide highlights COP29 outcomes , calls carbon guidelines a key climate milestone",20250106T103000Z,https://www.app.com.pk/wp-content/uploads/2024/08/Romina-Khurshid-Alam.jpeg,app.com.pk,English,Pakistan
https://wattsupwiththat.com/2025/01/06/weekly-climate-and-energy-news-roundup-625/,,Weekly Climate and Energy News Roundup # 625,20250106T121500Z,https://i0.wp.com/wattsupwiththat.com/wp-content/uploads/2025/01/charlesrotter_Monument_valley_in_a_thunderstorm_midjourney-1.webp?fit=1024%2C512&ssl=1,wattsupwiththat.com,English,United States
https://www.marketscreener.com/quote/index/S-P-GSCI-BIO-FUEL-INDEX-46869729/news/EU-s-cleaner-marine-fuel-rules-are-inflationary-shipbrokers-say-48688282/,,"EU cleaner marine fuel rules are inflationary , shipbrokers say",20250106T143000Z,https://www.marketscreener.com/images/reuters/2025-01/2025-01-06T135623Z_1_LYNXMPEL050HV_RTROPTP_3_SHIPPING-EMISSIONS-REGULATION.JPG,marketscreener.com,English,
https://menafn.com/1109059213/CRC-Approves-CaliforniaS-First-Carbon-Capture-And-Storage-Project,,CRC Approves California First Carbon Capture And Storage Project,20250106T150000Z,,menafn.com,English,Qatar
http://www.theseanation.gr/news-in-english/61726-positive-start-of-the-new-year-for-the-larger-sizes.html,,Positive start of the new year for the larger sizes,20250106T181500Z,http://www.theseanation.gr/images/PHOTOS/SHIPS/Bulk_carrier-1.jpg,theseanation.gr,English,Greece
https://shipandbunker.com/news/world/543133-feature-increasing-complexity-in-2025-to-favour-bunker-industrys-largest-firms,,FEATURE : Increasing Complexity in 2025 to Favour Bunker Industry Largest Firms,20250106T194500Z,https://shipandbunker.cdn.speedyrails.net/a/img/_mt_917dfbc633ef3944f066f43cd66ea47a.jpg,shipandbunker.com,English,Singapore
http://www.maritimeprofessional.com/news/ship-brokers-clean-fuel-rules-400767,,Ship Brokers : EU clean fuel rules  Inflationary  ,20250106T194500Z,https://images.maritimeprofessional.com/images/maritime/w800/cactus-image-155864.jpg,maritimeprofessional.com,English,United States
https://www.jdsupra.com/legalnews/canada-issues-finalized-clean-2263257/,,"Canada Issues Finalized Clean Electricity Regulations | Blake , Cassels & Graydon LLP",20250106T194500Z,https://jdsupra-static.s3.amazonaws.com/profile-images/og.15497_4117.jpg,jdsupra.com,English,United States
https://www.urdupoint.com/en/pakistan/denmark-to-work-closely-with-pakistan-to-attr-1904381.html,,Denmark To Work Closely With Pakistan To Attract Foreign Investments In Addressing Climate Change : Ambassador Jakob,20250106T203000Z,https://photo-cdn.urdupoint.com/media/2025/01/_2/740x404/pic_1736190035.jpg,urdupoint.com,English,Pakistan
https://www.chattanoogan.com/2025/1/6/497404/Company-Planning-To-Locate-Downtown.aspx,,Company Planning To Locate Downtown Asks 12 - Story ( Or 6 ) Building At Aquarium Way And Market,20250106T213000Z,https://images.chattanoogan.com/2025/1/article.497404.jpg,chattanoogan.com,English,United States
https://www.thenews.com.pk/print/1269430-robust-monitoring-validation-systems-must,,"  Robust monitoring , validation systems must for operationalisation of carbon markets  ",20250106T214500Z,https://www.thenews.com.pk/assets/uploads/akhbar/2025-01-07/l_1269430_015656_updates.jpg,thenews.com.pk,English,Pakistan
https://www.scoop.co.nz/stories/PA2501/S00019/farmers-dont-get-a-holiday-but-they-deserve-a-red-tape-break.htm,https://m.scoop.co.nz/stories/PA2501/S00019/farmers-dont-get-a-holiday-but-they-deserve-a-red-tape-break.htm,"Farmers Dont Get A Holiday , But They Deserve A Red Tape Break",20250106T221500Z,http://img.scoop.co.nz/stories/images/1908/scoop_image.jpg,scoop.co.nz,English,New Zealand
https://business.scoop.co.nz/2025/01/07/farmers-dont-get-a-holiday-but-they-deserve-a-red-tape-break/,,"Business . Scoop » Farmers Dont Get A Holiday , But They Deserve A Red Tape Break",20250106T221500Z,,business.scoop.co.nz,English,New Zealand
https://www.sunlive.co.nz/news/358207-new-organic-waste-collection-to-start.html,,SunLive - New organic waste collection to start - The Bay News First,20250106T221500Z,https://cdn.sunlive.co.nz/images/sunlive/250106--Mamaku-Rural-Transfer-Station-Nov-2024-(1).jpg,sunlive.co.nz,English,New Zealand
https://dunyanews.tv/en/Business/860902-denmark-to-work-with-pakistan-to-attract-investments-in-addressing-cli,https://dunyanews.tv/amp/english/860902.php,Denmark to work with Pakistan to attract investments in addressing climate change : Envoy,20250107T051500Z,https://img.dunyanews.tv/news/2025/January/01-07-25/news_big_images/860902_81327139.jpg,dunyanews.tv,English,Pakistan
https://foreignpolicy.com/2025/01/07/trump-isolationism-globalization-china-competition-manufacturing-tariffs-migration/,,Trump Isolationism Is Not Sustainable Foreign Policy,20250107T061500Z,https://foreignpolicy.com/wp-content/uploads/2024/12/trump-immigration-trade-walls-isolationism-alvaro-bernis-illustration.jpg,foreignpolicy.com,English,United States
https://www.businesstimes.com.sg/singapore/singapore-manufacturing-federation-hopes-budget-2025-will-speed-industrys-green-transition,,Singapore Manufacturing Federation hopes Budget 2025 will speed up the industry green transition,20250107T103000Z,https://cassette.sphdigital.com.sg/image/businesstimes/01566cf57cab5fdeceb03e245f778cf9e55f03a0c5bf3387798115d2a9742b6d,businesstimes.com.sg,English,Singapore
https://www.yahoo.com/news/newsom-state-leaders-stress-high-110036270.html,,Newsom and state leaders stress high - speed rail progress amid new challenges,20250107T114500Z,https://media.zenfs.com/en/la_times_articles_853/a71e8996cb117c44ed4e9afec2daf432,yahoo.com,English,United States
https://www.nzherald.co.nz/nz/rotorua-kerbside-rubbish-collection-locals-weigh-in-on-new-waste-plan/3CKVWSNBRBF57HXGRJWGTOSLKA/,,Rotorua kerbside rubbish collection : Locals weigh in on new waste plan,20250107T163000Z,https://www.nzherald.co.nz/resizer/v2/RFBCUPDVFBDXXN6CW74ZEZIPCU.JPG?auth=f59be39f603cc4fc13c00b8dbeeabc1c1c461ce33f1eb8d330fb34b3791a47be&quality=70&focal=2400%2C1882&smart=false,nzherald.co.nz,English,New Zealand
https://www.nzherald.co.nz/rotorua-daily-post/news/rotorua-kerbside-rubbish-collection-locals-weigh-in-on-new-waste-plan/3CKVWSNBRBF57HXGRJWGTOSLKA/,,Rotorua kerbside rubbish collection : Locals weigh in on new waste plan,20250107T170000Z,https://www.nzherald.co.nz/resizer/v2/RFBCUPDVFBDXXN6CW74ZEZIPCU.JPG?auth=f59be39f603cc4fc13c00b8dbeeabc1c1c461ce33f1eb8d330fb34b3791a47be&quality=70&focal=2400%2C1882&smart=false,nzherald.co.nz,English,New Zealand
https://www.esmmagazine.com/supply-chain/eus-cleaner-marine-fuel-rules-are-inflationary-shipbrokers-say-280115,,"EU Cleaner Marine Fuel Rules Are Inflationary , Shipbrokers Say",20250107T190000Z,,esmmagazine.com,English,United Kingdom
https://www.nzherald.co.nz/the-country/news/protecting-native-forests-key-to-hitting-emission-reduction-targets-paul-button/CFTKSQAOJZDW3AWN3PR4IYRILU/,,Protecting native forests key to hitting emission reduction targets – Paul Button,20250107T193000Z,https://www.nzherald.co.nz/resizer/v2/L34TUBQRAA6NBGXY4CMNPO2BNM.jpg?auth=61f3ca4a91cff874fc014cefffaf23c38bc6f604185086b87f85b57306e09998&quality=70&focal=717%2C688&smart=false,nzherald.co.nz,English,New Zealand
https://sfist.com/2025/01/07/high-speed-rail-project-facing-more-funding-woes-under-trump-might-now-get-linked-to-vegas-rail-line/,,"High - Speed Rail Project , Facing More Funding Woes Under Trump , Might Now Get Linked to Vegas Rail Line",20250107T214500Z,https://img.sfist.com/2025/01/high-speed-rail-station-design.jpg,sfist.com,English,United States
https://carbon-pulse.com/356194/,,"Emissions trading in Germany generates record revenues in 2024 , slow climate progress for ETS2 sectors « Carbon Pulse",20250107T214500Z,,carbon-pulse.com,English,China
https://eturbonews.com/airlines-america-calls-us-government-block-eu-ets/,,Airlines for America calls on US government to block EU ETS,20250107T220000Z,,eturbonews.com,English,United States
https://www.edie.net/sbti-chooses-former-ccc-boss-as-new-chief-executive/,https://www.edie.net/sbti-chooses-former-ccc-boss-as-new-chief-executive/?amp=true,SBTi chooses former CCC boss as new chief executive,20250107T223000Z,https://edienetlive.s3.eu-west-2.amazonaws.com/wp-content/uploads/sites/2/DavidSBTi.jpg,edie.net,English,United Kingdom
https://www.dailysabah.com/opinion/op-ed/challenges-and-progress-at-cop29-step-forward-on-climate-finance,https://www.dailysabah.com/opinion/op-ed/challenges-and-progress-at-cop29-step-forward-on-climate-finance/amp,Challenges and progress at COP29 : Step forward on climate finance,20250107T223000Z,https://idsb.tmgrup.com.tr/ly/uploads/images/2025/01/07/thumbs/1200x675/362814.jpg,dailysabah.com,English,Turkey
https://governorswindenergycoalition.org/why-jay-inslee-isnt-worried-about-trump/,,Why Jay Inslee isnt worried about Trump - Governor Wind Energy Coalition,20250107T234500Z,,governorswindenergycoalition.org,English,United States
https://eturbonews.com/airlines-snapping-eu-emission-allowances-bargain-prices/,,Airlines snapping up EU emission allowances at bargain prices,20250108T000000Z,,eturbonews.com,English,United States
https://www.scoop.co.nz/stories/AK2501/S00142/rubbish-or-a-good-idea-rotorua-residents-weigh-in-on-kerbside-collection-changes.htm,https://m.scoop.co.nz/stories/AK2501/S00142/rubbish-or-a-good-idea-rotorua-residents-weigh-in-on-kerbside-collection-changes.htm,Rubbish Or  A Good Idea ? Rotorua Residents Weigh In On Kerbside Collection Changes,20250108T031500Z,http://img.scoop.co.nz/stories/images/1908/scoop_image.jpg,scoop.co.nz,English,New Zealand
https://www.sunlive.co.nz/news/358315-residents-weigh-in-on-kerbside-collection-changes.html,,SunLive - Residents weigh in on kerbside collection changes,20250108T031500Z,https://cdn.sunlive.co.nz/images/sunlive/250108-4KDWX06_RFBCUPDVFBDXXN6CW74ZEZIPCU_scaled_jpg.jpg,sunlive.co.nz,English,New Zealand
https://www.thecentersquare.com/washington/article_2a085e78-cd4c-11ef-851f-b3b63206708d.html,https://www.thecentersquare.com/washington/article_2a085e78-cd4c-11ef-851f-b3b63206708d.amp.html,Critic : Dept . of Ecology releasing  out of date  emissions data on climate goals,20250108T061500Z,https://bloximages.newyork1.vip.townnews.com/thecentersquare.com/content/tncms/custom/image/c05cdcda-15bc-11ee-ad7f-2f500402d003.png,thecentersquare.com,English,
https://www.wallstreet-online.de/nachricht/18873360-shell-fourth-quarter-2024-update-note,,Shell fourth quarter 2024 update note,20250108T080000Z,https://assets.wallstreet-online.de/_media/6/source1280/size_645/globenewswire-1280.png,wallstreet-online.de,English,Germany
https://www.eco-business.com/news/is-indonesias-pledge-to-end-coal-use-by-2040-realistic/,,Is Indonesia pledge to end coal use by 2040 realistic ? | News | Eco - Business,20250108T090000Z,https://eco-business.imgix.net/ebmedia/fileuploads/36364852485_afbb044938_3k.jpg?fit=crop&ixlib=django-1.2.0&q=85,eco-business.com,English,China
https://eturbonews.com/ata-screams-bloody-murder-over-eu-emissions-trading-scheme/,,ATA screams bloody murder over EU Emissions Trading Scheme,20250108T090000Z,,eturbonews.com,English,United States
https://www.manilatimes.net/2025/01/08/tmt-newswire/globenewswire/shell-fourth-quarter-2024-update-note/2033039,https://www.manilatimes.net/2025/01/08/tmt-newswire/globenewswire/shell-fourth-quarter-2024-update-note/2033039/amp,Shell fourth quarter 2024 update note | The Manila Times,20250108T090000Z,https://www.manilatimes.net/theme_manilatimes/images/TMT_1920x1008.jpg,manilatimes.net,English,Philippines
https://www.thenational.com.pg/rare-aid-success-story-in-bougainville-but-will-it-last/,,"Rare aid success story in Bougainville , but will it last ? ",20250108T114500Z,,thenational.com.pg,English,Papua New Guinea
https://www.sharecast.com/news/news-and-announcements/shell-cuts-lng-production-targets-reveals-13bn-cashflow-hit--18480822.html,,"Shell cuts LNG production targets , reveals $1 . 3bn cashflow hit",20250108T123000Z,,sharecast.com,English,United Kingdom
https://www.nynganobserver.com.au/story/8861019/opinion-australias-delayed-climate-targets-raise-concerns/?cs=13494,,Opinion | Australia delayed climate targets raise concerns | Nyngan Observer,20250108T190000Z,https://www.nynganobserver.com.au/images/transform/v1/crop/frm/pMXRnDj3SUU44AkPpn97sC/3a9cf585-1218-4774-8f2b-37c6adef9347.jpg/r0_140_6000_3290_w1200_h630_fmax.jpg,nynganobserver.com.au,English,Australia
https://www.hawkesburygazette.com.au/story/8861019/opinion-australias-delayed-climate-targets-raise-concerns/?cs=30776,,Opinion | Australia delayed climate targets raise concerns | Hawkesbury Gazette,20250108T190000Z,https://www.hawkesburygazette.com.au/images/transform/v1/crop/frm/pMXRnDj3SUU44AkPpn97sC/3a9cf585-1218-4774-8f2b-37c6adef9347.jpg/r0_140_6000_3290_w1200_h630_fmax.jpg,hawkesburygazette.com.au,English,Australia
https://www.merimbulanewsweekly.com.au/story/8861019/opinion-australias-delayed-climate-targets-raise-concerns/?cs=1729,,Opinion | Australia delayed climate targets raise concerns | Merimbula News Weekly,20250108T190000Z,https://www.merimbulanewsweekly.com.au/images/transform/v1/crop/frm/pMXRnDj3SUU44AkPpn97sC/3a9cf585-1218-4774-8f2b-37c6adef9347.jpg/r0_140_6000_3290_w1200_h630_fmax.jpg,merimbulanewsweekly.com.au,English,Australia
https://www.ulladullatimes.com.au/story/8861019/opinion-australias-delayed-climate-targets-raise-concerns/?cs=2778,,Opinion | Australia delayed climate targets raise concerns | Milton Ulladulla Times,20250108T190000Z,https://www.ulladullatimes.com.au/images/transform/v1/crop/frm/pMXRnDj3SUU44AkPpn97sC/3a9cf585-1218-4774-8f2b-37c6adef9347.jpg/r0_140_6000_3290_w1200_h630_fmax.jpg,ulladullatimes.com.au,English,Australia
https://www.macleayargus.com.au/story/8861019/opinion-australias-delayed-climate-targets-raise-concerns/?cs=13345,,Opinion | Australia delayed climate targets raise concerns | The Macleay Argus,20250108T190000Z,https://www.macleayargus.com.au/images/transform/v1/crop/frm/pMXRnDj3SUU44AkPpn97sC/3a9cf585-1218-4774-8f2b-37c6adef9347.jpg/r0_140_6000_3290_w1200_h630_fmax.jpg,macleayargus.com.au,English,Australia
https://www.northerndailyleader.com.au/story/8861019/opinion-australias-delayed-climate-targets-raise-concerns/?cs=2620,,Opinion | Australia delayed climate targets raise concerns | The Northern Daily Leader,20250108T193000Z,https://www.northerndailyleader.com.au/images/transform/v1/crop/frm/pMXRnDj3SUU44AkPpn97sC/3a9cf585-1218-4774-8f2b-37c6adef9347.jpg/r0_140_6000_3290_w1200_h630_fmax.jpg,northerndailyleader.com.au,English,Australia
https://www.dailyadvertiser.com.au/story/8861019/opinion-australias-delayed-climate-targets-raise-concerns/?cs=9637,,Opinion | Australia delayed climate targets raise concerns | The Daily Advertiser,20250108T200000Z,https://www.dailyadvertiser.com.au/images/transform/v1/crop/frm/pMXRnDj3SUU44AkPpn97sC/3a9cf585-1218-4774-8f2b-37c6adef9347.jpg/r0_140_6000_3290_w1200_h630_fmax.jpg,dailyadvertiser.com.au,English,Australia
https://www.redlandcitybulletin.com.au/story/8861019/opinion-australias-delayed-climate-targets-raise-concerns/?cs=30776,,Opinion | Australia delayed climate targets raise concerns | Redland City Bulletin,20250108T201500Z,https://www.redlandcitybulletin.com.au/images/transform/v1/crop/frm/pMXRnDj3SUU44AkPpn97sC/3a9cf585-1218-4774-8f2b-37c6adef9347.jpg/r0_140_6000_3290_w1200_h630_fmax.jpg,redlandcitybulletin.com.au,English,Australia
https://www.westernadvocate.com.au/story/8861019/opinion-australias-delayed-climate-targets-raise-concerns/?cs=2629,,Opinion | Australia delayed climate targets raise concerns | Western Advocate,20250108T201500Z,https://www.westernadvocate.com.au/images/transform/v1/crop/frm/pMXRnDj3SUU44AkPpn97sC/3a9cf585-1218-4774-8f2b-37c6adef9347.jpg/r0_140_6000_3290_w1200_h630_fmax.jpg,westernadvocate.com.au,English,Australia
https://www.maitlandmercury.com.au/story/8861019/opinion-australias-delayed-climate-targets-raise-concerns/?cs=173,,Opinion | Australia delayed climate targets raise concerns | The Maitland Mercury,20250108T201500Z,https://www.maitlandmercury.com.au/images/transform/v1/crop/frm/pMXRnDj3SUU44AkPpn97sC/3a9cf585-1218-4774-8f2b-37c6adef9347.jpg/r0_140_6000_3290_w1200_h630_fmax.jpg,maitlandmercury.com.au,English,Australia
https://www.examiner.com.au/story/8861019/opinion-australias-delayed-climate-targets-raise-concerns/,,Opinion | Australia delayed climate targets raise concerns | The Examiner,20250108T203000Z,https://www.examiner.com.au/images/transform/v1/crop/frm/pMXRnDj3SUU44AkPpn97sC/3a9cf585-1218-4774-8f2b-37c6adef9347.jpg/r0_140_6000_3290_w1200_h630_fmax.jpg,examiner.com.au,English,Australia
https://www.greatlakesadvocate.com.au/story/8861019/opinion-australias-delayed-climate-targets-raise-concerns/?cs=2726,,Opinion | Australia delayed climate targets raise concerns | Great Lakes Advocate,20250108T203000Z,https://www.greatlakesadvocate.com.au/images/transform/v1/crop/frm/pMXRnDj3SUU44AkPpn97sC/3a9cf585-1218-4774-8f2b-37c6adef9347.jpg/r0_140_6000_3290_w1200_h630_fmax.jpg,greatlakesadvocate.com.au,English,Australia
https://www.greatlakesadvocate.com.au/story/8861019/opinion-australias-delayed-climate-targets-raise-concerns/?cs=13338,,Opinion | Australia delayed climate targets raise concerns | Great Lakes Advocate,20250108T203000Z,https://www.greatlakesadvocate.com.au/images/transform/v1/crop/frm/pMXRnDj3SUU44AkPpn97sC/3a9cf585-1218-4774-8f2b-37c6adef9347.jpg/r0_140_6000_3290_w1200_h630_fmax.jpg,greatlakesadvocate.com.au,English,Australia
https://www.examiner.com.au/story/8861019/opinion-australias-delayed-climate-targets-raise-concerns/?cs=2596,,Opinion | Australia delayed climate targets raise concerns | The Examiner,20250108T203000Z,https://www.examiner.com.au/images/transform/v1/crop/frm/pMXRnDj3SUU44AkPpn97sC/3a9cf585-1218-4774-8f2b-37c6adef9347.jpg/r0_140_6000_3290_w1200_h630_fmax.jpg,examiner.com.au,English,Australia
https://www.nanaimobulletin.com/local-news/green-party-leader-elizabeth-may-takes-aim-at-trump-in-viral-speech-7747154,,Green Party leader Elizabeth May takes aim at Trump in viral speech,20250108T203000Z,https://www.bpmcdn.com/f/files/saanich/2025-january/emay-12.jpg;w=1200;h=800;mode=crop,nanaimobulletin.com,English,Canada
https://www.bordermail.com.au/story/8861019/opinion-australias-delayed-climate-targets-raise-concerns/,,Opinion | Australia delayed climate targets raise concerns | The Border Mail,20250108T203000Z,https://www.bordermail.com.au/images/transform/v1/crop/frm/pMXRnDj3SUU44AkPpn97sC/3a9cf585-1218-4774-8f2b-37c6adef9347.jpg/r0_140_6000_3290_w1200_h630_fmax.jpg,bordermail.com.au,English,Australia
https://www.bordermail.com.au/story/8861019/opinion-australias-delayed-climate-targets-raise-concerns/?cs=9766,,Opinion | Australia delayed climate targets raise concerns | The Border Mail,20250108T203000Z,https://www.bordermail.com.au/images/transform/v1/crop/frm/pMXRnDj3SUU44AkPpn97sC/3a9cf585-1218-4774-8f2b-37c6adef9347.jpg/r0_140_6000_3290_w1200_h630_fmax.jpg,bordermail.com.au,English,Australia
https://www.northweststar.com.au/story/8861019/opinion-australias-delayed-climate-targets-raise-concerns/,,Opinion | Australia delayed climate targets raise concerns | The North West Star,20250108T204500Z,https://www.northweststar.com.au/images/transform/v1/crop/frm/pMXRnDj3SUU44AkPpn97sC/3a9cf585-1218-4774-8f2b-37c6adef9347.jpg/r0_140_6000_3290_w1200_h630_fmax.jpg,northweststar.com.au,English,Australia
https://www.katherinetimes.com.au/story/8861019/opinion-australias-delayed-climate-targets-raise-concerns/?cs=13402,,Opinion | Australia delayed climate targets raise concerns | Katherine Times,20250108T204500Z,https://www.katherinetimes.com.au/images/transform/v1/crop/frm/pMXRnDj3SUU44AkPpn97sC/3a9cf585-1218-4774-8f2b-37c6adef9347.jpg/r0_140_6000_3290_w1200_h630_fmax.jpg,katherinetimes.com.au,English,Australia
https://www.northweststar.com.au/story/8861019/opinion-australias-delayed-climate-targets-raise-concerns/?cs=13400,,Opinion | Australia delayed climate targets raise concerns | The North West Star,20250108T204500Z,https://www.northweststar.com.au/images/transform/v1/crop/frm/pMXRnDj3SUU44AkPpn97sC/3a9cf585-1218-4774-8f2b-37c6adef9347.jpg/r0_140_6000_3290_w1200_h630_fmax.jpg,northweststar.com.au,English,Australia
https://www.missioncityrecord.com/local-news/green-party-leader-elizabeth-may-takes-aim-at-trump-in-viral-speech-7747154,,Green Party leader Elizabeth May takes aim at Trump in viral speech,20250108T204500Z,https://www.bpmcdn.com/f/files/saanich/2025-january/emay-12.jpg;w=1200;h=800;mode=crop,missioncityrecord.com,English,Canada
https://www.vernonmorningstar.com/local-news/green-party-leader-elizabeth-may-takes-aim-at-trump-in-viral-speech-7747154,,Green Party leader Elizabeth May takes aim at Trump in viral speech,20250108T211500Z,https://www.bpmcdn.com/f/files/saanich/2025-january/emay-12.jpg;w=1200;h=800;mode=crop,vernonmorningstar.com,English,Canada
https://www.yasstribune.com.au/story/8861019/opinion-australias-delayed-climate-targets-raise-concerns/?cs=2732,,Opinion | Australia delayed climate targets raise concerns | Yass Tribune,20250108T211500Z,https://www.yasstribune.com.au/images/transform/v1/crop/frm/pMXRnDj3SUU44AkPpn97sC/3a9cf585-1218-4774-8f2b-37c6adef9347.jpg/r0_140_6000_3290_w1200_h630_fmax.jpg,yasstribune.com.au,English,Australia
https://www.yasstribune.com.au/story/8861019/opinion-australias-delayed-climate-targets-raise-concerns/?cs=13409,,Opinion | Australia delayed climate targets raise concerns | Yass Tribune,20250108T211500Z,https://www.yasstribune.com.au/images/transform/v1/crop/frm/pMXRnDj3SUU44AkPpn97sC/3a9cf585-1218-4774-8f2b-37c6adef9347.jpg/r0_140_6000_3290_w1200_h630_fmax.jpg,yasstribune.com.au,English,Australia
https://www.edenmagnet.com.au/story/8861019/opinion-australias-delayed-climate-targets-raise-concerns/?cs=2895,,Opinion | Australia delayed climate targets raise concerns | Magnet,20250108T211500Z,https://www.edenmagnet.com.au/images/transform/v1/crop/frm/pMXRnDj3SUU44AkPpn97sC/3a9cf585-1218-4774-8f2b-37c6adef9347.jpg/r0_140_6000_3290_w1200_h630_fmax.jpg,edenmagnet.com.au,English,Australia
https://www.edenmagnet.com.au/story/8861019/opinion-australias-delayed-climate-targets-raise-concerns/?cs=9676,,Opinion | Australia delayed climate targets raise concerns | Magnet,20250108T211500Z,https://www.edenmagnet.com.au/images/transform/v1/crop/frm/pMXRnDj3SUU44AkPpn97sC/3a9cf585-1218-4774-8f2b-37c6adef9347.jpg/r0_140_6000_3290_w1200_h630_fmax.jpg,edenmagnet.com.au,English,Australia
https://www.lithgowmercury.com.au/story/8861019/opinion-australias-delayed-climate-targets-raise-concerns/?cs=2684,,Opinion | Australia delayed climate targets raise concerns | Lithgow Mercury,20250108T211500Z,https://www.lithgowmercury.com.au/images/transform/v1/crop/frm/pMXRnDj3SUU44AkPpn97sC/3a9cf585-1218-4774-8f2b-37c6adef9347.jpg/r0_140_6000_3290_w1200_h630_fmax.jpg,lithgowmercury.com.au,English,Australia
https://www.kelownacapnews.com/local-news/green-party-leader-elizabeth-may-takes-aim-at-trump-in-viral-speech-7747154,,Green Party leader Elizabeth May takes aim at Trump in viral speech,20250108T213000Z,https://www.bpmcdn.com/f/files/saanich/2025-january/emay-12.jpg;w=1200;h=800;mode=crop,kelownacapnews.com,English,Canada
https://www.centralwesterndaily.com.au/story/8861019/opinion-australias-delayed-climate-targets-raise-concerns/,,Opinion | Australia delayed climate targets raise concerns | Central Western Daily,20250108T213000Z,https://www.centralwesterndaily.com.au/images/transform/v1/crop/frm/pMXRnDj3SUU44AkPpn97sC/3a9cf585-1218-4774-8f2b-37c6adef9347.jpg/r0_140_6000_3290_w1200_h630_fmax.jpg,centralwesterndaily.com.au,English,Australia
https://www.dailyliberal.com.au/story/8861019/opinion-australias-delayed-climate-targets-raise-concerns/?cs=2623,,Opinion | Australia delayed climate targets raise concerns | Daily Liberal,20250108T213000Z,https://www.dailyliberal.com.au/images/transform/v1/crop/frm/pMXRnDj3SUU44AkPpn97sC/3a9cf585-1218-4774-8f2b-37c6adef9347.jpg/r0_140_6000_3290_w1200_h630_fmax.jpg,dailyliberal.com.au,English,Australia
https://www.hardenexpress.com.au/story/8861019/opinion-australias-delayed-climate-targets-raise-concerns/?cs=6282,,Opinion | Australia delayed climate targets raise concerns | Harden Murrumburrah Express,20250108T213000Z,https://www.hardenexpress.com.au/images/transform/v1/crop/frm/pMXRnDj3SUU44AkPpn97sC/3a9cf585-1218-4774-8f2b-37c6adef9347.jpg/r0_140_6000_3290_w1200_h630_fmax.jpg,hardenexpress.com.au,English,Australia
https://www.mandurahmail.com.au/story/8861019/opinion-australias-delayed-climate-targets-raise-concerns/?cs=2693,,Opinion | Australia delayed climate targets raise concerns | Mandurah Mail,20250108T213000Z,https://www.mandurahmail.com.au/images/transform/v1/crop/frm/pMXRnDj3SUU44AkPpn97sC/3a9cf585-1218-4774-8f2b-37c6adef9347.jpg/r0_140_6000_3290_w1200_h630_fmax.jpg,mandurahmail.com.au,English,Australia
https://www.mandurahmail.com.au/story/8861019/opinion-australias-delayed-climate-targets-raise-concerns/,,Opinion | Australia delayed climate targets raise concerns | Mandurah Mail,20250108T213000Z,https://www.mandurahmail.com.au/images/transform/v1/crop/frm/pMXRnDj3SUU44AkPpn97sC/3a9cf585-1218-4774-8f2b-37c6adef9347.jpg/r0_140_6000_3290_w1200_h630_fmax.jpg,mandurahmail.com.au,English,Australia
https://www.mandurahmail.com.au/story/8861019/opinion-australias-delayed-climate-targets-raise-concerns/?cs=30776,,Opinion | Australia delayed climate targets raise concerns | Mandurah Mail,20250108T213000Z,https://www.mandurahmail.com.au/images/transform/v1/crop/frm/pMXRnDj3SUU44AkPpn97sC/3a9cf585-1218-4774-8f2b-37c6adef9347.jpg/r0_140_6000_3290_w1200_h630_fmax.jpg,mandurahmail.com.au,English,Australia
https://www.ominecaexpress.com/local-news/green-party-leader-elizabeth-may-takes-aim-at-trump-in-viral-speech-7747154,,Green Party leader Elizabeth May takes aim at Trump in viral speech,20250108T214500Z,https://www.bpmcdn.com/f/files/saanich/2025-january/emay-12.jpg;w=1200;h=800;mode=crop,ominecaexpress.com,English,Canada
https://www.inverelltimes.com.au/story/8861019/opinion-australias-delayed-climate-targets-raise-concerns/?cs=13327,,Opinion | Australia delayed climate targets raise concerns | The Inverell Times,20250108T220000Z,https://www.inverelltimes.com.au/images/transform/v1/crop/frm/pMXRnDj3SUU44AkPpn97sC/3a9cf585-1218-4774-8f2b-37c6adef9347.jpg/r0_140_6000_3290_w1200_h630_fmax.jpg,inverelltimes.com.au,English,Australia
https://www.inverelltimes.com.au/story/8861019/opinion-australias-delayed-climate-targets-raise-concerns/?cs=2687,,Opinion | Australia delayed climate targets raise concerns | The Inverell Times,20250108T220000Z,https://www.inverelltimes.com.au/images/transform/v1/crop/frm/pMXRnDj3SUU44AkPpn97sC/3a9cf585-1218-4774-8f2b-37c6adef9347.jpg/r0_140_6000_3290_w1200_h630_fmax.jpg,inverelltimes.com.au,English,Australia
https://www.southcoastregister.com.au/story/8861019/opinion-australias-delayed-climate-targets-raise-concerns/?cs=9676,,Opinion | Australia delayed climate targets raise concerns | South Coast Register,20250108T220000Z,https://www.southcoastregister.com.au/images/transform/v1/crop/frm/pMXRnDj3SUU44AkPpn97sC/3a9cf585-1218-4774-8f2b-37c6adef9347.jpg/r0_140_6000_3290_w1200_h630_fmax.jpg,southcoastregister.com.au,English,Australia
https://www.therural.com.au/story/8861019/opinion-australias-delayed-climate-targets-raise-concerns/?cs=1784,,Opinion | Australia delayed climate targets raise concerns | The Rural,20250108T221500Z,https://www.therural.com.au/images/transform/v1/crop/frm/pMXRnDj3SUU44AkPpn97sC/3a9cf585-1218-4774-8f2b-37c6adef9347.jpg/r0_140_6000_3290_w1200_h630_fmax.jpg,therural.com.au,English,Australia
https://www.juneesoutherncross.com.au/story/8861019/opinion-australias-delayed-climate-targets-raise-concerns/?cs=1757,,Opinion | Australia delayed climate targets raise concerns | Southern Cross,20250108T221500Z,https://www.juneesoutherncross.com.au/images/transform/v1/crop/frm/pMXRnDj3SUU44AkPpn97sC/3a9cf585-1218-4774-8f2b-37c6adef9347.jpg/r0_140_6000_3290_w1200_h630_fmax.jpg,juneesoutherncross.com.au,English,Australia
https://www.blayneychronicle.com.au/story/8861019/opinion-australias-delayed-climate-targets-raise-concerns/?cs=2938,,Opinion | Australia delayed climate targets raise concerns | Blayney Chronicle,20250108T221500Z,https://www.blayneychronicle.com.au/images/transform/v1/crop/frm/pMXRnDj3SUU44AkPpn97sC/3a9cf585-1218-4774-8f2b-37c6adef9347.jpg/r0_140_6000_3290_w1200_h630_fmax.jpg,blayneychronicle.com.au,English,Australia
https://www.blayneychronicle.com.au/story/8861019/opinion-australias-delayed-climate-targets-raise-concerns/?cs=13468,,Opinion | Australia delayed climate targets raise concerns | Blayney Chronicle,20250108T221500Z,https://www.blayneychronicle.com.au/images/transform/v1/crop/frm/pMXRnDj3SUU44AkPpn97sC/3a9cf585-1218-4774-8f2b-37c6adef9347.jpg/r0_140_6000_3290_w1200_h630_fmax.jpg,blayneychronicle.com.au,English,Australia
https://www.vicnews.com/local-news/saanich-gulf-islands-mp-elizabeth-may-takes-aim-at-trump-in-viral-speech-7746695,,Saanich - Gulf Islands MP Elizabeth May takes aim at Trump in viral speech,20250108T221500Z,https://www.bpmcdn.com/f/files/saanich/2025-january/emay-12.jpg;w=1200;h=800;mode=crop,vicnews.com,English,Canada
https://www.cranbrooktownsman.com/local-news/green-party-leader-elizabeth-may-takes-aim-at-trump-in-viral-speech-7747154,,Green Party leader Elizabeth May takes aim at Trump in viral speech,20250108T221500Z,https://www.bpmcdn.com/f/files/saanich/2025-january/emay-12.jpg;w=1200;h=800;mode=crop,cranbrooktownsman.com,English,Canada
https://www.therural.com.au/story/8861019/opinion-australias-delayed-climate-targets-raise-concerns/?cs=2036,,Opinion | Australia delayed climate targets raise concerns | The Rural,20250108T221500Z,https://www.therural.com.au/images/transform/v1/crop/frm/pMXRnDj3SUU44AkPpn97sC/3a9cf585-1218-4774-8f2b-37c6adef9347.jpg/r0_140_6000_3290_w1200_h630_fmax.jpg,therural.com.au,English,Australia
https://www.juneesoutherncross.com.au/story/8861019/opinion-australias-delayed-climate-targets-raise-concerns/?cs=9676,,Opinion | Australia delayed climate targets raise concerns | Southern Cross,20250108T221500Z,https://www.juneesoutherncross.com.au/images/transform/v1/crop/frm/pMXRnDj3SUU44AkPpn97sC/3a9cf585-1218-4774-8f2b-37c6adef9347.jpg/r0_140_6000_3290_w1200_h630_fmax.jpg,juneesoutherncross.com.au,English,Australia
https://www.caledoniacourier.com/local-news/green-party-leader-elizabeth-may-takes-aim-at-trump-in-viral-speech-7747154,,Green Party leader Elizabeth May takes aim at Trump in viral speech,20250108T223000Z,https://www.bpmcdn.com/f/files/saanich/2025-january/emay-12.jpg;w=1200;h=800;mode=crop,caledoniacourier.com,English,Canada
https://www.cessnockadvertiser.com.au/story/8861019/opinion-australias-delayed-climate-targets-raise-concerns/?cs=9676,,Opinion | Australia delayed climate targets raise concerns | The Advertiser - Cessnock,20250108T223000Z,https://www.cessnockadvertiser.com.au/images/transform/v1/crop/frm/pMXRnDj3SUU44AkPpn97sC/3a9cf585-1218-4774-8f2b-37c6adef9347.jpg/r0_140_6000_3290_w1200_h630_fmax.jpg,cessnockadvertiser.com.au,English,Australia
https://www.cootamundraherald.com.au/story/8861019/opinion-australias-delayed-climate-targets-raise-concerns/?cs=6327,,Opinion | Australia delayed climate targets raise concerns | Cootamundra Herald,20250108T224500Z,https://www.cootamundraherald.com.au/images/transform/v1/crop/frm/pMXRnDj3SUU44AkPpn97sC/3a9cf585-1218-4774-8f2b-37c6adef9347.jpg/r0_140_6000_3290_w1200_h630_fmax.jpg,cootamundraherald.com.au,English,Australia
https://www.hepburnadvocate.com.au/story/8861019/opinion-australias-delayed-climate-targets-raise-concerns/?cs=2929,,Opinion | Australia delayed climate targets raise concerns | The Advocate - Hepburn,20250108T224500Z,https://www.hepburnadvocate.com.au/images/transform/v1/crop/frm/pMXRnDj3SUU44AkPpn97sC/3a9cf585-1218-4774-8f2b-37c6adef9347.jpg/r0_140_6000_3290_w1200_h630_fmax.jpg,hepburnadvocate.com.au,English,Australia
https://www.terracestandard.com/local-news/green-party-leader-elizabeth-may-takes-aim-at-trump-in-viral-speech-7747154,,Green Party leader Elizabeth May takes aim at Trump in viral speech,20250108T224500Z,https://www.bpmcdn.com/f/files/saanich/2025-january/emay-12.jpg;w=1200;h=800;mode=crop,terracestandard.com,English,Canada
https://www.sconeadvocate.com.au/story/8861019/opinion-australias-delayed-climate-targets-raise-concerns/?cs=7732,,Opinion | Australia delayed climate targets raise concerns | The Scone Advocate,20250108T224500Z,https://www.sconeadvocate.com.au/images/transform/v1/crop/frm/pMXRnDj3SUU44AkPpn97sC/3a9cf585-1218-4774-8f2b-37c6adef9347.jpg/r0_140_6000_3290_w1200_h630_fmax.jpg,sconeadvocate.com.au,English,Australia
https://www.hepburnadvocate.com.au/story/8861019/opinion-australias-delayed-climate-targets-raise-concerns/?cs=1389,,Opinion | Australia delayed climate targets raise concerns | The Advocate - Hepburn,20250108T224500Z,https://www.hepburnadvocate.com.au/images/transform/v1/crop/frm/pMXRnDj3SUU44AkPpn97sC/3a9cf585-1218-4774-8f2b-37c6adef9347.jpg/r0_140_6000_3290_w1200_h630_fmax.jpg,hepburnadvocate.com.au,English,Australia
https://www.southernhighlandnews.com.au/story/8861019/opinion-australias-delayed-climate-targets-raise-concerns/?cs=13408,,Opinion | Australia delayed climate targets raise concerns | Southern Highland News,20250108T230000Z,https://www.southernhighlandnews.com.au/images/transform/v1/crop/frm/pMXRnDj3SUU44AkPpn97sC/3a9cf585-1218-4774-8f2b-37c6adef9347.jpg/r0_140_6000_3290_w1200_h630_fmax.jpg,southernhighlandnews.com.au,English,Australia
https://www.mudgeeguardian.com.au/story/8861019/opinion-australias-delayed-climate-targets-raise-concerns/?cs=13491,,Opinion | Australia delayed climate targets raise concerns | Mudgee Guardian,20250108T230000Z,https://www.mudgeeguardian.com.au/images/transform/v1/crop/frm/pMXRnDj3SUU44AkPpn97sC/3a9cf585-1218-4774-8f2b-37c6adef9347.jpg/r0_140_6000_3290_w1200_h630_fmax.jpg,mudgeeguardian.com.au,English,Australia
https://www.camdencourier.com.au/story/8861019/opinion-australias-delayed-climate-targets-raise-concerns/?cs=2999,,Opinion | Australia delayed climate targets raise concerns | Camden Haven Courier,20250108T230000Z,https://www.camdencourier.com.au/images/transform/v1/crop/frm/pMXRnDj3SUU44AkPpn97sC/3a9cf585-1218-4774-8f2b-37c6adef9347.jpg/r0_140_6000_3290_w1200_h630_fmax.jpg,camdencourier.com.au,English,Australia
https://www.camdencourier.com.au/story/8861019/opinion-australias-delayed-climate-targets-raise-concerns/?cs=13333,,Opinion | Australia delayed climate targets raise concerns | Camden Haven Courier,20250108T230000Z,https://www.camdencourier.com.au/images/transform/v1/crop/frm/pMXRnDj3SUU44AkPpn97sC/3a9cf585-1218-4774-8f2b-37c6adef9347.jpg/r0_140_6000_3290_w1200_h630_fmax.jpg,camdencourier.com.au,English,Australia
https://www.dailyitem.com/news/pa-senate-president-eyes-energy-school-choice-in-new-session/article_cb053683-0f0b-56fd-9967-67c9bf2b9c38.html,https://www.dailyitem.com/news/pa-senate-president-eyes-energy-school-choice-in-new-session/article_cb053683-0f0b-56fd-9967-67c9bf2b9c38.amp.html,"Pa . Senate president eyes energy , school choice in new session",20250108T230000Z,https://bloximages.chicago2.vip.townnews.com/dailyitem.com/content/tncms/assets/v3/editorial/f/13/f1359c38-cf5d-11ee-a344-4f3be1a3191c/65d3ad5813b5e.image.jpg?crop=1567%2C823%2C0%2C111,dailyitem.com,English,United States
https://www.pqbnews.com/local-news/green-party-leader-elizabeth-may-takes-aim-at-trump-in-viral-speech-7747154,,Green Party leader Elizabeth May takes aim at Trump in viral speech,20250108T230000Z,https://www.bpmcdn.com/f/files/saanich/2025-january/emay-12.jpg;w=1200;h=800;mode=crop,pqbnews.com,English,Canada
https://www.batemansbaypost.com.au/story/8861019/opinion-australias-delayed-climate-targets-raise-concerns/?cs=2690,,Opinion | Australia delayed climate targets raise concerns | Bay Post - Moruya Examiner,20250108T230000Z,https://www.batemansbaypost.com.au/images/transform/v1/crop/frm/pMXRnDj3SUU44AkPpn97sC/3a9cf585-1218-4774-8f2b-37c6adef9347.jpg/r0_140_6000_3290_w1200_h630_fmax.jpg,batemansbaypost.com.au,English,Australia
https://www.wltribune.com/local-news/green-party-leader-elizabeth-may-takes-aim-at-trump-in-viral-speech-7747154,,Green Party leader Elizabeth May takes aim at Trump in viral speech,20250108T230000Z,https://www.bpmcdn.com/f/files/saanich/2025-january/emay-12.jpg;w=1200;h=800;mode=crop,wltribune.com,English,Canada
https://www.braidwoodtimes.com.au/story/8861019/opinion-australias-delayed-climate-targets-raise-concerns/?cs=2971,,Opinion | Australia delayed climate targets raise concerns | Braidwood Times,20250108T230000Z,https://www.braidwoodtimes.com.au/images/transform/v1/crop/frm/pMXRnDj3SUU44AkPpn97sC/3a9cf585-1218-4774-8f2b-37c6adef9347.jpg/r0_140_6000_3290_w1200_h630_fmax.jpg,braidwoodtimes.com.au,English,Australia
https://www.mudgeeguardian.com.au/story/8861019/opinion-australias-delayed-climate-targets-raise-concerns/?cs=2666,,Opinion | Australia delayed climate targets raise concerns | Mudgee Guardian,20250108T230000Z,https://www.mudgeeguardian.com.au/images/transform/v1/crop/frm/pMXRnDj3SUU44AkPpn97sC/3a9cf585-1218-4774-8f2b-37c6adef9347.jpg/r0_140_6000_3290_w1200_h630_fmax.jpg,mudgeeguardian.com.au,English,Australia
https://www.southernhighlandnews.com.au/story/8861019/opinion-australias-delayed-climate-targets-raise-concerns/?cs=2658,,Opinion | Australia delayed climate targets raise concerns | Southern Highland News,20250108T230000Z,https://www.southernhighlandnews.com.au/images/transform/v1/crop/frm/pMXRnDj3SUU44AkPpn97sC/3a9cf585-1218-4774-8f2b-37c6adef9347.jpg/r0_140_6000_3290_w1200_h630_fmax.jpg,southernhighlandnews.com.au,English,Australia
https://www.gleninnesexaminer.com.au/story/8861019/opinion-australias-delayed-climate-targets-raise-concerns/?cs=2799,,Opinion | Australia delayed climate targets raise concerns | Glen Innes Examiner,20250108T231500Z,https://www.gleninnesexaminer.com.au/images/transform/v1/crop/frm/pMXRnDj3SUU44AkPpn97sC/3a9cf585-1218-4774-8f2b-37c6adef9347.jpg/r0_140_6000_3290_w1200_h630_fmax.jpg,gleninnesexaminer.com.au,English,Australia
https://www.agassizharrisonobserver.com/local-news/green-party-leader-elizabeth-may-takes-aim-at-trump-in-viral-speech-7747154,,Green Party leader Elizabeth May takes aim at Trump in viral speech,20250108T231500Z,https://www.bpmcdn.com/f/files/saanich/2025-january/emay-12.jpg;w=1200;h=800;mode=crop,agassizharrisonobserver.com,English,Canada
https://www.peacearchnews.com/local-news/green-party-leader-elizabeth-may-takes-aim-at-trump-in-viral-speech-7747154,,Green Party leader Elizabeth May takes aim at Trump in viral speech,20250108T233000Z,https://www.bpmcdn.com/f/files/saanich/2025-january/emay-12.jpg;w=1200;h=800;mode=crop,peacearchnews.com,English,Canada
https://www.comoxvalleyrecord.com/local-news/green-party-leader-elizabeth-may-takes-aim-at-trump-in-viral-speech-7747154,,Green Party leader Elizabeth May takes aim at Trump in viral speech,20250108T233000Z,https://www.bpmcdn.com/f/files/saanich/2025-january/emay-12.jpg;w=1200;h=800;mode=crop,comoxvalleyrecord.com,English,Canada
https://www.standard.net.au/story/8861019/opinion-australias-delayed-climate-targets-raise-concerns/?cs=24942,,Opinion | Australia delayed climate targets raise concerns | The Standard,20250108T233000Z,https://www.standard.net.au/images/transform/v1/crop/frm/pMXRnDj3SUU44AkPpn97sC/3a9cf585-1218-4774-8f2b-37c6adef9347.jpg/r0_140_6000_3290_w1200_h630_fmax.jpg,standard.net.au,English,Australia
https://www.ladysmithchronicle.com/local-news/green-party-leader-elizabeth-may-takes-aim-at-trump-in-viral-speech-7747154,,Green Party leader Elizabeth May takes aim at Trump in viral speech,20250109T001500Z,https://www.bpmcdn.com/f/files/saanich/2025-january/emay-12.jpg;w=1200;h=800;mode=crop,ladysmithchronicle.com,English,Canada
https://www.livemint.com/economy/gift-city-sovereign-green-bonds-face-currency-hurdle-11736337448415.html,https://www.livemint.com/economy/gift-city-sovereign-green-bonds-face-currency-hurdle/amp-11736337448415.html,Gift City sovereign green bonds face currency hurdle,20250109T013000Z,https://www.livemint.com/lm-img/img/2025/01/08/600x338/mutual_fund_5_1736173372014_1736356990291.jpg,livemint.com,English,India
https://menafn.com/1109070449/Parliament-Reintroduces-Mandatory-Greenhouse-Gas-Emissions-Monitoring-System,,Parliament Reintroduces Mandatory Greenhouse Gas Emissions Monitoring System,20250109T043000Z,https://menafn.com/updates/pr/2025-01/08/U_79717image_story.jpg,menafn.com,English,Qatar
https://carbon-pulse.com/356465/,,"CP Daily : Wednesday January 8 , 2025 « Carbon Pulse",20250109T063000Z,,carbon-pulse.com,English,China
https://hallmarknews.com/adopt-green-growth-strategies-to-boost-economy-don-tells-fg/,https://hallmarknews.com/adopt-green-growth-strategies-to-boost-economy-don-tells-fg/?amp=1,"Adopt green growth strategies to boost economy , Don tells FG Business Hallmark",20250109T114500Z,https://hallmarknews.com/wp-content/uploads/2025/01/IMG-20250109-WA0004.jpg,hallmarknews.com,English,Nigeria
https://informativenews.co.ls/2025/01/09/lndcs-mixed-bag-performance/,,LNDC mixed bag performance,20250109T114500Z,https://informativenews.co.ls/wp-content/uploads/2025/01/LNDC-Interim-CEO-Advocate-Molise-Ramaili.jpg,informativenews.co.ls,English,Lesotho
https://www.ecb.europa.eu/press/economic-bulletin/focus/2025/html/ecb.ebbox202408_02~55e30afb57.en.html,,The effects of the Emissions Trading System on European investment in the short run,20250109T133000Z,,ecb.europa.eu,English,Greece
https://www.ecb.europa.eu/press/economic-bulletin/html/eb202408.en.html,,"Economic Bulletin Issue 8 , 2024",20250109T133000Z,,ecb.europa.eu,English,Greece
https://www.theepochtimes.com/us/california-governor-announces-first-high-speed-rail-track-to-be-laid-in-next-couple-of-years-5787913,,California Governor Announces First High - Speed Rail Track to Be Laid in Next Couple of Years,20250109T140000Z,https://img.theepochtimes.com/assets/uploads/2021/06/11/California-bullet-train-2-700x420.jpg,theepochtimes.com,English,United States
https://theloadstar.com/proposal-for-imo-controlled-shipping-decarbonisation-fund-gains-traction/,,Proposal for IMO - controlled shipping decarbonisation fund gains traction,20250109T161500Z,https://theloadstar.com/wp-content/uploads/e583504f78b3891755840b310f683ff1-680x0-c-default.jpg,theloadstar.com,English,
https://www.carbonbrief.org/experts-what-to-expect-from-china-on-energy-and-climate-action-in-2025/,,Experts : What to expect from China on energy and climate action in 2025 ? ,20250109T174500Z,https://www.carbonbrief.org/wp-content/uploads/2025/01/2YJGEXB.jpg,carbonbrief.org,English,United Kingdom
https://www.etftrends.com/climate-insights-channel/5-fundamental-drivers-2025-carbon-markets/,https://www.etftrends.com/climate-insights-channel/5-fundamental-drivers-2025-carbon-markets/amp/,5 Fundamental Drivers of 2025 Carbon Markets,20250109T201500Z,https://www.etftrends.com/wp-content/uploads/2025/01/shutterstock_2554644721.jpg,etftrends.com,English,China
https://www.openpr.com/news/3809716/tresvista-announces-appointment-of-amir-jairazbhoy-as-the-head,,TresVista Announces Appointment of Amir Jairazbhoy as the Head,20250109T201500Z,https://cdn.open-pr.com/1/0/109818376_g.jpg,openpr.com,English,United States
https://www.openpr.com/news/3809724/biov-launches-global-collaboration-platform-to-accelerate-tech,,BioV Launches Global Collaboration Platform to Accelerate Tech,20250109T201500Z,https://cdn.open-pr.com/1/0/109929158_g.jpg,openpr.com,English,United States
https://www.openpr.com/news/3809722/deep-roots-grounded-in-holistic-philosophy-powered,,"Deep Roots : Grounded in Holistic Philosophy , Powered",20250109T201500Z,https://cdn.open-pr.com/1/0/109942860_g.jpg,openpr.com,English,United States
https://www.openpr.com/news/3809714/expert-car-locksmith-services-now-accessible-24-7-across,,Expert Car Locksmith Services Now Accessible 24 / 7 Across,20250109T201500Z,https://cdn.open-pr.com/1/0/109620561_g.jpg,openpr.com,English,United States
https://www.openpr.com/news/3809726/over-300-customers-pre-ordered-ac-future-s-newly-launched-ai,,Over 300 customers pre - ordered AC Future newly launched AI,20250109T201500Z,https://cdn.open-pr.com/1/0/109430720_g.jpg,openpr.com,English,United States
https://www.openpr.com/news/3809712/rapid-solutions-for-houston-drivers-expert-car-key-replacement,,Rapid Solutions for Houston Drivers : Expert Car Key Replacement,20250109T201500Z,https://cdn.open-pr.com/1/0/109229552_g.jpg,openpr.com,English,United States
https://www.openpr.com/news/3809719/fintech-monkey-leader-in-early-payment-solutions-in-latin,,"Fintech Monkey , leader in early payment solutions in Latin",20250109T201500Z,https://cdn.open-pr.com/1/0/109588555_g.jpg,openpr.com,English,United States
https://theenterpriseleader.com/2025/01/09/carbon-strategy-etf-nysearcakarb-shares-up-0-should-you-buy.html,,Carbon Strategy ETF ( NYSEARCA : KARB ) Shares Up 0 % – Should You Buy ? ,20250110T010000Z,,theenterpriseleader.com,English,United States
https://www.piquenewsmagazine.com/local-news/slrd-consider-amendments-climate-strategy-10049235,,SLRD to consider climate strategy amendments,20250110T023000Z,https://www.vmcdn.ca/f/files/piquenewsmagazine/images/breaking-news/floodingmainstreet.jpeg;w=960;h=720;mode=crop,piquenewsmagazine.com,English,Canada
https://cleantechnica.com/2025/01/09/pik-director-issues-a-bleak-forecast-for-the-environment/,https://cleantechnica.com/2025/01/09/pik-director-issues-a-bleak-forecast-for-the-environment/?amp=1,PIK Director Issues A Bleak Forecast For The Environment,20250110T023000Z,https://cleantechnica.com/wp-content/uploads/2025/01/PIK.jpeg,cleantechnica.com,English,United States
https://www.bjreview.com/World/202411/t20241125_800385081.html,,World reaches groundwork climate deal at COP29 -- Beijing Review,20250110T054500Z,https://www.bjreview.com/World/202411/W020241125340317916767.jpg,bjreview.com,English,China
https://www.dailymail.co.uk/money/markets/article-14270395/Climate-policies-probably-inflationary-expected-says-Bank-England-deputy.html,,"Climate policies probably more inflationary than expected , says Bank of England deputy",20250110T130000Z,https://i.dailymail.co.uk/1s/2025/01/10/11/93953837-0-image-a-11_1736507729087.jpg,dailymail.co.uk,English,United Kingdom
https://www.thisismoney.co.uk/money/markets/article-14270395/Climate-policies-probably-inflationary-expected-says-Bank-England-deputy.html,,"Climate policies probably more inflationary than expected , says Bank of England deputy",20250110T131500Z,https://i.dailymail.co.uk/1s/2025/01/10/11/93953837-0-image-a-11_1736507729087.jpg,thisismoney.co.uk,English,United Kingdom
https://carbon-pulse.com/357346/,,INTERVIEW : European carbon capture developer plans to help emitters monetise biogenic CO2 « Carbon Pulse,20250110T151500Z,,carbon-pulse.com,English,China
https://www.syracuse.com/state/2025/01/what-is-new-yorks-cap-and-invest-carbon-pricing-plan.html,https://www.syracuse.com/state/2025/01/what-is-new-yorks-cap-and-invest-carbon-pricing-plan.html?outputType=amp,What is New York  cap and invest  carbon pricing plan ? ,20250110T163000Z,https://www.syracuse.com/resizer/v2/NXUGLSGFFJEENN3CGQ5V6CT5IU.jpg?auth=ff1ca6e876934e9513d536c4b4c923d405531846aaef64bba3cb88cbae688420&quality=90,syracuse.com,English,United States
https://www.timminspress.com:443/news/supreme-court-of-canada-could-hear-generation-defining-climate-case,,Supreme Court of Canada could hear  generation - defining  climate case,20250110T181500Z,,timminspress.com,English,Canada
https://www.saultstar.com:443/news/supreme-court-of-canada-could-hear-generation-defining-climate-case,,Supreme Court of Canada could hear  generation - defining  climate case,20250110T200000Z,,saultstar.com,English,Canada
https://www.saultthisweek.com:443/news/supreme-court-of-canada-could-hear-generation-defining-climate-case,,Supreme Court of Canada could hear  generation - defining  climate case,20250110T204500Z,,saultthisweek.com,English,Canada
https://www.borehamwoodtimes.co.uk/news/national/24849759.uk-sign-climate-change-co-operation-agreement-china-says-think-tank/,,"UK should sign climate change co - operation agreement with China , says think tank",20250111T004500Z,https://www.borehamwoodtimes.co.uk/resources/images/18963642.jpg?type=og-image,borehamwoodtimes.co.uk,English,United Kingdom
https://www.harwichandmanningtreestandard.co.uk/news/national/24849759.uk-sign-climate-change-co-operation-agreement-china-says-think-tank/,,"UK should sign climate change co - operation agreement with China , says think tank",20250111T004500Z,https://www.harwichandmanningtreestandard.co.uk/resources/images/18963642.jpg?type=og-image,harwichandmanningtreestandard.co.uk,English,United Kingdom
https://www.newsshopper.co.uk/news/national/24849759.uk-sign-climate-change-co-operation-agreement-china-says-think-tank/,,"UK should sign climate change co - operation agreement with China , says think tank",20250111T004500Z,https://www.newsshopper.co.uk/resources/images/18963642.jpg?type=og-image,newsshopper.co.uk,English,United Kingdom
https://www.ipswichstar.co.uk/news/national/24849759.uk-sign-climate-change-co-operation-agreement-china-says-think-tank/,,"UK should sign climate change co - operation agreement with China , says think tank",20250111T004500Z,https://www.ipswichstar.co.uk/resources/images/18963642.jpg?type=og-image,ipswichstar.co.uk,English,United Kingdom
https://www.hexham-courant.co.uk/news/national/24849759.uk-sign-climate-change-co-operation-agreement-china-says-think-tank/,,"UK should sign climate change co - operation agreement with China , says think tank",20250111T004500Z,https://www.hexham-courant.co.uk/resources/images/18963642.jpg?type=og-image,hexham-courant.co.uk,English,United Kingdom
https://www.chesterstandard.co.uk/news/national/24849759.uk-sign-climate-change-co-operation-agreement-china-says-think-tank/,,"UK should sign climate change co - operation agreement with China , says think tank",20250111T004500Z,https://www.chesterstandard.co.uk/resources/images/18963642.jpg?type=og-image,chesterstandard.co.uk,English,United Kingdom
https://www.clactonandfrintongazette.co.uk/news/national/24849759.uk-sign-climate-change-co-operation-agreement-china-says-think-tank/,,"UK should sign climate change co - operation agreement with China , says think tank",20250111T004500Z,https://www.clactonandfrintongazette.co.uk/resources/images/18963642.jpg?type=og-image,clactonandfrintongazette.co.uk,English,United Kingdom
https://www.countytimes.co.uk/news/national/24849759.uk-sign-climate-change-co-operation-agreement-china-says-think-tank/,,"UK should sign climate change co - operation agreement with China , says think tank",20250111T004500Z,https://www.countytimes.co.uk/resources/images/18963642.jpg?type=og-image,countytimes.co.uk,English,United Kingdom
https://www.edp24.co.uk/news/national/24849759.uk-sign-climate-change-co-operation-agreement-china-says-think-tank/,,"UK should sign climate change co - operation agreement with China , says think tank",20250111T010000Z,https://www.edp24.co.uk/resources/images/18963642.jpg?type=og-image,edp24.co.uk,English,United Kingdom
https://www.bucksfreepress.co.uk/news/national/24849759.uk-sign-climate-change-co-operation-agreement-china-says-think-tank/,,"UK should sign climate change co - operation agreement with China , says think tank",20250111T010000Z,https://www.bucksfreepress.co.uk/resources/images/18963642.jpg?type=og-image,bucksfreepress.co.uk,English,United Kingdom
https://www.greenocktelegraph.co.uk/news/national/24849759.uk-sign-climate-change-co-operation-agreement-china-says-think-tank/,,"UK should sign climate change co - operation agreement with China , says think tank",20250111T010000Z,https://www.greenocktelegraph.co.uk/resources/images/18963642.jpg?type=og-image,greenocktelegraph.co.uk,English,United Kingdom
https://www.somersetcountygazette.co.uk/news/national/24849759.uk-sign-climate-change-co-operation-agreement-china-says-think-tank/,,"UK should sign climate change co - operation agreement with China , says think tank",20250111T010000Z,https://www.somersetcountygazette.co.uk/resources/images/18963642.jpg?type=og-image,somersetcountygazette.co.uk,English,United Kingdom
https://www.kidderminstershuttle.co.uk/news/national/24849759.uk-sign-climate-change-co-operation-agreement-china-says-think-tank/,,"UK should sign climate change co - operation agreement with China , says think tank",20250111T010000Z,https://www.kidderminstershuttle.co.uk/resources/images/18963642.jpg?type=og-image,kidderminstershuttle.co.uk,English,United Kingdom
https://www.maldonandburnhamstandard.co.uk/news/national/24849759.uk-sign-climate-change-co-operation-agreement-china-says-think-tank/,,"UK should sign climate change co - operation agreement with China , says think tank",20250111T011500Z,https://www.maldonandburnhamstandard.co.uk/resources/images/18963642.jpg?type=og-image,maldonandburnhamstandard.co.uk,English,United Kingdom
https://www.asianimage.co.uk/news/national/24849759.uk-sign-climate-change-co-operation-agreement-china-says-think-tank/,,"UK should sign climate change co - operation agreement with China , says think tank",20250111T011500Z,https://www.asianimage.co.uk/resources/images/18963642.jpg?type=og-image,asianimage.co.uk,English,United Kingdom
https://www.leaderlive.co.uk/news/national/24849759.uk-sign-climate-change-co-operation-agreement-china-says-think-tank/,,"UK should sign climate change co - operation agreement with China , says think tank",20250111T011500Z,https://www.leaderlive.co.uk/resources/images/18963642.jpg?type=og-image,leaderlive.co.uk,English,United Kingdom
https://www.sthelensstar.co.uk/news/national/24849759.uk-sign-climate-change-co-operation-agreement-china-says-think-tank/,,"UK should sign climate change co - operation agreement with China , says think tank",20250111T011500Z,https://www.sthelensstar.co.uk/resources/images/18963642.jpg?type=og-image,sthelensstar.co.uk,English,United Kingdom
https://www.impartialreporter.com/news/national/24849759.uk-sign-climate-change-co-operation-agreement-china-says-think-tank/,,"UK should sign climate change co - operation agreement with China , says think tank",20250111T011500Z,https://www.impartialreporter.com/resources/images/18963642.jpg?type=og-image,impartialreporter.com,English,United Kingdom
https://www.nwemail.co.uk/news/national/24849759.uk-sign-climate-change-co-operation-agreement-china-says-think-tank/,,"UK should sign climate change co - operation agreement with China , says think tank",20250111T011500Z,https://www.nwemail.co.uk/resources/images/18963642.jpg?type=og-image,nwemail.co.uk,English,United Kingdom
https://www.timesandstar.co.uk/news/national/24849759.uk-sign-climate-change-co-operation-agreement-china-says-think-tank/,,"UK should sign climate change co - operation agreement with China , says think tank",20250111T011500Z,https://www.timesandstar.co.uk/resources/images/18963642.jpg?type=og-image,timesandstar.co.uk,English,United Kingdom
https://www.warringtonguardian.co.uk/news/national/24849759.uk-sign-climate-change-co-operation-agreement-china-says-think-tank/,,"UK should sign climate change co - operation agreement with China , says think tank",20250111T011500Z,https://www.warringtonguardian.co.uk/resources/images/18963642.jpg?type=og-image,warringtonguardian.co.uk,English,United Kingdom
https://www.cravenherald.co.uk/news/national/24849759.uk-sign-climate-change-co-operation-agreement-china-says-think-tank/,,"UK should sign climate change co - operation agreement with China , says think tank",20250111T011500Z,https://www.cravenherald.co.uk/resources/images/18963642.jpg?type=og-image,cravenherald.co.uk,English,United Kingdom
https://www.gazetteherald.co.uk/news/national/24849759.uk-sign-climate-change-co-operation-agreement-china-says-think-tank/,,"UK should sign climate change co - operation agreement with China , says think tank",20250111T013000Z,https://www.gazetteherald.co.uk/resources/images/18963642.jpg?type=og-image,gazetteherald.co.uk,English,United Kingdom
https://www.thewestmorlandgazette.co.uk/news/national/24849759.uk-sign-climate-change-co-operation-agreement-china-says-think-tank/,,"UK should sign climate change co - operation agreement with China , says think tank",20250111T013000Z,https://www.thewestmorlandgazette.co.uk/resources/images/18963642.jpg?type=og-image,thewestmorlandgazette.co.uk,English,United Kingdom
https://www.barryanddistrictnews.co.uk/news/national/24849759.uk-sign-climate-change-co-operation-agreement-china-says-think-tank/,,"UK should sign climate change co - operation agreement with China , says think tank",20250111T013000Z,https://www.barryanddistrictnews.co.uk/resources/images/18963642.jpg?type=og-image,barryanddistrictnews.co.uk,English,United Kingdom
https://www.bracknellnews.co.uk/news/national/24849759.uk-sign-climate-change-co-operation-agreement-china-says-think-tank/,,"UK should sign climate change co - operation agreement with China , says think tank",20250111T013000Z,https://www.bracknellnews.co.uk/resources/images/18963642.jpg?type=og-image,bracknellnews.co.uk,English,United Kingdom
https://www.swindonadvertiser.co.uk/news/national/24849759.uk-sign-climate-change-co-operation-agreement-china-says-think-tank/,,"UK should sign climate change co - operation agreement with China , says think tank",20250111T013000Z,https://www.swindonadvertiser.co.uk/resources/images/18963642.jpg?type=og-image,swindonadvertiser.co.uk,English,United Kingdom
https://www.yourlocalguardian.co.uk/news/national/24849759.uk-sign-climate-change-co-operation-agreement-china-says-think-tank/,,"UK should sign climate change co - operation agreement with China , says think tank",20250111T013000Z,https://www.yourlocalguardian.co.uk/resources/images/18963642.jpg?type=og-image,yourlocalguardian.co.uk,English,United Kingdom
https://article.wn.com/view/2025/01/11/UK_should_sign_climate_change_cooperation_agreement_with_Chi_n/,,"UK should sign climate change co - operation agreement with China , says think tank",20250111T013000Z,,article.wn.com,English,United States
https://www.chelmsfordweeklynews.co.uk/news/national/24849759.uk-sign-climate-change-co-operation-agreement-china-says-think-tank/,,"UK should sign climate change co - operation agreement with China , says think tank",20250111T013000Z,https://www.chelmsfordweeklynews.co.uk/resources/images/18963642.jpg?type=og-image,chelmsfordweeklynews.co.uk,English,United Kingdom
https://www.dunfermlinepress.com/news/national/24849759.uk-sign-climate-change-co-operation-agreement-china-says-think-tank/,,"UK should sign climate change co - operation agreement with China , says think tank",20250111T023000Z,https://www.dunfermlinepress.com/resources/images/18963642.jpg?type=og-image,dunfermlinepress.com,English,United Kingdom
https://www.eveningnews24.co.uk/news/national/24849759.uk-sign-climate-change-co-operation-agreement-china-says-think-tank/,,"UK should sign climate change co - operation agreement with China , says think tank",20250111T023000Z,https://www.eveningnews24.co.uk/resources/images/18963642.jpg?type=og-image,eveningnews24.co.uk,English,United Kingdom
https://www.falmouthpacket.co.uk/news/national/24849759.uk-sign-climate-change-co-operation-agreement-china-says-think-tank/,,"UK should sign climate change co - operation agreement with China , says think tank",20250111T023000Z,https://www.falmouthpacket.co.uk/resources/images/18963642.jpg?type=og-image,falmouthpacket.co.uk,English,United Kingdom
https://www.times-series.co.uk/news/national/24849759.uk-sign-climate-change-co-operation-agreement-china-says-think-tank/,,"UK should sign climate change co - operation agreement with China , says think tank",20250111T023000Z,https://www.times-series.co.uk/resources/images/18963642.jpg?type=og-image,times-series.co.uk,English,United Kingdom
https://www.thisislocallondon.co.uk/news/national/24849759.uk-sign-climate-change-co-operation-agreement-china-says-think-tank/,,"UK should sign climate change co - operation agreement with China , says think tank",20250111T023000Z,https://www.thisislocallondon.co.uk/resources/images/18963642.jpg?type=og-image,thisislocallondon.co.uk,English,United Kingdom
https://www.thewestonmercury.co.uk/news/national/24849759.uk-sign-climate-change-co-operation-agreement-china-says-think-tank/,,"UK should sign climate change co - operation agreement with China , says think tank",20250111T034500Z,https://www.thewestonmercury.co.uk/resources/images/18963642.jpg?type=og-image,thewestonmercury.co.uk,English,United Kingdom
https://www.northwalespioneer.co.uk/news/national/24849759.uk-sign-climate-change-co-operation-agreement-china-says-think-tank/,,"UK should sign climate change co - operation agreement with China , says think tank",20250111T034500Z,https://www.northwalespioneer.co.uk/resources/images/18963642.jpg?type=og-image,northwalespioneer.co.uk,English,United Kingdom
https://www.watfordobserver.co.uk/news/national/24849759.uk-sign-climate-change-co-operation-agreement-china-says-think-tank/,,"UK should sign climate change co - operation agreement with China , says think tank",20250111T034500Z,https://www.watfordobserver.co.uk/resources/images/18963642.jpg?type=og-image,watfordobserver.co.uk,English,United Kingdom
https://www.bridgwatermercury.co.uk/news/national/24849759.uk-sign-climate-change-co-operation-agreement-china-says-think-tank/,,"UK should sign climate change co - operation agreement with China , says think tank",20250111T034500Z,https://www.bridgwatermercury.co.uk/resources/images/18963642.jpg?type=og-image,bridgwatermercury.co.uk,English,United Kingdom
https://www.bangkokpost.com/opinion/opinion/2937451/canada-must-steer-clear-of-donald-trump,,Bangkok Post - Canada must steer clear of Donald Trump,20250111T040000Z,https://www.bangkokpost.com/v3/assets/images/img-default.jpg,bangkokpost.com,English,Thailand
https://www.dumbartonreporter.co.uk/news/national/24849759.uk-sign-climate-change-co-operation-agreement-china-says-think-tank/,,"UK should sign climate change co - operation agreement with China , says think tank",20250111T040000Z,https://www.dumbartonreporter.co.uk/resources/images/18963642.jpg?type=og-image,dumbartonreporter.co.uk,English,United Kingdom
https://www.theboltonnews.co.uk/news/national/24849759.uk-sign-climate-change-co-operation-agreement-china-says-think-tank/,,"UK should sign climate change co - operation agreement with China , says think tank",20250111T040000Z,https://www.theboltonnews.co.uk/resources/images/18963642.jpg?type=og-image,theboltonnews.co.uk,English,United Kingdom
https://www.gazette-news.co.uk/news/national/24849759.uk-sign-climate-change-co-operation-agreement-china-says-think-tank/,,"UK should sign climate change co - operation agreement with China , says think tank",20250111T040000Z,https://www.gazette-news.co.uk/resources/images/18963642.jpg?type=og-image,gazette-news.co.uk,English,United Kingdom
https://www.dailyecho.co.uk/news/national/24849759.uk-sign-climate-change-co-operation-agreement-china-says-think-tank/,,"UK should sign climate change co - operation agreement with China , says think tank",20250111T043000Z,https://www.dailyecho.co.uk/resources/images/18963642.jpg?type=og-image,dailyecho.co.uk,English,United Kingdom
https://www.bridportnews.co.uk/news/national/24849759.uk-sign-climate-change-co-operation-agreement-china-says-think-tank/,,"UK should sign climate change co - operation agreement with China , says think tank",20250111T043000Z,https://www.bridportnews.co.uk/resources/images/18963642.jpg?type=og-image,bridportnews.co.uk,English,United Kingdom
https://www.burnhamandhighbridgeweeklynews.co.uk/news/national/24849759.uk-sign-climate-change-co-operation-agreement-china-says-think-tank/,,"UK should sign climate change co - operation agreement with China , says think tank",20250111T043000Z,https://www.burnhamandhighbridgeweeklynews.co.uk/resources/images/18963642.jpg?type=og-image,burnhamandhighbridgeweeklynews.co.uk,English,United Kingdom
https://www.runcornandwidnesworld.co.uk/news/national/24849759.uk-sign-climate-change-co-operation-agreement-china-says-think-tank/,,"UK should sign climate change co - operation agreement with China , says think tank",20250111T043000Z,https://www.runcornandwidnesworld.co.uk/resources/images/18963642.jpg?type=og-image,runcornandwidnesworld.co.uk,English,United Kingdom
https://www.thetottenhamindependent.co.uk/news/national/24849759.uk-sign-climate-change-co-operation-agreement-china-says-think-tank/,,"UK should sign climate change co - operation agreement with China , says think tank",20250111T043000Z,https://www.thetottenhamindependent.co.uk/resources/images/18963642.jpg?type=og-image,thetottenhamindependent.co.uk,English,United Kingdom
https://www.stalbansreview.co.uk/news/national/24849759.uk-sign-climate-change-co-operation-agreement-china-says-think-tank/,,"UK should sign climate change co - operation agreement with China , says think tank",20250111T043000Z,https://www.stalbansreview.co.uk/resources/images/18963642.jpg?type=og-image,stalbansreview.co.uk,English,United Kingdom
https://www.witneygazette.co.uk/news/national/24849759.uk-sign-climate-change-co-operation-agreement-china-says-think-tank/,,"UK should sign climate change co - operation agreement with China , says think tank",20250111T044500Z,https://www.witneygazette.co.uk/resources/images/18963642.jpg?type=og-image,witneygazette.co.uk,English,United Kingdom
https://www.wharfedaleobserver.co.uk/news/national/24849759.uk-sign-climate-change-co-operation-agreement-china-says-think-tank/,,"UK should sign climate change co - operation agreement with China , says think tank",20250111T044500Z,https://www.wharfedaleobserver.co.uk/resources/images/18963642.jpg?type=og-image,wharfedaleobserver.co.uk,English,United Kingdom
https://www.thetelegraphandargus.co.uk/news/national/24849759.uk-sign-climate-change-co-operation-agreement-china-says-think-tank/,,"UK should sign climate change co - operation agreement with China , says think tank",20250111T044500Z,https://www.thetelegraphandargus.co.uk/resources/images/18963642.jpg?type=og-image,thetelegraphandargus.co.uk,English,United Kingdom
https://www.itv.com/news/2025-01-10/uk-should-sign-climate-change-co-operation-agreement-with-china-says-think-tank,,"UK should sign climate change co - operation agreement with China , says think tank",20250111T044500Z,https://images.ctfassets.net/pjshm78m9jt4/headerImage-1a16e159-e56a-4a99-aea7-3df77582a549/73abeaf550a864ebccf669adebd18b52/headerImage-1a16e159-e56a-4a99-aea7-3df77582a549?fm=jpg&fit=fill&q=80,itv.com,English,United Kingdom
https://www.clydebankpost.co.uk/news/national/24849759.uk-sign-climate-change-co-operation-agreement-china-says-think-tank/,,"UK should sign climate change co - operation agreement with China , says think tank",20250111T044500Z,https://www.clydebankpost.co.uk/resources/images/18963642.jpg?type=og-image,clydebankpost.co.uk,English,United Kingdom
https://www.guardian-series.co.uk/news/national/24849759.uk-sign-climate-change-co-operation-agreement-china-says-think-tank/,,"UK should sign climate change co - operation agreement with China , says think tank",20250111T050000Z,https://www.guardian-series.co.uk/resources/images/18963642.jpg?type=og-image,guardian-series.co.uk,English,United Kingdom
https://www.eppingforestguardian.co.uk/news/national/24849759.uk-sign-climate-change-co-operation-agreement-china-says-think-tank/,,"UK should sign climate change co - operation agreement with China , says think tank",20250111T050000Z,https://www.eppingforestguardian.co.uk/resources/images/18963642.jpg?type=og-image,eppingforestguardian.co.uk,English,United Kingdom
https://www.rhyljournal.co.uk/news/national/24849759.uk-sign-climate-change-co-operation-agreement-china-says-think-tank/,,"UK should sign climate change co - operation agreement with China , says think tank",20250111T050000Z,https://www.rhyljournal.co.uk/resources/images/18963642.jpg?type=og-image,rhyljournal.co.uk,English,United Kingdom
https://www.halsteadgazette.co.uk/news/national/24849759.uk-sign-climate-change-co-operation-agreement-china-says-think-tank/,,"UK should sign climate change co - operation agreement with China , says think tank",20250111T050000Z,https://www.halsteadgazette.co.uk/resources/images/18963642.jpg?type=og-image,halsteadgazette.co.uk,English,United Kingdom
https://www.newsbtc.com/news/company/the-green-mining-revolution-fedroks-plan-to-make-bitcoin-sustainable/,https://www.newsbtc.com/news/company/the-green-mining-revolution-fedroks-plan-to-make-bitcoin-sustainable/amp/,The Green Mining Revolution : Fedrok Plan to Make Bitcoin Sustainable,20250111T104500Z,https://www.newsbtc.com/wp-content/uploads/2025/01/Picture2_838918.jpg,newsbtc.com,English,United States
https://eturbonews.com/new-coalition-government-and-uk-airline-industry-will-they-get-a/,,New coalition government and united kingdom airline industry - will they get along ? ,20250111T121500Z,,eturbonews.com,English,United States
https://news.webindia123.com/news/Articles/World/20250111/4275460.html,,FNC urges acceleration of clean energy transition at IRENA Legislators Forum 2025,20250111T143000Z,,news.webindia123.com,English,India
https://crooksandliars.com/2025/01/canadian-mp-responds-orange-felon,https://crooksandliars.com/2025/01/canadian-mp-responds-orange-felon/amp,Canadian MP Responds To Orange Felon With A Counterproposal,20250111T173000Z,https://crooksandliars.com/files/primary_image/25/01/screenshot_2025-01-10_164408.png,crooksandliars.com,English,United States
https://www.yahoo.com/news/gov-inslee-won-t-back-130000203.html,,Gov . Inslee wont back bill weakening his office power to site WA energy projects,20250111T204500Z,https://media.zenfs.com/en/tri_city_herald_mcclatchy_articles_655/a2821a6a5951daff3120ad7871d4dcee,yahoo.com,English,United States
https://canadafreepress.com/article/the-scam-of-man-made-climate-change,,The Scam of Man - Made﻿ Climate Change,20250112T030000Z,https://canadafreepress.com/images/uploads/lehmann011125.jpg,canadafreepress.com,English,United States
https://www.sharonherald.com/news/pa-senate-president-eyes-energy-school-choice-in-new-session/article_385440c2-df81-52e1-b789-7646c0df93c3.html,,"Pa . Senate president eyes energy , school choice in new session",20250113T034500Z,https://bloximages.chicago2.vip.townnews.com/sharonherald.com/content/tncms/custom/image/3106678e-6b76-11e5-ba53-53be1f213aa8.jpg,sharonherald.com,English,United States
https://www.times-series.co.uk/news/national/24851949.uk-chemical-manufacturing-facing-extinction-says-ineos-boss-ratcliffe/,,"UK chemical manufacturing facing  extinction , says Ineos boss Ratcliffe",20250113T111500Z,https://www.times-series.co.uk/resources/images/18966735.jpg?type=og-image,times-series.co.uk,English,United Kingdom
https://www.kentonline.co.uk/news/national/uk-chemical-manufacturing-facing-extinction-says-ineos-boss-ratcliffe-136575/,https://www.kentonline.co.uk/news/national/amp/uk-chemical-manufacturing-facing-extinction-says-ineos-boss-ratcliffe-136575/,"UK chemical manufacturing facing  extinction , says Ineos boss Ratcliffe",20250113T111500Z,https://www.kentonline.co.uk/_media/img/DMCEETMIV1UOUVHM0O8C.jpg,kentonline.co.uk,English,United Kingdom
https://www.gazette-news.co.uk/news/national/24851949.uk-chemical-manufacturing-facing-extinction-says-ineos-boss-ratcliffe/,,"UK chemical manufacturing facing  extinction , says Ineos boss Ratcliffe",20250113T111500Z,https://www.gazette-news.co.uk/resources/images/18966735.jpg?type=og-image,gazette-news.co.uk,English,United Kingdom
https://www.thisiswiltshire.co.uk/news/national/24851949.uk-chemical-manufacturing-facing-extinction-says-ineos-boss-ratcliffe/,,"UK chemical manufacturing facing  extinction , says Ineos boss Ratcliffe",20250113T111500Z,https://www.thisiswiltshire.co.uk/resources/images/18966735.jpg?type=og-image,thisiswiltshire.co.uk,English,United Kingdom
https://www.marketscreener.com/news/latest/UK-chemical-manufacturing-facing-extinction-Ineos-Chair-Ratcliffe-48742806/,,UK chemical manufacturing facing  extinction  Ineos Chair Ratcliffe,20250113T114500Z,https://www.marketscreener.com/images/twitter_MS_fdnoir.png,marketscreener.com,English,
https://www.somersetcountygazette.co.uk/news/national/24851949.uk-chemical-manufacturing-facing-extinction-says-ineos-boss-ratcliffe/,,"UK chemical manufacturing facing  extinction , says Ineos boss Ratcliffe",20250113T114500Z,https://www.somersetcountygazette.co.uk/resources/images/18966735.jpg?type=og-image,somersetcountygazette.co.uk,English,United Kingdom
https://www.ludlowadvertiser.co.uk/news/national/24851949.uk-chemical-manufacturing-facing-extinction-says-ineos-boss-ratcliffe/,,"UK chemical manufacturing facing  extinction , says Ineos boss Ratcliffe",20250113T114500Z,https://www.ludlowadvertiser.co.uk/resources/images/18966735.jpg?type=og-image,ludlowadvertiser.co.uk,English,United Kingdom
https://www.andoveradvertiser.co.uk/news/national/24851949.uk-chemical-manufacturing-facing-extinction-says-ineos-boss-ratcliffe/,,"UK chemical manufacturing facing  extinction , says Ineos boss Ratcliffe",20250113T114500Z,https://www.andoveradvertiser.co.uk/resources/images/18966735.jpg?type=og-image,andoveradvertiser.co.uk,English,United Kingdom
https://www.witneygazette.co.uk/news/national/24851949.uk-chemical-manufacturing-facing-extinction-says-ineos-boss-ratcliffe/,,"UK chemical manufacturing facing  extinction , says Ineos boss Ratcliffe",20250113T120000Z,https://www.witneygazette.co.uk/resources/images/18966735.jpg?type=og-image,witneygazette.co.uk,English,United Kingdom
https://www.watfordobserver.co.uk/news/national/24851949.uk-chemical-manufacturing-facing-extinction-says-ineos-boss-ratcliffe/,,"UK chemical manufacturing facing  extinction , says Ineos boss Ratcliffe",20250113T120000Z,https://www.watfordobserver.co.uk/resources/images/18966735.jpg?type=og-image,watfordobserver.co.uk,English,United Kingdom
https://www.yourlocalguardian.co.uk/news/national/24851949.uk-chemical-manufacturing-facing-extinction-says-ineos-boss-ratcliffe/,,"UK chemical manufacturing facing  extinction , says Ineos boss Ratcliffe",20250113T120000Z,https://www.yourlocalguardian.co.uk/resources/images/18966735.jpg?type=og-image,yourlocalguardian.co.uk,English,United Kingdom
https://www.borehamwoodtimes.co.uk/news/national/24851949.uk-chemical-manufacturing-facing-extinction-says-ineos-boss-ratcliffe/,,"UK chemical manufacturing facing  extinction , says Ineos boss Ratcliffe",20250113T121500Z,https://www.borehamwoodtimes.co.uk/resources/images/18966735.jpg?type=og-image,borehamwoodtimes.co.uk,English,United Kingdom
https://www.irvinetimes.com/news/national/24851949.uk-chemical-manufacturing-facing-extinction-says-ineos-boss-ratcliffe/,,"UK chemical manufacturing facing  extinction , says Ineos boss Ratcliffe",20250113T121500Z,https://www.irvinetimes.com/resources/images/18966735.jpg?type=og-image,irvinetimes.com,English,United Kingdom
https://www.theboltonnews.co.uk/news/national/24851949.uk-chemical-manufacturing-facing-extinction-says-ineos-boss-ratcliffe/,,"UK chemical manufacturing facing  extinction , says Ineos boss Ratcliffe",20250113T121500Z,https://www.theboltonnews.co.uk/resources/images/18966735.jpg?type=og-image,theboltonnews.co.uk,English,United Kingdom
https://www.southwalesargus.co.uk/news/national/24851949.uk-chemical-manufacturing-facing-extinction-says-ineos-boss-ratcliffe/,,"UK chemical manufacturing facing  extinction , says Ineos boss Ratcliffe",20250113T123000Z,https://www.southwalesargus.co.uk/resources/images/18966735.jpg?type=og-image,southwalesargus.co.uk,English,United Kingdom
https://www.swindonadvertiser.co.uk/news/national/24851949.uk-chemical-manufacturing-facing-extinction-says-ineos-boss-ratcliffe/,,"UK chemical manufacturing facing  extinction , says Ineos boss Ratcliffe",20250113T123000Z,https://www.swindonadvertiser.co.uk/resources/images/18966735.jpg?type=og-image,swindonadvertiser.co.uk,English,United Kingdom
https://www.bridportnews.co.uk/news/national/24851949.uk-chemical-manufacturing-facing-extinction-says-ineos-boss-ratcliffe/,,"UK chemical manufacturing facing  extinction , says Ineos boss Ratcliffe",20250113T123000Z,https://www.bridportnews.co.uk/resources/images/18966735.jpg?type=og-image,bridportnews.co.uk,English,United Kingdom
https://www.leaderlive.co.uk/news/national/24851949.uk-chemical-manufacturing-facing-extinction-says-ineos-boss-ratcliffe/,,"UK chemical manufacturing facing  extinction , says Ineos boss Ratcliffe",20250113T123000Z,https://www.leaderlive.co.uk/resources/images/18966735.jpg?type=og-image,leaderlive.co.uk,English,United Kingdom
https://www.halesowennews.co.uk/news/national/24851949.uk-chemical-manufacturing-facing-extinction-says-ineos-boss-ratcliffe/,,"UK chemical manufacturing facing  extinction , says Ineos boss Ratcliffe",20250113T123000Z,https://www.halesowennews.co.uk/resources/images/18966735.jpg?type=og-image,halesowennews.co.uk,English,United Kingdom
https://bmmagazine.co.uk/news/uk-chemicals-industry-heading-for-extinction-warns-jim-ratcliffe/,https://bmmagazine.co.uk/news/uk-chemicals-industry-heading-for-extinction-warns-jim-ratcliffe/?amp,UK chemicals industry  heading for extinction  warns Jim Ratcliffe,20250113T123000Z,https://bmmagazine.co.uk/wp-content/uploads/2024/06/Jim-Ratcliffe.jpg.webp,bmmagazine.co.uk,English,United Kingdom
https://www.wiltsglosstandard.co.uk/news/national/24851949.uk-chemical-manufacturing-facing-extinction-says-ineos-boss-ratcliffe/,,"UK chemical manufacturing facing  extinction , says Ineos boss Ratcliffe | Wilts and Gloucestershire Standard",20250113T123000Z,https://www.wiltsglosstandard.co.uk/resources/images/18966735.jpg?type=og-image,wiltsglosstandard.co.uk,English,United Kingdom
https://www.ealingtimes.co.uk/news/national/24851949.uk-chemical-manufacturing-facing-extinction-says-ineos-boss-ratcliffe/,,"UK chemical manufacturing facing  extinction , says Ineos boss Ratcliffe",20250113T123000Z,https://www.ealingtimes.co.uk/resources/images/18966735.jpg?type=og-image,ealingtimes.co.uk,English,United Kingdom
https://www.euro-petrole.com/ineos-chemicals-coming-to-an-end-in-the-uk-n-i-27938,,INEOS - INEOS : Chemicals coming to an end in ... ,20250113T150000Z,http://www.euro-petrole.com/images_news/,euro-petrole.com,English,United States
https://www.birminghammail.co.uk/motoring/motoring-news/petrol-diesel-drivers-warned-over-30771723,https://www.birminghammail.co.uk/motoring/motoring-news/petrol-diesel-drivers-warned-over-30771723.amp,Petrol and diesel drivers warned over big update coming in February,20250113T161500Z,https://i2-prod.birminghammail.co.uk/news/midlands-news/article30771880.ece/ALTERNATES/s1200/0_petrol1.jpg,birminghammail.co.uk,English,United Kingdom
https://www.thechemicalengineer.com/news/ineos-chairman-says-uk-chemicals-sector-headed-for-extinction-following-grangemouth-plant-closure/,,Ineos chairman says united kingdom chemicals sector headed for  extinction  following Grangemouth plant closure - News,20250113T170000Z,https://www.thechemicalengineer.com/media/17481/ineos-grangemouth.jpg,thechemicalengineer.com,English,United Kingdom
https://carbon-pulse.com/357795/,,"Brussels closes ETS2 case against two EU countries , France still outstanding « Carbon Pulse",20250113T193000Z,,carbon-pulse.com,English,China
https://www.columbian.com/news/2025/jan/13/jay-inslees-wins-and-setbacks-during-his-12-years-as-washington-governor/,,Jay Inslee wins and setbacks during his 12 years as Washington governor,20250113T214500Z,https://www.columbian.com/wp-content/uploads/2025/01/0114_met_WASHGOV-INSLEE-GET.jpg,columbian.com,English,United States
https://www.yahoo.com/news/cap-trade-returns-ny-plans-203303858.html,,Cap - and - trade returns : NY plans to force big oil to  invest  in  green  by paying for emissions,20250113T230000Z,https://s.yimg.com/ny/api/res/1.2/NsWMzVPZqt_2YUkS8d92RA--/YXBwaWQ9aGlnaGxhbmRlcjt3PTEyMDA7aD02NzU-/https://media.zenfs.com/en/fox_news_text_979/3d6d6a8f650de6cfeef338ce02aeb7fa,yahoo.com,English,United States
https://www.rte.ie/news/environment/2025/0113/1490618-flights-emissions/,https://amp.rte.ie/amp/1490618/ ,EU airport plans  incompatible  with climate targets,20250113T230000Z,https://img.rasset.ie/002069fc-1600.jpg,rte.ie,English,Ireland
https://www.pentictonherald.ca/spare_news/article_e749f834-d91c-5347-873d-0eca112ab7c0.html,,What will cost more in 2025,20250114T110000Z,https://bloximages.newyork1.vip.townnews.com/pentictonherald.ca/content/tncms/custom/image/580620b2-214c-11e7-a0a7-e318d9632e72.jpg,pentictonherald.ca,English,Canada
https://www.tmcnet.com/usubmit/2025/01/14/10131162.htm,,"OPIS Launches CAMIRO , A New Turnkey Carbon Market Compliance Solution",20250114T151500Z,,tmcnet.com,English,United States
https://www.marinelink.com/news/stormgeo-partners-bv-eu-mrv-compliance-521111,,Stormgeo Partners With BV For 2025 EU MRV Compliance,20250114T200000Z,https://images.marinelink.com/images/maritime/w800/petter-andersen-senior-vice-president-156075.jpg,marinelink.com,English,United States
https://www.thecentersquare.com/washington/article_63340c62-d2b3-11ef-aa07-37952e72d726.html,https://www.thecentersquare.com/washington/article_63340c62-d2b3-11ef-aa07-37952e72d726.amp.html,Inslee final State of the State address touts increased state spending since 2013,20250114T220000Z,https://bloximages.newyork1.vip.townnews.com/thecentersquare.com/content/tncms/assets/v3/editorial/d/46/d46793f2-ca22-11ef-8b43-0b11339e08b8/6778662d82d0f.image.png?crop=1920%2C1008%2C0%2C35,thecentersquare.com,English,
https://vietnamnews.vn/economy/1690620/mpi-outlines-key-components-for-first-ever-ifc.html,,MPI outlines key components for first - ever IFC,20250115T014500Z,https://image.vietnamnews.vn/uploadvnnews/Article/2025/1/14/399871_5060808021037844_1.jpg,vietnamnews.vn,English,Vietnam
http://usa.chinadaily.com.cn/a/202501/15/WS67870dbea310f1265a1dae49.html,,Hong Kong seen well - positioned to boost cross - border transition finance,20250115T014500Z,http://img2.chinadaily.com.cn/images/202501/15/67870dbea310f1268d886c33.jpeg,usa.chinadaily.com.cn,English,China
http://europe.chinadaily.com.cn/a/202501/15/WS67870dbea310f1265a1dae49.html,,Hong Kong seen well - positioned to boost cross - border transition finance,20250115T020000Z,http://img2.chinadaily.com.cn/images/202501/15/67870dbea310f1268d886c33.jpeg,europe.chinadaily.com.cn,English,China
https://www.hellenicshippingnews.com/stormgeo-partners-with-bureau-veritas-for-2025-eu-mrv-compliance-for-vessels-under-5000-gt-with-integrated-digital-solutions/,,"StormGeo Partners with Bureau Veritas for 2025 EU MRV Compliance for Vessels Under 5 , 000 GT , with Integrated Digital Solutions",20250115T024500Z,,hellenicshippingnews.com,English,China
https://www.mondaq.com:443/unitedstates/renewables/1569056/treasury-finalizes-rules-for-clean-hydrogen-production-tax-credit-section-45v,,Treasury Finalizes Rules For Clean Hydrogen Production Tax Credit ( Section 45V ) ,20250115T034500Z,http://www.mondaq.com/images/MondaqThumb.png,mondaq.com,English,United States
https://www.kuow.org:443/stories/inslee-warns-against-budget-cuts-unveils-official-portrait-on-final-day-as-governor,,KUOW - Inslee warns against budget cuts on final day as governor,20250115T040000Z,https://kuow-prod.imgix.net/store/47d0204bba6023f091c000ee7910ada9.jpg?fm=jpg&fit=max&q=80,kuow.org,English,United States
https://redstate.com/wardclark/2025/01/14/a-climate-scientists-journey-from-idealist-to-realist-n2184347,,"A Climate Scientist Journey , From Idealist to Realist",20250115T050000Z,https://media.townhall.com/cdn/hodl/2023/172/fa504c2b-e33f-4626-93bb-25c047981163.jpg,redstate.com,English,United States
https://menafn.com/1109091847/29999999950-LTSC-Transferred-To-Bluegrace-Energy-Bolivia-Administrative-Escrow-Digital-Wallet-On-Jan-10-2025-At-054624-AM-UTC,,"29 , 999 , 999 , 950 LTSC Transferred To Bluegrace Energy Bolivia Administrative Escrow Digital Wallet On Jan 10 , 2025 , At 05 : 46 : 24 AM UTC",20250115T084500Z,https://menafn.com/updates/pr/2025-01/15/PN_e85cbimage_story.jpg,menafn.com,English,Qatar
https://www.tmcnet.com/usubmit/2025/01/15/10131555.htm,,"29 , 999 , 999 , 950 LTSC Transferred to Bluegrace Energy Bolivia Administrative Escrow Digital Wallet on Jan 10 , 2025 , at 05 : 46 : 24 AM UTC",20250115T090000Z,https://mma.prnewswire.com/media/2598494/Dr_Thana_Balan_Co_Founder_LTSC_highlights_growing_demand_carbon_offsets.jpg,tmcnet.com,English,United States
https://www.theguardian.com/us-news/2025/jan/15/polluter-pay-bill-climate-disasters,,Big oil pushed to kill bill that would have made them pay for wildfire disasters,20250115T113000Z,https://i.guim.co.uk/img/media/20d0e12e49e625954ba2ffc7ca0af6984df9c247/0_417_7497_4498/master/7497.jpg?&quality=85&auto=format&fit=crop&overlay-align=bottom%2Cleft&overlay-width=100p&overlay-base64=L2ltZy9zdGF0aWMvb3ZlcmxheXMvdGctZGVmYXVsdC5wbmc&enable=upscale&s=7f15593cdbc52a5afabf309572b733f2,theguardian.com,English,United Kingdom
https://www.marketscreener.com/news/latest/German-parties-energy-policies-in-February-national-election-48764746/,,German partie energy policies in February national election,20250115T113000Z,https://www.marketscreener.com/images/reuters/2025-01/2025-01-15T104358Z_1_LYNXMPEL0E0F1_RTROPTP_3_GERMANY-ELECTION-MERZ.JPG,marketscreener.com,English,
https://www.yahoo.com/news/factbox-german-parties-energy-policies-104358005.html,,Factbox - German partie energy policies in February national election,20250115T113000Z,https://media.zenfs.com/en/reuters.com/e16fe624b70470d1e43a3ab478dfc2b0,yahoo.com,English,United States
https://www.hellenicshippingnews.com/west-of-suez-dirty-tanker-quarterly-geopolitical-regulatory-developments-set-to-boost-sentiment/,,"West Of Suez Dirty Tanker Quarterly : Geopolitical , regulatory developments set to boost sentiment",20250115T124500Z,,hellenicshippingnews.com,English,China
https://en.antaranews.com/news/341522/indonesia-prepares-248-million-tons-co2e-for-global-carbon-trading,,Indonesia prepares 2 . 48 million tons CO2e for global carbon trading,20250115T134500Z,https://cdn.antaranews.com/cache/1200x800/2025/01/15/480397_1736908273-1.jpeg,en.antaranews.com,English,Indonesia
https://www.thenassauguardian.com/business/scb-uptick-in-number-of-financial-scams/article_38934082-d2b2-11ef-8fd0-0b0faf4242a9.html,,SCB : Uptick in number of financial scams,20250115T140000Z,https://bloximages.chicago2.vip.townnews.com/thenassauguardian.com/content/tncms/assets/v3/editorial/5/d2/5d237034-1b92-5d56-90ca-9e231995b05c/6528096abfd1d.image.jpg?crop=1200%2C630%2C0%2C135,thenassauguardian.com,English,Bahamas
https://eturbonews.com/airline-chiefs-eu-leaders-stop-ets-trade-conflict/,,Airline chiefs to EU leaders : Stop ETS trade conflict,20250115T164500Z,,eturbonews.com,English,United States
https://carbon-pulse.com/358760/,,Germany urged to adopt EU ETS reform before February elections « Carbon Pulse,20250115T234500Z,,carbon-pulse.com,English,China
https://www.hellenicshippingnews.com/lloyds-register-oneocean-launches-risk-manager-fueleu/,,Lloyd Register OneOcean launches Risk Manager FuelEU | Hellenic Shipping News Worldwide,20250116T001500Z,,hellenicshippingnews.com,English,China
https://www.yahoo.com/news/7-takeaways-washington-gov-bob-012005444.html,,7 takeaways from Washington Gov . Bob Ferguson inaugural address,20250116T020000Z,https://media.zenfs.com/en/washington_state_standard_articles_884/4707e8a09c0a7a0dc9b1dedb13bbf4fb,yahoo.com,English,United States
https://news.yahoo.com/news/7-takeaways-washington-gov-bob-012005444.html,,7 takeaways from Washington Gov . Bob Ferguson inaugural address,20250116T020000Z,https://media.zenfs.com/en/washington_state_standard_articles_884/4707e8a09c0a7a0dc9b1dedb13bbf4fb,news.yahoo.com,English,United States
https://www.biofuelsdigest.com/bdigest/lr-oneocean-launches-risk-manager-fueleu-module-for-compliance-needs/,,LR OneOcean launches Risk Manager FuelEU Module for compliance needs : The Daily Digest,20250116T024500Z,,biofuelsdigest.com,English,United States
https://www.dawn.com/news/1885572/geopolitics-of-climate-change,,Geopolitics of climate change - Newspaper,20250116T044500Z,,dawn.com,English,Pakistan
https://nystateofpolitics.com/state-of-politics/new-york/politics/2025/01/16/n-y--lawmakers-push-back-on-hochul-s-hesitancy-to-impose-cap-and-invest,,Lawmakers  disappointed  by Hochul cap - and - invest delay,20250116T050000Z,https://s7d2.scene7.com/is/image/TWCNews/AP19023814163567_crop,nystateofpolitics.com,English,United States
https://www.spokesman.com/stories/2025/jan/15/republican-leaders-respond-to-gov-fergusons-inaugu/,https://www.spokesman.com/stories/2025/jan/15/republican-leaders-respond-to-gov-fergusons-inaugu/?amp-content=amp,Republican leaders  pleasantly surprised  at Gov . Ferguson bipartisan inaugural speech,20250116T070000Z,,spokesman.com,English,United States
https://www.scotsman.com/news/opinion/letters/readers-letters-its-cultural-cowardice-to-remove-robert-burns-from-higher-english-subjects-4945726,,Reader Letters : It cultural cowardice to remove Robert Burns from Higher English subjects,20250116T071500Z,,scotsman.com,English,United Kingdom
https://www.yahoo.com/news/republican-leaders-pleasantly-surprised-gov-045900207.html,,Republican leaders  pleasantly surprised  at Gov . Ferguson bipartisan inaugural speech,20250116T081500Z,,yahoo.com,English,United States
https://www.offshore-energy.biz/long-term-use-of-biofuel-as-marine-fuel-depends-on-affordable-supply-dnv-says/,,"Long - term use of biofuels as marine fuel depends on affordable supply , DNV says",20250116T130000Z,https://cdn.offshorewind.biz/wp-content/uploads/sites/6/2024/12/06113921/DNV-spotlights-strategies-for-cutting-FuelEU-Maritime-compliance-costs.jpg?image-crop-positioner-ts=1733481563,offshore-energy.biz,English,
https://newsindiatimes.com/google-signs-deal-to-buy-carbon-removal-credits-from-indian-farms/,,Google signs deal to buy carbon removal credits from Indian farms,20250116T141500Z,https://newsindiatimes.com/wp-content/uploads/2025/01/2025-01-16T112309Z_1_LYNXMPEL0F0FB_RTROPTP_4_INDIA-BUSINESS-1024x686.jpg,newsindiatimes.com,English,United States
https://myedmondsnews.com/2025/01/7-takeaways-from-washington-gov-bob-fergusons-inaugural-address/,,7 takeaways from Washington Gov . Bob Ferguson inaugural address,20250116T161500Z,https://dpa730eaqha29.cloudfront.net/myedmondsnews/wp-content/uploads/2025/01/Ferguson-Inauguration-1536x1024-1.jpg,myedmondsnews.com,English,United States
https://ifamagazine.com/the-aristotle-list-10-improbable-but-possible-outcomes-for-2025/,,The Aristotle List : 10 improbable but possible outcomes for 2025,20250116T163000Z,https://ifamagazine.com/wp-content/uploads/2025/01/timo-muller-fnXWXxw_3YU-unsplash.webp,ifamagazine.com,English,United Kingdom
"https://www.chronline.com/stories/seven-takeaways-from-washington-state-gov-bob-fergusons-inaugural-address,373768",,Seven takeaways from Washington state Gov . Bob Ferguson inaugural address,20250117T003000Z,https://cdn3.creativecirclemedia.com/lafromboise/original/20250115-171829-95a-20250115_ferguson_1_rh.JPG,chronline.com,English,United States
https://eturbonews.com/eu-aiming-too-high-airline-emissions/,,EU aiming too high with airline emissions,20250117T010000Z,,eturbonews.com,English,United States
http://europe.chinadaily.com.cn/a/202501/17/WS67898d06a310f1265a1db5bf.html,,China green sector drives global climate fight,20250117T013000Z,http://img2.chinadaily.com.cn/images/202501/17/67898d06a310f1268d888f5e.jpeg,europe.chinadaily.com.cn,English,China
https://blueprint.ng/tapping-into-the-nations-green-economy/,,Tapping into the nation green economy - Blueprint Newspapers Limited,20250117T023000Z,,blueprint.ng,English,Nigeria
https://mynewsla.com/business/2025/01/16/port-of-los-angeles-receives-31m-state-grant-to-test-renewable-powered-boats-2/,,Port of LA Receives $31M State Grant to Test Renewable - Powered Boats,20250117T024500Z,https://mynewsla.com/wp-content/uploads/2014/08/MNLA_FilePhotos_LongBeachPorts_0047.jpg,mynewsla.com,English,United States
https://economictimes.indiatimes.com/small-biz/sustainability/google-signs-deal-to-buy-carbon-removal-credits-from-indian-farms/articleshow/117319409.cms,https://m.economictimes.com/small-biz/sustainability/google-signs-deal-to-buy-carbon-removal-credits-from-indian-farms/amp_articleshow/117319409.cms,Google signs deal to buy carbon removal credits from Indian farms,20250117T044500Z,"https://img.etimg.com/thumb/msid-117319394,width-1200,height-630,imgsize-34022,overlay-etrise/articleshow.jpg",economictimes.indiatimes.com,English,India
https://www.railjournal.com/in_depth/european-rail-policy-where-we-are-and-where-we-are-heading/,,"European rail policy , where we are and where we are heading",20250117T071500Z,https://www.railjournal.com/wp-content/uploads/2025/01/Regiojet-with-snow-capped-mountains-in-the-background.jpg,railjournal.com,English,Germany
https://carbon-pulse.com/358948/,,"CP Daily : Thursday January 16 , 2025 « Carbon Pulse",20250117T074500Z,,carbon-pulse.com,English,China
https://grist.org/politics/canada-justin-trudeau-carbon-tax-pierre-poilievre/,,Justin Trudeau taxed fossil fuels and paid the price,20250117T103000Z,https://grist.org/wp-content/uploads/2025/01/Justin-Trudeau-resignation.jpg?quality=75&strip=all,grist.org,English,United States
https://www.jpost.com/business-and-innovation/banking-and-finance/article-837934,https://m.jpost.com/business-and-innovation/banking-and-finance/article-837934,Can taxes end up saving the planet from climate change ? ,20250117T231500Z,"https://images.jpost.com/image/upload/f_auto,fl_lossy/c_fill,g_faces:center,h_407,w_690/509669",jpost.com,English,Israel
https://eturbonews.com/uk-air-tax-reforms-rile-british-airways-and-virgin-atlantic/,,UK air tax reforms rile British Airways and Virgin Atlantic,20250118T000000Z,,eturbonews.com,English,United States
https://www.jdsupra.com/legalnews/the-simplification-revolution-and-the-5514418/,,The Simplification Revolution and the Omnibus : What Next for EU Sustainability Reporting and Disclosure ? | A & O Shearman,20250118T030000Z,https://jdsupra-static.s3.amazonaws.com/profile-images/og.16328_3409.jpg,jdsupra.com,English,United States
https://www.tsln.com/news/state-checkoff-cool-more-legislative-updates/,,"State checkoff , COOL , more : Legislative updates",20250118T031500Z,https://swiftmedia.s3.amazonaws.com/mountain.swiftcom.com/images/sites/13/2023/02/17223834/facebook-thumbnail-1200.jpg,tsln.com,English,United States
https://en.tempo.co/read/1965507/indonesia-to-launch-international-carbon-trading-platform-on-january-20-2025,//en.tempo.co/amp/1965507/indonesia-to-launch-international-carbon-trading-platform-on-january-20-2025,"Indonesia to Launch International Carbon Trading Platform on January 20 , 2025",20250118T181500Z,https://statik.tempo.co/data/2025/01/17/id_1370219/1370219_720.jpg,en.tempo.co,English,
https://www.businesstimes.com.sg/esg/singapore-banks-building-capabilities-carbon-markets-despite-low-demand-and-greenwashing-concerns,,Singapore banks building up capabilities in carbon markets despite low demand and greenwashing concerns,20250119T093000Z,https://cassette.sphdigital.com.sg/image/businesstimes/b840e9d58357ce762169d8f7b981bda7452c9a1f69cf7e5752826d485f8ba915,businesstimes.com.sg,English,Singapore
https://www.heritage.org/environment/report/the-major-economies-meeting-energy-security-and-climate-change-badly-needed,,The Major Economies Meeting on Energy Security and Climate Change : A Badly Needed Alternative to the Kyoto Protocol,20250119T131500Z,https://www.heritage.org/themes/heritage/src/images/bell.png,heritage.org,English,United States
https://community.scoop.co.nz/2025/01/fears-high-country-land-could-be-planted-in-pine-under-governments-climate-plan/,,Community Scoop » Fears High Country Land Could Be Planted In Pine Under Government Climate Plan,20250120T020000Z,,community.scoop.co.nz,English,New Zealand
https://www.hellenicshippingnews.com/a-new-year-ahead-for-shipping-environmental-and-regulatory-compliance/,,A new year ahead for shipping – environmental and regulatory compliance | Hellenic Shipping News Worldwide,20250120T020000Z,,hellenicshippingnews.com,English,China
https://www.yahoo.com/news/california-high-speed-rail-why-185520833.html,,California high - speed rail : Why 2025 could make or break embattled bullet train project,20250120T021500Z,https://media.zenfs.com/en/sacramento_bee_mcclatchy_569/b517a2103f766956debf57e0fbf37a7d,yahoo.com,English,United States
https://www.yahoo.com/news/california-high-speed-rail-why-185520002.html,,California high - speed rail : Why 2025 could make or break embattled bullet train project,20250120T021500Z,https://media.zenfs.com/en/fresno_bee_mcclatchy_articles_660/b517a2103f766956debf57e0fbf37a7d,yahoo.com,English,United States
https://www.businesstimes.com.sg/international/asean/indonesia-opens-domestic-carbon-market-global-investors,,Indonesia opens domestic carbon market to global investors,20250120T050000Z,https://cassette.sphdigital.com.sg/image/businesstimes/1a2ce544924e81519b2f8cb66631d2c943f7ab13887264dcba00008fdc90a29c,businesstimes.com.sg,English,Singapore
https://www.scoop.co.nz/stories/AK2501/S00405/fossil-of-the-day-award-presented-at-the-climate-ministers-office.htm,https://m.scoop.co.nz/stories/AK2501/S00405/fossil-of-the-day-award-presented-at-the-climate-ministers-office.htm,Fossil Of The Day Award Presented At The Climate Ministers Office,20250120T074500Z,http://img.scoop.co.nz/stories/images/1908/scoop_image.jpg,scoop.co.nz,English,New Zealand
https://carbon-pulse.com/359821/,,"LATAM Roundup : Mexico eyes ETS as subnational CO2 taxes spread , Honduras targets Article 6 « Carbon Pulse",20250120T074500Z,,carbon-pulse.com,English,China
https://www.itnewsonline.com/GlobeNewswire/88Percent-of-industry-respondents-call-for-major-reform-of-global-carbon-markets/91161,,88 % of industry respondents call for major reform of global carbon markets,20250120T083000Z,,itnewsonline.com,English,United States
https://english.news.cn/20250120/a74bd266f14d454781389b0c44e9e91e/c.html,,Indonesia officially launches intl carbon trading - Xinhua,20250120T090000Z,,english.news.cn,English,
https://eturbonews.com/wtm-s-world-responsible-tourism-day-tackle-climate-change/,,WTM World Responsible Tourism Day to tackle climate change,20250120T091500Z,,eturbonews.com,English,United States
https://en.tempo.co/read/1966011/indonesia-launches-international-carbon-trading-platform,//en.tempo.co/amp/1966011/indonesia-launches-international-carbon-trading-platform,Indonesia Launches International Carbon Trading Platform,20250120T093000Z,https://statik.tempo.co/data/2025/01/20/id_1370784/1370784_720.jpg,en.tempo.co,English,
https://article.wn.com/view/2025/01/20/Indonesia_officially_launches_intl_carbon_trading/,,Indonesia officially launches intl carbon trading,20250120T094500Z,,article.wn.com,English,United States
https://borneobulletin.com.bn/indonesia-launches-international-carbon-exchange/,,Indonesia launches international carbon exchange | Borneo Bulletin Online,20250120T101500Z,https://borneobulletin.com.bn/wp-content/uploads/2025/01/447382-01-02.jpg,borneobulletin.com.bn,English,Brunei
https://business-review.eu/investments/news-investments/over-eur-2-billion-in-grant-funding-in-q1-2025-for-investments-in-start-ups-tech-ai-green-energy-agriculture-or-tourism-277681,,"Over EUR 2 billion in grant funding in Q1 2025 for investments in start - ups , tech , AI , green energy , agriculture or tourism",20250120T104500Z,https://business-review.eu/wp-content/uploads/2023/09/Roxana_Mircea_REI_Grup_2023_1_web.jpg,business-review.eu,English,Romania
https://community.scoop.co.nz/2025/01/fossil-of-the-day-award-presented-at-the-climate-ministers-office/,,Community Scoop » Fossil Of The Day Award Presented At The Climate Ministers Office,20250120T114500Z,,community.scoop.co.nz,English,New Zealand
https://carbon-pulse.com/359825/,,Korean steelmakers may face US tariffs as extra carbon permit allocation deemed subsidy « Carbon Pulse,20250120T123000Z,,carbon-pulse.com,English,China
https://www.mondaq.com:443/unitedstates/environmental-law/1571412/the-simplification-revolution-and-the-omnibus-whats-next-for-eu-sustainability-reporting-and-disclosure,,The Simplification Revolution And The Omnibus : What Next For EU Sustainability Reporting And Disclosure ? ,20250120T144500Z,http://www.mondaq.com/images/MondaqThumb.png,mondaq.com,English,United States
https://dailycaller.com/2025/01/20/la-utilitys-ceo-once-touted-commitment-to-energy-transition-and-equity-now-her-dept-is-being-sued/,,LA Utility CEO Once Touted Commitment To Energy Transition And  Equity . Now Her Dept Is Being Sued . ,20250120T171500Z,https://cdn01.dailycaller.com/wp-content/uploads/2025/01/Screen-Shot-2025-01-16-at-2.21.28-PM-e1737055411146.png,dailycaller.com,English,United States
https://www.taipeitimes.com/News/world/archives/2025/01/21/2003830588,,Indonesia launches world carbon exchange,20250120T194500Z,https://www.taipeitimes.com/images/2025/01/21/P05-250121-315.jpg,taipeitimes.com,English,Taiwan
https://www.ship-technology.com/news/zero-emission-harbour-craft-trial/,,Zero - emission harbour craft trial secures $31m funding from CARB,20250120T203000Z,https://www.ship-technology.com/wp-content/uploads/sites/8/2025/01/shutterstock_1915485742-ADLC-scaled.jpg,ship-technology.com,English,United States
https://www.modernreaders.com/news/2025/01/20/canada-carbon-cveccb-shares-down-25-time-to-sell.html,,Canada Carbon ( CVE : CCB ) Shares Down 25 % – Time to Sell ? ,20250120T220000Z,,modernreaders.com,English,United States
https://borneobulletin.com.bn/achieving-climate-goals/,,Achieving climate goals | Borneo Bulletin Online,20250120T234500Z,https://borneobulletin.com.bn/wp-content/uploads/2025/01/page-25-a_21012025.jpg,borneobulletin.com.bn,English,Brunei
https://vietnamnews.vn/economy/1691001/small-businesses-struggle-to-trade-carbon-credits.html,,Small businesses struggle to trade carbon credits,20250121T024500Z,https://image.vietnamnews.vn/uploadvnnews/Article/2025/1/20/400023_5061039306363238_hatinh%20forests.jpg,vietnamnews.vn,English,Vietnam
http://en.ce.cn/main/latest/202501/21/t20250121_39273064.shtml,,  Start  for green coastal shipping at a cost of €2 billion -- China Economic Net,20250121T024500Z,,en.ce.cn,English,China
https://carbon-pulse.com/359819/,,"CP Daily : Monday January 20 , 2025 « Carbon Pulse",20250121T024500Z,,carbon-pulse.com,English,China
https://www.vol.at/greenhouse-gas-emissions-in-austria-decreased/9170695,,Greenhouse Gas Emissions in Austria Decreased,20250121T043000Z,,vol.at,English,Austria
https://www.ruthfullyyours.com/page/9149/,,RUTHFULLY YOURS,20250121T094500Z,,ruthfullyyours.com,English,United States
https://www.phnompenhpost.com/business/undp-support-eu-friendly-green-transition-ahead-of-ldc-graduation,,"​UNDP support EU - friendly  green transition , ahead of LDC graduation",20250121T120000Z,https://pppenglish.sgp1.digitaloceanspaces.com/image/main/20251/21_1_2025_cambodia_is_taking_steps_to_align_its_trade_practices_with_stringent_european_union.jpg,phnompenhpost.com,English,Cambodia
https://www.marketscreener.com/quote/stock/WARTSILA-OYJ-1412489/news/Wartsila-Oyj-CMA-CGM-to-reduce-methane-emissions-with-newly-released-EnviroPac-feature-for-Wart-48820979/,,"Wärtsilä Oyj : CMA CGM to reduce methane emissions with newly released EnviroPac feature for Wärtsilä 34DF engine - January 21 , 2025 at 04 : 11 am EST",20250121T143000Z,https://www.marketscreener.com/images/twitter_MS_fdnoir.png,marketscreener.com,English,
https://www.yahoo.com/news/forest-owner-wants-put-burned-135029752.html,,"Forest owner wants to put burned acreage back into carbon offset market , but critics skeptical",20250121T150000Z,https://media.zenfs.com/en/oregon_capital_chronicle_articles_871/91d48219065c52354f7e514d6945f194,yahoo.com,English,United States
https://www.yahoo.com/news/opinion-cannot-hide-climate-change-123000528.html,,Opinion - We cannot hide from climate change we must stop producing oil and gas now,20250121T150000Z,https://media.zenfs.com/en/the_hill_articles_341/b193acd4bad6aa7e6587b2cbbed39ef2,yahoo.com,English,United States
https://www.fastmarkets.com/insights/five-likely-developments-in-green-steel-ferroalloys-this-year-2025-preview/,,Green steel and ferroalloys outlook 2025,20250121T154500Z,https://www.fastmarkets.com/tachyon/2024/12/MM_Steel_YellowBridge_AdobeStock_121671218-scaled.jpeg,fastmarkets.com,English,China
https://www.aljazeera.com/news/2025/1/21/drill-baby-whats-the-paris-climate-deal-why-does-trump-want-out,https://www.aljazeera.com/amp/news/2025/1/21/drill-baby-whats-the-paris-climate-deal-why-does-trump-want-out,"  We will drill , baby , drill : Why Trump wants US out of Paris climate deal | Climate Crisis News",20250121T163000Z,https://www.aljazeera.com/wp-content/uploads/2025/01/2019-04-10T213311Z_333746594_RC1BD81CE250_RTRMADP_3_USA-TRUMP-1737471753.jpg,aljazeera.com,English,United States
https://www.straitstimes.com/singapore/helping-smes-go-greener-among-key-steps-of-paps-new-climate-action-group,,Helping SMEs go greener among key steps of PAP new climate action group,20250121T163000Z,https://cassette.sphdigital.com.sg/image/straitstimes/38b44ab6b2cb3f7332ecca2ffa1147f4cba8592231765657fdc453e815223de3,straitstimes.com,English,Singapore
https://gcaptain.com/latest-report-offers-recommendations-to-enable-implementation-of-onboard-carbon-capture-in-shipping/,,Latest Report Offers Recommendations to Enable Implementation of Onboard Carbon Capture in Shipping,20250121T183000Z,https://gcaptain.com/wp-content/uploads/2025/01/MTF-Report-Cover.jpg,gcaptain.com,English,United States
https://www.miragenews.com/new-zealand-climate-policies-fall-short-urgent-1394492/,,New Zealand Climate Policies Fall Short : Urgent Action Needed,20250121T183000Z,https://cdn1.miragenews.com/tmp_cache?cdn=images.unsplash.com%2Fphoto-1505751172876-fa1923c5c528%3Fixid%3DMXwxMjA3fDB8MHxwaG90by1wYWdlfHx8fGVufDB8fHw%253D%26amp%3Bixlib%3Drb-1.2.1%26amp%3Bauto%3Dformat%26amp%3Bfit%3Dcrop%26amp%3Bw%3D1350%26amp%3Bq%3D80,miragenews.com,English,United States
https://www.khmertimeskh.com/501627249/exporters-must-prepare-for-tough-eu-green-trade-rules/,,Exporters  must prepare for tough EU green trade rules  ,20250121T190000Z,https://www.khmertimeskh.com/wp-content/uploads/2025/01/96602.jpg,khmertimeskh.com,English,Cambodia
https://seawanderer.org/cma-cgm-first-to-benefit-from-waertsilae-methane-reduction,,CMA CGM first to benefit from Wärtsilä methane reduction,20250121T193000Z,https://seawanderer.org/uploads/images/2021/04/image_750x500_6074b0273b598.jpg,seawanderer.org,English,
https://www.lloydslist.com/LL1152298/CMA-CGM-first-to-buy-Wartsila-methane-cutting-tech,,CMA CGM first to buy Wartsila methane - cutting tech,20250121T193000Z,https://www.lloydslist.com/-/media/lloyds-list/images/technology/2025-new-pictures/wartsila-enviropac.png?rev=21023b8aadee4b348e064ba49d5b3782,lloydslist.com,English,United Kingdom
https://streetwiseprofessor.com/there-is-no-joy-in-mudville/,,There is no joy in Mudville « Streetwise Professor,20250121T203000Z,,streetwiseprofessor.com,English,Russia
https://www.nationaltribune.com.au/nz-s-climate-policies-are-no-longer-enough-to-keep-warming-at-15c-here-s-what-needs-to-happen/,,NZ climate policies are no longer enough to keep warming at 1 . 5°C – here what needs to happen,20250121T214500Z,https://images.unsplash.com/photo-1505751172876-fa1923c5c528?ixid=MXwxMjA3fDB8MHxwaG90by1wYWdlfHx8fGVufDB8fHw%3D&ixlib=rb-1.2.1&auto=format&fit=crop&q=80,nationaltribune.com.au,English,
https://www.hellenicshippingnews.com/latest-report-offers-recommendations-to-enable-implementation-of-onboard-carbon-capture-in-shipping/,,Latest Report Offers Recommendations to Enable Implementation of Onboard Carbon Capture in Shipping,20250121T231500Z,,hellenicshippingnews.com,English,China
https://en.vietnamplus.vn/pm-pham-minh-chinh-holds-talks-with-swiss-president-in-davos-post308727.vnp,,PM Pham Minh Chinh holds talks with Swiss President | Vietnam+ ( VietnamPlus ) ,20250122T001500Z,https://mediaen.vietnamplus.vn/images/f579a678cf9e90879541752073c26005a75b9802f1fd5395d75d1c2b2721104a160a1a33231326fe3e26271c42a456aad32ffe00c4678f2100720f6642d3d320/pham-minh-chinh.jpg.webp,en.vietnamplus.vn,English,Vietnam
https://www.heritage.org/environment/report/making-domestic-energy-affordable-memo-president-elect-obama,,Making Domestic Energy Affordable : A Memo to President - elect Obama,20250122T024500Z,https://www.heritage.org/themes/heritage/src/images/bell.png,heritage.org,English,United States
https://www.eco-business.com/news/will-nature-reporting-and-blue-carbon-projects-take-off-in-the-philippines-in-2025/,,Will nature reporting and blue carbon projects take off in the Philippines in 2025 ? ,20250122T050000Z,https://eco-business.imgix.net/ebmedia/fileuploads/Pulo_Mangrove.jpg?fit=crop&ixlib=django-1.2.0&q=85,eco-business.com,English,China
https://www.marinelink.com/news/successful-onboard-ccs-industry-needs-521405,,Successful Onboard CCS Industry Needs Downstream Value,20250122T051500Z,https://images.marinelink.com/images/maritime/w800/donvictori0-adobe-stock-156313.jpeg,marinelink.com,English,United States
http://www.econotimes.com/Kyoto-timely-and-enthralling-play-about-first-climate-treaty-reveals-potent-power-of-consensus-1699806,,Kyoto : timely and enthralling play about first climate treaty reveals potent power of consensus,20250122T053000Z,https://f1.econotimes.com/2025/01/todc2yuw0x.jpg,econotimes.com,English,United States
https://www.naturalnews.com/2025-01-21-suez-canal-facing-unprecedented-level-of-strain.html,,"Suez Canal facing an unprecedented level of strain due to geopolitical tensions , weather impacts and conflict – NaturalNews . com",20250122T070000Z,https://www.naturalnews.com/wp-content/uploads/sites/91/2025/01/Boat-Ship-Dock-Shipping-Containers.jpg,naturalnews.com,English,United States
https://www.risk.net/risk-management/7798491/behnam-freak-texas-cold-snap-a-sign-of-growing-climate-risks,,"After Texas storm , CFTC Behnam renews carbon trading push",20250122T070000Z,https://www.risk.net/sites/default/files/styles/metatag_image_large_webp/public/2019-07/20190725_InfoProDigital_CFTC_053.jpg.webp?itok=bwmEj7Ud,risk.net,English,United Kingdom
https://www.bignewsnetwork.com/news/274972903/uniting-the-world-for-climate-action-cmai-india-climate-week-2025-to-be-held-in-delhi-from-february-3-7,,Uniting the World for Climate Action : CMAI India Climate Week 2025 to be Held in Delhi from February 3 - 7,20250122T103000Z,https://cdn.bignewsnetwork.com/Y2M3OWEyNzAtYmI.jpg,bignewsnetwork.com,English,United States
https://news.webindia123.com/news/Articles/Business/20250122/4279268.html,,Uniting the World for Climate Action : CMAI India Climate Week 2025 to be Held in Delhi from February 3 - 7,20250122T104500Z,,news.webindia123.com,English,India
https://www.cemnet.com/News/story/178510/cembureau-calls-for-timely-cbam-start.html,,CEMBUREAU calls for timely CBAM start,20250122T111500Z,https://www.cemnet.com/images/opengraph.jpg,cemnet.com,English,United States
https://aninews.in/news/business/uniting-the-world-for-climate-action-cmais-india-climate-week-2025-to-be-held-in-delhi-from-february-3-720250122151133/,/news/business/uniting-the-world-for-climate-action-cmais-india-climate-week-2025-to-be-held-in-delhi-from-february-3-720250122151133?amp=1,Uniting the World for Climate Action : CMAI India Climate Week 2025 to be Held in Delhi from February 3 - 7,20250122T111500Z,https://d3lzcn6mbbadaf.cloudfront.net/media/details/ANI-20250122094038.jpg,aninews.in,English,India
https://informativenews.co.ls/2025/01/22/climate-change-corner-5/,,Climate Change Corner,20250122T114500Z,https://informativenews.co.ls/wp-content/uploads/2022/08/cropped-cropped-IMG-20220719-WA0003.jpg,informativenews.co.ls,English,Lesotho
https://www.smh.com.au/politics/federal/albanese-now-realises-he-s-on-a-rescue-mission-to-save-the-sinking-ship-20250122-p5l6d1.html,,Labor faces an election rescue mission to teach an old dog new tricks,20250122T184500Z,https://static.ffx.io/images/$zoom_0.8716049382716049%2C$multiply_0.7554%2C$ratio_1.776846%2C$width_1059%2C$x_0%2C$y_45/t_crop_custom/q_86%2Cf_auto/t_smh_opinion_no_age_social_wm/e3abfb67de72bc13edf160251c3b9ca757249204,smh.com.au,English,Australia
https://www.euronews.com/2025/01/22/donald-tusks-priorities-for-the-eu-attacked-by-both-the-left-and-right-wings,,Donald Tusk priorities for the EU attacked by both the left and right wings,20250122T190000Z,https://static.euronews.com/articles/stories/08/99/23/88/1200x675_cmsv2_a6bae32f-8a54-555c-a744-2f1b76d84fa3-8992388.jpg,euronews.com,English,United States
https://www.watoday.com.au/politics/federal/albanese-now-realises-he-s-on-a-rescue-mission-to-save-the-sinking-ship-20250122-p5l6d1.html,,Labor faces an election rescue mission to teach an old dog new tricks,20250122T194500Z,https://static.ffx.io/images/$zoom_0.8716049382716049%2C$multiply_0.7554%2C$ratio_1.776846%2C$width_1059%2C$x_0%2C$y_45/t_crop_custom/q_86%2Cf_auto/t_watoday_opinion_no_age_social_wm/e3abfb67de72bc13edf160251c3b9ca757249204,watoday.com.au,English,Australia
https://www.theage.com.au/politics/federal/albanese-now-realises-he-s-on-a-rescue-mission-to-save-the-sinking-ship-20250122-p5l6d1.html,,Labor faces an election rescue mission to teach an old dog new tricks,20250122T200000Z,https://static.ffx.io/images/$zoom_0.8716049382716049%2C$multiply_0.7554%2C$ratio_1.776846%2C$width_1059%2C$x_0%2C$y_45/t_crop_custom/q_86%2Cf_auto/t_theage_opinion_no_age_social_wm/e3abfb67de72bc13edf160251c3b9ca757249204,theage.com.au,English,Australia
https://www.brisbanetimes.com.au/politics/federal/albanese-now-realises-he-s-on-a-rescue-mission-to-save-the-sinking-ship-20250122-p5l6d1.html,,Labor faces an election rescue mission to teach an old dog new tricks,20250122T200000Z,https://static.ffx.io/images/$zoom_0.8716049382716049%2C$multiply_0.7554%2C$ratio_1.776846%2C$width_1059%2C$x_0%2C$y_45/t_crop_custom/q_86%2Cf_auto/t_brisbanetimes_rebranded_opinion_no_age_social_wm/e3abfb67de72bc13edf160251c3b9ca757249204,brisbanetimes.com.au,English,Australia
https://www.kyivpost.com/post/45863,,Polish PM Calls on EU Member States to Increase Defense Spending,20250122T201500Z,https://static.kyivpost.com/storage/2025/01/22/b054d9ceb8598832c4294a775525763f.jpg?&q=90&f=jpg,kyivpost.com,English,Ukraine
https://carbon-pulse.com/360629/,,"CP Daily : Wednesday January 22 , 2025 « Carbon Pulse",20250123T020000Z,,carbon-pulse.com,English,China
http://europe.chinadaily.com.cn/a/202501/23/WS67919c5ca310a2ab06ea8c0f.html,,Formal deal on China - UK green efforts encouraged,20250123T043000Z,http://img2.chinadaily.com.cn/images/202501/23/67919c5ca310a2ab87b5b7a5.jpeg,europe.chinadaily.com.cn,English,China
https://wattsupwiththat.com/2025/01/22/western-offshore-wind-eis-is-mia/,,Western offshore wind EIS is MIA,20250123T044500Z,https://i0.wp.com/wattsupwiththat.com/wp-content/uploads/2025/01/Richmond-Truck-wind-end-it.webp?fit=1024%2C512&ssl=1,wattsupwiththat.com,English,United States
http://usa.chinadaily.com.cn/a/202501/23/WS67919c5ca310a2ab06ea8c0f.html,,Formal deal on China - UK green efforts encouraged,20250123T060000Z,http://img2.chinadaily.com.cn/images/202501/23/67919c5ca310a2ab87b5b7a5.jpeg,usa.chinadaily.com.cn,English,China
https://www.swissinfo.ch/eng/climate-change/why-switzerlands-carbon-footprint-is-bigger-than-you-think/88761356,,Why Switzerland carbon footprint is bigger than you think,20250123T084500Z,"https://www.swissinfo.ch/content/wp-content/uploads/sites/13/2025/01/421535802_highres.jpg?ver=9129af69&fit=1200,799",swissinfo.ch,English,Switzerland
https://www.theepochtimes.com/us/key-senate-republican-urges-trump-to-add-foreign-polluter-fee-to-possible-tariff-mix-5797240,,Key Senate Republican Urges Trump to Add  Foreign Polluter Fee  to Possible Tariff Mix,20250123T110000Z,https://img.theepochtimes.com/assets/uploads/2025/01/23/id5797434-GettyImages-2194586878-1080x720.jpg,theepochtimes.com,English,United States
https://www.carbonbrief.org/qa-how-china-became-the-worlds-leading-market-for-energy-storage/,,Q & A : How China became the world leading market for energy storage,20250123T133000Z,https://www.carbonbrief.org/wp-content/uploads/2025/01/2XEJ9RC.webp,carbonbrief.org,English,United Kingdom
https://menafn.com/1109123693/Expanding-Heathrow-Is-Incompatible-With-Net-Zero-Heres-The-Evidence,,Expanding Heathrow Is Incompatible With Net Zero Here The Evidence,20250123T211500Z,https://menafn.com/updates/pr/2025-01/23/TC_0f673image_story.jpg,menafn.com,English,Qatar
https://www.maritime-executive.com/corporate/cma-cgm-to-reduce-emissions-with-enviropac-feature-for-wartsila-34df-engine,,CMA CGM to Reduce Emissions with EnviroPac Feature for Wärtsilä 34DF Engine,20250124T030000Z,https://maritime-executive.com/media/images/article/Photos/Machinery/baf7c4b03f52927f_org.49e750.854d0e.png,maritime-executive.com,English,United States
https://bowdoinorient.com/2025/01/24/the-carbon-tax-debate-a-path-to-bipartisan-climate-action/,,The carbon tax debate : A path to bipartisan climate action – The Bowdoin Orient,20250124T061500Z,,bowdoinorient.com,English,United States
https://carbon-pulse.com/361540/,,WCI Markets : CCAs still shaky over ARB bungled rulemaking « Carbon Pulse,20250124T104500Z,,carbon-pulse.com,English,China
https://carbon-pulse.com/361136/,,"CP Daily : Thursday January 23 , 2025 « Carbon Pulse",20250124T104500Z,,carbon-pulse.com,English,China
https://www.sfexaminer.com/news/transit/bay-area-transit-operators-brace-for-trump-administration/article_a2ec616a-da9c-11ef-a7b7-039dfb94ef0c.html,,Bay Area transit operators brace for Trump administration | Transit,20250124T224500Z,https://bloximages.chicago2.vip.townnews.com/sfexaminer.com/content/tncms/assets/v3/editorial/e/4b/e4b2b6ae-a117-11ee-b9c7-9f5e4cc29fab/64f8afdb263f9.image.jpg?crop=1763%2C926%2C0%2C124,sfexaminer.com,English,United States
https://www.fwi.co.uk/business/cop29-7-key-points-for-farmers-and-growers,,COP29 : 7 key points for farmers and growers,20250125T014500Z,https://stmaaprodfwsite.blob.core.windows.net/assets/sites/1/2025/01/Keir-Starmer-at-COP29-2YHXNXF_C_Sipa-US_Alamy-Stock-Photo-1024x683.jpg,fwi.co.uk,English,United Kingdom
https://www.thestar.com.my/aseanplus/aseanplus-news/2025/01/25/lao-pm-meets-japan-business-leaders-encourages-investment-in-vientiane,,"Lao PM​ meets Japan business leaders , encourages investment in Vientiane",20250125T103000Z,https://apicms.thestar.com.my/uploads/images/2025/01/25/3136786.jpg,thestar.com.my,English,Malaysia
https://vietnamnews.vn/economy/1691329/pm-approves-viet-nam-carbon-market-development-project.html,,PM approves Việt Nam carbon market development project,20250125T160000Z,https://image.vietnamnews.vn/uploadvnnews/Article/2025/1/25/402228_cacbon.jpg,vietnamnews.vn,English,Vietnam
https://carbon-pulse.com/362049/,,"Indian govt releases draft methodologies for voluntary carbon market , seeks feedback « Carbon Pulse",20250125T190000Z,,carbon-pulse.com,English,China
https://www.arabnews.com/node/2587822/business-economy,https://www.arabnews.com/node/2587822/amp,Saudi Arabia carbon credit market leadership paving way for regional unity,20250125T193000Z,https://www.arabnews.com/sites/default/files/styles/660x371_watermarksaudi/public/main-image/2025/01/25/4567293-1302257036.jpg?itok=i9Pzo4Dh,arabnews.com,English,Saudi Arabia
https://en.vietnamplus.vn/vietnams-carbon-market-development-project-approved-post308985.vnp,,Carbon market development project given green light | Vietnam+ ( VietnamPlus ) ,20250126T104500Z,https://mediaen.vietnamplus.vn/images/f579a678cf9e90879541752073c26005317c2d9f5096edd4ed4c03c0b2bbe6bc9e3033070f96a9aa9808b1253e0032654db3ccd47dbfe96a6bbee273bfaf772e6398051ccda5f6a83e6266939b669ac9/forest-in-quang-binh-province.jpg.webp,en.vietnamplus.vn,English,Vietnam
https://www.businesstimes.com.sg/esg/banks-carbon-credit-offerings-will-not-turn-tide-struggling-market,,Bank carbon credit offerings will not turn the tide for the struggling market,20250126T133000Z,https://cassette.sphdigital.com.sg/image/businesstimes/f6cbbd496b112fefa0006eec461a068de2030ab4209e3cff8f41018e003bc31e,businesstimes.com.sg,English,Singapore
https://tradearabia.com/news/IND_430345.html,,UAE eyes big role in GCC voluntary carbon market by 2025,20250126T140000Z,,tradearabia.com,English,United Arab Emirates
https://tradearabia.com/news/OGN_430345.html,,UAE eyes big role in GCC voluntary carbon market by 2025,20250126T140000Z,,tradearabia.com,English,United Arab Emirates
https://english.radio.cz/czech-government-opposes-emissions-trading-household-heating-says-vyborny-8841052,,"Czech government opposes emissions trading for household heating , says Výborný",20250126T150000Z,https://english.radio.cz/sites/default/files/images/4f5197446b1f6808606b2a0aab5e5a67.png,english.radio.cz,English,
https://www.eco-business.com/news/the-conservation-and-carbon-space-has-lost-a-genuine-leader-tributes-pour-in-for-mikkel-larsen/,,  The conservation and carbon space has lost a genuine leader : Tributes pour in for Mikkel Larsen,20250127T044500Z,https://eco-business.imgix.net/ebmedia/fileuploads/Screenshot_2025-01-25_at_9.25.49PM.png?fit=crop&ixlib=django-1.2.0&q=85,eco-business.com,English,China
https://www.dailymail.co.uk/debate/article-14327277/QUENTIN-LETTS-Five-years-left-EU-Rejoiner-elite-trying-drag-Brussels-Brexit-success-heres-why.html,,"QUENTIN LETTS : Five years after we left the EU , the Rejoiner elite is STILL trying to drag us back to Brussels . But Brexit HAS been a success - and here why ... ",20250127T044500Z,https://i.dailymail.co.uk/1s/2025/01/26/18/94536331-0-image-m-11_1737916883281.jpg,dailymail.co.uk,English,United Kingdom
https://economictimes.indiatimes.com/small-biz/trade/exports/insights/how-eus-carbon-border-tax-presents-a-unique-challenge-to-india/articleshow/117591586.cms,https://m.economictimes.com/small-biz/trade/exports/insights/how-eus-carbon-border-tax-presents-a-unique-challenge-to-india/amp_articleshow/117591586.cms,How EU carbon border tax presents a unique challenge to India,20250127T053000Z,"https://img.etimg.com/thumb/msid-117591979,width-1200,height-630,imgsize-7868,overlay-etrise/articleshow.jpg",economictimes.indiatimes.com,English,India
https://www.terradaily.com/reports/Oxford_report_shows_carbon_storage_can_thrive_without_government_billions_999.html,,Oxford report shows carbon storage can thrive without government billions,20250127T061500Z,https://www.spxdaily.com/images-hg/carbon-capture-and-storage-required-hg.jpg,terradaily.com,English,United States
https://astanatimes.com/2025/01/carbon-taxation-benefits-for-kazakhstans-climate-pledges-and-economic-competitiveness/,,Carbon Taxation : Benefits for Kazakhstan Climate Pledges and Economic Competitiveness,20250127T080000Z,https://astanatimes.com/wp-content/uploads/2025/01/6D64632A-8DCF-4906-B5DB-53965E58E6D8.jpeg,astanatimes.com,English,Kazakhstan
https://nltimes.nl/2025/01/27/three-quarters-industrial-sustainability-plans-unfeasible-power-grid-limitations,,Three - quarters of industrial sustainability plans unfeasible over power grid limitations,20250127T094500Z,https://nltimes.nl/sites/nltimes.nl/files/styles/news_article_full_desktop_2x/public/2022-03/Depositphotos_234224348_L.jpg?f85c2,nltimes.nl,English,Netherlands
https://www.forbes.com/sites/willyshih/2025/01/27/hub-and-spoke-routing-comes-to-container-shipping/,,Hub - And - Spoke Routing Comes To Container Shipping,20250127T124500Z,https://imageio.forbes.com/specials-images/imageserve/6792464ad6f5ea23df948b2e/0x0.jpg?format=jpg&fit=bounds,forbes.com,English,United States
https://www.investegate.co.uk:443/announcement/rns/carnival--ccl/final-results/8707713,,Final Results | Company Announcement,20250127T154500Z,,investegate.co.uk,English,United Kingdom
https://roarnews.co.uk/2025/climate-engagement-negotiations-and-action-kcl-lead-delegate-to-cop29-reflects/,,"Climate Engagement , Negotiations and Action : KCL Lead Delegate to COP29 Reflects",20250127T170000Z,https://roarnews.co.uk/wp-content/uploads/2025/01/COP29-SIDs-Summit.jpg,roarnews.co.uk,English,United Kingdom
https://www.letsrecycle.com/news/londonenergy-a-period-of-transformation/,,LondonEnergy : A period of transformation - letsrecycle . com,20250127T200000Z,https://www.letsrecycle.com/wp-content/uploads/2025/01/Drone-New-Site-@-London-Energy_001-scaled.jpg,letsrecycle.com,English,United Kingdom
https://cosmosmagazine.com/earth/climate/carbon-storage-mandate/,,Carbon storage  mandate  could help CCS projects,20250127T214500Z,https://cosmosmagazine.com/wp-content/uploads/2025/01/GettyImages-1299928418_Dmitry-Kovalchuk_1200.jpg,cosmosmagazine.com,English,Australia
https://www.yahoo.com/news/spokane-explore-capturing-carbon-power-030100723.html,,Spokane to explore capturing carbon at its power - generating trash incinerator,20250128T034500Z,,yahoo.com,English,United States
https://www.newcivilengineer.com/in-depth/what-do-the-uks-carbon-capture-and-storage-plans-mean-for-the-civil-engineering-sector-28-01-2025/,,What do the united kingdom carbon capture and storage plans mean for the civil engineering sector ? ,20250128T053000Z,https://emap-romulus-prod.s3.eu-west-1.amazonaws.com/wp-content/uploads/sites/9/2025/01/shutterstock_1871428867-560x315.jpg,newcivilengineer.com,English,United Kingdom
https://sacobserver.com/2025/01/trump-inaugural-address-equity-black-californians/,,Trump policies threaten California equity initiatives - The Sacramento Observer,20250128T094500Z,https://i0.wp.com/sacobserver.com/wp-content/uploads/2025/01/CBM_Opinion_TrumpsInauguralAddress_JWB_Jan2024_TH_JWB_TH-scaled.jpg?fit=2560%2C1708&ssl=1,sacobserver.com,English,United States
https://www.forbes.com/sites/simithambi/2025/01/28/unpacking-the-new-developments-in-the-carbon-markets/,,Unpacking The New Developments In The Carbon Markets,20250128T114500Z,"https://imageio.forbes.com/specials-images/imageserve/679759ae8b2c983d2aeae3c4/0x0.jpg?format=jpg&crop=2078,1631,x12,y0,safe&fit=bounds",forbes.com,English,United States
https://www.ruthfullyyours.com/page/9156/,,RUTHFULLY YOURS,20250128T123000Z,,ruthfullyyours.com,English,United States
https://www.resilience.org/stories/2025-01-28/are-we-too-smart-for-our-own-good/,,Are we too smart for our own good ? ,20250128T131500Z,https://www.resilience.org/wp-content/uploads/2025/01/unnamed.jpg,resilience.org,English,United States
https://ottawacitizen.com:443/opinion/todays-letters-now-doug-ford-cares-about-what-we-think,,Today letters : Now Doug Ford cares about what we think ? ,20250128T133000Z,,ottawacitizen.com,English,Canada
https://carbon-pulse.com/362658/,,UPDATE – UKAs surge on media reports of British govt push for ETS linkage with EU « Carbon Pulse,20250128T134500Z,,carbon-pulse.com,English,China
https://www.zerohedge.com/markets/futures-rebound-after-historic-nvidia-rout-dollar-yields-bounce,,"Futures Rebound After Historic Nvidia Rout ; Dollar , Yields Bounce",20250128T144500Z,https://assets.zerohedge.com/s3fs-public/styles/16_9_max_700/public/2025-01/trader%20looking%2090%20trump%20giant%20monitor_1.jpg?itok=gulAPWvi,zerohedge.com,English,United States
https://www.power-technology.com/features/is-uk-eu-ets-linking-in-the-cards/,,Is united kingdom - EU ETS linking in the cards ? ,20250128T150000Z,https://www.power-technology.com/wp-content/uploads/sites/21/2025/01/GettyImages-1128676852.jpg,power-technology.com,English,United Kingdom
https://cal.streetsblog.org/2025/01/27/republican-assemblymembers-attack-high-speed-rail-as-authority-shows-how-expenditures-are-helping-central-valley,,Republican Assemblymembers Attack High Speed Rail as Authority Shows How Expenditures Are Helping Central Valley,20250128T153000Z,https://lede-admin.cal.streetsblog.org/wp-content/uploads/sites/52/2024/12/Screenshot-2024-12-09-at-8.37.00-AM.png,cal.streetsblog.org,English,United States
https://www.marketscreener.com/news/latest/UK-carbon-prices-close-13-5-higher-on-EU-linking-talks-report-48892807/,,UK carbon prices close 13 . 5 % higher on EU linking talks report,20250128T181500Z,https://www.marketscreener.com/images/twitter_MS_fdnoir.png,marketscreener.com,English,
https://carbon-pulse.com/362687/,,EU centre - right divide deepens amid  violent  talks on ETS2 and CBAM « Carbon Pulse,20250128T184500Z,,carbon-pulse.com,English,China
https://carbon-pulse.com/362861/,,Germany set to transpose EU ETS reform this week « Carbon Pulse,20250128T184500Z,,carbon-pulse.com,English,China
https://www.express.co.uk/news/politics/2006741/uk-must-learn-donald-trump,https://www.express.co.uk/news/politics/2006741/uk-must-learn-donald-trump/amp,UK must learn from Donald Trump to  unleash full potential of Brexit  ,20250128T190000Z,https://cdn.images.express.co.uk/img/dynamic/139/1200x630/5919236.jpg,express.co.uk,English,United Kingdom
https://www.offshore-technology.com/analysis/is-uk-eu-ets-linking-in-the-cards/,,Is united kingdom - EU ETS linking in the cards ? ,20250128T191500Z,https://www.offshore-technology.com/wp-content/uploads/sites/20/2025/01/GettyImages-1128676852.jpg,offshore-technology.com,English,United Kingdom
https://www.reformer.com/opinion/columnists/commentary-laura-sibilia-legislative-update-week-3-of-the-2025-vermont-legislative-session/article_6db4fa6e-dcba-11ef-a705-473c57278a03.html,,Commentary | Laura Sibilia : Legislative update Week 3 of the 2025 Vermont Legislative Session,20250128T193000Z,https://bloximages.newyork1.vip.townnews.com/reformer.com/content/tncms/assets/v3/editorial/c/bb/cbba1cae-af2d-11ee-bbcf-ffdd9db1ce9d/659daccbc5191.image.jpg?crop=326%2C326%2C85%2C15,reformer.com,English,United States
https://www.premiumtimesng.com/opinion/770136-why-trumps-second-term-need-not-signal-doom-for-climate-action-by-mohammed-dahiru-aminu.html,,"Why Trump second term need not signal doom for climate action , By Mohammed Dahiru Aminu",20250128T204500Z,https://media.premiumtimesng.com/wp-content/files/2024/07/Mohammed-Dahiru-Aminu.jpg,premiumtimesng.com,English,Nigeria
https://www.columbian.com/news/2025/jan/28/spokane-to-explore-capturing-carbon-at-its-power-generating-trash-incinerator/,,Spokane to explore capturing carbon at its power - generating trash incinerator,20250128T233000Z,https://www.columbian.com/wp-content/themes/columbian2/static/img/og/default-2022.jpg,columbian.com,English,United States
https://www.hellenicshippingnews.com/charting-the-2025-maritime-regulatory-landscape/,,Charting the 2025 maritime regulatory landscape | Hellenic Shipping News Worldwide,20250129T000000Z,,hellenicshippingnews.com,English,China
https://trinidadexpress.com/business/local/t-t-should-consider-carbon-pricing-to-mitigate-eu-cbam-risks/article_f4f759ee-dde2-11ef-a336-ef5c81e928d3.html,https://trinidadexpress.com/business/local/t-t-should-consider-carbon-pricing-to-mitigate-eu-cbam-risks/article_f4f759ee-dde2-11ef-a336-ef5c81e928d3.amp.html,T & T should consider carbon pricing to mitigate EU CBAM risks,20250129T021500Z,https://bloximages.newyork1.vip.townnews.com/trinidadexpress.com/content/tncms/assets/v3/editorial/2/87/287e5f92-dde3-11ef-876f-e7bd5a4fd8c2/6799890d90d49.image.jpg?crop=732%2C384%2C0%2C63,trinidadexpress.com,English,Trinidad and Tobago
https://www.thenews.com.pk/print/1277174-a-green-vision-for-pakistan-s-survival,https://www.thenews.com.pk/amp/1277174-a-green-vision-for-pakistan-s-survival,A green vision for Pakistan survival,20250129T033000Z,https://www.thenews.com.pk/assets/uploads/akhbar/2025-01-29/1277174_022034_updates.jpg,thenews.com.pk,English,Pakistan
https://www.scoop.co.nz/stories/PO2501/S00082/luxons-credibility-on-the-line-with-tomorrows-climate-target-announcement.htm,https://m.scoop.co.nz/stories/PO2501/S00082/luxons-credibility-on-the-line-with-tomorrows-climate-target-announcement.htm,Luxon Credibility On The Line With Tomorrow Climate Target Announcement,20250129T070000Z,http://img.scoop.co.nz/stories/images/1908/scoop_image.jpg,scoop.co.nz,English,New Zealand
https://community.scoop.co.nz/2025/01/luxons-credibility-on-the-line-with-tomorrows-climate-target-announcement/,,Community Scoop » Luxon Credibility On The Line With Tomorrow Climate Target Announcement,20250129T073000Z,,community.scoop.co.nz,English,New Zealand
https://www.thenational.scot/news/24891598.scottish-government-calls-closer-energy-ties-europe/,,Scottish Government hopes to lower energy bills as Brexit harm revealed,20250129T073000Z,https://www.thenational.scot/resources/images/19024976.jpg?type=og-image,thenational.scot,English,United Kingdom
https://countercurrents.org/2025/01/are-we-too-smart-for-our-own-good/,,Are We Too Smart For Our Own Good ? | Countercurrents,20250129T090000Z,https://cdn.countercurrents.org/wp-content/uploads/2025/01/Brain.jpg,countercurrents.org,English,India
https://carbon-pulse.com/362659/,,Investigation reveals plastic producers lobbying for free EU ETS allowances « Carbon Pulse,20250129T090000Z,,carbon-pulse.com,English,China
https://www.khq.com/news/washington-department-of-ecology-aims-for-2026-carbon-market-link-with-california-qu-bec/article_b77d478e-de11-11ef-abf8-6ba45c85449a.html,,Washington Department of Ecology aims for 2026 carbon market link with California - Québec,20250129T094500Z,https://bloximages.newyork1.vip.townnews.com/khq.com/content/tncms/assets/v3/editorial/3/86/38628113-629f-54ea-93fb-aba3cf3ad97e/6799da7d2dee3.preview.png?crop=640%2C336%2C50%2C202,khq.com,English,United States
https://ecdpm.org/work/broken-promise-loss-and-damage-finance-can-europe-help,,The broken promise of loss and damage finance : Can Europe help ? – ECDPM,20250129T171500Z,https://ecdpm.org/application/files/img/1/floods-photo-by-pok-rie-via-pexels-d2624981.jpg,ecdpm.org,English,
https://www.cepal.org/en/publications/81239-economic-policy-and-climate-change-carbon-pricing-latin-america-and-caribbean,,Economic policy and climate change : carbon pricing in Latin America and the Caribbean,20250129T180000Z,https://www.cepal.org/sites/default/files/publication/images/81239/content,cepal.org,English,United States
https://pakobserver.net/climate-fight-trump-leaves-pakistan-leads/,,"Climate fight : Trump leaves , Pakistan leads - Pakistan Observer",20250130T010000Z,https://pakobserver.net/wp-content/uploads/2024/07/Soha-Nisar.webp,pakobserver.net,English,Pakistan
https://maritime-executive.com/editorials/navigating-uncertainty-shipowners-grapple-with-decarbonization-challenges,,Navigating Uncertainty : Shipowners Grapple With Decarbonization Challenges,20250130T071500Z,https://maritime-executive.com/media/images/article/Photos/People/Jonathan-Stachan-1-.5594de.jpg,maritime-executive.com,English,United States
https://www.businesswireindia.com/supreme-court-sanctions-agreement-for-ftx-dm-joint-official-liquidators-to-subordinate-securities-commission-of-the-bahamas-221-55-million-regulatory-penalties-claim-93342.html,,Supreme Court Sanctions Agreement for FTX DM Joint Official Liquidators to Subordinate Securities Commission of The Bahama $221 . 55 Million Regulatory Penalties Claim,20250130T071500Z,,businesswireindia.com,English,India
https://skepticalscience.com/new_research_2025_5.html,,Skeptical Science New Research for Week # 5 2025,20250130T093000Z,https://skepticalscience.com/public/assets/images/og/button_sks2_200.jpg,skepticalscience.com,English,United States
https://theconversation.com/carbon-capture-in-mediterranean-soil-how-farmland-can-trap-greenhouse-gases-248602,,Carbon capture in Mediterranean soil : how farmland can trap greenhouse gases,20250130T120000Z,https://images.theconversation.com/files/645548/original/file-20250111-15-3el8pc.jpg?ixlib=rb-4.1.0&rect=23%2C95%2C1973%2C985&q=45&auto=format&fit=crop,theconversation.com,English,Australia
https://www.tankeroperator.com/news/josh-smithson-from-braemar-elected-as-chairman-of-the-tanker-ffa-brokers-association/14678.aspx,,Tanker Operator Josh Smithson from Braemar elected as chairman of the Tanker FFA Broker Association,20250130T140000Z,,tankeroperator.com,English,China
http://koreabizwire.com/shell-plc-publishes-fourth-quarter-2024-press-release/305153,,Shell plc publishes fourth quarter 2024 press release,20250130T141500Z,http://koreabizwire.com/wp/wp-content/uploads/2024/02/Shell-plc1.jpg,koreabizwire.com,English,South Korea
https://cyprus-mail.com/2025/01/30/opposition-hits-back-at-cyprus-2025-reform-plans,,Opposition hits back at Cypru 2025 reform plans,20250130T154500Z,https://cyprus-mail.com/wp-content/uploads/2023/11/presidential-palace.jpg,cyprus-mail.com,English,Cyprus
https://ibcworldnews.com/world/new-zealand-sets-new-climate-target-for-2035/162498,https://ibcworldnews.com/amp/story/world/new-zealand-sets-new-climate-target-for-2035/162498,New Zealand sets new climate target for 2035,20250130T170000Z,https://media.assettype.com/ibcworldnews%2F2025-01-30%2Fx2v2lzpf%2F4.PNG?&ar=40%3A21&auto=format%2Ccompress&ogImage=true&mode=crop&enlarge=true&overlay=false&overlay_position=bottom&overlay_width=100,ibcworldnews.com,English,India
https://www.ipsnews.net/2025/01/can-still-solve-climate-change/,,Can We Still Solve Climate Change ? ,20250130T191500Z,https://www.ipsnews.net/Library/2025/01/Air-photo-2-629x419.jpg,ipsnews.net,English,United States
https://phys.org/news/2025-01-carbon-capture-mediterranean-soil-farmland.html,https://phys.org/news/2025-01-carbon-capture-mediterranean-soil-farmland.amp,Carbon capture in Mediterranean soil : How farmland can trap greenhouse gases,20250130T193000Z,https://scx2.b-cdn.net/gfx/news/hires/2025/carbon-capture-in-medi.jpg,phys.org,English,United States
https://oilprice.com/Alternative-Energy/Renewable-Energy/Uzbekistans-Solar-and-Wind-Energy-Projects-Set-to-Surge-in-2025.html,https://oilprice.com/Alternative-Energy/Renewable-Energy/Uzbekistans-Solar-and-Wind-Energy-Projects-Set-to-Surge-in-2025.amp.html,Uzbekistan Solar and Wind Energy Projects Set to Surge in 2025,20250130T203000Z,https://d32r1sh890xpii.cloudfront.net/article/718x300/2025-01-30_b9yezojbzu.jpg,oilprice.com,English,United States
https://www.hellenicshippingnews.com/josh-smithson-elected-as-new-tanker-ffaba-chairman/,,Josh Smithson elected as new Tanker FFABA Chairman | Hellenic Shipping News Worldwide,20250130T203000Z,,hellenicshippingnews.com,English,China
https://www.maravipost.com/mission-300-african-leaders-pledge-to-advance-clean-cooking-solutions-for-africa-at-milestone-energy-summit/,,Mission 300 : African leaders pledge to advance clean cooking solutions for Africa at milestone Energy Summit,20250130T214500Z,https://266dedaa.delivery.rocketcdn.me/wp-content/uploads/2025/01/mission-300-african-leaders-pledge-to-advance-clean-cooking-solutions-for-africa-at-milestone-energy-summit.jpg,maravipost.com,English,Malawi
https://www.scoop.co.nz/stories/PO2501/S00090/latest-climate-target-as-useful-as-screen-door-on-a-submarine-greenpeace.htm,https://m.scoop.co.nz/stories/PO2501/S00090/latest-climate-target-as-useful-as-screen-door-on-a-submarine-greenpeace.htm,Latest Climate Target As Useful As Screen Door On A Submarine - Greenpeace,20250130T221500Z,http://img.scoop.co.nz/stories/images/1908/scoop_image.jpg,scoop.co.nz,English,New Zealand
https://www.hellenicshippingnews.com/bimco-dry-bulk-market-report-return-to-the-red-sea-would-weaken-market/,,BIMCO Dry Bulk Market Report : Return to the Red Sea would weaken market | Hellenic Shipping News Worldwide,20250130T230000Z,,hellenicshippingnews.com,English,China
https://torontosun.com/opinion/columnists/opinion-liberals-shouldnt-flirt-with-quebec-style-hidden-carbon-tax,,OPINION : Liberals shouldnt flirt with Quebec - style hidden carbon tax,20250130T233000Z,,torontosun.com,English,Canada
