url,url_mobile,title,seendate,socialimage,domain,language,sourcecountry
https://www.financialexpress.com/business/industry/maruti-takes-new-routes-ventures-into-ev-charging-mobility-services-and-green-industries/3933024/,https://www.financialexpress.com/business/industry/maruti-takes-new-routes-ventures-into-ev-charging-mobility-services-and-green-industries/3933024/lite/,"Maruti takes new routes : Ventures into EV charging , mobility services , and green industries",20250801T020000Z,https://www.financialexpress.com/wp-content/uploads/2025/08/Maruti-Suzuki-1_20250731203718.jpeg,financialexpress.com,English,India
https://www.jdsupra.com/legalnews/horizon-esg-regulatory-news-and-trends-4531688/,,Horizon - ESG Regulatory News and Trends - July 2025 | DLA Piper,20250801T034500Z,https://jdsupra-static.s3.amazonaws.com/profile-images/og.16336_0535.jpg,jdsupra.com,English,United States
https://www.irishtimes.com/business/2025/08/01/dawn-meats-in-poll-position-to-acquire-new-zealand-meat-co-operative/,,Dawn Meats in pole position to acquire New Zealand meat co - operative,20250801T090000Z,https://www.irishtimes.com/resizer/v2/QCQBKQM6QZXUSEEYYK6HK32H7A.jpg?smart=true&auth=51d27e57439b6c5d518a3f81380a14026620f11808eea3d3c64a2de6e27c3515,irishtimes.com,English,Ireland
https://www.travelmole.com/news/ita-airways-long-haul-growth/,,ITA Airways Business Plan to focus on growth and Lufthansa integration,20250801T140000Z,https://www.travelmole.com/wp-content/uploads/2025/08/ITA-aircraft-Rome-Fiumicino-1068x717.jpg,travelmole.com,English,United Kingdom
https://jamaica-gleaner.com/article/lead-stories/20250801/hall-jas-logistics-vehicle-moving-not-self-driving,,Hall : Ja logistics vehicle moving but not self - driving | Lead Stories,20250801T151500Z,https://jamaica-gleaner.com/sites/default/files/styles/250px/public/media/article_images/2025/08/01/3196980/8320270.jpg?itok=bzLSkktP,jamaica-gleaner.com,English,Jamaica
https://technicalreviewmiddleeast.com/manufacturing/green-steel-transformation-hinges-on-demand-side-leadership,,Manufacturing - Green steel transformation hinges on demand - side leadership,20250801T161500Z,https://technicalreviewmiddleeast.com/,technicalreviewmiddleeast.com,English,United Arab Emirates
https://www.euractiv.com/section/politics/news/the-brief-1-august-2025-the-good-the-bad-and-the-ugly/,,"The Brief – 1 August 2025 : The Good , the Bad , and the Ugly",20250801T171500Z,https://www.euractiv.com/wp-content/uploads/sites/2/2025/08/BT1-800x450.jpg,euractiv.com,English,United Kingdom
https://www.theindependent.co.zw/opinion/article/200044528/deploying-ai-to-achieve-the-un-sdgs,https://www.newsday.co.zw/theindependent/amp/opinion/article/200044528/deploying-ai-to-achieve-the-un-sdgs,Deploying AI to achieve the UN SDGs - The Zimbabwe Independent,20250801T171500Z,https://cdn.thestandard.co.zw/images/theindependent/uploads/2025/08/sUlBaaZLyXO9ySVU8mJNYYD4z941UsIjFg8qwj38.jpg,theindependent.co.zw,English,Zimbabwe
https://www.jdsupra.com/legalnews/ceqa-news-you-can-use-august-2025-2644763/,,"CEQA News You Can Use , August 2025 - Volume 10 , Issue 2",20250801T180000Z,https://jdsupra-static.s3.amazonaws.com/profile-images/og.14565_3925.jpg,jdsupra.com,English,United States
https://www.omanobserver.om/article/1174396/business/economy/asyad-shipping-invests-64m-in-decarbonisation-initiatives,https://www.omanobserver.om/ampArticle/1174396,Asyad Shipping invests $64m in decarbonisation initiatives,20250801T181500Z,https://www.omanobserver.om/omanobserver/uploads/images/2025/08/01/thumbs/600x600/3087638.jpg,omanobserver.om,English,Oman
https://www.guernicamag.com/robert_reich_why_olympia_snowe/,,Robert Reich : Why Olympia Snowe Should Vote Against the Baucus Plan,20250801T184500Z,,guernicamag.com,English,United States
https://vietnamnews.vn/environment/1722464/carbon-market-development-accelerated.html,,Carbon market development accelerated,20250802T024500Z,https://image.vietnamnews.vn/uploadvnnews/Article/2025/7/31/440127_5230380646517960_vna_potal_quyet_tam_giu_mau_xanh_cho_rung_8094842.jpg,vietnamnews.vn,English,Vietnam
https://pantagraph.com/news/state-regional/government-politics/article_6d51fd35-c518-490a-8800-7653c36b44fd.html,,Newly signed law aims to protect major Central Illinois water source,20250802T024500Z,https://bloximages.chicago2.vip.townnews.com/pantagraph.com/content/tncms/assets/v3/editorial/6/d5/6d51fd35-c518-490a-8800-7653c36b44fd/688d4dc4306e9.preview.jpg?crop=1394%2C732%2C53%2C123,pantagraph.com,English,United States
"http://www.thereflector.com/stories/clear-sign-of-energy-mismanagement-washington-state-gas-prices-trending-up,384893",,  Clear sign of energy mismanagement : Washington state gas prices trending up,20250802T030000Z,https://cdn3.creativecirclemedia.com/lafromboise/original/20250801-181625-b12-959f2-68644ec4be7fe.jpg,thereflector.com,English,United States
"http://www.chronline.com/stories/clear-sign-of-energy-mismanagement-washington-state-gas-prices-trending-up,384893",,  Clear sign of energy mismanagement : Washington state gas prices trending up,20250802T044500Z,https://cdn3.creativecirclemedia.com/lafromboise/original/20250801-181625-b12-959f2-68644ec4be7fe.jpg,chronline.com,English,United States
https://herald-review.com/news/state-regional/government-politics/article_317a20ae-f386-5f16-91aa-859c153aa39a.html,,Newly signed law aims to protect major Central Illinois water source,20250802T060000Z,https://bloximages.chicago2.vip.townnews.com/herald-review.com/content/tncms/assets/v3/editorial/3/17/317a20ae-f386-5f16-91aa-859c153aa39a/688d66af99d5c.preview.jpg?crop=1394%2C732%2C53%2C123,herald-review.com,English,United States
https://www.lmtribune.com/northwest/wa-gas-prices-up-for-the-year-20087717,,WA gas prices up for the year,20250802T100000Z,https://public-assets-prod.pubgen.ai/brand_4fc3eb37-4c8a-4951-9324-365f6e4b53fd/asset_fdab1cf6-02ec-5df4-a270-4ded2a87ead2..jpg,lmtribune.com,English,United States
https://www.sabhlokcity.com/2009/05/is-ian-plimer-on-the-right-track/,,Is Ian Plimer on the right track ? – Sanjeev Sabhlok blog,20250802T144500Z,,sabhlokcity.com,English,India
https://simpleflying.com/mpg-airbus-a350-900/,,How Many Miles Per Gallon Does An Airbus A350 - 900 Get ? ,20250803T183000Z,https://static1.simpleflyingimages.com/wordpress/wp-content/uploads/2025/08/how-many-miles-per-gallon-does-an-airbus-a350-1000-get-1.jpg,simpleflying.com,English,
https://www.odt.co.nz/rural-life/farm-sales-rise-reflects-higher-milk-prices,,Farm sales rise reflects higher milk prices,20250803T191500Z,https://www.odt.co.nz/sites/default/files/styles/odt_story_opengraph_1200w/public/story/2025/08/dairy_lane.jpg?itok=Rot32Ne9,odt.co.nz,English,New Zealand
http://www.australiannews.net/news/278486143/economists-want-a-carbon-price-comeback-but-does-australia-have-the-political-courage,,Economists want a carbon price comeback - but does Australia have the political courage ? ,20250803T210000Z,https://image.chitra.live/api/v1/wps/85e71b2/407715c2-cab5-450a-9709-4f2dae51603b/0/MWE5NTVjYTMtZGZ-600x315.jpg,australiannews.net,English,Australia
https://www.hellenicshippingnews.com/how-to-maximise-the-earning-potential-of-your-aging-bulker-fleet/,,How To Maximise The Earning Potential Of Your Aging Bulker Fleet | Hellenic Shipping News Worldwide,20250803T220000Z,,hellenicshippingnews.com,English,China
https://theconversation.com/economists-want-a-carbon-price-comeback-but-does-australia-have-the-political-courage-262127,,Economists want a carbon price comeback – but does Australia have the political courage ? ,20250803T220000Z,https://images.theconversation.com/files/683430/original/file-20250801-56-cjysw6.jpg?ixlib=rb-4.1.0&rect=0%2C0%2C4000%2C2000&q=45&auto=format&fit=crop,theconversation.com,English,Australia
https://maritime-executive.com/magazine/charting-a-digital-and-decarbonized-future,,Charting a Digital and Decarbonized Future,20250803T221500Z,https://maritime-executive.com/media/images/article/Photos/Shipbuilding/Drydock-ship-repair-OSV-Lim-Weixiang-Zeitgeist-Photos-istock.7f9c97.jpg,maritime-executive.com,English,United States
https://switzer.com.au/the-experts/felicity-dean/economists-want-australia-to-reinstate-a-carbon-tax/,,Economists want Australia to reinstate a carbon tax,20250804T001500Z,https://switzer.com.au/wp-content/uploads/windmill-renewables-green-energy-sander-weeteling-unsplash.jpg,switzer.com.au,English,Australia
http://www.sydneysun.com/news/278486143/economists-want-a-carbon-price-comeback-but-does-australia-have-the-political-courage,,Economists want a carbon price comeback - but does Australia have the political courage ? ,20250804T001500Z,https://image.chitra.live/api/v1/wps/85e71b2/407715c2-cab5-450a-9709-4f2dae51603b/0/MWE5NTVjYTMtZGZ-600x315.jpg,sydneysun.com,English,Australia
https://www.euractiv.com/section/eet/news/eu-could-earn-e1-trillion-by-fully-taxing-aviation-private-jets-included/,,"EU could earn €1 trillion by fully taxing aviation , private jets included",20250804T043000Z,https://www.euractiv.com/wp-content/uploads/sites/2/2025/08/GettyImages-2225435228-800x450.jpg,euractiv.com,English,United Kingdom
https://www.scoop.co.nz/stories/WO2508/S00042/sky-polluters-time-to-chip-in-citizens-time-to-cash-in.htm,https://m.scoop.co.nz/stories/WO2508/S00042/sky-polluters-time-to-chip-in-citizens-time-to-cash-in.htm,"Sky Polluters , Time To Chip In ! Citizens , Time To Cash In ! ",20250804T054500Z,http://img.scoop.co.nz/stories/images/1908/scoop_image.jpg,scoop.co.nz,English,New Zealand
https://www.yahoo.com/news/articles/california-halts-building-code-updates-073000030.html,,California halts building code updates in a blow to electrification,20250804T093000Z,https://s.yimg.com/ny/api/res/1.2/QopfuZjk43y6pZmJK9qm4Q--/YXBwaWQ9aGlnaGxhbmRlcjt3PTEyMDA7aD04MTQ7Y2Y9d2VicA--/https://media.zenfs.com/en/canary_media_articles_453/5d4a4b43a1137cb0044b6040a8d79597,yahoo.com,English,United States
https://www.azernews.az/oil_and_gas/245542.html,,SOCAR Marine joins EU carbon trading system,20250804T103000Z,https://www.azernews.az/media/2025/08/04/socar-ceyhan-limanindan-belarusa.jpg,azernews.az,English,Azerbaijan
https://indiaeducationdiary.in/parliament-question-blue-carbon-project/,,PARLIAMENT QUESTION : BLUE CARBON PROJECT - India Education | Latest Education News | Global Educational News,20250804T121500Z,,indiaeducationdiary.in,English,India
https://www.jdsupra.com/legalnews/land-use-matters-july-2025-ceqa-3450048/,,Land Use Matters | July 2025 | CEQA Appellate Decisions & Other Legal Developments | Alston & Bird,20250804T160000Z,https://jdsupra-static.s3.amazonaws.com/profile-images/og.15546_5043.jpg,jdsupra.com,English,United States
https://cleantechnica.com/2025/08/04/twiggy-forrests-billionaire-bubble-on-hydrogens-risks/,https://cleantechnica.com/2025/08/04/twiggy-forrests-billionaire-bubble-on-hydrogens-risks/?amp=1,Twiggy Forrest Billionaire Bubble On Hydrogen Risks,20250804T193000Z,https://cleantechnica.com/wp-content/uploads/2025/08/Twiggy-as-Caesar-1-800x460.png,cleantechnica.com,English,United States
https://dailycaller.com/2025/08/04/newsom-singing-new-tune-big-oil-potential-gas-crisis-2028-run-looming/,,"Newsom Singing New Tune On Big Oil With Potential Gas Crisis , 2028 Run Looming",20250804T234500Z,"https://images.dailycaller.com/image/width=1280,height=549,fit=cover,format=webp,f=auto/https://cdn01.dailycaller.com/wp-content/uploads/2025/08/GettyImages-2159950950-scaled-e1754323680693.jpg",dailycaller.com,English,United States
https://www.renewableenergymagazine.com/panorama/20250804,,How to Prepare Your Carbon Data for CBAM Compliance,20250805T010000Z,https://www.renewableenergymagazine.com/ficheroenergias/fotos/Alejandra_Zazueta_Lopez-12.png,renewableenergymagazine.com,English,United States
https://quicknews-africa.net/china-strides-toward-carbon-neutrality-official/,,China strides toward carbon neutrality - Official,20250805T041500Z,,quicknews-africa.net,English,Nigeria
https://thefifthestate.com.au/the-conversation/economists-want-a-carbon-price-comeback-but-does-australia-have-the-political-courage/,,Economists want a carbon price comeback – but does Australia have the political courage ? ,20250805T094500Z,https://thefifthestate.com.au/wp-content/uploads/2025/08/Julia-Gillard-at-CEDA.jpg,thefifthestate.com.au,English,Australia
https://www.yahoo.com/news/articles/contributor-trumps-epa-proposes-end-100000966.html,,Contributor : Trump EPA proposes to end the U . S . fight against climate change,20250805T104500Z,https://media.zenfs.com/en/los_angeles_times_opinion_902/9e270a67625a8df5d31cd57a55a905cf,yahoo.com,English,United States
https://www.yahoo.com/news/articles/contributor-trumps-epa-proposes-end-100000682.html,,Contributor : Trump EPA proposes to end the U . S . fight against climate change,20250805T104500Z,https://media.zenfs.com/en/la_times_articles_853/9e270a67625a8df5d31cd57a55a905cf,yahoo.com,English,United States
https://www.mondaq.com:443/unitedstates/corporate-and-company-law/1660828/significant-changes-are-in-the-works-for-eu-environmental-social-and-governance-esg-laws,,"Significant Changes Are In The Works For EU Environmental , Social , And Governance ( ESG ) Laws",20250805T111500Z,http://www.mondaq.com/images/MondaqThumb.png,mondaq.com,English,United States
https://www.eenews.net/articles/killing-epa-climate-rule-could-backfire-on-industry/,,Killing EPA climate rule could backfire on industry,20250805T143000Z,https://static.politico.com/35/76/661e9a55455e80865ddf0791ebe2/u-s-congress-32562.jpg,eenews.net,English,United States
https://oilprice.com/Metals/Commodities/Energy-Costs-and-Emissions-Push-European-Steel-Producer-to-Cut-Output.html,https://oilprice.com/Metals/Commodities/Energy-Costs-and-Emissions-Push-European-Steel-Producer-to-Cut-Output.amp.html,Energy Costs and Emissions Push European Steel Producer to Cut Output,20250805T183000Z,https://d32r1sh890xpii.cloudfront.net/article/718x300/2025-08-05_bkodmcd3gj.jpg,oilprice.com,English,United States
https://www.thetimes.com/comment/columnists/article/eu-reset-headfirst-defeat-6h8sbnhbk,,EU reset takes us headfirst into jaws of defeat,20250805T203000Z,https://www.thetimes.com/imageserver/image/%2Fdb9b5894-33b3-4394-a3ec-e94f52456d6b.jpg?crop=1600%2C900%2C0%2C0,thetimes.com,English,
https://kfiam640.iheart.com/content/2025-08-05-la-canada-flintridge-enlists-goats-sheep-for-wildfire-prevention/,https://kfiam640.iheart.com/alternate/amp/2025-08-05-la-canada-flintridge-enlists-goats-sheep-for-wildfire-prevention/,"La Canada Flintridge Enlists Goats , Sheep for Wildfire Prevention",20250805T220000Z,"https://i.iheart.com/v3/re/assets.getty/62bc50a066d2baba0beaa5d2?ops=gravity(%22north%22),fit(1200,675),quality(65)",kfiam640.iheart.com,English,United States
https://www.pasadenastarnews.com/2025/08/05/la-canada-flintridge-enlists-goats-sheep-for-wildfire-prevention/,https://www.pasadenastarnews.com/2025/08/05/la-canada-flintridge-enlists-goats-sheep-for-wildfire-prevention/amp/,"La Canada Flintridge enlists goats , sheep for wildfire prevention",20250805T220000Z,https://www.pasadenastarnews.com/wp-content/uploads/2025/08/TDB-L-PVE-GOATS-0318-DK-03.jpg,pasadenastarnews.com,English,United States
https://www.scoop.co.nz/stories/AK2508/S00159/govts-anti-climate-policies-should-be-top-of-hazards-list-in-latest-briefing-document.htm,https://m.scoop.co.nz/stories/AK2508/S00159/govts-anti-climate-policies-should-be-top-of-hazards-list-in-latest-briefing-document.htm,Govt Anti - Climate Policies Should Be Top Of Hazards List In Latest Briefing Document,20250806T034500Z,http://img.scoop.co.nz/stories/images/1908/scoop_image.jpg,scoop.co.nz,English,New Zealand
https://www.theguardian.com/commentisfree/2025/aug/06/eu-us-trade-deal-trump,,The EU is a colossus . So why is it cowering before Trump like a mouse ? | Alexander Hurst,20250806T053000Z,"https://i.guim.co.uk/img/media/c615c4676384458580983782b2d253febcca9317/835_0_6940_5552/master/6940.jpg?&quality=85&auto=format&fit=crop&precrop=40:21,offset-x50,offset-y0&overlay-align=bottom%2Cleft&overlay-width=100p&overlay-base64=L2ltZy9zdGF0aWMvb3ZlcmxheXMvdGctb3BpbmlvbnMucG5n&enable=upscale&s=105082b0efd85f1601632713b31f3f2b",theguardian.com,English,United Kingdom
https://www.just-food.com/sponsored/how-global-forces-are-redrawing-the-consumer-business-map/,,How global forces are redrawing the consumer business map,20250806T081500Z,https://live-b2b-gdm-figaro1.pantheonsite.io/wp-content/uploads/sites/28/2025/08/AdobeStock_836390932.jpeg,just-food.com,English,United Kingdom
https://www.thestar.com.my/news/nation/2025/08/06/sarawak-maintains-fiscal-strength-amid-global-challenges-says-abang-johari,,"Sarawak maintains fiscal strength amid global challenges , says Abang Johari",20250806T083000Z,https://apicms.thestar.com.my/uploads/images/2025/08/06/3454033.jpg,thestar.com.my,English,Malaysia
https://foreignpolicy.com/2025/08/06/trump-climate-war-china/,,How Trump Lost the War on Climate to China,20250806T151500Z,https://foreignpolicy.com/wp-content/uploads/2025/08/china-flag-GettyImages-1040610226.jpg,foreignpolicy.com,English,United States
https://foreignpolicy.com/2025/08/06/trump-climate-war-china/?tpcc=recirc_trending062921,,How Trump Lost the War on Climate to China,20250806T174500Z,https://foreignpolicy.com/wp-content/uploads/2025/08/china-flag-GettyImages-1040610226.jpg,foreignpolicy.com,English,United States
https://www.ship-technology.com/news/zestas-sasha-sustainable-maritime-solutions/,,"ZESTAs , SASHA collaborate on sustainable maritime solutions",20250806T190000Z,https://live-b2b-gdm-figaro1.pantheonsite.io/wp-content/uploads/sites/8/2025/08/Zestas-shutterstock_1273165201.jpg,ship-technology.com,English,United States
https://www.yahoo.com/news/articles/ca-opens-55m-incentive-program-193356375.html,,CA Opens $55M Incentive Program to Expand Public Electric Vehicle Fast Charging,20250806T210000Z,https://s.yimg.com/ny/api/res/1.2/QzWk8fpnKUt.sB8F4ToICg--/YXBwaWQ9aGlnaGxhbmRlcjt3PTEyMDA7aD04MDA7Y2Y9d2VicA--/https://media.zenfs.com/en/guessing_headlights_178/f19f6cbd0bf345355229c38a36625a49,yahoo.com,English,United States
https://www.farmweekly.com.au/story/9035314/minister-jackie-jarvis-responds-to-drought-preparedness-questions/,,Minister Jackie Jarvis responds to drought preparedness questions | Farm Weekly,20250807T030000Z,https://www.farmweekly.com.au/images/transform/v1/crop/frm/33nFNZ38FxtadDLYqv8sNRP/db59b840-a2bb-4346-8937-9ac1d1c23e63.jpg/r0_316_5644_3279_w1200_h630_fmax.jpg,farmweekly.com.au,English,Australia
https://www.politico.eu/article/eu-plan-offshore-climate-action-not-grounded-analysis-commission-admits/,,"EU planned to pass climate burden to poor countries , but did no analysis",20250807T031500Z,"https://www.politico.eu/cdn-cgi/image/width=1200,height=630,fit=crop,quality=80,onerror=redirect/wp-content/uploads/2025/07/24/13180339-scaled.jpg",politico.eu,English,United States
https://www.azernews.az/analysis/245665.html,,EU carbon market expands to maritime sector in bold decarbonization push,20250807T051500Z,https://www.azernews.az/media/2025/08/06/aerial-top-view-containers-ship.jpg,azernews.az,English,Azerbaijan
https://www.vietnam-briefing.com/news/vietnams-green-maritime-sector-sails-the-growth-tide-an-industry-guide.html,,Vietnam Green Maritime Sector Sails the Growth Tide,20250807T061500Z,https://www.vietnam-briefing.com/news/wp-content/uploads/2025/08/Vietnam-green-maritime-sector.jpg,vietnam-briefing.com,English,Vietnam
https://columbiabasinherald.com/news/2025/aug/06/clear-sign-of-energy-mismanagement-washington-gas-prices-trending-up/,,  Clear sign of energy mismanagement : Washington gas prices trending up,20250807T064500Z,https://hagadone.media.clients.ellingtoncms.com/img/photos/2025/08/06/GAS_OVERVIEW_r1200x630.png?b7d505e466ff31ef2a911eceee85296b69915698,columbiabasinherald.com,English,United States
https://cyprus-mail.com/2025/08/07/turkeys-energy-ambitions-challenge-cyprus-warns-expert,,"Turkey energy ambitions challenge Cyprus , warns expert",20250807T070000Z,https://cyprus-mail.com/wp-content/uploads/2018/04/640x640-6.jpg,cyprus-mail.com,English,Cyprus
https://grenadachronicle.com/plastic-credits-a-false-solution-or-the-answer-to-global-plastic-waste/,,Plastic credits : A  false solution  or the answer to global plastic waste ? – Grenada Chronicle,20250807T073000Z,,grenadachronicle.com,English,United States
https://dominicanrepublicpost.com/plastic-credits-a-false-solution-or-the-answer-to-global-plastic-waste/,,Plastic credits : A  false solution  or the answer to global plastic waste ? – Dominican Republic Post,20250807T073000Z,,dominicanrepublicpost.com,English,United States
https://www.aljazeera.com/news/2025/8/7/plastic-credits-a-false-solution-or-the-answer-to-global-plastic-waste,https://www.aljazeera.com/amp/news/2025/8/7/plastic-credits-a-false-solution-or-the-answer-to-global-plastic-waste,Plastic credits : A  false solution  or the answer to global plastic waste ? | Environment News,20250807T083000Z,https://www.aljazeera.com/wp-content/uploads/2025/08/DSC07505-1754390110.jpg,aljazeera.com,English,United States
https://shipandbunker.com/news/am/244373-interview-monjasa-sees-slow-start-to-panama-biofuel-sales,,INTERVIEW : Monjasa Sees Slow Start to Panama Biofuel Sales,20250807T154500Z,https://shipandbunker.cdn.speedyrails.net/a/img/_mt_445be1479f64e1b302dfa699a6f43747.jpg,shipandbunker.com,English,Singapore
https://www.thechemicalengineer.com/features/financing-the-future-why-engineers-must-be-heard-in-the-net-zero-transition/,,Financing the Future : Why Engineers Must Be Heard in the Net Zero Transition,20250807T161500Z,https://www.thechemicalengineer.com/media/22794/shutterstock_sustainable_growth.png,thechemicalengineer.com,English,United Kingdom
https://www.ieyenews.com/why-photography-is-a-powerful-tool-for-justice-movements-across-the-world/,,Why Photography Is a Powerful Tool for Justice Movements Across the World,20250807T180000Z,https://www.ieyenews.com/wp-content/uploads/2025/08/unnamed-27.png,ieyenews.com,English,Cayman Islands
https://www.benzinga.com/markets/equities/25/08/46984642/navigator-gas-investment-in-ammonia-fueled-shipping-to-accelerate-net-zero-goals-boost-earnings,,Navigator Ga Bet On Ammonia - Fueled Ships to Boost Earnings - Navigator Holdings ( NYSE : NVGS ) ,20250807T223000Z,https://www.benzinga.com/next-assets/images/schema-image-default.png,benzinga.com,English,United States
https://www.hellenicshippingnews.com/hhx-blue-releases-comprehensive-guide-to-navigate-imo-merc-83-and-eu-ets-regulations/,,HHX . blue Releases Comprehensive Guide to Navigate IMO MERC 83 and EU ETS Regulations,20250808T001500Z,,hellenicshippingnews.com,English,China
https://www.itnewsonline.com/news/Cyberport-Leads-Start-ups-to-MyFintech-Week-in-Malaysia/31152,,IT News Online - Cyberport Leads Start - ups to MyFintech Week in Malaysia,20250808T051500Z,,itnewsonline.com,English,United States
https://www.eco-business.com/news/ieta-unep-raise-alarm-over-future-of-nature-based-carbon-removals-under-article-64-draft-standard/,,"IETA , UNEP raise alarm over future of nature - based carbon removals under Article 6 . 4 draft standard",20250808T064500Z,https://eco-business.imgix.net/ebmedia/fileuploads/mekht-qoIHdN6b8kU-unsplash.jpg?fit=crop&ixlib=django-1.2.0&q=85,eco-business.com,English,China
https://shipandbunker.com/news/world/294601-maersk-q2-bunker-consumption-down-47-y-o-y-on-efficiency-gains,,Maersk Q2 Bunker Consumption Down 4 . 7 % Y - o - Y on Efficiency Gains,20250808T064500Z,https://shipandbunker.cdn.speedyrails.net/a/img/_mt_75e9322cb76650d98ef1df1abe3e24b7.jpg,shipandbunker.com,English,Singapore
https://www.ruthfullyyours.com/page/9311/,,RUTHFULLY YOURS,20250808T114500Z,,ruthfullyyours.com,English,United States
https://allafrica.com/stories/202508080225.html,,Liberia Risks Losing Millions in Climate Finance Without Carbon Market Authority,20250808T120000Z,,allafrica.com,English,Nigeria
https://www.jdsupra.com/legalnews/california-air-resources-board-3208564/,,California Air Resources Board Announces Second Virtual Public Workshop – Thirteen Days to Go | Ropes & Gray LLP,20250808T161500Z,https://jdsupra-static.s3.amazonaws.com/profile-images/og.16344_4549.jpg,jdsupra.com,English,United States
https://www.businesstoday.in/magazine/cover-story/story/india-at-2047-a-reform-blueprint-of-100-ideas-to-power-the-journey-to-viksit-bharat-488464-2025-08-08,https://www.businesstoday.in/amp/magazine/cover-story/story/india-at-2047-a-reform-blueprint-of-100-ideas-to-power-the-journey-to-viksit-bharat-488464-2025-08-08,India at 2047 : A Reform Blueprint of 100 Ideas to Power the Journey to Viksit Bharat,20250808T163000Z,https://akm-img-a-in.tosshub.com/businesstoday/images/story/202508/6895dde7a1dc1-india-at-2047-a-reform-blueprint-082209768-16x9.jpg,businesstoday.in,English,India
https://www.jdsupra.com/legalnews/uk-government-publishes-consultation-7192461/,,UK Government Publishes Consultation Responses on Expanding the united kingdom ETS Scope | Latham & Watkins LLP,20250808T183000Z,https://jdsupra-static.s3.amazonaws.com/profile-images/og.15361_4613.jpg,jdsupra.com,English,United States
https://vietnamnews.vn/economy/1722858/standard-chartered-fuels-viet-nam-s-net-zero-path.html,,Standard Chartered fuels Việt Nam net - zero path,20250809T020000Z,https://image.vietnamnews.vn/uploadvnnews/Article/2025/8/7/441418_5235808199256440_1da4646362e1ebbfb2f0.jpg,vietnamnews.vn,English,Vietnam
https://organiser.org/2025/08/07/306715/bharat/india-blue-carbon-ecosystems-a-natural-ally-in-the-net-zero-mission/,https://organiser.org/2025/08/07/306715/bharat/india-blue-carbon-ecosystems-a-natural-ally-in-the-net-zero-mission/amp/,Blue Carbon Ecosytem : An Ally for Net - Zero Emissions,20250809T031500Z,https://organiser.org/wp-content/uploads/2025/08/bbb-1.webp,organiser.org,English,India
https://en.antaranews.com/news/372301/ministry-vows-mangrove-rehabilitation-across-769824-hectares,,"Ministry vows mangrove rehabilitation across 769 , 824 hectares",20250809T113000Z,https://cdn.antaranews.com/cache/1200x800/2025/08/05/strategi-akselerasi-program-rehabilitasi-mangrove-2591181.jpg,en.antaranews.com,English,Indonesia
https://minorityrights.org/the-unfinished-ogiek-fight/,,The unfinished Ogiek fight - Minority Rights Group,20250809T173000Z,https://minorityrights.org/app/uploads/2025/08/conv100119-31-scaled.jpg,minorityrights.org,English,United Kingdom
https://www.yahoo.com/news/articles/california-agriculture-supports-reauthorizing-cap-140000993.html,,California agriculture supports reauthorizing cap - and - trade program,20250809T211500Z,https://media.zenfs.com/en/fresno_bee_mcclatchy_articles_660/843dae7dc1e99b75eb55502ae161c68b,yahoo.com,English,United States
https://sightline.org/2024/11/13/one-of-washingtons-anti-climate-initiatives-2066-eked-out-a-victory-why/,,"One of Washington Anti - Climate Initiatives , 2066 , Eked Out a Victory . Why ? ",20250810T111500Z,https://sightline.org/wp-content/uploads/2024/11/heat_pump_willow.png,sightline.org,English,United States
https://www.yahoo.com/news/articles/high-cost-low-expectations-092611549.html,,The High Cost of Low Expectations,20250810T131500Z,https://s.yimg.com/ny/api/res/1.2/BJ7VIxesMPupdMX224M8wQ--/YXBwaWQ9aGlnaGxhbmRlcjt3PTEyMDA7aD04MDA7Y2Y9d2VicA--/https://media.zenfs.com/en/real_clear_politics_947/adbb4ad62cec8dec4d29d2b64e2e62ab,yahoo.com,English,United States
https://www.nzherald.co.nz/business/companies/agribusiness/inside-story-the-bitter-battle-to-curb-ets-driven-land-forestry-conversions/WKK6YYARU5HV7CJAOQANAXUYDM/,,Inside story : The bitter battle to curb ETS - driven forestry conversions of land,20250810T180000Z,https://www.nzherald.co.nz/resizer/v2/KFIV5AL5YFAEVFATTTXNPLRF4Y.jpg?auth=6882b4f243d7d9d62d3c5fc40553ccdbae57bdf14f239319a5cab6c0943aecb2&quality=70&focal=995%2C421&smart=false,nzherald.co.nz,English,New Zealand
https://www.nzherald.co.nz/the-country/news/inside-story-the-bitter-battle-to-curb-ets-driven-forestry-conversions-of-land/WKK6YYARU5HV7CJAOQANAXUYDM/,,Inside story : The battle to curb ETS - driven farm - to - forest conversions of land,20250811T000000Z,https://www.nzherald.co.nz/resizer/v2/KFIV5AL5YFAEVFATTTXNPLRF4Y.jpg?auth=6882b4f243d7d9d62d3c5fc40553ccdbae57bdf14f239319a5cab6c0943aecb2&quality=70&focal=995%2C421&smart=false,nzherald.co.nz,English,New Zealand
https://www.asiaone.com/money/singapore-can-deliver-and-thrive-fragmented-global-economy-morgan-stanley-analysts,,Singapore can deliver and thrive in a fragmented global economy : Morgan Stanley analysts,20250811T021500Z,https://media.asiaone.com/sites/default/files/styles/article_top_image/public/original_images/Aug2025/Central%20Business%20District_CBD_Sean%20Ler_2_0.jpg?itok=r8bVpYEv,asiaone.com,English,Singapore
https://www.wsws.org/en/articles/2025/08/11/jqjp-a11.html,,"Canyon Fire ignites in Southern California , echoes January devastating Los Angeles wildfires",20250811T050000Z,,wsws.org,English,United States
https://en.antaranews.com/news/372729/ojk-strengthens-capital-market-through-three-strategic-pillars,,OJK strengthens capital market through three strategic pillars,20250811T110000Z,https://cdn.antaranews.com/cache/1200x800/2025/08/11/IMG_9815.jpg,en.antaranews.com,English,Indonesia
https://wattsupwiththat.com/2025/08/11/weekly-climate-and-energy-news-roundup-653/,,Weekly Climate and Energy News Roundup # 653,20250811T121500Z,https://i0.wp.com/wattsupwiththat.com/wp-content/uploads/2025/08/charlesrotter_Beautiful_scenic_of_glacier_national_park_midjourney.webp?fit=1024%2C512&ssl=1,wattsupwiththat.com,English,United States
https://laist.com/news/climate-environment/why-newsom-changed-his-tune-on-big-oil,,Why Newsom changed his tune on Big Oil,20250811T124500Z,http://scpr-brightspot.s3.us-west-2.amazonaws.com/61/a0/efdee2e34b4f96bcd04dacb1957d/istock-609934678.jpg,laist.com,English,United States
https://laist.com/brief/news/climate-environment/why-newsom-changed-his-tune-on-big-oil,,Big shift on Big Oil,20250811T124500Z,http://scpr-brightspot.s3.us-west-2.amazonaws.com/61/a0/efdee2e34b4f96bcd04dacb1957d/istock-609934678.jpg,laist.com,English,United States
https://www.thehindubusinessline.com/opinion/are-carbon-credits-for-people-planet-or-consultants/article69920469.ece,https://www.thehindubusinessline.com/opinion/are-carbon-credits-for-people-planet-or-consultants/article69920469.ece/amp/,"Are carbon credits for people , planet or consultants ? - The Hindu BusinessLine",20250811T171500Z,https://bl-i.thgim.com/public/incoming/rnh8q6/article69920513.ece/alternates/LANDSCAPE_1200/IMG_iStock-2152683210_2_1_87CS4NQN.jpg,thehindubusinessline.com,English,India
https://www.marinelog.com/news/op-ed-choosing-rewards-over-risk-in-third-party-ship-operation/,,Op - Ed : Choosing rewards over risk in third - party ship operation,20250811T173000Z,https://www.marinelog.com/wp-content/uploads/2025/08/Rene1.jpg,marinelog.com,English,United States
https://www.siliconvalley.com/2025/08/11/california-stalls-on-ev-subsidies-as-trump-cuts-federal-rebate/,https://www.siliconvalley.com/2025/08/11/california-stalls-on-ev-subsidies-as-trump-cuts-federal-rebate/amp/,California stalls on EV subsidies as Trump cuts federal rebate,20250811T210000Z,,siliconvalley.com,English,United States
https://www.hellenicshippingnews.com/the-case-for-energy-saving-devices-as-ghg-emission-taxation-increases/,,The case for Energy Saving Devices as GHG emission taxation increases | Hellenic Shipping News Worldwide,20250811T221500Z,,hellenicshippingnews.com,English,China
https://www.heraldonline.co.zw/zimbabwe-to-launch-climate-recovery-fund-backed-by-carbon-credit-proceeds/,,Zimbabwe to launch climate recovery fund backed by carbon credit proceeds,20250811T223000Z,https://www.heraldonline.co.zw/wp-content/uploads/sites/3/2017/11/Climate-Change-Management-Department-director-Mr-Washington-Zhakata.jpg,heraldonline.co.zw,English,
https://www.hellenicshippingnews.com/carbon-offsets-market-set-for-revival-as-high-quality-removal-solutions-gain-traction-says-globaldata/,,"Carbon offsets market set for revival as high - quality removal solutions gain traction , says GlobalData",20250811T224500Z,,hellenicshippingnews.com,English,China
https://carbon-pulse.com/424953/,,"CP Daily Newsletter : Monday 11 August , 2025 « Carbon Pulse",20250812T024500Z,,carbon-pulse.com,English,China
https://www.richmond-news.com/asia-pacific/bc-businesses-eye-japan-amid-us-trade-uncertainty-11054473,,B . C . businesses eye Japan amid U . S . trade uncertainty,20250812T031500Z,https://www.vmcdn.ca/f/files/biv/erictamm008.jpg;w=1200;h=800;mode=crop,richmond-news.com,English,Canada
https://www.businesstimes.com.sg/companies-markets/dbs-china-singapore-suzhou-industrial-park-development-sign-mou-advance-carbon-credit-trading,,"DBS , China - Singapore Suzhou Industrial Park Development sign MOU to advance carbon credit trading",20250812T054500Z,https://cassette.sphdigital.com.sg/image/businesstimes/7144b0cc39e8df854de20295c6e7d399a82f0639280c0353ddb314758a49d9d9?&f=webp,businesstimes.com.sg,English,Singapore
https://econews.com.au/67555/greensketch-launches-smart-solution-for-solar-lead-generation/,,GreenSketch Launches Smart Solution for Solar Lead Generation,20250812T060000Z,,econews.com.au,English,Australia
https://www.citywatchla.com/climate/31316-why-im-going-all-electric-as-i-remediate-my-home-from-toxic-ash,,CityWatch LA - Why Im Going All - Electric As I Remediate My Home From Toxic Ash,20250812T060000Z,https://www.citywatchla.com/images/stories/Aug-2025/064m.jpg#joomlaImage://local-images/stories/Aug-2025/064m.jpg,citywatchla.com,English,United States
https://www.businesstimes.com.sg/companies-markets/dbs-china-signs-mou-two-other-parties-advance-carbon-credit-trading,,DBS China signs MOU with two other parties to advance carbon credit trading,20250812T064500Z,https://cassette.sphdigital.com.sg/image/businesstimes/7144b0cc39e8df854de20295c6e7d399a82f0639280c0353ddb314758a49d9d9?&f=webp,businesstimes.com.sg,English,Singapore
http://www.maritimeprofessional.com/news/wasaline-hits-carbon-neutrality-mark-408819,,Wasaline Hits Carbon Neutrality Mark,20250812T090000Z,https://images.maritimeprofessional.com/images/maritime/w800/aurora-botnia-wasalines-flagship-represents-162672.jpg,maritimeprofessional.com,English,United States
http://www.prnewswire.com/news-releases/carbon-footprint-management-market-worth-38-14-billion-by-2030--marketsandmarkets-302527302.html,,Carbon Footprint Management Market worth $38 . 14 billion by 2030,20250812T100000Z,,prnewswire.com,English,United States
https://www.piquenewsmagazine.com/asia-pacific/bc-businesses-eye-japan-amid-us-trade-uncertainty-11054473,,B . C . businesses eye Japan amid U . S . trade uncertainty,20250812T103000Z,https://www.vmcdn.ca/f/files/biv/erictamm008.jpg;w=1200;h=800;mode=crop,piquenewsmagazine.com,English,Canada
https://www.marinelink.com/news/wasaline-hits-carbon-neutrality-mark-528868,,Wasaline Hits Carbon Neutrality Mark,20250812T103000Z,https://images.marinelink.com/images/maritime/w800/aurora-botnia-162672.jpg,marinelink.com,English,United States
https://www.businessgreen.com/news/4517591/government-urged-recognise-net-zero-value-biomethane-emissions-trading-scheme,,Government urged to recognise  full net zero value  of biomethane through Emissions Trading Scheme,20250812T143000Z,,businessgreen.com,English,United Kingdom
https://www.straitstimes.com/singapore/sg60-the-future-of-singapores-economy,,SG60 : The future of Singapore economy | The Straits Times,20250812T210000Z,https://cassette.sphdigital.com.sg/image/straitstimes/5c7e4c5d150044bb7457194bfb8ff6c9c4b493b497b153e6b258567c504a55da,straitstimes.com,English,Singapore
https://mondovisione.com/media-and-resources/news/fix-publishes-new-data-standards-for-european-capital-markets-2025812/,,FIX Publishes New Data Standards For European Capital Markets,20250812T223000Z,,mondovisione.com,English,United States
https://www.straitstimes.com/singapore/sg60-singapore-at-60-a-sustainability-journey-and-the-way-forward,,SG60 : Singapore at 60 – a sustainability journey and the way forward,20250812T223000Z,https://cassette.sphdigital.com.sg/image/straitstimes/8e870a6366e15e26675fc686174adcdf8bd4357902b67f5f78b46d9f840d4593,straitstimes.com,English,Singapore
https://carbon-pulse.com/425305/,,"CP Daily Newsletter : Tuesday 12 August , 2025 « Carbon Pulse",20250813T033000Z,,carbon-pulse.com,English,China
https://www.euractiv.com/section/politics/opinion/our-climate-hopes-hinge-on-ets-2-attack-it-at-our-peril/,,Our climate hopes hinge on ETS 2 ; attack it at our peril,20250813T050000Z,https://www.euractiv.com/wp-content/uploads/sites/2/2025/07/BT2-10-800x450.jpg,euractiv.com,English,United Kingdom
https://www.forbes.com/sites/alanohnsman/2025/08/13/how-ai-data-centers-could-save-californias-high-speed-rail-project/,,How AI Data Centers Could Save California High - Speed Rail Project,20250813T110000Z,https://imageio.forbes.com/specials-images/imageserve/689bbd6cc26f4ae36fa529e7/0x0.jpg?format=jpg&fit=bounds,forbes.com,English,United States
https://economictimes.indiatimes.com/news/economy/indicators/cbam-to-cost-india-0-03-pc-of-gdp-domestic-carbon-tax-can-blunt-impact-analysis/articleshow/123279241.cms,https://m.economictimes.com/news/economy/indicators/cbam-to-cost-india-0-03-pc-of-gdp-domestic-carbon-tax-can-blunt-impact-analysis/amp_articleshow/123279241.cms,"CBAM to cost India 0 . 03 pc of GDP , domestic carbon tax can blunt impact : Analysis",20250813T111500Z,"https://img.etimg.com/thumb/msid-123279334,width-1200,height-630,imgsize-52992,overlay-economictimes/articleshow.jpg",economictimes.indiatimes.com,English,India
https://www.globenewswire.com/news-release/2025/08/13/3132485/0/en/Base-Carbon-Reports-Second-Quarter-2025-Operating-and-Financial-Results.html,,Base Carbon Reports Second - Quarter 2025 Operating and,20250813T120000Z,https://ml.globenewswire.com/Resource/Download/83330535-4cd5-45a6-a7ca-0b86d793525d,globenewswire.com,English,United States
https://www.vol.at/greenhouse-gas-emissions-in-austria-decreased-in-2024/9605768,,Greenhouse Gas Emissions in Austria Decreased in 2024,20250813T123000Z,https://www.vol.at/2025/08/ABD0118-20190201-scaled-4-3-08519781484-1978x1484.jpg,vol.at,English,Austria
https://pjmedia.com/aaron-hanscom/2025/08/13/californias-last-hope-n4942670,https://pjmedia.com/aaron-hanscom/2025/08/13/californias-last-hope-n4942670/amp,California Last Hope,20250813T213000Z,https://media.townhall.com/cdn/hodl/2025/7/1384b174-0c05-44c9-9425-3cd83a4203de.jpg,pjmedia.com,English,United States
https://www.kpbs.org/news/economy/2025/08/13/california-strikes-deal-to-temporarily-protect-4b-in-bullet-train-funds-but-projects-future-still-uncertain,,"California strikes deal to temporarily protect $4B in bullet train funds , but project future still uncertain",20250813T230000Z,http://kpbs-brightspot.s3.us-west-2.amazonaws.com/6f/b8/a741b20749efa4eb99c94fe55599/railway.jpg,kpbs.org,English,United States
https://www.forbes.com/sites/alanohnsman/2025/08/13/how-ai-data-centers-could-save-california-high-speed-rail/,,How AI Data Centers Could Save California High - Speed Rail,20250814T001500Z,https://imageio.forbes.com/specials-images/imageserve/689bbd6cc26f4ae36fa529e7/0x0.jpg?format=jpg&fit=bounds,forbes.com,English,United States
https://www.interest.co.nz/rural-news/134711/farm-groups-argue-law-change-save-farmland-spread-forestry-insufficient-foresters,,Select committee report divides farmers and forest owners,20250814T024500Z,https://www.interest.co.nz/sites/default/files/2024-09/forestry-spread.jpg,interest.co.nz,English,New Zealand
http://www.china.org.cn/2025-08/14/content_118025106.shtml,,China proves economic growth and green progress can go together,20250814T060000Z,,china.org.cn,English,China
https://econews.com.au/67577/carbon-market-integrity-and-investment-in-focus-as-corporate-carbon-leaders-join-australian-emissions-reduction-summit/,,Carbon market integrity and investment in focus as Corporate Carbon leaders join Australian Emissions Reduction Summit,20250814T060000Z,,econews.com.au,English,Australia
https://www.investegate.co.uk/announcement/rns/centrica--cna/investment-in-grain-lng/9051859,,Investment in Grain LNG | Company Announcement,20250814T064500Z,,investegate.co.uk,English,United Kingdom
https://www.nationalobserver.com/2025/08/13/analysis/trudeau-era-climate-policies-hang-balance-carney-seeks-grand-bargain-build,,Trudeau - era climate policies hang in the balance as Carney seeks grand bargain to build,20250814T093000Z,https://www.nationalobserver.com/sites/default/files/img/2025/08/13/lobbying-03.png,nationalobserver.com,English,Canada
https://www.latimes.com/environment/story/2025-08-14/california-cap-and-trade-crossroads-climate-change,,California biggest climate effort is up for review and it a fight,20250814T111500Z,https://california-times-brightspot.s3.amazonaws.com/12/62/c8db25bb445dac2a6d14b72326bb/1197131-la-me-local-refineries007-ls.jpg,latimes.com,English,United States
https://www.eco-business.com/news/more-forest-protection-and-financing-needed-in-13th-malaysia-plan-say-environmental-groups/,,"More forest protection and financing needed in 13th Malaysia Plan , say environmental groups",20250814T123000Z,https://eco-business.imgix.net/ebmedia/fileuploads/IMG_4586.jpg?fit=crop&ixlib=django-1.2.0&q=85,eco-business.com,English,China
https://www.siliconvalley.com/2025/08/14/california-spending-55-million-on-incentive-program-for-ev-fast-chargers/,https://www.siliconvalley.com/2025/08/14/california-spending-55-million-on-incentive-program-for-ev-fast-chargers/amp/,California spending $55 million on incentive program for EV fast chargers,20250814T141500Z,,siliconvalley.com,English,United States
https://www.eastbaytimes.com/2025/08/14/california-spending-55-million-on-incentive-program-for-ev-fast-chargers/,https://www.eastbaytimes.com/2025/08/14/california-spending-55-million-on-incentive-program-for-ev-fast-chargers/amp/,California spending $55 million on incentive program for EV fast chargers,20250814T144500Z,https://www.eastbaytimes.com/wp-content/uploads/2025/08/SUT-L-EVCHARGING-STATION-0808-01.jpg,eastbaytimes.com,English,United States
https://www.thailand-business-news.com/pr-news/translators-voices-two-mountains-concept-presents-a-fundamental-shift-in-how-development-should-work-global-times,,Translator Voices :  Two mountain concept presents a fundamental shift in how development should work : Global Times,20250814T171500Z,https://s3.thailand-business-news.com/wp-content/uploads/2024/06/bangkok-river-skyline-sunset-768x432.avif,thailand-business-news.com,English,Thailand
https://www.marinij.com/2025/08/14/california-spending-55-million-on-incentive-program-for-ev-fast-chargers/,https://www.marinij.com/2025/08/14/california-spending-55-million-on-incentive-program-for-ev-fast-chargers/amp/,California spending $55 million on incentive program for EV fast chargers,20250814T171500Z,https://www.marinij.com/wp-content/uploads/2025/08/SUT-L-EVCHARGING-STATION-0808-01.jpg,marinij.com,English,United States
https://www.rnz.co.nz/news/political/570034/three-of-new-zealand-s-biggest-emitters-no-longer-have-to-reveal-their-climate-impact,https://amp.rnz.co.nz/article/1d34a056-bb17-4377-822c-f1ed559d5a87,Three of New Zealand biggest emitters no longer have to reveal their climate impact,20250815T031500Z,https://media.rnztools.nz/rnz/image/upload/s--G8TxNDNd--/t_tohu-badge-facebook/v1628722366/4O82FX2_rnz-2426_2903?_a=BACCd2AD,rnz.co.nz,English,
https://www.scoop.co.nz/stories/PO2508/S00096/three-of-new-zealands-biggest-emitters-no-longer-have-to-reveal-their-climate-impact.htm,https://m.scoop.co.nz/stories/PO2508/S00096/three-of-new-zealands-biggest-emitters-no-longer-have-to-reveal-their-climate-impact.htm,Three of New Zealand biggest emitters no longer have to reveal their climate impact,20250815T080000Z,http://img.scoop.co.nz/stories/images/1908/scoop_image.jpg,scoop.co.nz,English,New Zealand
https://www.hindustantimes.com/india-news/arunachal-to-become-india-s-green-energy-powerhouse-create-46-000-jobs-cm-on-iday-101755248021480.html,https://www.hindustantimes.com/india-news/arunachal-to-become-india-s-green-energy-powerhouse-create-46-000-jobs-cm-on-iday-101755248021480-amp.html,"Arunachal to become India  green energy powerhouse , create 46 , 000 jobs : CM on I - Day | Latest News India",20250815T091500Z,https://www.hindustantimes.com/ht-img/img/2025/08/15/1600x900/Arunachal-Pradesh-chief-minister-Pema-Khandu-addre_1755248075333.jpg,hindustantimes.com,English,India
https://www.newkerala.com/news/o/arunachal-cm-urges-people-buy-local-products-boost-economy-979,,Arunachal CM Pema Khandu Urges Buying Local to Boost Economy,20250815T160000Z,,newkerala.com,English,India
https://theportugalnews.com/news/2025-08-15/top-10-polluters-cut-emissions/600851,,Top 10 polluters cut emissions,20250815T161500Z,https://d1mnxluw9mpf9w.cloudfront.net/media/15751/sines.jpg,theportugalnews.com,English,Portugal
https://vir.com.vn/themes/climate-change-response.topic,,CLIMATE CHANGE,20250815T184500Z,https://vir.com.vn/stores/news_dataimages/hung/102020/27/10/3301_CCR.jpg?randTime=1755282739,vir.com.vn,English,Vietnam
https://www.agriland.ie/farming-news/survey-shows-new-zealand-beef-cattle-numbers-up-sheep-down,,"Survey shows New Zealand beef cattle numbers up , sheep down",20250815T203000Z,https://cdn.agriland.ie/uploads/2025/03/flock-of-sheep-grazing-on-lush-pasture-hill-in-cou-2025-01-06-18-41-43-utc-scaled.jpg,agriland.ie,English,Ireland
https://nagalandpost.com/79th-independence-day-celebrated-across-ne/,,79th independence Day celebrated across NE,20250816T003000Z,https://nagalandpost.com/wp-content/uploads/2025/08/79th-Independence-Day-celebrated.jpg,nagalandpost.com,English,
https://timesofindia.indiatimes.com/blogs/toi-editorials/dharali-to-kishtwar-to/,,Dharali to Kishtwar to … ,20250816T021500Z,,timesofindia.indiatimes.com,English,India
https://newstalk870.am/wa-to-consider-changes-to-allocation-of-no-cost-allowances-to-certain-industries/,,Understanding Washington Cap - and - Invest Program for EITEs,20250816T034500Z,,newstalk870.am,English,Armenia
https://icsf.net/samudra/uk-eu-fisheries-trade-big-fuss-little-fish/,,"UK - EU / Fisheries Trade : Big Fuss , Little Fish",20250816T083000Z,,icsf.net,English,India
https://www.theguardian.com/environment/2025/aug/16/a-structural-dependence-on-heavy-industry-can-south-korea-wean-itself-off-fossil-fuels,,  A structural dependence on heavy industry : can South Korea wean itself off fossil fuels ? | Environment,20250816T140000Z,"https://i.guim.co.uk/img/media/a5fd674baa4136e2a132c95be54b572921d0ee91/625_0_3750_3000/master/3750.png?&quality=85&auto=format&fit=crop&precrop=40:21,offset-x50,offset-y0&overlay-align=bottom%2Cleft&overlay-width=100p&overlay-base64=L2ltZy9zdGF0aWMvb3ZlcmxheXMvdGctZGVmYXVsdC5wbmc&enable=upscale&s=a4753443021d2a8f542e0eb059887047",theguardian.com,English,United Kingdom
"http://www.thereflector.com/stories/washington-to-consider-changes-to-allocation-of-no-cost-allowances-to-certain-industries,385520",,Washington to consider changes to allocation of no - cost allowances to certain industries,20250816T223000Z,https://cdn3.creativecirclemedia.com/lafromboise/original/20250816-134332-493-0eecf-67f3ff83a4528.jpg,thereflector.com,English,United States
https://www.staradvertiser.com/2025/08/16/breaking-news/california-high-speed-rail-may-lose-4-billion-should-it-continue/,,California high - speed rail may lose $4 billion . Should it continue ? ,20250816T230000Z,https://www.staradvertiser.com/wp-content/uploads/2025/08/web1_CALIF-HIGH-SPEED-RAIL.jpg,staradvertiser.com,English,United States
"http://www.chronline.com/stories/washington-to-consider-changes-to-allocation-of-no-cost-allowances-to-certain-industries,385520",,Washington to consider changes to allocation of no - cost allowances to certain industries,20250817T003000Z,https://cdn3.creativecirclemedia.com/lafromboise/original/20250816-134332-493-0eecf-67f3ff83a4528.jpg,chronline.com,English,United States
https://dailyastorian.com/2025/08/16/meet-the-man-working-to-turn-clatsop-county-red/,,Meet the man working to turn Clatsop County red,20250817T074500Z,https://dailyastorian.com/wp-content/uploads/sites/2/2025/07/The-Astorian.png,dailyastorian.com,English,United States
https://www.niagarafallsreview.ca/politics/federal/pierre-poilievres-political-exile-is-expected-to-end-within-days-then-the-real-fight-begins/article_a9900425-3a1c-5e9f-a283-4a3bde71482c.html,,Pierre Poilievre exile is expected to end Monday,20250817T114500Z,https://bloximages.chicago2.vip.townnews.com/niagarafallsreview.ca/content/tncms/assets/v3/editorial/7/4a/74a02f7b-8d52-5820-8453-8e52aacaa0de/689f7287d2007.image.jpg?crop=1793%2C941%2C0%2C107,niagarafallsreview.ca,English,Canada
https://www.courant.com/2025/08/17/california-high-speed-rail-may-lose-4-billion-should-it-continue-2/,,California high - speed rail may lose $4 billion . Should it continue ? ,20250817T121500Z,https://www.courant.com/wp-content/uploads/2025/08/202508160500MCT_____PHOTO____US-NEWS-CALIF-RAIL-ASSESS-3-FR-1.jpg,courant.com,English,United States
https://www.wellandtribune.ca/politics/federal/pierre-poilievres-political-exile-is-expected-to-end-within-days-then-the-real-fight-begins/article_bcd3fa9b-4039-5525-b3c6-838adf85e43a.html,,Pierre Poilievre exile is expected to end Monday,20250817T123000Z,https://bloximages.chicago2.vip.townnews.com/wellandtribune.ca/content/tncms/assets/v3/editorial/0/5d/05d26ee1-8c73-5007-97f3-0ea92d662cfd/689f72324a710.image.jpg?crop=1793%2C941%2C0%2C107,wellandtribune.ca,English,Canada
https://www.stcatharinesstandard.ca/politics/federal/pierre-poilievres-political-exile-is-expected-to-end-within-days-then-the-real-fight-begins/article_74840556-aa04-57a6-9dc0-b3add37045cb.html,,Pierre Poilievre exile is expected to end Monday,20250817T130000Z,https://bloximages.chicago2.vip.townnews.com/stcatharinesstandard.ca/content/tncms/assets/v3/editorial/a/2a/a2a665b1-71c1-54bd-a2e0-8b015d2bb0fe/689f724e447aa.image.jpg?crop=1793%2C941%2C0%2C107,stcatharinesstandard.ca,English,Canada
https://www.thepeterboroughexaminer.com/politics/federal/pierre-poilievres-political-exile-is-expected-to-end-within-days-then-the-real-fight-begins/article_2f3a36bf-2d29-5aaa-8bfb-b6916cd98de7.html,,Pierre Poilievre exile is expected to end Monday,20250817T131500Z,https://bloximages.chicago2.vip.townnews.com/thepeterboroughexaminer.com/content/tncms/assets/v3/editorial/7/02/702807a0-3a28-533d-b065-6c2253785aeb/689f72522d003.image.jpg?crop=1793%2C941%2C0%2C107,thepeterboroughexaminer.com,English,Canada
https://www.therecord.com/politics/federal/pierre-poilievres-political-exile-is-expected-to-end-within-days-then-the-real-fight-begins/article_06acf75a-651a-54dd-99ff-addee9c571be.html,,Pierre Poilievre exile expected to end in Monday byelection,20250817T141500Z,https://bloximages.chicago2.vip.townnews.com/therecord.com/content/tncms/assets/v3/editorial/d/05/d051e68a-9174-5743-b528-47c583221813/689f724b9f387.image.jpg?crop=1793%2C941%2C0%2C107,therecord.com,English,Canada
https://thehill.com/opinion/energy-environment/5454834-inslee-climate-policy-failures/,https://thehill.com/opinion/energy-environment/5454834-inslee-climate-policy-failures/amp/,Politics wont help the planet just ask Jay Inslee,20250817T171500Z,https://thehill.com/wp-content/uploads/sites/2/2023/04/insleejay_washington_031620_Getty.jpg,thehill.com,English,United States
https://www.theborneopost.com/2025/08/18/annual-fishing-safari-hailed-as-soul-of-tanjung-manis/,,Annual fishing safari hailed as  soul  of Tanjung Manis,20250818T003000Z,https://www.theborneopost.com/newsimages/2025/08/btu-170825-yy-lentalif-p.jpg,theborneopost.com,English,Malaysia
https://maritime-executive.com/editorials/maritime-industry-must-act-if-it-is-to-achieve-a-sustainable-blue-economy,,Maritime Industry Must Act if it is to Achieve a Sustainable Blue Economy,20250818T020000Z,https://maritime-executive.com/media/images/article/Photos/Ports/Bulker-Port-Hedland-iron-ore-Ngataringa-iStock.6f4d82.jpg,maritime-executive.com,English,United States
https://home.nzcity.co.nz/news/article.aspx?id=428407,,Road - user charges can pay for more than just road maintenance – NZ could lead the way - 18 - Aug - 2025,20250818T023000Z,,home.nzcity.co.nz,English,New Zealand
"https://home.nzcity.co.nz/news/article.aspx?id=428407&fm=psp,tsf",,Road - user charges can pay for more than just road maintenance – NZ could lead the way - 18 - Aug - 2025,20250818T024500Z,,home.nzcity.co.nz,English,New Zealand
"https://home.nzcity.co.nz/news/article.aspx?id=428407&fm=psp,tst",,Road - user charges can pay for more than just road maintenance – NZ could lead the way - 18 - Aug - 2025,20250818T024500Z,,home.nzcity.co.nz,English,New Zealand
http://www.massachusettssun.com/news/278516124/road-user-charges-can-pay-for-more-than-just-road-maintenance-nz-could-lead-the-way,,Road - user charges can pay for more than just road maintenance,20250818T034500Z,https://image.chitra.live/api/v1/wps/5dfe5de/720b77d3-333c-46de-9647-88d0a5e99073/0/ZDU0MDcyZDctNzg-600x315.jpg,massachusettssun.com,English,United States
https://www.maritime-executive.com/editorials/maritime-industry-must-act-if-it-is-to-achieve-a-sustainable-blue-economy,,Maritime Industry Must Act if it is to Achieve a Sustainable Blue Economy,20250818T040000Z,https://maritime-executive.com/media/images/article/Photos/Ports/Bulker-Port-Hedland-iron-ore-Ngataringa-iStock.6f4d82.jpg,maritime-executive.com,English,United States
https://www.winnipegfreepress.com/world/2025/08/17/california-democrats-push-for-redistricting-faces-a-tight-legislative-deadline,,California Democrat push for redistricting faces a tight legislative deadline – Winnipeg Free Press,20250818T050000Z,,winnipegfreepress.com,English,Canada
https://www.rnz.co.nz/news/on-the-inside/570304/road-user-charges-can-pay-for-more-than-just-road-maintenance-nz-could-lead-the-way,https://amp.rnz.co.nz/article/e5307f3a-6503-4eba-ab60-106af623e2ce,Road - user charges can pay for more than just road maintenance - NZ could lead the way,20250818T051500Z,https://media.rnztools.nz/rnz/image/upload/s--6RQZ0WLU--/t_tohu-badge-facebook/v1742768870/4KA1VZV_20250324_TRAFFIC_0001_jpg?_a=BACCd2AD,rnz.co.nz,English,
https://theconversation.com/road-user-charges-can-pay-for-more-than-just-road-maintenance-nz-could-lead-the-way-262946,,Road - user charges can pay for more than just road maintenance – NZ could lead the way,20250818T063000Z,https://images.theconversation.com/files/685684/original/file-20250814-56-oafykl.jpg?ixlib=rb-4.1.0&rect=0%2C342%2C5464%2C2732&q=45&auto=format&fit=crop,theconversation.com,English,Australia
"http://www.sitkasentinel.com/stories/california-democrats-push-for-redistricting-faces-a-tight-legislative-deadline,64214",,California Democrat push for redistricting faces a tight legislative deadline,20250818T063000Z,https://mapi.associatedpress.com/v2/items/a23fd0d28fdc4105a649aee42f41fbf9.1/preview/preview.jpg?nfe=true&s=512&wm=false&app=MPK&tag=iid~a23fd0d28fdc4105a649aee42f41fbf9!rsn~1!cid~21fb1e62714245179c29b3f24f2bd209!orgId~48830!qt~3b56Whjx_7eI!orgNm~DAILY%20SITKA%20SENTINEL!role~Preview!mt~photo!fmt~JPEG%20Baseline,sitkasentinel.com,English,United States
https://www.recorderonline.com/news/national_news/california-democrats-push-for-redistricting-faces-a-tight-legislative-deadline/article_f96bac3f-c211-59f8-bd04-579b496d613f.html,,California Democrat push for redistricting faces a tight legislative deadline,20250818T063000Z,https://bloximages.newyork1.vip.townnews.com/recorderonline.com/content/tncms/assets/v3/editorial/1/85/18596769-2668-5889-ade3-3142ce3f74d0/68a2a6651cc2f.image.jpg?crop=1763%2C926%2C0%2C124,recorderonline.com,English,United States
https://www.thepeterboroughexaminer.com/news/world/united-states/california-democrats-push-for-redistricting-faces-a-tight-legislative-deadline/article_7716b427-9173-5421-b707-916dd492b2ca.html,,California Democrat push for redistricting faces a tight legislative deadline,20250818T080000Z,https://bloximages.chicago2.vip.townnews.com/thepeterboroughexaminer.com/content/tncms/assets/v3/editorial/d/fb/dfbaebc0-62d9-5270-94a7-daef16680dd3/68a2a67813b45.image.jpg?crop=1620%2C851%2C0%2C114,thepeterboroughexaminer.com,English,Canada
https://www.niagarafallsreview.ca/politics/federal/battle-river-crowfoot-byelection/article_381620eb-8cf0-55ba-9621-768133d27b75.html,,Live updates : Poilievre eyes seat in Battle River Crowfoot,20250818T094500Z,https://bloximages.chicago2.vip.townnews.com/niagarafallsreview.ca/content/tncms/assets/v3/editorial/9/d7/9d71a776-7b86-5b0e-947c-6f96a00566b0/68a214168acb5.image.jpg?crop=1781%2C935%2C0%2C113,niagarafallsreview.ca,English,Canada
https://www.thestar.com.my/news/nation/2025/08/18/carbon-tax-aligns-with-climate-policy-and-carbon-market-says-amir-hamzah,,"Carbon tax aligns with climate policy and carbon market , says Amir Hamzah",20250818T120000Z,https://apicms.thestar.com.my/uploads/images/2025/08/18/3473940.jpg,thestar.com.my,English,Malaysia
https://www.stcatharinesstandard.ca/politics/federal/battle-river-crowfoot-byelection/article_c35f6eb7-74d4-5403-8756-593692e58979.html,,Live updates : Poilievre eyes seat in Battle River Crowfoot,20250818T121500Z,https://bloximages.chicago2.vip.townnews.com/stcatharinesstandard.ca/content/tncms/assets/v3/editorial/9/69/969114fb-75a3-5ac1-b52d-fadeb3826762/68a213fd39d73.image.jpg?crop=1781%2C935%2C0%2C113,stcatharinesstandard.ca,English,Canada
https://www.ksat.com/news/politics/2025/08/18/california-democrats-push-for-redistricting-faces-a-tight-legislative-deadline/,,California Democrat push for redistricting faces a tight legislative deadline,20250818T123000Z,"https://res.cloudinary.com/graham-media-group/image/upload/f_auto/q_auto/c_thumb,w_700/v1/media/gmg/HBZ7TG5GMJGVDJOB6WQS6D3UHQ.jpg?_a=DATAg1eAZAA0",ksat.com,English,United States
https://www.wboc.com/news/national/california-democrats-push-for-redistricting-faces-a-tight-legislative-deadline/article_2d824663-5ac7-504d-ab17-f52be712d4fc.html,,California Democrat push for redistricting faces a tight legislative deadline,20250818T124500Z,https://bloximages.newyork1.vip.townnews.com/wboc.com/content/tncms/assets/v3/editorial/b/45/b4513b0b-b7bc-5eb5-b710-0554fa417807/68a3018aba774.image.jpg?crop=1763%2C926%2C0%2C124,wboc.com,English,United States
https://isp.netscape.com/news/story/0001/20250817/1e8f9ed8fdf52bbc687c782371a56597,,California Democrat push for redistricting faces a tight legislative deadline,20250818T130000Z,,isp.netscape.com,English,United States
https://fai.informazione.it/daiblog/E50EAE95-D72D-4A61-9673-6C429442DE71/Environmental-Technology-Market-Applications-Key-Drivers-and-Future-Opportunities,https://fai.informazione.it/daiblog/E50EAE95-D72D-4A61-9673-6C429442DE71/amp/Environmental-Technology-Market-Applications-Key-Drivers-and-Future-Opportunities,"Environmental Technology Market : Applications , Key Drivers and Future Opportunities",20250818T130000Z,https://p1.informazione.it/img/fai_4.jpg?&mode=crop&scale=both,fai.informazione.it,English,Italy
https://wattsupwiththat.com/2025/08/18/weekly-climate-and-energy-news-roundup-654/,,Weekly Climate and Energy News Roundup # 654,20250818T131500Z,https://i0.wp.com/wattsupwiththat.com/wp-content/uploads/2025/08/charlesrotter_a_beautiful_photograph_of_pikes_peak_midjourney.webp?fit=1024%2C512&ssl=1,wattsupwiththat.com,English,United States
https://insideclimatenews.org/news/18082025/sen-sheldon-whitehouse-democrat-failures-climate-comeback/,,Sen . Sheldon Whitehouse on Democrat Failures and Opportunities for a Climate Comeback,20250818T133000Z,https://insideclimatenews.org/wp-content/uploads/2025/08/GettyImages-2223700263.jpg,insideclimatenews.org,English,United States
https://www.wfmj.com/story/53010896/california-democrats-push-for-redistricting-faces-a-tight-legislative-deadline,,California Democrat push for redistricting faces a tight legislative deadline,20250818T140000Z,https://APPREMIUM.images.worldnow.com/images/26694419_G.jpg?lastEditedDate=1755499213000,wfmj.com,English,United States
https://www.wellandtribune.ca/politics/federal/battle-river-crowfoot-byelection/article_6c275687-16a2-53a0-a441-f4cc2c80a350.html,,Live updates : Poilievre eyes seat in Battle River Crowfoot,20250818T140000Z,https://bloximages.chicago2.vip.townnews.com/wellandtribune.ca/content/tncms/assets/v3/editorial/6/4a/64a7d0ea-da29-5fce-8b65-3705a93e0caa/68a214156c7fd.image.jpg?crop=1781%2C935%2C0%2C113,wellandtribune.ca,English,Canada
https://www.clickondetroit.com/news/politics/2025/08/18/california-democrats-push-for-redistricting-faces-a-tight-legislative-deadline/,,California Democrat push for redistricting faces a tight legislative deadline,20250818T141500Z,"https://res.cloudinary.com/graham-media-group/image/upload/f_auto/q_auto/c_thumb,w_700/v1/media/gmg/HBZ7TG5GMJGVDJOB6WQS6D3UHQ.jpg?_a=DATAg1eAZAA0",clickondetroit.com,English,United States
https://www.republicanherald.com/2025/08/18/california-legislature-redistricting/,,California Democrat push for redistricting faces a tight legislative deadline,20250818T151500Z,https://www.republicanherald.com/wp-content/uploads/2025/08/California_Legislature_09153.jpg,republicanherald.com,English,United States
https://grapevine.is/mag/column-opinion/2025/08/18/we-saved-the-fish-but-forgot-the-fishermen/,,"From Iceland We Saved The Fish , But Forgot The Fishermen",20250818T160000Z,https://i0.wp.com/grapevine.is/wp-content/uploads/2025/08/23-09-20-matey-2023-0240-scaled.jpg?fit=2560%2C1708&quality=99&ssl=1,grapevine.is,English,Iceland
https://www.dailycamera.com/2025/08/18/california-legislature-redistricting/,,California Democrat push for redistricting faces a tight legislative deadline,20250818T161500Z,https://www.dailycamera.com/wp-content/uploads/2025/08/California_Legislature_09153.jpg,dailycamera.com,English,United States
https://www.almanacnews.com/calmatters/2025/08/18/gavin-newsom-warms-to-big-oil-in-climate-reversal/,,Gavin Newsom warms to Big Oil in climate reversal,20250818T163000Z,,almanacnews.com,English,United States
https://www.sandiegouniontribune.com/2025/08/18/california-legislature-redistricting/,,California Democrat push for redistricting faces a tight legislative deadline,20250818T164500Z,https://www.sandiegouniontribune.com/wp-content/uploads/2025/08/California_Legislature_09153.jpg,sandiegouniontribune.com,English,United States
https://shipandbunker.com/news/world/162669-fuelre4m-rethinking-fuel-efficiency-in-maritime-shipping,,Fuelre4m : Rethinking Fuel Efficiency in Maritime Shipping,20250818T184500Z,https://shipandbunker.cdn.speedyrails.net/a/img/_mt_6724a0f21f7b42d112b1edc9757ceacc.jpg,shipandbunker.com,English,Singapore
https://www.eurekalert.org:443/news-releases/1093806,,New study reveals preventing an hour of intense pain in chickens costs less than a hundredth of a cent,20250818T220000Z,https://www.eurekalert.org/images/EurekAlert-bluebg_Twitter_601X601.png,eurekalert.org,English,United States
https://www.capradio.org/articles/2025/08/18/gavin-newsom-warms-to-big-oil-in-climate-reversal/,,Gavin Newsom warms to Big Oil in climate reversal,20250818T223000Z,https://www.capradio.org/media/12278829/081825__oil_field_lv_cm_p.jpg,capradio.org,English,United States
https://laist.com/news/climate-environment/gavin-newsom-warms-to-big-oil-in-climate-reversal,,Gavin Newsom warms to Big Oil in climate reversal,20250818T224500Z,http://scpr-brightspot.s3.us-west-2.amazonaws.com/76/32/b9e2324546428ef993735d785f39/070622-oil-field-lv-cm-006.JPEG,laist.com,English,United States
https://timesofsandiego.com/business/2025/08/18/california-democrats-change-tunes-oil-drilling/,,California Democrats change their tunes on oil drilling in state,20250818T231500Z,https://i0.wp.com/timesofsandiego.com/wp-content/uploads/2024/11/Newsom-Trump.jpg?fit=2076%2C1384&ssl=1,timesofsandiego.com,English,United States
https://www.yumasun.com/news/national_news/california-democrats-push-for-redistricting-faces-a-tight-legislative-deadline/article_053b1e44-8199-53ff-90ff-def0b850c708.html,,California Democrat push for redistricting faces a tight legislative deadline,20250818T231500Z,https://bloximages.newyork1.vip.townnews.com/yumasun.com/content/tncms/assets/v3/editorial/8/2a/82ae1e95-eca3-57da-a7ba-ad7073a8cef7/68a2a6d4802a3.image.jpg?crop=1763%2C926%2C0%2C124,yumasun.com,English,United States
https://www.rnz.co.nz/news/political/570336/how-jacinda-ardern-s-groundbreaking-climate-law-has-become-a-shell,https://amp.rnz.co.nz/article/dd8e6d6c-edae-4092-81a7-e4b0ac6092e8,How Jacinda Ardern  groundbreaking  climate law has become  a shell  ,20250818T233000Z,https://media.rnztools.nz/rnz/image/upload/s--M5jp3nKO--/t_tohu-badge-facebook/v1680674749/4LB0LN4_Ardern_Final_Speech_4_jpg?_a=BACCd2AD,rnz.co.nz,English,
https://www.sandiegouniontribune.com/2025/08/18/san-diego-coronado-ferry-ditches-diesel-boats-for-futuristic-looking-new-electric-ferries/,,San Diego - Coronado Ferry ditches diesel boats for futuristic - looking new electric ferries,20250819T020000Z,https://www.sandiegouniontribune.com/wp-content/uploads/2025/08/SUT-L-electric-ferries-001.jpg,sandiegouniontribune.com,English,United States
https://www.tivysideadvertiser.co.uk/news/25399141.warning-test-carbon-monoxide-alarms-south-west-wales/,,Warning to test carbon monoxide alarms in South West Wales,20250819T054500Z,https://www.tivysideadvertiser.co.uk/resources/images/6617813.jpg?type=og-image,tivysideadvertiser.co.uk,English,United Kingdom
http://www.bjreview.com.cn/China/202508/t20250818_800411673.html,,"Green villages , golden opportunities -- Beijing Review",20250819T071500Z,https://www.bjreview.com/China/202508/W020250818417040034752.jpg,bjreview.com.cn,English,China
http://www.bjreview.com/China/202508/t20250818_800411673.html,,"Green villages , golden opportunities -- Beijing Review",20250819T071500Z,https://www.bjreview.com/China/202508/W020250818417040034752.jpg,bjreview.com,English,China
https://www.scoop.co.nz/stories/PO2508/S00117/how-jacinda-arderns-groundbreaking-climate-law-has-become-a-shell.htm,https://m.scoop.co.nz/stories/PO2508/S00117/how-jacinda-arderns-groundbreaking-climate-law-has-become-a-shell.htm,How Jacinda Ardern  Groundbreaking  Climate Law Has Become  A Shell  ,20250819T081500Z,http://img.scoop.co.nz/stories/images/1908/scoop_image.jpg,scoop.co.nz,English,New Zealand
https://www.wsws.org/en/articles/2025/08/19/ihdb-a19.html,,Texas Democrats end stunt as Gov . Newsom advances his own gerrymandering gambit,20250819T081500Z,,wsws.org,English,United States
https://www.the-messenger.com/dawson_springs_progress/news/article_70bc4c03-2ace-5bb6-96d1-57b8867bf950.html,,California Democrat push for redistricting faces a tight legislative deadline,20250819T091500Z,https://bloximages.chicago2.vip.townnews.com/the-messenger.com/content/tncms/assets/v3/editorial/c/26/c2673d42-f51b-5c21-aa11-17850af73ca8/68a3553f6d0a9.image.jpg?crop=1024%2C538%2C0%2C72,the-messenger.com,English,United States
https://www.thestar.com.my/aseanplus/aseanplus-news/2025/08/19/singapore-seals-carbon-credit-deal-with-thailand-its-first-south-east-asian-partner,,"Singapore seals carbon credit deal with Thailand , its first South - East Asian partner",20250819T091500Z,https://apicms.thestar.com.my/uploads/images/2025/08/19/3475576.jpg,thestar.com.my,English,Malaysia
https://sacobserver.com/2025/08/california-congressional-map-fight/,,Democrats aim to reshape California House representation - The Sacramento Observer,20250819T171500Z,https://sacobserver.com/wp-content/uploads/2025/08/68a3a41bcfdb2.jpeg,sacobserver.com,English,United States
https://www.thehindu.com/opinion/op-ed/making-indias-climate-taxonomy-framework-work/article69952694.ece,https://www.thehindu.com/opinion/op-ed/making-indias-climate-taxonomy-framework-work/article69952694.ece/amp/,Making India climate taxonomy framework work,20250819T190000Z,https://th-i.thgim.com/public/opinion/op-ed/q6nlzj/article69952697.ece/alternates/LANDSCAPE_1200/iStock-534101539.jpg,thehindu.com,English,India
https://www.thestandard.co.zw/index.php/standard-people/article/200026227/perspectives-zimbabwe-as-the-new-carbon-frontier-dangers-ahead,https://www.newsday.co.zw/thestandard/amp/standard-people/article/200026227/perspectives-zimbabwe-as-the-new-carbon-frontier-dangers-ahead,Perspectives : Zimbabwe as the new carbon frontier : Dangers ahead,20250819T221500Z,https://cdn.thestandard.co.zw/images/thestandard/uploads/2024/04/eHzYEimXliytQnWQmhSV0NWFnrDpI4YxwmJlABMt.png,thestandard.co.zw,English,Zimbabwe
https://www.hellenicshippingnews.com/from-assumptions-to-accuracy-rethinking-fuel-efficiency-in-maritime-shipping/,,From assumptions to accuracy : Rethinking fuel efficiency in maritime shipping | Hellenic Shipping News Worldwide,20250819T223000Z,,hellenicshippingnews.com,English,China
https://www.kens5.com/article/news/nation-world/california-democrats-push-for-redistricting-faces-tight-legislative-deadline/103-3af2e976-eb9d-455a-8258-b229e5ce5eed,,California Dems push new US House districts for 2026,20250819T230000Z,https://media.kens5.com/assets/KXTV/images/b5e44953-4901-480c-883a-cc583b531476/20250819T042300/b5e44953-4901-480c-883a-cc583b531476_1140x641.jpg,kens5.com,English,United States
https://gnnliberia.com/epa-moves-to-enforce-noise-pollution-ban-prepares-climate-change-law-launch/,https://gnnliberia.com/amp/epa-moves-to-enforce-noise-pollution-ban-prepares-climate-change-law-launch/,"EPA Moves to Enforce Noise Pollution Ban , Prepares Climate Change Law Launch",20250819T230000Z,,gnnliberia.com,English,Liberia
https://www.yahoo.com/news/articles/trump-undermining-californias-ev-goals-225339346.html,,Trump is undermining California EV goals . The state has a new plan to fight back,20250819T233000Z,https://media.zenfs.com/en/la_times_articles_853/5cb6e95ceac8f6c98799a37c8d938dca,yahoo.com,English,United States
https://www.scoop.co.nz/stories/PO2508/S00121/law-change-could-save-farmers-and-taxpayers-millions.htm,https://m.scoop.co.nz/stories/PO2508/S00121/law-change-could-save-farmers-and-taxpayers-millions.htm,Law Change Could Save Farmers And Taxpayers Millions,20250819T234500Z,http://img.scoop.co.nz/stories/images/1908/scoop_image.jpg,scoop.co.nz,English,New Zealand
https://www.latimes.com/environment/story/2025-08-19/california-officials-release-report-on-zero-emission-vehicle-goals,,California plan to meet electric vehicle goals despite Trump attacks,20250820T000000Z,https://california-times-brightspot.s3.amazonaws.com/07/48/72e138c74dcba9a840bbecf8baad/2219832559.jpg,latimes.com,English,United States
https://business.scoop.co.nz/2025/08/20/law-change-could-save-farmers-and-taxpayers-millions/,,Business . Scoop » Law Change Could Save Farmers And Taxpayers Millions,20250820T001500Z,,business.scoop.co.nz,English,New Zealand
https://www.scoop.co.nz/stories/BU2508/S00318/why-carbon-forestry-rules-wont-work.htm,https://m.scoop.co.nz/stories/BU2508/S00318/why-carbon-forestry-rules-wont-work.htm,Why Carbon Forestry Rules Wont Work,20250820T034500Z,http://img.scoop.co.nz/stories/images/1908/scoop_image.jpg,scoop.co.nz,English,New Zealand
https://thenewdawnliberia.com/epa-to-host-national-dialogue-on-draft-carbon-trading-policy/,,"EPA to Host National Dialogue on Draft Carbon Trading Policy - Liberia news The New Dawn Liberia , premier resource for latest news",20250820T040000Z,https://thenewdawnliberia.com/storage/2025/04/EPA-boss.jpg,thenewdawnliberia.com,English,Liberia
https://african.business/2025/08/resources/singapore-looks-to-africa-for-carbon-credit-opportunities,,Singapore looks to Africa for carbon credit opportunities,20250820T050000Z,https://african.business/wp-content/uploads/2025/08/000_par8255961-1024x683.jpg,african.business,English,
https://business.scoop.co.nz/2025/08/20/why-carbon-forestry-rules-wont-work/,,Business . Scoop » Why Carbon Forestry Rules Wont Work,20250820T051500Z,,business.scoop.co.nz,English,New Zealand
https://www.marketscreener.com/news/flex-lng-q2-2025-presentation-ce7c51ddd08bf72c,,Flex LNG : Q2 2025 Presentation | MarketScreener,20250820T051500Z,https://www.marketscreener.com/images/twitter_MS_fdnoir.png,marketscreener.com,English,
https://www.marketscreener.com/news/flex-lng-second-quarter-2025-earnings-release-ce7c51ddd08bf723,,Flex LNG : Second Quarter 2025 Earnings Release,20250820T051500Z,https://www.marketscreener.com/images/twitter_MS_fdnoir.png,marketscreener.com,English,
https://www.northwaleschronicle.co.uk/news/25399976.north-wales-gas-safety-warning-carbon-monoxide-alarms/,,North Wales gas safety warning over carbon monoxide alarms,20250820T051500Z,https://www.northwaleschronicle.co.uk/resources/images/18798423.jpg?type=og-image,northwaleschronicle.co.uk,English,United Kingdom
https://www.marinelink.com/news/time-rethink-sfoc-a-fuel-efficiency-529115,,Time To Rethink SFOC As A Fuel Efficiency Measure,20250820T054500Z,https://images.marinelink.com/images/maritime/w800/source-fuelre4m-162903.jpg,marinelink.com,English,United States
https://www.rhyljournal.co.uk/news/25399976.north-wales-gas-safety-warning-carbon-monoxide-alarms/,,North Wales gas safety warning over carbon monoxide alarms,20250820T054500Z,https://www.rhyljournal.co.uk/resources/images/18798423.jpg?type=og-image,rhyljournal.co.uk,English,United Kingdom
https://www.denbighshirefreepress.co.uk/news/25399976.north-wales-gas-safety-warning-carbon-monoxide-alarms/,,North Wales gas safety warning over carbon monoxide alarms,20250820T054500Z,https://www.denbighshirefreepress.co.uk/resources/images/18798423.jpg?type=og-image,denbighshirefreepress.co.uk,English,United Kingdom
https://indianexpress.com/article/upsc-current-affairs/upsc-essentials/knowledge-nugget-indias-green-hydrogen-plants-upsc-exam-10198700/,https://indianexpress.com/article/upsc-current-affairs/upsc-essentials/knowledge-nugget-indias-green-hydrogen-plants-upsc-exam-10198700/lite/,Knowledge Nugget : What you must know about India Green hydrogen plants for UPSC Exam,20250820T064500Z,https://images.indianexpress.com/2025/08/Knowledge-Nugget-Indias-Green-hydrogen-plants.jpg,indianexpress.com,English,India
https://www.socialeurope.eu/europes-green-jobs-crisis-why-slow-decarbonisation-threatens-employment-more-than-climate-action,,Europe Green Jobs Crisis : Why Slow Decarbonisation Threatens Employment More Than Climate Action,20250820T093000Z,https://cdn.socialeurope.eu/wp-content/uploads/2025/08/u4219834676b3bf67dc8d_0.jpg,socialeurope.eu,English,United Kingdom
https://www.eenews.net/articles/businesses-urge-california-to-extend-climate-program-immediately/,,Businesses urge California to extend climate program immediately,20250820T150000Z,https://static.politico.com/01/15/72a6f3c447e1a994a1077018c65d/rams-browns-football-98048.jpg,eenews.net,English,United States
https://dominicantoday.com/dr/local/2025/08/20/dominican-republic-adapts-climate-policies-to-include-carbon-market/,https://dominicantoday.com/amp/news?id=245912 =dominican-republic-adapts-climate-policies-to-include-carbon-market,Dominican Republic adapts climate policies to include Carbon Market,20250820T160000Z,https://dominicantoday.com/wp-content/uploads/2025/08/Luis-Abinader.jpg,dominicantoday.com,English,Dominican Republic
https://www.yahoo.com/news/articles/california-voters-support-ev-tax-182520046.html,,"California voters support EV tax incentives , but are wary of sales mandates says poll",20250820T190000Z,https://s.yimg.com/ny/api/res/1.2/XggMR1Ox5MtLnKmnKW.0yQ--/YXBwaWQ9aGlnaGxhbmRlcjt3PTEyMDA7aD04MDA7Y2Y9d2VicA--/https://media.zenfs.com/en/politico_453/38d6f6bd3e13f779ab58ce21a42083b5,yahoo.com,English,United States
https://www.infonews.co.nz/news.cfm?id=127546,,Law change could save farmers and taxpayers millions | infonews . co . nz New Zealand News,20250820T200000Z,,infonews.co.nz,English,New Zealand
https://www.kcrw.com/news/shows/press-play-with-madeleine-brand/israel-gas-prices-cat-painting/newsom-oil,,"Concerned about gas prices , Newsom pivots to supporting more oil drilling",20250821T001500Z,https://www.kcrw.com/news/shows/press-play-with-madeleine-brand/israel-gas-prices-cat-painting/newsom-oil/@@images/rectangular_image/page-header?v=1755728235.43,kcrw.com,English,United States
https://www.governing.com/policy/california-pushes-back-after-trump-overturns-zero-emission-mandates,,California Pushes Back After Trump Overturns Zero - Emission Mandates,20250821T001500Z,http://erepublic-brightspot.s3.us-west-2.amazonaws.com/f5/76/eb2c025c453b8572655d19354a47/us-news-trump-calif-ev-rules-get.jpg,governing.com,English,United States
https://www.kpbs.org/news/quality-of-life/2025/08/20/california-has-a-fallback-plan-for-trumps-clean-car-attacks-does-it-go-far-enough,,California has a fallback plan for Trump clean car attacks . Does it go far enough ? ,20250821T024500Z,http://kpbs-brightspot.s3.us-west-2.amazonaws.com/9f/48/6544e58a46e298582203952ede3a/102924-ev-trucks-cs-cm-04-1.jpg,kpbs.org,English,United States
https://en.antaranews.com/news/374553/green-industry-platform-supports-ris-carbon-neutrality-goals-govt,,Green industry platform supports RI carbon neutrality goals : govt,20250821T030000Z,https://cdn.antaranews.com/cache/1200x800/2025/08/20/WhatsApp-Image-2025-08-20-at-3.58.08-PM.jpeg,en.antaranews.com,English,Indonesia
https://vietnamnews.vn/economy/talking-shop/1723677/vision-is-to-develop-a-transparent-efficient-and-resilient-securities-market.html,,"Vision is to develop a transparent , efficient and resilient securities market",20250821T043000Z,https://image.vietnamnews.vn/uploadvnnews/Article/2025/8/20/444362_5247714340813850_img-99001-1.jpg,vietnamnews.vn,English,Vietnam
https://www.liberianobserver.com/news/csos-communities-unhappy-with-draft-carbon-policy/article_f36bd45f-09ae-47ac-b540-7ba96e8640a7.html,,"CSOs , Communities Unhappy with Draft Carbon Policy",20250821T074500Z,https://bloximages.chicago2.vip.townnews.com/liberianobserver.com/content/tncms/assets/v3/editorial/b/7b/b7b3e503-16cc-4dea-a591-0d9d654f4b16/68a6c62fe8c06.image.jpg?crop=622%2C327%2C0%2C12,liberianobserver.com,English,Liberia
https://en.vietnamplus.vn/consultation-workshop-on-assessing-impact-of-carbon-credit-trading-emission-reduction-outcomes-post325033.vnp,,"Consultation workshop on assessing impact of carbon credit trading , emission reduction outcomes",20250821T074500Z,https://mediaen.vietnamplus.vn/images/f579a678cf9e90879541752073c26005993b24b5d868153553c15c1286e7b301c565a712597d3e745dae6074bb90e0bf/quang.jpg.webp,en.vietnamplus.vn,English,Vietnam
https://itwire.com/guest-articles/guest-opinion/building-secure-prosperity-in-a-digitally-connected-world.html,,iTWire - Building secure prosperity in a digitally connected world,20250821T080000Z,https://itwire.com/media/k2/items/cache/8835206e54b2069c6a3221148de67499_XS.jpg,itwire.com,English,Australia
https://governorswindenergycoalition.org/businesses-urge-california-to-extend-climate-program-immediately/,,Businesses urge California to extend climate program immediately - Governor Wind Energy Coalition,20250821T083000Z,,governorswindenergycoalition.org,English,United States
https://www.manilatimes.net/2025/08/21/tmt-newswire/media-outreach-newswire/cpa-australia-proposes-policy-ideas-to-support-hong-kongs-long-term-competitiveness/2171485,https://www.manilatimes.net/2025/08/21/tmt-newswire/media-outreach-newswire/cpa-australia-proposes-policy-ideas-to-support-hong-kongs-long-term-competitiveness/2171485/amp,CPA Australia proposes policy ideas to support Hong Kong long - term competitiveness,20250821T083000Z,https://www.manilatimes.net/manilatimes/uploads/images/2025/08/21/721321.png,manilatimes.net,English,Philippines
https://www.dw.com/en/carbon-credits-erase-rare-bird-habitat-in-estonia/a-73367796,https://amp.dw.com/en/carbon-credits-erase-rare-bird-habitat-in-estonia/a-73367796,Europe carbon credits : Solution or environmental scam ? – DW – 08 / 21 / 2025,20250821T090000Z,https://static.dw.com/image/73370510_6.jpg,dw.com,English,Germany
https://sloveniatimes.com/44516/cpa-australia-proposes-policy-ideas-to-support-hong-kongs-long-term-competitiveness,,The Slovenia Times,20250821T091500Z,https://sloveniatimes.com/images/990x660/48008,sloveniatimes.com,English,Slovenia
https://businessdayghana.com/cpa-australia-proposes-policy-ideas-to-support-hong-kongs-long-term-competitiveness/,,CPA Australia proposes policy ideas to support Hong Kong long - term competitiveness,20250821T094500Z,https://release.media-outreach.com/release.php/Images/663924/Infographic-CPA-Australia-2025-P.png,businessdayghana.com,English,Ghana
https://www.bangkokpost.com/business/general/3090600/krungsri-mufg-view-thailand-a-key-growth-market-with-opportunity-for-industry-reforming,,"Bangkok Post - Krungsri , MUFG View Thailand a Key Growth Market , with Opportunity for Industry Reforming",20250821T114500Z,https://static.bangkokpost.com/media/content/20250821/c1_3090600_700.jpg,bangkokpost.com,English,Thailand
https://www.rnz.co.nz/news/national/570686/officials-warn-of-damage-to-diplomatic-relations-in-secret-climate-change-memo,https://amp.rnz.co.nz/article/1b6ebf7f-3979-4bd3-95f7-7d71dba1ca9a,Officials warn of damage to diplomatic relations in secret climate change memo,20250821T180000Z,https://media.rnztools.nz/rnz/image/upload/s--RNT5x3XS--/t_tohu-badge-facebook/v1751942295/4K4L9CX_RNZ_8675_jpg?_a=BACCd2AD,rnz.co.nz,English,
https://www.forbes.com/sites/jonmcgowan/2025/08/21/california-provides-update-on-climate-change-reporting-opens-public-comment/,,"California Provides Update On Climate Change Reporting , Opens Public Comment",20250821T194500Z,https://imageio.forbes.com/specials-images/imageserve/68a7474fa4e1ad07ab51aacb/0x0.jpg?format=jpg&fit=bounds,forbes.com,English,United States
https://www.agrinews-pubs.com:443/news/science/2025/08/21/carbon-sequestration-banned-within-aquifer/,,Carbon sequestration banned within aquifer,20250821T204500Z,,agrinews-pubs.com,English,United States
https://www.agrinews-pubs.com/news/science/2025/08/21/carbon-sequestration-banned-within-aquifer/,,Carbon sequestration banned within aquifer,20250821T213000Z,,agrinews-pubs.com,English,United States
https://thedailyblog.co.nz/2025/08/22/the-liberal-agenda-professor-wayne-hope-guest-auckland-university-sociology-lecture-on-the-anthropocene-global-capitalism-and-epochal-crises-of-time/,,"The Liberal Agenda – Professor Wayne Hope Guest Auckland University Sociology Lecture on the Anthropocene , Global Capitalism and Epochal Crises of Time",20250821T214500Z,,thedailyblog.co.nz,English,New Zealand
https://www.odt.co.nz/news/national/secret-climate-change-memo-warned-diplomatic-damage-rnz,,Secret climate change memo warned of diplomatic damage,20250821T221500Z,https://www.odt.co.nz/sites/default/files/styles/odt_story_opengraph_1200w/public/story/2025/08/simon_watts_0.jpg?itok=_t492Y61,odt.co.nz,English,New Zealand
https://www.rnz.co.nz/news/political/570686/officials-warn-of-damage-to-diplomatic-relations-in-secret-climate-change-memo,https://amp.rnz.co.nz/article/1b6ebf7f-3979-4bd3-95f7-7d71dba1ca9a,Officials warn of damage to diplomatic relations in secret climate change memo,20250822T004500Z,https://media.rnztools.nz/rnz/image/upload/s--yxV9P6af--/t_tohu-badge-facebook/v1729550496/4KHX7A2_241022_Caucus_6_jpg?_a=BACCd2AD,rnz.co.nz,English,
https://www.scoop.co.nz/stories/BU2508/S00367/toitu-envirocare-to-extend-use-of-new-zealand-forest-carbon-credits.htm,https://m.scoop.co.nz/stories/BU2508/S00367/toitu-envirocare-to-extend-use-of-new-zealand-forest-carbon-credits.htm,Toitū Envirocare To Extend Use Of New Zealand Forest Carbon Credits,20250822T013000Z,http://img.scoop.co.nz/stories/images/1908/scoop_image.jpg,scoop.co.nz,English,New Zealand
https://www.rnz.co.nz/news/top/570686/officials-warn-of-damage-to-diplomatic-relations-in-secret-climate-change-memo,https://amp.rnz.co.nz/article/1b6ebf7f-3979-4bd3-95f7-7d71dba1ca9a,Officials warn of damage to diplomatic relations in secret climate change memo,20250822T021500Z,https://media.rnztools.nz/rnz/image/upload/s--yxV9P6af--/t_tohu-badge-facebook/v1729550496/4KHX7A2_241022_Caucus_6_jpg?_a=BACCd2AD,rnz.co.nz,English,
https://www.wiltshiretimes.co.uk/news/25403399.carbon-monoxide-alarm-warnings-households-wiltshire/,,Carbon monoxide alarm warnings for households in Wiltshire,20250822T063000Z,https://www.wiltshiretimes.co.uk/resources/images/18799016.jpg?type=og-image,wiltshiretimes.co.uk,English,United Kingdom
https://www.carbonbrief.org/daily-brief/eus-record-wildfires-polish-wind-farm-bill-vetoed-california-backsliding-on-climate/,,EU  record  wildfires | Polish wind - farm bill vetoed | California  backsliding  on climate,20250822T100000Z,,carbonbrief.org,English,United Kingdom
https://www.scoop.co.nz/stories/PO2508/S00141/officials-warn-of-damage-to-diplomatic-relations-in-secret-climate-change-memo.htm,https://m.scoop.co.nz/stories/PO2508/S00141/officials-warn-of-damage-to-diplomatic-relations-in-secret-climate-change-memo.htm,Officials Warn Of Damage To Diplomatic Relations In Secret Climate Change Memo,20250822T110000Z,http://img.scoop.co.nz/stories/images/1908/scoop_image.jpg,scoop.co.nz,English,New Zealand
https://kashmirreader.com/2025/08/22/skuast-k-organises-capacity-building-workshop-on-agricultural-carbon-markets/,,SKUAST - K Organises Capacity Building Workshop on Agricultural Carbon Markets,20250822T120000Z,https://kashmirreader.com/wp-content/uploads/2025/08/IMG-20250822-WA0023-1024x768.webp,kashmirreader.com,English,India
https://www.hurriyetdailynews.com/eu-to-continue-investments-in-turkiye-for-green-transition-212794,https://www.hurriyetdailynews.com/amp/eu-to-continue-investments-in-turkiye-for-green-transition-212794,EU to continue investments in Türkiye for green transition,20250822T124500Z,,hurriyetdailynews.com,English,Turkey
https://news.webindia123.com/news/Articles/Business/20250822/4352772.html,,India cement industry ahead of global peers in energy optimisation : Shree Cement Executive,20250822T124500Z,,news.webindia123.com,English,India
https://allafrica.com/stories/202508220179.html,,"Liberia Launches Carbon Policy Dialogue , Eyes Billions From First Climate Law",20250822T124500Z,,allafrica.com,English,Nigeria
https://allafrica.com/stories/202508220190.html,,"Liberia : Carbon Market Could Unlock Millions for Liberia , but Policy Gaps Remain",20250822T133000Z,,allafrica.com,English,Nigeria
https://www.yahoo.com/news/articles/california-voters-still-support-high-125500022.html,,"California voters still support high - speed rail , even if it never gets done",20250822T133000Z,https://s.yimg.com/ny/api/res/1.2/9s2EzUzA2vfvTrh_N1mwqA--/YXBwaWQ9aGlnaGxhbmRlcjt3PTEyMDA7aD04MDA7Y2Y9d2VicA--/https://media.zenfs.com/en/politico_453/819019645fc90a26579d11ace25421fb,yahoo.com,English,United States
https://vir.com.vn/carbon-market-governance-tightened-to-support-global-climate-action-135003.html,,Carbon market governance tightened to support global climate action,20250822T153000Z,https://vir.com.vn/stores/news_dataimages/2025/082025/22/15/in_social/z6930025891944-49f216cdf8b522b4fd4735e0d7a0910d-120250822151447.jpg?randTime=1755875860,vir.com.vn,English,Vietnam
https://www.paloaltoonline.com/calmatters/2025/08/22/renewal-of-california-cap-and-trade-program-to-cut-emissions-is-fraught-with-issues/,,Renewal of California cap and trade program to cut emissions is fraught with issues,20250822T160000Z,,paloaltoonline.com,English,United States
https://www.mtdemocrat.com/news/new-partnership-to-help-tribes-access-state-funding/article_36951f09-6ab1-4e54-a99d-673d551ee000.html,,New partnership to help tribes access state funding,20250822T183000Z,https://bloximages.chicago2.vip.townnews.com/mtdemocrat.com/content/tncms/custom/image/1cacb78a-c270-11ed-9099-7f2e334f04b9.png,mtdemocrat.com,English,United States
https://www.pleasantonweekly.com/calmatters/2025/08/22/for-california-high-speed-rail-to-succeed-part-of-the-central-valley-will-have-to-wait/,,"For California high - speed rail to succeed , part of the Central Valley will have to wait",20250822T193000Z,https://i0.wp.com/www.pleasantonweekly.com/wp-content/uploads/2025/08/042225-High-Speed-Rail-Panel-LV-10.jpg?fit=780%2C519&ssl=1,pleasantonweekly.com,English,United States
https://www.maravipost.com/malawi-cracks-down-on-unregistered-carbon-credit-traders/,,Malawi cracks down on unregistered carbon credit traders,20250822T200000Z,https://eo4ed7m5zmq.exactdn.com/wp-content/uploads/2025/08/IMG-20250822-WA0042.jpg,maravipost.com,English,Malawi
https://kashmirreader.com/2025/08/23/skuast-k-organises-capacity-building-workshop-on-agricultural-carbon-markets-2/,,SKUAST - K organises capacity building workshop on agricultural carbon markets,20250822T211500Z,,kashmirreader.com,English,India
https://www.hellenicshippingnews.com/all-hands-on-deck-the-challenge-of-decarbonising-international-shipping-by-2050/,,All hands on deck : the challenge of decarbonising international shipping by 2050,20250822T220000Z,,hellenicshippingnews.com,English,China
https://www.click2houston.com/news/national/2025/08/22/californias-long-delayed-bullet-train-slated-to-run-in-the-central-valley-by-2032-report-says/,,"California long - delayed bullet train slated to run in the Central Valley by 2032 , report says",20250822T231500Z,"https://res.cloudinary.com/graham-media-group/image/upload/f_auto/q_auto/c_thumb,w_700/v1/media/gmg/H4YEPOUH55E4NDQQ6LXY6NWQWI.jpg?_a=DATAg1eAZAA0",click2houston.com,English,United States
https://techxplore.com/news/2025-08-reinventing-industry-carbon-capture-technologies.html,,Reinventing industry : Carbon capture technologies lead the charge against climate change,20250822T233000Z,https://scx2.b-cdn.net/gfx/news/hires/2025/carbon-capture.jpg,techxplore.com,English,United States
https://www.yahoo.com/news/articles/californias-long-delayed-bullet-train-225137221.html,,"California long - delayed bullet train slated to run in the Central Valley by 2032 , report says",20250822T233000Z,https://s.yimg.com/ny/api/res/1.2/lJMqHjHkDDILRlLdWMYEfw--/YXBwaWQ9aGlnaGxhbmRlcjt3PTEyMDA7aD04MDA7Y2Y9d2VicA--/https://media.zenfs.com/en/ap.org/e31cd4e8ef1e0838f6d9e34d3cb12e0f,yahoo.com,English,United States
https://www.stcatharinesstandard.ca/news/world/united-states/californias-long-delayed-bullet-train-slated-to-run-in-the-central-valley-by-2032-report/article_95d9e3c2-38f0-5f2b-8bb4-c7f811e76a9d.html,,"California long - delayed bullet train slated to run in the Central Valley by 2032 , report says",20250822T233000Z,https://bloximages.chicago2.vip.townnews.com/stcatharinesstandard.ca/content/tncms/assets/v3/editorial/1/92/192ea5d5-3dae-514b-9c39-506e099166ec/68a8f7cd49fa8.image.jpg?crop=1620%2C851%2C0%2C114,stcatharinesstandard.ca,English,Canada
https://www.whec.com/ap-top-news/californias-long-delayed-bullet-train-slated-to-run-in-the-central-valley-by-2032-report-says/,,"California long - delayed bullet train slated to run in the Central Valley by 2032 , report says",20250822T233000Z,https://www.whec.com/wp-content/uploads/apimg/2025/08/California_High_Speed_Rail_65142.jpg,whec.com,English,United States
https://www.clickorlando.com/news/national/2025/08/22/californias-long-delayed-bullet-train-slated-to-run-in-the-central-valley-by-2032-report-says/,,"California long - delayed bullet train slated to run in the Central Valley by 2032 , report says",20250823T003000Z,"https://res.cloudinary.com/graham-media-group/image/upload/f_auto/q_auto/c_thumb,w_700/v1/media/gmg/WHD7RWP6UBCRDAUTT73JYUBZ5I.jpg?_a=DATAg1eAZAA0",clickorlando.com,English,United States
https://www.niagarafallsreview.ca/news/world/united-states/californias-long-delayed-bullet-train-slated-to-run-in-the-central-valley-by-2032-report/article_292f5958-2856-5272-b722-67d58eeea64f.html,,"California long - delayed bullet train slated to run in the Central Valley by 2032 , report says",20250823T003000Z,https://bloximages.chicago2.vip.townnews.com/niagarafallsreview.ca/content/tncms/assets/v3/editorial/1/f3/1f3fa477-38cf-5252-abfc-65aabea24da0/68a8f7aae135e.image.jpg?crop=1620%2C851%2C0%2C114,niagarafallsreview.ca,English,Canada
https://www.news4jax.com/news/national/2025/08/22/californias-long-delayed-bullet-train-slated-to-run-in-the-central-valley-by-2032-report-says/,,"California long - delayed bullet train slated to run in the Central Valley by 2032 , report says",20250823T011500Z,"https://res.cloudinary.com/graham-media-group/image/upload/f_auto/q_auto/c_thumb,w_700/v1/media/gmg/WHD7RWP6UBCRDAUTT73JYUBZ5I.jpg?_a=DATAg1eAZAA0",news4jax.com,English,United States
https://www.dailygazette.com/hv360/ap/national/californias-long-delayed-bullet-train-slated-to-run-in-the-central-valley-by-2032-report/article_4c88d1c6-fdc1-52fb-a141-cd386335f322.html,,"California long - delayed bullet train slated to run in the Central Valley by 2032 , report says",20250823T011500Z,https://bloximages.chicago2.vip.townnews.com/dailygazette.com/content/tncms/assets/v3/editorial/d/18/d182cf2f-286d-55df-9eeb-f67a6dc6cd84/68a8f8686b586.image.jpg?crop=1763%2C926%2C0%2C124,dailygazette.com,English,United States
https://www.dailygazette.com/the_recorder/ap/national/californias-long-delayed-bullet-train-slated-to-run-in-the-central-valley-by-2032-report/article_4c88d1c6-fdc1-52fb-a141-cd386335f322.html,,"California long - delayed bullet train slated to run in the Central Valley by 2032 , report says",20250823T013000Z,https://bloximages.chicago2.vip.townnews.com/dailygazette.com/content/tncms/assets/v3/editorial/d/18/d182cf2f-286d-55df-9eeb-f67a6dc6cd84/68a8f8686b586.image.jpg?crop=1763%2C926%2C0%2C124,dailygazette.com,English,United States
https://www.wboc.com/news/national/californias-long-delayed-bullet-train-slated-to-run-in-the-central-valley-by-2032-report/article_76693104-e524-5048-88bf-e16e8fa91e55.html,,"California long - delayed bullet train slated to run in the Central Valley by 2032 , report says",20250823T013000Z,https://bloximages.newyork1.vip.townnews.com/wboc.com/content/tncms/assets/v3/editorial/6/54/6540ee03-28b8-5e66-ae19-7004c47d8bec/68a8f714d3ccc.image.jpg?crop=1763%2C926%2C0%2C124,wboc.com,English,United States
https://www.recorderonline.com/news/national_news/californias-long-delayed-bullet-train-slated-to-run-in-the-central-valley-by-2032-report/article_efa57054-2b62-5572-88c2-44de17ec4125.html,,"California long - delayed bullet train slated to run in the Central Valley by 2032 , report says",20250823T013000Z,https://bloximages.newyork1.vip.townnews.com/recorderonline.com/content/tncms/assets/v3/editorial/0/b9/0b99808b-e09a-5205-9038-4abe9cb6cd53/68a8f768b0d25.image.jpg?crop=1763%2C926%2C0%2C124,recorderonline.com,English,United States
https://www.independent.co.uk/news/world/americas/california-central-valley-los-angeles-sacramento-donald-trump-b2812820.html,,"California long - delayed bullet train slated to run in the Central Valley by 2032 , report says",20250823T013000Z,https://static.independent.co.uk/2025/08/22/23/California_High_Speed_Rail_65142.jpg?&crop=1200:800,independent.co.uk,English,United Kingdom
https://www.wdbo.com/news/national/californias-long/ASDHGT7F35BQBIQ52RSPGJK2UI/,https://www.wdbo.com/news/national/californias-long/ASDHGT7F35BQBIQ52RSPGJK2UI/?outputType=amp,"California long - delayed bullet train slated to run in the Central Valley by 2032 , report says",20250823T014500Z,https://cmg-cmg-rd-20082-prod.cdn.arcpublishing.com/resizer/v2/https%3A%2F%2Fcloudfront-us-east-1.images.arcpublishing.com%2Fcmg%2F5PFBXJB6NKATZPO42UJRQZZINI.jpg?auth=173e51781a16907298e7d57d84a2918f4da570f86f59a484e9d8f0207d0e8787&smart=true,wdbo.com,English,United States
https://www.latimes.com/environment/story/2025-08-22/deaths-illness-from-gas-oil-hit-people-of-color-hardest-study,,"Air pollution from gas and oil hurts people of color most , study finds",20250823T031500Z,https://california-times-brightspot.s3.amazonaws.com/ce/73/85c3f564463db6e6af4ecb191beb/1495129-me-south-bay-refineries-jey-283.jpg,latimes.com,English,United States
https://www.wsls.com/news/national/2025/08/22/californias-long-delayed-bullet-train-slated-to-run-in-the-central-valley-by-2032-report-says/,,"California long - delayed bullet train slated to run in the Central Valley by 2032 , report says",20250823T033000Z,"https://res.cloudinary.com/graham-media-group/image/upload/f_auto/q_auto/c_thumb,w_700/v1/media/gmg/WHD7RWP6UBCRDAUTT73JYUBZ5I.jpg?_a=DATAg1eAZAA0",wsls.com,English,United States
https://abcnews.go.com/US/wireStory/californias-long-delayed-bullet-train-slated-run-central-124904979,https://abcnews.go.com/amp/US/wireStory/californias-long-delayed-bullet-train-slated-run-central-124904979,California long - delayed bullet train slated to run in the Central Valley by 2032,20250823T043000Z,https://i.abcnewsfe.com/a/da205db1-735c-4346-be48-7c0329df4bb5/wirestory_41816936831d6d8cdbff95d1bf968e44_16x9.jpg,abcnews.go.com,English,United States
https://www.odt.co.nz/regions/bill-does-not-protect-land-enough-farmers,,Bill does not protect land enough : farmers,20250823T060000Z,https://www.odt.co.nz/sites/default/files/styles/odt_story_opengraph_1200w/public/story/2025/08/jason_herrick_2024_2.jpg?itok=XiDgYs9w,odt.co.nz,English,New Zealand
https://www.sungazette.com/opinion/other-commentaries/2025/08/electric-bills-too-high-bad-energy-policies-are-to-blame/,,"Electric bills too high ? Bad energy policies are to blame | News , Sports , Jobs",20250823T064500Z,https://ogden_images.s3.amazonaws.com/www.sungazette.com/images/2023/09/19103957/fblike1.jpg,sungazette.com,English,United States
https://www.whittierdailynews.com/2025/08/23/susan-shelley-stop-californias-cap-and-trade-scam/,https://www.whittierdailynews.com/2025/08/23/susan-shelley-stop-californias-cap-and-trade-scam/amp/,Susan Shelley : Stop California cap - and - trade scam – Whittier Daily News,20250823T154500Z,https://www.whittierdailynews.com/wp-content/uploads/2025/08/cap-and-trade.jpg,whittierdailynews.com,English,United States
https://www.sbsun.com/2025/08/23/susan-shelley-stop-californias-cap-and-trade-scam/,https://www.sbsun.com/2025/08/23/susan-shelley-stop-californias-cap-and-trade-scam/amp/,Susan Shelley : Stop California cap - and - trade scam – San Bernardino Sun,20250823T160000Z,https://www.sbsun.com/wp-content/uploads/2025/08/cap-and-trade.jpg,sbsun.com,English,United States
https://www.nzherald.co.nz/nz/manawanui-orlando-reep-family-farm-recognised-for-environmental-stewardship/WWGG4YNH3BFANNO4W7ZSX6QDPI/,,Manawanui : Orlando - Reep family farm recognised for environmental stewardship,20250823T180000Z,https://www.nzherald.co.nz/resizer/v2/YIQGSAB4ORBUBJZJVJMGRH4V2M.jpg?auth=4f4015874c277bb0a21f09a564d306a9a4822cd0b982f26c5ea2bca36d343acf&quality=70&focal=568%2C680&smart=false,nzherald.co.nz,English,New Zealand
https://www.yahoo.com/news/articles/ca-high-speed-rail-plan-123000403.html,,CA high - speed rail plan puts country first bullet train on correct track,20250823T190000Z,https://media.zenfs.com/en/fresno_bee_mcclatchy_articles_660/5de0330449994e2ecc606a84f90099eb,yahoo.com,English,United States
https://www.nzherald.co.nz/the-country/news/manawanui-orlando-reep-family-farm-recognised-for-environmental-stewardship/WWGG4YNH3BFANNO4W7ZSX6QDPI/,,Manawanui : Orlando - Reep family farm recognised for environmental stewardship,20250823T190000Z,https://www.nzherald.co.nz/resizer/v2/YIQGSAB4ORBUBJZJVJMGRH4V2M.jpg?auth=4f4015874c277bb0a21f09a564d306a9a4822cd0b982f26c5ea2bca36d343acf&quality=70&focal=568%2C680&smart=false,nzherald.co.nz,English,New Zealand
https://www.dailynews.com/2025/08/23/susan-shelley-stop-californias-cap-and-trade-scam/,https://www.dailynews.com/2025/08/23/susan-shelley-stop-californias-cap-and-trade-scam/amp/,Susan Shelley : Stop California cap - and - trade scam – Daily News,20250823T191500Z,https://www.dailynews.com/wp-content/uploads/2025/08/cap-and-trade.jpg,dailynews.com,English,United States
https://www.ksl.com:443/article/51364592/californias-long-delayed-bullet-train-slated-to-run-in-the-central-valley-by-2032-report-says,,"California long - delayed bullet train slated to run in the Central Valley by 2032 , report says",20250823T201500Z,https://img.ksl.com/slc/3107/310713/31071366.jpg?filter=kslv2/responsive_story_lg,ksl.com,English,United States
https://www.santacruzsentinel.com/2025/08/23/california-high-speed-rail-merced/,,California high speed rail : Central Valley line alone wont be profitable . Building to Gilroy could be – Santa Cruz Sentinel,20250823T211500Z,https://www.santacruzsentinel.com/wp-content/uploads/2025/08/SJM-L-CEQA-0723-2.jpg,santacruzsentinel.com,English,United States
https://www.foxla.com/news/california-high-speed-rail-central-valley-update,https://www.foxla.com/news/california-high-speed-rail-central-valley-update.amp,"California high speed rail slated to run in the Central Valley by 2032 , report",20250824T013000Z,https://images.foxtv.com/static.foxla.com/www.foxla.com/content/uploads/2025/08/1280/720/gettyimages-1988734942.jpg?ve=1&tl=1,foxla.com,English,United States
https://www.thestar.com.my/news/nation/2025/08/24/sarawak-strongly-supports-chinese-independent-schools-says-abang-johari,,"Sarawak strongly supports Chinese independent schools , says Abang Johari",20250824T014500Z,https://apicms.thestar.com.my/uploads/images/2025/08/24/3483416.JPG,thestar.com.my,English,Malaysia
https://www.yahoo.com/news/articles/california-high-speed-rail-slated-232216120.html,,"California high speed rail slated to run in the Central Valley by 2032 , report",20250824T041500Z,https://s.yimg.com/ny/api/res/1.2/4lP3fEob0roLnpanv.poKA--/YXBwaWQ9aGlnaGxhbmRlcjt3PTEyMDA7aD02NzU7Y2Y9d2VicA--/https://media.zenfs.com/en/kttv_fox_local_articles_818/42a3354593b48a2879f1367b1737d2f4,yahoo.com,English,United States
https://www.progressive-charlestown.com/2025/08/sen-sheldon-whitehouse-on-democrats.html,,Progressive Charlestown : Sen . Sheldon Whitehouse on Democrat Failures and Opportunities for a Climate Comeback,20250824T070000Z,,progressive-charlestown.com,English,United States
https://www.inewsgr.com/184/EU-ETS-29-billion-bill-for-shipping-in-October-2025.htm,https://www.inewsgr.com/184/eu-ets-29-billion-bill-for-shipping-in-october-2025.htm.amp,EU ETS : 2 . 9 billion  bill  for shipping in October 2025 - EU ETS : 2 . 9 billion  bill  for shipping in October 2025,20250824T100000Z,https://images32.inewsgr.com/5711/57113848/1.jpg,inewsgr.com,English,Greece
https://www.iefimerida.gr/english/eu-ets-29-billion-bill-shipping-october-2025,https://www.iefimerida.gr/english/eu-ets-29-billion-bill-shipping-october-2025?amp,EU ETS : 2 . 9 billion  bill  for shipping in October 2025,20250824T101500Z,https://www.iefimerida.gr/sites/default/files/styles/medium_article_image/public/2025-08/limani-ploia.jpg?itok=SUZiHdvo,iefimerida.gr,English,Greece
https://pjmedia.com/matt-margolis/2025/08/24/california-voters-might-just-be-too-far-gone-to-be-helped-n4942977,https://pjmedia.com/matt-margolis/2025/08/24/california-voters-might-just-be-too-far-gone-to-be-helped-n4942977/amp,California Voters Might Just Be Too Far Gone to Be Helped,20250824T171500Z,https://media.townhall.com/cdn/hodl/2025/213/e317c38c-cc07-4fd0-a726-a6af470e7e8e.jpg,pjmedia.com,English,United States
https://www.thecooldown.com/green-business/raising-66-billion-climate-action-funding/,,Experts propose revolutionary solution for generating over $60 billion annually without costing consumers :  A win - win  ,20250824T173000Z,https://www.thecooldown.com/wp-content/uploads/2025/08/climate-actionimage-reci1Hdtsrz09EhWE.jpg,thecooldown.com,English,
https://www.mv-voice.com/youth/2025/08/24/youth-help-cut-through-the-noise-at-palo-alto-town-hall/,,Youth help  cut through the noise  at Berman town hall,20250824T190000Z,https://www.mv-voice.com/wp-content/uploads/2025/08/Town-Hall-2-scaled-1.jpeg,mv-voice.com,English,United States
https://www.mymotherlode.com/news/local/4232058/californias-long-delayed-bullet-train-slated-to-run-in-the-central-valley-by-2032-report-says-2.html,,"California long - delayed bullet train slated to run in the Central Valley by 2032 , report says",20250824T220000Z,https://www.mymotherlode.com/wp-content/uploads/2025/08/AP_5225aeefa2894165b1d9f4b2ff3b7e42_21bf6eb8dd.jpg,mymotherlode.com,English,United States
https://www.almanacnews.com/youth/2025/08/24/youth-help-cut-through-the-noise-at-palo-alto-town-hall/,,Youth help  cut through the noise  at town hall,20250824T224500Z,https://www.almanacnews.com/wp-content/uploads/2025/08/Town-Hall-2-scaled-1.jpeg,almanacnews.com,English,United States
https://www.bjreview.com/China/202508/t20250818_800411673.html,,"Green villages , golden opportunities -- Beijing Review",20250825T040000Z,https://www.bjreview.com/China/202508/W020250818417040034752.jpg,bjreview.com,English,China
https://vir.com.vn/how-to-move-forward-with-green-hydrogen-135103.html,,How to move forward with green hydrogen,20250825T041500Z,https://vir.com.vn/stores/news_dataimages/2025/082025/25/10/in_social/how-to-move-forward-with-green-hydrogen-20250825100405.jpg?randTime=1756094493,vir.com.vn,English,Vietnam
https://www.miragenews.com/australias-bold-2035-emissions-target-balancing-1520664/,,Australia Bold 2035 Emissions Target Balancing Act,20250825T080000Z,https://cdn1.miragenews.com/tmp_cache?cdn=images.unsplash.com%2Fphoto-1505751172876-fa1923c5c528%3Fixid%3DMXwxMjA3fDB8MHxwaG90by1wYWdlfHx8fGVufDB8fHw%253D%26amp%3Bixlib%3Drb-1.2.1%26amp%3Bauto%3Dformat%26amp%3Bfit%3Dcrop%26amp%3Bw%3D1350%26amp%3Bq%3D80,miragenews.com,English,United States
https://mwnation.com/local-carbon-credit-traders-given-90-days-to-register/,,Local carbon credit traders given 90 days to register,20250825T080000Z,https://mwnation.com/wp-content/uploads/2025/08/Chomanika.jpg,mwnation.com,English,Malawi
http://www.australiannews.net/news/278531118/no-room-for-the-timid-setting-australia-2035-emibions-target-is-a-daring-tightrope-act,,No room for the timid : setting Australia 2035 emissions target is a daring tightrope act,20250825T083000Z,https://image.chitra.live/api/v1/wps/e382f0b/1f039071-b582-46f6-a1f6-c00eae226c15/0/ZWUwZWE1ZjUtMzU-600x315.jpg,australiannews.net,English,Australia
https://cyprus-mail.com/2025/08/25/europes-shipping-faces-first-eu-ets-bill-cyprus-prepares-for-impact,,Europe shipping faces first EU ETS bill - Cyprus prepares for impact,20250825T093000Z,https://cyprus-mail.com/wp-content/uploads/2025/08/ship.jpg,cyprus-mail.com,English,Cyprus
https://theconversation.com/no-room-for-the-timid-setting-australias-2035-emissions-target-is-a-daring-tightrope-act-263802,,No room for the timid : setting Australia 2035 emissions target is a daring tightrope act,20250825T113000Z,https://images.theconversation.com/files/687145/original/file-20250825-56-lbt74v.png?ixlib=rb-4.1.0&rect=0%2C0%2C4000%2C2000&q=45&auto=format&fit=crop,theconversation.com,English,Australia
https://www.industrialinfo.com/news/abstract/california-lawmakers-seek-to-extend-emissions-cap-and-trade-program--345183,,California Lawmakers Seek to Extend Emissions Cap - and - T,20250825T150000Z,https://media.industrialinfo.com/news/img/power.png,industrialinfo.com,English,United States
https://en.antaranews.com/news/375513/indonesia-upgrades-climate-data-system-to-boost-emissions-tracking,,Indonesia upgrades climate data system to boost emissions tracking,20250825T153000Z,https://cdn.antaranews.com/cache/1200x800/2025/08/25/WhatsApp-Image-2025-08-25-at-11.58.25.jpeg,en.antaranews.com,English,Indonesia
https://english.news.cn/asiapacific/20250825/01e682f3666f4b55a3b872c907f60124/c.html,,Indonesia carbon market records 4 . 82 mln USD in transactions since launch - Xinhua,20250825T171500Z,,english.news.cn,English,
https://www.globaltimes.cn/page/202508/1341690.shtml,,"China issues 17 - point guideline to advance low - carbon transition , accelerate building of national carbon trade market",20250825T171500Z,https://www.globaltimes.cn/Portals/0/attachment/2022/2022-07-16/93c1ac7f-a44e-4a25-bd36-652d74ad1a40.jpeg,globaltimes.cn,English,China
http://www.bruneinews.net/news/278532053/indonesia-carbon-market-records-482-mln-usd-in-transactions-since-launch,,Indonesia carbon market records 4 . 82 mln USD in transactions since launch,20250825T173000Z,,bruneinews.net,English,Malaysia
https://www.bloomberg.com/news/articles/2025-08-25/china-to-expand-carbon-market-with-major-industries-by-2027,,China to Expand Carbon Market With Major Industries by 2027,20250825T191500Z,https://assets.bwbx.io/images/users/iqjWHBFdfxIU/ifldOZ846SKI/v1/1200x800.jpg,bloomberg.com,English,United States
https://www.hellenicshippingnews.com/first-eu-ets-shipping-payment-due-30-september/,,First EU ETS shipping payment due 30 September | Hellenic Shipping News Worldwide,20250825T230000Z,,hellenicshippingnews.com,English,China
https://www.bondbuyer.com/news/california-high-speed-rail-officials-say-theyll-save-project,,California high speed rail officials say theyll save project,20250825T234500Z,https://source-media-brightspot.s3.us-east-1.amazonaws.com/f2/37/90674f9e4f9889c9a873e3b04f9a/430086427-edited.jpg,bondbuyer.com,English,United States
https://www.marinelink.com/news/orbitmi-acquires-voyage-optimization-529296,,Orbitmi Acquires Voyage Optimization Company,20250826T000000Z,https://images.marinelink.com/images/maritime/w800/sandberg-orbitmi-163079.jpg,marinelink.com,English,United States
https://www.latimes.com/california/story/2025-08-25/lawmakers-urge-1-billion-year-for-high-speed-rail,,Lawmakers urge $1 billion a year investments to save high - speed rail,20250826T004500Z,https://california-times-brightspot.s3.amazonaws.com/3e/04/a4c08dc04d0880c588335f7df7e2/california-high-speed-rail-15482.jpg,latimes.com,English,United States
https://www.cbsnews.com/sacramento/news/state-leaders-announce-changes-california-high-speed-rail-project/,https://www.cbsnews.com/amp/sacramento/news/state-leaders-announce-changes-california-high-speed-rail-project/,California leaders announce changes to state high - speed rail project,20250826T020000Z,https://assets1.cbsnewsstatic.com/hub/i/r/2025/06/04/56fcbbc0-49fd-4459-8c8c-b5422f69ec46/thumbnail/1200x630/d1ae61978b849570a4ed1eb6f2b53fc2/california-high-speed-rail-train-rendering.jpg,cbsnews.com,English,United States
https://www.euractiv.com/section/eet/news/eus-lead-markets-for-low-carbon-products-need-a-dedicated-strategy/,,EU lead markets for low - carbon products need a dedicated strategy,20250826T024500Z,https://www.euractiv.com/wp-content/uploads/sites/2/2025/08/GettyImages-1406898442-800x450.jpg,euractiv.com,English,United Kingdom
https://www.euractiv.com/section/eet/news/oil-firms-claim-success-as-co2-storage-project-comes-into-operation/,,Oil firms claim success as CO2 storage project comes into operation,20250826T034500Z,https://www.euractiv.com/wp-content/uploads/sites/2/2025/08/GettyImages-2225345169-1-800x450.jpg,euractiv.com,English,United Kingdom
http://www.bjreview.com/China/202508/t20250826_800412594.html,,"China issues guideline to advance low - carbon transition , strengthen national carbon trading market -- Beijing Review",20250826T041500Z,https://www.bjreview.com/China/202508/W020250826354640678264.jpg,bjreview.com,English,China
https://www.scoop.co.nz/stories/PA2508/S00172/climate-change-response-emissions-trading-scheme-forestry-conversion-amendment-bill-second-reading.htm,https://m.scoop.co.nz/stories/PA2508/S00172/climate-change-response-emissions-trading-scheme-forestry-conversion-amendment-bill-second-reading.htm,Climate Change Response ( Emissions Trading Scheme Forestry Conversion ) Amendment Bill Second Reading,20250826T063000Z,http://img.scoop.co.nz/stories/images/1908/scoop_image.jpg,scoop.co.nz,English,New Zealand
http://www.bjreview.com.cn/China/202508/t20250826_800412594.html,,"China issues guideline to advance low - carbon transition , strengthen national carbon trading market -- Beijing Review",20250826T070000Z,https://www.bjreview.com/China/202508/W020250826354640678264.jpg,bjreview.com.cn,English,China
https://english.news.cn/20250826/ad31e1c9aeef4b1e8e302f283d1e7150/c.html,,"Xinhua News | China issues guideline to advance low - carbon transition , strengthen national carbon trading market - Xinhua",20250826T081500Z,,english.news.cn,English,
https://www.liberianobserver.com/news/carbon-colonialism/article_96ad019b-8267-40a5-8be5-b7fe3646f842.html,,  Carbon Colonialism ? | News | liberianobserver . com,20250826T090000Z,https://bloximages.chicago2.vip.townnews.com/liberianobserver.com/content/tncms/assets/v3/editorial/7/d4/7d479a85-6349-4e04-8396-aadc6a2f5565/68ad54c420353.image.jpg?crop=624%2C328%2C0%2C148,liberianobserver.com,English,Liberia
https://mg.co.za/thought-leader/2025-08-26-data-insight-action-green-manufacturing-is-driving-competitiveness/,,"Data , insight , action : Green manufacturing is driving competitiveness – The Mail & Guardian",20250826T090000Z,https://mg.co.za/wp-content/uploads/2014/01/50a904a3-2014-01-02-arm-cement-awaits-directors-approval-for-sa-plant-image.jpg,mg.co.za,English,South Africa
https://portal.sina.com.hk/finance/finance-mediaoutreachnewswire/media-outreach/2025/08/26/1278771/kpmg-china-launches-its-our-impact-plan-esg-report-marking-five-years-of-in-depth-implementation/,,"KPMG China launches its  Our Impact Plan  ESG report , marking five years of in - depth implementation",20250826T090000Z,,portal.sina.com.hk,English,Hong Kong
https://www.manilatimes.net/2025/08/26/tmt-newswire/media-outreach-newswire/kpmg-china-launches-its-our-impact-plan-esg-report-marking-five-years-of-in-depth-implementation/2173665,https://www.manilatimes.net/2025/08/26/tmt-newswire/media-outreach-newswire/kpmg-china-launches-its-our-impact-plan-esg-report-marking-five-years-of-in-depth-implementation/2173665/amp,"KPMG China launches its  Our Impact Plan  ESG report , marking five years of in - depth implementation",20250826T090000Z,https://www.manilatimes.net/manilatimes/uploads/images/2025/08/26/726010.jpg,manilatimes.net,English,Philippines
https://businessdayghana.com/kpmg-china-launches-its-our-impact-plan-esg-report-marking-five-years-of-in-depth-implementation/,,"KPMG China launches its  Our Impact Plan  ESG report , marking five years of in - depth implementation",20250826T093000Z,https://track.media-outreach.com/index.php/WebView/404672/467301,businessdayghana.com,English,Ghana
https://www.thailand-business-news.com/pr-news/kpmg-china-launches-its-our-impact-plan-esg-report-marking-five-years-of-in-depth-implementation,,"KPMG China launches its  Our Impact Plan  ESG report , marking five years of in - depth implementation",20250826T113000Z,https://i0.wp.com/www.thailand-business-news.com/wp-content/uploads/2025/08/KPMG_china.jpeg,thailand-business-news.com,English,Thailand
https://www.digitimes.com/news/a20250825PD218/2025-semiconductors-kaohsiung-taiwan-industrial.html,,Southern Taiwan emerges as global semiconductor and AI hub with 300 international startups,20250826T123000Z,https://img.digitimes.com/newsshow/20250825pd218_files/2_b.jpg,digitimes.com,English,China
https://www.mercurynews.com/2025/08/26/walters-renewal-of-state-cap-and-trade-program-to-cut-emissions-is-fraught-with-issues/,https://www.mercurynews.com/2025/08/26/walters-renewal-of-state-cap-and-trade-program-to-cut-emissions-is-fraught-with-issues/amp/,Walters : Renewal of state cap and trade program to cut emissions is fraught with issues,20250826T130000Z,https://www.mercurynews.com/wp-content/uploads/2025/02/EBT-L-REFINERYFIRE-0202-13.jpg,mercurynews.com,English,United States
https://www.mv-voice.com/calmatters/2025/08/26/ice-agents-create-fear-at-california-hospitals/,,ICE agents create fear at California hospitals,20250826T140000Z,https://i0.wp.com/www.mv-voice.com/wp-content/uploads/2025/08/01-Redistricting-Battle-Presser-MG-CM-27.jpg?fit=780%2C519&ssl=1,mv-voice.com,English,United States
https://lompocrecord.com/opinion/commentary/for-california-high-speed-rail-to-succeed-part-of-the-central-valley-will-have-to/article_0ac8e0e7-7015-5b18-a425-28f17f086044.html,,"For California high - speed rail to succeed , part of the Central Valley will have to wait | Guest Commentary",20250826T141500Z,https://bloximages.chicago2.vip.townnews.com/lompocrecord.com/content/tncms/assets/v3/editorial/0/ac/0ac8e0e7-7015-5b18-a425-28f17f086044/68acd9a394664.preview.jpg?crop=1200%2C630%2C0%2C85,lompocrecord.com,English,United States
https://www.pleasantonweekly.com/calmatters/2025/08/26/ice-agents-create-fear-at-california-hospitals/,,ICE agents create fear at California hospitals,20250826T144500Z,https://i0.wp.com/www.pleasantonweekly.com/wp-content/uploads/2025/08/01-Redistricting-Battle-Presser-MG-CM-27.jpg?fit=780%2C519&ssl=1,pleasantonweekly.com,English,United States
https://www.liberianobserver.com/news/experts-warn-liberia-s-draft-carbon-policy-risks-undermining-climate-commitments/article_d852d457-4c4f-4e16-90b7-3fc6058c04ac.html,,Experts Warn Liberia Draft Carbon Policy Risks Undermining Climate Commitments | News,20250826T151500Z,https://bloximages.chicago2.vip.townnews.com/liberianobserver.com/content/tncms/assets/v3/editorial/5/71/57179d30-8646-4516-8974-f91bd38d9579/68ada1c5af965.image.jpg?crop=1280%2C672%2C0%2C176,liberianobserver.com,English,Liberia
https://www.carbonbrief.org/daily-brief/record-wildfire-emissions-us-disaster-cuts-warning-major-windfarm-shelved/,,Record wildfire emissions | US disaster cuts warning | Major windfarm shelved,20250826T151500Z,,carbonbrief.org,English,United Kingdom
https://www.newsweek.com/california-high-speed-rail-2119422,,California Seeks $1 Billion Annual Investment For High - Speed Rail,20250826T154500Z,https://d.newsweek.com/en/full/2709674/california-high-speed-rail-authority.jpg,newsweek.com,English,United States
https://invezz.com/news/2025/08/26/new-era-for-chinas-carbon-trading-absolute-caps-and-broader-scope/,,New era for China carbon trading : absolute caps and broader scope,20250826T161500Z,https://invezz.com/wp-content/uploads/2025/08/Carbon-emissions-from-industries-1024x640.png,invezz.com,English,United Kingdom
https://www.mondaq.com:443/unitedstates/corporate-governance/1669912/california-air-resources-board-addresses-the-who-what-how-and-when-of-californias-corporate-climate-disclosure-laws-at-august-21-workshop,,"California Air Resources Board Addresses The Who , What , How And When Of California Corporate Climate Disclosure Laws At August 21 Workshop",20250826T164500Z,http://www.mondaq.com/images/profile/companythumb/1269.webp?v=20241101121805,mondaq.com,English,United States
https://www.paloaltoonline.com/calmatters/2025/08/26/ice-agents-create-fear-at-california-hospitals/,,ICE agents create fear at California hospitals,20250826T164500Z,https://i0.wp.com/www.paloaltoonline.com/wp-content/uploads/2025/08/01-Redistricting-Battle-Presser-MG-CM-27.jpg?fit=780%2C519&ssl=1,paloaltoonline.com,English,United States
https://www.jdsupra.com/legalnews/carb-workshop-provides-additional-3056913/,,CARB Workshop Provides Additional California Climate Law Disclosure Guidance | Cooley LLP,20250826T194500Z,https://jdsupra-static.s3.amazonaws.com/profile-images/og.15452_3935.jpg,jdsupra.com,English,United States
https://www.hellenicshippingnews.com/daphne-technology-publishes-new-white-paper-on-the-value-of-direct-emissions-monitoring-in-shipping/,,Daphne Technology Publishes New White Paper On The Value Of Direct Emissions Monitoring In Shipping,20250826T230000Z,,hellenicshippingnews.com,English,China
https://www.piquenewsmagazine.com/environment/bc-says-its-starting-to-close-gaps-in-forest-carbon-accounting-after-critical-audit-11128174,,B . C . closes one gap in forest carbon accounting after audit,20250827T001500Z,https://www.vmcdn.ca/f/files/glaciermedia/images/climate-enviro-solutions/forestry/rsz_thumbnail_klanawa-valley-old-growth-logging-split-view.jpg;w=960;h=640;mode=crop,piquenewsmagazine.com,English,Canada
https://www.coastreporter.net/environment/bc-says-its-starting-to-close-gaps-in-forest-carbon-accounting-after-critical-audit-11128174,,B . C . closes one gap in forest carbon accounting after audit,20250827T003000Z,https://www.vmcdn.ca/f/files/glaciermedia/images/climate-enviro-solutions/forestry/rsz_thumbnail_klanawa-valley-old-growth-logging-split-view.jpg;w=960;h=640;mode=crop,coastreporter.net,English,Canada
https://www.yahoo.com/news/articles/trump-administration-pulls-additional-175-223446476.html,,Trump administration pulls additional $175 million from California High - Speed Rail,20250827T010000Z,https://media.zenfs.com/en/ktla_articles_362/aecded2e5b185f0f7152a690713e9356,yahoo.com,English,United States
https://www.bowenislandundercurrent.com/environment/bc-says-its-starting-to-close-gaps-in-forest-carbon-accounting-after-critical-audit-11128174,,B . C . closes one gap in forest carbon accounting after audit - Bowen Island Undercurrent,20250827T023000Z,https://www.vmcdn.ca/f/files/glaciermedia/images/climate-enviro-solutions/forestry/rsz_thumbnail_klanawa-valley-old-growth-logging-split-view.jpg;w=960;h=640;mode=crop,bowenislandundercurrent.com,English,Canada
https://www.eco-business.com/news/philippines-carbon-trading-rules-to-be-released-in-september-energy-official/,,Philippine carbon trading rules to be released in September : energy official | News | Eco - Business,20250827T024500Z,https://eco-business.imgix.net/ebmedia/fileuploads/Lessons_Thumbnails_20250826_161452_0000.png?fit=crop&ixlib=django-1.2.0&q=85,eco-business.com,English,China
http://europe.chinadaily.com.cn/a/202508/27/WS68ae59a8a3108622abc9d555.html,,"Unified , credible national carbon trading system prioritized",20250827T024500Z,http://img2.chinadaily.com.cn/images/202508/27/68ae59a8a3108622d6405b70.jpeg,europe.chinadaily.com.cn,English,China
https://www.ecofinagency.com/news/2708-48175-global-carbon-pricing-surges-over-100-billion-but-africa-lags-behind,,"Global Carbon Pricing Surges over $100 Billion , but Africa Lags Behind",20250827T040000Z,https://www.ecofinagency.com/media/k2/items/cache/cd0908d988075b2b912293b24d46bb36_XL.jpg,ecofinagency.com,English,Nigeria
https://www.prpeak.com/environment/bc-says-its-starting-to-close-gaps-in-forest-carbon-accounting-after-critical-audit-11128174,,B . C . closes one gap in forest carbon accounting after audit,20250827T041500Z,https://www.vmcdn.ca/f/files/glaciermedia/images/climate-enviro-solutions/forestry/rsz_thumbnail_klanawa-valley-old-growth-logging-split-view.jpg;w=960;h=640;mode=crop,prpeak.com,English,Canada
https://allafrica.com/stories/202508270043.html,,Liberia : Experts Warn Liberia Draft Carbon Policy Risks Undermining Climate Commitments,20250827T061500Z,,allafrica.com,English,Nigeria
https://www.eco-business.com/news/phased-increase-of-carbon-price-to-nearly-us50-needed-to-decarbonise-malaysias-steel-sector-think-tank/,,Phased increase of carbon price to nearly US$50 needed to decarbonise Malaysia steel sector : think tank,20250827T063000Z,https://eco-business.imgix.net/ebmedia/fileuploads/pexels-rezwan-1145434.jpg?fit=crop&ixlib=django-1.2.0&q=85,eco-business.com,English,China
https://www.walesonline.co.uk/news/local-news/council-faces-almost-300000-fine-32314285,https://www.walesonline.co.uk/news/local-news/council-faces-almost-300000-fine-32314285.amp,"Council faces almost £300 , 000 fine if key target missed",20250827T111500Z,https://i2-prod.walesonline.co.uk/article30573820.ece/ALTERNATES/s1200/1_CAR_BAGS1_ECHO_080413P01.jpg,walesonline.co.uk,English,United Kingdom
https://www.warsawvoice.pl/WVpage/pages/article.php/63184/news,,The Warsaw Voice,20250827T124500Z,,warsawvoice.pl,English,Poland
https://en.antaranews.com/news/376005/indonesia-seeks-carbon-trading-potential-at-cop30-in-brazil,,Indonesia seeks carbon trading potential at COP30 in Brazil,20250827T133000Z,https://cdn.antaranews.com/cache/1200x800/2025/08/27/WhatsApp-Image-2025-08-27-at-14.55.01.jpeg,en.antaranews.com,English,Indonesia
https://www.mv-voice.com/calmatters/2025/08/27/how-california-lawmakers-can-trim-up-to-20-off-consumer-electric-bills/,,How California lawmakers can trim up to 20 % off consumer electric bills,20250827T133000Z,,mv-voice.com,English,United States
https://www.pleasantonweekly.com/calmatters/2025/08/27/how-california-lawmakers-can-trim-up-to-20-off-consumer-electric-bills/,,How California lawmakers can trim up to 20 % off consumer electric bills,20250827T134500Z,,pleasantonweekly.com,English,United States
https://www.pleasantonweekly.com/calmatters/2025/08/27/residents-sue-san-diego-over-tent-encampment-conditions/,,Residents sue San Diego over tent encampment conditions,20250827T134500Z,https://i0.wp.com/www.pleasantonweekly.com/wp-content/uploads/2025/08/081224_Safe-Sleeping-Site_AH_CM_14.jpg?fit=780%2C519&ssl=1,pleasantonweekly.com,English,United States
https://cyprus-mail.com/2025/08/27/govt-studying-prospect-of-e25m-interconnector-payment,,Govt  studying  prospect of €25m interconnector payment,20250827T150000Z,https://cyprus-mail.com/wp-content/uploads/2025/03/admie.jpg,cyprus-mail.com,English,Cyprus
https://www.falmouthpacket.co.uk/news/national/25419757.accusations-treason-eu-food-drink-deal-nonsense-minister-says/,,"Accusations of treason over EU food and drink deal are  nonsense , minister says",20250827T161500Z,https://www.falmouthpacket.co.uk/resources/images/17064285.jpg?type=og-image,falmouthpacket.co.uk,English,United Kingdom
https://www.bucksfreepress.co.uk/news/national/25419757.accusations-treason-eu-food-drink-deal-nonsense-minister-says/,,"Accusations of treason over EU food and drink deal are  nonsense , minister says",20250827T163000Z,https://www.bucksfreepress.co.uk/resources/images/17064285.jpg?type=og-image,bucksfreepress.co.uk,English,United Kingdom
https://www.irvinetimes.com/news/national/25419757.accusations-treason-eu-food-drink-deal-nonsense-minister-says/,,"Accusations of treason over EU food and drink deal are  nonsense , minister says",20250827T163000Z,https://www.irvinetimes.com/resources/images/17064285.jpg?type=og-image,irvinetimes.com,English,United Kingdom
https://www.countypress.co.uk/news/national/25419757.accusations-treason-eu-food-drink-deal-nonsense-minister-says/,,"Accusations of treason over EU food and drink deal are  nonsense , minister says",20250827T163000Z,https://www.countypress.co.uk/resources/images/17064285.jpg?type=og-image,countypress.co.uk,English,
https://www.ealingtimes.co.uk/news/national/25419757.accusations-treason-eu-food-drink-deal-nonsense-minister-says/,,"Accusations of treason over EU food and drink deal are  nonsense , minister says",20250827T163000Z,https://www.ealingtimes.co.uk/resources/images/17064285.jpg?type=og-image,ealingtimes.co.uk,English,United Kingdom
https://www.ludlowadvertiser.co.uk/news/national/25419757.accusations-treason-eu-food-drink-deal-nonsense-minister-says/,,"Accusations of treason over EU food and drink deal are  nonsense , minister says",20250827T163000Z,https://www.ludlowadvertiser.co.uk/resources/images/17064285.jpg?type=og-image,ludlowadvertiser.co.uk,English,United Kingdom
https://www.clydebankpost.co.uk/news/national/25419757.accusations-treason-eu-food-drink-deal-nonsense-minister-says/,,"Accusations of treason over EU food and drink deal are  nonsense , minister says",20250827T163000Z,https://www.clydebankpost.co.uk/resources/images/17064285.jpg?type=og-image,clydebankpost.co.uk,English,United Kingdom
https://www.sthelensstar.co.uk/news/national/25419757.accusations-treason-eu-food-drink-deal-nonsense-minister-says/,,"Accusations of treason over EU food and drink deal are  nonsense , minister says",20250827T163000Z,https://www.sthelensstar.co.uk/resources/images/17064285.jpg?type=og-image,sthelensstar.co.uk,English,United Kingdom
https://www.fool.com/data-news/2025/08/27/rex-american-resources-plans-stock-split/?source=iedfolrf0000001,,REX American Resources Plans Stock Split,20250827T163000Z,https://cdn.content.foolcdn.com/images/1umn9qeh/production/79b766e4527704fb4e4eec7aac870a082e9907fc-1024x1024.png,fool.com,English,United States
https://www.stourbridgenews.co.uk/news/national/25419757.accusations-treason-eu-food-drink-deal-nonsense-minister-says/,,"Accusations of treason over EU food and drink deal are  nonsense , minister says",20250827T163000Z,https://www.stourbridgenews.co.uk/resources/images/17064285.jpg?type=og-image,stourbridgenews.co.uk,English,United Kingdom
https://www.somersetcountygazette.co.uk/news/national/25419757.accusations-treason-eu-food-drink-deal-nonsense-minister-says/,,"Accusations of treason over EU food and drink deal are  nonsense , minister says",20250827T163000Z,https://www.somersetcountygazette.co.uk/resources/images/17064285.jpg?type=og-image,somersetcountygazette.co.uk,English,United Kingdom
https://www.dorsetecho.co.uk/news/national/25419757.accusations-treason-eu-food-drink-deal-nonsense-minister-says/,,"Accusations of treason over EU food and drink deal are  nonsense , minister says",20250827T163000Z,https://www.dorsetecho.co.uk/resources/images/17064285.jpg?type=og-image,dorsetecho.co.uk,English,United Kingdom
https://www.whtimes.co.uk/news/national/25419757.accusations-treason-eu-food-drink-deal-nonsense-minister-says/,,"Accusations of treason over EU food and drink deal are  nonsense , minister says",20250827T163000Z,https://www.whtimes.co.uk/resources/images/17064285.jpg?type=og-image,whtimes.co.uk,English,United Kingdom
https://www.denbighshirefreepress.co.uk/news/national/25419757.accusations-treason-eu-food-drink-deal-nonsense-minister-says/,,"Accusations of treason over EU food and drink deal are  nonsense , minister says",20250827T164500Z,https://www.denbighshirefreepress.co.uk/resources/images/17064285.jpg?type=og-image,denbighshirefreepress.co.uk,English,United Kingdom
https://www.penarthtimes.co.uk/news/national/25419757.accusations-treason-eu-food-drink-deal-nonsense-minister-says/,,"Accusations of treason over EU food and drink deal are  nonsense , minister says",20250827T170000Z,https://www.penarthtimes.co.uk/resources/images/17064285.jpg?type=og-image,penarthtimes.co.uk,English,United Kingdom
https://www.bromsgroveadvertiser.co.uk/news/national/25419757.accusations-treason-eu-food-drink-deal-nonsense-minister-says/,,"Accusations of treason over EU food and drink deal are  nonsense , minister says",20250827T170000Z,https://www.bromsgroveadvertiser.co.uk/resources/images/17064285.jpg?type=og-image,bromsgroveadvertiser.co.uk,English,United Kingdom
https://www.gazetteandherald.co.uk/news/national/25419757.accusations-treason-eu-food-drink-deal-nonsense-minister-says/,,"Accusations of treason over EU food and drink deal are  nonsense , minister says",20250827T170000Z,https://www.gazetteandherald.co.uk/resources/images/17064285.jpg?type=og-image,gazetteandherald.co.uk,English,United Kingdom
https://www.enfieldindependent.co.uk/news/national/25419757.accusations-treason-eu-food-drink-deal-nonsense-minister-says/,,"Accusations of treason over EU food and drink deal are  nonsense , minister says",20250827T170000Z,https://www.enfieldindependent.co.uk/resources/images/17064285.jpg?type=og-image,enfieldindependent.co.uk,English,United Kingdom
https://www.impartialreporter.com/news/national/25419757.accusations-treason-eu-food-drink-deal-nonsense-minister-says/,,"Accusations of treason over EU food and drink deal are  nonsense , minister says",20250827T171500Z,https://www.impartialreporter.com/resources/images/17064285.jpg?type=og-image,impartialreporter.com,English,United Kingdom
https://www.thisiswiltshire.co.uk/news/national/25419757.accusations-treason-eu-food-drink-deal-nonsense-minister-says/,,"Accusations of treason over EU food and drink deal are  nonsense , minister says",20250827T171500Z,https://www.thisiswiltshire.co.uk/resources/images/17064285.jpg?type=og-image,thisiswiltshire.co.uk,English,United Kingdom
https://www.darlingtonandstocktontimes.co.uk/news/national/25419757.accusations-treason-eu-food-drink-deal-nonsense-minister-says/,,"Accusations of treason over EU food and drink deal are  nonsense , minister says",20250827T171500Z,https://www.darlingtonandstocktontimes.co.uk/resources/images/17064285.jpg?type=og-image,darlingtonandstocktontimes.co.uk,English,United Kingdom
https://www.thetelegraphandargus.co.uk/news/national/25419757.accusations-treason-eu-food-drink-deal-nonsense-minister-says/,,"Accusations of treason over EU food and drink deal are  nonsense , minister says",20250827T173000Z,https://www.thetelegraphandargus.co.uk/resources/images/17064285.jpg?type=og-image,thetelegraphandargus.co.uk,English,United Kingdom
https://www.eveningnews24.co.uk/news/national/25419757.accusations-treason-eu-food-drink-deal-nonsense-minister-says/,,"Accusations of treason over EU food and drink deal are  nonsense , minister says",20250827T173000Z,https://www.eveningnews24.co.uk/resources/images/17064285.jpg?type=og-image,eveningnews24.co.uk,English,United Kingdom
https://www.halsteadgazette.co.uk/news/national/25419757.accusations-treason-eu-food-drink-deal-nonsense-minister-says/,,"Accusations of treason over EU food and drink deal are  nonsense , minister says",20250827T173000Z,https://www.halsteadgazette.co.uk/resources/images/17064285.jpg?type=og-image,halsteadgazette.co.uk,English,United Kingdom
https://www.burnhamandhighbridgeweeklynews.co.uk/news/national/25419757.accusations-treason-eu-food-drink-deal-nonsense-minister-says/,,"Accusations of treason over EU food and drink deal are  nonsense , minister says | Burnham and Highbridge Weekly News",20250827T173000Z,https://www.burnhamandhighbridgeweeklynews.co.uk/resources/images/17064285.jpg?type=og-image,burnhamandhighbridgeweeklynews.co.uk,English,United Kingdom
https://www.dudleynews.co.uk/news/national/25419757.accusations-treason-eu-food-drink-deal-nonsense-minister-says/,,"Accusations of treason over EU food and drink deal are  nonsense , minister says",20250827T173000Z,https://www.dudleynews.co.uk/resources/images/17064285.jpg?type=og-image,dudleynews.co.uk,English,United Kingdom
https://www.thurrockgazette.co.uk/news/national/25419757.accusations-treason-eu-food-drink-deal-nonsense-minister-says/,,"Accusations of treason over EU food and drink deal are  nonsense , minister says",20250827T173000Z,https://www.thurrockgazette.co.uk/resources/images/17064285.jpg?type=og-image,thurrockgazette.co.uk,English,United Kingdom
https://www.surreycomet.co.uk/news/national/25419757.accusations-treason-eu-food-drink-deal-nonsense-minister-says/,,"Accusations of treason over EU food and drink deal are  nonsense , minister says",20250827T173000Z,https://www.surreycomet.co.uk/resources/images/17064285.jpg?type=og-image,surreycomet.co.uk,English,United Kingdom
https://www.southwalesargus.co.uk/news/national/25419757.accusations-treason-eu-food-drink-deal-nonsense-minister-says/,,"Accusations of treason over EU food and drink deal are  nonsense , minister says",20250827T173000Z,https://www.southwalesargus.co.uk/resources/images/17064285.jpg?type=og-image,southwalesargus.co.uk,English,United Kingdom
https://www.clactonandfrintongazette.co.uk/news/national/25419757.accusations-treason-eu-food-drink-deal-nonsense-minister-says/,,"Accusations of treason over EU food and drink deal are  nonsense , minister says",20250827T173000Z,https://www.clactonandfrintongazette.co.uk/resources/images/17064285.jpg?type=og-image,clactonandfrintongazette.co.uk,English,United Kingdom
https://www.messengernewspapers.co.uk/news/national/25419757.accusations-treason-eu-food-drink-deal-nonsense-minister-says/,,"Accusations of treason over EU food and drink deal are  nonsense , minister says",20250827T174500Z,https://www.messengernewspapers.co.uk/resources/images/17064285.jpg?type=og-image,messengernewspapers.co.uk,English,United Kingdom
https://www.thesuburban.com/opinion/letters_to_editor/quebec-must-lower-gas-prices-by-ending-the-carbon-tax/article_f6d89afc-dea9-40ab-8213-6aeaef98b0bd.html,,Quebec must lower gas prices by ending the carbon tax,20250827T180000Z,https://bloximages.newyork1.vip.townnews.com/thesuburban.com/content/tncms/custom/image/28fc2f04-36f8-11e5-9f8d-eba45e421aab.jpg,thesuburban.com,English,Canada
https://www.jdsupra.com/legalnews/important-updates-from-the-second-9139912/,,Important Updates from the Second Public Workshop on California Climate Disclosure Rules | Maynard Nexsen,20250827T190000Z,https://jdsupra-static.s3.amazonaws.com/profile-images/og.9605_3852.jpg,jdsupra.com,English,United States
https://timesofindia.indiatimes.com/india/india-sets-up-national-designated-authority-to-implement-provisions-of-carbon-trading-under-paris-agreement/articleshow/123549828.cms,https://timesofindia.indiatimes.com/india/india-sets-up-national-designated-authority-to-implement-provisions-of-carbon-trading-under-paris-agreement/amp_articleshow/123549828.cms,India sets up National Designated Authority to implement provisions of carbon trading under Paris Agreement | India News,20250827T190000Z,"https://static.toiimg.com/thumb/msid-123550009,width-1070,height-580,imgsize-668342,resizemode-75,overlay-toi_sw,pt-32,y_pad-40/photo.jpg",timesofindia.indiatimes.com,English,India
https://kfiam640.iheart.com/content/2025-08-27-trump-administration-cuts-175m-more-from-california-high-speed-rail/,,Trump Administration Cuts $175M More From California High Speed Rail,20250827T191500Z,"https://i.iheart.com/v3/re/assets.getty/68af2b7d94a392be2e10ef26?ops=gravity(%22north%22),fit(1200,675),quality(65)",kfiam640.iheart.com,English,United States
https://www.newsnationnow.com/politics/california-high-speed-rail-funding/,https://www.newsnationnow.com/politics/california-high-speed-rail-funding/amp/,Trump administration pulls additional $175M from California high - speed rail,20250827T194500Z,https://www.newsnationnow.com/wp-content/uploads/sites/108/2025/08/CAHSR_Train_View_02_Dusk_v2.png,newsnationnow.com,English,
http://www.australiannews.net/news/278531118/no-room-for-the-timid-setting-australias-2035-emissions-target-is-a-daring-tightrope-act,,No room for the timid : setting Australia 2035 emissions target is a daring tightrope act,20250827T224500Z,https://image.chitra.live/api/v1/wps/e382f0b/1f039071-b582-46f6-a1f6-c00eae226c15/0/ZWUwZWE1ZjUtMzU-600x315.jpg,australiannews.net,English,Australia
https://www.warsawvoice.pl/WVpage/pages/subjectDate.php/2025-08-28,,The Warsaw Voice,20250828T023000Z,,warsawvoice.pl,English,Poland
https://thebftonline.com/2025/08/28/africa-needs-calibrated-energy-transition-to-protect-livelihoods-john-jinapor/,,Africa needs  calibrated  energy transition to protect livelihoods – John Jinapor,20250828T060000Z,https://thebftonline.com/wp-content/uploads/2025/08/j-1.png,thebftonline.com,English,Ghana
https://www.globenewswire.com/news-release/2025/08/28/3140506/0/en/Half-year-report.html,,Half - year report,20250828T064500Z,,globenewswire.com,English,United States
https://www.manilatimes.net/2025/08/28/tmt-newswire/globenewswire/half-year-report/2175066,https://www.manilatimes.net/2025/08/28/tmt-newswire/globenewswire/half-year-report/2175066/amp,Half - year report | The Manila Times,20250828T064500Z,https://www.manilatimes.net/theme_manilatimes/images/TMT_1920x1008.jpg,manilatimes.net,English,Philippines
https://www.americanthinker.com/articles/2025/08/a_conservative_case_against_term_limits.html,,A Conservative Case against Term Limits,20250828T104500Z,https://images.americanthinker.com/imported/2024-03/252690_800.jpeg,americanthinker.com,English,United States
https://www.nzherald.co.nz/business/were-headed-for-electricity-shock-four-urgent-policy-fixes-to-insulate-us-fraser-whineray/F3VQ72QCYNCZRGBLTYK6QURABI/,,Were headed for electricity shock : Four urgent policy fixes to insulate us – Fraser Whineray,20250828T223000Z,https://www.nzherald.co.nz/resizer/v2/4MDS3R5O3BDJBLYBVTV6QG5RZQ.jpg?auth=680ae28987b301aeda7e89b2076aafd27c908553bd8b3fe38571a4598322da43&quality=70&smart=true,nzherald.co.nz,English,New Zealand
https://www.hellenicshippingnews.com/a-new-chapter-for-global-fuel-supply-x-blue-energy-partners/,,A new chapter for Global Fuel Supply x Blue Energy Partners | Hellenic Shipping News Worldwide,20250828T231500Z,,hellenicshippingnews.com,English,China
https://capitalpress.com/2025/08/28/west-coast-fuel-prices-going-up-as-rest-of-country-enjoys-reprieve/,,West Coast fuel prices going up as rest of country enjoys reprieve,20250829T004500Z,https://capitalpress.com/wp-content/uploads/sites/11/2025/08/Fuel-prices-photo-1.jpg,capitalpress.com,English,United States
https://eastoregonian.com/2025/08/28/west-coast-fuel-prices-going-up-as-rest-of-country-enjoys-reprieve/,,West Coast fuel prices going up as rest of country enjoys reprieve,20250829T010000Z,https://eastoregonian.com/wp-content/uploads/sites/7/2025/08/Fuel-prices-photo-1.jpg,eastoregonian.com,English,United States
https://www.eco-business.com/news/singapore-must-tighten-carbon-credit-rules-to-spur-demand-for-high-quality-removals-says-registry-executive/,,"Singapore must tighten carbon credit rules to spur demand for high - quality removals , says registry executive",20250829T021500Z,https://eco-business.imgix.net/ebmedia/fileuploads/CarbonUSA_Day2_EarlyEdits-26_1_IAlh0G4.jpg?fit=crop&ixlib=django-1.2.0&q=85,eco-business.com,English,China
https://www.yahoo.com/news/articles/california-high-speed-rail-announces-233946966.html,,California High - Speed Rail announces accelerated timeline for milestone work,20250829T021500Z,https://media.zenfs.com/en/ktla_articles_362/c73777a82e87a86dbb675b90aed68c0f,yahoo.com,English,United States
https://www.finanznachrichten.de/nachrichten-2025-08/66301461-eqs-newswire-china-leon-inspection-holding-limited-deeply-committed-to-long-termism-china-leon-inspection-builds-long-term-competitive-barriers-thr-023.htm,,EQS Newswire : China Leon Inspection Holding Limited : Deeply Committed to Long - Termism : China Leon Inspection Builds Long - Term Competitive Barriers through Dual Drivers of Globalization and AI Innovation,20250829T031500Z,https://eqs-cockpit.com/cgi-bin/fncls.ssp?fn=show_t_gif&application_id=2190392&application_name=news&site_id=finanznachrichten_de~~~9720c437-ed68-45dd-9c8b-6fe1cab594aa,finanznachrichten.de,English,Germany
https://oregoncatalyst.com/90350-sen-thatcher-stop-rushed-push-taxes.html,,Sen . Thatcher : Stop the rushed push for more taxes,20250829T064500Z,https://oregoncatalyst.com/wp-content/uploads/2025/05/Sen.-Thatcher_2025.jpg,oregoncatalyst.com,English,United States
https://ecommercenews.co.nz/story/building-secure-prosperity-in-a-digitally-connected-world,,Building secure prosperity in a digitally connected world,20250829T073000Z,https://ecommercenews.co.nz/uploads/story/2025/08/29/compatible_secure-digital-network-australia-critical-infrastructure-energy-transport.jpg,ecommercenews.co.nz,English,
https://www.globenewswire.com/news-release/2025/08/29/3141511/28124/en/Green-Data-Center-Market-Global-Forecast-2025-2030-Emphasizing-Colocation-and-Hyperscale-Models-Aligning-with-ESG-Frameworks-and-Adapting-to-Regional-Energy-Policies.html,,Green Data Center Market Global Forecast 2025 - 2030,20250829T134500Z,https://ml.globenewswire.com/Resource/Download/8fe22bc9-f654-4a65-b871-d6f59874c67a,globenewswire.com,English,United States
https://money.rediff.com/news/market/india-japan-joint-crediting-for-ghg-emission-cuts/32851420250829,https://money.rediff.com/amp/news/market/india-japan-joint-crediting-for-ghg-emission-cuts/32851420250829,"India , Japan : Joint Crediting for GHG Emission Cuts",20250829T144500Z,https://im.rediff.com/money/2015/dec/13paris1.jpg?fr=money,money.rediff.com,English,India
https://en.antaranews.com/news/376605/indonesia-eyes-biochar-tech-to-improve-crop-yields-and-soil-health,,Indonesia eyes biochar tech to improve crop yields and soil health,20250829T183000Z,https://cdn.antaranews.com/cache/1200x800/2025/02/17/20250217_100127.jpg,en.antaranews.com,English,Indonesia
https://www.marinij.com/2025/08/29/california-voice-reauthorize-cap-and-trade-reaffirm-states-global-climate-leadership/,https://www.marinij.com/2025/08/29/california-voice-reauthorize-cap-and-trade-reaffirm-states-global-climate-leadership/amp/,California Voice : Reauthorize cap and trade ; reaffirm state global climate leadership – Marin Independent Journal,20250829T201500Z,https://www.marinij.com/wp-content/uploads/migration/2016/201608/LOCAL1_160819997_AR_0_JNKGSSBNKKJV.jpg,marinij.com,English,United States
https://www.hellenicshippingnews.com/furetank-launches-company-for-trading-emission-reductions-in-shipping/,,Furetank launches company for trading emission reductions in shipping | Hellenic Shipping News Worldwide,20250829T213000Z,,hellenicshippingnews.com,English,China
https://www.americanthinker.com/blog/2025/08/how_can_democrats_be_so_wrong_on_everything.html,,How can Democrats be so wrong on everything ? ,20250830T200000Z,https://images.americanthinker.com/5k/5kvm7tamv1f1rgm2sbax_800.JPG,americanthinker.com,English,United States
https://kashmirreader.com/2025/08/31/national-designated-authority-to-oversee-carbon-trading-what-it-means-for-india/,,National Designated Authority to oversee carbon trading : What it means for India,20250830T200000Z,,kashmirreader.com,English,India
