url,url_mobile,title,seendate,socialimage,domain,language,sourcecountry
https://www.politico.eu/sponsored-content/qa-levelling-the-playing-field-for-europes-cement-producers/,,Q & A : Leveling the playing field for Europe cement producers – POLITICO,20251201T060000Z,"https://www.politico.eu/cdn-cgi/image/width=1200,height=630,fit=crop,quality=80,onerror=redirect/wp-content/uploads/2015/11/10/250602_TTT_R9295e-scaled.jpg",politico.eu,English,United States
https://www.carbonbrief.org/debriefed-28-november-2025-cop30s-frustrating-end-asia-floods-uk-emergency-climate-event/,,DeBriefed 28 November 2025 : COP30  frustrating  end ; Asia floods ; united kingdom  emergency  climate event,20251201T090000Z,,carbonbrief.org,English,United Kingdom
https://maritime-executive.com/corporate/emissionslink-imo-delay-could-spark-fragmentation-of-carbon-regulations,,EmissionsLink : IMO Delay Could Spark Fragmentation of Carbon Regulations,20251201T111500Z,https://maritime-executive.com/media/images/article/Philippos-Ioulianou-EmissionsLink.2cce14.jpg,maritime-executive.com,English,United States
https://www.firstpost.com/world/starmer-says-brexit-has-significantly-hurt-uk-economy-calls-for-closer-eu-ties-13955686.html,https://www.firstpost.com/world/starmer-says-brexit-has-significantly-hurt-uk-economy-calls-for-closer-eu-ties-13955686.html/amp,"Starmer says Brexit has  significantly hurt  united kingdom economy , calls for closer EU ties",20251201T150000Z,"https://images.firstpost.com/uploads/2025/09/BRITAIN-POLITICS-LABOUR1200-2025-09-ddec40e9bf034ac5108f4d4d8c794c37.jpg?im=FitAndFill=(1200,675)",firstpost.com,English,India
https://www.jdsupra.com/legalnews/impacts-of-postponed-imo-vote-on-global-2251620/,,Impacts of Postponed IMO Vote on Global Carbon Pricing Rules on Shipping | King & Spalding,20251201T170000Z,https://jdsupra-static.s3.amazonaws.com/profile-images/og.12073_3056.jpg,jdsupra.com,English,United States
https://www.argusmedia.com/en/news-and-insights/latest-market-news/2760358-cbam-uncertainty-delays-turkey-bulgaria-power-auction,,CBAM uncertainty delays Turkey - Bulgaria power auction,20251201T170000Z,https://www.argusmedia.com/-/media/project/argusmedia/mainsite/images/14-generic-hero-banners/herobanner_1600x530_generic-c.jpg?&iar=0&rev=2cf023b4e0484c1bb091b9f72dbf7771&hash=72DBDFEBEF6EE62E751AB5DD2221C77E,argusmedia.com,English,United States
https://www.rnz.co.nz/news/political/580609/a-bit-tired-a-bit-ratty-heated-exchange-between-willis-and-labour-mps-at-parliament,https://amp.rnz.co.nz/article/4c104f60-32d2-463b-aaa7-68bf2ad004dc,"  A bit tired , a bit ratty : Heated exchange between Willis and Labour MPs at Parliament",20251201T233000Z,https://media.rnztools.nz/rnz/image/upload/s--pVldiJ95--/t_tohu-badge-facebook/v1764123737/4JXC10T_251126_Willis_OCR_2_jpg?_a=BACCd2AD,rnz.co.nz,English,
https://www.hellenicshippingnews.com/imo-delay-could-spark-fragmentation-risks-warns-emissionlink/,,"IMO delay could spark fragmentation risks , warns EmissionLink | Hellenic Shipping News Worldwide",20251202T001500Z,,hellenicshippingnews.com,English,China
https://www.hellenicshippingnews.com/how-fueleu-maritime-is-changing-commercial-negotiations/,,How FuelEU Maritime is changing commercial negotiations | Hellenic Shipping News Worldwide,20251202T001500Z,,hellenicshippingnews.com,English,China
https://livenews.co.nz/2025/12/02/a-bit-tired-a-bit-ratty-heated-exchange-between-willis-and-labour-mps-at-parliament/,,"  A bit tired , a bit ratty : Heated exchange between Willis and Labour MPs at Parliament",20251202T003000Z,,livenews.co.nz,English,New Zealand
https://www.foundry-planet.com/d/international-aluminium-institute-appoints-jonathan-grant-as-new-secretary-general,,International Aluminium Institute Appoints Jonathan Grant as New Secretary General,20251202T004500Z,https://www.foundry-planet.com/fileadmin/user_upload/241125-IAI_Slider.png,foundry-planet.com,English,United States
https://www.moneycontrol.com/mc-buzz/terrablu-s-saas-revolution-powering-climate-ready-business-in-india-article-13706547.html,https://www.moneycontrol.com/mc-buzz/terrablu-s-saas-revolution-powering-climate-ready-business-in-india-article-13706547.html/amp,Terrablu SaaS Revolution : Powering Climate - Ready Business In India,20251202T084500Z,https://images.moneycontrol.com/static-mcnews/2025/12/20251202081807_Terrablu.jpg,moneycontrol.com,English,India
https://www.mantecabulletin.com/opinion/local-columns/steyer-gets-rich-off-coal-oil-becomes-a-climate-warrior-now-running-for-governor/,,"Steyer gets rich off coal & oil , becomes a climate warrior , now running for governor",20251202T113000Z,https://centralca.cdn-anvilcms.net/media/images/2025/12/02/images/teaser.max-640x480.jpg,mantecabulletin.com,English,United States
https://www.hellenicshippingnews.com/axegaz-tt-and-cargill-expand-their-reach-with-bio-lng-loading-in-klaipeda-and-accelerate-their-baltic-growth/,,AXEGAZ T & T AND CARGILL Expand their Reach with Bio - LNG Loading in Klaipeda and Accelerate Their Baltic Growth,20251202T114500Z,,hellenicshippingnews.com,English,China
https://www.ruthfullyyours.com/page/9390/,,RUTHFULLY YOURS,20251202T154500Z,,ruthfullyyours.com,English,United States
https://www.euractiv.com/news/czech-parliament-speaker-courts-slovakia-to-build-anti-eu-front/,,Czech parliament speaker courts Slovakia to build anti - EU front,20251202T170000Z,https://www.euractiv.com/content/uploads/sites/2/2025/07/GettyImages-1235766342-1.jpg,euractiv.com,English,United Kingdom
https://www.rnz.co.nz/news/business/580730/emissions-trading-scheme-year-s-final-auction-fails-to-sell-a-single-carbon-unit,https://amp.rnz.co.nz/article/3e94006a-7bba-46a7-9347-924594d5b054,Emissions Trading Scheme : Year final auction fails to sell a single carbon unit,20251203T004500Z,https://media.rnztools.nz/rnz/image/upload/s--gvTqyj7A--/t_tohu-badge-facebook/v1733616702/4KFHU6G_mudit_agarwal_jXiHSlVoJI4_unsplash_jpg?_a=BACCd2AD,rnz.co.nz,English,
https://www.witf.org/2025/12/02/gov-shapiro-to-lead-multi-state-chesapeake-bay-group-amid-waterways-health-dip/,,"Shapiro to lead Chesapeake Bay group , amid waterway health dip",20251203T011500Z,https://www.witf.io/wp-content/uploads/2025/12/Image-2025-12-02T151141.560-1619x1080.jpg,witf.org,English,United States
https://lancasteronline.com/news/politics/gov-shapiro-to-lead-multi-state-chesapeake-bay-group-amid-waterway-s-health-dip/article_0a6eb8c9-ad83-4cc4-b476-d595a7511e67.html,,"Gov . Shapiro to lead multi - state Chesapeake Bay group , amid waterway health dip | Politics",20251203T013000Z,https://bloximages.newyork1.vip.townnews.com/lancasteronline.com/content/tncms/assets/v3/editorial/b/7c/b7c65a43-aad9-4125-a862-2fe6f51bb3a8/692f5f6c36fd3.image.jpg?crop=1763%2C926%2C0%2C125,lancasteronline.com,English,United States
https://www.foundry-planet.com/d/cbam-under-criticism,,CBAM under criticism,20251203T024500Z,https://www.foundry-planet.com/fileadmin/user_upload/021225-CBAM_Slider.png,foundry-planet.com,English,United States
https://www.hellenicshippingnews.com/navigating-change-at-the-top-electric-insights-from-abb-marine-ports/,,Navigating change at the top – Electric insights from ABB Marine & Ports | Hellenic Shipping News Worldwide,20251203T024500Z,,hellenicshippingnews.com,English,China
https://www.manilatimes.net/2025/12/03/tmt-newswire/globenewswire/global-times-practitioners-insights-large-scale-chinese-built-wind-power-projects-in-safrica-turn-stable-abundant-electricity-supply-for-locals-from-luxury-into-reality/2235862,https://www.manilatimes.net/2025/12/03/tmt-newswire/globenewswire/global-times-practitioners-insights-large-scale-chinese-built-wind-power-projects-in-safrica-turn-stable-abundant-electricity-supply-for-locals-from-luxury-into-reality/2235862/amp,"Global Times : Practitioner Insights : Large - scale Chinese - built wind power projects in S . Africa turn stable , abundant electricity supply for locals from luxury into reality",20251203T050000Z,https://www.manilatimes.net/theme_manilatimes/images/TMT_1920x1008.jpg,manilatimes.net,English,Philippines
https://www.digitimes.com/news/a20251203VL206/germany-taiwan-merck-partnership-taipei.html,,"At Taipei concert , Germany celebrates Merck 357 - year legacy and chip investments in Taiwan",20251203T073000Z,https://img.digitimes.com/newsshow/20251203vl206_files/2_2b.jpg,digitimes.com,English,China
http://www.singaporestar.com/news/278734689/global-times-practitioner-insights-large-scale-chinese-built-wind-power-projects-in-safrica-turn-stable-abundant-electricity-supply-for-locals-from-luxury-into-reality,,"Global Times : Practitioner Insights : Large - scale Chinese - built wind power projects in S . Africa turn stable , abundant electricity supply for locals from luxury into reality",20251203T073000Z,,singaporestar.com,English,Singapore
https://www.rijksoverheid.nl/documenten/toespraken/2025/12/03/speech-by-robert-tieman-minister-of-infrastructure-and-water-management-rh2ine-annual-conference,,"Speech by Robert Tieman , Minister of Infrastructure and Water Management Rh2ine annual conference",20251203T113000Z,,rijksoverheid.nl,English,Netherlands
https://www.fastmarkets.com/insights/cbam-regulation-report-navigating-the-eus-new-carbon-border-rules-for-metals/,,CBAM regulation report : navigating the EU new carbon border rules for metals,20251203T123000Z,https://www.fastmarkets.com/uploads/d8/eb/4782d14c4b178ae9f6c632470f20/cargo-frieght-shipping-1024x666.jpg,fastmarkets.com,English,China
https://www.dailyrepublic.com/opinion/calmatters-commentary-newsom-could-have-made-electricity-more-affordable-and-climate-friendly/article_cb28c176-816f-432d-8d97-62b7dc4729c6.html,,CalMatters Commentary : Newsom could have made electricity more affordable and climate - friendly,20251203T131500Z,https://bloximages.chicago2.vip.townnews.com/dailyrepublic.com/content/tncms/assets/v3/editorial/9/c6/9c68cacb-bec0-4ddb-a566-3de3b6d4d690/692e1e374f9bb.image.jpg?crop=303%2C303%2C141%2C238,dailyrepublic.com,English,United States
https://www.times-standard.com/2025/12/03/gavin-newsom-could-have-made-electricity-more-affordable-and-climate-friendly-heres-how/,,Opinion | Gavin Newsom could have made electricity more affordable and climate - friendly . Here how – Times - Standard,20251203T143000Z,https://www.times-standard.com/wp-content/uploads/2018/07/ETS_Filler-1.png,times-standard.com,English,United States
https://www.euronews.com/my-europe/2025/12/03/parliament-backs-carbon-monitoring-of-heavy-industry-imports-into-eu,,Parliament backs  carbon monitoring  of heavy industry imports into EU,20251203T164500Z,https://images.euronews.com/articles/stories/09/56/63/33/1200x675_cmsv2_3625b03e-29a3-5a91-b734-c3f1d1ca349c-9566333.jpg,euronews.com,English,United States
https://www.tribune242.com/news/2025/dec/03/bacswn-unveils-emissions-platform-with-16-pending-patents/,,BACSWN unveils emissions platform with 16 pending patents,20251203T181500Z,,tribune242.com,English,Bahamas
https://www.ocregister.com/2025/12/03/whats-really-fueling-californians-pain-at-the-pump/,https://www.ocregister.com/2025/12/03/whats-really-fueling-californians-pain-at-the-pump/amp/,What really fueling Californian pain at the pump – Orange County Register,20251203T194500Z,https://www.ocregister.com/wp-content/uploads/2025/12/LDN-L-GAS-PRICES-0403-DK-02.jpg,ocregister.com,English,United States
https://www.dailynews.com/2025/12/03/whats-really-fueling-californians-pain-at-the-pump/,https://www.dailynews.com/2025/12/03/whats-really-fueling-californians-pain-at-the-pump/amp/,What really fueling Californian pain at the pump – Daily News,20251203T194500Z,https://www.dailynews.com/wp-content/uploads/2025/12/LDN-L-GAS-PRICES-0403-DK-02.jpg,dailynews.com,English,United States
https://www.dailybreeze.com/2025/12/03/whats-really-fueling-californians-pain-at-the-pump/,https://www.dailybreeze.com/2025/12/03/whats-really-fueling-californians-pain-at-the-pump/amp/,What really fueling Californian pain at the pump – Daily Breeze,20251203T214500Z,https://www.dailybreeze.com/wp-content/uploads/2025/12/LDN-L-GAS-PRICES-0403-DK-02.jpg,dailybreeze.com,English,United States
https://www.agri-pulse.com/articles/23861-north-dakota-ruling-may-deliver-a-blow-to-carbon-capture-projects,https://www.agri-pulse.com/articles/23861-north-dakota-ruling-may-deliver-a-blow-to-carbon-capture-projects/amp,"North Dakota Ruling in Carbon Case Could Impact CCS Projects | Agri - Pulse Communications , Inc . ",20251203T220000Z,https://www.agri-pulse.com/ext/resources/Associated%20Press%20photos/June%202023/AP_June_23_carbon_capture.jpg?&t=1685667272,agri-pulse.com,English,United States
https://www.presstelegram.com/2025/12/03/whats-really-fueling-californians-pain-at-the-pump/,https://www.presstelegram.com/2025/12/03/whats-really-fueling-californians-pain-at-the-pump/amp/,What really fueling Californian pain at the pump – Press Telegram,20251203T224500Z,https://www.presstelegram.com/wp-content/uploads/2025/12/LDN-L-GAS-PRICES-0403-DK-02.jpg,presstelegram.com,English,United States
https://www.pasadenastarnews.com/2025/12/03/whats-really-fueling-californians-pain-at-the-pump/,https://www.pasadenastarnews.com/2025/12/03/whats-really-fueling-californians-pain-at-the-pump/amp/,What really fueling Californian pain at the pump – Pasadena Star News,20251203T230000Z,https://www.pasadenastarnews.com/wp-content/uploads/2025/12/LDN-L-GAS-PRICES-0403-DK-02.jpg,pasadenastarnews.com,English,United States
https://www.whittierdailynews.com/2025/12/03/whats-really-fueling-californians-pain-at-the-pump/,https://www.whittierdailynews.com/2025/12/03/whats-really-fueling-californians-pain-at-the-pump/amp/,What really fueling Californian pain at the pump – Whittier Daily News,20251204T000000Z,https://www.whittierdailynews.com/wp-content/uploads/2025/12/LDN-L-GAS-PRICES-0403-DK-02.jpg,whittierdailynews.com,English,United States
https://www.marketplace.org/story/2025/12/03/how-does-the-east-coasts-capandtrade-system-work,,How does the East Coast cap - and - trade system work ? ,20251204T001500Z,https://img.apmcdn.org/6264b228f9c318f7e6996a5274d7e3f684a347f4/widescreen/d62a64-20251203-smog-spews-out-of-a-coal-stack-2000.jpg,marketplace.org,English,United States
https://www.hellenicshippingnews.com/classnk-shaping-class-for-the-future/,,ClassNK : Shaping Class for the future | Hellenic Shipping News Worldwide,20251204T010000Z,,hellenicshippingnews.com,English,China
https://skepticalscience.com/new_research_2025_49.html,,Skeptical Science New Research for Week # 49 2025,20251204T081500Z,https://skepticalscience.com/public/assets/images/og/button_sks2_200.jpg,skepticalscience.com,English,United States
https://www.independent.com.mt/articles/2025-12-04/local-news/MMF-believes-maritime-sector-must-expand-beyond-any-single-area-of-activity-6736285344,,MMF believes maritime sector must expand beyond any single area of activity,20251204T084500Z,https://www.independent.com.mt/file.aspx?f=256736,independent.com.mt,English,Malta
https://www.travelmole.com/news/france-proposes-new-passenger-tax-for-cruise-ships/,,France proposes new passenger tax for cruise ships,20251204T100000Z,https://www.travelmole.com/wp-content/uploads/2025/10/NICE-beaches-1068x717.jpg,travelmole.com,English,United Kingdom
https://www.dailysabah.com/politics/turkiye-scales-up-global-clout-with-year-of-summits/news,https://www.dailysabah.com/politics/turkiye-scales-up-global-clout-with-year-of-summits/news/amp,Türkiye scales up global clout with year of summits,20251204T133000Z,https://idsb.tmgrup.com.tr/ly/uploads/images/2025/12/04/thumbs/1200x675/414951.jpg,dailysabah.com,English,Turkey
https://mondovisione.com/media-and-resources/news/ice-appointed-by-uk-government-to-host-uks-emissions-trading-scheme-auctions-th-2025124/,,ICE Appointed By united kingdom Government To Host united kingdom Emissions Trading Scheme Auctions Through 2028,20251204T141500Z,,mondovisione.com,English,United States
https://en.antaranews.com/news/395131/a-closer-look-at-indonesias-green-diplomatic-gains-at-cop30,,A closer look at Indonesia green diplomatic gains at COP30,20251204T144500Z,https://cdn.antaranews.com/cache/1200x800/2025/11/30/WhatsApp-Image-2025-11-30-at-19.55.38.jpg,en.antaranews.com,English,Indonesia
https://www.pv-magazine.com/2025/12/04/european-commission-opens-third-hydrogen-auction/,,European Commission opens third hydrogen auction,20251204T153000Z,https://www.pv-magazine.com/wp-content/uploads/2024/11/Hydrogen_5-1200x883.jpg,pv-magazine.com,English,United States
https://www.rnz.co.nz/news/national/580928/ikea-s-hawke-s-bay-pine-tree-expansion-flames-fears-residents-will-be-left-to-pay,https://amp.rnz.co.nz/article/411abfb5-fecb-4727-86e1-5b3a3768f40f,IKEA Hawke Bay pine tree expansion flames fears residents will be left to pay,20251204T173000Z,https://media.rnztools.nz/rnz/image/upload/s--x1xERhVC--/t_tohu-badge-facebook/v1764853202/4JYF3AM_20251105_121738_jpg?_a=BACCd2AD,rnz.co.nz,English,
https://www.nzherald.co.nz/the-country/news/ikeas-hawkes-bay-pine-tree-expansion-sparks-fears-residents-will-be-left-to-pay/ZIOB2R2FJ5CCXP6MONMZQYZXUY/,,Ikea Hawke Bay pine tree expansion sparks fears residents will be left to pay,20251204T221500Z,https://www.nzherald.co.nz/resizer/v2/IV6M277W7NBYFDUQJG35SJO774.jpg?auth=b923c6390905e23a2b54a1ff9a23f1ce6b3209391893d96ee48b8698b7eb2050&quality=70&focal=562%2C226&smart=false,nzherald.co.nz,English,New Zealand
https://www.rnz.co.nz/news/environment/580992/nz-s-rejection-of-emission-targets-fuels-risk-of-international-law-breach,https://amp.rnz.co.nz/article/8751a118-ccf1-449a-af55-93bb25bc0673,NZ rejection of emission targets fuels risk of international law breach,20251205T024500Z,https://media.rnztools.nz/rnz/image/upload/s--KlGXybGw--/t_tohu-badge-facebook/v1753290519/4K3S5R6_AFP__20250723__67KZ7WY__v2__HighRes__NetherlandsUnIcjClimate_jpg?_a=BACCd2AD,rnz.co.nz,English,
https://www.interest.co.nz/economy/136473/were-different-economies-government-says-its-not-prepared-pay-offshore-mitigation,,  Were different economie : Australian politicians say both countries committed to net zero,20251205T051500Z,https://www.interest.co.nz/sites/default/files/2025-12/dialogue.jpg,interest.co.nz,English,New Zealand
https://allafrica.com/stories/202512050086.html,,Tanzania Banks On Carbon Trading Markets to Solve Climate Change Woes,20251205T060000Z,,allafrica.com,English,Nigeria
https://www.pressdemocrat.com/2025/12/05/letters-food-stamps-climate-change-trump/,,"Letters to the Editor , Friday Dec . 5",20251205T103000Z,https://www.pressdemocrat.com/wp-content/uploads/2025/09/LettersArt4.jpg,pressdemocrat.com,English,United States
https://vir.com.vn/vietnams-forest-carbon-credits-draw-global-interest-142241.html,,Vietnam forest carbon credits draw global interest,20251205T110000Z,https://vir.com.vn/stores/news_dataimages/2025/122025/05/11/in_social/international-businesses-and-organisations-pay-attention-to-carbon-credits-from-vietnam-20251205114816.jpg?randTime=1764931351,vir.com.vn,English,Vietnam
https://vietnamnews.vn/society/1731246/viet-nam-reviews-global-climate-policies-to-strengthen-cop26-implementation.html,,Việt Nam reviews global climate policies to strengthen COP26 implementation,20251205T114500Z,https://image.vietnamnews.vn/uploadvnnews/Article/2025/12/5/469485_5341816108100872_vna_potal_viet_nam_%E2%80%93_han_quoc_doi_tac_chien_luoc_toan_dien_ngay_cang_phat_trien_thuc_chat_8196054.jpg,vietnamnews.vn,English,Vietnam
https://www.skymetweather.com/content/climate-change/from-belm-to-bharat-how-cop30-reframed-climate-action-and-indias-adaptation-priorities,,From Belém to Bharat : How COP30 Reframed Climate Action and India Adaptation Priorities,20251205T141500Z,https://skymetglobalweather.com/strapi_skymet/uploads/1200630_2025_12_05_T163559_751_webp_dec_05_0c6c7dfa40.webp,skymetweather.com,English,India
https://english.radio.cz/lower-house-speaker-new-government-could-seek-confidence-vote-january-13-8870981,,Lower house speaker : New government could seek confidence vote on January 13,20251205T150000Z,https://english.radio.cz/sites/default/files/images/4f5197446b1f6808606b2a0aab5e5a67.png,english.radio.cz,English,
https://www.bssnews.net/news-flash/339425,,"Japan – Bangladesh cooperation boosts carbon market readiness , Article 6 implementation : Rizwana",20251207T084500Z,https://www.bssnews.net/assets/news_photos/2025/12/07/image-339425-1765093328.jpg,bssnews.net,English,Bangladesh
https://www.tbsnews.net/bangladesh/japan-bangladesh-cooperation-boosts-carbon-market-readiness-article-6-implementation,https://www.tbsnews.net/bangladesh/japan-bangladesh-cooperation-boosts-carbon-market-readiness-article-6-implementation?amp,"Japan - Bangladesh cooperation boosts carbon market readiness , Article 6 implementation : Rizwana",20251207T094500Z,,tbsnews.net,English,
https://www.whittierdailynews.com/2025/12/07/cpuc-traps-utilities-in-high-cost-bird-frying-ivanpah-contract/,https://www.whittierdailynews.com/2025/12/07/cpuc-traps-utilities-in-high-cost-bird-frying-ivanpah-contract/amp/,"CPUC traps utilities in high - cost , bird - frying Ivanpah contract",20251207T161500Z,https://www.whittierdailynews.com/wp-content/uploads/2025/02/ap_17095712525913.jpg,whittierdailynews.com,English,United States
https://www.dailybulletin.com/2025/12/07/cpuc-traps-utilities-in-high-cost-bird-frying-ivanpah-contract/,https://www.dailybulletin.com/2025/12/07/cpuc-traps-utilities-in-high-cost-bird-frying-ivanpah-contract/amp/,"CPUC traps utilities in high - cost , bird - frying Ivanpah contract",20251207T170000Z,https://www.dailybulletin.com/wp-content/uploads/2025/02/ap_17095712525913.jpg,dailybulletin.com,English,United States
https://www.sbsun.com/2025/12/07/cpuc-traps-utilities-in-high-cost-bird-frying-ivanpah-contract/,https://www.sbsun.com/2025/12/07/cpuc-traps-utilities-in-high-cost-bird-frying-ivanpah-contract/amp/,"CPUC traps utilities in high - cost , bird - frying Ivanpah contract",20251207T173000Z,https://www.sbsun.com/wp-content/uploads/2025/02/ap_17095712525913.jpg,sbsun.com,English,United States
https://www.dailynews.com/2025/12/07/cpuc-traps-utilities-in-high-cost-bird-frying-ivanpah-contract/,https://www.dailynews.com/2025/12/07/cpuc-traps-utilities-in-high-cost-bird-frying-ivanpah-contract/amp/,"CPUC traps utilities in high - cost , bird - frying Ivanpah contract",20251207T173000Z,https://www.dailynews.com/wp-content/uploads/2025/02/ap_17095712525913.jpg,dailynews.com,English,United States
https://www.redlandsdailyfacts.com/2025/12/07/cpuc-traps-utilities-in-high-cost-bird-frying-ivanpah-contract/,https://www.redlandsdailyfacts.com/2025/12/07/cpuc-traps-utilities-in-high-cost-bird-frying-ivanpah-contract/amp/,"CPUC traps utilities in high - cost , bird - frying Ivanpah contract",20251207T180000Z,https://www.redlandsdailyfacts.com/wp-content/uploads/2025/02/ap_17095712525913.jpg,redlandsdailyfacts.com,English,United States
https://www.presstelegram.com/2025/12/07/cpuc-traps-utilities-in-high-cost-bird-frying-ivanpah-contract/,https://www.presstelegram.com/2025/12/07/cpuc-traps-utilities-in-high-cost-bird-frying-ivanpah-contract/amp/,"CPUC traps utilities in high - cost , bird - frying Ivanpah contract",20251207T190000Z,https://www.presstelegram.com/wp-content/uploads/2025/02/ap_17095712525913.jpg,presstelegram.com,English,United States
https://www.pasadenastarnews.com/2025/12/07/cpuc-traps-utilities-in-high-cost-bird-frying-ivanpah-contract/,https://www.pasadenastarnews.com/2025/12/07/cpuc-traps-utilities-in-high-cost-bird-frying-ivanpah-contract/amp/,"CPUC traps utilities in high - cost , bird - frying Ivanpah contract",20251207T194500Z,https://www.pasadenastarnews.com/wp-content/uploads/2025/02/ap_17095712525913.jpg,pasadenastarnews.com,English,United States
https://www.hellenicshippingnews.com/navigating-investment-in-shippings-net-zero-sum-game/,,Navigating investment in shipping net - zero sum game | Hellenic Shipping News Worldwide,20251207T234500Z,,hellenicshippingnews.com,English,China
https://www.bangkokpost.com/opinion/opinion/3152005/let-us-link-our-carbon-markets,,Bangkok Post - Let us link our carbon markets,20251208T003000Z,https://static.bangkokpost.com/media/content/dcx/2025/12/08/5879970_700.jpg,bangkokpost.com,English,Thailand
https://shipandbunker.com/news/emea/447606-interview-blue-energy-partners-sees-growing-role-for-bunker-firms-in-ghg-compliance,,INTERVIEW : Blue Energy Partners Sees Growing Role for Bunker Firms in GHG Compliance,20251208T024500Z,https://shipandbunker.cdn.speedyrails.net/a/img/_mt_78b80c7c50864c9f516ee7b292bcaad1.jpg,shipandbunker.com,English,Singapore
https://www.thehindubusinessline.com/specials/clean-tech/india-must-capture-carbon-to-unleash-climate-action/article70362318.ece,https://www.thehindubusinessline.com/specials/clean-tech/india-must-capture-carbon-to-unleash-climate-action/article70362318.ece/amp/,India must capture carbon to unleash climate action - The HinduBusinessLine,20251208T033000Z,https://bl-i.thgim.com/public/news/t6xkqo/article70369145.ece/alternates/LANDSCAPE_1200/BL0812_Clean_Second.jpg,thehindubusinessline.com,English,India
https://www.theguardian.com/commentisfree/2025/dec/08/brexit-failed-uk-eu,,Britain is stuck with a failed Brexit that neither citizens or leaders want . Here are three ways to fix that | Stella Creasy,20251208T083000Z,"https://i.guim.co.uk/img/media/d60296b80249572da0c4155a4f32168c9ec8b150/540_0_3344_2676/master/3344.jpg?&quality=85&auto=format&fit=crop&precrop=40:21,offset-x50,offset-y0&overlay-align=bottom%2Cleft&overlay-width=100p&overlay-base64=L2ltZy9zdGF0aWMvb3ZlcmxheXMvdGctb3BpbmlvbnMucG5n&enable=upscale&s=d276cee7700908a307eb937a50db4d31",theguardian.com,English,United Kingdom
https://www.miragenews.com/interview-with-bloomberg-ecb-1585118/,,Interview With Bloomberg : ECB,20251208T083000Z,,miragenews.com,English,United States
https://enrsi.stvr.sk/articles/news/424341/president-met-italian-pm-in-rome-and-unveiled-mosaic-in-vatican,,President Met Italian PM in Rome and Unveiled Mosaic in Vatican - News - Rádio RSI English,20251208T141500Z,https://www.stvr.sk/media/a501/image/file/12/1313/pellegrini-meloni-tasr-ap-13136672.jpg,enrsi.stvr.sk,English,
https://news.webindia123.com/news/Articles/Business/20251208/4392368.html,,"Farmer - centric growth , technological innovation to triple Agricultural GDP : Union Minister Shivraj Chouhan",20251208T181500Z,,news.webindia123.com,English,India
http://www.shanghainews.net/news/278744509/farmer-centric-growth-technological-innovation-to-triple-agricultural-gdp-union-minister-shivraj-chouhan,,"Farmer - centric growth , technological innovation to triple Agricultural GDP : Union Minister Shivraj Chouhan",20251208T193000Z,https://image.chitra.live/api/v1/wps/6efbb6a/aaafa8d0-5ac5-4ca6-9338-895c83494b7e/0/ANI-20251208171749-600x315.jpg,shanghainews.net,English,China
https://www.peoplesworld.org/article/pennsylvania-bailed-on-a-carbon-market-to-appease-republicans/,,Pennsylvania bailed on a carbon market to appease Republicans,20251208T193000Z,https://www.peoplesworld.org/wp-content/uploads/2025/12/Gov-Josh-Shapiro.png,peoplesworld.org,English,United States
http://www.hongkongherald.com/news/278744509/farmer-centric-growth-technological-innovation-to-triple-agricultural-gdp-union-minister-shivraj-chouhan,,"Farmer - centric growth , technological innovation to triple Agricultural GDP : Union Minister Shivraj Chouhan",20251208T211500Z,https://image.chitra.live/api/v1/wps/6efbb6a/aaafa8d0-5ac5-4ca6-9338-895c83494b7e/0/ANI-20251208171749-600x315.jpg,hongkongherald.com,English,China
https://maritime-executive.com/article/french-senate-adopts-environmental-tax-on-cruise-passengers,,French Senate Adopts Environmental Tax on Cruise Passengers,20251208T224500Z,https://maritime-executive.com/media/images/article/Photos/Ports/Le-Havre-France-cruise-ship-and-dferry.jpg,maritime-executive.com,English,United States
http://www.chinanationalnews.com/news/278744509/farmer-centric-growth-technological-innovation-to-triple-agricultural-gdp-union-minister-shivraj-chouhan,,"Farmer - centric growth , technological innovation to triple Agricultural GDP : Union Minister Shivraj Chouhan",20251208T224500Z,https://image.chitra.live/api/v1/wps/6efbb6a/aaafa8d0-5ac5-4ca6-9338-895c83494b7e/0/ANI-20251208171749-600x315.jpg,chinanationalnews.com,English,China
https://www.marinij.com/2025/12/08/opinion-newsom-could-have-made-electricity-more-affordable-climate-friendly-heres-how/,https://www.marinij.com/2025/12/08/opinion-newsom-could-have-made-electricity-more-affordable-climate-friendly-heres-how/amp/,"California Voice : Newsom could have made electricity more affordable , climate - friendly",20251208T233000Z,https://www.marinij.com/wp-content/uploads/2025/12/APTOPIX_Climate_COP30_61670.jpg,marinij.com,English,United States
https://www.miragenews.com/energy-regional-factors-fuel-chinas-carbon-1585843/,,"Energy , Regional Factors Fuel China Carbon Price Swings",20251209T024500Z,https://cdn1.miragenews.com/tmp_cache?cdn=images.unsplash.com%2Fphoto-1512314889357-e157c22f938d%3Fixid%3DMnwxMjA3fDB8MHxwaG90by1wYWdlfHx8fGVufDB8fHx8%26amp%3Bixlib%3Drb-1.2.1%26amp%3Bauto%3Dformat%26amp%3Bfit%3Dcrop%26amp%3Bw%3D1351%26amp%3Bq%3D80,miragenews.com,English,United States
https://www.politico.eu/article/andrej-babis-prime-minister-bbrussels-populist/,,New Czech PM Babiš is poised to aggravate Brussel populist headache – POLITICO,20251209T034500Z,"https://www.politico.eu/cdn-cgi/image/width=1200,height=630,fit=crop,quality=80,onerror=redirect/wp-content/uploads/2025/12/08/13535733-scaled.jpg",politico.eu,English,United States
https://www.chinadaily.com.cn/a/202512/09/WS69378f44a310d6866eb2da80.html,,Baotou bets on digitized carbon ticket,20251209T040000Z,http://img2.chinadaily.com.cn/images/202512/09/69378f44a310d68600f3cc28.jpeg,chinadaily.com.cn,English,China
https://www.jdsupra.com/legalnews/mexico-tightens-environmental-corporate-8706282/,,Mexico Tightens Environmental Corporate Crimes | Hogan Lovells,20251209T051500Z,https://jdsupra-static.s3.amazonaws.com/profile-images/og.15723_2410.jpg,jdsupra.com,English,United States
https://aninews.in/news/business/farmer-centric-growth-technological-innovation-to-triple-agricultural-gdp-union-minister-shivraj-chouhan20251208224801/,/news/business/farmer-centric-growth-technological-innovation-to-triple-agricultural-gdp-union-minister-shivraj-chouhan20251208224801?amp=1,"Farmer - centric growth , technological innovation to triple Agricultural GDP : Union Minister Shivraj Chouhan",20251209T053000Z,https://d3lzcn6mbbadaf.cloudfront.net/media/details/ANI-20251208171749.jpg,aninews.in,English,India
https://en.antaranews.com/news/395671/sumatran-elephants-human-bear-heavy-toll-of-devastating-floods,,"Sumatran elephants , human bear heavy toll of devastating floods",20251209T060000Z,https://cdn.antaranews.com/cache/1200x800/2025/12/08/kerusakan-jalan-akibat-bencana-hidrometeorologi-di-aceh-2686165.jpg,en.antaranews.com,English,Indonesia
https://www.newkerala.com/news/o/farmer-centric-growth-technological-innovation-triple-agricultural-gdp-union-minister-982,,Shivraj Chouhan on Tripling Farm GDP with Technology and Innovation,20251209T080000Z,https://one.newkerala.com/images/t/newkerala-com-news250.webp,newkerala.com,English,India
https://english.radio.cz/live-babis-becomes-czech-pm-controversial-motorists-filip-turek-not-nominated-8871283,,"Live : Babiš becomes Czech PM , controversial Motorist Filip Turek NOT nominated for minister",20251209T094500Z,https://english.radio.cz/sites/default/files/styles/facebook/public/images/17964e62c80e45c874a22e417704fc5e.jpg?itok=WzmM0Kyw,english.radio.cz,English,
https://abc7news.com/post/nhl-trends-are-real-trend-meter-32/18266968/,,Which NHL trends are for real ? The trend - o - meter for all 32,20251209T154500Z,https://a.espncdn.com/photo/2025/1024/r1565324_1296x729_16-9.jpg,abc7news.com,English,United States
https://www.marinelink.com/news/boundblue-lands-m-investors-eyeing-wind-533300,,Bound4blue Lands $44M From Investors Eyeing Wind Power,20251209T163000Z,https://images.marinelink.com/images/maritime/w800/esails-installation-166177.jpeg,marinelink.com,English,United States
https://www.carbonbrief.org/interview-how-mid-level-bureaucrats-are-helping-to-shape-chinese-climate-policy/,,Interview : How  mid - level bureaucrat are helping to shape Chinese climate policy,20251209T211500Z,https://www.carbonbrief.org/wp-content/uploads/2025/12/2X94R1P.jpg,carbonbrief.org,English,United Kingdom
https://www.eurekalert.org:443/news-releases/1109047,,Energy and regional factors drive carbon price volatility in China emissions trading markets,20251209T214500Z,https://www.eurekalert.org/images/EurekAlert-bluebg_Twitter_601X601.png,eurekalert.org,English,United States
https://slguardian.org/international-civil-aviation-day-a-teleological-reflection/,,International Civil Aviation Day : A Teleological Reflection,20251209T220000Z,https://slguardian.org/wp-content/uploads/2022/10/sri-lankan-air.jpg,slguardian.org,English,Sri Lanka
https://www.hellenicshippingnews.com/edison-expands-its-ship-fleet-contract-signed-with-knutsen-for-a-new-lng-carrier/,,Edison Expands Its Ship Fleet : Contract Signed With Knutsen For A New LNG Carrier,20251209T234500Z,,hellenicshippingnews.com,English,China
https://www.hellenicshippingnews.com/bound4blue-lands-us44m-from-investors-eyeing-wind-power-as-maritimes-most-scalable-solution-for-fuel-and-emission-cuts-today/,,bound4blue Lands US$44M From Investors Eyeing Wind Power As Maritime Most Scalable Solution For Fuel And Emission Cuts Today,20251209T234500Z,,hellenicshippingnews.com,English,China
https://www.europarl.europa.eu/news/en/press-room/20251208IPR32091/,,2040 climate target : deal on a 90 % emissions reduction in EU climate law | News,20251210T013000Z,https://www.europarl.europa.eu/news/img/meta-facebook.jpg,europarl.europa.eu,English,France
https://www.euractiv.com/news/eu-seals-2040-climate-target-to-slash-co%E2%82%82-by-90-with-major-carveouts/,,EU seals 2040 climate target to slash CO₂ by 90 % – with major carveouts,20251210T014500Z,https://www.euractiv.com/content/uploads/sites/2/2025/12/GettyImages-2249241442.jpg,euractiv.com,English,United Kingdom
"https://independentaustralia.net/politics/politics-display/changing-the-climate-in-the-liberal-party,20473",,Changing the climate in the Liberal Party,20251210T054500Z,https://independentaustralia.net/_lib/slir/w900-c4x3/i/article/img/article-20473-hero.jpg,independentaustralia.net,English,Australia
https://nairobiwire.com/2025/12/ruto-high-end-hotels-tsavo-west-rhino-sanctuary.html,,Five High - End Hotels Coming to Tsavo as Ruto Pushes for  Top Dollar  Tourism,20251210T063000Z,https://nairobiwire.com/wp-content/uploads/2025/12/tsavo-west.jpg,nairobiwire.com,English,Kenya
https://www.businesstimes.com.sg/international/eu-reaches-tentative-deal-set-90-emissions-cut-goal-2040,,EU reaches tentative deal to set 90 % emissions cut goal for 2040,20251210T073000Z,https://cassette.sphdigital.com.sg/image/businesstimes/580c62f0fd0117e582bef92d1cbec17f57eb0945c5e3072ba3cde45b74f98e66?&f=webp,businesstimes.com.sg,English,Singapore
https://northdenvernews.com/bennets-major-climate-strategy-in-colorado-governor-race-statewide-cap-and-invest-policy-colorado-public-radio/,,Bennet Major Climate Strategy in Colorado Governor Race : Statewide  Cap - and - Invest  Policy – Colorado Public Radio – North Denver News,20251210T120000Z,,northdenvernews.com,English,United States
https://www.independent.com.mt/articles/2025-12-10/local-news/Law-report-Beyond-the-horizon-The-promises-and-challenges-of-autonomous-shipping-6736285520,,Law report - Beyond the horizon : The promises and challenges of autonomous shipping,20251210T130000Z,https://www.independent.com.mt/file.aspx?f=216918,independent.com.mt,English,Malta
https://www.cnbc.com/2025/12/10/europe-agrees-to-slash-emissions-90.html,https://www.cnbc.com/amp/2025/12/10/europe-agrees-to-slash-emissions-90.html,Europe agrees to cut emissions 90 % by 2040,20251210T141500Z,https://image.cnbcfm.com/api/v1/image/105724674-1549530761488gettyimages-1036799784.jpeg?v=1549530782,cnbc.com,English,United States
https://www.namibian.com.na/eu-to-cut-emissions-90-by-2040-offshore-carbon-credits-allowed/,,"EU to cut emissions 90 % by 2040 , offshore carbon credits allowed",20251210T141500Z,https://d4f7y6nbupj5z.cloudfront.net/wp-content/uploads/2025/12/b655235e-dc90-4039-b53d-120d887b1240.jpeg,namibian.com.na,English,Namibia
https://www.terradaily.com/afp/251210092721.5pvcpu80.html,,EU agrees deal to cut emissions 90 percent by 2040,20251210T143000Z,,terradaily.com,English,United States
https://english.radio.cz/incoming-czech-pm-seek-full-withdrawal-ets-2-8871446,,Incoming Czech PM to seek full withdrawal from ETS 2,20251210T150000Z,https://english.radio.cz/sites/default/files/images/4f5197446b1f6808606b2a0aab5e5a67.png,english.radio.cz,English,
https://english.news.cn/20251210/f618e3c7f5da40cfa2ad179af2898cf8/c.html,,EU seals deal on 2040 climate target to cut emissions by 90 pct - Xinhua,20251210T154500Z,,english.news.cn,English,
https://www.eubusiness.com/environment/eu-agrees-legally-binding-2040-climate-target/,https://www.eubusiness.com/environment/eu-agrees-legally-binding-2040-climate-target/?amp=1,"EU agrees on legally - binding 2040 climate target - EUbusiness . com | EU news , business and politics",20251210T230000Z,https://www.eubusiness.com/wp-content/uploads/2025/05/greenhouse-gas-Image-by-Karl-Egger-from-Pixabay.jpg,eubusiness.com,English,Greece
https://punchng.com/adulterated-palm-oil-and-nadals-carbon-shot/,https://punchng.com/adulterated-palm-oil-and-nadals-carbon-shot/?amp,Nigeria Palm Oil Crisis & The Carbon Credit Solution,20251211T001500Z,https://cdn.punchng.com/wp-content/uploads/2020/09/03133815/Greg-Odogwu.jpg,punchng.com,English,Nigeria
https://www.manilatimes.net/2025/12/11/tmt-newswire/pr-newswire/korean-greentech-startup-marinachain-announces-jv-in-singapore-to-build-integrated-carbon-compliance-hub/2241272,https://www.manilatimes.net/2025/12/11/tmt-newswire/pr-newswire/korean-greentech-startup-marinachain-announces-jv-in-singapore-to-build-integrated-carbon-compliance-hub/2241272/amp,Korean GreenTech Startup MarinaChain Announces JV in Singapore to Build Integrated Carbon Compliance Hub,20251211T033000Z,https://www.manilatimes.net/theme_manilatimes/images/TMT_1920x1008.jpg,manilatimes.net,English,Philippines
https://www.nzherald.co.nz/business/new-zealand-energy-crisis-the-businesses-trapped-and-lost-in-transition/3Q5K4IEBDNDB3MI6ENOBXUXL2Q/,,New Zealand energy crisis : The businesses trapped and lost in transition,20251211T034500Z,https://www.nzherald.co.nz/resizer/v2/VAW37UXPDVFSLKT25WEHZXL45Y.webp?auth=5256500896a9a2b1b3d1628acb449b5835c2138311a9d5f14cad45d60ca3be89&quality=70&focal=525%2C220&smart=false,nzherald.co.nz,English,New Zealand
https://thestandard.nz/accelerating-climate-change-under-urgency/,,Accelerating climate change under urgency,20251211T044500Z,https://thestandard.nz/wp-content/uploads/2025/01/Christopher-Luxon-devastation.jpg,thestandard.nz,English,
https://www.euractiv.com/news/rapporteur-babis-bolsters-patriots/,,Babiš bolsters Patriots,20251211T094500Z,,euractiv.com,English,United Kingdom
https://www.pennlive.com/news/2025/12/shapiro-visits-susquehanna-township-to-highlight-education-funding-boost.html,https://www.pennlive.com/news/2025/12/shapiro-visits-susquehanna-township-to-highlight-education-funding-boost.html?outputType=amp,Shapiro visits Susquehanna Township to highlight education funding boost,20251211T111500Z,https://www.pennlive.com/resizer/v2/HX4ISJTF65A3RFMRV45FKXUODM.jpg?auth=285eff1cc40770c6c4fda5b2b3f2c2698fcc33e6ba34215e7e12a328380c1100&smart=true&quality=90,pennlive.com,English,United States
https://www.carbonbrief.org/net-zero-scenario-is-cheapest-option-for-uk-says-energy-system-operator/,,"Net - zero scenario is  cheapest option  for united kingdom , says energy system operator",20251211T120000Z,https://www.carbonbrief.org/wp-content/uploads/2025/12/2PGKX9Y.jpg,carbonbrief.org,English,United Kingdom
https://www.jagranjosh.com/current-affairs/eu-climate-change-target-european-union-agrees-to-cut-greenhouse-gas-emissions-by-90-by-2040-from-1990-levels-1850000420-1,,EU Climate Change Target : European Union agrees to cut greenhouse gas emissions by 90 % by 2040 from 1990 levels,20251211T131500Z,https://img.jagranjosh.com/images/2025/12/11/article/image/EU-1765453793640.jpg,jagranjosh.com,English,India
http://africa.chinadaily.com.cn/a/202512/11/WS693ac9d4a310d6866eb2e2cf.html,,"Priorities set for economic work reveal policymaker confidence , pragmatism : China Daily editorial",20251211T140000Z,http://img2.chinadaily.com.cn/images/202512/11/693aca16a310d68600f3f9f3.jpeg,africa.chinadaily.com.cn,English,China
http://europe.chinadaily.com.cn/a/202512/11/WS693ac9d4a310d6866eb2e2cf.html,,"Priorities set for economic work reveal policymaker confidence , pragmatism : China Daily editorial",20251211T140000Z,http://img2.chinadaily.com.cn/images/202512/11/693aca16a310d68600f3f9f3.jpeg,europe.chinadaily.com.cn,English,China
https://www.iwradio.co.uk/news-post/wightlink-warns-government-s-new-emissions-scheme-could-increase-pollution-and-hit-island-services,,Wightlink Warns Government New Emissions Scheme Could Increase Pollution And Hit Island Services,20251211T144500Z,"https://static.wixstatic.com/media/d5b2d7_f1929b08948244a98cfd232193af6507~mv2.png/v1/fill/w_924,h_528,al_c,lg_1,q_90/d5b2d7_f1929b08948244a98cfd232193af6507~mv2.png",iwradio.co.uk,English,United Kingdom
https://www.eenews.net/articles/california-warns-of-1-8b-cap-and-trade-shortfall/,,California warns of $1 . 8B cap - and - trade shortfall,20251211T144500Z,https://static.politico.com/38/14/f22729ff4f3fbb83e6df32166048/vehicle-emissions-california-98067.jpg,eenews.net,English,United States
https://lompocrecord.com/news/calmatters/commentary/dan-walters/cap-and-trade-gets-a-new-name-and-a-new-mission-beyond-cutting-carbon-pollution/article_eea265dc-b1d4-5ba1-aa21-9b5541f3a94b.html,,Cap and trade gets a new name and a new mission beyond cutting carbon pollution | Dan Walters,20251211T161500Z,https://bloximages.chicago2.vip.townnews.com/lompocrecord.com/content/tncms/assets/v3/editorial/e/ea/eea265dc-b1d4-5ba1-aa21-9b5541f3a94b/6939cc5c4c149.preview.jpg?crop=1536%2C806%2C0%2C87,lompocrecord.com,English,United States
https://thebftonline.com/2025/12/11/standard-chartered-closes-us200m-clean-cooking-outcome-bond/,,Standard Chartered closes US$200m Clean Cooking Outcome Bond,20251211T181500Z,https://i0.wp.com/thebftonline.com/wp-content/uploads/2025/12/Standard-Chartered.jpg?fit=1080%2C721&ssl=1,thebftonline.com,English,Ghana
https://www.redpepper.org.uk/environment-climate/climate-change/words-without-action-seven-takeaways-from-the-paris-climate-deal/,,Words without action : Seven takeaways from the Paris climate deal,20251211T224500Z,https://www.redpepper.org.uk/wp-content/uploads/2015/12/COP21.jpg,redpepper.org.uk,English,United Kingdom
https://island.lk/comfort-for-some-death-for-others-the-reality-of-climate-change/,,"Comfort for some , death for others : The reality of climate change",20251212T000000Z,http://island.lk/wp-content/uploads/2025/12/climate.jpg,island.lk,English,Sri Lanka
https://capitalpress.com/2025/12/11/washingtons-cap-and-trade-tax-reaches-new-high/,,Washington cap - and - trade tax reaches new high,20251212T011500Z,https://capitalpress.com/wp-content/uploads/sites/11/2025/12/Carbon-Auction-Photo-2025-12-19-copy.jpeg,capitalpress.com,English,United States
http://en.people.cn/n3/2025/1212/c90000-20401361.html,,China holds Central Economic Work Conference to plan for 2026,20251212T013000Z,,en.people.cn,English,China
https://www.marinelink.com/news/bimco-adopts-fueleu-maritime-ets-clauses-533440,,BIMCO Adopts Fueleu Maritime And ETS Clauses For S & P,20251212T014500Z,https://images.marinelink.com/images/maritime/w800/dragonimages-adobe-166290.jpeg,marinelink.com,English,United States
https://link.springer.com/referencework/10.1007/978-3-031-26604-1,,The Palgrave Handbook of Zero Carbon Energy Systems and Energy Transitions,20251212T023000Z,https://media.springernature.com/w153/springer-static/cover/book/978-3-031-26604-1.jpg,link.springer.com,English,Netherlands
http://en.ce.cn/main/latest/202512/t20251212_2639058.shtml,,China holds Central Economic Work Conference to plan for 2026 -- China Economic Net,20251212T050000Z,,en.ce.cn,English,China
http://english.anhuinews.com/newscenter/headline/202512/t20251212_8969186.html,,China holds Central Economic Work Conference to plan for 2026,20251212T051500Z,,english.anhuinews.com,English,China
https://en.gmw.cn/2025-12/12/content_38473344.htm,,China holds Central Economic Work Conference to plan for 2026 _ Guangming Online,20251212T061500Z,,en.gmw.cn,English,
https://www.manilatimes.net/2025/12/12/tmt-newswire/pr-newswire/gcl-si-joins-cop30-efforts-to-standardize-global-carbon-credits/2242255,https://www.manilatimes.net/2025/12/12/tmt-newswire/pr-newswire/gcl-si-joins-cop30-efforts-to-standardize-global-carbon-credits/2242255/amp,GCL SI Joins COP30 Efforts to Standardize Global Carbon Credits,20251212T080000Z,https://www.manilatimes.net/manilatimes/uploads/images/2025/12/12/864909.jpg,manilatimes.net,English,Philippines
https://www.finanznachrichten.de/nachrichten-2025-12/67215737-gcl-si-joins-cop30-efforts-to-standardize-global-carbon-credits-008.htm,,GCL SI Joins COP30 Efforts to Standardize Global Carbon Credits,20251212T081500Z,,finanznachrichten.de,English,Germany
https://www.liberianobserver.com/news/liberia-france-launch-conservation-project-for-wonegizi-wologizi-landscape/article_05b00708-2364-4c92-89ae-3fae56e1436f.html,,"Liberia , France Launch Conservation Project for Wonegizi – Wologizi Landscape",20251212T081500Z,https://bloximages.chicago2.vip.townnews.com/liberianobserver.com/content/tncms/assets/v3/editorial/e/94/e9459c32-5d71-46e6-85c6-3707dea9fa4f/693bb59e03f24.image.jpg?crop=941%2C494%2C0%2C101,liberianobserver.com,English,Liberia
http://www.asiabulletin.com/news/278750685/gcl-si-joins-cop30-efforts-to-standardize-global-carbon-credits,,GCL SI Joins COP30 Efforts to Standardize Global Carbon Credits,20251212T083000Z,,asiabulletin.com,English,China
http://www.sydneysun.com/news/278750685/gcl-si-joins-cop30-efforts-to-standardize-global-carbon-credits,,GCL SI Joins COP30 Efforts to Standardize Global Carbon Credits,20251212T090000Z,,sydneysun.com,English,Australia
https://www.pressdemocrat.com/2025/12/12/letters-to-the-editor-friday-dec-12/,,"Letters to the Editor , Friday Dec . 12",20251212T103000Z,https://www.pressdemocrat.com/wp-content/uploads/2025/09/LettersArt9b.jpg,pressdemocrat.com,English,United States
http://www.malaysiasun.com/news/278750685/gcl-si-joins-cop30-efforts-to-standardize-global-carbon-credits,,GCL SI Joins COP30 Efforts to Standardize Global Carbon Credits,20251212T103000Z,,malaysiasun.com,English,Malaysia
http://www.singaporestar.com/news/278750685/gcl-si-joins-cop30-efforts-to-standardize-global-carbon-credits,,GCL SI Joins COP30 Efforts to Standardize Global Carbon Credits,20251212T110000Z,,singaporestar.com,English,Singapore
https://portal.sina.com.hk/finance/finance-prnewswire/prnasia/2025/12/12/1407233/gcl-si-joins-cop30-efforts-to-standardize-global-carbon-credits/,,GCL SI Joins COP30 Efforts to Standardize Global Carbon Credits,20251212T113000Z,https://mma.prnasia.com/media2/2844313/20251204101544_485_207.jpg?p=medium600,portal.sina.com.hk,English,Hong Kong
http://www.vietnamtribune.com/news/278750685/gcl-si-joins-cop30-efforts-to-standardize-global-carbon-credits,,GCL SI Joins COP30 Efforts to Standardize Global Carbon Credits,20251212T114500Z,,vietnamtribune.com,English,Vietnam
http://www.philippinetimes.com/news/278750685/gcl-si-joins-cop30-efforts-to-standardize-global-carbon-credits,,GCL SI Joins COP30 Efforts to Standardize Global Carbon Credits,20251212T121500Z,,philippinetimes.com,English,Philippines
https://www.techcentral.ie/data-centres-not-in-my-planet/,,Data centres ? Not in my planet . - TechCentral . ie,20251212T124500Z,https://www.techcentral.ie/wp-content/uploads/2024/12/ISS_Nasa.jpg,techcentral.ie,English,Ireland
https://www.fastmarkets.com/insights/stop-the-clock-constellium-ceo-warns-on-eu-cbam/,,  Stop the clock  Constellium CEO warns on EU CBAM,20251212T130000Z,https://www.fastmarkets.com/uploads/32/06/b6e4721a4561bac19b01af98dc51/automotive-production-robot-1024x433.jpg,fastmarkets.com,English,China
https://www.eastbaytimes.com/2025/12/12/walters-cap-and-trade-is-now-a-backdoor-tax-on-california-consumers-and-a-piggy-bank-for-its-pols/,https://www.eastbaytimes.com/2025/12/12/walters-cap-and-trade-is-now-a-backdoor-tax-on-california-consumers-and-a-piggy-bank-for-its-pols/amp/,Walters : Cap and trade has become a backdoor tax on California consumers,20251212T160000Z,https://www.eastbaytimes.com/wp-content/uploads/2025/07/SJM-L-CEQA-0723-2.jpg,eastbaytimes.com,English,United States
https://www.mercurynews.com/2025/12/12/walters-cap-and-trade-is-now-a-backdoor-tax-on-california-consumers-and-a-piggy-bank-for-its-pols/,https://www.mercurynews.com/2025/12/12/walters-cap-and-trade-is-now-a-backdoor-tax-on-california-consumers-and-a-piggy-bank-for-its-pols/amp/,Walters : Cap and trade has become a backdoor tax on California consumers,20251212T160000Z,https://www.mercurynews.com/wp-content/uploads/2025/07/SJM-L-CEQA-0723-2.jpg,mercurynews.com,English,United States
https://thebulletin.org/premium/2025-12/the-brightest-light-at-the-end-of-the-tunnel/,,The brightest light at the end of the tunnel,20251212T234500Z,https://thebulletin.org/wp-content/uploads/2025/12/L_Solar-farm-Minnesota.jpg.optimal.jpg,thebulletin.org,English,United States
https://vietnamnet.vn/en/vietnam-sets-sights-on-34-strategic-tech-unicorns-by-2030-2472041.html,,Vietnam sets sights on 3 – 4 strategic tech unicorns by 2030,20251213T064500Z,https://static-images.vnncdn.net/vps_images_publish/000001/00000Q/2025/12/12/vietnam-sets-sights-on-34-strategic-tech-unicorns-by-2030-86a0d1526f1e4e4e8b01934ac966c3a4-3297.jpg?&s=fqLbAv2ZWL9h681n3nm7Qw,vietnamnet.vn,English,Vietnam
https://www.travelextra.ie/key-takeaways-from-capa-global-leaders-forum-in-lisbon/,,KEY takeaways from CAPA Global Leaders Forum in Lisbon,20251213T074500Z,https://www.travelextra.ie/wp-content/uploads/2025/12/capa-in-lisbon-2025.jpg.jpg,travelextra.ie,English,Ireland
https://www.sungazette.com/opinion/other-commentaries/2025/12/affordability-first-flips-script-on-energy-policy/,,"  Affordability first  flips script on energy policy | News , Sports , Jobs",20251213T091500Z,https://ogden_images.s3.amazonaws.com/www.sungazette.com/images/2023/09/19103957/fblike1.jpg,sungazette.com,English,United States
https://www.turlockjournal.com/opinion/editorial/steyer-gets-rich-off-coal-oil-becomes-a-climate-warrior-now-running-for-governor/,,"Steyer gets rich off coal & oil , becomes a climate warrior , now running for governor",20251213T134500Z,https://centralca.cdn-anvilcms.net/media/images/2022/02/09/images/wyatt_new_cutout.max-640x480.jpg,turlockjournal.com,English,United States
https://cyprus-mail.com/2025/12/14/from-mines-to-meadows-how-science-is-reviving-europes-forgotten-landscapes,,From mines to meadows : how science is reviving Europe forgotten landscapes,20251214T084500Z,https://cyprus-mail.com/wp-content/uploads/2025/12/mining-mine.jpg,cyprus-mail.com,English,Cyprus
https://www.hellenicshippingnews.com/edison-expands-its-ship-fleet/,,Edison expands its ship fleet | Hellenic Shipping News Worldwide,20251214T224500Z,,hellenicshippingnews.com,English,China
https://www.channelnewsasia.com/asia/thailand-climate-change-laws-flooding-5576136,,"Thailand bets on a landmark climate law , but doubts persist",20251214T224500Z,"https://dam.mediacorp.sg/image/upload/s--BT9Xgrby--/c_crop,h_576,w_1024,x_0,y_45/c_fill,g_auto,h_338,w_600/fl_relative,g_south_east,l_mediacorp:cna:watermark:2023-11:afp_watermark_14112023,w_0.1/f_auto,q_auto/v1/mediacorp/cna/image/2025/11/28/000_868k4ke.jpg?itok=D7trGjFa",channelnewsasia.com,English,United States
https://dailycaller.com/2025/12/15/opinion-the-future-of-energy-policy-begins-in-pennsylvania-andrew-lewis/,,ANDREW LEWIS : The Future Of Energy Policy Begins In Pennsylvania,20251215T064500Z,"https://images.dailycaller.com/image/width=1280,height=549,fit=cover,format=webp,f=auto/https://cdn01.dailycaller.com/wp-content/uploads/2025/07/GettyImages-2224585269-e1753286228441.jpg",dailycaller.com,English,United States
https://www.irishtimes.com/business/economy/2025/12/15/ireland-has-the-second-highest-emissions-per-head-in-eu-and-needs-to-do-a-lot-more-to-reach-net-zero-by-2050/,,Ireland has second highest emissions per head in EU and must do more to reach net zero by 2050,20251215T071500Z,https://www.irishtimes.com/resizer/v2/43JIQBXVDGVNEHMKZ623XSVA7I.jpg?smart=true&auth=52dc32898af29f147e6ded27e9f629e2ac6d3996e08b60025d68ede49df82bda,irishtimes.com,English,Ireland
https://en.antaranews.com/news/396502/indonesia-strengthens-blue-carbon-standards-for-climate-action,,Indonesia strengthens blue carbon standards for climate action,20251215T081500Z,https://cdn.antaranews.com/cache/1200x800/2025/12/15/57F44351-69BE-4960-9086-A3FEFEE3B7D8.jpeg,en.antaranews.com,English,Indonesia
https://stat.fi/en/publication/cm1942l1d9jk606uk6ltkwntx,,Greenhouse gas emissions fell in 2024 due to growth in wind power,20251215T090000Z,,stat.fi,English,Finland
https://mondovisione.com/media-and-resources/news/abu-dhabi-securities-exchange-adx-group-expands-cross-border-investment-access-20251215/,,Abu Dhabi Securities Exchange ( ADX ) Group Expands Cross - Border Investment Access And Opportunities With Arab World First Cross - Listing Of US - Domiciled ETFs,20251215T091500Z,,mondovisione.com,English,United States
https://shipandbunker.com/news/world/811470-bimco-adopts-fueleu-and-ets-clauses-for-ship-sale-deals,,BIMCO Adopts FuelEU and ETS Clauses for Ship Sale Deals,20251215T093000Z,https://shipandbunker.cdn.speedyrails.net/a/img/_mt_39dfba29d186d4f0e6d1a3f09ffde865.jpg,shipandbunker.com,English,Singapore
https://www.theengineer.co.uk/content/news/ricardo-to-lead-transatlantic-green-shipping-study,,Ricardo To Lead Transatlantic Green Shipping Study,20251215T121500Z,https://www.theengineer.co.uk/media/oinihw1u/green.jpg,theengineer.co.uk,English,United Kingdom
https://www.argusmedia.com/en/news-and-insights/latest-market-news/2765754-uk-malaysia-strengthen-energy-transition-partnership,,"UK , Malaysia strengthen energy transition partnership",20251215T141500Z,https://www.argusmedia.com/-/media/project/argusmedia/mainsite/images/14-generic-hero-banners/herobanner_1600x530_generic-c.jpg?&iar=0&rev=2cf023b4e0484c1bb091b9f72dbf7771&hash=72DBDFEBEF6EE62E751AB5DD2221C77E,argusmedia.com,English,United States
https://news.az/news/georgia-proposes-eu-aligned-emissions-rules,,Georgia proposes EU - aligned emissions rules,20251215T200000Z,https://news.az/photos/2025/12/1765821000.webp,news.az,English,Azerbaijan
https://hanfordsentinel.com/business/agriculture/chsra-wins-round-in-court-vs-trump-administration/article_eb1ee73a-7e7c-4ae4-9189-48ba8b03800a.html,https://hanfordsentinel.com/business/agriculture/chsra-wins-round-in-court-vs-trump-administration/article_eb1ee73a-7e7c-4ae4-9189-48ba8b03800a.amp.html,CHSRA wins round in court vs . Trump Administration,20251215T211500Z,https://bloximages.chicago2.vip.townnews.com/hanfordsentinel.com/content/tncms/assets/v3/editorial/9/f3/9f3e1812-3440-4b50-9832-8c4f864d72c8/687aa8faa107e.image.jpg?crop=1873%2C983%2C0%2C61,hanfordsentinel.com,English,United States
https://www.eastbaytimes.com/2025/12/15/letters-personal-history-understanding-students/,https://www.eastbaytimes.com/2025/12/15/letters-personal-history-understanding-students/amp/,Letters : Personal history could lend understanding to students,20251216T030000Z,https://www.eastbaytimes.com/wp-content/uploads/2023/12/sjm-ar-Clouds_165412396-1.jpg,eastbaytimes.com,English,United States
https://www.interest.co.nz/public-policy/136619/delay-economic-recovery-has-led-%E2%80%98small-deterioration-fiscal-forecasts%E2%80%99,,  Small deterioration in the fiscal forecast : Treasury expects widening fiscal deficit,20251216T040000Z,https://www.interest.co.nz/sites/default/files/2025-12/HYEFU%202025.jpg,interest.co.nz,English,New Zealand
https://www.mercurynews.com/2025/12/15/letters-personal-history-understanding-students/,https://www.mercurynews.com/2025/12/15/letters-personal-history-understanding-students/amp/,Letters : Personal history could lend understanding to students,20251216T040000Z,https://www.mercurynews.com/wp-content/uploads/2023/12/sjm-ar-Clouds_165412396.jpg,mercurynews.com,English,United States
https://www.intereconomics.eu/contents/year/2025/number/6/article/resource-productivity-europe-s-overlooked-route-to-economic-security.html,,Resource Productivity : Europe Overlooked Route to Economic Security,20251216T074500Z,https://www.intereconomics.eu/files/images/general/opengraph-image-ie.png,intereconomics.eu,English,
https://vietnamnews.vn/economy/1732030/viet-nam-s-forest-credits-gain-investor-interest.html,,Việt Nam forest credits gain investor interest,20251216T103000Z,https://image.vietnamnews.vn/uploadvnnews/Article/2025/12/16/469292_5340968862000087_177da1048f54000a5945.jpg,vietnamnews.vn,English,Vietnam
https://www.azocleantech.com/news.aspx?newsID=36077,,"Framework to Mitigate Short - Term , High Warming Impact of Methane",20251216T134500Z,https://www.azocleantech.com/images/news/ImageForNews_36077_17658826292397742.jpg,azocleantech.com,English,United States
https://resource.co/article/biogas-upgrading-could-be-worlds-cheapest-carbon-capture-route,,Biogas upgrading could be  world cheapest  carbon capture route,20251216T134500Z,https://resource.co/sites/default/files/styles/large/public/article_teaser_image/AD%20Plant%20Photo_0.jpeg?itok=Cr5HTllL,resource.co,English,United Kingdom
https://www.marketpulse.com/markets/ecb-rates-on-hold-debate-heats-up/,,The ECB is expected to keep interest rates unchanged,20251216T154500Z,https://storage.googleapis.com/web-content.oanda.com/images/EUR_1920x1080-3.original.jpg,marketpulse.com,English,United States
https://www.miragenews.com/oecd-launches-climate-policy-database-for-60-1590972/,,OECD Launches Climate Policy Database for 60 IFCMA Nations,20251216T154500Z,https://cdn1.miragenews.com/tmp_cache?cdn=cdn.pixabay.com%2Fphoto%2F2017%2F08%2F07%2F10%2F22%2Fbuildings-2602324_640.jpg,miragenews.com,English,United States
https://www.marinelink.com/news/ayk-energy-signs-second-chemical-tanker-533571,,AYK Energy Signs Second Chemical Tanker Battery Deal,20251216T173000Z,https://images.marinelink.com/images/maritime/w800/credit-supplied-166412.jpg,marinelink.com,English,United States
https://english.radio.cz/czech-ambassador-represents-country-eu-environment-meeting-brussels-8872060,,Czech ambassador represents country at EU environment meeting in Brussels,20251216T181500Z,https://english.radio.cz/sites/default/files/images/4f5197446b1f6808606b2a0aab5e5a67.png,english.radio.cz,English,
https://english.radio.cz/czech-government-rejects-eu-migration-pact-and-ets-2-appoints-kmonicek-national-8872064,,"Czech government rejects EU migration pact and ETS 2 , appoints Kmoníček as national security advisor",20251216T181500Z,https://english.radio.cz/sites/default/files/images/4f5197446b1f6808606b2a0aab5e5a67.png,english.radio.cz,English,
https://www.massey.ac.nz/about/news/applied-doctorate-scheme-applications-now-open/,,Applied Doctorate Scheme applications now open - Massey University,20251217T013000Z,https://d2ub1k1pknil0e.cloudfront.net/media/images/371657-sns-photoshoot.2e16d0ba.fill-1200x630.format-jpeg.jpg,massey.ac.nz,English,New Zealand
https://www.mercurynews.com/2025/12/16/letters-schools-show-mental-health-crucial-students/,https://www.mercurynews.com/2025/12/16/letters-schools-show-mental-health-crucial-students/amp/,Letters : Schools must show that mental health is critical for students,20251217T041500Z,https://www.mercurynews.com/wp-content/uploads/2025/04/ALJ-L-AUSDNOTES-COL-0425-1.jpg,mercurynews.com,English,United States
https://www.tickerreport.com/banking-finance/13293864/sgl-carbon-otcmktssglff-shares-down-16-1-should-you-sell.html,,SGL Carbon ( OTCMKTS : SGLFF ) Shares Down 16 . 1 % – Should You Sell ? ,20251217T064500Z,,tickerreport.com,English,United States
https://www.dealstreetasia.com/stories/greenstreet-2025-in-transition-466782,,GreenStreet : 2025 in transition,20251217T071500Z,"https://media.dealstreetasia.com/uploads/2025/02/Green-Street-02.png?fit=5000,2625",dealstreetasia.com,English,India
https://www.newsday.co.zw/local-news/article/200049741/go-low-carbon-or-lose-export-edge-zim-firms-told,https://www.newsday.co.zw/amp/local-news/article/200049741/go-low-carbon-or-lose-export-edge-zim-firms-told,"Go low - carbon or lose export edge , Zim firms told - Newsday Zimbabwe",20251217T071500Z,https://cdn.thestandard.co.zw/images/newsday/uploads/2025/12/icHmOR4qUHoGT6zmuKg8dwxWGtpWi3OcSyomLnGW.png,newsday.co.zw,English,Zimbabwe
https://greentechlead.com/renewable-energy/iea-european-union-coal-demand-declines-as-more-countries-phase-out-coal-51695,https://greentechlead.com/renewable-energy/iea-european-union-coal-demand-declines-as-more-countries-phase-out-coal-51695/amp,IEA : European Union Coal Demand Declines as More Countries Phase Out Coal,20251217T080000Z,https://greentechlead.com/wp-content/uploads/2025/12/Coal-powered-electricity-generation-cost-in-Europe-for-2025-2030-IEA-report.jpg,greentechlead.com,English,India
https://www.miragenews.com/eu-bolsters-carbon-border-adjustment-mechanism-1591724/,,EU Bolsters Carbon Border Adjustment Mechanism,20251217T100000Z,https://cdn1.miragenews.com/tmp_cache?cdn=images.pexels.com%2Fphotos%2F13153479%2Fpexels-photo-13153479.png%3Fauto%3Dcompress%26amp%3Bcs%3Dtinysrgb%26amp%3Bw%3D1260%26amp%3Bh%3D750%26amp%3Bdpr%3D1,miragenews.com,English,United States
https://www.politico.eu/article/uk-rejoins-eu-erasmus-exchange-scheme-brexit/,,UK rejoins EU Erasmus exchange scheme after Brexit hiatus – POLITICO,20251217T104500Z,"https://www.politico.eu/cdn-cgi/image/width=1200,height=630,fit=crop,quality=80,onerror=redirect/wp-content/uploads/2025/12/17/GettyImages-2244051264-scaled.jpg",politico.eu,English,United States
https://www.euronews.com/my-europe/2025/12/17/eu-gets-tough-on-carbon-border-tax-on-heavy-industry-vows-to-protect-domestic-producers,,"EU gets tough on carbon border tax on heavy industry , vows to protect domestic producers",20251217T121500Z,https://images.euronews.com/articles/stories/09/58/55/28/1200x675_cmsv2_a9600ab5-a4c4-5e68-bc2d-fa26120a7486-9585528.jpg,euronews.com,English,United States
https://punchng.com/eu-extends-carbon-tax-to-washing-machines-car-parts/,https://punchng.com/eu-extends-carbon-tax-to-washing-machines-car-parts/?amp,EU extends carbon tax to washing machines and car parts,20251217T123000Z,,punchng.com,English,Nigeria
https://www.manilatimes.net/2025/12/17/tmt-newswire/globenewswire/novarra-bbx-launches-institutional-carbon-credit-trading-desk-with-global-market-connectivity/2245113,https://www.manilatimes.net/2025/12/17/tmt-newswire/globenewswire/novarra-bbx-launches-institutional-carbon-credit-trading-desk-with-global-market-connectivity/2245113/amp,Novarra BBX Launches Institutional Carbon Credit Trading Desk With Global Market Connectivity,20251217T123000Z,https://www.manilatimes.net/manilatimes/uploads/images/2025/12/17/871060.png,manilatimes.net,English,Philippines
https://www.eastbaytimes.com/2025/12/16/letters-schools-show-mental-health-crucial-students/,https://www.eastbaytimes.com/2025/12/16/letters-schools-show-mental-health-crucial-students/amp/,Letters : Schools must show that mental health is critical for students,20251217T141500Z,https://www.eastbaytimes.com/wp-content/uploads/2025/12/ALJ-L-AUSDNOTES-COL-0425-1.jpg,eastbaytimes.com,English,United States
https://www.fastmarkets.com/insights/provisional-cbam-benchmarks-announced-how-will-this-restructure-global-trade/,,Provisional CBAM benchmarks announced : how will this restructure global trade ? ,20251217T153000Z,https://www.fastmarkets.com/uploads/24/b6/6b74078a4d65829f5190c7fe2220/gettyimages-1147902470-1024x646.jpg,fastmarkets.com,English,China
https://english.news.cn/europe/20251217/23821af19c8e4b1d98b9de6d6f1b3602/c.html,,EU proposes expanding scope of carbon border levy to cover downstream products - Xinhua,20251217T154500Z,,english.news.cn,English,
https://www.terradaily.com/afp/251217105211.fubbviwk.html,,EU targets imported washing machines in carbon tax expansion,20251217T160000Z,,terradaily.com,English,United States
https://www.just-food.com/news/uk-food-exports-down/,,"UK food , drink exports to EU down more than 20 % ",20251217T163000Z,https://www.just-food.com/wp-content/uploads/sites/28/2025/12/shutterstock_2663768295-uk-exports-edited.jpg,just-food.com,English,United Kingdom
https://www.lexology.com/library/detail.aspx?g=52f6816b-50e3-4104-aae6-16185544beca,,Global Sustainability & ESG Insights - November 2025,20251217T171500Z,,lexology.com,English,United States
https://www.lemonde.fr/en/international/article/2025/12/17/eu-expands-carbon-tax-on-imports-to-cover-steel-and-aluminium-products_6748592_4.html,,EU expands carbon tax on imports to cover steel and aluminium products,20251217T180000Z,https://img.lemde.fr/2025/08/06/0/0/7731/5154/1440/960/60/0/03068cd_upload-1-flf9gclvrvdq-ap25079582327383.jpg,lemonde.fr,English,France
https://www.newsday.co.zw/business/article/200049766/carbon-insurance-a-key-engine-for-economic-growth,https://www.newsday.co.zw/amp/business/article/200049766/carbon-insurance-a-key-engine-for-economic-growth,Carbon insurance : A key engine for economic growth - Newsday Zimbabwe,20251217T183000Z,https://cdn.thestandard.co.zw/images/newsday/uploads/2025/12/60NmT0Y1uTdz6j3NdwrZ0Q86mBk3WmPjBRauhrx7.png,newsday.co.zw,English,Zimbabwe
https://www.miamitimesonline.com/business/desantis-unveils-117b-budget-with-record-amount-for-teacher-pay/article_27e8072f-1d38-49e8-a7d7-cf3a938e15f2.html,https://www.miamitimesonline.com/business/desantis-unveils-117b-budget-with-record-amount-for-teacher-pay/article_27e8072f-1d38-49e8-a7d7-cf3a938e15f2.amp.html,DeSantis unveils $117B budget with record amount for teacher pay,20251217T184500Z,https://bloximages.newyork1.vip.townnews.com/miamitimesonline.com/content/tncms/assets/v3/editorial/6/14/61494d98-df41-44a0-9017-666550aca33b/6942c4559a71e.image.jpg?crop=1289%2C677%2C190%2C54,miamitimesonline.com,English,United States
https://news.yale.edu/2025/12/16/were-better-place-has-time-unified-global-carbon-market-finally-arrived,,  Were in a better place : Has the time for a unified global carbon market finally arrived ? ,20251217T184500Z,https://news.yale.edu/sites/default/files/styles/opengraph_image/public/2025-12/YN-Rohini-Pande-2019_11_18_10-52-06_IMG_1727.jpg?&itok=Jd72___P,news.yale.edu,English,United States
https://techxplore.com/news/2025-12-carbon-electricity-philippines-net-power.html,,New carbon trading model could cut electricity costs while the Philippines reaches net - zero power,20251217T203000Z,https://scx2.b-cdn.net/gfx/news/hires/2025/new-carbon-trading-mod.jpg,techxplore.com,English,United States
https://www.hellenicshippingnews.com/amon-bulk-plans-three-new-kamsarmax-vessels-with-nok-298-million-investment-grants/,,Amon Bulk plans three new Kamsarmax vessels with NOK 298 million investment grants,20251217T230000Z,,hellenicshippingnews.com,English,China
https://www.eubusiness.com/environment/eu-closes-loopholes-in-carbon-border-adjustment-mechanism/,https://www.eubusiness.com/environment/eu-closes-loopholes-in-carbon-border-adjustment-mechanism/?amp=1,Brussels closes loopholes in Carbon Border Adjustment Mechanism - EUbusiness . com,20251218T010000Z,https://www.eubusiness.com/wp-content/uploads/2025/12/sejourne-2-Stephane-Sejourne-Photo-%C2%A9-European-Union-2025.jpg,eubusiness.com,English,Greece
https://kathmandupost.com/columns/2025/12/18/nepal-s-carbon-regulation-moment,,Nepal carbon regulation moment,20251218T020000Z,https://assets-cdn.kathmandupost.com/uploads/source/news/2025/third-party/DOWNSHUTTERSTOCK-1766020474.jpg,kathmandupost.com,English,
https://maritime-executive.com/corporate/shaping-class-for-the-future,,Shaping Class for the Future,20251218T034500Z,https://maritime-executive.com/media/images/article/Screenshot-2025-12-17-at-7.56.10-PM.366b85.png,maritime-executive.com,English,United States
https://www.politico.eu/article/british-steel-still-cant-escape-brexit-taxes-cbam-eu-imports/,,British steel still cant escape Brexit taxes – POLITICO,20251218T040000Z,"https://www.politico.eu/cdn-cgi/image/width=1200,height=630,fit=crop,quality=80,onerror=redirect/wp-content/uploads/2025/12/17/GettyImages-2210070580-scaled.jpg",politico.eu,English,United States
http://en.ce.cn/Insight/202512/t20251218_2650714.shtml,,High - Quality Growth Ahead : Insights from the China Economic Annual Conference -- China Economic Net,20251218T050000Z,,en.ce.cn,English,China
https://maritime-executive.com/editorials/shaping-class-for-the-future-2,,Shaping Class for the Future,20251218T074500Z,https://maritime-executive.com/media/images/article/ClassNK-CEO-Hayato-Suga.cb63e0.jpg,maritime-executive.com,English,United States
https://www.marketscreener.com/news/ecb-to-hold-rates-steady-as-euro-zone-economy-shows-resilience-ce7d50dfd18bf12d,,ECB to hold rates steady as euro zone economy shows resilience,20251218T074500Z,https://cdn.zonebourse.com/static/resize/0/0/images/reuters/2025-12/2025-12-17T230732Z_1_LYNXMPELBG19V_RTROPTP_4_ECB-POLICY.JPG,marketscreener.com,English,
https://www.actionforex.com/contributors/fundamental-analysis/623159-november-cpi-inflation-numbers-highlight-of-us-calendar/,https://www.actionforex.com/contributors/fundamental-analysis/623159-november-cpi-inflation-numbers-highlight-of-us-calendar/?amp,November CPI Inflation Numbers Highlight of US Calendar,20251218T081500Z,https://www.actionforex.com/wp-content/uploads/2023/02/f-inflation59.jpg,actionforex.com,English,United Kingdom
https://news.tuoitre.vn/ecb-to-hold-rates-steady-as-euro-zone-economy-shows-resilience-103251218150825708.htm,,ECB to hold rates steady as euro zone economy shows resilience,20251218T094500Z,https://cdn2.tuoitre.vn/zoom/600_315/471584752817336320/2025/12/18/anh-man-hinh-2025-12-18-luc-15-06-56-17660452548931248466422-93-0-1140-2000-crop-1766045290197945258718.png,news.tuoitre.vn,English,
https://skepticalscience.com/new_research_2025_51.html,,Skeptical Science New Research for Week # 51 2025,20251218T101500Z,https://skepticalscience.com/public/assets/images/og/button_sks2_200.jpg,skepticalscience.com,English,United States
https://www.rte.ie/news/business/2025/1218/1549588-ecb-to-hold-rates-steady-as-economy-shows-resilience/,https://amp.rte.ie/amp/1549588/ ,ECB to hold rates steady as economy shows resilience,20251218T103000Z,https://www.rte.ie/images/000b372b-1600.jpg,rte.ie,English,Ireland
https://www.hellenicshippingnews.com/backed-by-enova-lh2-shipping-secured-new-funds-totalling-nok-299-million-and-intensifies-efforts-for-the-maritime-decarbonization/,,Backed by ENOVA : LH2 Shipping secured new funds totalling NOK 299 million and intensifies efforts for the maritime decarbonization,20251218T113000Z,,hellenicshippingnews.com,English,China
https://www.finanznachrichten.de/nachrichten-2025-12/67266069-global-green-steel-market-to-grow-at-a-14-8-cagr-during-2026-32-markntel-advisors-leading-market-players-nucor-corporation-arcelormittal-tata-s-008.htm,,"Global Green Steel Market to Grow at a 14 . 8 % CAGR During 2026 - 32 | MarkNtel Advisors ( Leading Market Players : Nucor Corporation , ArcelorMittal , Tata Steel , Salzgitter AG , H2 Green Steel , Outokumpu ) ",20251218T114500Z,,finanznachrichten.de,English,Germany
https://www.finanzen.net/nachricht/aktien/dokumentation-einleitende-bemerkungen-von-ezb-praesidentin-lagarde-15368280,,DOKUMENTATION / Einleitende Bemerkungen von EZB - Präsidentin Lagarde,20251218T143000Z,,finanzen.net,English,Germany
https://www.miragenews.com/monetary-policy-statement-ecb-19-december-1592968/,,Monetary Policy Statement : ECB 19 December,20251218T150000Z,,miragenews.com,English,United States
https://cyprus-mail.com/2025/12/18/ecb-holds-rates-steady-and-turns-more-positive-on-the-economy,,ECB holds rates steady and turns more positive on the economy,20251218T160000Z,https://cyprus-mail.com/wp-content/uploads/2025/06/ecb-lagarde.jpg,cyprus-mail.com,English,Cyprus
https://www.ecb.europa.eu/press/press_conference/monetary-policy-statement/2025/html/ecb.is251218~3a10402adb.en.html,,Monetary policy statement,20251218T180000Z,,ecb.europa.eu,English,Greece
https://www.ecb.europa.eu/press/projections/html/ecb.projections202512_eurosystemstaff~12ead61977.en.html,,"Eurosystem staff macroeconomic projections for the euro area , December 2025",20251218T180000Z,,ecb.europa.eu,English,Greece
https://www.columbian.com/news/2025/dec/18/wa-carbon-market-revenue-hits-4-3b-as-prices-reach-record/,,WA carbon market revenue hits $4 . 3B as prices reach record,20251218T211500Z,https://www.columbian.com/wp-content/themes/columbian2/static/img/og/default-2022.jpg,columbian.com,English,United States
https://www.henricocitizen.com/youngkin-pitches-final-budget-touts-strong-revenues-as-he-prepares-to-leave-office/,,"Youngkin pitches final budget , touts strong revenues as he prepares to leave office",20251218T213000Z,https://www.henricocitizen.com/content/images/size/w1200/2025/12/IMG_1396-1536x1152.jpg,henricocitizen.com,English,United States
https://wydaily.com/latest/2025/12/18/youngkin-pitches-final-budget-touts-strong-revenues-as-he-prepares-to-leave-office/,,"Youngkin Pitches Final Budget , Touts Strong Revenues as he Prepares to Leave Office",20251218T214500Z,https://images.wydaily.com/wp-content/uploads/2025/12/IMG_1396-2048x1536-1.jpg,wydaily.com,English,United States
https://www.pleasantonweekly.com/blogs/tim-talk/2025/12/18/hoover-fellow-evaluates-state-capital-projects-ugly/,,Hoover fellow evaluates state capital projects ugly,20251218T214500Z,https://www.pleasantonweekly.com/wp-content/uploads/2025/12/hsr-viaduct.jpg,pleasantonweekly.com,English,United States
https://freerepublic.com/focus/f-chat/4358048/posts,,Gavin Newsom PANICS after Chevron LEAVES California !!! ( video ) ,20251218T230000Z,,freerepublic.com,English,United States
https://www.foundry-planet.com/d/cbam-and-the-aluminium-industry-challenges-for-the-european-market,,CBAM and the aluminium industry : challenges for the European market,20251218T233000Z,https://www.foundry-planet.com/fileadmin/user_upload/171225-Eural_Slider.png,foundry-planet.com,English,United States
https://www.hellenicshippingnews.com/lagarde-reiterates-the-ecb-is-in-no-rush-to-change-rates-anytime-soon/,,Lagarde reiterates the ECB is in no rush to change rates anytime soon | Hellenic Shipping News Worldwide,20251218T234500Z,,hellenicshippingnews.com,English,China
https://www.ojaivalleynews.com/news/environment/70-year-old-oil-permit-prevents-ventura-county-from-taking-action-in-sisar-creek-spill/article_657cb05b-8a07-40bd-87a2-3cb846507199.html,,70 - year - old oil permit prevents Ventura County from taking action in Sisar Creek spill,20251219T021500Z,https://bloximages.newyork1.vip.townnews.com/ojaivalleynews.com/content/tncms/assets/v3/editorial/d/3b/d3b61106-5b53-4334-ad7e-412141ebad32/69449e5294bbb.image.png?crop=1582%2C831%2C0%2C239,ojaivalleynews.com,English,United States
https://www.aljazeera.com/news/2025/12/19/eu-delays-trade-deal-with-south-americas-mercosur-bloc-as-farmers-protest,https://www.aljazeera.com/amp/news/2025/12/19/eu-delays-trade-deal-with-south-americas-mercosur-bloc-as-farmers-protest,EU delays trade deal with South America Mercosur bloc as farmers protest | International Trade News,20251219T033000Z,https://www.aljazeera.com/wp-content/uploads/2025/12/2025-12-18T145839Z_768270177_RC2XIIAKSXDV_RTRMADP_3_EU-SUMMIT-FARMERS-PROTEST-1766107259.jpg,aljazeera.com,English,United States
https://dominicanrepublicpost.com/eu-delays-trade-deal-with-south-americas-mercosur-bloc-as-farmers-protest/,,"EU delays trade deal with South America Mercosur bloc as farmers protest - Dominican Republic Post – Caribbean News , Business , Travel & Culture",20251219T044500Z,https://dominicanrepublicpost.com/app/uploads/2025/12/2025-12-18T145839Z_768270177_RC2XIIAKSXDV_RTRMADP_3_EU-SUMMIT-FARMERS-PROTEST-1766107259-96vcfH.jpg,dominicanrepublicpost.com,English,United States
https://www.spotlightnepal.com/2025/12/19/carbon-trading-regulation-2025-opportunities-and-challenges/,,Carbon Trading Regulation 2025 : Opportunities and Challenges | New Spotlight Magazine,20251219T050000Z,https://www.spotlightnepal.com/media/images/carbon.width-1024.png,spotlightnepal.com,English,Nepal
https://cyprus-mail.com/2025/12/19/dry-bulk-freight-in-transition-in-2025-2026-and-what-it-means-for-cyprus,,"Dry bulk freight in transition in 2025 – 2026 , and what it means for Cyprus",20251219T061500Z,https://cyprus-mail.com/wp-content/uploads/2025/07/ship-shipping-vessel-maritime-marine-1-file-photo-trade-2.jpg,cyprus-mail.com,English,Cyprus
https://wattsupwiththat.com/2025/12/18/who-should-your-climate-speaker-be/,,Who Should Your Climate Speaker Be ? ,20251219T084500Z,https://i0.wp.com/wattsupwiththat.com/wp-content/uploads/2025/12/alexepsteinfromyoutubetuckercarlson2.webp?fit=1024%2C512&quality=75&ssl=1,wattsupwiththat.com,English,United States
https://www.ipsnews.net/2025/12/farmers-can-now-measure-and-benefit-from-fruit-tree-carbon-trade/,,Farmers Can Now Benefit From Fruit Tree Carbon Trade,20251219T094500Z,https://www.ipsnews.net/Library/2025/12/Shem-Kuya-sampling-a-mango-tree-on-a-farm-in-makueni-county.jpeg,ipsnews.net,English,United States
https://www.briefingwire.com/pr/europe-green-steel-market-driving-sustainable-transformation-in-steel-manufacturing,,Europe Green Steel Market : Driving Sustainable Transformation in Steel Manufacturing,20251219T101500Z,,briefingwire.com,English,United States
https://www.argusmedia.com/en/news-and-insights/latest-market-news/2767852-viewpoint-bitumen-markets-eye-pockets-of-demand,,Viewpoint : Bitumen markets eye pockets of demand,20251219T110000Z,https://www.argusmedia.com/-/media/project/argusmedia/mainsite/images/14-generic-hero-banners/herobanner_1600x530_generic-c.jpg?&iar=0&rev=2cf023b4e0484c1bb091b9f72dbf7771&hash=72DBDFEBEF6EE62E751AB5DD2221C77E,argusmedia.com,English,United States
https://allafrica.com/stories/202512190450.html,,Kenya : Farmers Can Now Measure and Benefit From Fruit Tree Carbon Trade,20251219T143000Z,,allafrica.com,English,Nigeria
https://www.fastmarkets.com/insights/iron-ore-volatility-vs-capex-commitment-the-iron-ore-paradox/,,The iron ore paradox : Volatility vs . capex commitment,20251219T154500Z,https://www.fastmarkets.com/uploads/2024/10/MM_Ores_OrePilesAtPierAerial_Getty-1510159591_Med-1024x682.jpg,fastmarkets.com,English,China
https://www.globalissues.org/news/2025/12/19/41950,https://www.globalissues.org/amp/news/2025/12/19/41950,Farmers Can Now Measure and Benefit From Fruit Tree Carbon Trade,20251219T171500Z,https://static.globalissues.org/ips/2025/12/Shem-Kuya-sampling-a-mango-tree-on-a-farm-in-makueni-county.jpeg,globalissues.org,English,United States
https://www.letsrecycle.com/news/opinion-a-new-reality-for-uk-textile-collections-and-we-cant-afford-to-face-it-alone/,,OPINION :  A new reality for united kingdom textile collections - And we cant afford to face it alone  ,20251219T180000Z,https://www.letsrecycle.com/wp-content/uploads/2025/04/Mohammed-Patel-UKFT-e1748856210137.jpeg,letsrecycle.com,English,United Kingdom
https://www.rnz.co.nz/news/country/582362/country-life-farming-trees-the-tamata-hauha-way,https://amp.rnz.co.nz/article/6c742b86-c4b3-4916-9b9b-b8ffd6c39516,Country Life : Farming trees the Tāmata Hauhā way,20251219T190000Z,https://media.rnztools.nz/rnz/image/upload/s--HSZyf5AE--/t_tohu-badge-facebook/v1765746130/4K18P1H_Carbon1_jpg?_a=BACCd2AD,rnz.co.nz,English,
https://www.odt.co.nz/lifestyle/magazine/preparing-anything,,Preparing for anything,20251220T090000Z,https://www.odt.co.nz/sites/default/files/styles/odt_story_opengraph_1200w/public/story/2025/12/wind_blown_shed_251025.jpg?itok=xNnHzVLC,odt.co.nz,English,New Zealand
https://www.heraldnet.com/opinion/editorial-climate-commitment-act-a-two-fer-for-washington/,,Editorial : Climate Commitment Act a two - fer for Washington,20251220T114500Z,https://www.heraldnet.com/wp-content/uploads/2025/12/41168734_web1_TSR-251220-edh-climateprojectmap.jpg,heraldnet.com,English,United States
https://wattsupwiththat.com/2025/12/20/climate-change-weekly-566-big-banks-no-longer-bound-by-federal-climate-accounting-rules/,,Climate Change Weekly # 566 Big Banks No Longer Bound by Federal Climate Accounting Rules,20251220T180000Z,https://i0.wp.com/wattsupwiththat.com/wp-content/uploads/2025/12/98603382_m.webp?fit=1024%2C683&quality=75&ssl=1,wattsupwiththat.com,English,United States
https://www.thetimes.com/uk/politics/article/labour-keir-starmer-brexit-eu-erasmus-6fqbnc83z,,Labour diehard Remainers hope this is their moment,20251221T020000Z,https://www.thetimes.com/imageserver/image/%2F1f634338-1445-4a60-8d38-ffe8029b4a15.jpg?crop=1600%2C900%2C0%2C0,thetimes.com,English,
https://business.scoop.co.nz/2025/12/21/country-life-farming-trees-the-tamata-hauha-way/,,Business . Scoop » Country Life : Farming Trees The Tāmata Hauhā Way,20251221T101500Z,,business.scoop.co.nz,English,New Zealand
https://www.theguardian.com/politics/2025/dec/21/uk-failure-to-seal-eu-tax-exemption-hands-industry-mountain-of-paperwork,,UK failure to seal EU tax exemption hands industry mountain of paperwork,20251221T110000Z,"https://i.guim.co.uk/img/media/cfa5b31daf0d2970f01f8c7d17215337bc5a8b02/368_24_2832_2265/master/2832.jpg?&quality=85&auto=format&fit=crop&precrop=40:21,offset-x50,offset-y0&overlay-align=bottom%2Cleft&overlay-width=100p&overlay-base64=L2ltZy9zdGF0aWMvb3ZlcmxheXMvdGctZGVmYXVsdC5wbmc&enable=upscale&s=66f4154d7d39cfd9f4c3f18ac996b37a",theguardian.com,English,United Kingdom
https://www.briefingwire.com/pr/india-carbon-credit-market-size-to-hit-3368537m-by-2034-key-trends-forecast,,"India Carbon Credit Market Size to Hit $33 , 685 . 37M by 2034 : Key Trends & Forecast",20251221T151500Z,,briefingwire.com,English,United States
https://www.investopedia.com/terms/s/simon-kuznets.asp,,Simon Kuznets and the Kuznets Curve : Economic Insights,20251221T224500Z,https://www.investopedia.com/thmb/buaUxACqbHpLotY08Lz827iEsA0=/1500x0/filters:no_upscale():max_bytes(150000):strip_icc()/GettyImages-515401790-720a8a6fde804f4297d5ce9cefcf645f.jpg,investopedia.com,English,United States
https://www.webpronews.com/eu-revises-2035-combustion-engine-ban-with-biofuel-offsets-amid-ev-slowdown/,,EU Revises 2035 Combustion Engine Ban with Biofuel Offsets Amid EV Slowdown,20251222T014500Z,https://www.webpronews.com/wp-content/uploads/2025/12/article-4421-1766350985.jpeg,webpronews.com,English,United States
https://www.dailymail.co.uk/travel/article-15313901/singapore-tax-passengers-fuel-year-add-flight.html,https://www.dailymail.co.uk/travel/article-15313901/amp/singapore-tax-passengers-fuel-year-add-flight.html,Singapore to tax passengers for fuel next year,20251222T020000Z,https://i.dailymail.co.uk/1s/2025/11/21/16/104084601-0-image-a-10_1763741326099.jpg,dailymail.co.uk,English,United Kingdom
https://shipandbunker.com/news/world/619157-feature-ai-will-not-replace-bunker-traders-will-it,,FEATURE : AI Will Not Replace Bunker Traders . Will it ? ,20251222T034500Z,https://shipandbunker.cdn.speedyrails.net/a/img/_mt_aafcb5434692b096b6c49ba0dd8259fc.jpg,shipandbunker.com,English,Singapore
https://www.eco-business.com/news/taiwan-to-ease-carbon-fees-for-heavy-industry-over-competitiveness-fears/,,Taiwan to ease carbon fees for heavy industry over competitiveness fears,20251222T083000Z,https://eco-business.imgix.net/ebmedia/fileuploads/h-co-SSbbr4KvfzA-unsplash_fQUnglx.jpg?fit=crop&ixlib=django-1.2.0&q=85,eco-business.com,English,China
https://www.spotlightnepal.com/2025/12/22/regulation-opens-formal-pathway-domestic-and-international-carbon-trading-nepal-dr-maheshwar-dhakal/,,The Regulation opens a formal pathway for domestic and international carbon trading in Nepal : Dr . Maheshwar Dhakal,20251222T090000Z,https://www.spotlightnepal.com/media/images/carbon.width-1024.png,spotlightnepal.com,English,Nepal
https://www.cbc.ca/news/canada/carousel-scheme-budget-update-9.7023232,,  This was totally preventable : Proposed rules aim to stop CRA from paying out more bogus refunds,20251222T094500Z,"https://i.cbc.ca/ais/1.4608292,1523032219000/full/max/0/default.jpg?im=Crop%2Crect%3D%280%2C152%2C3006%2C1690%29%3BResize%3D620",cbc.ca,English,Canada
https://wattsupwiththat.com/2025/12/22/weekly-climate-and-energy-news-roundup-671/,,Weekly Climate and Energy News Roundup # 671,20251222T160000Z,https://i0.wp.com/wattsupwiththat.com/wp-content/uploads/2025/12/charlesrotter_granite_lake_california_midjourney.webp?fit=1024%2C512&quality=75&ssl=1,wattsupwiththat.com,English,United States
http://www.milwaukeesun.com/news/278769043/ecochina-china-makes-steady-gains-in-ecological-conservation-and-green-transition,,EcoChina | China makes steady gains in ecological conservation and green transition,20251222T173000Z,https://image.chitra.live/api/v1/wps/b6d174a/e4d1ee5a-1582-4646-85e1-ab625ca5747d/0/XxjpbeE000445-20251222-CBMFN0A001-600x315.jpg,milwaukeesun.com,English,United States
http://www.sanantoniopost.com/news/278769043/ecochina-china-makes-steady-gains-in-ecological-conservation-and-green-transition,,EcoChina | China makes steady gains in ecological conservation and green transition,20251222T173000Z,https://image.chitra.live/api/v1/wps/b6d174a/e4d1ee5a-1582-4646-85e1-ab625ca5747d/0/XxjpbeE000445-20251222-CBMFN0A001-600x315.jpg,sanantoniopost.com,English,United States
https://www.theguardian.com/politics/2025/dec/22/keir-starmer-told-closer-eu-trade-ties-strategic-necessity-for-uk-firms,,Keir Starmer told closer EU trade ties  strategic necessity  for united kingdom firms | Trade policy,20251222T230000Z,"https://i.guim.co.uk/img/media/ced6988df23f78a0107306e6fddf90b6a92897dc/333_0_3333_2667/master/3333.jpg?&quality=85&auto=format&fit=crop&precrop=40:21,offset-x50,offset-y0&overlay-align=bottom%2Cleft&overlay-width=100p&overlay-base64=L2ltZy9zdGF0aWMvb3ZlcmxheXMvdGctZGVmYXVsdC5wbmc&enable=upscale&s=3d8121eb8d02fad7d29e9c961cfdc390",theguardian.com,English,United Kingdom
https://www.wmra.org/wmra-news-features-briefs/2025-12-22/harrisonburg-city-council-member-details-experience-at-cop30,https://www.wmra.org/wmra-news-features-briefs/2025-12-22/harrisonburg-city-council-member-details-experience-at-cop30?_amp=true,Harrisonburg City Council member details experience at COP30,20251222T230000Z,http://npr-brightspot.s3.amazonaws.com/63/11/bc16b01c44c086b821875c1b7a0e/laura-dent-cop30.JPG,wmra.org,English,United States
https://www.thetimes.com/business/companies-markets/article/uk-eu-trade-deal-fails-to-help-businesses-expand-in-europe-sl23mvnfj,,UK - EU trade deal has failed to help businesses expand in Europe,20251223T001500Z,https://www.thetimes.com/imageserver/image/%2F3ee25b73-9aa6-4c2a-a733-022a1dc752de.jpg?crop=2843%2C1599%2C0%2C58,thetimes.com,English,
http://en.people.cn/n3/2025/1223/c90000-20405501.html,,China makes steady gains in ecological conservation and green transition,20251223T011500Z,,en.people.cn,English,China
https://www.straitstimes.com/singapore/environment/2026-outlook-whats-next-for-the-environment-and-the-top-stories-of-2025,,2026 outlook : What next for the environment – and the top stories of 2025,20251223T014500Z,https://cassette.sphdigital.com.sg/image/straitstimes/d8941a3d1651a4d3d5e7b875bc666078f6c31dc1417b3757a6a9917cba803501,straitstimes.com,English,Singapore
https://en.people.cn/n3/2025/1223/c90000-20405501.html,,China makes steady gains in ecological conservation and green transition,20251223T021500Z,,en.people.cn,English,China
https://en.gmw.cn/2025-12/23/content_38493323.htm,,China makes steady gains in ecological conservation and green transition _ Guangming Online,20251223T043000Z,,en.gmw.cn,English,
https://slguardian.org/uk-firms-struggle-in-europe-as-brexit-trade-frictions-deepen/,,UK Firms Struggle in Europe as Brexit Trade Frictions Deepen,20251223T043000Z,https://slguardian.org/wp-content/uploads/2025/12/rodrigo-santos.jpg,slguardian.org,English,Sri Lanka
https://shipandbunker.com/news/world/608035-feature-2025-was-year-of-rapidly-escalating-regulation-for-shipping-and-bunker-industries,,FEATURE : 2025 Was Year of Rapidly Escalating Regulation for Shipping and Bunker Industries,20251223T080000Z,https://shipandbunker.cdn.speedyrails.net/a/img/_mt_4a35c196b7718daab618ca71c5eeb53b.jpg,shipandbunker.com,English,Singapore
https://www.in.gr/2025/12/23/english-edition/bog-projects-steady-growth-declining-inflation-2028/,https://www.in.gr/2025/12/23/english-edition/bog-projects-steady-growth-declining-inflation-2028/amp/,BoG Projects Steady Growth and Declining Inflation Through 2028,20251223T080000Z,https://www.in.gr/wp-content/uploads/2025/12/Greece-economic-growth-1-620x350.jpg,in.gr,English,Greece
https://shipandbunker.com/news/world/377043-authorities-plan-green-shipping-corridor-between-panama-and-spain,,Authorities Plan Green Shipping Corridor Between Panama and Spain,20251223T130000Z,https://shipandbunker.cdn.speedyrails.net/a/img/_mt_3cd3e168d7acc2fb6181e0366c4400d7.jpg,shipandbunker.com,English,Singapore
http://www.ohiostandard.com/news/278769043/ecochina-china-makes-steady-gains-in-ecological-conservation-and-green-transition,,EcoChina | China makes steady gains in ecological conservation and green transition,20251223T161500Z,https://image.chitra.live/api/v1/wps/b6d174a/e4d1ee5a-1582-4646-85e1-ab625ca5747d/0/XxjpbeE000445-20251222-CBMFN0A001-600x315.jpg,ohiostandard.com,English,United States
https://www.argusmedia.com/en/news-and-insights/latest-market-news/2769311-uk-refiners-seek-unused-co2-allowances-after-closures,,UK refiners seek unused CO2 allowances after closures,20251223T194500Z,https://www.argusmedia.com/-/media/project/argusmedia/mainsite/images/14-generic-hero-banners/herobanner_1600x530_generic-c.jpg?&iar=0&rev=2cf023b4e0484c1bb091b9f72dbf7771&hash=72DBDFEBEF6EE62E751AB5DD2221C77E,argusmedia.com,English,United States
https://www.jdsupra.com/legalnews/eu-carbon-border-adjustment-mechanism-9811962/,,EU Carbon Border Adjustment Mechanism : Financial Obligations Commence Amid Proposed Scope Expansion to Include New Downstream Products | Akin Gump Strauss Hauer & Feld LLP,20251223T211500Z,https://jdsupra-static.s3.amazonaws.com/profile-images/og.15281_268.jpg,jdsupra.com,English,United States
https://natlawreview.com/article/new-york-adopts-mandatory-greenhouse-gas-reporting-program,https://natlawreview.com/article/new-york-adopts-mandatory-greenhouse-gas-reporting-program?amp,NYDEC Establishes Mandatory Greenhouse Gas Reporting Program,20251223T221500Z,https://natlawreview.com/sites/default/files/styles/article_image/public/2025-12/Ghg%20greenhouse%20gases%20effect%20global%20warming%20CO2%20climate%20change-2036847_0.jpg.webp?itok=V_Xt4HDD,natlawreview.com,English,United States
https://www.dailybreeze.com/2025/12/23/california-high-speed-rail-authority-offering-more-costly-promises/,https://www.dailybreeze.com/2025/12/23/california-high-speed-rail-authority-offering-more-costly-promises/amp/,California High - Speed Rail Authority offering more costly promises,20251223T233000Z,https://www.dailybreeze.com/wp-content/uploads/2025/06/California_High_Speed_Rail_71428-1.jpg,dailybreeze.com,English,United States
https://www.redlandsdailyfacts.com/2025/12/23/california-high-speed-rail-authority-offering-more-costly-promises/,https://www.redlandsdailyfacts.com/2025/12/23/california-high-speed-rail-authority-offering-more-costly-promises/amp/,California High - Speed Rail Authority offering more costly promises,20251224T004500Z,https://www.redlandsdailyfacts.com/wp-content/uploads/2025/06/California_High_Speed_Rail_71428-1.jpg,redlandsdailyfacts.com,English,United States
https://www.dailynews.com/2025/12/23/california-high-speed-rail-authority-offering-more-costly-promises/,https://www.dailynews.com/2025/12/23/california-high-speed-rail-authority-offering-more-costly-promises/amp/,California High - Speed Rail Authority offering more costly promises,20251224T011500Z,https://www.dailynews.com/wp-content/uploads/2025/06/California_High_Speed_Rail_71428-1.jpg,dailynews.com,English,United States
https://capitalpress.com/2025/12/23/washington-governor-proposes-millionaires-tax/,,Washington governor proposes  millionaire tax  ,20251224T014500Z,https://capitalpress.com/wp-content/uploads/sites/11/2025/12/Ferguson-Budget-Photo-2025-12-26.jpeg.jpg,capitalpress.com,English,United States
https://www.capradio.org/articles/2025/12/23/new-california-laws-could-reshape-housing-ai-regulation-starting-jan-1/,,"New California laws could reshape housing , AI regulation starting Jan . 1",20251224T024500Z,https://www.capradio.org/media/12276456/ap24320830358442-1-p.jpg,capradio.org,English,United States
https://www.mondaq.com:443/unitedstates/oil-gas-electricity/1723448/european-commission-issues-cbam-operational-rules-and-proposes-downstream-extension-of-the-cbam-scope,,European Commission Issues CBAM Operational Rules And Proposes Downstream Extension Of The CBAM Scope,20251224T024500Z,http://www.mondaq.com/images/profile/companythumb/1089.webp?v=20241101121806,mondaq.com,English,United States
https://www.carbonbrief.org/daily-brief/trump-media-fusion-deal-czech-climate-policy-gutted-bp-reaction/,,Trump Media  fusion deal  | Czech climate policy  gutted  | BP reaction,20251224T043000Z,,carbonbrief.org,English,United Kingdom
https://www.mondaq.com:443/unitedstates/climate-change/1723494/p2n0-edition-39-news-and-views-on-the-drive-towards-net-zero-ghg-emissions,,P2N0 - Edition 39 - News And Views On The Drive Towards Net - Zero GHG Emissions,20251224T060000Z,http://www.mondaq.com/images/profile/companythumb/28302.webp?v=20241101122302,mondaq.com,English,United States
http://www.newyorkstatesman.com/news/278769043/ecochina-china-makes-steady-gains-in-ecological-conservation-and-green-transition,,EcoChina | China makes steady gains in ecological conservation and green transition,20251224T081500Z,https://image.chitra.live/api/v1/wps/b6d174a/e4d1ee5a-1582-4646-85e1-ab625ca5747d/0/XxjpbeE000445-20251222-CBMFN0A001-600x315.jpg,newyorkstatesman.com,English,United States
http://www.oklahomastar.com/news/278769043/ecochina-china-makes-steady-gains-in-ecological-conservation-and-green-transition,,EcoChina | China makes steady gains in ecological conservation and green transition,20251224T083000Z,https://image.chitra.live/api/v1/wps/b6d174a/e4d1ee5a-1582-4646-85e1-ab625ca5747d/0/XxjpbeE000445-20251222-CBMFN0A001-600x315.jpg,oklahomastar.com,English,United States
http://www.mainemirror.com/news/278769043/ecochina-china-makes-steady-gains-in-ecological-conservation-and-green-transition,,EcoChina | China makes steady gains in ecological conservation and green transition,20251224T103000Z,https://image.chitra.live/api/v1/wps/b6d174a/e4d1ee5a-1582-4646-85e1-ab625ca5747d/0/XxjpbeE000445-20251222-CBMFN0A001-600x315.jpg,mainemirror.com,English,United States
https://www.thetimes.com/uk/environment/article/brussels-sprouts-gas-biomethane-green-energy-6h2qgtl8j,,How gas from sprouts could heat your home,20251224T201500Z,https://www.thetimes.com/imageserver/image/%2F5ab5d9c4-b072-49e9-b5d6-270e146736bc.jpg?crop=5472%2C3078%2C0%2C0,thetimes.com,English,
https://mwnation.com/malawi-others-access-18-climate-financing-group/,,"Malawi , others access 18 % climate financing group",20251225T051500Z,https://mwnation.com/wp-content/uploads/2025/12/image-87.png,mwnation.com,English,Malawi
https://www.spokesman.com/stories/2025/dec/25/a-year-of-grace-remaining-spokane-pivots-on-its-en/,,"A year of grace remaining , Spokane pivots on its energy generating trash incinerator",20251225T110000Z,,spokesman.com,English,United States
https://community.scoop.co.nz/2025/12/emergency-management-bill-no-2-first-reading/,,Community Scoop » Emergency Management Bill ( No 2 ) First Reading,20251226T033000Z,,community.scoop.co.nz,English,New Zealand
https://www.scoop.co.nz/stories/PA2512/S00202/emergency-management-bill-no-2-first-reading.htm,https://m.scoop.co.nz/stories/PA2512/S00202/emergency-management-bill-no-2-first-reading.htm,Emergency Management Bill ( No 2 ) First Reading,20251226T033000Z,http://img.scoop.co.nz/stories/images/1908/scoop_image.jpg,scoop.co.nz,English,New Zealand
http://www.china.org.cn/2025-12/26/content_118247709.shtml,,China green electricity trading volume surges in Jan .- Nov . ,20251226T051500Z,,china.org.cn,English,China
https://www.defenseworld.net/2025/12/26/kraneshares-california-carbon-allowance-strategy-etf-nysearcakcca-sees-large-increase-in-short-interest.html,,KraneShares California Carbon Allowance Strategy ETF ( NYSEARCA : KCCA ) Sees Large Increase in Short Interest,20251226T073000Z,,defenseworld.net,English,Russia
https://www.dailysabah.com/turkiye/sustainable-century-summit-aligns-economy-climate-in-istanbul/news,https://www.dailysabah.com/turkiye/sustainable-century-summit-aligns-economy-climate-in-istanbul/news/amp,"Sustainable Century Summit aligns economy , climate in Istanbul",20251226T144500Z,https://idsb.tmgrup.com.tr/ly/uploads/images/2025/12/26/thumbs/1200x675/418691.jpg,dailysabah.com,English,Turkey
https://www.jdsupra.com/legalnews/new-york-adopts-mandatory-greenhouse-7630766/,,New York Adopts Mandatory Greenhouse Gas Reporting Program | Bracewell LLP,20251226T150000Z,https://jdsupra-static.s3.amazonaws.com/profile-images/og.9762_2059.jpg,jdsupra.com,English,United States
https://thecorner.eu/54/bank-of-spain-updates-gdp-forecasts-2-9-for-2025-2-2-for-2026-and-1-9-for-2025/123546/,,Bank of Spain updates GDP forecasts : 2 . 9 % for 2025 ; 2 . 2 % for 2026 and 1 . 9 % for 2025,20251226T153000Z,https://thecorner.eu/wp-content/uploads/2020/05/Spanish-Banks-precious.jpg,thecorner.eu,English,Spain
https://www.hindustantimes.com/world-news/us-news/california-drops-lawsuit-seeking-to-reinstate-federal-funding-for-the-state-s-bullet-train-101766781853785.html,https://www.hindustantimes.com/world-news/us-news/california-drops-lawsuit-seeking-to-reinstate-federal-funding-for-the-state-s-bullet-train-101766781853785-amp.html,California drops lawsuit seeking to reinstate federal funding for the state bullet train,20251226T210000Z,,hindustantimes.com,English,India
https://www.winnipegfreepress.com/world/2025/12/26/california-drops-lawsuit-seeking-to-reinstate-federal-funding-for-the-states-bullet-train,,California drops lawsuit seeking to reinstate federal funding for the state bullet train – Winnipeg Free Press,20251226T211500Z,,winnipegfreepress.com,English,Canada
https://www.yahoo.com/news/articles/california-drops-lawsuit-seeking-reinstate-203958187.html,,California drops lawsuit seeking to reinstate federal funding for the state bullet train,20251226T214500Z,https://s.yimg.com/ny/api/res/1.2/s3kf6V9sleKypJjNcOliow--/YXBwaWQ9aGlnaGxhbmRlcjt3PTEyMDA7aD04MDA7Y2Y9d2VicA--/https://media.zenfs.com/en/ap.org/48dee8de6fbe151d0e0ddcd2dd08b0c9,yahoo.com,English,United States
"http://www.morningsun.net/stories/california-drops-lawsuit-seeking-to-reinstate-federal-funding-for-the-states-bullet-train,291660",,California drops lawsuit seeking to reinstate federal funding for the state bullet train,20251226T220000Z,https://mapi.associatedpress.com/v2/items/3f03b48a90f14f628e1eeaa5ffcb7386.0/preview/preview.jpg?nfe=true&s=512&wm=false&app=MPK&tag=iid~3f03b48a90f14f628e1eeaa5ffcb7386!rsn~0!cid~f0067150def14177ae1fae0091913668!orgId~46179!qt~UB0ndnQv30eI!orgNm~THE%20MORNING%20SUN%20!role~Preview!mt~photo!fmt~JPEG%20Baseline,morningsun.net,English,United States
https://www.messenger-inquirer.com/ap/ap_national_news/california-drops-lawsuit-seeking-to-reinstate-federal-funding-for-the-states-bullet-train/article_71ce177f-c5af-502d-8c21-c76e324c1a2c.html,,California drops lawsuit seeking to reinstate federal funding for the state bullet train,20251226T221500Z,https://bloximages.chicago2.vip.townnews.com/messenger-inquirer.com/content/tncms/assets/v3/editorial/3/57/35709d6c-679b-5851-9ac8-20c07cc5ddf7/694eed9c252d5.image.jpg?crop=1763%2C926%2C0%2C124,messenger-inquirer.com,English,United States
https://www.stcatharinesstandard.ca/news/world/united-states/california-drops-lawsuit-seeking-to-reinstate-federal-funding-for-the-states-bullet-train/article_e7048bf0-d801-5365-ad64-cbd2840dca37.html,,California drops lawsuit seeking to reinstate federal funding for the state bullet train,20251226T221500Z,https://bloximages.chicago2.vip.townnews.com/stcatharinesstandard.ca/content/tncms/assets/v3/editorial/d/00/d0013cd0-42af-5527-a232-b23c6d1c6f26/694ef64583740.image.jpg?crop=1620%2C851%2C0%2C114,stcatharinesstandard.ca,English,Canada
https://mynorthwest.com/national/california-drops-lawsuit-seeking-to-reinstate-federal-funding-for-the-states-bullet-train/4178484,,California drops lawsuit seeking to reinstate federal funding for the state bullet train,20251226T221500Z,https://mynorthwest.com/wp-content/uploads/2025/12/California-High-Speed_Rail_65709.jpg,mynorthwest.com,English,United States
https://www.winknews.com/news/international/california-drops-lawsuit-seeking-to-reinstate-federal-funding-for-the-states-bullet-train/article_4b0579a1-ae27-5c2c-87bc-285c0bd8461a.html,,California drops lawsuit seeking to reinstate federal funding for the state bullet train,20251226T223000Z,https://bloximages.chicago2.vip.townnews.com/winknews.com/content/tncms/custom/image/2c126f9c-bedd-11ef-8535-37037507a88a.png,winknews.com,English,United States
https://www.abc10.com/article/syndication/associatedpress/california-drops-lawsuit-seeking-to-reinstate-federal-funding-for-the-states-bullet-train/616-93ecb754-d734-4e9c-9fc5-f22c92bb914d,,California drops lawsuit seeking to reinstate federal funding for the state bullet train,20251226T223000Z,https://assets.tegnaone.com/assets/AssociatedPress/images/525db2a1-179d-4fce-8383-41235b2a900b/20251226T204505/525db2a1-179d-4fce-8383-41235b2a900b.jpg,abc10.com,English,United States
https://www.nvdaily.com/associated_press_national/california-drops-lawsuit-seeking-to-reinstate-federal-funding-for-the-states-bullet-train/article_e998177b-399f-5e41-9eff-3574815e1b98.html,,California drops lawsuit seeking to reinstate federal funding for the state bullet train,20251226T230000Z,https://bloximages.newyork1.vip.townnews.com/nvdaily.com/content/tncms/assets/v3/editorial/e/48/e488ddfb-068b-5f92-9099-19ef554471eb/694eed8826dd8.image.jpg?crop=1763%2C926%2C0%2C124,nvdaily.com,English,United States
https://abcnews.go.com/US/wireStory/california-drops-lawsuit-seeking-reinstate-federal-funding-states-128710791,https://abcnews.go.com/amp/US/wireStory/california-drops-lawsuit-seeking-reinstate-federal-funding-states-128710791,California drops lawsuit seeking to reinstate federal funding for the state bullet train,20251226T230000Z,https://i.abcnewsfe.com/a/d3976eb1-9c55-4632-90c0-007115026080/wirestory_c784bfd941fd8bda80e3a8e45c21ed0e_16x9.jpg,abcnews.go.com,English,United States
https://www.therecord.com/news/world/united-states/california-drops-lawsuit-seeking-to-reinstate-federal-funding-for-the-states-bullet-train/article_8031737d-7a33-57d8-8884-9bf5f98f7bf2.html,,California drops lawsuit seeking to reinstate federal funding for the state bullet train,20251226T231500Z,https://bloximages.chicago2.vip.townnews.com/therecord.com/content/tncms/assets/v3/editorial/c/99/c99c9341-cf65-525a-80f1-bbb9a0f7e953/694ef63d38820.image.jpg?crop=1620%2C851%2C0%2C114,therecord.com,English,Canada
https://mymotherlode.com/news/state/10340362/california-drops-lawsuit-seeking-to-reinstate-federal-funding-for-the-states-bullet-train.html,https://mymotherlode.com/news/state/10340362/california-drops-lawsuit-seeking-to-reinstate-federal-funding-for-the-states-bullet-train.html/amp,California drops lawsuit seeking to reinstate federal funding for the state bullet train,20251227T011500Z,https://mymotherlode.com/wp-content/uploads/2025/12/AP_3f03b48a90f14f628e1eeaa5ffcb7386_0836c33616.jpg,mymotherlode.com,English,United States
https://www.wcvb.com/article/california-drops-lawsuit-bullet-train/69869397,,California drops lawsuit seeking to reinstate federal funding for bullet train,20251227T014500Z,"https://kubrick.htvapps.com/htv-prod-media.s3.amazonaws.com/images/ap2694ef85bc9c83.jpg?crop=1.00xw:0.847xh;0,0.00719xh",wcvb.com,English,United States
https://www.gulfcoastnewsnow.com/article/california-drops-lawsuit-bullet-train/69869397,,California drops lawsuit seeking to reinstate federal funding for bullet train,20251227T014500Z,"https://kubrick.htvapps.com/htv-prod-media.s3.amazonaws.com/images/ap2694ef85bc9c83.jpg?crop=1.00xw:0.847xh;0,0.00719xh",gulfcoastnewsnow.com,English,
https://ktar.com/national-news/california-drops-lawsuit-seeking-to-reinstate-federal-funding-for-the-states-bullet-train/5797268/,,California drops lawsuit seeking to reinstate federal funding for the state bullet train,20251227T014500Z,https://ktar.com/wp-content/uploads/2025/12/California-High-Speed_Rail_65709.jpg,ktar.com,English,United States
https://www.wlwt.com/article/california-drops-lawsuit-bullet-train/69869397,,California drops lawsuit seeking to reinstate federal funding for bullet train,20251227T021500Z,"https://kubrick.htvapps.com/htv-prod-media.s3.amazonaws.com/images/ap2694ef85bc9c83.jpg?crop=1.00xw:0.847xh;0,0.00719xh",wlwt.com,English,United States
https://santamariatimes.com/ap/national/california-drops-lawsuit-seeking-to-reinstate-federal-funding-for-the-states-bullet-train/article_5e2c6381-2a93-46f2-8902-24dd496d2920.html,https://santamariatimes.com/ap/national/california-drops-lawsuit-seeking-to-reinstate-federal-funding-for-the-states-bullet-train/article_5e2c6381-2a93-46f2-8902-24dd496d2920.amp.html,California drops lawsuit seeking to reinstate federal funding for the state bullet train,20251227T023000Z,https://bloximages.chicago2.vip.townnews.com/santamariatimes.com/content/tncms/assets/v3/editorial/d/00/d00cd651-6126-4b50-9023-c717bfc44e52/694f162280504.image.jpg?crop=1024%2C538%2C0%2C72,santamariatimes.com,English,United States
https://www.wmtw.com/article/california-drops-lawsuit-bullet-train/69869397,,California drops lawsuit seeking to reinstate federal funding for bullet train,20251227T024500Z,"https://kubrick.htvapps.com/htv-prod-media.s3.amazonaws.com/images/ap2694ef85bc9c83.jpg?crop=1.00xw:0.847xh;0,0.00719xh",wmtw.com,English,United States
https://www.wvtm13.com/article/california-drops-lawsuit-bullet-train/69869397,,California drops lawsuit seeking to reinstate federal funding for bullet train,20251227T024500Z,"https://kubrick.htvapps.com/htv-prod-media.s3.amazonaws.com/images/ap2694ef85bc9c83.jpg?crop=1.00xw:0.847xh;0,0.00719xh",wvtm13.com,English,United States
https://thebusinessjournal.com/california-drops-lawsuit-seeking-to-reinstate-federal-funding-for-the-states-bullet-train/,,California drops lawsuit seeking to reinstate federal funding for the state bullet train,20251227T024500Z,,thebusinessjournal.com,English,United States
https://www.wsls.com/business/2025/12/26/california-drops-lawsuit-seeking-to-reinstate-federal-funding-for-the-states-bullet-train/,,California drops lawsuit seeking to reinstate federal funding for the state bullet train,20251227T030000Z,"https://res.cloudinary.com/graham-media-group/image/upload/f_auto/q_auto/c_thumb,w_700/v1/media/gmg/37WKTC6OWBACXENJVZJ2RE4S7A.jpg?_a=DATAg1eAZAA0",wsls.com,English,United States
https://www.mynbc5.com/article/california-drops-lawsuit-bullet-train/69869397,,California drops lawsuit seeking to reinstate federal funding for bullet train,20251227T031500Z,"https://kubrick.htvapps.com/htv-prod-media.s3.amazonaws.com/images/ap2694ef85bc9c83.jpg?crop=1.00xw:0.847xh;0,0.00719xh",mynbc5.com,English,United States
https://www.wisn.com/article/california-drops-lawsuit-bullet-train/69869397,,California drops lawsuit seeking to reinstate federal funding for bullet train,20251227T031500Z,"https://kubrick.htvapps.com/htv-prod-media.s3.amazonaws.com/images/ap2694ef85bc9c83.jpg?crop=1.00xw:0.847xh;0,0.00719xh",wisn.com,English,United States
https://www.wesh.com/article/california-drops-lawsuit-bullet-train/69869397,,California drops lawsuit seeking to reinstate federal funding for bullet train,20251227T031500Z,"https://kubrick.htvapps.com/htv-prod-media.s3.amazonaws.com/images/ap2694ef85bc9c83.jpg?crop=1.00xw:0.847xh;0,0.00719xh",wesh.com,English,United States
https://www.bozemandailychronicle.com/ap_news/business/california-drops-lawsuit-seeking-to-reinstate-federal-funding-for-the-states-bullet-train/article_564a02d8-aae6-5973-b401-c71116b02b84.html,https://www.bozemandailychronicle.com/ap_news/business/california-drops-lawsuit-seeking-to-reinstate-federal-funding-for-the-states-bullet-train/article_564a02d8-aae6-5973-b401-c71116b02b84.amp.html,California drops lawsuit seeking to reinstate federal funding for the state bullet train,20251227T031500Z,https://bloximages.chicago2.vip.townnews.com/bozemandailychronicle.com/content/tncms/assets/v3/editorial/d/96/d96010bf-4928-56ca-af4e-b254e2c153f0/694f45da1b914.image.jpg?crop=1763%2C926%2C0%2C124,bozemandailychronicle.com,English,United States
https://www.smdailyjournal.com/news/national/california-drops-lawsuit-seeking-to-reinstate-federal-funding-for-the-states-bullet-train/article_9b131b1a-8167-5277-aab5-b139b80dfcb5.html,,California drops lawsuit seeking to reinstate federal funding for the state bullet train,20251227T034500Z,https://bloximages.newyork1.vip.townnews.com/smdailyjournal.com/content/tncms/custom/image/0b0b7a5a-a1d1-11e6-9041-cbc40d61c8f5.jpg,smdailyjournal.com,English,United States
https://www.kcra.com/article/california-drops-lawsuit-bullet-train/69869397,,California drops lawsuit seeking to reinstate federal funding for bullet train,20251227T034500Z,"https://kubrick.htvapps.com/htv-prod-media.s3.amazonaws.com/images/ap2694ef85bc9c83.jpg?crop=1.00xw:0.847xh;0,0.00719xh",kcra.com,English,United States
https://www.wtae.com/article/california-drops-lawsuit-bullet-train/69869397,,California drops lawsuit seeking to reinstate federal funding for bullet train,20251227T034500Z,"https://kubrick.htvapps.com/htv-prod-media.s3.amazonaws.com/images/ap2694ef85bc9c83.jpg?crop=1.00xw:0.847xh;0,0.00719xh",wtae.com,English,United States
https://www.wxii12.com/article/california-drops-lawsuit-bullet-train/69869397,,California drops lawsuit seeking to reinstate federal funding for bullet train,20251227T034500Z,"https://kubrick.htvapps.com/htv-prod-media.s3.amazonaws.com/images/ap2694ef85bc9c83.jpg?crop=1.00xw:0.847xh;0,0.00719xh",wxii12.com,English,United States
https://www.wbaltv.com/article/california-drops-lawsuit-bullet-train/69869397,,California drops lawsuit seeking to reinstate federal funding for bullet train,20251227T034500Z,"https://kubrick.htvapps.com/htv-prod-media.s3.amazonaws.com/images/ap2694ef85bc9c83.jpg?crop=1.00xw:0.847xh;0,0.00719xh",wbaltv.com,English,United States
https://www.koat.com/article/california-drops-lawsuit-bullet-train/69869397,,California drops lawsuit seeking to reinstate federal funding for bullet train,20251227T040000Z,"https://kubrick.htvapps.com/htv-prod-media.s3.amazonaws.com/images/ap2694ef85bc9c83.jpg?crop=1.00xw:0.847xh;0,0.00719xh",koat.com,English,United States
https://www.ketv.com/article/california-drops-lawsuit-bullet-train/69869397,,California drops lawsuit seeking to reinstate federal funding for bullet train,20251227T050000Z,"https://kubrick.htvapps.com/htv-prod-media.s3.amazonaws.com/images/ap2694ef85bc9c83.jpg?crop=1.00xw:0.847xh;0,0.00719xh",ketv.com,English,United States
https://www.ksbw.com/article/california-drops-lawsuit-bullet-train/69869397,,California drops lawsuit seeking to reinstate federal funding for bullet train,20251227T050000Z,"https://kubrick.htvapps.com/htv-prod-media.s3.amazonaws.com/images/ap2694ef85bc9c83.jpg?crop=1.00xw:0.847xh;0,0.00719xh",ksbw.com,English,United States
https://www.2news.com/news/national/california-drops-lawsuit-seeking-to-reinstate-federal-funding-for-the-states-bullet-train/article_5fec2374-1afc-50d2-b810-2db9d1dfd284.html,,California drops lawsuit seeking to reinstate federal funding for the state bullet train,20251227T053000Z,https://bloximages.newyork1.vip.townnews.com/2news.com/content/tncms/assets/v3/editorial/0/00/0002b7a2-4528-5d0f-9886-cc39060b10aa/694f455e9a1ef.image.jpg?crop=1763%2C926%2C0%2C124,2news.com,English,
https://www.dailygazette.com/the_recorder/ap/business/california-drops-lawsuit-seeking-to-reinstate-federal-funding-for-the-states-bullet-train/article_28626d25-c99d-5252-939f-34c3dccef7c5.html,,California drops lawsuit seeking to reinstate federal funding for the state bullet train,20251227T053000Z,https://bloximages.chicago2.vip.townnews.com/dailygazette.com/content/tncms/assets/v3/editorial/e/9e/e9e24d90-df09-5a62-9da9-76348442f4bb/694f45d828997.image.jpg?crop=1763%2C926%2C0%2C124,dailygazette.com,English,United States
https://www.kcci.com/article/california-drops-lawsuit-bullet-train/69869397,,California drops lawsuit seeking to reinstate federal funding for bullet train,20251227T053000Z,"https://kubrick.htvapps.com/htv-prod-media.s3.amazonaws.com/images/ap2694ef85bc9c83.jpg?crop=1.00xw:0.847xh;0,0.00719xh",kcci.com,English,United States
https://www.wpbf.com/article/california-drops-lawsuit-bullet-train/69869397,,California drops lawsuit seeking to reinstate federal funding for bullet train,20251227T054500Z,"https://kubrick.htvapps.com/htv-prod-media.s3.amazonaws.com/images/ap2694ef85bc9c83.jpg?crop=1.00xw:0.847xh;0,0.00719xh",wpbf.com,English,United States
https://www.wlky.com/article/california-drops-lawsuit-bullet-train/69869397,,California drops lawsuit seeking to reinstate federal funding for bullet train,20251227T054500Z,"https://kubrick.htvapps.com/htv-prod-media.s3.amazonaws.com/images/ap2694ef85bc9c83.jpg?crop=1.00xw:0.847xh;0,0.00719xh",wlky.com,English,United States
https://theasian.asia/archives/203330,,"From Political Changes to Economic Growth , from Wars to Disasters : Asia Defining Year 2025 ( X ) ",20251227T054500Z,https://theasian.asia/wp-content/uploads/2025/12/Kuban-Abdymen_3.jpg,theasian.asia,English,China
https://www.clickorlando.com/business/2025/12/26/california-drops-lawsuit-seeking-to-reinstate-federal-funding-for-the-states-bullet-train/,,California drops lawsuit seeking to reinstate federal funding for the state bullet train,20251227T054500Z,"https://res.cloudinary.com/graham-media-group/image/upload/f_auto/q_auto/c_thumb,w_700/v1/media/gmg/37WKTC6OWBACXENJVZJ2RE4S7A.jpg?_a=DATAg1eAZAA0",clickorlando.com,English,United States
https://www.news4jax.com/business/2025/12/26/california-drops-lawsuit-seeking-to-reinstate-federal-funding-for-the-states-bullet-train/,,California drops lawsuit seeking to reinstate federal funding for the state bullet train,20251227T060000Z,"https://res.cloudinary.com/graham-media-group/image/upload/f_auto/q_auto/c_thumb,w_700/v1/media/gmg/37WKTC6OWBACXENJVZJ2RE4S7A.jpg?_a=DATAg1eAZAA0",news4jax.com,English,United States
https://abcnews.go.com/Business/wireStory/california-drops-lawsuit-seeking-reinstate-federal-funding-states-128714808,https://abcnews.go.com/amp/Business/wireStory/california-drops-lawsuit-seeking-reinstate-federal-funding-states-128714808,California drops lawsuit seeking to reinstate federal funding for the state bullet train,20251227T060000Z,https://i.abcnewsfe.com/a/d3976eb1-9c55-4632-90c0-007115026080/wirestory_c784bfd941fd8bda80e3a8e45c21ed0e_16x9.jpg,abcnews.go.com,English,United States
https://www.clickondetroit.com/business/2025/12/26/california-drops-lawsuit-seeking-to-reinstate-federal-funding-for-the-states-bullet-train/,,California drops lawsuit seeking to reinstate federal funding for the state bullet train,20251227T060000Z,"https://res.cloudinary.com/graham-media-group/image/upload/f_auto/q_auto/c_thumb,w_700/v1/media/gmg/37WKTC6OWBACXENJVZJ2RE4S7A.jpg?_a=DATAg1eAZAA0",clickondetroit.com,English,United States
https://www.kob.com/ap-top-news/california-drops-lawsuit-seeking-to-reinstate-federal-funding-for-the-states-bullet-train/,,California drops lawsuit seeking to reinstate federal funding for the state bullet train,20251227T061500Z,https://www.kob.com/wp-content/uploads/apimg/2025/12/California-High-Speed_Rail_65709.jpg,kob.com,English,United States
https://www.thv11.com/article/news/nation-world/california-drops-lawsuit-seeking-to-reinstate-federal-funding-for-the-states-bullet-train/616-93ecb754-d734-4e9c-9fc5-f22c92bb914d,,California drops lawsuit seeking to reinstate federal funding for the state bullet train,20251227T061500Z,https://assets.tegnaone.com/assets/AssociatedPress/images/525db2a1-179d-4fce-8383-41235b2a900b/20251226T204505/525db2a1-179d-4fce-8383-41235b2a900b.jpg,thv11.com,English,United States
https://santamariatimes.com/ap/national/california-drops-lawsuit-seeking-to-reinstate-federal-funding-for-the-states-bullet-train/article_91d1e823-40e9-5529-a657-691fbb51fc20.html,,California drops lawsuit seeking to reinstate federal funding for the state bullet train,20251227T063000Z,https://bloximages.chicago2.vip.townnews.com/santamariatimes.com/content/tncms/custom/image/b9c888ca-59a2-11eb-a31f-0b4d74fa96dc.jpg,santamariatimes.com,English,United States
https://www.tickerreport.com/banking-finance/13302183/kraneshares-global-carbon-strategy-etf-nysearcakrbn-short-interest-update.html,,KraneShares Global Carbon Strategy ETF ( NYSEARCA : KRBN ) Short Interest Update,20251227T063000Z,,tickerreport.com,English,United States
https://www.journal-news.com/news/nation-world/california-drops-lawsuit-seeking-to-reinstate-federal-funding-for-the-states-bullet-train/QZ7DCZ2SZROSTHUHYXNIZUY4CI/,https://www.daytondailynews.com/news/nation-world/california-drops-lawsuit-seeking-to-reinstate-federal-funding-for-the-states-bullet-train/QZ7DCZ2SZROSTHUHYXNIZUY4CI/?outputType=amp,California drops lawsuit seeking to reinstate federal funding for the state bullet train,20251227T064500Z,https://www.journal-news.com/resizer/v2/5ZKYILQZ4JGP7FXKJDLJJ466DA.jpg?auth=5ad206b6bb436a85bad5fcd87b326814a48233ab6db547fa990d45bb867297d7&smart=true,journal-news.com,English,United States
https://www.wfmz.com/business/california-drops-lawsuit-seeking-to-reinstate-federal-funding-for-the-states-bullet-train/article_213e122a-fd6c-5115-aab0-ea0610f55071.html,,California drops lawsuit seeking to reinstate federal funding for the state bullet train,20251227T070000Z,https://bloximages.newyork1.vip.townnews.com/wfmz.com/content/tncms/assets/v3/editorial/3/14/31464d18-9866-594f-ac38-6e94450a644c/694f4654244cd.image.jpg?crop=1763%2C926%2C0%2C124,wfmz.com,English,United States
https://isp.netscape.com/pf/story/0001/20251226/c784bfd941fd8bda80e3a8e45c21ed0e,,California drops lawsuit seeking to reinstate federal funding for the state bullet train,20251227T070000Z,,isp.netscape.com,English,United States
https://www.santafenewmexican.com/ap/business/california-drops-lawsuit-seeking-to-reinstate-federal-funding-for-the-states-bullet-train/article_127e0418-02a7-5ca7-884b-74429d7be679.html,,California drops lawsuit seeking to reinstate federal funding for the state bullet train,20251227T071500Z,https://bloximages.newyork1.vip.townnews.com/santafenewmexican.com/content/tncms/assets/v3/editorial/e/7f/e7fefcb2-538b-5958-8f77-ac7870f5c787/694f6d49ed057.image.jpg?crop=1763%2C926%2C0%2C124,santafenewmexican.com,English,United States
https://www.cnbc.com/2025/12/27/europe-at-fork-in-the-road-between-ai-competition-and-climate.html,https://www.cnbc.com/amp/2025/12/27/europe-at-fork-in-the-road-between-ai-competition-and-climate.html,Europe at  fork in the road  between AI competition and climate,20251227T080000Z,https://image.cnbcfm.com/api/v1/image/107085122-1657123953776-gettyimages-1237661974-GERMANY_KOLAKOLLEKTIV.jpeg?v=1766488153,cnbc.com,English,United States
https://www.washingtonexaminer.com/policy/infrastructure/4362721/california-drops-lawsuit-trump-high-speed-rail-funding-cut/,,California drops lawsuit over Trump high - speed rail funding cut,20251227T131500Z,https://www.washingtonexaminer.com/wp-content/uploads/2025/12/newsom-drops-suit-trump-high-speed-rail.jpg,washingtonexaminer.com,English,United States
https://www.dailymail.co.uk/news/article-15410737/Going-2026-Australia-managed-decline-feeling-poorer-Heres-bravery-sacrifice-turn-around.html,,"Going into 2026 , Australia is in managed decline . We are all feeling poorer . Here how with bravery and sacrifice we could turn it around",20251227T160000Z,https://i.dailymail.co.uk/1s/2025/12/24/00/104988935-0-image-m-13_1766537843111.jpg,dailymail.co.uk,English,United Kingdom
https://www.ocregister.com/2025/12/27/susan-shelley-who-pays-for-californias-war-on-drivers-you-do/,https://www.ocregister.com/2025/12/27/susan-shelley-who-pays-for-californias-war-on-drivers-you-do/amp/,Susan Shelley : Who pays for California war on drivers ? You do . – Orange County Register,20251227T163000Z,https://www.ocregister.com/wp-content/uploads/2025/05/SJM-L-GASPRICES-XXXX-05.jpg,ocregister.com,English,United States
https://www.redlandsdailyfacts.com/2025/12/27/susan-shelley-who-pays-for-californias-war-on-drivers-you-do/,https://www.redlandsdailyfacts.com/2025/12/27/susan-shelley-who-pays-for-californias-war-on-drivers-you-do/amp/,Susan Shelley : Who pays for California war on drivers ? You do . – Redlands Daily Facts,20251227T164500Z,https://www.redlandsdailyfacts.com/wp-content/uploads/2025/05/SJM-L-GASPRICES-XXXX-05.jpg,redlandsdailyfacts.com,English,United States
https://fortune.com/2025/12/27/california-high-speed-rail-authority-lawsuit-federal-funding-bullet-train-private-investors/,,California drops lawsuit to reinstate federal bullet train funding as group seeks private investors,20251227T173000Z,https://fortune.com/img-assets/wp-content/uploads/2025/12/AP25360728865709-e1766848841580.jpg,fortune.com,English,United States
https://www.pasadenastarnews.com/2025/12/27/susan-shelley-who-pays-for-californias-war-on-drivers-you-do/,https://www.pasadenastarnews.com/2025/12/27/susan-shelley-who-pays-for-californias-war-on-drivers-you-do/amp/,Susan Shelley : Who pays for California war on drivers ? You do . – Pasadena Star News,20251227T173000Z,https://www.pasadenastarnews.com/wp-content/uploads/2025/05/SJM-L-GASPRICES-XXXX-05.jpg,pasadenastarnews.com,English,United States
https://www.dailybulletin.com/2025/12/27/susan-shelley-who-pays-for-californias-war-on-drivers-you-do/,https://www.dailybulletin.com/2025/12/27/susan-shelley-who-pays-for-californias-war-on-drivers-you-do/amp/,Susan Shelley : Who pays for California war on drivers ? You do . – Daily Bulletin,20251227T173000Z,https://www.dailybulletin.com/wp-content/uploads/2025/05/SJM-L-GASPRICES-XXXX-05.jpg,dailybulletin.com,English,United States
https://www.sandiegouniontribune.com/2025/12/27/susan-shelley-who-pays-for-californias-war-on-drivers-you-do/,,Susan Shelley : Who pays for California war on drivers ? You do . – San Diego Union - Tribune,20251227T180000Z,https://www.sandiegouniontribune.com/wp-content/uploads/2025/05/SJM-L-GASPRICES-XXXX-05.jpg,sandiegouniontribune.com,English,United States
https://www.dailybreeze.com/2025/12/27/susan-shelley-who-pays-for-californias-war-on-drivers-you-do/,https://www.dailybreeze.com/2025/12/27/susan-shelley-who-pays-for-californias-war-on-drivers-you-do/amp/,Susan Shelley : Who pays for California war on drivers ? You do . – Daily Breeze,20251227T201500Z,https://www.dailybreeze.com/wp-content/uploads/2025/05/SJM-L-GASPRICES-XXXX-05.jpg,dailybreeze.com,English,United States
https://abc7news.com/post/california-drops-lawsuit-seeking-reinstate-federal-funding-states-bullet-train/18324034/,https://abc7news.com/amp/post/california-drops-lawsuit-seeking-reinstate-federal-funding-states-bullet-train/18324034/,California drops lawsuit seeking to reinstate federal funding for the state bullet train,20251227T201500Z,https://cdn.abcotvs.com/dip/images/18324045_122725-kabc-ca-high-speed-rail.jpg,abc7news.com,English,United States
https://www.sgvtribune.com/2025/12/27/susan-shelley-who-pays-for-californias-war-on-drivers-you-do/,https://www.sgvtribune.com/2025/12/27/susan-shelley-who-pays-for-californias-war-on-drivers-you-do/amp/,Susan Shelley : Who pays for California war on drivers ? You do . – San Gabriel Valley Tribune,20251227T201500Z,https://www.sgvtribune.com/wp-content/uploads/2025/05/SJM-L-GASPRICES-XXXX-05.jpg,sgvtribune.com,English,United States
https://themunicheye.com/germany-energy-transition-electricity-costs-31217,https://themunicheye.com/amp/germany-energy-transition-electricity-costs-31217.html,Concerns Over High Electricity Costs Threaten Germany Energy Transition,20251227T201500Z,https://themunicheye.com/content_images/open-graph-tme.webp,themunicheye.com,English,Germany
https://signalscv.com/2025/12/dan-walters-cap-and-trade-gets-a-new-name/,,Dan Walters | Cap and Trade Gets a New Name,20251227T204500Z,https://signalscv.s3.us-west-1.amazonaws.com/wp-content/uploads/2024/06/03152830/Dan_Walters_Setup-scaled.jpg,signalscv.com,English,United States
https://www.sbsun.com/2025/12/27/susan-shelley-who-pays-for-californias-war-on-drivers-you-do/,https://www.sbsun.com/2025/12/27/susan-shelley-who-pays-for-californias-war-on-drivers-you-do/amp/,Susan Shelley : Who pays for California war on drivers ? You do . – San Bernardino Sun,20251227T210000Z,https://www.sbsun.com/wp-content/uploads/2025/05/SJM-L-GASPRICES-XXXX-05.jpg,sbsun.com,English,United States
https://www.whittierdailynews.com/2025/12/27/susan-shelley-who-pays-for-californias-war-on-drivers-you-do/,https://www.whittierdailynews.com/2025/12/27/susan-shelley-who-pays-for-californias-war-on-drivers-you-do/amp/,Susan Shelley : Who pays for California war on drivers ? You do . – Whittier Daily News,20251227T210000Z,https://www.whittierdailynews.com/wp-content/uploads/2025/05/SJM-L-GASPRICES-XXXX-05.jpg,whittierdailynews.com,English,United States
https://www.el-balad.com/6803841,,California Withdraws Lawsuit to Restore Federal Funding for Bullet Train,20251227T223000Z,https://www.el-balad.com/uploads/images/202512/image_1200x675_69505901116d7.webp,el-balad.com,English,Egypt
https://www.theborneopost.com/2025/12/28/carbon-trading-to-yield-sustainable-revenue-growth/,,Carbon trading to yield sustainable revenue growth,20251227T231500Z,https://www.theborneopost.com/newsimages/2025/12/ok-Column-Between-The-Lines-Toman-Mamora-p1-1.jpg,theborneopost.com,English,Malaysia
https://timesofsandiego.com/politics/2025/12/27/california-drops-suit-over-federal-funds-seeks-private-investors-bullet-train/,,"California drops suit over federal funds , seeks private investors for bullet train",20251227T231500Z,https://i0.wp.com/timesofsandiego.com/wp-content/uploads/2025/08/California-Bullet-Train-edited.jpg?fit=1028%2C771&ssl=1,timesofsandiego.com,English,United States
https://sfist.com/2025/12/27/saturday-links-shark-smacks-surfer-in-marin-county-leaves-nose-imprint-on-surfboard/,,"Saturday Links : Shark Smacks Surfer in Marin County , Leaves Imprint on Surfboard",20251227T231500Z,https://img.sfist.com/2025/12/Plants-and-Bricks-Leanne-Maxwell.jpg,sfist.com,English,United States
https://www.foxla.com/news/california-high-speed-rail-lawsuit-dropped,https://www.foxla.com/news/california-high-speed-rail-lawsuit-dropped.amp,High speed rail : California drops lawsuit seeking to reinstate federal funding,20251228T001500Z,https://images.foxtv.com/static.foxla.com/www.foxla.com/content/uploads/2025/12/1280/720/gettyimages-2206305373.jpg?ve=1&tl=1,foxla.com,English,United States
https://timesofindia.indiatimes.com/technology/tech-news/tesla-bull-dan-ives-on-europes-ai-development-ambitions-they-have-to-choose-if-they-want-to-compete-or/articleshow/126209113.cms,https://timesofindia.indiatimes.com/technology/tech-news/tesla-bull-dan-ives-on-europes-ai-development-ambitions-they-have-to-choose-if-they-want-to-compete-or/amp_articleshow/126209113.cms,Tesla Bull Dan Ives on Europe AI development ambitions : They have to choose if they want to compete or … ,20251228T031500Z,"https://static.toiimg.com/thumb/msid-126209116,width-1070,height-580,imgsize-109046,resizemode-75,overlay-toi_sw,pt-32,y_pad-500/photo.jpg",timesofindia.indiatimes.com,English,India
https://www.mondaq.com:443/unitedstates/shareholders/1722408/simpson-thacher-sustainability-and-esg-regulatory-update-december-2025,,Simpson Thacher Sustainability And ESG : Regulatory Update – December 2025,20251228T050000Z,http://www.mondaq.com/images/MondaqThumb.png,mondaq.com,English,United States
https://mymotherlode.com/news/local/10341909/california-drops-lawsuit-seeking-to-reinstate-federal-funding-for-the-states-bullet-train-2.html,https://mymotherlode.com/news/local/10341909/california-drops-lawsuit-seeking-to-reinstate-federal-funding-for-the-states-bullet-train-2.html/amp,California drops lawsuit seeking to reinstate federal funding for the state bullet train,20251228T193000Z,https://mymotherlode.com/wp-content/uploads/2025/12/AP_3f03b48a90f14f628e1eeaa5ffcb7386_0836c33616.jpg,mymotherlode.com,English,United States
https://www.latimes.com/california/story/2025-12-28/california-drops-trump-lawsuit-seeking-to-reinstate-bullet-train-funding,,California drops suit seeking to reinstate bullet train federal funds,20251228T231500Z,https://california-times-brightspot.s3.amazonaws.com/ac/08/dc2770a14720819864bc43b833ac/3f03b48a90f14f628e1eeaa5ffcb7386.jpg,latimes.com,English,United States
https://www.businesstimes.com.sg/esg/carbon-market-players-focus-driving-demand-credits-2026-cix,,Carbon market players to focus on driving up demand of credits in 2026 : CIX,20251229T000000Z,https://cassette.sphdigital.com.sg/image/businesstimes/88cdcbd396feabfcd105b66c10134c5b5f26c0b19b2dc28c2e56c685ee230b99?&f=webp,businesstimes.com.sg,English,Singapore
https://www.bnnbloomberg.ca/business/international/2025/12/29/europe-wanted-its-carbon-border-tax-to-go-global-is-it-working/,,Europe carbon border tax becomes fully operational on January 1,20251229T013000Z,https://www.bnnbloomberg.ca/resizer/v2/LIDHWQ4BGLDLACOOYWUHZQSMKM.jpg?smart=true&auth=ca68c8b3780ee25820cb402d279a4deaea3822e6c9148b0222d2a37bbe01f6f3,bnnbloomberg.ca,English,Canada
https://www.cp24.com/news/world/2025/12/29/europe-wanted-its-carbon-border-tax-to-go-global-is-it-working/,,Europe carbon border tax becomes fully operational on January 1,20251229T030000Z,https://www.cp24.com/resizer/v2/LIDHWQ4BGLDLACOOYWUHZQSMKM.jpg?smart=true&auth=ca68c8b3780ee25820cb402d279a4deaea3822e6c9148b0222d2a37bbe01f6f3,cp24.com,English,Canada
https://www.indiaspend.com/earthcheckindia/from-street-protests-to-policy-shifts-indias-environmental-year-in-review-975122,,"From protests against air pollution in the national capital region to protests to save the trees in Nashik Tapovan , and from policies to curb greenhouse gas emissions to policies that further forest diversion , this year saw it all",20251229T033000Z,https://www.indiaspend.com/h-upload/2025/12/27/1746580-climate-2025-1500.jpg,indiaspend.com,English,India
https://dailycaller.com/2025/12/28/opinion-trump-puts-coal-in-national-energy-stocking-steve-milloy/,,STEVE MILLOY : Trump Puts Coal In National Energy Stocking,20251229T034500Z,"https://images.dailycaller.com/image/width=1280,height=549,fit=cover,format=webp,f=auto/https://cdn01.dailycaller.com/wp-content/uploads/2025/06/GettyImages-826173358-scaled-e1749820751611.jpg",dailycaller.com,English,United States
https://www.terradaily.com/reports/CO2_soon_to_be_buried_under_North_Sea_oil_platform_999.html,,CO2 soon to be buried under North Sea oil platform,20251229T053000Z,https://www.spxdaily.com/images-hg/north-sea-oil-gas-rigs-platforms-hg.jpg,terradaily.com,English,United States
https://economictimes.indiatimes.com/small-biz/sustainability/europe-wanted-its-carbon-border-tax-to-go-global-is-it-working/articleshow/126224526.cms,https://m.economictimes.com/small-biz/sustainability/europe-wanted-its-carbon-border-tax-to-go-global-is-it-working/amp_articleshow/126224526.cms,Europe wanted its carbon border tax to go global - is it working ? ,20251229T053000Z,"https://img.etimg.com/thumb/msid-126224540,width-1200,height-630,imgsize-297186,overlay-etrise/articleshow.jpg",economictimes.indiatimes.com,English,India
https://www.eco-business.com/news/taiwans-green-jobs-gap-nears-30000-as-net-zero-drive-lifts-demand/,,"Taiwan green jobs gap nears 30 , 000 as net zero drive lifts demand | News | Eco - Business",20251229T070000Z,https://eco-business.imgix.net/ebmedia/fileuploads/pexels-1929144-3877829.jpg?fit=crop&ixlib=django-1.2.0&q=85,eco-business.com,English,China
https://www.argusmedia.com/en/news-and-insights/latest-market-news/2770097-viewpoint-alternative-bunkers-demand-to-rise-in-2026,,Viewpoint : Alternative bunker demand to rise in 2026,20251229T093000Z,https://www.argusmedia.com/-/media/project/argusmedia/mainsite/images/14-generic-hero-banners/herobanner_1600x530_generic-c.jpg?&iar=0&rev=2cf023b4e0484c1bb091b9f72dbf7771&hash=72DBDFEBEF6EE62E751AB5DD2221C77E,argusmedia.com,English,United States
"https://www.premiumbeautynews.com/en/carbon-border-tax-has-the-eu,26841",,Carbon border tax : Has the EU successfully exported its adjustment mechanism ? ,20251229T104500Z,,premiumbeautynews.com,English,France
https://www.hurriyetdailynews.com/eu-carbon-border-tax-to-influence-global-climate-policies-217276,https://www.hurriyetdailynews.com/amp/eu-carbon-border-tax-to-influence-global-climate-policies-217276,EU carbon border tax to influence global climate policies,20251229T120000Z,,hurriyetdailynews.com,English,Turkey
https://moneylife.in/article/from-street-protests-to-policy-shifts-indias-environmental-year-in-review/79241.html,,From Street Protests to Policy Shifts : India Environmental Year in Review,20251229T140000Z,https://www.moneylife.in/site/userimage/image/responsive/envornment291225.jpg,moneylife.in,English,India
https://www.10news.com/news/california-drops-lawsuit-seeking-to-reinstate-federal-funding-for-the-states-bullet-train,,California drops suit seeking to reinstate federal funds for bullet train,20251229T150000Z,http://ewscripps-brightspot.s3.amazonaws.com/23/bc/980225fd4c40a146fa85a88cb47d/high-speed-rail-fresno-ap-041525.png,10news.com,English,United States
https://www.marinelink.com/news/waps-wind-blow-vessel-decarbonization-533897,,WAPS Make Wind Blow For Vessel Decarbonization,20251229T160000Z,https://images.marinelink.com/images/maritime/w800/copyright-jifmar-166678.jpg,marinelink.com,English,United States
https://krcrtv.com/news/local/california-drops-lawsuit-seeking-to-reinstate-federal-funding-for-the-states-bullet-train-12-29-2025,,Redding Chico Eureka,20251229T184500Z,https://krcrtv.com/resources/media2/16x9/977/1320/0x50/90/89474767-bdbd-4cd0-b5c4-5c3defc377ac-Screenshot20251229042801.png,krcrtv.com,English,United States
https://www.jdjournal.com/2025/12/29/california-drops-lawsuit-over-4-billion-high-speed-rail/,,California Drops Lawsuit Over $4 Billion High - Speed Rail,20251229T191500Z,https://d1ew8vst3yq0j8.cloudfront.net/wp-content/uploads/2025/12/California-Drops-Lawsuit-Over-4-Billion-High-Speed-Rail.png,jdjournal.com,English,United States
https://www.argusmedia.com/en/news-and-insights/latest-market-news/2770308-viewpoint-washington-ghg-market-at-crossroads,,Viewpoint : Washington GHG market at crossroads,20251229T191500Z,https://www.argusmedia.com/-/media/project/argusmedia/mainsite/images/14-generic-hero-banners/herobanner_1600x530_generic-c.jpg?&iar=0&rev=2cf023b4e0484c1bb091b9f72dbf7771&hash=72DBDFEBEF6EE62E751AB5DD2221C77E,argusmedia.com,English,United States
http://www.maritimeprofessional.com/news/waps-make-wind-blow-vessel-413848,,WAPS Make Wind Blow for Vessel Decarbonization,20251229T200000Z,https://images.maritimeprofessional.com/images/maritime/w800/copyright-jifmar-group-library-oossanen-166678.jpg,maritimeprofessional.com,English,United States
https://www.kvpr.org/local-news/2025-12-29/california-drops-lawsuit-seeking-to-reinstate-federal-funding-for-the-states-bullet-train,https://www.kvpr.org/local-news/2025-12-29/california-drops-lawsuit-seeking-to-reinstate-federal-funding-for-the-states-bullet-train?_amp=true,California drops lawsuit seeking to reinstate federal funding for the state bullet train,20251229T204500Z,http://npr-brightspot.s3.amazonaws.com/83/d7/2929c72e411e94dee5faa31ca4ef/ap25360728865709.jpg,kvpr.org,English,United States
https://sierrawave.net/the-future-of-california-high-speed-rail/,,The Future of California High - Speed Rail - Sierra Wave : Eastern Sierra News,20251229T231500Z,https://i0.wp.com/sierrawave.net/wp-content/uploads/2025/12/HighSpeedTrain.jpeg,sierrawave.net,English,United States
https://wjla.com/news/local/youngkin-spanberger-greenhouse-gas-program-commonwealth-regional-initiative-taxpayers-rggi-environment-democrat-republican-glenn-abigail-utility-emissions-pollution-climate,,Youngkin says electricity bills will surge if Spanberger rejoins greenhouse gas program,20251230T040000Z,https://wjla.com/resources/media2/16x9/6000/1320/0x313/90/9d0caa59-df11-4a8b-a3b7-1837be7d9a39-AP25057603190477.jpg,wjla.com,English,United States
https://www.argusmedia.com/en/news-and-insights/latest-market-news/2770351-viewpoint-cbam-could-draw-nitrogen-exports-from-the-us,,Viewpoint : CBAM could draw nitrogen exports from the US,20251230T040000Z,https://www.argusmedia.com/-/media/project/argusmedia/mainsite/images/14-generic-hero-banners/herobanner_1600x530_generic-c.jpg?&iar=0&rev=2cf023b4e0484c1bb091b9f72dbf7771&hash=72DBDFEBEF6EE62E751AB5DD2221C77E,argusmedia.com,English,United States
https://www.mondaq.com:443/unitedstates/international-trade-investment/1724540/eu-carbon-border-adjustment-mechanism-financial-obligations-commence-amid-proposed-scope-expansion-to-include-new-downstream-products,,EU Carbon Border Adjustment Mechanism : Financial Obligations Commence Amid Proposed Scope Expansion To Include New Downstream Products,20251230T053000Z,http://www.mondaq.com/images/profile/companythumb/1244.webp?v=20241101121805,mondaq.com,English,United States
https://www.thehindubusinessline.com/news/cbam-to-crush-steel-aluminium-exports-to-the-eu/article70453278.ece,https://www.thehindubusinessline.com/news/cbam-to-crush-steel-aluminium-exports-to-the-eu/article70453278.ece/amp/,"CBAM to crush steel , aluminium exports to the EU - The HinduBusinessLine",20251230T150000Z,https://bl-i.thgim.com/public/incoming/azf6fp/article70453340.ece/alternates/LANDSCAPE_1200/IMG_India-tightens-_GIKE_2_1_DGE835MM.jpg,thehindubusinessline.com,English,India
https://www.mondaq.com:443/unitedstates/environmental-law/1725400/new-york-adopts-mandatory-greenhouse-gas-reporting-program,,New York Adopts Mandatory Greenhouse Gas Reporting Program,20251230T154500Z,http://www.mondaq.com/images/MondaqThumb.png,mondaq.com,English,United States
https://www.hellenicshippingnews.com/fueleu-penalties-what-charterers-and-owners-need-to-know/,,FuelEU penalties : What charterers and owners need to know | Hellenic Shipping News Worldwide,20251230T233000Z,,hellenicshippingnews.com,English,China
https://www.themarketsdaily.com/2025/12/30/short-interest-in-kraneshares-european-carbon-allowance-strategy-etf-nysearcakeua-increases-by-51-3.html,,Short Interest in KraneShares European Carbon Allowance Strategy ETF ( NYSEARCA : KEUA ) Increases By 51 . 3 % ,20251230T234500Z,,themarketsdaily.com,English,United States
https://www.uniondemocrat.com/news/article_c99955de-5964-496d-9ed9-6cde2607f635.html,,Wildfire projects in Tuolumne County get nearly $1 . 9M from state,20251231T000000Z,https://bloximages.newyork1.vip.townnews.com/uniondemocrat.com/content/tncms/assets/v3/editorial/3/25/32563b54-153c-11ea-9d43-47fb935ad5de/5de569c73b1de.image.png?crop=1200%2C630%2C0%2C461,uniondemocrat.com,English,United States
