Price,Close,High,Low,Open,Volume
Ticker,KRBN,KRBN,KRBN,KRBN,KRBN
Date,,,,,
2020-07-31,14.327859878540039,14.47628075592825,14.327859878540039,14.47628075592825,9900
2020-08-03,14.388355255126953,14.388355255126953,14.244155218922689,14.244155218922689,5100
2020-08-04,14.556469917297363,14.645099819289902,14.279323703936807,14.349665470990496,1600
2020-08-05,14.652134895324707,14.701373732336355,14.560691532539886,14.560691532539886,11000
2020-08-06,14.460103034973145,14.785785092490661,14.420008934115238,14.77875078079216,2900
2020-08-07,14.349666595458984,14.511451733199946,14.208984391985082,14.511451733199946,1400
2020-08-10,14.41649055480957,14.574757851427776,14.416490554809572,14.42000703936788,5000
2020-08-11,14.27932357788086,14.546622021993683,14.27932357788086,14.490348877179025,4200
2020-08-12,14.173810958862305,14.25118703260916,14.1386407480633,14.173810958862305,2300
2020-08-13,14.15622615814209,14.32152910410175,14.15622615814209,14.208982817133597,2100
2020-08-14,14.152709007263184,14.173810596540154,14.068298625182784,14.068298625182784,2300
2020-08-17,14.356700897216797,14.560691903354556,14.356700897216797,14.525520346266466,2900
2020-08-18,14.486127853393555,14.486127853393555,14.486127853393555,14.486127853393555,100
2020-08-19,14.384839057922363,14.476282428852768,14.384839057922363,14.476282428852768,900
2020-08-20,14.194913864135742,14.286357217038892,14.194913864135742,14.279322906560568,29400
2020-08-21,14.117538452148438,14.124572762956426,14.01343387216847,14.124572762956426,4100
2020-08-24,14.761165618896484,14.884262719029852,14.544513381003988,14.792819350596174,7400
2020-08-25,15.252147674560547,15.306310392833735,14.940534274854558,15.306310392833735,9100
2020-08-26,15.165627479553223,15.425891627694774,15.123422953950534,15.40478869406459,24400
2020-08-27,15.070667266845703,15.468097155181171,14.919432920177986,15.468097155181171,1100
2020-08-28,15.501157760620117,16.199648919627876,15.43433247288927,15.735395098685354,2500
2020-08-31,15.38087272644043,15.475130889253139,15.295760644275282,15.475130889253139,2400
2020-09-01,14.947568893432617,15.390719757355605,14.947568893432617,15.390719757355605,4500
2020-09-02,15.109354972839355,15.109354972839355,14.889889283737979,14.947569833114095,1400
2020-09-03,15.257072448730469,15.369618746731675,15.257072448730467,15.369618746731675,600
2020-09-04,14.849794387817383,15.320379471750531,14.771715278412728,15.320379471750531,6200
2020-09-08,14.543105125427246,14.856125938979808,14.230085653532369,14.71544239712118,11700
2020-09-09,14.576869010925293,14.835022728508115,14.56069130282394,14.77171527001828,18400
2020-09-10,14.972187995910645,14.972187995910646,14.972187995910646,14.972187995910646,100
2020-09-11,15.084734916687012,15.084734916687012,15.084734916687012,15.084734916687012,200
2020-09-14,16.00269317626953,16.108205170638648,15.390721462276165,15.538439327719171,7500
2020-09-15,15.594711303710938,16.051930805903936,15.55250677748052,16.023794902302892,7300
2020-09-16,15.824728012084961,15.8268384396757,15.74172501569036,15.8268384396757,300
2020-09-17,15.243003845214844,15.496233686864526,15.243003845214842,15.496233686864526,3000
2020-09-18,15.193764686584473,15.292242359964915,15.12342291631658,15.292242359964915,75700
2020-09-21,14.479095458984375,14.729511855708918,14.332784996477049,14.694340297419025,46400
2020-09-22,15.000325202941895,15.074183454916366,14.45517751220121,14.497383377607438,45800
2020-09-23,14.514967918395996,14.764679908192509,14.476279880776735,14.588826167492279,30100
2020-09-24,14.490348815917969,14.631031006531048,14.012026416186794,14.251187616052382,11900
2020-09-25,14.349666595458984,14.405939745180088,14.314496380004938,14.335597972614279,20700
2020-09-28,14.878634452819824,14.940534511590341,14.566318019570243,14.574758387815368,3600
2020-09-29,14.631031036376953,14.659168279551524,14.59586082406634,14.59586082406634,1700
2020-09-30,14.623998641967773,14.764680838396677,14.595861397687402,14.595861397687402,6100
2020-10-01,14.545920372009277,14.574759304904655,14.420008477412138,14.574759304904655,3300
2020-10-02,14.613447189331055,14.761165045409872,14.51074865787894,14.518485997921324,8100
2020-10-05,14.69082260131836,14.743577921917444,14.671830095573322,14.743577921917444,1700
2020-10-06,14.59586238861084,14.75061321768607,14.59586238861084,14.75061321768607,10700
2020-10-07,14.577571868896484,15.116386897120282,14.577571868896484,14.905362951817924,5400
2020-10-08,14.479095458984375,14.76468207234105,14.479095458984375,14.76468207234105,7800
2020-10-09,14.384839057922363,14.476282428852768,14.22305256834118,14.462213805122612,7000
2020-10-12,14.356700897216797,14.434076981152874,14.265257532103202,14.30746205895119,800
2020-10-13,14.117538452148438,14.237119052569017,14.117538452148438,14.237119052569017,6100
2020-10-14,14.254704475402832,14.356699971897891,14.152710320565404,14.201949155657465,800
2020-10-15,14.004993438720703,14.736545729521806,13.92761735443966,13.990924815822744,7300
2020-10-16,13.962788581848145,14.040163322643677,13.945203474469965,13.967712465580343,2000
2020-10-19,14.082368850708008,14.082368850708008,14.019061392347227,14.019061392347227,5700
2020-10-20,13.772865295410156,13.976856284208267,13.772865295410156,13.906514517669,11000
2020-10-21,13.639214515686035,13.667351755751785,13.435224891839155,13.639214515686035,6300
2020-10-22,13.653284072875977,13.709557215212595,13.653284072875977,13.656801898954383,1100
2020-10-23,14.254704475402832,14.363734282862133,13.922692511173352,13.922692511173352,1300
2020-10-26,13.670869827270508,14.420007160286085,13.586460780587338,13.962787689389025,30000
2020-10-27,13.75035572052002,13.829137851695114,13.61107959219653,13.639215492620115,1000
2020-10-28,13.336750030517578,13.435229059639857,13.308614123381117,13.435229059639857,4900
2020-10-29,13.456329345703125,13.456329345703125,13.308612828874644,13.35785166781747,1900
2020-10-30,13.59701156616211,13.624444439231393,13.435226442088515,13.456328032915224,71000
2020-11-02,13.46265983581543,13.568876189272757,13.280474800797188,13.512601700471548,3000
2020-11-03,13.927617073059082,14.00499315577689,13.747543801902609,13.747543801902609,2600
2020-11-04,14.173810958862305,14.233601927209659,14.012728871086694,14.082367605790372,3400
2020-11-05,14.363733291625977,14.490348196929418,14.157633227061346,14.157633227061346,6100
2020-11-06,14.356700897216797,14.631032334215297,14.356700897216797,14.54662328051932,6000
2020-11-09,14.6500244140625,14.77171544889227,14.458695979045258,14.518485611866517,3400
2020-11-10,14.666906356811523,14.743578067501623,14.652134705899,14.743578067501623,1500
2020-11-11,14.554359436035156,14.701372910222435,14.490348951499538,14.701372910222435,2100
2020-11-12,14.50441837310791,14.617667698147395,14.476281128175698,14.617667698147395,1400
2020-11-13,14.56069278717041,14.687306375399661,14.490351010382293,14.68027340521287,2400
2020-11-16,14.77171516418457,14.77171516418457,14.77171516418457,14.77171516418457,300
2020-11-17,14.81251335144043,14.820953719578625,14.699262689397324,14.771714884628418,7700
2020-11-18,14.912399291992188,14.976409781169599,14.736545533085003,14.736545533085003,1900
2020-11-19,14.56772518157959,14.708408729595421,14.56772518157959,14.652135578720637,3100
2020-11-20,14.669718742370605,14.842055998764202,14.669718742370605,14.704890295541528,400
2020-11-23,15.024945259094238,15.109354310180342,14.659169126633982,14.785784044920815,10200
2020-11-24,15.250741958618164,15.257073241643571,15.053082227378868,15.123424002699723,11400
2020-11-25,15.235967636108398,15.390718441364548,15.20783173590616,15.306309399100298,18000
2020-11-27,15.53281021118164,15.594710268320325,15.47512966722546,15.51029987980611,5200
2020-11-30,15.763530731201172,15.87607702878446,15.538438136034596,15.798700946074312,7500
2020-12-01,15.865525245666504,15.925314875562895,15.612295421028575,15.840905828455329,2300
2020-12-02,16.075847625732422,16.075847625732422,16.009726707596272,16.06599985796018,500
2020-12-03,15.995658874511719,16.141969341014747,15.925317097668678,16.094136557097297,2600
2020-12-04,16.389570236206055,16.431776105477404,16.037862708891264,16.037862708891264,3200
2020-12-07,16.080066680908203,16.379017507190074,16.080066680908203,16.227783180955928,24200
2020-12-08,16.19261360168457,16.255921058937762,16.1644763577242,16.255921058937762,8400
2020-12-09,16.07303237915039,16.32626085675298,16.07303237915039,16.312193576972206,5100
2020-12-10,16.709623336791992,16.709623336791992,16.516184473153068,16.52321878440546,6100
2020-12-11,16.566829681396484,16.713140126390964,16.566829681396484,16.699071504758972,10300
2020-12-14,16.74127769470215,16.980438919625698,16.727210413327267,16.888995553229158,19100
2020-12-15,17.229448318481445,17.261806420550773,17.085952653470954,17.114088558541685,55700
2020-12-16,17.116195678710938,17.14222249273965,16.966368759641473,17.135188182416822,15600
2020-12-17,17.189350128173828,17.282903902138816,17.154882948291988,17.198494865350728,7000
2020-12-18,16.91361427307129,16.91572470060466,16.713141098951194,16.832721706466486,9600
2020-12-21,16.779964447021484,16.832721108508537,16.625213630534507,16.677968950363926,9300
2020-12-22,16.670936584472656,16.903063488434075,16.670936584472656,16.7694142583782,4200
2020-12-23,17.121122360229492,17.21256572605772,16.97340450262054,17.128156671702083,4800
2020-12-24,17.294864654541016,17.33917960666177,17.16332585539409,17.311043704120916,8700
2020-12-28,17.79640007019043,17.810468693063267,17.578341782292355,17.578341782292355,6500
2020-12-29,17.58537483215332,17.67681819095116,17.522067375424957,17.67681819095116,6100
2020-12-30,17.39545249938965,18.30637497132109,17.381383877495832,17.638131531256303,22800
2020-12-31,17.325111389160156,17.402487470855366,17.254770960336526,17.402487470855366,3200
2021-01-04,17.866741180419922,18.46816069852769,17.796399410321648,18.127005327286227,22300
2021-01-05,17.70706558227539,17.72605808732526,17.634613388315014,17.72605808732526,10400
2021-01-06,17.965219497680664,18.014458332340343,17.72605829362711,17.74012557377443,32900
2021-01-07,18.4273624420166,18.436505838492273,17.98983851032303,17.98983851032303,18600
2021-01-08,18.401338577270508,18.53498781952776,18.04611454849732,18.274723646885512,13300
2021-01-11,18.248695373535156,18.415404380232747,17.747159612962786,18.28878946924201,22700
2021-01-12,18.394302368164062,18.55608749956561,18.35913215408813,18.55608749956561,22100
2021-01-13,17.79640007019043,17.93708361560335,17.592410405165193,17.93708361560335,54700
2021-01-14,17.940597534179688,18.00038850200758,17.726057103517622,17.796397524504513,12100
2021-01-15,16.881959915161133,17.32159428795179,16.881959915161133,17.268837626553857,26900
2021-01-19,17.690887451171875,17.690887451171875,17.304009727567475,17.304009727567475,6000
2021-01-20,17.511516571044922,17.68385249298504,17.497447949188448,17.68385249298504,8900
2021-01-21,17.884326934814453,18.105903049063294,17.71199100057692,17.894879072788594,28300
2021-01-22,18.138259887695312,18.300046367982183,17.901913462563783,17.901913462563783,14600
2021-01-25,17.67752456665039,18.288791900231043,17.226634978872536,18.02852773285987,31600
2021-01-26,17.61351203918457,17.796398756399228,17.38138380389244,17.669785184863915,22100
2021-01-27,17.497447967529297,17.71902406619933,17.050779285550234,17.071882218357068,26900
2021-01-28,17.937082290649414,17.937082290649414,17.673301668728097,17.733091299034605,10000
2021-01-29,17.58537483215332,17.803433104407887,17.58537483215332,17.803433104407887,36700
2021-02-01,17.296972274780273,17.564269342996354,17.296972274780273,17.515030515297926,14400
2021-02-02,18.288789749145508,18.288789749145508,17.93708225396963,18.239550914486102,92600
2021-02-03,19.139921188354492,19.69561967312768,18.668634434167394,18.668634434167394,95100
2021-02-04,19.168058395385742,19.280604685970996,19.132888182699457,19.280604685970996,38900
2021-02-05,19.429027557373047,19.632314198251546,19.34391413126351,19.611211263475194,71700
2021-02-08,19.519765853881836,19.590107620785904,19.39104051436342,19.590107620785904,59300
2021-02-09,19.459976196289062,19.512731515148538,19.28482547869626,19.435355437498842,28900
2021-02-10,19.945331573486328,20.04732706828772,19.55493604222814,19.681550954166752,25800
2021-02-11,19.48459815979004,20.04732968444467,19.125856309701042,20.026226749148453,54400
2021-02-12,20.156356811523438,20.574888243217796,19.625277748276226,19.73078972734582,38100
2021-02-16,19.744857788085938,20.180975655284012,19.625277190762077,20.180975655284012,119300
2021-02-17,19.252470016479492,19.632313436103605,19.139922377032594,19.505698515676333,36600
2021-02-18,19.491628646850586,19.512731579458492,19.336877832698782,19.435355501553783,25500
2021-02-19,19.125856399536133,19.5197684686446,19.0906848405439,19.5197684686446,47600
2021-02-22,19.330547332763672,19.540868257537173,19.0393325061626,19.125853319859758,27400
2021-02-23,19.657636642456055,19.69562165671382,19.062548371793852,19.280606664471872,17700
2021-02-24,19.920711517333984,19.976984660650732,19.581665258646126,19.660448732615624,18200
2021-02-25,19.50569725036621,19.906643577938553,19.4972568823255,19.892576297870704,53900
2021-02-26,19.13288688659668,19.498661635391574,19.13288688659668,19.484594356264576,19000
2021-03-01,19.087167739868164,19.224333461369483,19.06254832019653,19.224333461369483,27900
2021-03-02,19.3509464263916,19.597141939829903,19.203228581665577,19.315774872096068,30600
2021-03-03,19.15399169921875,19.34391408679606,19.06254833204694,19.245436408048306,20200
2021-03-04,19.372051239013672,19.498664821792527,19.233478119121816,19.259503596002897,38900
2021-03-05,19.554935455322266,19.62879504617477,19.423398005561676,19.604175629776456,65000
2021-03-08,19.449424743652344,19.4916292685567,19.223629126673497,19.308742546751937,33100
2021-03-09,20.01215934753418,20.096568404898427,19.484598043205416,19.780032427295836,17900
2021-03-10,20.383562088012695,20.399036768557355,20.251320249746282,20.370899522122244,160500
2021-03-11,20.61709213256836,21.095414520744253,20.50102936165785,20.560818989351052,219500
2021-03-12,20.79998016357422,20.891424859750988,20.68039956664445,20.77184426282122,112900
2021-03-15,20.631160736083984,20.750741333025346,20.46234130657692,20.750741333025346,135500
2021-03-16,20.265384674072266,20.680399608872573,20.265384674072266,20.680399608872573,81600
2021-03-17,20.92659568786621,20.940664309486127,20.26538522996362,20.39903445203765,60400
2021-03-18,20.511581420898438,20.799981465368802,20.42365454534875,20.79294715432591,124800
2021-03-19,20.36386489868164,20.47641119196813,20.059988833482002,20.40606942324966,120600
2021-03-22,20.91956329345703,21.03210959341133,20.483446716548546,20.58192439359413,581500
2021-03-23,20.16761016845703,20.441238547447263,20.15846677208728,20.356829502809457,377600
2021-03-24,20.23724937438965,20.328692731811813,19.78002990396362,20.026224074583908,117200
2021-03-25,19.646379470825195,19.77299437457414,19.414252594504646,19.765960064181694,164500
2021-03-26,19.998088836669922,20.159873966063614,19.78003056045853,20.054361983487627,116100
2021-03-29,20.08953094482422,20.191526436341324,20.00512190068822,20.12470249792886,136800
2021-03-30,20.068429946899414,20.173941926012176,19.986833014614533,20.110634470213,73600
2021-03-31,20.180978775024414,20.631163991409874,20.11767131126299,20.15987583988468,73300
2021-04-01,20.188011169433594,20.293523151795988,20.012157418277056,20.293523151795988,169200
2021-04-05,20.17394256591797,20.29352317048082,20.17394256591797,20.237250023725224,79700
2021-04-06,20.79998016357422,20.920263789066983,20.68039956664445,20.68039956664445,142900
2021-04-07,20.645231246948242,20.810532865454913,20.5467522311455,20.78591344691865,130800
2021-04-08,20.58192253112793,20.722604722511555,20.497512142971672,20.722604722511555,160500
2021-04-09,20.61005973815918,20.65226560573938,20.469377537864904,20.588958146026766,233300
2021-04-12,20.940664291381836,21.003971746959138,20.87735683580453,20.975834503743624,150400
2021-04-13,20.764812469482422,21.053212530864865,20.67336776222005,21.025075285043297,243300
2021-04-14,20.80560874938965,20.891426540652134,20.645231016381334,20.891426540652134,201500
2021-04-15,21.00397300720215,21.053211844126036,20.849220843546867,20.996938695976212,236800
2021-04-16,21.025074005126953,21.13762029824644,20.961766547540037,21.13762029824644,228600
2021-04-19,20.912527084350586,21.1868598395461,20.7859121729769,21.17982552873005,220400
2021-04-20,21.355680465698242,21.355680465698242,21.056728276795322,21.130587873656037,474100
2021-04-21,21.805864334106445,21.805864334106445,21.46822546641488,21.52449861103014,362900
2021-04-22,21.918411254882812,22.136469528842767,21.812899273396226,22.136469528842767,419300
2021-04-23,22.206809997558594,22.206809997558594,21.94654721456555,21.953580183483147,489800
2021-04-26,22.417837142944336,22.460041668226435,22.213846144375125,22.445973045913178,573600
2021-04-27,22.354530334472656,22.572588620040644,22.227915413285533,22.460042321576022,322800
2021-04-28,22.600725173950195,22.61479379624223,22.30528947244816,22.49521184841761,381900
2021-04-29,22.565555572509766,22.664033247912236,22.403769095074374,22.664033247912236,350000
2021-04-30,22.783613204956055,22.97986553306196,22.544451978893658,22.586657848192488,270100
2021-05-03,23.07904624938965,23.07904624938965,22.83284939864502,22.9664999609483,861600
2021-05-04,22.790647506713867,22.875056556990717,22.579620856048756,22.875056556990717,297800
2021-05-05,22.952434539794922,23.001673380146308,22.82581961222977,22.938365916363733,244200
2021-05-06,23.14235496520996,23.402617768288874,23.100149098501763,23.402617768288874,298600
2021-05-07,23.866870880126953,23.866870880126953,23.290070801668723,23.487026140659754,647700
2021-05-10,24.176374435424805,24.542150582185872,24.02162494960257,24.542150582185872,729900
2021-05-11,24.542150497436523,24.605457958836467,24.162305729036856,24.577320713033057,918000
2021-05-12,25.06970977783203,25.18647692360058,24.79889618773435,24.921993274142388,1254100
2021-05-13,24.90089225769043,24.957164062783118,24.380363973177754,24.612492212887748,546700
2021-05-14,25.984148025512695,25.984148025512695,25.322938919713632,25.533962874048214,621700
2021-05-17,25.604305267333984,26.019320195393643,25.48472333044472,26.019320195393643,720200
2021-05-18,24.647661209106445,25.18225540600155,24.387395738047296,24.999368694339193,779500
2021-05-19,23.212692260742188,23.782459309499245,23.072008740680758,23.529229510051664,841700
2021-05-20,24.49994659423828,24.619525860426116,24.211543858176245,24.267818348134313,721600
2021-05-21,24.021625518798828,24.74614217635563,23.909079215845193,24.739106523056044,474800
2021-05-24,24.40850067138672,24.61952463156566,24.40850067138672,24.584354418755044,243900
2021-05-25,24.753171920776367,24.89385545196495,24.535114996583484,24.70393308735764,183900
2021-05-26,24.584354400634766,25.104879989804818,24.464772457188523,25.055641155243197,289800
2021-05-27,24.04975700378418,24.492909188893066,23.880938912619488,24.478840567410145,385300
2021-05-28,24.197479248046875,24.37333301385153,23.46592693830378,24.281888304304765,278400
2021-06-01,24.211545944213867,24.619527981614976,24.127136885319555,24.612495011421952,375900
2021-06-02,24.120101928710938,24.242495993188363,23.916110926810102,24.021624254225124,252000
2021-06-03,23.634742736816406,23.852802351058237,23.56440231070756,23.845769381773454,414700
2021-06-04,23.6699161529541,24.056793871678718,23.56299677093383,24.028656627291213,292200
2021-06-07,24.45070457458496,24.50416426562733,24.155271558283953,24.25374923038429,382400
2021-06-08,24.53511619567871,24.611786563854853,24.450704462851036,24.54214916509003,255200
2021-06-09,24.943096160888672,25.25260048943863,24.830549864138334,25.048609488042587,269300
2021-06-10,24.77427864074707,25.195623564024725,24.66173234134676,25.03454145498865,327100
2021-06-11,24.549184799194336,24.654695440175935,24.34519380332182,24.64062681804866,156400
2021-06-14,24.668764114379883,25.090812045827843,24.626558247908964,25.083779076407012,307100
2021-06-15,24.373332977294922,24.457742033426207,24.32057631096955,24.366297324016596,189300
2021-06-16,24.007556915283203,24.654697486970583,23.9864526386826,24.499947997354116,175700
2021-06-17,23.634742736816406,24.12010080023931,23.565808367901464,23.810596485403774,456500
2021-06-18,24.141202926635742,24.225611976500815,23.95831620470887,24.155271548832474,324200
2021-06-21,24.41553497314453,24.605457352665507,24.30650650248662,24.514012647714953,292800
2021-06-22,24.93606185913086,24.943094828351555,24.672281238653415,24.753172459609967,287200
2021-06-23,25.351078033447266,25.67464829952782,25.238531737275103,25.322940788575387,525300
2021-06-24,25.477693557739258,25.590239856586997,25.375698055140457,25.428454719700586,583400
2021-06-25,25.477693557739258,25.646511664353156,25.337010013350728,25.646511664353156,215400
2021-06-28,25.58320426940918,25.70981919135329,25.53396543124374,25.70981919135329,306100
2021-06-29,25.597270965576172,25.752023121485724,25.550846928792442,25.730921530521776,251100
2021-06-30,26.019319534301758,26.019319534301758,25.68871365736,25.68871365736,247100
2021-07-01,26.490610122680664,26.51030565780343,26.27255049573905,26.46247287727231,490800
2021-07-02,26.47654151916504,26.49061014187941,26.244415952666433,26.49061014187941,454500
2021-07-06,24.703935623168945,26.17407317420029,24.62655953890696,26.17407317420029,974000
2021-07-07,25.076744079589844,25.175221743411658,24.79537702582887,24.95716214258115,435400
2021-07-08,24.96419906616211,25.203360269044765,24.689864967281675,25.05564108247369,355300
2021-07-09,25.414384841918945,25.6113401843476,25.3229401400848,25.3229401400848,203000
2021-07-12,24.5280818939209,24.732072901183663,24.422571247047898,24.732072901183663,829100
2021-07-13,24.89385414123535,25.03453766501656,24.753170617454145,24.957161592771143,263300
2021-07-14,24.90089225769043,25.217426863381807,24.719408910895385,24.90089225769043,286000
2021-07-15,24.985300064086914,25.210392639890973,24.784826904907828,25.062676140141154,189900
2021-07-16,25.05564308166504,25.05564308166504,24.79538026706951,25.027508519263275,113400
2021-07-19,24.57028579711914,24.957163504668795,24.49642754522182,24.90089170083451,353300
2021-07-20,24.267818450927734,24.28188707347684,23.923143906763034,24.14120353130114,291900
2021-07-21,24.485877990722656,24.542149797408953,24.26781836693923,24.40850190862804,149400
2021-07-22,23.8176326751709,24.0427252637741,23.71915500307141,24.0427252637741,308800
2021-07-23,24.141202926635742,24.16230451827318,23.884457950662515,24.028656632377206,213900
2021-07-26,24.93606185913086,24.971232071864804,24.584354365160934,24.61952457789488,359800
2021-07-27,24.81648063659668,24.95646114632257,24.71800296475547,24.950131205508583,147700
2021-07-28,25.14708709716797,25.14708709716797,24.851654075206604,24.872755667256595,166500
2021-07-29,25.30887222290039,25.33560341058324,24.971233333626664,25.097848252518734,217700
2021-07-30,24.957164764404297,25.11191692856151,24.903002043612346,25.00640360148789,225100
2021-08-02,25.421417236328125,25.642994674864106,25.322939567341123,25.639476848595933,160600
2021-08-03,25.505826950073242,25.72388656803936,25.337008851202626,25.71685359863446,225400
2021-08-04,25.84346580505371,25.87863601502162,25.597268968648308,25.702782281867055,168900
2021-08-05,26.124835968017578,26.131871621562137,25.65636126129074,25.83643588894975,370100
2021-08-06,26.202207565307617,26.202207565307617,25.977114990150053,26.174070322584132,220200
2021-08-09,26.181106567382812,26.265515614148228,26.01228579053676,26.237378370788015,266800
2021-08-10,26.293651580810547,26.39212924447445,26.188138264990602,26.244412748978597,216900
2021-08-11,26.69460105895996,26.714296594032586,26.300687674192076,26.363995134541998,321700
2021-08-12,26.019319534301758,26.652391363574136,25.920839189765367,26.652391363574136,294900
2021-08-13,25.787195205688477,26.040425048894768,25.74498933738229,26.040425048894768,274100
2021-08-16,26.891555786132812,26.926726000330497,26.589087114065123,26.701633409486913,769000
2021-08-17,26.349925994873047,26.722737779981312,26.265516943834438,26.687564882342823,455100
2021-08-18,26.223308563232422,26.51874423852395,25.744986181000492,26.497639965300568,578600
2021-08-19,25.09784698486328,25.548032147823392,24.626557547610194,25.540999178602554,514700
2021-08-20,25.16115379333496,25.245562838388054,24.90089100582075,25.076744748281868,222900
2021-08-23,25.54100227355957,25.548035243632636,25.25963517095694,25.533966620170947,333000
2021-08-24,26.061527252197266,26.068562905404235,25.801264433164512,25.801264433164512,475000
2021-08-25,26.096696853637695,26.145935691664846,25.688717526653384,25.899741501529093,366800
2021-08-26,26.45543670654297,26.5890845810885,26.427299464539146,26.476538296388295,282900
2021-08-27,27.69344711303711,27.735652977985673,26.771975203172694,26.87045287140414,1026700
2021-08-30,28.0803279876709,28.127457741353002,27.770826326377623,27.911509875443844,847100
2021-08-31,28.0240535736084,28.199907322769267,27.918540250785775,28.101429652569625,473800
2021-09-01,27.813030242919922,27.946678129323868,27.623107867515166,27.946678129323868,586300
2021-09-02,28.249143600463867,28.344809147605893,28.031084005251913,28.122528697865313,715300
2021-09-03,28.495342254638672,28.65009442299513,28.19287625433855,28.51644653061529,439700
2021-09-07,28.628992080688477,28.84704902131867,28.467206946786423,28.741538377460138,769500
2021-09-08,28.713401794433594,28.7626406326992,28.41796876483996,28.748572009863963,443600
2021-09-09,28.55864715576172,28.77670676586892,28.495339700138032,28.58678439899785,415700
2021-09-10,28.087364196777344,28.256182312345196,27.891111862854828,28.256182312345196,470600
2021-09-13,28.10143280029297,28.47424193161256,27.862271567312433,28.34762700336901,634000
2021-09-14,27.644208908081055,27.742686578553773,27.336113331895582,27.742686578553773,416200
2021-09-15,27.897438049316406,28.298384373967625,27.827097624516796,28.087360416253595,307900
2021-09-16,27.756757736206055,27.798963605970854,27.39801723480956,27.679381649961677,317600
2021-09-17,27.848201751708984,27.99662129587921,27.665315020583545,27.98888529743687,512500
2021-09-20,28.05219268798828,28.289945169519235,27.679380890253796,27.679380890253796,374300
2021-09-21,27.946678161621094,27.946678161621094,27.76379143878774,27.827098897329158,240600
2021-09-22,28.087364196777344,28.223826893241068,27.87634021065975,27.93964767482659,530200
2021-09-23,28.094396591186523,28.305423256295466,28.017023188404156,28.221011516925685,324900
2021-09-24,29.38867950439453,29.38867950439453,28.600855411141183,28.68526446458947,716400
2021-09-27,29.838863372802734,29.97532605618494,29.52936173505392,29.599704845893637,797100
2021-09-28,28.93145751953125,29.824794824160175,28.70636495117129,29.824794824160175,734400
2021-09-29,28.987730026245117,29.12841355572659,28.572715090098097,28.81187628522206,553300
2021-09-30,28.903322219848633,28.903322219848633,28.502375887808228,28.59382058838515,653500
2021-10-01,29.627840042114258,29.64472346240388,29.022902692499834,29.54343099061224,616800
2021-10-04,29.888105392456055,30.148368198632227,29.684114392578486,29.82479793329803,679500
2021-10-05,30.225744247436523,30.50710864525532,30.07802505401765,30.31015329845063,658300
2021-10-06,28.509408950805664,28.840014857836874,28.17950875568885,28.460170115713602,1214300
2021-10-07,28.572715759277344,28.650091836470075,27.749721520006,28.509408303693764,778200
2021-10-08,27.503528594970703,28.16403745977787,27.482427001200772,28.108465993987526,654700
2021-10-11,28.0240535736084,28.178805731530847,27.876337068308935,28.024053573608402,435400
2021-10-12,28.199909210205078,28.23507942572816,28.009986826401896,28.009986826401896,377200
2021-10-13,28.228044509887695,28.249146101083696,27.911507225371373,28.136599809179586,312300
2021-10-14,29.184690475463867,29.233929312392668,28.519960810294307,28.544582912074073,621400
2021-10-15,28.17880630493164,29.10731390472968,28.150669060497684,29.10027825196353,662500
2021-10-18,27.79192352294922,28.34762197802685,27.72861607005031,28.29135017729176,517600
2021-10-19,27.18699073791504,27.67234612039674,26.786044403839878,27.63014025453583,833600
2021-10-20,28.136598587036133,28.206939010177667,27.475389486234235,27.524628319096337,448700
2021-10-21,28.537548065185547,28.58678690350502,28.277285250737563,28.467207634247856,300400
2021-10-22,29.13545036315918,29.19172485569171,28.560058971912383,29.05104130767588,587900
2021-10-25,29.163585662841797,29.191722907229984,28.91035582997875,29.0018005325827,463400
2021-10-26,29.255029678344727,29.395713213666166,29.163584977888505,29.24096105648106,374300
2021-10-27,29.114349365234375,29.198758422443053,28.889256757134195,29.11434936523437,646800
2021-10-28,28.875186920166016,28.875186920166016,28.432740404602345,28.671195914112324,709900
2021-10-29,28.734500885009766,28.917390282627537,28.60788597383291,28.734500885009766,667900
2021-11-01,28.439071655273438,29.05807767169542,28.361695567806244,28.994770207705493,692600
2021-11-02,29.44495391845703,29.466055510934982,29.156553860224864,29.297237404480526,388800
2021-11-03,29.494192123413086,29.7326503098945,29.45198625604763,29.508260745868238,323300
2021-11-04,29.367576599121094,29.958445313477938,29.12841538894534,29.852931988897485,433000
2021-11-05,29.31130027770996,29.31130027770996,29.015867280661762,29.31130027770996,421900
2021-11-08,29.859966278076172,29.859966278076172,29.54342900210487,29.564530592731227,451200
2021-11-09,29.90217399597168,30.03582457905606,29.68411703757605,29.89514102580094,312400
2021-11-10,30.795507431030273,30.879919161892598,30.190570109759808,30.246844597001356,700700
2021-11-11,31.15424919128418,31.224589613887886,30.739234257966018,30.781437438202193,532200
2021-11-12,31.119077682495117,31.35120321406114,30.99949574907655,31.154247892330574,583000
2021-11-15,32.22344207763672,32.28674953489397,31.372307889330248,31.583334535731275,686500
2021-11-16,32.38522720336914,32.638457032381915,32.25157663621503,32.26564525819521,1002200
2021-11-17,32.075721740722656,32.483703713629474,31.738082875204178,32.399294668078646,844300
2021-11-18,32.91278839111328,33.11326155815401,32.05532426373535,32.0757228264081,826600
2021-11-19,33.11677932739258,33.16953330548453,32.800242042264564,32.90575268176372,597200
2021-11-22,32.93389129638672,33.327804676865284,32.814312029980854,33.27153018680461,781200
2021-11-23,32.6806640625,33.15195356271761,32.58922203383625,33.05347588057782,457100
2021-11-24,32.568115234375,33.76392131770686,32.42743169222148,33.348906344177436,675500
2021-11-26,32.96906280517578,33.327805985106124,32.645492524571715,32.8635521571434,488100
2021-11-29,33.517723083496094,33.81315607135526,33.482550189719,33.64433798781147,493000
2021-11-30,33.644344329833984,33.967914620382416,33.50717592153994,33.770956574700946,604500
2021-12-01,34.08749008178711,34.74166624310892,34.050913811431904,34.68539443872046,655500
2021-12-02,34.02418518066406,34.68539704427649,33.70061490200696,34.68539704427649,757700
2021-12-03,33.70061111450195,34.01714838775078,33.447381295902886,33.54585896239915,680500
2021-12-06,35.19184875488281,35.29032641761509,33.99252767187181,34.04528432928269,864100
2021-12-07,36.47206497192383,36.61274850201116,35.599831915349654,35.740515445436984,1158900
2021-12-08,38.504940032958984,38.54011024789647,37.63270421260616,37.815590940270326,1448200
2021-12-09,35.40288162231445,36.96446124693859,35.19959363748816,36.92225806022597,1621700
2021-12-10,36.28215026855469,36.289183238531876,35.45212027883972,35.67017723123424,838100
2021-12-13,35.24812316894531,36.40102021581927,35.219985927272894,36.28917696098922,681400
2021-12-14,34.671329498291016,34.81904601922533,34.221144282120406,34.80497739580555,1210100
2021-12-15,35.2621955871582,35.29736580137867,34.59395078370801,34.59395078370801,796700
2021-12-16,36.528343200683594,36.647922469357376,35.564665348298355,35.663143024456865,665000
2021-12-17,33.039405822753906,34.08045977682285,32.61032221207157,34.04528956091612,1906100
2021-12-20,34.90345001220703,35.10040802819125,33.76391851369797,33.8623961800325,1166900
2021-12-21,34.57284927368164,35.16371799725634,34.36182262122862,35.08634191579895,777500
2021-12-22,34.46733856201172,34.46733856201172,33.91164001058763,34.15783689601991,536000
2021-12-23,33.630271911621094,33.86239746488651,33.48255272319918,33.66544212474431,646000
2021-12-27,34.27741241455078,34.36111843409865,33.93977353865115,34.0523198306177,492100
2021-12-28,34.95972442626953,35.02936182113302,34.67835736590438,34.81904089608695,750000
2021-12-29,35.61577224731445,35.66525801816369,34.968919061078005,35.25522997767318,727400
2021-12-30,35.4814453125,35.573348598316045,35.274311664888316,35.347127199977926,440400
2021-12-31,35.98337936401367,36.004586779014396,35.70766948514427,35.94096183724022,475200
2022-01-03,37.09327697753906,37.245269735774585,36.1318346646792,36.20959877774461,921900
2022-01-04,37.53865051269531,37.814360388542106,36.98016791521359,37.62348556531216,874800
2022-01-05,38.09006881713867,38.45060836388565,37.46795856140038,37.60227668729198,1230600
2022-01-06,37.4184684753418,37.807286329011816,37.25587201641694,37.79314715474378,747800
2022-01-07,37.043792724609375,37.50330378917665,36.9589576722941,37.43967884832617,759300
2022-01-10,35.5733528137207,36.28736637796231,34.816924417746954,36.28736637796231,1680000
2022-01-11,35.64404296875,35.90561366047304,35.241085920905384,35.80664213247918,476800
2022-01-12,35.38247299194336,35.56627955944097,34.73279371473673,35.38954392741651,795500
2022-01-13,35.83491516113281,35.9480258558091,35.16332192842643,35.24108333988938,579700
2022-01-14,36.16718292236328,36.188390337170034,35.841989977057125,36.18132209782511,433600
2022-01-18,35.91975784301758,35.96924361391332,35.62991145772583,35.799576187433445,506800
2022-01-19,35.2340202331543,35.700602253748244,35.22695199354515,35.52386659902671,591900
2022-01-20,36.34391784667969,36.64083513192097,35.82785008807442,35.96923914310494,753800
2022-01-21,35.87733840942383,36.02084713741039,35.368338853751624,36.01165653804972,1016200
2022-01-24,35.036075592041016,35.41782253957766,34.3715478341471,35.347129359567305,1859700
2022-01-25,36.188392639160156,36.23081016824388,35.34006363166289,35.99044956364708,706700
2022-01-26,36.27322769165039,37.17811340445099,36.24494933893234,36.966031152609865,840900
2022-01-27,36.38633728027344,36.761016003495854,36.273226569672026,36.33685151293357,535200
2022-01-28,36.54893112182617,36.73980593784242,36.41461030864518,36.63376347446499,356900
2022-01-31,36.845848083496094,36.874126435125525,36.34391947754793,36.47116936310832,561100
2022-02-01,36.89533233642578,36.902403272429,36.29938079769866,36.49237528094431,597600
2022-02-02,38.73338317871094,38.818215530090065,38.104204737169745,38.174897913857045,1404400
2022-02-03,38.84649658203125,38.89951781662134,38.288011278323445,38.457678689657314,904600
2022-02-04,39.58171463012695,39.63826863190427,39.235311593443086,39.404978992318654,775900
2022-02-07,39.16462326049805,39.5817195251786,38.99495584063979,39.48274529047753,1071000
2022-02-08,39.1292724609375,39.58171799750648,38.89598280150497,39.39084316882239,769300
2022-02-09,37.68003845214844,38.606134189944456,37.22052739958349,38.57785583991132,1089400
2022-02-10,37.39726638793945,37.694180999535654,37.01551671865394,37.01551671865394,689500
2022-02-11,37.70832061767578,37.95221669203925,37.53512042554848,37.59520990287009,635000
2022-02-14,37.07207107543945,37.24880673546175,36.87412799918157,37.043795419382725,656200
2022-02-15,36.718597412109375,37.425540007083335,36.60548670478442,37.27708270936407,659600
2022-02-16,36.61962890625,36.916546222995365,36.442893242902485,36.72567138296739,555200
2022-02-17,35.69353485107422,36.11133766816817,35.53093567175839,36.054074408580284,678800
2022-02-18,36.58427810668945,36.8232255806038,36.40754246366197,36.40754246366197,412200
2022-02-22,36.61962890625,36.80343550632385,36.18132521624439,36.33685346295731,510400
2022-02-23,37.96281433105469,38.295075485743375,37.76486858921125,38.146618201939596,862000
2022-02-24,36.16011428833008,36.230807468095634,34.710879832188695,35.24815770678592,1455300
2022-02-25,36.59842300415039,36.76101949754609,36.21667330829667,36.4570339282669,421100
2022-02-28,34.64019012451172,35.34006454013775,34.43517610716172,35.13505052278776,1319400
2022-03-01,30.108684539794922,32.08388119890134,28.638242681399763,31.97501251639499,4304000
2022-03-02,29.748146057128906,30.489728697365607,29.069479108053393,30.30662866448607,2280000
2022-03-03,28.631174087524414,29.45122736092584,28.53927079832018,29.45122736092584,2027800
2022-03-04,28.214078903198242,28.92808973869774,27.71215030717974,28.779632440738236,1923500
2022-03-07,25.167156219482422,26.241709326613353,24.990420564298496,26.100320263111794,2777800
2022-03-08,28.235288619995117,28.8998164404557,27.238499586076458,27.28798535609728,1447500
2022-03-09,30.47629737854004,30.645962100481572,29.331051066732233,29.86832628190993,1210200
2022-03-10,31.147891998291016,31.649820598217158,30.907531405868752,31.27514188232469,869900
2022-03-11,31.692237854003906,32.09519491773896,31.17616738607601,31.692237854003906,652800
2022-03-14,31.90431785583496,32.872828388751536,31.89017868130245,32.80920345174114,1021600
2022-03-15,32.23657989501953,32.286065658842716,31.508429915816787,31.656887207286342,549300
2022-03-16,32.71730041503906,32.71730041503906,31.826553986876064,31.98915045008154,368800
2022-03-17,33.155609130859375,33.19095572162453,32.82334524476843,32.82334524476843,369800
2022-03-18,32.766788482666016,33.01422001111717,32.60419200802372,32.9081775422421,419900
2022-03-21,32.4133186340332,32.66075017356779,32.095196606702075,32.42745781030136,321700
2022-03-22,32.92231750488281,33.070774807439165,32.614796495211465,32.87283173736403,260800
2022-03-23,31.890180587768555,32.69609470689832,31.508430942884363,32.66074811683985,721300
2022-03-24,32.51935958862305,32.54763793983843,31.77282837587763,31.98915263880854,416800
2022-03-25,32.611263275146484,32.61833151464961,32.04570972787526,32.18002785261092,216300
2022-03-28,33.38182830810547,33.46878032226382,33.21216090833583,33.21216090833583,228500
2022-03-29,34.41396713256836,34.45638466082229,33.972127992818635,34.09584241259414,336800
2022-03-30,33.62925720214844,33.97566024146646,33.395967560788826,33.45959249875451,311600
2022-03-31,32.985939025878906,33.395966996231095,32.51935705427539,33.395966996231095,290800
2022-04-01,33.41717529296875,33.544425170112746,33.24750789118614,33.2969936548786,189100
2022-04-04,33.66460418701172,33.728229125726564,33.14146819915357,33.36768960419037,133300
2022-04-05,33.32527160644531,33.48433529936064,33.28638955018413,33.424243132647646,166000
2022-04-06,33.03542709350586,33.15560873680546,32.86576238114074,33.14853780067326,339000
2022-04-07,33.827205657958984,34.00394132533969,33.64340175046284,33.64340175046284,227500
2022-04-08,34.046356201171875,34.06049537707233,33.89789889937518,33.93324549074029,159200
2022-04-11,33.3040657043457,33.49494052644428,33.16267664759432,33.49494052644428,248100
2022-04-12,33.502010345458984,33.70348888437917,33.40303881009778,33.50908128185455,146800
2022-04-13,33.38889694213867,33.45252188070862,33.08491142416798,33.16267553761702,100300
2022-04-14,33.73530197143555,33.99686998017285,33.62925950198344,33.933245037856,129800
2022-04-18,33.374759674072266,33.82013426950771,33.2984113614894,33.36769143461482,158800
2022-04-19,33.523216247558594,33.85548012707442,33.51614800825424,33.61511953914697,167500
2022-04-20,35.4036865234375,35.87026852920742,35.283504879723736,35.34712982127291,522700
2022-04-21,35.43903350830078,35.806643986145744,35.389547741742035,35.693533277329756,289100
2022-04-22,35.792503356933594,36.18838947332683,35.77836418180927,36.089417944228515,328600
2022-04-25,33.97566223144531,34.187744471495456,33.8809300247838,34.01100882199167,540700
2022-04-26,33.38182830810547,34.39982461640779,33.36768913339368,34.223088977668176,274000
2022-04-27,32.90817642211914,33.16974442052988,32.731440777857735,33.08491206638055,199700
2022-04-28,33.33234405517578,33.46878183862101,32.78941104808632,32.87283029492504,169800
2022-04-29,33.50907897949219,34.13825743686306,33.45252227930196,33.876686743641095,147300
2022-05-02,33.10612487792969,33.38183207398313,33.064413903308626,33.339414545062546,216500
2022-05-03,34.71794891357422,34.83105961321983,34.57797297324793,34.67553138991769,277700
2022-05-04,34.915897369384766,34.965383139592795,34.1524007027665,34.28671883664939,185800
2022-05-05,34.80985641479492,35.523867287120495,34.6896747649349,35.523867287120495,267400
2022-05-06,35.55921173095703,35.870268196432576,35.248157962253444,35.50265772608909,690000
2022-05-09,34.07463455200195,34.753298814572126,34.04635620020185,34.5200091541514,858400
2022-05-10,34.590702056884766,34.838130891202724,34.238643861107754,34.60484123267037,315500
2022-05-11,34.555355072021484,35.29764426328843,34.371548485675305,34.385687661299784,246500
2022-05-12,33.919105529785156,34.378619297212346,33.84841234869112,33.92617646595775,496900
2022-05-13,34.187744140625,34.34327237365016,33.83427284503834,33.91910520088299,228000
2022-05-16,34.852272033691406,34.915896979930935,34.34327516054734,34.37862175361993,175600
2022-05-17,35.17039489746094,35.84905915679972,34.88054853482008,35.48851961176725,431900
2022-05-18,33.57977294921875,33.897897653355216,33.27578742046301,33.36769071205176,663400
2022-05-19,33.41717529296875,33.736006540056934,33.04249659736247,33.127328949867845,415300
2022-05-20,32.752655029296875,33.31113768621507,32.53350183187129,33.23337356142624,478100
2022-05-23,32.710235595703125,32.731443011494704,32.39281742925907,32.519360763262625,233300
2022-05-24,33.480804443359375,33.805997416181825,33.33234713360637,33.41717949678348,226600
2022-05-25,33.63633346557617,33.763580664890426,33.40304109049347,33.473734278642745,92700
2022-05-26,34.753299713134766,34.922967131550166,34.21602449890156,34.21602449890156,193100
2022-05-27,34.618980407714844,34.73209111722521,34.493143630966095,34.64725606251341,142800
2022-05-31,34.7603645324707,34.89468534539097,34.58362889169929,34.61897817727106,233800
2022-06-01,35.2340202331543,35.594559782206495,34.74623079696083,34.74623079696083,469200
2022-06-02,35.50265884399414,35.62283779360518,35.24108813583121,35.417823788863004,177400
2022-06-03,35.51679611206055,35.70059999476087,35.43903199742014,35.580421051605256,71600
2022-06-06,34.23723220825195,34.64018929657235,34.10644684925345,34.64018929657235,263400
2022-06-07,33.8696174621582,34.1594637997833,33.82013169940064,34.06049227426817,121500
2022-06-08,33.93324279785156,34.06049267408525,33.657535631602514,33.86961785973472,254500
2022-06-09,33.685813903808594,34.590699513373146,33.66460379330378,34.435171287939795,188000
2022-06-10,33.89082717895508,33.968591296222435,33.657537523925,33.72116246561902,178700
2022-06-13,32.99300765991211,33.473728811779125,32.965438561551665,33.21216082221884,297500
2022-06-14,33.275787353515625,33.69288358770606,33.247509002811064,33.622190407716616,222100
2022-06-15,34.039283752441406,34.15592721984538,33.45252016060368,33.45252016060368,153200
2022-06-16,33.36769104003906,33.54442668887744,33.04249809340173,33.339412688999644,281400
2022-06-17,32.929386138916016,33.445453890366935,32.77385791086137,33.445453890366935,210000
2022-06-21,33.70702362060547,33.982730805059376,33.55149538454551,33.657537853999486,314400
2022-06-22,32.773860931396484,33.17681801688315,32.66075021786992,33.17681801688315,416800
2022-06-23,33.03542709350586,33.33234438530278,32.89403803535361,32.97180215217595,250800
2022-06-24,33.09198760986328,33.170458289989455,32.94352759846641,32.94352759846641,182400
2022-06-27,33.20509719848633,33.707025833743835,33.18388708513971,33.37476192462612,236800
2022-06-28,34.025146484375,34.26550706488155,33.38182885666217,33.40303627069243,236400
2022-06-29,34.12411880493164,34.279647036158245,33.94738315918212,34.279647036158245,182500
2022-06-30,34.80278015136719,34.81691932546729,34.27257325808596,34.27257325808596,273000
2022-07-01,34.1948127746582,34.31499441886632,33.678745000757495,33.989801470398255,289600
2022-07-05,32.82334518432617,33.28992719317435,32.70316353981952,33.28992719317435,387300
2022-07-06,32.89403533935547,33.170451747903456,32.780924641458626,32.84454957757384,150800
2022-07-07,33.1414680480957,33.381828626948234,33.01421817124602,33.0919822845177,257300
2022-07-08,32.809207916259766,33.0566367623181,32.59005472634227,33.0566367623181,167900
2022-07-11,32.68902587890625,33.02128705559862,32.66781576783557,32.80213658311955,92900
2022-07-12,32.85869216918945,33.08491358851001,32.77385981113726,32.83748475386941,193000
2022-07-13,32.264862060546875,32.590055031777595,32.25072288395786,32.526430085513134,173500
2022-07-14,32.08812713623047,32.286070219484095,31.833627345320227,32.194169614700485,198700
2022-07-15,32.36383056640625,32.68195526791044,32.28606645084168,32.356762327160354,227500
2022-07-18,32.19416809082031,32.57591775911592,32.165889738330534,32.43452869343916,312300
2022-07-19,32.44866943359375,32.519362621453226,32.2669851900872,32.35676613195863,172200
2022-07-20,30.886322021484375,31.621542991712996,30.82269707796897,31.621542991712996,479300
2022-07-21,30.957015991210938,31.01356999486166,30.546988003462598,30.653030468369074,228700
2022-07-22,30.193517684936523,30.98529533562714,30.08535555384103,30.964085223902146,435400
2022-07-25,30.356117248535156,30.624756217962126,30.115756633105185,30.539923852743392,197400
2022-07-26,30.05213165283203,30.29956320488255,29.977902996248556,30.214730839754615,170000
2022-07-27,30.462158203125,30.49043655570678,30.00971534890507,30.214729359964767,143100
2022-07-28,30.98529624938965,31.246864263020996,30.77321130651724,30.928739545484454,138000
2022-07-29,31.133752822875977,31.200910536225567,30.589406696010585,30.702517404400016,409400
2022-08-01,31.81948471069336,32.01743046920917,31.40238847575314,31.423598587205664,210900
2022-08-02,32.17295837402344,32.42038991619596,32.01743282695984,32.03157200337874,129100
2022-08-03,32.88697052001953,33.000081229677136,32.53349921524302,32.547638391046725,158300
2022-08-04,33.09905242919922,33.190955722608976,32.88697018782995,33.00714913578946,135500
2022-08-05,33.19802474975586,33.226303101748606,32.84455344016279,32.84455344016279,111600
2022-08-08,33.16267776489258,33.21923446820739,32.95059552100612,33.21923446820739,115700
2022-08-09,33.83427047729492,33.947381176096215,33.57977073079907,33.784784715117596,360200
2022-08-10,34.47758865356445,34.47758865356445,34.01807491513728,34.01807491513728,285200
2022-08-11,34.852272033691406,35.050217809087826,34.73209307789017,34.7745079108684,309300
2022-08-12,35.09263229370117,35.1209106465874,34.78864674210466,35.07849311725806,366200
2022-08-15,35.06435012817383,35.262295880082064,34.97951777551136,34.97951777551136,146100
2022-08-16,35.42489242553711,35.66525300592801,35.42489242553711,35.45317077541178,180000
2022-08-17,36.47823715209961,36.57721138158021,35.92682278599629,35.962169376710506,295200
2022-08-18,36.4499626159668,36.54893415171208,36.287366136274954,36.435823439892886,245700
2022-08-19,36.51358413696289,36.67618060141219,36.36512415049019,36.41460991372381,147200
2022-08-22,34.82398986816406,35.177461153737994,34.51293610769689,35.1279753894994,309500
2022-08-23,34.25136947631836,34.40689501436339,33.97566229406781,34.180673598323345,259500
2022-08-24,33.544429779052734,34.32913656366727,33.24751245933026,33.98273347345309,516700
2022-08-25,33.12733459472656,33.42424922747521,32.60419582212882,33.00008469589934,282400
2022-08-26,33.438385009765625,33.69995302112134,33.32527429971137,33.395970178977805,285900
2022-08-29,32.3991813659668,33.049567277839465,32.34262466227071,32.70316420963106,454400
2022-08-30,31.0277099609375,31.607402671187657,30.97115595584508,31.607402671187657,360000
2022-08-31,30.9428768157959,31.289277167179364,30.82976611172368,30.865112701101516,459800
2022-09-01,30.759069442749023,30.83895591487307,30.059197822096955,30.34904416235352,283400
2022-09-02,30.278350830078125,30.561126233127595,30.13342631230746,30.313697418362832,261400
2022-09-06,28.093900680541992,28.235287045992802,27.641455142074403,28.13631551146841,569600
2022-09-07,28.058549880981445,28.136313995853715,27.582070735600414,28.086828231257165,381500
2022-09-08,27.28798484802246,27.655595344741347,27.178409601698274,27.563694743140744,284200
2022-09-09,27.273845672607422,27.457649554413504,27.146595794137102,27.287982150862444,234300
2022-09-12,29.055339813232422,29.171985989585934,27.95957932138223,28.05148261457942,401300
2022-09-13,28.023202896118164,28.369605940178236,27.931299607404778,28.32012017627992,211100
2022-09-14,28.730144500732422,28.83618696083465,28.520891190901484,28.723076261885772,151500
2022-09-15,28.829116821289062,28.928088348505806,28.428988690288246,28.433230712422084,152900
2022-09-16,29.012924194335938,29.26035301917221,28.807910198459062,28.970506668604607,155600
2022-09-19,28.171661376953125,28.45443949411273,28.10096819604922,28.327189611068107,1558900
2022-09-20,28.093900680541992,28.256497158228072,28.02320480104453,28.207011390965874,159300
2022-09-21,27.316261291503906,27.804053405348455,27.302122116067775,27.804053405348455,206500
2022-09-22,27.4576473236084,27.825257754125825,27.358675803232874,27.570758017862094,120400
2022-09-23,25.803401947021484,26.45378777013983,25.78926277302695,26.354816248949795,462400
2022-09-26,26.397235870361328,26.920374562678592,25.57718259085971,25.66201494480211,273200
2022-09-27,26.04376220703125,26.266448127106468,25.92358057786804,26.14980466236516,229400
2022-09-28,25.78219985961914,25.80270072227549,25.237853683869865,25.44993594404916,146900
2022-09-29,26.057905197143555,26.072750927322783,25.594149396647335,25.732712241758875,163000
2022-09-30,26.298267364501953,26.63759951605248,26.206364064049033,26.220503240793498,103400
2022-10-03,26.623458862304688,26.623458862304684,25.577184112208894,25.577184112208894,129700
2022-10-04,26.99813461303711,27.14659459588069,26.786052390538558,26.786052390538558,47600
2022-10-05,26.757774353027344,27.21021984886549,26.680012938064905,27.118316562563948,154700
2022-10-06,27.259708404541016,27.415233947173103,26.934512749716657,27.033486981828812,149500
2022-10-07,27.17487144470215,27.62024601930375,27.132456616397544,27.35160708736305,164800
2022-10-10,26.651735305786133,26.720308821057472,26.41137472522065,26.566902952872397,159800
2022-10-11,26.588109970092773,26.84260972180757,26.411374331043255,26.474999268971956,153600
2022-10-12,26.644664764404297,26.778985580009216,26.517414884763802,26.517414884763802,56800
2022-10-13,27.464719772338867,27.57076224429499,26.58104149527813,26.609319847369374,155200
2022-10-14,26.95572280883789,27.252637414271152,26.913305280873676,27.13245846353066,106100
2022-10-17,26.99106788635254,27.15366435593636,26.97692871115761,27.06176106555527,145200
2022-10-18,27.111244201660156,27.323329112248558,27.040551029311796,27.20314748313035,460700
2022-10-19,26.60931968688965,26.899872606428843,26.57397309537481,26.694152045879676,86200
2022-10-20,26.4962100982666,26.774039658949825,26.43258515213613,26.573974220956305,58000
2022-10-21,27.365747451782227,27.390490334959274,26.694151441126944,26.694151441126944,88500
2022-10-24,28.242359161376953,28.323656055227907,27.217291788432213,27.217291788432213,71400
2022-10-25,29.550199508666992,29.861255971948633,29.260353156736706,29.507784679508188,131200
2022-10-26,29.56433868408203,29.861255972054472,29.33104903339192,29.762281744882362,127400
2022-10-27,30.674240112304688,30.815629176866707,30.19351891085709,30.207658086990502,123600
2022-10-28,31.048919677734375,31.158497621527815,30.799371167733405,30.964087315420244,83400
2022-10-31,30.674240112304688,30.706053932797893,30.282593293402694,30.469226103528367,140200
2022-11-01,29.832975387573242,30.023850194811896,29.564336470336794,30.016779259300236,67200
2022-11-02,29.41588020324707,29.896601357340156,29.40880926749085,29.741073131965383,62300
2022-11-03,29.076547622680664,29.175519147469043,28.935158574366497,29.062408448172068,123800
2022-11-04,29.585546493530273,29.811767907970513,29.30277107386597,29.78349225374447,168600
2022-11-07,29.94609260559082,30.045064150131207,29.620899617308876,29.719871161849266,97400
2022-11-08,29.613826751708984,29.825909004308663,29.309841200832984,29.521923453432663,267800
2022-11-09,28.645315170288086,29.01999389440735,28.57461929051044,28.850329176485147,245500
2022-11-10,29.140172958374023,29.221469841946277,28.92808803461444,29.090687195302607,139300
2022-11-11,30.094545364379883,30.25007359468603,29.783491600539516,29.783491600539516,338500
2022-11-14,29.79056167602539,29.889533211676437,29.682399541096444,29.797632612441657,196700
2022-11-15,30.250070571899414,30.469221023498836,29.755210276824776,29.840042622709337,266000
2022-11-16,29.536062240600586,29.62089729794018,29.373465759191205,29.62089729794018,157800
2022-11-17,29.161380767822266,29.391137640498876,29.056047555504044,29.267423231141276,87900
2022-11-18,28.991714477539062,29.32397835835871,28.91041758974615,29.26035341728201,88100
2022-11-21,29.274494171142578,29.58201518572289,29.18966181072364,29.373465707760026,165600
2022-11-22,29.267427444458008,29.3593280493411,29.12603837193569,29.12603837193569,110800
2022-11-23,29.832975387573242,30.200585827798974,29.769350451827023,29.9460860848141,70800
2022-11-25,30.58940315246582,30.77320702101689,30.27127847923156,30.27127847923156,95600
2022-11-28,29.960229873657227,30.390049510666298,29.92488328096994,30.21472965584115,117800
2022-11-29,30.70958709716797,30.858047100082224,30.582337207111255,30.59647638342557,107900
2022-11-30,32.01035690307617,32.01035690307617,31.013568043409034,31.458942592511463,149000
2022-12-01,32.420387268066406,32.44159468257644,31.070127043231803,31.345834218949935,151700
2022-12-02,33.19802474975586,33.226303101748606,32.696096137359,32.696096137359,127600
2022-12-05,32.88697052001953,33.29416961414131,32.872831344215825,33.15560946674586,212700
2022-12-06,33.077842712402344,33.551492928609456,33.046028895186076,33.38889646498141,217800
2022-12-07,33.1414680480957,33.296993577867205,32.978871582514856,32.978871582514856,126800
2022-12-08,33.33234405517578,33.45959393657532,33.289926529118624,33.346480533756214,224800
2022-12-09,33.1343994140625,33.33234517889724,33.04956705586021,33.14853858989156,100200
2022-12-12,33.74943923950195,34.00393629761224,33.6504650151141,33.6504650151141,246400
2022-12-13,33.763572692871094,33.841336799537544,33.42424061568519,33.57976882901809,152900
2022-12-14,33.14854049682617,33.28639409812471,32.90959299608168,33.04956895710129,188000
2022-12-15,32.86576461791992,33.28286088463122,32.745582966440985,33.226304178812384,366300
2022-12-16,32.46987533569336,33.212164560674864,32.41331863062667,33.08491467104693,199600
2022-12-19,32.46280288696289,32.9011092404958,32.2719307581845,32.681956063729345,188900
2022-12-20,33.08491134643555,33.339411100117424,32.89403653117414,32.89403653117414,115700
2022-12-21,32.773860931396484,32.87283246863572,32.64307557331771,32.73851433906421,66500
2022-12-22,33.1414680480957,33.1485362871332,32.795065006277824,33.1485362871332,52400
2022-12-23,33.219234466552734,33.24751012143669,32.8657631611689,32.98594211054882,102200
2022-12-27,33.04249572753906,33.19448848252817,32.92938502825218,33.06370314091417,88200
2022-12-28,32.297889709472656,33.00376016208758,32.142942216580614,32.90906966268024,290300
2022-12-29,32.065467834472656,32.17737508462289,31.69531586254172,32.160158332002865,204600
2022-12-30,31.394033432006836,31.7297519257626,31.00322001192146,31.678101663738612,505800
2023-01-03,31.342382431030273,31.790008173404402,31.268353345925313,31.643667409666712,387400
2023-01-04,29.83595085144043,30.73120233262137,29.81873409790695,30.73120233262137,359000
2023-01-05,30.085586547851562,30.19749379536846,29.87898880503265,29.93063906167731,181000
2023-01-06,30.05975914001465,30.111409395563687,29.818731181638427,30.111409395563687,156400
2023-01-09,30.989442825317383,31.18743053820577,30.731198125191643,30.748414876367963,241900
2023-01-10,30.963624954223633,30.980841708521396,30.65372994438411,30.972231689492457,109500
2023-01-11,30.559038162231445,30.7139856606844,30.300793426063176,30.7139856606844,182100
2023-01-12,31.06692123413086,31.122012875921488,30.688162502590274,30.757026233888556,144100
2023-01-13,30.9464054107666,31.041095908989913,30.507386425142116,30.705374156081852,99100
2023-01-17,30.920578002929688,31.163329942761393,30.73980702845914,30.81728077234077,98300
2023-01-18,31.91912841796875,32.11711613539564,31.669490445828917,31.669490445828917,280300
2023-01-19,32.074073791503906,32.16446256150815,31.824439093963658,32.10850729590936,163700
2023-01-20,32.246238708496094,32.31510571875653,32.13433474246257,32.22902195593098,91900
2023-01-23,32.09128952026367,32.35211854636514,31.944952056847004,32.25484701909361,237000
2023-01-24,31.523151397705078,31.686708904561467,31.319137970424844,31.678098886432302,128500
2023-01-25,32.1085090637207,32.160159323172614,31.488722369097264,31.488722369097264,104300
2023-01-26,33.38251495361328,33.391124970962224,32.89701439868432,33.124270257056125,268000
2023-01-27,33.15871047973633,33.528002145380604,33.08984346202433,33.33948147559012,113400
2023-01-30,33.15010070800781,33.373915233481775,33.15010070800781,33.270617989903116,169200
2023-01-31,34.04534912109375,34.13143288598392,33.65798038848766,33.87318487507328,115900
2023-02-01,35.06111145019531,35.28492593529523,34.34663432566769,34.51879527265584,546700
2023-02-02,34.294986724853516,34.52740796178235,33.873184491073076,34.42411072884504,296900
2023-02-03,34.3208122253418,34.57045022969678,34.19771719717559,34.475759725716614,128200
2023-02-06,33.434165954589844,33.83875140129719,33.322258712865775,33.83875140129719,109600
2023-02-07,33.22757339477539,33.3653041430448,32.96932865224026,33.2017499056499,57100
2023-02-08,33.07262420654297,33.30504544810436,32.97793698998972,33.280082305387594,80900
2023-02-09,33.35669708251953,33.55468482599038,33.35669708251953,33.44277756793815,75800
2023-02-10,33.63215637207031,33.765582100852264,33.485818899697826,33.61493961936299,85200
2023-02-13,33.52024841308594,33.59428077653912,33.33947743911842,33.571898670116546,70700
2023-02-14,33.27061462402344,33.60460912059732,33.175924125422455,33.41695209730871,76200
2023-02-15,33.89901351928711,34.02813424811628,33.53746825429332,33.59772525116561,90800
2023-02-16,34.622100830078125,34.811478556132734,34.17447507836349,34.303595807433446,242600
2023-02-17,34.37246322631836,34.41550346984636,34.19169223324473,34.346639736953584,117500
2023-02-21,35.233280181884766,35.49152491911652,35.17302318598936,35.17302318598936,284400
2023-02-22,34.12282180786133,34.76843524756736,34.04534806374621,34.76843524756736,147100
2023-02-23,34.34663772583008,34.56184221462912,34.17447347803887,34.527408708318895,69800
2023-02-24,34.389678955078125,34.73400417679536,34.320811940478684,34.73400417679536,73600
2023-02-27,35.22467041015625,35.28493069023417,34.74261443961305,34.74261443961305,116700
2023-02-28,34.906166076660156,35.310751550760536,34.89755934229537,35.29353479827118,99700
2023-03-01,34.665138244628906,34.74089129912578,34.49727901190226,34.51879748977811,151100
2023-03-02,33.90761947631836,34.31220497497147,33.787105485339126,34.140040723389724,306400
2023-03-03,33.87318420410156,33.93688586048248,33.63215623470319,33.83875398258737,96000
2023-03-06,33.87318420410156,34.12368253676622,33.83014396438897,33.89040095673856,63500
2023-03-07,34.26055145263672,34.561839685161004,34.21751121477887,34.43271568782779,57500
2023-03-08,34.86312484741211,34.86312484741211,34.510189640801045,34.510189640801045,160700
2023-03-09,35.28492736816406,35.293534102359146,34.66513742580733,34.66513742580733,82900
2023-03-10,35.77559280395508,35.87028001379711,35.284926867800536,35.29353360187357,141000
2023-03-13,34.604881286621094,35.09640758687122,34.441323779052766,34.518797523753605,263000
2023-03-14,34.04534912109375,34.372460860156664,34.0023088805286,34.28638037902636,117400
2023-03-15,32.75412368774414,32.90735049756915,32.52170243763475,32.71969018022571,505800
2023-03-16,32.36675262451172,32.51309337912698,31.893303423127808,32.1257246566275,156200
2023-03-17,32.45283508300781,32.59228650399972,31.876085389628088,32.26345409656079,133700
2023-03-20,32.50448226928711,32.84881074077977,32.09990009160686,32.160157081554125,126300
2023-03-21,33.40834426879883,33.54607500304657,33.12857779130069,33.24478676429483,84200
2023-03-22,33.22757339477539,33.51164491019608,32.96932865224026,33.0468024033768,66400
2023-03-23,34.191688537597656,34.303592501923156,34.04534778490777,34.04534778490777,54100
2023-03-24,32.711082458496094,32.831596447415286,32.452837727417844,32.63360871079663,140100
2023-03-27,32.90046310424805,32.90046310424805,32.57335136375109,32.57335136375109,124000
2023-03-28,33.3050422668457,33.33947576980869,33.064014313623964,33.17592155637388,55000
2023-03-29,33.49442672729492,33.52886023383333,33.35669598490121,33.382519472925054,71300
2023-03-30,33.89039993286133,34.088387656565615,33.744062465507604,33.744062465507604,51800
2023-03-31,34.131431579589844,34.23472880974444,33.96098803026301,34.157255066188554,82100
2023-04-03,35.2504997253418,35.2763232159807,34.690966680590236,34.690966680590236,259100
2023-04-04,34.91477966308594,35.28493167003726,34.863129400339204,35.28493167003726,86700
2023-04-05,35.27631759643555,35.28492761445044,35.06972313671443,35.25049410991034,46600
2023-04-06,35.155799865722656,35.25049035123143,35.04303228482181,35.12997638195095,39100
2023-04-10,35.06972122192383,35.21605868258968,34.906163726168394,35.0525044705938,56400
2023-04-11,35.319358825683594,35.53026158408619,35.29784034756239,35.396832571191524,166200
2023-04-12,35.32796859741211,35.39253059884483,35.04389710461208,35.04389710461208,39200
2023-04-13,35.129981994628906,35.21606247679384,34.99225125290907,35.21606247679384,41300
2023-04-14,34.975032806396484,35.10329317833885,34.906165796990834,34.92338254934224,52500
2023-04-17,34.63070297241211,34.828690691070044,34.5015822604663,34.63070297241211,94200
2023-04-18,35.336578369140625,35.37961861254195,34.94060287583231,34.94060287583231,63400
2023-04-19,35.129981994628906,35.517347448131,34.94060099335417,35.32796973061617,83900
2023-04-20,34.38106918334961,34.5962736798788,34.3035954332487,34.458542933450516,112200
2023-04-21,34.07978439331055,34.21751514051315,33.76988939116467,34.15725814384702,94200
2023-04-24,33.787105560302734,33.86027430016533,33.3566965722734,33.48582058218619,99900
2023-04-25,33.081233978271484,33.74406419176034,33.06401722527387,33.4686027113182,115200
2023-04-26,33.05541229248047,33.23704362830213,32.88324803687962,33.14149277840087,71100
2023-04-27,33.38251495361328,33.45998869095637,32.96329708372947,33.141487007994535,75400
2023-04-28,33.52886199951172,33.657982730190554,33.41695473924865,33.57190224307133,57700
2023-05-01,33.02097702026367,33.18539159336441,32.797162514813195,32.797162514813195,142900
2023-05-02,33.61494064331055,33.91622889922647,33.511643407679905,33.91622889922647,128500
2023-05-03,32.883243560791016,32.96932403499409,32.59917208515361,32.76272958340288,226100
2023-05-04,32.52170181274414,32.866030313792294,32.45283808279048,32.71108281669662,94200
2023-05-05,32.728302001953125,32.797165737023604,32.581961228818045,32.797165737023604,55500
2023-05-08,32.736907958984375,32.821267756413846,32.62500398168576,32.62500398168576,41300
2023-05-09,33.089839935302734,33.20174718527757,32.63360748474656,32.66804098993263,35200
2023-05-10,33.64076614379883,33.72684662294485,33.45999188357653,33.57189913347418,50900
2023-05-11,33.313655853271484,33.356696094706216,33.055411120903166,33.22757208664209,29400
2023-05-12,33.28782653808594,33.330870059991916,33.098448833490316,33.1845293097829,31600
2023-05-15,32.857421875,32.86603189400815,32.69386763520633,32.82299165024772,41500
2023-05-16,33.11566925048828,33.26200673313312,32.96072174900549,33.167316228475855,56800
2023-05-17,33.04680252075195,33.09845278294645,32.866031528711304,32.87463826386369,41700
2023-05-18,33.348087310791016,33.39542927482825,33.15009630158928,33.15870631960313,57100
2023-05-19,33.348087310791016,33.66658901834904,33.330870558523046,33.58911527502306,97500
2023-05-22,32.848812103271484,32.96932608816465,32.77994837637245,32.8832456086009,71800
2023-05-23,32.25484848022461,32.48726971243814,32.25484848022461,32.45283620757101,107200
2023-05-24,32.039642333984375,32.36675076192918,31.953558576293958,32.28067028799836,108900
2023-05-25,31.617839813232422,31.703059941294608,31.5145425888007,31.548976091531127,81100
2023-05-26,31.566192626953125,31.72114012053934,31.46720040168186,31.58340937999158,267000
2023-05-30,31.084136962890625,31.389726943674898,31.023879968581607,31.35959844652039,142600
2023-05-31,31.07552719116211,31.31225344479858,30.989446708254263,31.049703703041743,91000
2023-06-01,30.886146545410156,31.161608005125952,30.645115305339118,30.989443771863673,117000
2023-06-02,30.653728485107422,31.144394466075042,30.600357534453124,31.144394466075042,60800
2023-06-05,31.592018127441406,31.738355596741286,31.394030401104057,31.437070640088745,163700
2023-06-06,31.178829193115234,31.359600186069837,30.877540921097467,31.127178930659593,123800
2023-06-07,31.807226181030273,32.02243068390089,31.523154661036195,31.523154661036195,123800
2023-06-08,32.01382064819336,32.15155139860836,31.85026640825058,31.85026640825058,38500
2023-06-09,32.625003814697266,32.943505558184846,32.45283955635583,32.45283955635583,312800
2023-06-12,33.35669708251953,33.35669708251953,32.92628808790638,32.92628808790638,60500
2023-06-13,33.99370574951172,34.170171739663544,33.37391571163949,33.40834922124577,242700
2023-06-14,34.871734619140625,34.92768988895633,34.57044964228672,34.57044964228672,142000
2023-06-15,35.27631759643555,35.327967853245696,34.871732127488734,34.89755889777367,95200
2023-06-16,34.86312484741211,35.11276282577985,34.75982761916878,34.89755835141311,158600
2023-06-20,35.40544128417969,35.723942988965945,35.25049379887617,35.44848152259517,259400
2023-06-21,34.82008743286133,34.863127674472885,34.44132542565575,34.63931644783682,114900
2023-06-22,34.72539520263672,34.72539520263672,34.33802647989371,34.43271697698198,45600
2023-06-23,33.6063346862793,34.0367436757539,33.57190117901893,33.88179617684224,74500
2023-06-26,33.22757339477539,33.45999464818503,33.14149290851704,33.16731639764253,199300
2023-06-27,33.96787643432617,34.045350183264475,33.657981438572975,33.692414945603325,160400
2023-06-28,33.799015045166016,33.825959747903504,33.42177207516346,33.64632040153731,106100
2023-06-29,33.55650329589844,33.66428553592816,33.47566575929224,33.66428553592816,133000
2023-06-30,34.05949020385742,34.221165281042595,33.879854274838976,33.879854274838976,99200
2023-07-03,33.79003143310547,33.91577794855331,33.65530449212659,33.85290469082939,100300
2023-07-05,33.11638641357422,33.34542666722813,33.11638641357422,33.29602576102169,76500
2023-07-06,33.125370025634766,33.223270711084794,32.99962351123249,33.170279005587645,48800
2023-07-07,33.269081115722656,33.43075618607173,33.170279303138706,33.170279303138706,49400
2023-07-10,33.55650329589844,33.58344799932196,33.233153149473644,33.2511174272012,43300
2023-07-11,33.75410461425781,33.7720654644204,33.57446527561331,33.66428323176786,79700
2023-07-12,33.70919418334961,33.91577823566785,33.655304777036086,33.86188882935433,40000
2023-07-13,34.25709533691406,34.33793287904515,33.91129238944746,33.98763800525575,92900
2023-07-14,34.40080261230469,34.62535093670137,34.26607567346799,34.580441957089135,113000
2023-07-17,34.57146453857422,34.70619148912888,34.23913052260061,34.29302335862396,47400
2023-07-18,34.86786651611328,35.01157731894741,34.607389615246476,34.63433774638374,68800
2023-07-19,35.10139465332031,35.12833935500609,34.97564471733738,35.12833935500609,60500
2023-07-20,35.26306915283203,35.66276834285727,35.1552869110025,35.61336743486547,67500
2023-07-21,35.52354431152344,35.64031039983753,35.41576207495263,35.45169062925474,150700
2023-07-24,35.12834167480469,35.316961451732006,35.11935782275921,35.27205247051155,127900
2023-07-25,35.370853424072266,35.4292347556043,35.11935696795496,35.11935696795496,64100
2023-07-26,35.4337272644043,35.496600522884,35.03852000957687,35.30798074744489,233900
2023-07-27,35.57743835449219,36.017551167505815,35.47863653996466,35.63132776144492,170100
2023-07-28,35.227142333984375,35.227142333984375,34.921756474830765,35.038519136907496,68000
2023-07-31,34.90379333496094,35.0654684083888,34.61637174360821,34.670261150527075,144600
2023-08-01,34.023563385009766,34.63433510709529,34.00110718182927,34.616370829818,135300
2023-08-02,33.3588981628418,33.795420155562276,33.31398918371598,33.70919299689284,99800
2023-08-03,33.54751968383789,33.80799657324729,33.54751968383789,33.7451233139189,54200
2023-08-04,33.67326736450195,33.75590029601473,33.60141025790968,33.628354959714066,31000
2023-08-07,33.53853988647461,33.62835785110213,33.51608368214987,33.61937742517367,26200
2023-08-08,33.90679931640625,33.95170829910785,33.54662290215492,33.66428669821471,44900
2023-08-09,33.8978157043457,34.12236402308416,33.79901389588711,34.10439974642483,44300
2023-08-10,33.942726135253906,34.18074681508804,33.91667913220071,33.933742283372105,27600
2023-08-11,34.31098556518555,34.403500052920705,34.07745338285701,34.07745338285701,29200
2023-08-14,34.28403854370117,34.51757073357752,34.194220579186094,34.212184857356256,54600
2023-08-15,34.041526794433594,34.35589307293278,34.041526794433594,34.35589307293278,21100
2023-08-16,34.42775344848633,34.64331793811092,34.364876760482055,34.508587562343706,43000
2023-08-17,34.54451370239258,34.96666565234609,34.53553327692647,34.83193528600566,99400
2023-08-18,34.45469665527344,34.535534191952394,34.31996628536329,34.31996628536329,95000
2023-08-21,34.562477111816406,34.62535036750708,34.463675302492355,34.58044138863309,80700
2023-08-22,34.94870376586914,35.25408964764099,34.85888579972156,35.07445028901006,74300
2023-08-23,34.957679748535156,35.1103743831802,34.31098293653449,34.36487233883892,143900
2023-08-24,33.969669342041016,34.463674957378934,33.95170506540422,34.194217660497834,87500
2023-08-25,34.01457977294922,34.176254843248785,33.79003144490378,34.13134586290681,83300
2023-08-28,33.92476272583008,34.122366356258745,33.89781802216641,34.014580688932746,57200
2023-08-29,34.104400634765625,34.104400634765625,33.74512194489154,33.74512194489154,78300
2023-08-30,34.436729431152344,34.584932140106275,34.2840347965629,34.31996334897634,33800
2023-08-31,34.28403854370117,34.45469747314982,34.257093839613795,34.418768916809505,94800
2023-09-01,34.023563385009766,34.2391278596661,33.89781687040431,34.2391278596661,68000
2023-09-05,33.52057647705078,33.56548546052847,33.28704770716531,33.39482995277892,81700
2023-09-06,33.430755615234375,33.556502128617495,33.33195380433749,33.529557426131255,356800
2023-09-07,33.33195495605469,33.37057661130892,33.206208438326655,33.24213356743778,101200
2023-09-08,32.990638732910156,33.30500843642241,32.91968275215752,33.22417090424331,84800
2023-09-11,33.10740661621094,33.16578794904644,32.94573154307426,33.03554950533435,479400
2023-09-12,32.846927642822266,33.01758313081312,32.80201866454419,32.90980089767866,310700
2023-09-13,33.55650329589844,33.58344799932196,33.15231561286744,33.16129603856341,225700
2023-09-14,33.22417449951172,33.37686572885342,33.16129781093687,33.27806390923899,60300
2023-09-15,32.936744689941406,33.18824112875815,32.891835712903344,33.14333215172009,53000
2023-09-18,32.595436096191406,32.75711116636595,32.49753198363329,32.65830935388866,103400
2023-09-19,32.70322036743164,32.82896689064412,32.6511263581967,32.6583113843323,82300
2023-09-20,33.02656936645508,33.21518914464069,32.766092476768854,32.766092476768854,53900
2023-09-21,33.2780647277832,33.36698499708904,33.035552099037915,33.035552099037915,33100
2023-09-22,33.61937713623047,33.765781034055486,33.30501083640024,33.30501083640024,94600
2023-09-25,33.26009750366211,33.45770113025476,33.23315280052151,33.358899316958436,55000
2023-09-26,32.694236755371094,32.93674592574277,32.57747066962275,32.8918369470197,154100
2023-09-27,32.3349609375,32.50561644230038,32.2451429720968,32.45172703359276,74600
2023-09-28,32.68525695800781,32.80920808456612,32.52178647348501,32.76609450027037,40000
2023-09-29,32.451725006103516,32.54154296589515,32.325978491861015,32.54154296589515,79500
2023-10-02,32.21819305419922,32.424777104235545,32.20022877684794,32.29005016360432,121400
2023-10-03,32.09244918823242,32.21819571373587,32.047540204314885,32.047540204314885,53900
2023-10-04,32.622379302978516,32.65830785611078,32.4157952619711,32.4157952619711,71000
2023-10-05,32.40681838989258,32.49663635623534,32.2181951784355,32.29903271867831,77800
2023-10-06,32.622379302978516,32.73016153603991,32.29004875234358,32.29902917745894,64500
2023-10-09,32.85591506958008,32.87387592177743,32.622382874985014,32.622382874985014,84500
2023-10-10,33.70021057128906,33.81158702576492,33.49362653850394,33.49362653850394,92600
2023-10-11,33.457698822021484,33.76218696657901,33.260095209061426,33.62835430736449,14400
2023-10-12,33.62835693359375,33.72715874778977,33.511594268030834,33.65530506331534,46200
2023-10-13,33.62835693359375,33.807996284283284,33.475665712625805,33.475665712625805,98600
2023-10-16,33.287044525146484,33.45770001658251,33.14333373595418,33.45770001658251,51100
2023-10-17,33.05351638793945,33.07148066707433,32.80202333272298,32.91878943393173,60400
2023-10-18,32.6134033203125,32.74813027340727,32.6134033203125,32.63136759932564,83400
2023-10-19,32.87387466430664,32.90980321999861,32.622381627134175,32.622381627134175,27800
2023-10-20,32.90980529785156,32.90980529785156,32.550529997255,32.550529997255,108600
2023-10-23,32.63136672973633,32.67178378668693,32.46969164926235,32.47867207536167,26400
2023-10-24,32.622379302978516,32.75621196417882,32.48764894190022,32.64034357954465,27300
2023-10-25,32.505615234375,32.60441704844845,32.41579727230948,32.47867053102247,42300
2023-10-26,32.4607048034668,32.496633357222485,32.33495829165736,32.33495829165736,24000
2023-10-27,32.3349609375,32.51460029464215,32.3349609375,32.39783419854939,36600
2023-10-30,32.442745208740234,32.4696933411139,32.290053972745305,32.35292723772392,97400
2023-10-31,32.505615234375,32.6313651781366,32.325979310243966,32.3619044392688,48000
2023-11-01,32.27208709716797,32.33496035708878,32.09244774325034,32.22717811527248,66500
2023-11-02,32.676273345947266,32.77507515756181,31.88945650534733,32.05651777357807,64600
2023-11-03,32.532562255859375,32.90800639548067,32.49663370172281,32.70321774850483,46200
2023-11-06,32.227176666259766,32.33495890322992,32.15531955738931,32.26310179435946,55200
2023-11-07,32.0565185546875,32.18675699804964,31.98466487033962,32.092447110029255,68900
2023-11-08,32.09244918823242,32.34663876554916,32.06999640944157,32.34394223923932,45600
2023-11-09,32.48765182495117,32.64932690205849,32.15532124482423,32.15532124482423,86200
2023-11-10,32.819984436035156,32.819984436035156,32.37986820565823,32.43376103784792,44700
2023-11-13,32.42477798461914,32.514599373814306,32.343940447511315,32.343940447511315,53600
2023-11-14,33.215187072753906,33.24752140037798,32.93674592256105,32.93674592256105,75200
2023-11-15,33.493629455566406,33.5295580103978,33.3678829399921,33.38584379107222,62600
2023-11-16,33.00860595703125,33.35890081897378,32.94663039594889,33.2780632795766,37000
2023-11-17,32.94573211669922,33.125371470682786,32.87387500457152,32.94573211669922,48800
2023-11-20,32.98166275024414,33.188246821120266,32.94573419191719,33.080464572475314,79900
2023-11-21,32.72118377685547,32.84513489682581,32.595437256982855,32.81998559285129,80700
2023-11-22,32.68525695800781,32.86040439518737,32.46969246286491,32.586455136760705,45800
2023-11-24,33.143333435058594,33.36698062905492,33.12536915828071,33.12536915828071,39000
2023-11-27,32.29903030395508,32.559507183745566,32.209212344327234,32.46968922411772,75500
2023-11-28,32.21819305419922,32.505614639148504,32.1283750937784,32.37986812402514,115100
2023-11-29,31.652334213256836,31.926280024570328,31.580477102768594,31.840953988785056,184100
2023-11-30,31.44574737548828,31.737660896716562,31.409822245846645,31.616406303212713,57700
2023-12-01,31.625385284423828,31.840953184105146,31.481674493414793,31.71520667026418,129500
2023-12-04,31.0954532623291,31.399941442779426,30.924797756869378,31.293056898582506,99100
2023-12-05,30.538572311401367,30.763120637220496,30.44875435160793,30.56551701407229,148900
2023-12-06,30.475698471069336,30.53857172698865,30.34096810762196,30.53857172698865,130200
2023-12-07,30.72719383239746,30.888868910299973,30.552046402392364,30.574502606787163,129800
2023-12-08,30.40384292602539,30.64186703719278,30.377795922425303,30.484680462981043,68700
2023-12-11,30.11642074584961,30.26911539104507,29.82989685917116,29.837983011143812,101500
2023-12-12,30.42180824279785,30.5367789394106,30.260133163365012,30.260133163365012,236200
2023-12-13,30.88886833190918,31.07748811048498,30.520609200545902,30.646355719596436,104200
2023-12-14,30.62839126586914,31.0325789507369,30.430791062639297,31.005634247190933,63400
2023-12-15,30.385883331298828,30.529594133348713,30.242169102913152,30.35893520030862,75000
2023-12-18,30.980588912963867,31.28444740511132,30.869082087477903,31.129265861857846,85300
2023-12-19,31.185020446777344,31.20360550812366,30.989879075010045,30.989879075010045,100900
2023-12-20,31.919111251831055,32.21739741352251,30.980588683526754,31.008464503507284,113500
2023-12-21,32.950557708740234,33.09923465012941,32.681079644741764,32.7461291297913,154300
2023-12-22,33.22932815551758,33.27579258207313,33.08065120685877,33.08065120685877,105900
2023-12-26,33.30366897583008,33.368714920442514,33.201452907228216,33.201452907228216,130900
2023-12-27,33.786869049072266,33.79894951628236,33.508100216089886,33.508100216089886,79400
2023-12-28,33.76828384399414,33.928112536400306,33.731113721157726,33.75899308565404,124500
2023-12-29,33.90766906738281,33.97271500812658,33.75899212500593,33.75899212500593,169700
2024-01-02,32.625328063964844,32.8762210676341,32.33726493869913,32.8762210676341,185500
2024-01-03,33.1085319519043,33.13640777320921,32.839053863496076,32.839053863496076,73000
2024-01-04,32.82976150512695,32.87622238661758,32.513822548357474,32.550989126707144,40700
2024-01-05,33.05277633666992,33.06207064014338,32.801883313958996,32.811177617432456,39200
2024-01-08,31.84477424621582,32.23040629437493,31.79831336511258,32.104958016184376,82700
2024-01-09,31.826189041137695,31.932119991364345,31.710963787889554,31.77972816024422,76900
2024-01-10,31.408035278320312,31.44520540241518,31.03634467158606,31.14785149913252,69900
2024-01-11,30.68323516845703,31.082805135244076,30.376586965916147,30.952713247404215,115000
2024-01-12,30.05135726928711,30.16193537403551,29.837634375567106,29.977017022042887,241500
2024-01-16,29.80975914001465,29.91569009520387,29.7540039534877,29.87480508526034,173100
2024-01-17,29.373018264770508,29.44735673914019,29.21504878518881,29.44735673914019,116900
2024-01-18,29.289386749267578,29.335847630300783,29.10353968039676,29.20575574551261,195600
2024-01-19,29.51240348815918,29.54957184017395,29.438065011760553,29.438065011760553,63400
2024-01-22,29.06637191772461,29.261509748852276,28.64821689049527,28.778308777913715,116700
2024-01-23,29.224342346191406,29.284741140242126,29.019910205191763,29.019910205191763,88100
2024-01-24,29.995601654052734,30.09317056860916,29.699178252548307,29.73541788190226,77000
2024-01-25,29.363725662231445,29.447356667239266,29.1890303365077,29.317263008133196,185700
2024-01-26,29.25221824645996,29.59603481119997,29.178808490677532,29.270803308850038,130000
2024-01-29,28.80618667602539,29.26151005918796,28.727202821360535,29.26151005918796,98700
2024-01-30,29.410186767578125,29.517048214263067,28.964155919057756,28.964155919057756,81800
2024-01-31,29.456649780273438,29.688957738249194,29.363726242609324,29.363726242609324,42300
2024-02-01,29.233633041381836,29.345141642808922,29.046859014091236,29.27080316598056,70000
2024-02-02,29.47523307800293,29.642495091370442,29.3730187816765,29.540280795044012,61900
2024-02-05,29.131418228149414,29.270802648190795,28.99667918741615,29.261510117205493,92200
2024-02-06,29.233633041381836,29.438065181936647,29.13141874347352,29.13141874347352,55600
2024-02-07,28.936279296875,29.043140747143944,28.926986765673036,28.926986765673036,50800
2024-02-08,28.53670883178711,28.70397084584009,28.480955417892474,28.69467831479614,89400
2024-02-09,28.09067726135254,28.208690453002852,27.886246900692896,27.979170436399652,96000
2024-02-12,27.561016082763672,27.728278096633336,27.495970137896375,27.69110797249827,166500
2024-02-13,27.319416046142578,27.403047054464608,27.10569314592811,27.235785037820552,87400
2024-02-14,27.291540145874023,27.39933031707701,27.15772982399884,27.319415966987865,61500
2024-02-15,27.802616119384766,28.062801666982313,27.75615523734226,27.886247124956512,66900
2024-02-16,27.458799362182617,27.57960049038599,27.328707475535015,27.328707475535015,66000
2024-02-20,26.724706649780273,26.984892190558664,26.520276292834463,26.520276292834463,155800
2024-02-21,26.88267707824707,26.93843049168578,26.687537472658015,26.687537472658015,300100
2024-02-22,26.52956771850586,26.659661378352304,26.343722418162287,26.44593671302209,110500
2024-02-23,26.557445526123047,26.656873657658156,26.316773759972413,26.33443010048388,116200
2024-02-26,26.724706649780273,27.068521421569546,26.67824399658646,26.67824399658646,117000
2024-02-27,27.207908630371094,27.28782120660079,26.743292715201726,26.817631190734062,120400
2024-02-28,27.598186492919922,28.10275870393615,27.55172383726956,27.83978521282545,137300
2024-02-29,27.403045654296875,27.432780689157386,27.254368707625325,27.365877303813495,96400
2024-03-01,27.421630859375,27.51083773679286,27.24321887690831,27.32870732412624,82900
2024-03-04,27.55172348022461,27.74221593499977,27.11498515698546,27.170738570674292,132100
2024-03-05,28.36015510559082,28.666801530255476,28.34157004412775,28.48095446036277,144300
2024-03-06,28.00704574584961,28.5831702388328,27.969877395665947,28.518124296734648,50400
2024-03-07,28.285818099975586,28.453080117085136,28.048862984947355,28.453080117085136,70800
2024-03-08,27.914125442504883,28.025632271250235,27.830494434761324,27.867662786886743,103300
2024-03-11,27.226491928100586,27.328707996626445,27.15215345254607,27.15215345254607,93500
2024-03-12,27.421630859375,27.49596933310021,27.059231021510744,27.068521779903502,76500
2024-03-13,26.510984420776367,26.94865145880989,26.492399359037154,26.650368839082386,70100
2024-03-14,27.430923461914062,27.616768760528863,26.074244097417793,26.232213576043335,885700
2024-03-15,27.839784622192383,28.07673973005941,27.635354258775134,27.867662214991167,160600
2024-03-18,28.2579402923584,28.583171792901002,28.1557242221501,28.3229862379931,58200
2024-03-19,28.313692092895508,28.40197024754117,27.673452153221746,27.802615315724903,62400
2024-03-20,28.304401397705078,28.657510494447404,28.034925081909297,28.034925081909297,39500
2024-03-21,28.0999698638916,28.46236970446713,28.0999698638916,28.18360086900427,85300
2024-03-22,28.592464447021484,28.80618734713162,28.51812596992365,28.676095455302683,57300
2024-03-25,29.280094146728516,29.633201449873678,28.620338648988373,28.69467712188046,73900
2024-03-26,28.63892364501953,28.88052412446032,28.38803063494229,28.741139709651517,93200
2024-03-27,28.66680145263672,28.722554864505966,28.25793896340122,28.25793896340122,49700
2024-03-28,28.583171844482422,28.663086194564595,28.397324766017242,28.462370711769328,54500
2024-04-01,28.62034034729004,28.791319022324437,28.41590997779836,28.471663392683524,131100
2024-04-02,27.73756980895996,27.951292699321105,27.653938804493595,27.876954225614227,112700
2024-04-03,27.403045654296875,27.505261719771944,27.3379997116742,27.356584773100394,95500
2024-04-04,27.46809196472168,27.858369398052627,27.3937534903905,27.700399918552744,74900
2024-04-05,28.109262466430664,28.197538850999656,27.68181668131464,27.821201099401645,99600
2024-04-08,28.75043296813965,28.80618638100084,26.947722743516913,27.13356981621292,132300
2024-04-09,29.0849552154541,29.220622975906352,28.871232322528346,29.112832808067086,32200
2024-04-10,28.592464447021484,28.926986707777186,28.536709259921285,28.871233293046085,46200
2024-04-11,30.200035095214844,30.288313255194,29.735419170673076,29.735419170673076,126500
2024-04-12,30.81332778930664,30.952713983729787,30.40446705426394,30.40446705426394,128900
2024-04-15,30.28366470336914,30.757571364807625,30.28366470336914,30.51597265490013,68100
2024-04-16,31.287233352661133,31.431266693685647,31.10138982638364,31.1106805848023,84800
2024-04-17,30.48809814453125,30.646065856882963,30.107113229446213,30.358002708506206,47300
2024-04-18,30.701820373535156,30.896958206205625,30.55314342320459,30.766866317758645,102800
2024-04-19,30.01418685913086,30.543848709106143,29.93241684162855,30.404466063960996,33800
2024-04-22,29.47523307800293,29.60532673971603,29.373947503066365,29.46594054699706,39300
2024-04-23,29.549571990966797,29.661080592318307,28.973449239029748,29.382311747493166,127700
2024-04-24,29.66107940673828,29.75400294208879,29.3962484830292,29.48452486680922,112400
2024-04-25,30.13498878479004,30.302250799180623,30.031843994073785,30.09781866053921,94100
2024-04-26,29.93055534362793,30.004895588894442,29.55886297914035,29.865509401388728,30200
2024-04-29,29.438064575195312,29.549571401955067,29.150003204968716,29.298680155561094,46400
2024-04-30,30.200035095214844,30.330126986928427,30.022550053849745,30.060648899957034,71600
2024-05-01,30.04206657409668,30.0680849517394,29.707540777899442,29.707540777899442,35500
2024-05-02,31.454496383666992,31.463790687125552,30.887667938530562,30.924834518150316,114300
2024-05-03,31.315113067626953,31.68680366907703,31.12926599453287,31.603172663421596,45400
2024-05-06,31.826189041137695,31.844774102442685,31.31511226183345,31.31511226183345,36000
2024-05-07,31.073511123657227,31.342989205133946,31.027050241098028,31.342989205133946,96300
2024-05-08,31.352283477783203,31.419186865023875,31.22033060133761,31.305819050531387,30300
2024-05-09,31.900529861450195,31.93769643999221,31.57529659985666,31.593881661496695,123500
2024-05-10,31.240772247314453,31.47308019823534,31.129265423399072,31.47308019823534,18900
2024-05-13,30.748281478881836,30.85978830625395,30.52526427939947,30.627480348131467,43500
2024-05-14,30.915542602539062,31.18966428375989,30.817973688304296,30.971297786989517,27600
2024-05-15,30.869081497192383,30.952712500892165,30.811468870433067,30.943418197848853,67800
2024-05-16,31.556711196899414,31.575296258338433,31.03634365555894,31.03634365555894,184800
2024-05-17,31.426620483398438,31.680299669261093,31.129266578762444,31.129266578762444,55900
2024-05-20,32.45806884765625,32.76471351530408,32.10495975165548,32.10495975165548,85600
2024-05-21,32.84834289550781,33.115034805660784,32.82976137877351,32.82976137877351,38600
2024-05-22,33.07136154174805,33.145698246166035,32.72754675124623,32.72754675124623,83600
2024-05-23,33.024898529052734,33.340837478119326,32.848342221059724,33.15499041194993,148800
2024-05-24,33.164283752441406,33.2014538775171,32.69037706431006,32.84834477877443,81200
2024-05-28,32.84834289550781,32.987729084181254,32.65320506715542,32.65320506715542,60000
2024-05-29,32.5788688659668,32.633691785124164,32.42089761339677,32.606744686234066,25800
2024-05-30,32.7182502746582,33.23862134997492,32.68108015254888,32.801881277035214,80000
2024-05-31,32.37443542480469,32.81117549663567,32.29080442263999,32.72754449447097,69700
2024-06-03,32.43019104003906,33.06206894376302,32.393020917528716,32.82976099518033,163300
2024-06-04,31.426620483398438,31.723974388034428,31.40803542126642,31.603173256545386,187200
2024-06-05,31.027050018310547,31.303961413639822,30.85049724795807,31.045635080148404,164000
2024-06-06,31.408035278320312,31.408035278320312,30.924834299301462,31.027050368193276,43300
2024-06-07,31.027050018310547,31.315113159690156,31.027050018310547,31.036344321598524,48900
2024-06-10,30.915542602539062,31.036343729812696,30.515972642489228,30.66464958961907,122500
2024-06-11,30.655359268188477,30.859787857944543,30.590309779700096,30.804036217437467,43600
2024-06-12,30.887666702270508,31.296527419628653,30.85049657940031,31.287233116542094,27700
2024-06-13,30.924833297729492,31.255642428826395,30.87837241648472,31.157141248691374,201000
2024-06-14,30.162864685058594,30.40446694858722,30.097818739817384,30.29295657554101,39600
2024-06-17,30.09781837463379,30.16286431908578,29.902680541277814,29.986311547678675,66600
2024-06-18,30.200035095214844,30.498317724749302,30.190744336408812,30.190744336408812,127400
2024-06-20,30.190744400024414,30.618190200766357,30.056005356254808,30.404467300395385,58300
2024-06-21,29.781879425048828,29.865510431489202,29.651787536083386,29.73541854252376,155300
2024-06-24,29.828340530395508,29.874804958005793,29.540280929745364,29.596034343665742,56200
2024-06-25,30.08852767944336,30.08852767944336,29.791173777110938,29.791173777110938,24100
2024-06-26,29.949140548706055,30.100607204031547,29.84692448334294,29.86550954474878,17900
2024-06-27,29.95843505859375,30.162863645993223,29.893385570855237,30.13498782606103,31500
2024-06-28,30.23720359802246,30.34871042140468,30.075517463459946,30.33012536005131,275500
2024-07-01,30.478803634643555,30.51597375897046,30.31154161991065,30.320835923361454,45200
2024-07-02,31.147851943969727,31.305819656521717,30.68323602036291,30.68323602036291,55000
2024-07-03,31.240772247314453,31.240772247314453,31.129265423399072,31.19431136607788,14900
2024-07-05,31.082805633544922,31.082805633544922,30.934128681524715,31.017759688582213,33500
2024-07-08,30.72040557861328,30.77708594117359,30.581019386205746,30.776157219785794,30100
2024-07-09,30.450927734375,30.664650631590234,30.38588178934159,30.432342672260006,167000
2024-07-10,29.96772575378418,30.125693459384134,29.819048806562677,29.939849933910782,55200
2024-07-11,30.032772064208984,30.190743316480333,30.02348130571682,30.02348130571682,80700
2024-07-12,30.29295539855957,30.40910937408279,29.828339496466707,29.828339496466707,45600
2024-07-15,29.679664611816406,29.80511111929091,29.66107955018262,29.72612549353184,58800
2024-07-16,29.6146183013916,29.726125125074116,29.400893639990265,29.400893639990265,65400
2024-07-17,29.34514045715332,29.419478930978123,29.094247443356224,29.35443298792755,85100
2024-07-18,29.233633041381836,29.501251912437755,29.20575722030188,29.373019236257967,52500
2024-07-19,29.187171936035156,29.40554198546925,28.9214122821779,29.187171936035156,40800
2024-07-22,28.861940383911133,29.03849492934489,28.74114102484745,28.97344898428221,42300
2024-07-23,29.06637191772461,29.159293681669762,28.91769496856952,28.91769496856952,51500
2024-07-24,29.865510940551758,30.00489713524095,29.41018754904259,29.41018754904259,85800
2024-07-25,29.400894165039062,29.642494650491088,29.28009480849757,29.484525170478957,63500
2024-07-26,29.530988693237305,29.71683399894854,29.475233506391753,29.475233506391753,74400
2024-07-29,29.633201599121094,29.70196597186013,29.447356302139365,29.540279836814733,123200
2024-07-30,29.354433059692383,29.512402538502418,29.205756111679296,29.456649126089765,62400
2024-07-31,29.837635040283203,29.87480516473338,29.37301911887048,29.410187470951573,115000
2024-08-01,30.63677406311035,30.63677406311035,30.21861903757319,30.21861903757319,62400
2024-08-02,30.395172119140625,30.729696143013975,30.37658705728787,30.469512366551637,125700
2024-08-05,29.95843505859375,29.981663726957898,29.465939789784112,29.59603344815408,70300
2024-08-06,30.339420318603516,30.385881200621764,30.023481358246126,30.023481358246126,50100
2024-08-07,30.534557342529297,30.664649226635735,30.31154015210541,30.31154015210541,30100
2024-08-08,30.525264739990234,30.683235997160956,30.320836144179783,30.61819005148424,52000
2024-08-09,30.23720359802246,30.35800117971236,30.1535725943013,30.34871042140468,77000
2024-08-12,30.887666702270508,31.157141231234412,30.748280513876267,30.99917352614309,47100
2024-08-13,30.69252586364746,30.78545117243994,30.441632847014883,30.64606498162026,47400
2024-08-14,30.785451889038086,30.934128841828755,30.60889557059168,30.729696702464775,56900
2024-08-15,30.831912994384766,30.90624969894684,30.646065915872295,30.785452110941197,15900
2024-08-16,30.915542602539062,30.934127664022547,30.757571352298463,30.80403577837619,24700
2024-08-19,31.240772247314453,31.259357308756687,31.129265423399072,31.129265423399072,33200
2024-08-20,31.315113067626953,31.40803483180495,31.12926599453287,31.324403826149517,78900
2024-08-21,30.841203689575195,31.296528853754833,30.757572681653965,31.101391016851352,74100
2024-08-22,30.748281478881836,30.924834250949196,30.469512638082477,30.497388458740975,38500
2024-08-23,30.915542602539062,30.92483336091179,30.553142765456197,30.553142765456197,30800
2024-08-26,30.63677406311035,30.766865950002344,30.49738787301861,30.49738787301861,29900
2024-08-27,31.287233352661133,31.32440347581185,30.81332668907266,30.81332668907266,62100
2024-08-28,30.85978889465332,31.18502216906886,30.804037252273318,31.18502216906886,33900
2024-08-29,30.878372192382812,31.175726083876913,30.720404488349445,30.934127376314706,95700
2024-08-30,30.785451889038086,30.934128841828755,30.729696702464775,30.73899100592941,26000
2024-09-03,30.265079498291016,30.432341506178826,30.21861861715285,30.311540379429182,69600
2024-09-04,29.856220245361328,30.104323560540124,29.837635183047315,30.02348226144926,21100
2024-09-05,29.716833114624023,29.902680187173843,29.58674122726057,29.902680187173843,42200
2024-09-06,29.670372009277344,29.856219080427888,29.642494416894056,29.856219080427888,33200
2024-09-09,29.716833114624023,29.823696333380045,29.614618819853757,29.735418176352812,66500
2024-09-10,29.233633041381836,29.493818596465644,29.187172158002518,29.419480119637285,38900
2024-09-11,29.465940475463867,29.521695661363726,29.29868023487147,29.307972765854778,43700
2024-09-12,29.270801544189453,29.329342892056697,29.150002190674837,29.187170540845106,50600
2024-09-13,29.484525680541992,29.484525680541992,29.094248239193956,29.094248239193956,72700
2024-09-16,29.02920150756836,29.410186407561923,29.02920150756836,29.215048578361376,28000
2024-09-17,29.25221824645996,29.59603481119997,29.11283382327259,29.140711416857705,71100
2024-09-18,29.131418228149414,29.354433654689437,29.05707975263607,29.242925055234895,32300
2024-09-19,29.094247817993164,29.224341478138506,28.83592148519791,29.01990934321113,46200
2024-09-20,29.26150894165039,29.34513994478923,29.17787793851155,29.17787793851155,45000
2024-09-23,29.140710830688477,29.41018714044763,29.05707982398448,29.150003361696594,25500
2024-09-24,29.094247817993164,29.15093172473515,28.908402517222594,28.954863399322978,13600
2024-09-25,29.326555252075195,29.345140313532692,29.00132376604504,29.00132376604504,36200
2024-09-26,29.55886459350586,29.688958257458363,29.410187639590795,29.410187639590795,77300
2024-09-27,29.642494201660156,29.73541773656071,29.5309873776747,29.60532585112134,47900
2024-09-30,29.419479370117188,29.642494794920506,29.41018683920425,29.642494794920506,32400
2024-10-01,28.815479278564453,29.075664829176052,28.685387389443186,28.69467814806408,71100
2024-10-02,28.648216247558594,28.7225547204678,28.583170305309164,28.694677128488475,8400
2024-10-03,28.564586639404297,28.880525607794674,28.546001577176842,28.620340053717573,34100
2024-10-04,28.53670883178711,28.70397084584009,28.480955417892474,28.6203398388136,21500
2024-10-07,28.685386657714844,28.834063605023463,28.36015517083886,28.36015517083886,75200
2024-10-08,28.239355087280273,28.33227862587531,28.1928942041673,28.313693563682488,84700
2024-10-09,28.75972557067871,28.899109989363534,28.5088325536246,28.73184797799413,30900
2024-10-10,29.38231086730957,29.50311022381668,29.224341387342406,29.41947921840059,50100
2024-10-11,29.447357177734375,29.55886400476518,29.326556047353765,29.326556047353765,53000
2024-10-14,29.800464630126953,29.92126576106279,29.670372740536727,29.670372740536727,42700
2024-10-15,29.763294219970703,29.80046434370727,29.47523285048852,29.781879281838986,90600
2024-10-16,29.224342346191406,29.41018765248215,29.205757283851604,29.307973354351425,56400
2024-10-17,29.0849552154541,29.247571847142947,29.019909271726178,29.215048875278985,17200
2024-10-18,29.26150894165039,29.31726235295329,29.010615932233872,29.07566364651774,22100
2024-10-21,28.94556999206543,29.121195807615187,28.917694172596793,28.95486252267797,17900
2024-10-22,28.778308868408203,29.10818751197935,28.750433048084616,28.871232405014595,83600
2024-10-23,29.447357177734375,29.50311059124978,29.122125682884583,29.122125682884583,51800
2024-10-24,29.911970138549805,30.17029646355479,29.77258749645198,29.99560114170369,65600
2024-10-25,29.902679443359375,29.98166329518849,29.809757681764886,29.809757681764886,28900
2024-10-28,29.763294219970703,29.828340164140645,29.40089437538444,29.40089437538444,41000
2024-10-29,29.93055534362793,30.153572534689474,29.867366844098992,29.921264585338612,32400
2024-10-30,29.754003524780273,29.82741150628896,29.503110506131215,29.679665049517855,86000
2024-10-31,29.3916015625,29.58674116550692,29.23363208287308,29.48452509858096,27600
2024-11-01,29.326555252075195,29.502181069821226,29.31726272134645,29.363725374990192,39600
2024-11-04,29.819049835205078,29.95843602885641,29.71869298098709,29.809759076506126,52500
2024-11-05,29.540281295776367,29.614619772714356,29.38231181073701,29.558864585734042,47400
2024-11-06,29.503110885620117,29.503110885620117,28.899110544797775,28.899110544797775,159600
2024-11-07,30.255788803100586,30.367295627012496,29.78187859818343,29.78187859818343,66100
2024-11-08,30.49738883972168,30.71111173849567,30.450927956464408,30.58101984748004,95400
2024-11-11,30.3765869140625,30.423051340844353,30.255789329696317,30.348711093783855,33700
2024-11-12,29.781879425048828,30.288312615365008,29.679665129019863,30.134988512767972,76000
2024-11-13,29.270801544189453,29.4101859589737,29.17323263107738,29.17787801021029,54900
2024-11-14,29.307971954345703,29.800463676241094,29.307971954345703,29.456648901223822,77100
2024-11-15,28.815479278564453,29.345141138408547,28.815479278564453,29.02920217422627,94900
2024-11-18,29.540281295776367,29.651788124998802,29.493818639959443,29.50311117112283,43200
2024-11-19,29.187171936035156,29.23363281906114,29.094248397614113,29.15929434279812,73300
2024-11-20,29.047786712646484,29.26615675605189,28.91769482587,29.177878599422964,68100
2024-11-21,29.503110885620117,29.73541884534941,29.405541967902394,29.71683378320249,76500
2024-11-22,29.047786712646484,29.050574649130127,28.81547875919189,28.973448238435775,15300
2024-11-25,29.447357177734375,29.642495011222817,29.252217571876876,29.4101870538114,24300
2024-11-26,29.075664520263672,29.317263233959448,29.0199093349163,29.159293753546642,96500
2024-11-27,29.010616302490234,29.070088144692143,28.75043253151005,28.806185943524518,37000
2024-11-29,29.11283302307129,29.14535599517544,28.778308998721116,28.852647473869037,62300
2024-12-02,29.010616302490234,29.122124898888178,28.852646824808403,28.889816947730722,53200
2024-12-03,28.815479278564453,29.173233746017004,28.30440070833121,29.047787236206183,122100
2024-12-04,28.388031005859375,28.685386673004118,28.062801291179056,28.267231650745117,45200
2024-12-05,28.118555068969727,28.378740616466068,27.802616108570255,27.802616108570255,51700
2024-12-06,28.694677352905273,28.75043253729998,27.78403060955322,27.811908201750573,405400
2024-12-09,28.17430877685547,28.349934599274224,28.048862267233233,28.267232314246282,32600
2024-12-10,28.657508850097656,28.75972491524257,28.42520090012758,28.42520090012758,61600
2024-12-11,28.66680145263672,28.796893337787964,28.539495731565278,28.601755510061096,102000
2024-12-12,27.830493927001953,28.034924290884717,27.681816976474657,28.034924290884717,51000
2024-12-13,27.598186492919922,27.83978521282545,27.514555485118358,27.746863446262903,55300
2024-12-16,27.33799934387207,27.45879869677911,27.291538463300668,27.291538463300668,59700
2024-12-17,27.280000686645508,27.530000686645508,27.049999237060547,27.299999237060547,38100
2024-12-18,26.979999542236328,27.389999389648438,26.950000762939453,27.270000457763672,261000
2024-12-19,27.790000915527344,27.850000381469727,27.389999389648438,27.389999389648438,97900
2024-12-20,27.729999542236328,27.940000534057617,27.684999465942383,27.709999084472656,55500
2024-12-23,28.18000030517578,28.334999084472656,28.110000610351562,28.110000610351562,71400
2024-12-24,28.229999542236328,28.239999771118164,28.190000534057617,28.209999084472656,40500
2024-12-26,28.100000381469727,28.299999237060547,28.010000228881836,28.18000030517578,44600
2024-12-27,28.75,29.0,28.520000457763672,28.520000457763672,57100
2024-12-30,28.920000076293945,28.950000762939453,28.59000015258789,28.59000015258789,57000
2024-12-31,29.309999465942383,29.354999542236328,29.110000610351562,29.110000610351562,48300
2025-01-02,29.56999969482422,29.719999313354492,29.31999969482422,29.31999969482422,22500
2025-01-03,29.989999771118164,30.0,29.75,29.75,14500
2025-01-06,29.600000381469727,29.733999252319336,29.5,29.530000686645508,41700
2025-01-07,29.209999084472656,29.469999313354492,29.209999084472656,29.299999237060547,32900
2025-01-08,28.540000915527344,28.809999465942383,28.360000610351562,28.649999618530273,28500
2025-01-10,28.65999984741211,29.270000457763672,28.520000457763672,28.520000457763672,77800
2025-01-13,29.440000534057617,29.46500015258789,29.010000228881836,29.010000228881836,40400
2025-01-14,29.18000030517578,29.600000381469727,29.010000228881836,29.200000762939453,87700
2025-01-15,29.329999923706055,29.55900001525879,29.170000076293945,29.200000762939453,16900
2025-01-16,29.239999771118164,29.450000762939453,28.8799991607666,29.229999542236328,31900
2025-01-17,29.610000610351562,29.729999542236328,29.459999084472656,29.729999542236328,25700
2025-01-21,29.68000030517578,29.90999984741211,29.55500030517578,29.59000015258789,87800
2025-01-22,29.559999465942383,29.65999984741211,29.450000762939453,29.65999984741211,13600
2025-01-23,30.049999237060547,30.149999618530273,29.790000915527344,30.0,33600
2025-01-24,30.469999313354492,30.479999542236328,30.049999237060547,30.049999237060547,25900
2025-01-27,29.56999969482422,30.1299991607666,29.530000686645508,29.889999389648438,58300
2025-01-28,30.049999237060547,30.190000534057617,29.600000381469727,29.600000381469727,60000
2025-01-29,30.84000015258789,30.950000762939453,30.469999313354492,30.469999313354492,24400
2025-01-30,30.68000030517578,31.030000686645508,30.6299991607666,31.0,63400
2025-01-31,30.989999771118164,31.386999130249023,29.559999465942383,30.110000610351562,38900
2025-02-03,30.1299991607666,30.40999984741211,29.768999099731445,29.829999923706055,31900
2025-02-04,30.209999084472656,30.489999771118164,30.110000610351562,30.209999084472656,30400
2025-02-05,30.280000686645508,30.8700008392334,30.280000686645508,30.5,36100
2025-02-06,30.389999389648438,30.56999969482422,30.260000228881836,30.5,66600
2025-02-07,30.360000610351562,30.649999618530273,30.360000610351562,30.389999389648438,38200
2025-02-10,30.540000915527344,30.722000122070312,30.479999542236328,30.479999542236328,17300
2025-02-11,30.540000915527344,30.610000610351562,30.34000015258789,30.579999923706055,36500
2025-02-12,30.260000228881836,30.43000030517578,30.0,30.43000030517578,31200
2025-02-13,29.75,29.889999389648438,29.6299991607666,29.809999465942383,18700
2025-02-14,30.469999313354492,30.5,30.06999969482422,30.06999969482422,17500
2025-02-18,29.100000381469727,29.239999771118164,28.71500015258789,29.100000381469727,24600
2025-02-19,28.3799991607666,28.81999969482422,28.357999801635742,28.760000228881836,46400
2025-02-20,28.260000228881836,28.309999465942383,28.079999923706055,28.200000762939453,41900
2025-02-21,28.610000610351562,28.75,28.450000762939453,28.450000762939453,29700
2025-02-24,28.65999984741211,28.790000915527344,28.469999313354492,28.469999313354492,39600
2025-02-25,28.209999084472656,28.520000457763672,28.049999237060547,28.520000457763672,177400
2025-02-26,28.1299991607666,28.139999389648438,27.920000076293945,28.040000915527344,22500
2025-02-27,28.459999084472656,28.6200008392334,28.200000762939453,28.200000762939453,30900
2025-02-28,27.889999389648438,28.190000534057617,27.81999969482422,28.190000534057617,16500
2025-03-03,28.209999084472656,28.34000015258789,27.969999313354492,27.969999313354492,28900
2025-03-04,27.579999923706055,27.722999572753906,27.360000610351562,27.549999237060547,47000
2025-03-05,27.899999618530273,28.145000457763672,27.8700008392334,27.979999542236328,48700
2025-03-06,27.65999984741211,27.790000915527344,27.621999740600586,27.68000030517578,14900
2025-03-07,28.030000686645508,28.399999618530273,28.0,28.18000030517578,83400
2025-03-10,28.049999237060547,28.350000381469727,27.959999084472656,28.15999984741211,57000
2025-03-11,27.850000381469727,27.969999313354492,27.68000030517578,27.68000030517578,95600
2025-03-12,28.09000015258789,28.350000381469727,27.520000457763672,27.520000457763672,105600
2025-03-13,28.1200008392334,28.700000762939453,28.100000381469727,28.200000762939453,47400
2025-03-14,28.290000915527344,28.56999969482422,28.290000915527344,28.399999618530273,32800
2025-03-17,28.299999237060547,28.450000762939453,28.149999618530273,28.15999984741211,82400
2025-03-18,28.979999542236328,29.0,28.479999542236328,28.5,26900
2025-03-19,29.68000030517578,29.75,29.420000076293945,29.450000762939453,26300
2025-03-20,29.389999389648438,29.479999542236328,29.170000076293945,29.469999313354492,50300
2025-03-21,28.90999984741211,29.110000610351562,28.760000228881836,29.100000381469727,45500
2025-03-24,29.040000915527344,29.15999984741211,28.56999969482422,28.709999084472656,52200
2025-03-25,28.75,29.079999923706055,28.719999313354492,29.0,120200
2025-03-26,28.65999984741211,29.110000610351562,28.59000015258789,28.81999969482422,55300
2025-03-27,28.209999084472656,28.3700008392334,28.104999542236328,28.3700008392334,22200
2025-03-28,28.420000076293945,28.479999542236328,28.250999450683594,28.3700008392334,19200
2025-03-31,28.219999313354492,28.360000610351562,27.8799991607666,28.1200008392334,38100
2025-04-01,28.59000015258789,28.739999771118164,28.450000762939453,28.459999084472656,55800
2025-04-02,28.219999313354492,28.450000762939453,28.110000610351562,28.25,39000
2025-04-03,27.760000228881836,27.90999984741211,27.492000579833984,27.739999771118164,58900
2025-04-04,26.690000534057617,26.969999313354492,26.600000381469727,26.719999313354492,99100
2025-04-07,26.149999618530273,27.149999618530273,26.149999618530273,26.239999771118164,131100
2025-04-08,26.440000534057617,26.610000610351562,26.1299991607666,26.389999389648438,56100
2025-04-09,25.8700008392334,26.100000381469727,24.899999618530273,24.899999618530273,408500
2025-04-10,25.850000381469727,25.93000030517578,25.469999313354492,25.75,58100
2025-04-11,26.989999771118164,27.1200008392334,26.56999969482422,26.56999969482422,53900
2025-04-14,27.450000762939453,27.489999771118164,27.299999237060547,27.31999969482422,47600
2025-04-15,27.329999923706055,27.540000915527344,27.288000106811523,27.5,118000
2025-04-16,27.75,27.75,27.459999084472656,27.559999465942383,125500
2025-04-17,27.690000534057617,27.690000534057617,27.424999237060547,27.469999313354492,17000
2025-04-21,27.610000610351562,27.940000534057617,27.562000274658203,27.940000534057617,34700
2025-04-22,27.260000228881836,27.299999237060547,26.989999771118164,27.25,23500
2025-04-23,27.600000381469727,27.724000930786133,27.43000030517578,27.43000030517578,24400
2025-04-24,27.690000534057617,27.690000534057617,27.298999786376953,27.309999465942383,8200
2025-04-25,27.790000915527344,27.844999313354492,27.621000289916992,27.799999237060547,7900
2025-04-28,27.5,27.5,27.209999084472656,27.5,51200
2025-04-29,27.219999313354492,27.3700008392334,27.139999389648438,27.3700008392334,56900
2025-04-30,27.6299991607666,27.790000915527344,27.524999618530273,27.610000610351562,54200
2025-05-01,27.829999923706055,27.84000015258789,27.6200008392334,27.719999313354492,33300
2025-05-02,28.549999237060547,28.6299991607666,28.43000030517578,28.43000030517578,27900
2025-05-05,28.209999084472656,28.229000091552734,28.059999465942383,28.110000610351562,7600
2025-05-06,28.81999969482422,28.959999084472656,28.549999237060547,28.549999237060547,12100
2025-05-07,29.209999084472656,29.440000534057617,29.1200008392334,29.1200008392334,11800
2025-05-08,29.200000762939453,29.200000762939453,28.979999542236328,28.979999542236328,25400
2025-05-09,29.100000381469727,29.139999389648438,28.93899917602539,29.139999389648438,15400
2025-05-12,29.649999618530273,29.770000457763672,28.773000717163086,29.100000381469727,42600
2025-05-13,29.600000381469727,29.84000015258789,29.520000457763672,29.700000762939453,16900
2025-05-14,29.329999923706055,29.43000030517578,29.016000747680664,29.079999923706055,26300
2025-05-15,29.59000015258789,29.885000228881836,29.440000534057617,29.450000762939453,31200
2025-05-16,28.860000610351562,29.549999237060547,28.809999465942383,29.510000228881836,18900
2025-05-19,28.950000762939453,29.040000915527344,28.780000686645508,28.780000686645508,49000
2025-05-20,29.8700008392334,29.934999465942383,29.360000610351562,29.360000610351562,35400
2025-05-21,29.670000076293945,29.920000076293945,29.610000610351562,29.670000076293945,79200
2025-05-22,29.3799991607666,29.655000686645508,29.3799991607666,29.540000915527344,16700
2025-05-23,29.350000381469727,29.440000534057617,28.790000915527344,28.950000762939453,38600
2025-05-27,29.1299991607666,29.43000030517578,29.040000915527344,29.31999969482422,17100
2025-05-28,29.18000030517578,29.405000686645508,29.18000030517578,29.309999465942383,25900
2025-05-29,28.93000030517578,29.149999618530273,28.93000030517578,29.139999389648438,17400
2025-05-30,28.75,28.90999984741211,28.459999084472656,28.459999084472656,20000
2025-06-02,29.149999618530273,29.149999618530273,29.010000228881836,29.020000457763672,10600
2025-06-03,29.5,29.5,29.290000915527344,29.290000915527344,4200
2025-06-04,29.350000381469727,29.579999923706055,29.06999969482422,29.270000457763672,12100
2025-06-05,29.670000076293945,29.670000076293945,29.399999618530273,29.399999618530273,12800
2025-06-06,29.6200008392334,29.8799991607666,29.399999618530273,29.399999618530273,7900
2025-06-09,29.790000915527344,29.950000762939453,29.600000381469727,29.649999618530273,13600
2025-06-10,29.709999084472656,29.76799964904785,29.5,29.549999237060547,5600
2025-06-11,30.139999389648438,30.3700008392334,29.579999923706055,29.579999923706055,25500
2025-06-12,30.610000610351562,30.739999771118164,30.149999618530273,30.15999984741211,15700
2025-06-13,30.770000457763672,31.0,30.208999633789062,30.208999633789062,12400
2025-06-16,30.510000228881836,30.829999923706055,30.469999313354492,30.700000762939453,19000
2025-06-17,30.43000030517578,30.719999313354492,30.219999313354492,30.549999237060547,89200
2025-06-18,30.6299991607666,30.770999908447266,30.15999984741211,30.719999313354492,20400
2025-06-20,30.399999618530273,30.459999084472656,30.155000686645508,30.31999969482422,13500
2025-06-23,30.489999771118164,30.639999389648438,29.950000762939453,29.950000762939453,26500
2025-06-24,30.709999084472656,30.709999084472656,30.5,30.5,12400
2025-06-25,30.229999542236328,30.309999465942383,30.0,30.0,9900
2025-06-26,30.0,30.31999969482422,30.0,30.31999969482422,7900
2025-06-27,30.170000076293945,30.209999084472656,29.972999572753906,30.209999084472656,18400
2025-06-30,29.690000534057617,29.770999908447266,29.530000686645508,29.700000762939453,21100
2025-07-01,30.100000381469727,30.149999618530273,29.899999618530273,29.989999771118164,11700
2025-07-02,30.3799991607666,30.649999618530273,30.219999313354492,30.219999313354492,40100
2025-07-03,30.479999542236328,30.68600082397461,30.459999084472656,30.59000015258789,8300
2025-07-07,29.860000610351562,30.190000534057617,29.860000610351562,30.030000686645508,57500
2025-07-08,29.760000228881836,29.93000030517578,29.729999542236328,29.75,8100
2025-07-09,29.860000610351562,30.0,29.739999771118164,29.739999771118164,8500
2025-07-10,29.889999389648438,30.0,29.81999969482422,29.899999618530273,7300
2025-07-11,29.899999618530273,29.950000762939453,29.770000457763672,29.950000762939453,30700
2025-07-14,29.93000030517578,29.959999084472656,29.809999465942383,29.90999984741211,21400
2025-07-15,30.0,30.100000381469727,29.850000381469727,29.950000762939453,15000
2025-07-16,30.290000915527344,30.350000381469727,30.06999969482422,30.270000457763672,18700
2025-07-17,30.09000015258789,30.200000762939453,29.90399932861328,29.93000030517578,10700
2025-07-18,30.0,30.09000015258789,29.834999084472656,30.09000015258789,13100
2025-07-21,29.889999389648438,29.950000762939453,29.420000076293945,29.950000762939453,41000
2025-07-22,29.899999618530273,29.940000534057617,29.670000076293945,29.68000030517578,8400
2025-07-23,30.079999923706055,30.079999923706055,29.774999618530273,29.799999237060547,25200
2025-07-24,30.399999618530273,30.447999954223633,30.06999969482422,30.100000381469727,61700
2025-07-25,30.530000686645508,30.600000381469727,29.399999618530273,30.43000030517578,35800
2025-07-28,30.149999618530273,30.229999542236328,29.8799991607666,29.8799991607666,44700
2025-07-29,30.65999984741211,30.75,30.395000457763672,30.450000762939453,47800
2025-07-30,30.389999389648438,30.674999237060547,30.332000732421875,30.639999389648438,31400
2025-07-31,30.190000534057617,30.3700008392334,30.139999389648438,30.299999237060547,67500
2025-08-01,30.09000015258789,30.280000686645508,29.959999084472656,30.280000686645508,28600
2025-08-04,30.0,30.040000915527344,29.950000762939453,30.030000686645508,11700
2025-08-05,30.209999084472656,30.360000610351562,29.979999542236328,30.09000015258789,15600
2025-08-06,30.200000762939453,30.3799991607666,30.05699920654297,30.25,33500
2025-08-07,30.520000457763672,30.6200008392334,30.183000564575195,30.209999084472656,46100
2025-08-08,30.860000610351562,30.8799991607666,30.549999237060547,30.549999237060547,17400
2025-08-11,30.56999969482422,30.6299991607666,30.450000762939453,30.450000762939453,8100
2025-08-12,30.450000762939453,30.540000915527344,30.354999542236328,30.360000610351562,15400
2025-08-13,30.56999969482422,30.604999542236328,30.450000762939453,30.459999084472656,36100
2025-08-14,30.290000915527344,30.329999923706055,30.184999465942383,30.309999465942383,36700
2025-08-15,30.229999542236328,30.34000015258789,30.15999984741211,30.290000915527344,30900
2025-08-18,30.510000228881836,30.600000381469727,30.209999084472656,30.229999542236328,27000
2025-08-19,30.389999389648438,30.469999313354492,30.280000686645508,30.469999313354492,15600
2025-08-20,30.459999084472656,30.600000381469727,30.290000915527344,30.329999923706055,31500
2025-08-21,30.790000915527344,30.88800048828125,30.6200008392334,30.760000228881836,26900
2025-08-22,30.920000076293945,30.950000762939453,30.54400062561035,30.700000762939453,9200
2025-08-25,30.719999313354492,30.940000534057617,30.6200008392334,30.75,24300
2025-08-26,30.899999618530273,30.950000762939453,30.670000076293945,30.670000076293945,21900
2025-08-27,30.829999923706055,30.899999618530273,30.635000228881836,30.770000457763672,8200
2025-08-28,30.799999237060547,30.934999465942383,30.739999771118164,30.84000015258789,51300
2025-08-29,31.18000030517578,31.309999465942383,30.959999084472656,31.0,97600
2025-09-02,31.43000030517578,31.540000915527344,31.344999313354492,31.40999984741211,58500
2025-09-03,31.709999084472656,31.770000457763672,31.469999313354492,31.510000228881836,28400
2025-09-04,31.760000228881836,31.815000534057617,31.579999923706055,31.610000610351562,57200
2025-09-05,32.02000045776367,32.20000076293945,31.399999618530273,31.90999984741211,198100
2025-09-08,32.25,32.439998626708984,32.09000015258789,32.09000015258789,72800
2025-09-09,32.189998626708984,32.25,31.91699981689453,31.969999313354492,33700
2025-09-10,32.7400016784668,32.939998626708984,32.5,32.59000015258789,17800
2025-09-11,32.5,32.599998474121094,32.332000732421875,32.47999954223633,40000
2025-09-12,32.68000030517578,32.810001373291016,32.62099838256836,32.810001373291016,20600
2025-09-15,33.349998474121094,33.38999938964844,33.1609992980957,33.2599983215332,86300
2025-09-16,33.34000015258789,33.52000045776367,33.279998779296875,33.279998779296875,11300
2025-09-17,32.93000030517578,33.43000030517578,32.88999938964844,33.43000030517578,45800
2025-09-18,33.119998931884766,33.22999954223633,32.959999084472656,33.029998779296875,38500
2025-09-19,33.060001373291016,33.119998931884766,32.5099983215332,33.060001373291016,10200
2025-09-22,32.77000045776367,32.86000061035156,32.63999938964844,32.70000076293945,12500
2025-09-23,32.939998626708984,33.09000015258789,32.7400016784668,32.77000045776367,41900
2025-09-24,32.68000030517578,32.7400016784668,32.61000061035156,32.709999084472656,21800
2025-09-25,32.33000183105469,32.58000183105469,32.25,32.529998779296875,15300
2025-09-26,32.5099983215332,32.59000015258789,32.244998931884766,32.380001068115234,27000
2025-09-29,32.79999923706055,32.880001068115234,32.5099983215332,32.5099983215332,30100
2025-09-30,32.400001525878906,32.58000183105469,32.400001525878906,32.540000915527344,25100
2025-10-01,32.66999816894531,32.75,32.31999969482422,32.52000045776367,69000
2025-10-02,33.06999969482422,33.13999938964844,32.470001220703125,32.63999938964844,64200
2025-10-03,33.7400016784668,33.900001525878906,33.439998626708984,33.5,70300
2025-10-06,33.79999923706055,33.939998626708984,33.529998779296875,33.93000030517578,78300
2025-10-07,33.400001525878906,33.58000183105469,33.22999954223633,33.5,70200
2025-10-08,33.619998931884766,33.66999816894531,33.18000030517578,33.209999084472656,24100
2025-10-09,33.540000915527344,33.630001068115234,33.209999084472656,33.439998626708984,16600
2025-10-10,33.58000183105469,33.95000076293945,33.5,33.75,20100
2025-10-13,33.2400016784668,33.619998931884766,33.029998779296875,33.619998931884766,71400
2025-10-14,32.9900016784668,33.13399887084961,32.84000015258789,33.0099983215332,70800
2025-10-15,33.43000030517578,33.51499938964844,33.02000045776367,33.02000045776367,23400
2025-10-16,33.91999816894531,33.97999954223633,33.54999923706055,33.630001068115234,18200
2025-10-17,33.880001068115234,34.099998474121094,33.84000015258789,33.880001068115234,43300
2025-10-20,33.970001220703125,34.10100173950195,33.790000915527344,33.90999984741211,7600
2025-10-21,33.70000076293945,33.93000030517578,33.61000061035156,33.869998931884766,18900
2025-10-22,33.5099983215332,33.59000015258789,33.340999603271484,33.5,13100
2025-10-23,33.41999816894531,33.58000183105469,33.41999816894531,33.45000076293945,24500
2025-10-24,33.4900016784668,33.56999969482422,33.349998474121094,33.5,8600
2025-10-27,33.41999816894531,33.47999954223633,32.97999954223633,33.220001220703125,21100
2025-10-28,33.61000061035156,33.709999084472656,33.5,33.70000076293945,15100
2025-10-29,33.65999984741211,33.89500045776367,33.540000915527344,33.599998474121094,17000
2025-10-30,33.720001220703125,33.9900016784668,33.709999084472656,33.75,24300
2025-10-31,33.54999923706055,33.70000076293945,33.459999084472656,33.70000076293945,20900
2025-11-03,34.04999923706055,34.279998779296875,34.02000045776367,34.119998931884766,32700
2025-11-04,34.16999816894531,34.25600051879883,34.04899978637695,34.130001068115234,8100
2025-11-05,33.97999954223633,33.994998931884766,33.810001373291016,33.9900016784668,33600
2025-11-06,33.70000076293945,33.819000244140625,33.56100082397461,33.56999969482422,59100
2025-11-07,33.63999938964844,33.849998474121094,33.47999954223633,33.560001373291016,73500
2025-11-10,33.68000030517578,33.70899963378906,33.45199966430664,33.61000061035156,26600
2025-11-11,33.810001373291016,33.900001525878906,33.630001068115234,33.630001068115234,45000
2025-11-12,34.130001068115234,34.150001525878906,33.79999923706055,34.04999923706055,14700
2025-11-13,33.70000076293945,34.20000076293945,33.70000076293945,34.13999938964844,23000
2025-11-14,33.77000045776367,33.95000076293945,33.650001525878906,33.79999923706055,14300
2025-11-17,33.45000076293945,33.72999954223633,33.36000061035156,33.45000076293945,38600
2025-11-18,33.880001068115234,33.9900016784668,33.790000915527344,33.9900016784668,15000
2025-11-19,33.650001525878906,33.880001068115234,33.560001373291016,33.880001068115234,16400
2025-11-20,33.83000183105469,33.900001525878906,33.689998626708984,33.70000076293945,22100
2025-11-21,33.77000045776367,33.83000183105469,33.4900016784668,33.4900016784668,8300
2025-11-24,33.90999984741211,33.9900016784668,33.459999084472656,33.7400016784668,37200
2025-11-25,34.349998474121094,34.4640007019043,33.75,33.75,45400
2025-11-26,34.15999984741211,34.36000061035156,34.0099983215332,34.0099983215332,299400
