_row_id,url,url_mobile,title,seendate,socialimage,domain,language,sourcecountry,_query_id,relevance_score,relevance_hits,llm_vote,llm_score,llm_votes,llm_rationales,llm_importance,llm_vote_agreement,llm_score_importance_nopen,llm_score_importance,llm_importance_votes
2,http://carbon-pulse.com/29837/,,"EU Market : EUAs rise for 2nd day to eye €5 . 60 test , break",2017-01-31,,carbon-pulse.com,English,France,1,9,eu_ets_strong;eu_context;carbon_terms=1,YES,1,"[""YES"", ""YES"", ""YES""]","[""Price breakout above \u20ac5.60 suggests strong bullish momentum in EU ETS."", ""Price breakout above \u20ac5.60 suggests strong bullish momentum in EU ETS."", ""Price breakout above \u20ac5.60 suggests strong bullish momentum in EU ETS.""]",8,1.0,0.8,0.8,"[8, 8, 8]"
8,http://www.cemnet.com/News/story/161006/cembureau-calls-for-maintaining-free-eu-ets-allowances-for-best-performers.html,,Cembureau calls for maintaining free EU ETS allowances for best performers,2017-02-02,,cemnet.com,English,United States,1,10,eu_ets_strong;eu_context;carbon_terms=2,YES,1,"[""YES"", ""YES"", ""YES""]","[""Supports market stability by rewarding efficiency, potentially reducing price pressure."", ""Supports market stability by rewarding efficiency, potentially reducing price pressure."", ""Supports market stability by rewarding efficiency, potentially reducing price pressure.""]",7,1.0,0.7,0.7,"[7, 7, 7]"
14,https://www.euractiv.com/section/climate-environment/opinion/what-finland-doesnt-want-you-to-know-about-its-forests/,,What Finland doesnt want you to know about its forests – EurActiv . com,2017-02-04,https://www.euractiv.com/wp-content/uploads/sites/2/2017/02/Finland-forest-Helsinki-800x450.jpg,euractiv.com,English,Germany,2,2,eu_context,NO,-1,"[""NO"", ""NO"", ""NO""]","[""Forests are not directly tied to EU ETS emissions trading mechanics, so this headline has minimal immediate relevance."", ""Forests are not directly tied to EU ETS emissions trading mechanics, so this headline has minimal immediate relevance."", ""Forests are not directly tied to EU ETS emissions trading mechanics, so this headline has minimal immediate relevance.""]",2,1.0,-0.2,-0.2,"[2, 2, 2]"
20,http://www.globalcement.com/news/item/5768-cembureau-lobbies-for-revised-european-emissions-trading-scheme,,Cembureau lobbies for revised European emissions trading scheme,2017-02-07,http://www.globalcement.com/media/k2/items/cache/55c77c4359e210de61833641a929d483_M.jpg,globalcement.com,English,India,1,11,eu_ets_strong;eu_context;carbon_terms=3,NO,-1,"[""NO"", ""NO"", ""NO""]","[""Lobbying may influence policy but doesn't immediately alter market fundamentals or trading volume."", ""Lobbying may influence policy but doesn't immediately alter market fundamentals or trading volume."", ""Lobbying may influence policy but doesn't immediately alter market fundamentals or trading volume.""]",5,1.0,-0.5,-0.5,"[5, 5, 5]"
26,http://airandenvironmentmanagement.cleantechnology-business-review.com/news/statkraft-14-european-utilities-send-wakeup-call-to-european-commission-on-ets-review-090217-5735815,,Statkraft sends second wakeup call on EU Emissions Trading System,2017-02-09,,airandenvironmentmanagement.cleantechnology-business-review.com,English,United States,1,11,eu_ets_strong;eu_context;carbon_terms=3,YES,1,"[""YES"", ""YES"", ""YES""]","[""Statkraft\u2019s warning signals potential regulatory tightening or market volatility in EU ETS pricing."", ""Statkraft\u2019s warning signals potential regulatory tightening or market volatility in EU ETS pricing."", ""Statkraft\u2019s warning signals potential regulatory tightening or market volatility in EU ETS pricing.""]",7,1.0,0.7,0.7,"[7, 7, 7]"
32,http://econews.com.au/53282/report-says-eu-coal-plants-should-all-close-by-2030/,,Report says EU coal plants  should all close by 2030  ,2017-02-13,http://econews.com.au/wp-content/uploads/2014/04/WWF-thermal-power-image.jpg,econews.com.au,English,Australia,1,3,eu_context;energy_driver,YES,1,"[""YES"", ""YES"", ""YES""]","[""Coal plant closure deadline drives demand for carbon credits as emissions targets tighten."", ""Coal plant closure deadline drives demand for carbon credits as emissions targets tighten."", ""Coal plant closure deadline drives demand for carbon credits as emissions targets tighten.""]",8,1.0,0.8,0.8,"[8, 8, 8]"
38,http://www.ship-technology.com/news/newsshipping-industry-urges-ec-to-add-emissions-in-eu-emissions-trading-system-5739991,,Shipping industry urges EC to add emissions to EU Emissions Trading System,2017-02-15,,ship-technology.com,English,United States,1,11,eu_ets_strong;eu_context;carbon_terms=3,YES,1,"[""YES"", ""YES"", ""YES""]","[""Adding shipping emissions to EU ETS could boost compliance costs and drive price upward."", ""Adding shipping emissions to EU ETS could boost compliance costs and drive price upward."", ""Adding shipping emissions to EU ETS could boost compliance costs and drive price upward.""]",7,1.0,0.7,0.7,"[7, 7, 7]"
44,http://www.4-traders.com/news/EEX-Auction-News-German-Auction--23895294/,http://www.4-traders.com/amp/news/EEX-Auction-News-German-Auction--23895294/,EEX Auction News : German Auction,2017-02-17,,4-traders.com,English,United States,1,7,eu_ets_strong;carbon_terms=1,NO,-1,"[""NO"", ""NO"", ""NO""]","[""German auction results may signal domestic demand shifts but lack broad EU-wide impact."", ""German auction results may signal domestic demand shifts but lack broad EU-wide impact."", ""German auction results may signal domestic demand shifts but lack broad EU-wide impact.""]",3,1.0,-0.3,-0.3,"[3, 3, 3]"
50,https://www.envirotech-online.com/news/business-news/44/cefic/reform-of-eu-emissions-trading-on-the-way-eu-chemical-industry-welcomes-positive-vote-on-eu-ets/41798,,Reform of EU Emissions Trading on the way : EU Chemical Industry Welcomes Positive Vote on EU ETS Envirotech Online,2017-02-20,,envirotech-online.com,English,United Kingdom,1,11,eu_ets_strong;eu_context;carbon_terms=3,YES,1,"[""YES"", ""YES"", ""YES""]","[""Positive industry sentiment suggests potential price support from upcoming reforms."", ""Positive industry sentiment suggests potential price support from upcoming reforms."", ""Positive industry sentiment suggests potential price support from upcoming reforms.""]",7,1.0,0.7,0.7,"[7, 7, 7]"
56,http://advancedbiofuelsusa.info/europe-needs-a-higher-price-on-carbon/,,Advanced BioFuels united states » Europe Needs a Higher Price on Carbon,2017-02-22,,advancedbiofuelsusa.info,English,United States,1,4,eu_context;carbon_terms=2,YES,1,"[""YES"", ""YES"", ""YES""]","[""EU carbon pricing pressure may incentivize biofuel adoption, boosting demand for carbon credits."", ""EU carbon pricing pressure may incentivize biofuel adoption, boosting demand for carbon credits."", ""EU carbon pricing pressure may incentivize biofuel adoption, boosting demand for carbon credits.""]",7,1.0,0.7,0.7,"[7, 7, 7]"
62,http://carbon-pulse.com/31038/,,EU Market : EUAs hit 1,2017-02-24,,carbon-pulse.com,English,France,1,9,eu_ets_strong;eu_context;carbon_terms=1,NO,-1,"[""NO"", ""NO"", ""NO""]","[""EUAs hitting 1 suggests a significant drop, likely due to market correction or low demand, indicating short-term bearish pressure."", ""EUAs hitting 1 suggests a significant drop, likely due to market correction or low demand, indicating short-term bearish pressure."", ""EUAs hitting 1 suggests a significant drop, likely due to market correction or low demand, indicating short-term bearish pressure.""]",3,1.0,-0.3,-0.3,"[3, 3, 3]"
68,https://financialtribune.com/articles/energy/60355/eu-ministers-brace-for-battle-on-carbon-market-reform,,EU Ministers Brace for Battle on Carbon Market Reform,2017-02-26,https://financialtribune.com/sites/default/files/styles/telegram/public/field/image/17january/05_eu_-_300.jpg?itok=j1GJX8Vk,financialtribune.com,English,,1,4,eu_context;carbon_terms=2,NO,-1,"[""NO"", ""NO"", ""NO""]","[""Political gridlock risks delaying or undermining key reforms that could affect market dynamics."", ""Political gridlock risks delaying or undermining key reforms that could affect market dynamics."", ""Political gridlock risks delaying or undermining key reforms that could affect market dynamics.""]",6,1.0,-0.6,-0.6,"[6, 6, 6]"
74,http://www.timesofmalta.com/articles/view/20170228/world/eu-one-step-closer-to-reviewed-emissions-trading-system.641101,,Times of Malta ‒ EU one step closer to reviewed emissions trading system,2017-02-28,https://cdn-attachments.timesofmalta.com/69000c2dd36e157626483b4a13178a321f791210-1488316659-58b5e8f3-620x348.jpg,timesofmalta.com,English,Malta,1,11,eu_ets_strong;eu_context;carbon_terms=3,NO,-1,"[""NO"", ""NO"", ""NO""]","[""Malta\u2019s involvement signals potential regulatory tweaks but doesn\u2019t yet imply immediate price volatility."", ""Malta\u2019s involvement signals potential regulatory tweaks but doesn\u2019t yet imply immediate price volatility."", ""Malta\u2019s involvement signals potential regulatory tweaks but doesn\u2019t yet imply immediate price volatility.""]",3,1.0,-0.3,-0.3,"[3, 3, 3]"
80,http://www.4-traders.com/news/EEX-Auction-News-German-Auction--23980306/,http://www.4-traders.com/amp/news/EEX-Auction-News-German-Auction--23980306/,EEX Auction News : German Auction,2017-03-03,,4-traders.com,English,United States,1,7,eu_ets_strong;carbon_terms=1,NO,-1,"[""NO"", ""NO"", ""NO""]","[""German auction results may signal domestic demand shifts but lack broad EU-wide impact."", ""German auction results may signal domestic demand shifts but lack broad EU-wide impact."", ""German auction results may signal domestic demand shifts but lack broad EU-wide impact.""]",3,1.0,-0.3,-0.3,"[3, 3, 3]"
86,http://www.ship-technology.com/features/featureshipping-emissions-eu-vs-imo-5753670/,,Shipping emissions : EU vs IMO ? ,2017-03-07,http://www.ship-technology.com/Uploads/NewsArticle/5753670/main.jpg,ship-technology.com,English,United States,1,4,eu_context;carbon_terms=2,NO,-1,"[""NO"", ""NO"", ""NO""]","[""EU ETS may face regulatory pressure from IMO\u2019s global emissions targets, potentially affecting shipping-related carbon pricing."", ""EU ETS may face regulatory pressure from IMO\u2019s global emissions targets, potentially affecting shipping-related carbon pricing."", ""EU ETS may face regulatory pressure from IMO\u2019s global emissions targets, potentially affecting shipping-related carbon pricing.""]",7,1.0,-0.7,-0.7,"[7, 7, 7]"
92,http://worldmaritimenews.com/archives/214619/shipping-eu-ets-proposal-should-be-a-wake-up-call-for-un-agency/,,Shipping EU ETS Proposal Should Be a Wake,2017-03-09,http://worldmaritimenews.com/wp-content/uploads/2017/03/imo-1.jpg,worldmaritimenews.com,English,Singapore,1,8,eu_ets_strong;eu_context,NO,-1,"[""NO"", ""NO"", ""NO""]","[""The proposal may trigger market uncertainty and short-term volatility due to regulatory ambiguity."", ""The proposal may trigger market uncertainty and short-term volatility due to regulatory ambiguity."", ""The proposal may trigger market uncertainty and short-term volatility due to regulatory ambiguity.""]",6,1.0,-0.6,-0.6,"[6, 6, 6]"
98,https://www.environmental-finance.com/content/analysis/low-prices-but-high-hopes-for-the-voluntary-carbon-market.html,,"Low prices , but high hopes for the voluntary carbon market",2017-03-14,,environmental-finance.com,English,United States,1,3,carbon_terms=3,NO,-1,"[""NO"", ""NO"", ""NO""]","[""Voluntary carbon market activity may influence sentiment but doesn't directly drive EU ETS prices."", ""Voluntary carbon market activity may influence sentiment but doesn't directly drive EU ETS prices."", ""Voluntary carbon market activity may influence sentiment but doesn't directly drive EU ETS prices.""]",5,1.0,-0.5,-0.5,"[5, 5, 5]"
104,http://www.lexology.com/library/detail.aspx?g=3e74e87b-672a-4119-8f76-eb675cff91ce,,European Commission proposes extending aviation emissions cap exemption,2017-03-17,,lexology.com,English,United States,1,4,eu_context;carbon_terms=2,NO,-1,"[""NO"", ""NO"", ""NO""]","[""Exemptions may reduce compliance pressure, potentially lowering price support in the short term."", ""Exemptions may reduce compliance pressure, potentially lowering price support in the short term."", ""Exemptions may reduce compliance pressure, potentially lowering price support in the short term.""]",6,1.0,-0.6,-0.6,"[6, 6, 6]"
110,http://www.hydrogenfuelnews.com/norway-works-to-adapt-to-eu-emissions-trading-scheme/855873/,,Norway works to adapt to EU Emissions Trading Scheme,2017-03-21,,hydrogenfuelnews.com,English,United States,1,5,eu_context;carbon_terms=3,NO,-1,"[""NO"", ""NO"", ""NO""]","[""Norway\u2019s adaptation efforts may signal regulatory alignment but don\u2019t yet imply immediate price shifts in the EU ETS."", ""Norway\u2019s adaptation efforts may signal regulatory alignment but don\u2019t yet imply immediate price shifts in the EU ETS."", ""Norway\u2019s adaptation efforts may signal regulatory alignment but don\u2019t yet imply immediate price shifts in the EU ETS.""]",3,1.0,-0.3,-0.3,"[3, 3, 3]"
116,http://www.euractiv.com/section/climate-environment/news/leaked-paper-exposes-eu-countries-abuse-of-climate-loophole/,,Leaked paper exposes EU countrie abuse of climate loophole – EURACTIV . com,2017-03-24,http://www.euractiv.com/wp-content/uploads/sites/2/2017/03/7356075684_a5a8df98b2_z.jpg,euractiv.com,English,Germany,1,2,eu_context,YES,1,"[""YES"", ""YES"", ""YES""]","[""Leaked paper may trigger regulatory scrutiny and policy adjustments, potentially boosting ETS prices."", ""Leaked paper may trigger regulatory scrutiny and policy adjustments, potentially boosting ETS prices."", ""Leaked paper may trigger regulatory scrutiny and policy adjustments, potentially boosting ETS prices.""]",7,1.0,0.7,0.7,"[7, 7, 7]"
122,https://www.eureporter.co/energy/2017/03/28/just-three-eu-countries-step-up-to-the-plate-for-paris-climate-deal-ranking/,,Just three EU countries step up to the plate for Paris # climate deal,2017-03-28,https://www.eureporter.co/wp-content/uploads/2017/03/europe-map-night.jpg,eureporter.co,English,Colombia,1,2,eu_context,NO,-1,"[""NO"", ""NO"", ""NO""]","[""Limited scope of participation suggests minimal immediate market impact."", ""Limited scope of participation suggests minimal immediate market impact."", ""Limited scope of participation suggests minimal immediate market impact.""]",3,1.0,-0.3,-0.3,"[3, 3, 3]"
128,http://www.euractiv.com/section/electricity/news/eu-energy-forum-feels-winds-of-change-in-power-sector/,,EU energy forum feels winds of change in power sector – EURACTIV . com,2017-03-31,http://www.euractiv.com/wp-content/uploads/sites/2/2017/03/Windstorm.jpg,euractiv.com,English,Germany,1,3,eu_context;energy_driver,NO,-1,"[""NO"", ""NO"", ""NO""]","[""Signals potential policy shifts but lacks concrete data to confirm short-term price movement."", ""Signals potential policy shifts but lacks concrete data to confirm short-term price movement."", ""Signals potential policy shifts but lacks concrete data to confirm short-term price movement.""]",4,1.0,-0.4,-0.4,"[4, 4, 4]"
134,http://www.progressive-charlestown.com/2017/04/europe-steps-up.html,,Progressive Charlestown : Europe steps up,2017-04-02,,progressive-charlestown.com,English,United States,2,2,eu_context,NO,-1,"[""NO"", ""NO"", ""NO""]","[""EU ETS price may be affected by regulatory shifts, but \""Progressive Charlestown\"" is vague and lacks concrete policy details."", ""EU ETS price may be affected by regulatory shifts, but \""Progressive Charlestown\"" is vague and lacks concrete policy details."", ""EU ETS price may be affected by regulatory shifts, but \""Progressive Charlestown\"" is vague and lacks concrete policy details.""]",3,1.0,-0.3,-0.3,"[3, 3, 3]"
140,http://www.hedgeweek.com/2017/04/04/250259/eex-sees-42-cent-volume-increase-german-austrian-power-derivatives-market,,EEX sees 42 per cent volume increase on German,2017-04-04,http://www.hedgeweek.com/sites/default/files/imagecache/facebook_200_square/image_library/Graphs/Arrow%20up.jpg,hedgeweek.com,English,United States,1,6,eu_ets_strong,YES,1,"[""YES"", ""YES"", ""YES""]","[""Higher trading volume suggests increased market activity and potential price pressure."", ""Higher trading volume suggests increased market activity and potential price pressure."", ""Higher trading volume suggests increased market activity and potential price pressure.""]",7,1.0,0.7,0.7,"[7, 7, 7]"
146,http://www.euractiv.com/section/electricity/news/the-end-of-coal-eu-energy-companies-pledge-no-new-plants-from-2020/,,The end of coal : EU energy companies pledge no new plants from 2020 – EURACTIV . com,2017-04-06,http://www.euractiv.com/wp-content/uploads/sites/2/2017/04/Uniper-coal-plant-Rotterdam.jpg,euractiv.com,English,Germany,1,3,eu_context;energy_driver,YES,1,"[""YES"", ""YES"", ""YES""]","[""Coal phase-out pledges signal reduced emissions, likely boosting ETS demand."", ""Coal phase-out pledges signal reduced emissions, likely boosting ETS demand."", ""Coal phase-out pledges signal reduced emissions, likely boosting ETS demand.""]",7,1.0,0.7,0.7,"[7, 7, 7]"
152,http://www.irishexaminer.com/ireland/carbon-emissions-from-top-polluters-on-the-rise-447285.html,http://amp.irishexaminer.com/ireland/carbon-emissions-from-top-polluters-on-the-rise-447285.html,Carbon emissions from top polluters on the rise,2017-04-08,http://www.irishexaminer.com/remote/media.central.ie/media/images/r/RyanairTornado_large.jpg?&s=ie-447285,irishexaminer.com,English,Ireland,1,3,carbon_terms=3,YES,1,"[""YES"", ""YES"", ""YES""]","[""Rising emissions from top polluters signal potential regulatory tightening and increased carbon pricing pressure."", ""Rising emissions from top polluters signal potential regulatory tightening and increased carbon pricing pressure."", ""Rising emissions from top polluters signal potential regulatory tightening and increased carbon pricing pressure.""]",7,1.0,0.7,0.7,"[7, 7, 7]"
158,http://reneweconomy.com.au/european-coal-emissions-fall-german-lignite-stations-keep-pumping-38880/,,"European coal emissions fall , but German lignite stations keep pumping on",2017-04-10,http://reneweconomy.com.au/wp-content/uploads/2017/04/Boxberg-lignite-power-station-sold-by-Vattenfall-to-LEAG-slider.jpg,reneweconomy.com.au,English,Australia,1,5,eu_context;carbon_terms=2;energy_driver,NO,-1,"[""NO"", ""NO"", ""NO""]","[""Coal emissions falling signals decarbonization, but lignite operations persist, creating policy uncertainty and potential price volatility."", ""Coal emissions falling signals decarbonization, but lignite operations persist, creating policy uncertainty and potential price volatility."", ""Coal emissions falling signals decarbonization, but lignite operations persist, creating policy uncertainty and potential price volatility.""]",6,1.0,-0.6,-0.6,"[6, 6, 6]"
164,https://www.euractiv.com/section/electricity/news/the-end-of-coal-eu-energy-companies-pledge-no-new-plants-from-2020/,,The end of coal : EU energy companies pledge no new plants from 2020 – EURACTIV . com,2017-04-12,https://www.euractiv.com/wp-content/uploads/sites/2/2017/04/Uniper-coal-plant-Rotterdam.jpg,euractiv.com,English,Germany,1,3,eu_context;energy_driver,YES,1,"[""YES"", ""YES"", ""YES""]","[""Coal phase-out pledges signal reduced emissions, likely boosting ETS demand."", ""Coal phase-out pledges signal reduced emissions, likely boosting ETS demand."", ""Coal phase-out pledges signal reduced emissions, likely boosting ETS demand.""]",7,1.0,0.7,0.7,"[7, 7, 7]"
170,http://www.euractiv.com/section/electricity/opinion/power-to-the-people-electrification-is-a-winning-strategy-for-europe/,,Power to the people : Electrification is a winning strategy for Europe – EURACTIV . com,2017-04-14,http://www.euractiv.com/wp-content/uploads/sites/2/2017/03/5817749214_db9e25a1b7_o.jpg,euractiv.com,English,Germany,1,3,eu_context;energy_driver,NO,-1,"[""NO"", ""NO"", ""NO""]","[""Electrification trends may boost demand for clean energy, but short-term EU ETS price direction is not directly tied to this headline."", ""Electrification trends may boost demand for clean energy, but short-term EU ETS price direction is not directly tied to this headline."", ""Electrification trends may boost demand for clean energy, but short-term EU ETS price direction is not directly tied to this headline.""]",3,1.0,-0.3,-0.3,"[3, 3, 3]"
176,https://www.euractiv.com/section/biofuels/news/indonesia-and-malaysia-look-to-kill-parliaments-palm-oil-ban/,,Indonesia and Malaysia look to ‘ kill ’ Parliament palm oil ban – EURACTIV . com,2017-04-17,https://www.euractiv.com/wp-content/uploads/sites/2/2017/04/33161180305_b50e1c6eef_z.jpg,euractiv.com,English,Germany,2,3,eu_context;energy_driver,NO,-1,"[""NO"", ""NO"", ""NO""]","[""Palm oil industry expansion could increase deforestation and emissions, potentially triggering EU ETS compliance pressures."", ""Palm oil industry expansion could increase deforestation and emissions, potentially triggering EU ETS compliance pressures."", ""Palm oil industry expansion could increase deforestation and emissions, potentially triggering EU ETS compliance pressures.""]",3,1.0,-0.3,-0.3,"[3, 3, 3]"
182,http://www.platts.com/latest-news/electric-power/london/european-power-prompt-power-prices-bullish-on-26713690,,"European power : Prompt power prices bullish on load increase , drop in wind",2017-04-19,,platts.com,English,United States,1,4,eu_context;carbon_terms=1;energy_driver,YES,1,"[""YES"", ""YES"", ""YES""]","[""Load increase and wind drop drive short-term price upward in EU ETS."", ""Load increase and wind drop drive short-term price upward in EU ETS."", ""Load increase and wind drop drive short-term price upward in EU ETS.""]",7,1.0,0.7,0.7,"[7, 7, 7]"
188,http://www.antaranews.com/en/news/110547/government-asked-to-consider-european-parliament-palm-oil-resolution,,Government asked to consider European Parliament palm oil resolution,2017-04-21,http://img.antaranews.com/new,antaranews.com,English,Indonesia,2,3,eu_context;energy_driver,NO,-1,"[""NO"", ""NO"", ""NO""]","[""Palm oil resolution may influence EU ETS compliance but lacks immediate policy clarity or direct price linkage."", ""Palm oil resolution may influence EU ETS compliance but lacks immediate policy clarity or direct price linkage."", ""Palm oil resolution may influence EU ETS compliance but lacks immediate policy clarity or direct price linkage.""]",3,1.0,-0.3,-0.3,"[3, 3, 3]"
194,http://www.euronews.com/2017/04/24/germany-opposes-eu-emissions-testing-overhaul-sueddeutsche,,Germany opposes EU emissions testing overhaul,2017-04-24,,euronews.com,English,United States,2,4,eu_context;carbon_terms=2,NO,-1,"[""NO"", ""NO"", ""NO""]","[""Germany\u2019s opposition may delay implementation but unlikely to cause major price swings in EU ETS."", ""Germany\u2019s opposition may delay implementation but unlikely to cause major price swings in EU ETS."", ""Germany\u2019s opposition may delay implementation but unlikely to cause major price swings in EU ETS.""]",5,1.0,-0.5,-0.5,"[5, 5, 5]"
200,http://www.businessgreen.com/bg/news/3009034/carbon-trading-experts-urge-government-to-stay-in-eu-ets-until-at-least-2020,,Carbon trading experts urge government to stay in EU ETS until at least 2020,2017-04-26,,businessgreen.com,English,United Kingdom,1,10,eu_ets_strong;eu_context;carbon_terms=2,YES,1,"[""YES"", ""YES"", ""YES""]","[""Policy delay could increase market uncertainty and potentially suppress short-term prices."", ""Policy delay could increase market uncertainty and potentially suppress short-term prices."", ""Policy delay could increase market uncertainty and potentially suppress short-term prices.""]",7,1.0,0.7,0.7,"[7, 7, 7]"
206,http://www.live-pr.com/en/sparkling-wine-wines-market-in-r1050705806.htm,,  Sparkling Wine ( Wines ) Market in Europe,2017-04-28,,live-pr.com,English,United States,2,3,eu_context;carbon_terms=1,NO,-1,"[""NO"", ""NO"", ""NO""]","[""EU sparkling wine market is niche and not directly tied to EU ETS policy or carbon pricing."", ""EU sparkling wine market is niche and not directly tied to EU ETS policy or carbon pricing."", ""EU sparkling wine market is niche and not directly tied to EU ETS policy or carbon pricing.""]",2,1.0,-0.2,-0.2,"[2, 2, 2]"
212,https://www.bna.com/eu-countries-back-n57982087340/,/eu-countries-back-n57982087340/?amp=true,EU Countries Back Tighter Combustion Plant Emission Limits,2017-05-01,,bna.com,English,United States,2,3,eu_context;carbon_terms=1,YES,1,"[""YES"", ""YES"", ""YES""]","[""Tighter limits signal stronger regulatory pressure, likely boosting ETS prices."", ""Tighter limits signal stronger regulatory pressure, likely boosting ETS prices."", ""Tighter limits signal stronger regulatory pressure, likely boosting ETS prices.""]",8,1.0,0.8,0.8,"[8, 8, 8]"
218,http://www.hedgeweek.com/2017/05/03/251232/eex-achieves-sixfold-volume-increase-eua-derivatives-market,,EEX achieves sixfold volume increase on EUA derivatives market,2017-05-03,http://www.hedgeweek.com/sites/default/files/imagecache/facebook_200_square/image_library/Graphs/Green%20up-arrow.jpg,hedgeweek.com,English,United States,1,9,eu_ets_strong;eu_context;carbon_terms=1,YES,1,"[""YES"", ""YES"", ""YES""]","[""Increased trading volume signals stronger market participation and potential price momentum."", ""Increased trading volume signals stronger market participation and potential price momentum."", ""Increased trading volume signals stronger market participation and potential price momentum.""]",7,1.0,0.7,0.7,"[7, 7, 7]"
224,http://www.businessgreen.com/bg/news/3009541/electric-vehicles-enjoy-2017-sales-surge-in-europe-and-us,,Electric vehicles enjoy 2017 sales surge in Europe and US,2017-05-05,,businessgreen.com,English,United Kingdom,1,2,eu_context,NO,-1,"[""NO"", ""NO"", ""NO""]","[""EV sales growth may reduce future demand for fossil fuel-based electricity, potentially lowering emissions and easing ETS pressure."", ""EV sales growth may reduce future demand for fossil fuel-based electricity, potentially lowering emissions and easing ETS pressure."", ""EV sales growth may reduce future demand for fossil fuel-based electricity, potentially lowering emissions and easing ETS pressure.""]",3,1.0,-0.3,-0.3,"[3, 3, 3]"
230,http://carbon-pulse.com/34197/,,EEX clearinghouse partners with financial software firm to expand trading access « Carbon Pulse,2017-05-09,,carbon-pulse.com,English,France,1,8,eu_ets_strong;carbon_terms=2,NO,-1,"[""NO"", ""NO"", ""NO""]","[""Expanding trading access may increase liquidity but doesn\u2019t directly signal a short-term price shift in EU ETS."", ""Expanding trading access may increase liquidity but doesn\u2019t directly signal a short-term price shift in EU ETS."", ""Expanding trading access may increase liquidity but doesn\u2019t directly signal a short-term price shift in EU ETS.""]",3,1.0,-0.3,-0.3,"[3, 3, 3]"
236,http://www.reuters.com/article/us-europe-carbontrading-idUSKBN18S4TL,http://mobile.reuters.com/article/amp/idUSKBN18S4TL,Lead EU carbon market reform lawmaker steps down,2017-06-01,http://s2.reutersmedia.net/resources/r/?m=02&d=20170601&t=2&i=1187093030&w=&fh=545px&fw=&ll=&pl=&sq=&r=LYNXMPED50344,reuters.com,English,United States,1,4,eu_context;carbon_terms=2,NO,-1,"[""NO"", ""NO"", ""NO""]","[""Potential policy uncertainty may dampen market confidence but doesn't immediately alter price trajectory."", ""Potential policy uncertainty may dampen market confidence but doesn't immediately alter price trajectory."", ""Potential policy uncertainty may dampen market confidence but doesn't immediately alter price trajectory.""]",5,1.0,-0.5,-0.5,"[5, 5, 5]"
242,http://campdesrecrues.com/2017/06/china-and-eu-will-join-forces-to-fight-climate-change/,,China And EU Will  Join Forces  To Fight Climate Change Without America,2017-06-04,,campdesrecrues.com,English,,1,2,eu_context,NO,-1,"[""NO"", ""NO"", ""NO""]","[""EU ETS may benefit from China\u2019s climate ambition, but no direct price linkage or policy coordination yet."", ""EU ETS may benefit from China\u2019s climate ambition, but no direct price linkage or policy coordination yet."", ""EU ETS may benefit from China\u2019s climate ambition, but no direct price linkage or policy coordination yet.""]",6,1.0,-0.6,-0.6,"[6, 6, 6]"
248,http://www.maritime-executive.com/article/ecsa-praises-eu-chinese-leadership-on-shippings-co2,,"ECSA Praises EU , Chinese Leadership on Shipping CO2",2017-06-08,,maritime-executive.com,English,United States,1,2,eu_context,NO,-1,"[""NO"", ""NO"", ""NO""]","[""Shipping CO2 emissions are not directly traded in EU ETS, so ECSA\u2019s praise has limited immediate price impact."", ""Shipping CO2 emissions are not directly traded in EU ETS, so ECSA\u2019s praise has limited immediate price impact."", ""Shipping CO2 emissions are not directly traded in EU ETS, so ECSA\u2019s praise has limited immediate price impact.""]",3,1.0,-0.3,-0.3,"[3, 3, 3]"
254,https://www.naturalgasworld.com/ggp-eu-ets-fasten-your-seatbelts-53095,,GGP : EU ETS : fasten your seatbelts,2017-06-12,,naturalgasworld.com,English,,1,8,eu_ets_strong;eu_context,YES,1,"[""YES"", ""YES"", ""YES""]","[""The headline suggests imminent price movement, likely bullish, due to regulatory tightening or market anticipation."", ""The headline suggests imminent price movement, likely bullish, due to regulatory tightening or market anticipation."", ""The headline suggests imminent price movement, likely bullish, due to regulatory tightening or market anticipation.""]",8,1.0,0.8,0.8,"[8, 8, 8]"
260,https://cleantechnica.com/2017/06/15/renewable-energy-enables-eu-climate-target-achievement-lower-cost/,,Renewable Energy Enables EU Climate Target Achievement At Lower Cost,2017-06-15,,cleantechnica.com,English,United States,1,2,eu_context,YES,1,"[""YES"", ""YES"", ""YES""]","[""Lower cost renewables enhance EU ETS compliance flexibility, potentially reducing price pressure."", ""Lower cost renewables enhance EU ETS compliance flexibility, potentially reducing price pressure."", ""Lower cost renewables enhance EU ETS compliance flexibility, potentially reducing price pressure.""]",7,1.0,0.7,0.7,"[7, 7, 7]"
266,http://www.4hoteliers.com/news/story/17265,,"85 % of offsets failed to reduce emissions , says EU studyCarbon Offset . ~ Tuesday , 20th June 2017 from 4Hoteliers",2017-06-20,,4hoteliers.com,English,United States,1,5,eu_context;carbon_terms=3,NO,-1,"[""NO"", ""NO"", ""NO""]","[""Emissions reduction claims of offsets are undermined, potentially triggering market skepticism and downward pressure on EU ETS prices."", ""Emissions reduction claims of offsets are undermined, potentially triggering market skepticism and downward pressure on EU ETS prices."", ""Emissions reduction claims of offsets are undermined, potentially triggering market skepticism and downward pressure on EU ETS prices.""]",7,1.0,-0.7,-0.7,"[7, 7, 7]"
272,http://interfaxenergy.com/gasdaily/article/26483/ets-price-too-low-for-lng-to-crowd-out-coal-in-power,,ETS price too low for LNG to crowd out coal in power,2017-06-22,http://interfaxenergy.com/gasdaily/uploads/articles/1498133451006.jpg,interfaxenergy.com,English,United States,1,2,carbon_terms=1;energy_driver,NO,-1,"[""NO"", ""NO"", ""NO""]","[""LNG\u2019s price competitiveness relative to coal is constrained by low ETS prices, potentially limiting coal displacement."", ""LNG\u2019s price competitiveness relative to coal is constrained by low ETS prices, potentially limiting coal displacement."", ""LNG\u2019s price competitiveness relative to coal is constrained by low ETS prices, potentially limiting coal displacement.""]",7,1.0,-0.7,-0.7,"[7, 7, 7]"
278,http://carbon-pulse.com/36464/,,EU Market : Late trading sees EUAs lunge back toward €5 « Carbon Pulse,2017-06-27,,carbon-pulse.com,English,France,1,11,eu_ets_strong;eu_context;carbon_terms=3,YES,1,"[""YES"", ""YES"", ""YES""]","[""Late trading surge suggests renewed market confidence or supply-side tightening."", ""Late trading surge suggests renewed market confidence or supply-side tightening."", ""Late trading surge suggests renewed market confidence or supply-side tightening.""]",7,1.0,0.7,0.7,"[7, 7, 7]"
284,https://euobserver.com/economic/138375,,Auditors : No idea if EU €18 . 3bn young farmers scheme worked,2017-06-29,https://s3.eu-central-1.amazonaws.com/euobs-media/53a2bc22eb40a5b161eda0f6c38170fb-480x.jpg,euobserver.com,English,Germany,1,2,eu_context,NO,-1,"[""NO"", ""NO"", ""NO""]","[""Lack of audit results on the scheme\u2019s effectiveness is unlikely to directly impact EU ETS pricing."", ""Lack of audit results on the scheme\u2019s effectiveness is unlikely to directly impact EU ETS pricing."", ""Lack of audit results on the scheme\u2019s effectiveness is unlikely to directly impact EU ETS pricing.""]",2,1.0,-0.2,-0.2,"[2, 2, 2]"
290,http://www.commodities-now.com/news/power-and-energy/23144-eex-increases-emissions-volumes-and-launches-new-power-products.html,,EEX increases emissions volumes and launches new power products,2017-07-03,,commodities-now.com,English,United Kingdom,1,9,eu_ets_strong;carbon_terms=2;energy_driver,NO,-1,"[""NO"", ""NO"", ""NO""]","[""Increased emissions volumes may dilute price pressure but new products could introduce volatility."", ""Increased emissions volumes may dilute price pressure but new products could introduce volatility."", ""Increased emissions volumes may dilute price pressure but new products could introduce volatility.""]",5,1.0,-0.5,-0.5,"[5, 5, 5]"
296,http://www.euractiv.com/section/energy/news/study-renewables-will-be-cheapest-power-source-by-2030/,,Study : Renewables will be cheapest power source by 2030 – EURACTIV . com,2017-07-05,http://www.euractiv.com/wp-content/uploads/sites/2/2017/07/shutterstock_671501734-e1499258245799.jpg,euractiv.com,English,Germany,1,3,eu_context;energy_driver,YES,1,"[""YES"", ""YES"", ""YES""]","[""Renewables\u2019 cost leadership by 2030 may reduce EU ETS compliance costs, potentially pressuring prices downward."", ""Renewables\u2019 cost leadership by 2030 may reduce EU ETS compliance costs, potentially pressuring prices downward."", ""Renewables\u2019 cost leadership by 2030 may reduce EU ETS compliance costs, potentially pressuring prices downward.""]",7,1.0,0.7,0.7,"[7, 7, 7]"
302,https://wn.com/EU_citizen,,Eu Citizen,2017-07-10,https://i.ytimg.com/vi/CacM7JWw0J0/0.jpg,wn.com,English,United States,1,2,eu_context,NO,-1,"[""NO"", ""NO"", ""NO""]","[""The headline \""Eu Citizen\"" is vague and lacks specific financial or policy context relevant to EU ETS pricing."", ""The headline \""Eu Citizen\"" is vague and lacks specific financial or policy context relevant to EU ETS pricing."", ""The headline \""Eu Citizen\"" is vague and lacks specific financial or policy context relevant to EU ETS pricing.""]",1,1.0,-0.1,-0.1,"[1, 1, 1]"
308,http://carbon-pulse.com/37324/,,Carbon brokers Vertis opens sixth European office in Poland « Carbon Pulse,2017-07-12,,carbon-pulse.com,English,France,1,3,eu_context;carbon_terms=1,NO,-1,"[""NO"", ""NO"", ""NO""]","[""Expansion of broker presence may signal increased market activity but doesn\u2019t directly impact price fundamentals."", ""Expansion of broker presence may signal increased market activity but doesn\u2019t directly impact price fundamentals."", ""Expansion of broker presence may signal increased market activity but doesn\u2019t directly impact price fundamentals.""]",3,1.0,-0.3,-0.3,"[3, 3, 3]"
314,https://energytransition.org/2017/07/eu-climate-laws-undermined-by-polish-and-czech-revolt-documents-reveal/,,"EU climate laws undermined by Polish and Czech revolt , documents reveal – Energy Transition",2017-07-14,https://energytransition.org/wp-content/uploads/2017/06/Kompalniaielektrownia.jpg,energytransition.org,English,,1,2,eu_context,NO,-1,"[""NO"", ""NO"", ""NO""]","[""Polish and Czech resistance may delay or weaken EU ETS compliance, risking short-term price volatility."", ""Polish and Czech resistance may delay or weaken EU ETS compliance, risking short-term price volatility."", ""Polish and Czech resistance may delay or weaken EU ETS compliance, risking short-term price volatility.""]",6,1.0,-0.6,-0.6,"[6, 6, 6]"
320,http://carbon-pulse.com/37621/,,EU Market : EUAs drift lower in Phase 4 contracts ’ busiest trading day yet « Carbon Pulse,2017-07-19,,carbon-pulse.com,English,France,1,11,eu_ets_strong;eu_context;carbon_terms=3,NO,-1,"[""NO"", ""NO"", ""NO""]","[""Lower EUA prices on a busy trading day suggest potential downward pressure from supply-demand dynamics or market sentiment."", ""Lower EUA prices on a busy trading day suggest potential downward pressure from supply-demand dynamics or market sentiment."", ""Lower EUA prices on a busy trading day suggest potential downward pressure from supply-demand dynamics or market sentiment.""]",6,1.0,-0.6,-0.6,"[6, 6, 6]"
326,http://carbon-pulse.com/37690/,,EU Market : Late sale dump sends EUAs to 2,2017-07-21,,carbon-pulse.com,English,France,1,9,eu_ets_strong;eu_context;carbon_terms=1,NO,-1,"[""NO"", ""NO"", ""NO""]","[""Late sale dump suggests supply shock, potentially triggering price volatility."", ""Late sale dump suggests supply shock, potentially triggering price volatility."", ""Late sale dump suggests supply shock, potentially triggering price volatility.""]",7,1.0,-0.7,-0.7,"[7, 7, 7]"
332,http://www.euronews.com/2017/07/24/eu-leaders-worried-by-possible-further-us-sanctions-on-russia,/amp/2017/07/24/eu-leaders-worried-by-possible-further-us-sanctions-on-russia,EU leaders worried by possible further US sanctions on Russia,2017-07-25,,euronews.com,English,United States,1,2,eu_context,NO,-1,"[""NO"", ""NO"", ""NO""]","[""Potential sanctions could trigger energy market volatility, but EU ETS pricing is more influenced by domestic policy and emissions targets."", ""Potential sanctions could trigger energy market volatility, but EU ETS pricing is more influenced by domestic policy and emissions targets."", ""Potential sanctions could trigger energy market volatility, but EU ETS pricing is more influenced by domestic policy and emissions targets.""]",5,1.0,-0.5,-0.5,"[5, 5, 5]"
338,http://www.consultancy.uk/news/13732/eu-must-harness-energy-efficiency-or-miss-paris-targets,,EU must harness energy efficiency or miss Paris targets,2017-07-27,http://www.consultancy.uk/illustrations/news/spotlight/1500972609568_Paris-targets.jpg,consultancy.uk,English,United Kingdom,1,2,eu_context,YES,1,"[""YES"", ""YES"", ""YES""]","[""Energy efficiency mandates directly impact emissions reductions, which can influence EU ETS price via compliance costs and cap adjustments."", ""Energy efficiency mandates directly impact emissions reductions, which can influence EU ETS price via compliance costs and cap adjustments."", ""Energy efficiency mandates directly impact emissions reductions, which can influence EU ETS price via compliance costs and cap adjustments.""]",7,1.0,0.7,0.7,"[7, 7, 7]"
344,http://www.express.co.uk/news/world/835136/german-cars-emissions-scandal-eu-collusion-angela-merkel-audi-vw-porsche-bmw-mercedes,https://www.express.co.uk/news/world/835136/german-cars-emissions-scandal-eu-collusion-angela-merkel-audi-vw-porsche-bmw-mercedes/amp,MERKEL CRISIS : Emissions scandal & EU collusion probe threaten Germany car industry ,2017-07-31,http://cdn.images.express.co.uk/img/dynamic/78/750x445/835136.jpg,express.co.uk,English,United Kingdom,2,4,eu_context;carbon_terms=2,NO,-1,"[""NO"", ""NO"", ""NO""]","[""EU emissions scandal could trigger regulatory tightening and carbon pricing volatility in Germany\u2019s auto sector."", ""EU emissions scandal could trigger regulatory tightening and carbon pricing volatility in Germany\u2019s auto sector."", ""EU emissions scandal could trigger regulatory tightening and carbon pricing volatility in Germany\u2019s auto sector.""]",7,1.0,-0.7,-0.7,"[7, 7, 7]"
350,http://www.hedgeweek.com/2017/08/02/254603/eex-increases-volumes-emissions-and-agricultural-products,,EEX increases volumes in emissions and agricultural products,2017-08-02,http://www.hedgeweek.com/sites/default/files/styles/facebook_200_square/public/image_library/Graphs/Arrow%20up.jpg,hedgeweek.com,English,United States,1,8,eu_ets_strong;carbon_terms=2,NO,-1,"[""NO"", ""NO"", ""NO""]","[""Increased volumes may signal higher market activity but don\u2019t directly imply price movement in EU ETS."", ""Increased volumes may signal higher market activity but don\u2019t directly imply price movement in EU ETS."", ""Increased volumes may signal higher market activity but don\u2019t directly imply price movement in EU ETS.""]",3,1.0,-0.3,-0.3,"[3, 3, 3]"
356,http://carbon-pulse.com/38325/,,"EU Market : Carbon knocked by auction , energy after lodging fresh 2",2017-08-04,,carbon-pulse.com,English,France,1,5,eu_context;carbon_terms=3,NO,-1,"[""NO"", ""NO"", ""NO""]","[""Auction-driven carbon price drop may signal policy uncertainty or reduced demand, but short-term volatility remains likely."", ""Auction-driven carbon price drop may signal policy uncertainty or reduced demand, but short-term volatility remains likely."", ""Auction-driven carbon price drop may signal policy uncertainty or reduced demand, but short-term volatility remains likely.""]",6,1.0,-0.6,-0.6,"[6, 6, 6]"
362,http://www.theenergycollective.com/simongoess/2410729/trends-electricity-prices-europe-expect-volatility,,Trends in Electricity Prices in Europe : Expect More Volatility,2017-08-14,http://www.theenergycollective.com/wp-content/uploads/2017/08/Brainpool-1-thumb.png,theenergycollective.com,English,United States,1,4,eu_context;carbon_terms=1;energy_driver,NO,-1,"[""NO"", ""NO"", ""NO""]","[""Volatility in electricity prices can drive increased trading activity and speculative demand, potentially pressuring EU ETS prices upward."", ""Volatility in electricity prices can drive increased trading activity and speculative demand, potentially pressuring EU ETS prices upward."", ""Volatility in electricity prices can drive increased trading activity and speculative demand, potentially pressuring EU ETS prices upward.""]",6,1.0,-0.6,-0.6,"[6, 6, 6]"
368,http://www.chinadaily.com.cn/business/2017-08/16/content_30686774.htm,,China to launch carbon emissions market this year,2017-08-16,,chinadaily.com.cn,English,China,1,4,carbon_terms=4,YES,1,"[""YES"", ""YES"", ""YES""]","[""EU ETS may see upward pressure as global carbon markets converge and China\u2019s market adds to global demand."", ""EU ETS may see upward pressure as global carbon markets converge and China\u2019s market adds to global demand."", ""EU ETS may see upward pressure as global carbon markets converge and China\u2019s market adds to global demand.""]",7,1.0,0.7,0.7,"[7, 7, 7]"
374,http://www.euractiv.com/section/energy/news/carbon-capture-and-storage-norway-still-top-of-the-class/,,Carbon capture and storage : Norway still top of the class – EURACTIV . com,2017-08-23,http://www.euractiv.com/wp-content/uploads/sites/2/2017/08/Snohvit_gas_plant_barents_sea_Norway_CREDITLeonora-Ellie-Enking_Flickr.jpg,euractiv.com,English,Germany,1,3,eu_context;carbon_terms=1,NO,-1,"[""NO"", ""NO"", ""NO""]","[""Carbon capture and storage news from Norway is unlikely to significantly impact short-term EU ETS prices, as it reflects a regional trend rather than a systemic market shift."", ""Carbon capture and storage news from Norway is unlikely to significantly impact short-term EU ETS prices, as it reflects a regional trend rather than a systemic market shift."", ""Carbon capture and storage news from Norway is unlikely to significantly impact short-term EU ETS prices, as it reflects a regional trend rather than a systemic market shift.""]",3,1.0,-0.3,-0.3,"[3, 3, 3]"
380,http://www.hellenicshippingnews.com/european-coal-is-upward-price-momentum-running-out/,,European coal : Is upward price momentum running out ? ,2017-08-30,,hellenicshippingnews.com,English,China,2,4,eu_context;carbon_terms=1;energy_driver,NO,-1,"[""NO"", ""NO"", ""NO""]","[""Coal price momentum may be weakening as EU ETS tightening incentivizes cleaner alternatives."", ""Coal price momentum may be weakening as EU ETS tightening incentivizes cleaner alternatives."", ""Coal price momentum may be weakening as EU ETS tightening incentivizes cleaner alternatives.""]",7,1.0,-0.7,-0.7,"[7, 7, 7]"
386,https://blueandgreentomorrow.com/environment/eu-parliament-agree-need-encourage-eu-emissions-trading-system/,,EU Parliament Agree On Need To Encourage The EU Emissions Trading System,2017-09-01,https://blueandgreentomorrow.com/wp-content/uploads/2016/09/EU-flag1-e1474968679278.jpg,blueandgreentomorrow.com,English,United Kingdom,1,11,eu_ets_strong;eu_context;carbon_terms=3,YES,1,"[""YES"", ""YES"", ""YES""]","[""Policy alignment may boost ETS demand by reinforcing compliance and investment incentives."", ""Policy alignment may boost ETS demand by reinforcing compliance and investment incentives."", ""Policy alignment may boost ETS demand by reinforcing compliance and investment incentives.""]",7,1.0,0.7,0.7,"[7, 7, 7]"
392,http://www.mondovisione.com/media-and-resources/news/emissions-trading-eex-holds-500th-german-auction-of-emission-allowances-aucti-1/,,Emissions Trading : EEX Holds 500th German Auction Of Emission Allowances,2017-09-03,,mondovisione.com,English,United States,1,10,eu_ets_strong;carbon_terms=6,YES,1,"[""YES"", ""YES"", ""YES""]","[""Auction volume and price dynamics can influence short-term ETS sentiment, but single auction events typically have limited impact."", ""Auction volume and price dynamics can influence short-term ETS sentiment, but single auction events typically have limited impact."", ""Auction volume and price dynamics can influence short-term ETS sentiment, but single auction events typically have limited impact.""]",5,1.0,0.5,0.5,"[5, 5, 5]"
398,https://www.eureporter.co/uncategorized/2017/08/08/eex-to-reintroduce-auctions-for-eu-aviation-allowances-euaa/,, # EEX to reintroduce auctions for EU # aviation allowances ( EUAA ) ,2017-09-05,https://www.eureporter.co/wp-content/uploads/2017/08/airplane.jpg,eureporter.co,English,Colombia,1,12,eu_ets_strong;eu_context;carbon_terms=4,YES,1,"[""YES"", ""YES"", ""YES""]","[""Reintroducing auctions may increase market efficiency and reduce price volatility, potentially boosting ETS prices."", ""Reintroducing auctions may increase market efficiency and reduce price volatility, potentially boosting ETS prices."", ""Reintroducing auctions may increase market efficiency and reduce price volatility, potentially boosting ETS prices.""]",7,1.0,0.7,0.7,"[7, 7, 7]"
404,https://www.energyworldmag.com/romania-state-collects-11-6-m-euros-august-greenhouse-gas-emissions-certificates/,,Romania : State collects more than 11 . 6 M euros in August from greenhouse gas emissions certificates,2017-09-07,https://www.energyworldmag.com/wp-content/uploads/2017/07/Greenhouse-gas-emissions.jpg,energyworldmag.com,English,Bulgaria,1,5,eu_context;carbon_terms=2;energy_driver,NO,-1,"[""NO"", ""NO"", ""NO""]","[""Small national revenue figure unlikely to materially affect EU ETS price trends."", ""Small national revenue figure unlikely to materially affect EU ETS price trends."", ""Small national revenue figure unlikely to materially affect EU ETS price trends.""]",3,1.0,-0.3,-0.3,"[3, 3, 3]"
410,https://www.naturalgasworld.com/ggp-climate-change-could-flip-eu-peak-power-demand-study-55062,,"GGP : Climate change could flip European peak power demand to summer , study says",2017-09-09,,naturalgasworld.com,English,,2,3,eu_context;energy_driver,NO,-1,"[""NO"", ""NO"", ""NO""]","[""Summer peak demand shift may affect pricing volatility but not immediate ETS direction."", ""Summer peak demand shift may affect pricing volatility but not immediate ETS direction."", ""Summer peak demand shift may affect pricing volatility but not immediate ETS direction.""]",5,1.0,-0.5,-0.5,"[5, 5, 5]"
416,http://carbon-pulse.com/40121/,,EU Market : EUAs retreat from new 19,2017-09-11,,carbon-pulse.com,English,France,1,9,eu_ets_strong;eu_context;carbon_terms=1,NO,-1,"[""NO"", ""NO"", ""NO""]","[""EUAs retreating from a new 19 suggests tightening supply or reduced demand, potentially signaling short-term price pressure."", ""EUAs retreating from a new 19 suggests tightening supply or reduced demand, potentially signaling short-term price pressure."", ""EUAs retreating from a new 19 suggests tightening supply or reduced demand, potentially signaling short-term price pressure.""]",7,1.0,-0.7,-0.7,"[7, 7, 7]"
422,https://blueandgreentomorrow.com/energy/business-leaders-call-for-stability-reserve-in-eu-emissions-trading-scheme/,,Business leaders call for stability reserve in EU Emissions Trading Scheme,2017-09-13,https://blueandgreentomorrow.com/wp-content/uploads/2015/01/coal-power-plant-by-Greg-Goebel-via-flickr1.jpg,blueandgreentomorrow.com,English,United Kingdom,1,5,eu_context;carbon_terms=3,YES,1,"[""YES"", ""YES"", ""YES""]","[""Stability reserve may cap prices by buying excess allowances, potentially dampening volatility."", ""Stability reserve may cap prices by buying excess allowances, potentially dampening volatility."", ""Stability reserve may cap prices by buying excess allowances, potentially dampening volatility.""]",7,1.0,0.7,0.7,"[7, 7, 7]"
428,https://blueandgreentomorrow.com/energy/businesses-call-for-bold-reform-of-emissions-trading-system-to-raise-carbon-price/,,Businesses Call for Bold Reform of Emissions Trading System to Raise Carbon Price,2017-09-15,https://blueandgreentomorrow.com/wp-content/uploads/2016/02/reforms-to-EU-ETS-Gillian-Moy-via-Flickr.jpg,blueandgreentomorrow.com,English,United Kingdom,1,10,eu_ets_strong;carbon_terms=5,YES,1,"[""YES"", ""YES"", ""YES""]","[""Reform calls signal potential policy tightening that could boost carbon price short-term."", ""Reform calls signal potential policy tightening that could boost carbon price short-term."", ""Reform calls signal potential policy tightening that could boost carbon price short-term.""]",8,1.0,0.8,0.8,"[8, 8, 8]"
434,http://gearsofbiz.com/eu-canada-china-try-to-isolate-us-ahead-of-bonn-climate-talks/66105,,"EU , Canada , China try to isolate US ahead of Bonn climate talks",2017-09-17,,gearsofbiz.com,English,,1,2,eu_context,NO,-1,"[""NO"", ""NO"", ""NO""]","[""Geopolitical tensions may influence policy alignment but don\u2019t directly impact short-term EU ETS price volatility."", ""Geopolitical tensions may influence policy alignment but don\u2019t directly impact short-term EU ETS price volatility."", ""Geopolitical tensions may influence policy alignment but don\u2019t directly impact short-term EU ETS price volatility.""]",5,1.0,-0.5,-0.5,"[5, 5, 5]"
440,https://www.platts.com/latest-news/electric-power/london/eu-co2-market-reforms-not-enough-to-cut-carbon-26806827,,EU CO2 market reforms not enough to cut carbon : think,2017-09-19,,platts.com,English,United States,1,4,eu_context;carbon_terms=2,NO,-1,"[""NO"", ""NO"", ""NO""]","[""Reforms may not be sufficient to drive significant price increases due to market inertia and limited policy stringency."", ""Reforms may not be sufficient to drive significant price increases due to market inertia and limited policy stringency."", ""Reforms may not be sufficient to drive significant price increases due to market inertia and limited policy stringency.""]",6,1.0,-0.6,-0.6,"[6, 6, 6]"
446,http://www.euractiv.com/section/electricity/news/eu-still-divided-over-curbing-power-subsidies-with-co2-cap/,,EU still divided over curbing power subsidies with CO2 cap – EURACTIV . com,2017-09-21,http://www.euractiv.com/wp-content/uploads/sites/2/2017/09/36534602153_f5ed0bacb4_o.jpg,euractiv.com,English,Germany,1,3,eu_context;energy_driver,NO,-1,"[""NO"", ""NO"", ""NO""]","[""Political gridlock on subsidies may delay cap enforcement but unlikely to cause sharp price swings."", ""Political gridlock on subsidies may delay cap enforcement but unlikely to cause sharp price swings."", ""Political gridlock on subsidies may delay cap enforcement but unlikely to cause sharp price swings.""]",5,1.0,-0.5,-0.5,"[5, 5, 5]"
452,http://carbon-pulse.com/40800/,,"  EU ETS alone cant drive out coal , says EC official – media « Carbon Pulse",2017-09-26,,carbon-pulse.com,English,France,1,10,eu_ets_strong;eu_context;carbon_terms=1;energy_driver,NO,-1,"[""NO"", ""NO"", ""NO""]","[""Coal phase-out requires broader policy and market signals beyond EU ETS alone."", ""Coal phase-out requires broader policy and market signals beyond EU ETS alone."", ""Coal phase-out requires broader policy and market signals beyond EU ETS alone.""]",5,1.0,-0.5,-0.5,"[5, 5, 5]"
458,http://carbon-pulse.com/40959/,,UPDATE – EU Market : EUAs jump on French nuclear unit closure « Carbon Pulse,2017-09-28,,carbon-pulse.com,English,France,1,10,eu_ets_strong;eu_context;carbon_terms=2,YES,1,"[""YES"", ""YES"", ""YES""]","[""French nuclear unit closure triggers supply-side disruption, likely boosting EUA demand."", ""French nuclear unit closure triggers supply-side disruption, likely boosting EUA demand."", ""French nuclear unit closure triggers supply-side disruption, likely boosting EUA demand.""]",8,1.0,0.8,0.8,"[8, 8, 8]"
464,http://econews.com.au/55620/oil-refiners-warn-carbon-costs-could-force-them-out-of-europe/,,Oil refiners warn carbon costs could force them out of Europe,2017-10-02,http://econews.com.au/wp-content/uploads/2017/10/Europe-oil-refinery.jpg,econews.com.au,English,Australia,1,4,eu_context;carbon_terms=1;energy_driver,YES,1,"[""YES"", ""YES"", ""YES""]","[""Refiners\u2019 warnings signal potential supply disruption and increased operational costs, likely pressuring EU ETS prices upward."", ""Refiners\u2019 warnings signal potential supply disruption and increased operational costs, likely pressuring EU ETS prices upward."", ""Refiners\u2019 warnings signal potential supply disruption and increased operational costs, likely pressuring EU ETS prices upward.""]",8,1.0,0.8,0.8,"[8, 8, 8]"
470,http://carbon-pulse.com/41185/,,"EU Market : Despite higher energy , EUAs fall late to notch lowest close in 2 weeks « Carbon Pulse",2017-10-04,,carbon-pulse.com,English,France,1,10,eu_ets_strong;eu_context;carbon_terms=2,NO,-1,"[""NO"", ""NO"", ""NO""]","[""Lower energy prices and market sentiment outweigh higher energy costs, suggesting short-term price weakness."", ""Lower energy prices and market sentiment outweigh higher energy costs, suggesting short-term price weakness."", ""Lower energy prices and market sentiment outweigh higher energy costs, suggesting short-term price weakness.""]",7,1.0,-0.7,-0.7,"[7, 7, 7]"
476,http://carbon-pulse.com/41258/,,"Leaked Brussels draft outlines how EUAs could be marked , restricted under Brexit",2017-10-06,,carbon-pulse.com,English,France,1,8,eu_ets_strong;eu_context,NO,-1,"[""NO"", ""NO"", ""NO""]","[""Draft regulations could reshape EUA trading mechanics and trigger market uncertainty."", ""Draft regulations could reshape EUA trading mechanics and trigger market uncertainty."", ""Draft regulations could reshape EUA trading mechanics and trigger market uncertainty.""]",7,1.0,-0.7,-0.7,"[7, 7, 7]"
482,http://www.4-traders.com/news/EEX-Auction-News-EU-Auction--25249234/,http://www.4-traders.com/amp/news/EEX-Auction-News-EU-Auction--25249234/,EEX Auction News : EU Auction,2017-10-09,,4-traders.com,English,United States,1,9,eu_ets_strong;eu_context;carbon_terms=1,NO,-1,"[""NO"", ""NO"", ""NO""]","[""EU auction results often reflect market sentiment and can influence short-term price volatility, but single auction news has limited direct impact."", ""EU auction results often reflect market sentiment and can influence short-term price volatility, but single auction news has limited direct impact."", ""EU auction results often reflect market sentiment and can influence short-term price volatility, but single auction news has limited direct impact.""]",3,1.0,-0.3,-0.3,"[3, 3, 3]"
488,http://carbon-pulse.com/41587/,,"POLL : Higher EU carbon prices are here to stay , say analysts « Carbon Pulse",2017-10-12,,carbon-pulse.com,English,France,1,4,eu_context;carbon_terms=2,YES,1,"[""YES"", ""YES"", ""YES""]","[""Analysts\u2019 confidence in sustained higher prices signals strong market sentiment and policy support."", ""Analysts\u2019 confidence in sustained higher prices signals strong market sentiment and policy support."", ""Analysts\u2019 confidence in sustained higher prices signals strong market sentiment and policy support.""]",8,1.0,0.8,0.8,"[8, 8, 8]"
494,https://www.reuters.com/article/us-eu-carbon/eu-talks-over-carbon-trading-reforms-hit-impasse-idUSKBN1CI1B4,http://mobile.reuters.com/article/amp/idUSKBN1CI1B4,EU talks over carbon trading reforms hit impasse,2017-10-14,https://s3.reutersmedia.net/resources/r/?m=02&d=20171013&t=2&i=1205351564&w=&fh=545px&fw=&ll=&pl=&sq=&r=LYNXMPED9C0RJ,reuters.com,English,United States,1,4,eu_context;carbon_terms=2,NO,-1,"[""NO"", ""NO"", ""NO""]","[""Market uncertainty from stalled reforms could trigger short-term price volatility."", ""Market uncertainty from stalled reforms could trigger short-term price volatility."", ""Market uncertainty from stalled reforms could trigger short-term price volatility.""]",6,1.0,-0.6,-0.6,"[6, 6, 6]"
500,http://econews.com.au/55765/eu-ministers-agree-national-climate-goals-ahead-of-un-talks/,,EU ministers agree national climate goals ahead of UN talks,2017-10-16,http://econews.com.au/wp-content/uploads/2016/06/eu-emissions-trading-scheme-generic.jpg,econews.com.au,English,Australia,1,2,eu_context,YES,1,"[""YES"", ""YES"", ""YES""]","[""Stronger national commitments may boost ETS demand and price."", ""Stronger national commitments may boost ETS demand and price."", ""Stronger national commitments may boost ETS demand and price.""]",7,1.0,0.7,0.7,"[7, 7, 7]"
506,https://www.europa-nu.nl/id/vkikwh4d84z7/nieuws/extending_current_aviation_rules_in_the,,Extending current aviation rules in the EU emissions trading system,2017-10-19,http://www.europa-nu.nl/9353265/g/ztwit.jpg,europa-nu.nl,English,Netherlands,1,11,eu_ets_strong;eu_context;carbon_terms=3,YES,1,"[""YES"", ""YES"", ""YES""]","[""Extending aviation rules may increase compliance costs and tighten caps, potentially boosting prices."", ""Extending aviation rules may increase compliance costs and tighten caps, potentially boosting prices."", ""Extending aviation rules may increase compliance costs and tighten caps, potentially boosting prices.""]",7,1.0,0.7,0.7,"[7, 7, 7]"
512,https://timesofindia.indiatimes.com/business/international-business/eex-bourse-in-carbon-talks-with-chinese-peer-cbeex/articleshow/61183693.cms,https://m.timesofindia.com/business/international-business/eex-bourse-in-carbon-talks-with-chinese-peer-cbeex/amp_articleshow/61183693.cms,eex : EEX bourse in carbon talks with Chinese peer CBEEX,2017-10-23,https://static.toiimg.com/photo/msid-47529300/47529300.jpg,timesofindia.indiatimes.com,English,India,1,7,eu_ets_strong;carbon_terms=1,NO,-1,"[""NO"", ""NO"", ""NO""]","[""Potential for increased cross-border carbon trading volume but no immediate price impact."", ""Potential for increased cross-border carbon trading volume but no immediate price impact."", ""Potential for increased cross-border carbon trading volume but no immediate price impact.""]",5,1.0,-0.5,-0.5,"[5, 5, 5]"
518,http://worldmaritimenews.com/archives/233317/shipping-should-not-be-included-in-eu-emissions-trading-system/,http://mobile.worldmaritimenews.com/archives/233317/shipping-should-not-be-included-in-eu-emissions-trading-system/,Shipping Should Not Be Included in EU Emissions Trading System ? ,2017-10-25,http://worldmaritimenews.com/wp-content/uploads/2017/10/imo-1.jpg,worldmaritimenews.com,English,Singapore,1,11,eu_ets_strong;eu_context;carbon_terms=3,NO,-1,"[""NO"", ""NO"", ""NO""]","[""Excluding shipping could reduce overall ETS coverage and weaken price signals, potentially lowering short-term prices."", ""Excluding shipping could reduce overall ETS coverage and weaken price signals, potentially lowering short-term prices."", ""Excluding shipping could reduce overall ETS coverage and weaken price signals, potentially lowering short-term prices.""]",7,1.0,-0.7,-0.7,"[7, 7, 7]"
524,https://www.pr-inside.com/europe-advanced-wound-care-market-accounting-a-hig-r4648037.htm,,Europe Advanced Wound Care Market Accounting a Higher Growth by 2017,2017-10-28,,pr-inside.com,English,United States,2,3,eu_context;carbon_terms=1,NO,-1,"[""NO"", ""NO"", ""NO""]","[""Irrelevant to EU ETS pricing as it pertains to healthcare market growth, not carbon emissions or trading."", ""Irrelevant to EU ETS pricing as it pertains to healthcare market growth, not carbon emissions or trading."", ""Irrelevant to EU ETS pricing as it pertains to healthcare market growth, not carbon emissions or trading.""]",1,1.0,-0.1,-0.1,"[1, 1, 1]"
530,http://carbon-pulse.com/42483/,,EU Market : EUAs weaken further as united kingdom eases Brexit worries « Carbon Pulse,2017-10-30,,carbon-pulse.com,English,France,1,10,eu_ets_strong;eu_context;carbon_terms=2,NO,-1,"[""NO"", ""NO"", ""NO""]","[""UK easing Brexit worries reduces demand pressure on EUAs, suggesting short-term price support may wane."", ""UK easing Brexit worries reduces demand pressure on EUAs, suggesting short-term price support may wane."", ""UK easing Brexit worries reduces demand pressure on EUAs, suggesting short-term price support may wane.""]",6,1.0,-0.6,-0.6,"[6, 6, 6]"
536,http://carbon-pulse.com/42699/,,EU Market : EUAs post auction,2017-11-01,,carbon-pulse.com,English,France,1,10,eu_ets_strong;eu_context;carbon_terms=2,YES,1,"[""YES"", ""YES"", ""YES""]","[""Post-auction EUA prices often reflect market sentiment and can signal short-term volatility or trend continuation."", ""Post-auction EUA prices often reflect market sentiment and can signal short-term volatility or trend continuation."", ""Post-auction EUA prices often reflect market sentiment and can signal short-term volatility or trend continuation.""]",7,1.0,0.7,0.7,"[7, 7, 7]"
542,http://redgreenandblue.org/2017/11/02/sierra-club-launches-europe-beyond-coal-campaign/,,Sierra Club launches Europe Beyond Coal campaign,2017-11-03,http://redgreenandblue.org/wp-content/uploads/2017/11/02_TheDirty30.png,redgreenandblue.org,English,United States,2,3,eu_context;energy_driver,NO,-1,"[""NO"", ""NO"", ""NO""]","[""Campaign may influence policy but lacks immediate market impact."", ""Campaign may influence policy but lacks immediate market impact."", ""Campaign may influence policy but lacks immediate market impact.""]",5,1.0,-0.5,-0.5,"[5, 5, 5]"
548,https://www.bloomberg.com/news/articles/2017-11-05/in-the-country-where-coal-is-king-a-battle-with-the-eu-looms,https://www.bloomberg.com/amp/news/articles/2017-11-05/in-the-country-where-coal-is-king-a-battle-with-the-eu-looms,"In the Country Where Coal Is King , a Battle With the EU Looms",2017-11-05,https://assets.bwbx.io/images/users/iqjWHBFdfxIU/iv3Fi6j0brME/v0/1200x800.jpg,bloomberg.com,English,United States,1,3,eu_context;energy_driver,NO,-1,"[""NO"", ""NO"", ""NO""]","[""Coal-dependent nations may resist EU ETS compliance, potentially triggering price volatility or policy backlash."", ""Coal-dependent nations may resist EU ETS compliance, potentially triggering price volatility or policy backlash."", ""Coal-dependent nations may resist EU ETS compliance, potentially triggering price volatility or policy backlash.""]",6,1.0,-0.6,-0.6,"[6, 6, 6]"
554,http://carbon-pulse.com/42949/,,EU Market : EUAs end firmer after poking around recent highs « Carbon Pulse,2017-11-07,,carbon-pulse.com,English,France,1,10,eu_ets_strong;eu_context;carbon_terms=2,YES,1,"[""YES"", ""YES"", ""YES""]","[""Recent price action suggests market participants are consolidating near recent highs, indicating potential for short-term upward momentum."", ""Recent price action suggests market participants are consolidating near recent highs, indicating potential for short-term upward momentum."", ""Recent price action suggests market participants are consolidating near recent highs, indicating potential for short-term upward momentum.""]",7,1.0,0.7,0.7,"[7, 7, 7]"
560,http://www.pressreleasepoint.com/eu-emissions-trading-system-landmark-agreement-between-parliament-and-council-delivers-eus,,EU Emissions Trading System : landmark agreement between Parliament and Council delivers on EU commitment to turn Paris Agreement into reality,2017-11-09,,pressreleasepoint.com,English,United States,1,11,eu_ets_strong;eu_context;carbon_terms=3,YES,1,"[""YES"", ""YES"", ""YES""]","[""Parliament-Council agreement signals policy stability and likely reinforces ETS compliance, potentially supporting prices."", ""Parliament-Council agreement signals policy stability and likely reinforces ETS compliance, potentially supporting prices."", ""Parliament-Council agreement signals policy stability and likely reinforces ETS compliance, potentially supporting prices.""]",7,1.0,0.7,0.7,"[7, 7, 7]"
566,https://finance.yahoo.com/news/eu-aims-reform-world-biggest-160000386.html,https://www.yahoo.com/amphtml/finance/news/eu-aims-reform-world-biggest-160000386.html,EU Aims To Reform World Biggest Carbon Market,2017-11-11,,finance.yahoo.com,English,United States,1,4,eu_context;carbon_terms=2,YES,1,"[""YES"", ""YES"", ""YES""]","[""Reform could unlock new compliance costs or emissions reductions, affecting price dynamics."", ""Reform could unlock new compliance costs or emissions reductions, affecting price dynamics."", ""Reform could unlock new compliance costs or emissions reductions, affecting price dynamics.""]",7,1.0,0.7,0.7,"[7, 7, 7]"
572,https://www.europa-nu.nl/id/vkj86ms78rz1/nieuws/green_light_for_the_agreement_linking,,Green light for the agreement linking the EU and Swiss emissions trading systems,2017-11-13,http://www.europa-nu.nl/9353265/g/ztwit.jpg,europa-nu.nl,English,Netherlands,1,11,eu_ets_strong;eu_context;carbon_terms=3,YES,1,"[""YES"", ""YES"", ""YES""]","[""EU-Swiss ETS linkage could increase trading volume and price pressure due to expanded market coverage."", ""EU-Swiss ETS linkage could increase trading volume and price pressure due to expanded market coverage."", ""EU-Swiss ETS linkage could increase trading volume and price pressure due to expanded market coverage.""]",7,1.0,0.7,0.7,"[7, 7, 7]"
578,http://carbon-pulse.com/43465/,,EU Market : EUAs jump over 4 % in auction,2017-11-15,,carbon-pulse.com,English,France,1,10,eu_ets_strong;eu_context;carbon_terms=2,YES,1,"[""YES"", ""YES"", ""YES""]","[""Strong auction results signal market confidence and potential upward momentum."", ""Strong auction results signal market confidence and potential upward momentum."", ""Strong auction results signal market confidence and potential upward momentum.""]",8,1.0,0.8,0.8,"[8, 8, 8]"
584,http://carbon-pulse.com/43584/,,"EU Market : EUAs ease despite bullish energy , hold on to 1 . 1 % weekly gain « Carbon Pulse",2017-11-17,,carbon-pulse.com,English,France,1,10,eu_ets_strong;eu_context;carbon_terms=2,NO,-1,"[""NO"", ""NO"", ""NO""]","[""Bullish energy prices may support ETS, but the headline suggests a pause in gains, indicating short-term consolidation."", ""Bullish energy prices may support ETS, but the headline suggests a pause in gains, indicating short-term consolidation."", ""Bullish energy prices may support ETS, but the headline suggests a pause in gains, indicating short-term consolidation.""]",5,1.0,-0.5,-0.5,"[5, 5, 5]"
590,https://www.euractiv.com/section/electricity/interview/15-nov-think-tank-coal-crisis-not-climate-policy-is-forcing-polish-energy-overhaul/,,"Think tank : Coal crisis , not climate policy , is forcing Polish energy overhaul – EURACTIV . com",2017-11-19,https://www.euractiv.com/wp-content/uploads/sites/2/2017/11/Belchatow.jpg,euractiv.com,English,Germany,1,3,eu_context;energy_driver,NO,-1,"[""NO"", ""NO"", ""NO""]","[""Polish coal crisis may drive energy transition but doesn\u2019t directly signal EU ETS policy shifts."", ""Polish coal crisis may drive energy transition but doesn\u2019t directly signal EU ETS policy shifts."", ""Polish coal crisis may drive energy transition but doesn\u2019t directly signal EU ETS policy shifts.""]",5,1.0,-0.5,-0.5,"[5, 5, 5]"
596,http://www.firstpost.com/world/coffee-today-traffic-tomorrow-londons-buses-to-be-powered-by-coffee-to-reduce-emissions-4220021.html,http://www.firstpost.com/world/coffee-today-traffic-tomorrow-londons-buses-to-be-powered-by-coffee-to-reduce-emissions-4220021.html/amp,"Coffee today , traffic tomorrow : London buses to be powered by coffee to reduce emissions",2017-11-21,http://s2.firstpost.in/wp-content/uploads/2017/11/London_Buses_-_Route_253.jpg,firstpost.com,English,India,2,3,carbon_terms=2;energy_driver,NO,-1,"[""NO"", ""NO"", ""NO""]","[""Coffee-powered buses are a novelty with negligible immediate impact on EU ETS pricing."", ""Coffee-powered buses are a novelty with negligible immediate impact on EU ETS pricing."", ""Coffee-powered buses are a novelty with negligible immediate impact on EU ETS pricing.""]",1,1.0,-0.1,-0.1,"[1, 1, 1]"
602,http://www.ship-technology.com/news/eu-member-states-approve-eu-emissions-trading-system-revision/,,EU member states approve EU Emissions Trading System revision,2017-11-23,,ship-technology.com,English,United States,1,11,eu_ets_strong;eu_context;carbon_terms=3,YES,1,"[""YES"", ""YES"", ""YES""]","[""Revisions may adjust caps or trading rules, influencing short-term price volatility."", ""Revisions may adjust caps or trading rules, influencing short-term price volatility."", ""Revisions may adjust caps or trading rules, influencing short-term price volatility.""]",7,1.0,0.7,0.7,"[7, 7, 7]"
608,http://www.pulpapernews.com/node/9170,,Borregaard to reduce NOx emissions by more than 50 per cent,2017-11-25,,pulpapernews.com,English,United States,2,2,carbon_terms=2,NO,-1,"[""NO"", ""NO"", ""NO""]","[""Reduction in NOx emissions may signal broader environmental compliance efforts, potentially influencing carbon pricing dynamics."", ""Reduction in NOx emissions may signal broader environmental compliance efforts, potentially influencing carbon pricing dynamics."", ""Reduction in NOx emissions may signal broader environmental compliance efforts, potentially influencing carbon pricing dynamics.""]",5,1.0,-0.5,-0.5,"[5, 5, 5]"
614,http://carbon-pulse.com/43979/,,EU Market : EUAs dip after weak auction though further falls not expected this week « Carbon Pulse,2017-11-27,,carbon-pulse.com,English,France,1,11,eu_ets_strong;eu_context;carbon_terms=3,NO,-1,"[""NO"", ""NO"", ""NO""]","[""Short-term price dip reflects weak auction but lack of further decline suggests market is stabilizing."", ""Short-term price dip reflects weak auction but lack of further decline suggests market is stabilizing."", ""Short-term price dip reflects weak auction but lack of further decline suggests market is stabilizing.""]",5,1.0,-0.5,-0.5,"[5, 5, 5]"
620,https://www.openpr.com/news/838009/EMEA-Europe-Middle-East-and-Africa-Gas-Alarm-Market-2017-Forecast-to-2022.html,,"EMEA ( Europe , Middle East and Africa ) Gas Alarm Market 2017 Forecast to 2022",2017-11-29,,openpr.com,English,Germany,2,4,eu_context;carbon_terms=1;energy_driver,NO,-1,"[""NO"", ""NO"", ""NO""]","[""Gas market dynamics in EMEA may influence EU ETS prices indirectly via energy demand and supply shifts, but the headline is from 2017 and lacks direct link to current ETS trading."", ""Gas market dynamics in EMEA may influence EU ETS prices indirectly via energy demand and supply shifts, but the headline is from 2017 and lacks direct link to current ETS trading."", ""Gas market dynamics in EMEA may influence EU ETS prices indirectly via energy demand and supply shifts, but the headline is from 2017 and lacks direct link to current ETS trading.""]",3,1.0,-0.3,-0.3,"[3, 3, 3]"
626,http://www.euractiv.com/section/climate-environment/opinion/an-implementation-plan-for-ccs-and-ccu-in-europe/,,An implementation plan for CCS and CCU in Europe – EURACTIV . com,2017-12-04,http://www.euractiv.com/wp-content/uploads/sites/2/2017/12/CCS.png,euractiv.com,English,Germany,1,2,eu_context,NO,-1,"[""NO"", ""NO"", ""NO""]","[""CCS/CCU implementation may influence long-term carbon pricing but has limited immediate impact on EU ETS prices."", ""CCS/CCU implementation may influence long-term carbon pricing but has limited immediate impact on EU ETS prices."", ""CCS/CCU implementation may influence long-term carbon pricing but has limited immediate impact on EU ETS prices.""]",5,1.0,-0.5,-0.5,"[5, 5, 5]"
632,http://www.mondovisione.com/media-and-resources/news/eex-and-eqs-group-agree-on-cooperation-joint-offer-for-participants-in-emissio/,,EEX And EQS Group Agree On Cooperation,2017-12-06,,mondovisione.com,English,United States,1,6,eu_ets_strong,NO,-1,"[""NO"", ""NO"", ""NO""]","[""Limited direct impact on EU ETS pricing due to operational cooperation between exchanges."", ""Limited direct impact on EU ETS pricing due to operational cooperation between exchanges."", ""Limited direct impact on EU ETS pricing due to operational cooperation between exchanges.""]",3,1.0,-0.3,-0.3,"[3, 3, 3]"
638,https://yle.fi/uutiset/osasto/news/finland_torches_more_coal_overshoots_emissions_cap_by_a_million_tons/9971239,,"Finland torches more coal , overshoots emissions cap by a million tons ",2017-12-11,https://img.yle.fi/uutiset/turku/article9968465.ece/ALTERNATES/w940h529/Naantali%20monipolttovoimalaitos.png,yle.fi,English,Finland,1,3,carbon_terms=2;energy_driver,NO,-1,"[""NO"", ""NO"", ""NO""]","[""Finland\u2019s coal overuse breaches its cap, signaling potential regulatory tightening or market repricing in EU ETS."", ""Finland\u2019s coal overuse breaches its cap, signaling potential regulatory tightening or market repricing in EU ETS."", ""Finland\u2019s coal overuse breaches its cap, signaling potential regulatory tightening or market repricing in EU ETS.""]",7,1.0,-0.7,-0.7,"[7, 7, 7]"
644,http://en.rfi.fr/wire/20171213-britain-must-obey-eu-environment-rules-post-brexit-air-deal-campaigners,,Britain must obey EU environment rules for post,2017-12-13,http://scd.en.rfi.fr/sites/english.filesrfi/imagecache/aef_ct_wire_image_620/images/afp/dd8bd1a7adcabcd5b1d0787989f8d9db6e5ac403.jpg,en.rfi.fr,English,,1,2,eu_context,YES,1,"[""YES"", ""YES"", ""YES""]","[""Britain\u2019s compliance with EU environmental rules could trigger increased carbon pricing pressure in the EU ETS."", ""Britain\u2019s compliance with EU environmental rules could trigger increased carbon pricing pressure in the EU ETS."", ""Britain\u2019s compliance with EU environmental rules could trigger increased carbon pricing pressure in the EU ETS.""]",7,1.0,0.7,0.7,"[7, 7, 7]"
650,https://www.carbonbrief.org/daily-brief/china-launch-nationwide-carbon-market-next-week-officials,,China to launch nationwide carbon market next week : officials,2017-12-15,,carbonbrief.org,English,United Kingdom,1,2,carbon_terms=2,YES,1,"[""YES"", ""YES"", ""YES""]","[""Global carbon market dynamics shift as China\u2019s new market adds scale and potential price pressure."", ""Global carbon market dynamics shift as China\u2019s new market adds scale and potential price pressure."", ""Global carbon market dynamics shift as China\u2019s new market adds scale and potential price pressure.""]",7,1.0,0.7,0.7,"[7, 7, 7]"
656,http://www.euractiv.com/section/electricity/opinion/decarbonising-europe-matching-aspiration-with-action/,,Decarbonising Europe : Matching aspiration with action – EURACTIV . com,2017-12-18,http://www.euractiv.com/wp-content/uploads/sites/2/2017/12/Renewable_Energy_inCities.jpg,euractiv.com,English,Germany,1,3,eu_context;carbon_terms=1,NO,-1,"[""NO"", ""NO"", ""NO""]","[""Mentions aspiration but lacks concrete policy or market data to signal short-term price movement."", ""Mentions aspiration but lacks concrete policy or market data to signal short-term price movement."", ""Mentions aspiration but lacks concrete policy or market data to signal short-term price movement.""]",3,1.0,-0.3,-0.3,"[3, 3, 3]"
662,https://cleantechnica.com/2017/12/20/china-will-launch-worlds-largest-emissions-trading-system/,https://cleantechnica.com/2017/12/20/china-will-launch-worlds-largest-emissions-trading-system/amp/,China Will Launch World Largest Emissions Trading System,2017-12-20,https://cleantechnica.com/files/2017/12/13-2017-12-19-17-53-35_press_con.jpg,cleantechnica.com,English,United States,1,9,eu_ets_strong;carbon_terms=3,YES,1,"[""YES"", ""YES"", ""YES""]","[""EU ETS may see upward pressure as global carbon pricing tightens and China\u2019s massive system signals stronger climate ambition."", ""EU ETS may see upward pressure as global carbon pricing tightens and China\u2019s massive system signals stronger climate ambition."", ""EU ETS may see upward pressure as global carbon pricing tightens and China\u2019s massive system signals stronger climate ambition.""]",8,1.0,0.8,0.8,"[8, 8, 8]"
668,https://www.platts.com/latest-news/electric-power/london/eu-co2-prices-hit-2-year-high-as-2017-auctions-26861527,,EU CO2 prices hit 2,2017-12-22,,platts.com,English,United States,1,3,eu_context;carbon_terms=1,YES,1,"[""YES"", ""YES"", ""YES""]","[""Short-term price surge suggests market optimism or policy tightening."", ""Short-term price surge suggests market optimism or policy tightening."", ""Short-term price surge suggests market optimism or policy tightening.""]",7,1.0,0.7,0.7,"[7, 7, 7]"
674,http://en.interfax.com.ua/news/economic/473282.html,/news/economic/473282-amp.html,EBRD issues EUR25 mln loan to MHP to build biogas plant,2017-12-27,,en.interfax.com.ua,English,Ukraine,2,3,eu_context;energy_driver,NO,-1,"[""NO"", ""NO"", ""NO""]","[""Biogas plant projects are typically small-scale and not expected to significantly impact EU ETS price movements."", ""Biogas plant projects are typically small-scale and not expected to significantly impact EU ETS price movements."", ""Biogas plant projects are typically small-scale and not expected to significantly impact EU ETS price movements.""]",3,1.0,-0.3,-0.3,"[3, 3, 3]"
680,https://www.chinadialogue.net/article/show/single/en/10330-China-s-carbon-market-needs-ambition,,China carbon market needs ambition,2017-12-29,https://chinadialogue-production.s3.amazonaws.com/uploads/content/image/10330/main_GP0STOTP4_Low_res_with_credit_line2.jpg,chinadialogue.net,English,China,1,2,carbon_terms=2,NO,-1,"[""NO"", ""NO"", ""NO""]","[""China\u2019s ambition may indirectly affect EU ETS via global carbon pricing trends, but no direct short-term impact is implied."", ""China\u2019s ambition may indirectly affect EU ETS via global carbon pricing trends, but no direct short-term impact is implied."", ""China\u2019s ambition may indirectly affect EU ETS via global carbon pricing trends, but no direct short-term impact is implied.""]",3,1.0,-0.3,-0.3,"[3, 3, 3]"
686,https://www.aerospace-technology.com/projects/airbus-breakthrough-laminar-aircraft-demonstrator-europe-blade/,,Airbus Breakthrough Laminar Aircraft Demonstrator in Europe ( BLADE ) ,2017-12-31,https://www.aerospace-technology.com/wp-content/uploads/sites/15/2017/12/1l-image.jpg,aerospace-technology.com,English,United States,2,2,eu_context,NO,-1,"[""NO"", ""NO"", ""NO""]","[""Laminar flow tech could reduce fuel consumption, but EU ETS price is unlikely to react sharply in short term."", ""Laminar flow tech could reduce fuel consumption, but EU ETS price is unlikely to react sharply in short term."", ""Laminar flow tech could reduce fuel consumption, but EU ETS price is unlikely to react sharply in short term.""]",3,1.0,-0.3,-0.3,"[3, 3, 3]"
692,http://en.brinkwire.com/64659/katowice-a-european-coal-capital-goes-green/,,Katowice : A European coal capital goes green,2018-01-03,,en.brinkwire.com,English,,2,3,eu_context;energy_driver,YES,1,"[""YES"", ""YES"", ""YES""]","[""Coal city green transition signals EU ETS demand support via emissions reduction mandates."", ""Coal city green transition signals EU ETS demand support via emissions reduction mandates."", ""Coal city green transition signals EU ETS demand support via emissions reduction mandates.""]",7,1.0,0.7,0.7,"[7, 7, 7]"
698,https://www.europeanceo.com/business-and-management/green-cargo-electric-trains-key-to-reducing-europes-carbon-emissions/,,Green Cargo : electric trains key to reducing Europe ’ s carbon emissions – European CEO,2018-01-05,https://www.europeanceo.com/wp-content/uploads/2017/01/Green_Cargo_Logistics.jpg,europeanceo.com,English,United Kingdom,2,5,eu_context;carbon_terms=3,YES,1,"[""YES"", ""YES"", ""YES""]","[""Electric train adoption could drive demand for carbon credits as a key decarbonization pathway."", ""Electric train adoption could drive demand for carbon credits as a key decarbonization pathway."", ""Electric train adoption could drive demand for carbon credits as a key decarbonization pathway.""]",7,1.0,0.7,0.7,"[7, 7, 7]"
704,https://advancedbiofuelsusa.info/a-single-european-biomethane-market-a-step-closer-to-reality/,,"Advanced BioFuels united states » A Single European Biomethane Market , a Step Closer to Reality",2018-01-07,,advancedbiofuelsusa.info,English,United States,2,3,eu_context;carbon_terms=1,NO,-1,"[""NO"", ""NO"", ""NO""]","[""EU ETS price may be indirectly affected by biofuel market developments, but no direct link to current ETS trading."", ""EU ETS price may be indirectly affected by biofuel market developments, but no direct link to current ETS trading."", ""EU ETS price may be indirectly affected by biofuel market developments, but no direct link to current ETS trading.""]",5,1.0,-0.5,-0.5,"[5, 5, 5]"
710,https://af.reuters.com/article/energyOilNews/idAFL8N1P434Q,,EUROPE POWER - German spot power price soars as wind generation falls | Energy & Oil,2018-01-09,https://s4.reutersmedia.net/resources/images/rcom-default.png,af.reuters.com,English,United States,2,4,eu_context;carbon_terms=1;energy_driver,NO,-1,"[""NO"", ""NO"", ""NO""]","[""Wind generation shortfall increases demand, potentially pressuring power prices but not directly impacting EU ETS."", ""Wind generation shortfall increases demand, potentially pressuring power prices but not directly impacting EU ETS."", ""Wind generation shortfall increases demand, potentially pressuring power prices but not directly impacting EU ETS.""]",6,1.0,-0.6,-0.6,"[6, 6, 6]"
716,http://mondaq.com/unitedstates/x/662912/Clean+Air+Pollution/Greenhouse+Gas+Emissions+Trading+Schemes+A+Global+Perspective,,Greenhouse Gas Emissions Trading Schemes : A Global Perspective - Environment,2018-01-11,,mondaq.com,English,United States,1,4,carbon_terms=3;energy_driver,NO,-1,"[""NO"", ""NO"", ""NO""]","[""General overview lacks specific policy or market-moving events to trigger short-term price shifts."", ""General overview lacks specific policy or market-moving events to trigger short-term price shifts."", ""General overview lacks specific policy or market-moving events to trigger short-term price shifts.""]",3,1.0,-0.3,-0.3,"[3, 3, 3]"
722,http://interfaxenergy.com/gasdaily/article/29087/eu-co2-plans-could-lift-gas-for-power-demand-by-40,,EU CO2 plans could lift gas - for - power demand,2018-01-15,http://interfaxenergy.com/uploads/media/ngd/15157770462988.jpg,interfaxenergy.com,English,United States,1,3,eu_context;energy_driver,YES,1,"[""YES"", ""YES"", ""YES""]","[""Higher CO2 pricing may incentivize cleaner energy, reducing gas demand for power generation."", ""Higher CO2 pricing may incentivize cleaner energy, reducing gas demand for power generation."", ""Higher CO2 pricing may incentivize cleaner energy, reducing gas demand for power generation.""]",7,1.0,0.7,0.7,"[7, 7, 7]"
728,http://carbon-pulse.com/45921/,,EU Parliament raises stakes for ETS interaction by backing more ambitious clean energy goals « Carbon Pulse,2018-01-17,,carbon-pulse.com,English,France,1,3,eu_context;carbon_terms=1,YES,1,"[""YES"", ""YES"", ""YES""]","[""Ambitious clean energy goals likely increase demand for carbon credits, pushing EU ETS prices higher."", ""Ambitious clean energy goals likely increase demand for carbon credits, pushing EU ETS prices higher."", ""Ambitious clean energy goals likely increase demand for carbon credits, pushing EU ETS prices higher.""]",8,1.0,0.8,0.8,"[8, 8, 8]"
734,http://www.4-traders.com/news/EEX-Auction-News-EU-Auction--25847015/,http://www.4-traders.com/amp/news/EEX-Auction-News-EU-Auction--25847015/,EEX Auction News : EU Auction,2018-01-22,,4-traders.com,English,United States,1,9,eu_ets_strong;eu_context;carbon_terms=1,NO,-1,"[""NO"", ""NO"", ""NO""]","[""EU auction results often reflect market sentiment and can influence short-term price volatility, but single auction news has limited direct impact."", ""EU auction results often reflect market sentiment and can influence short-term price volatility, but single auction news has limited direct impact."", ""EU auction results often reflect market sentiment and can influence short-term price volatility, but single auction news has limited direct impact.""]",3,1.0,-0.3,-0.3,"[3, 3, 3]"
740,http://www.satprnews.com/2018/01/24/eu-environmental-law-vol-iv-the-eu-greenhouse-gas-emissions-trading-scheme-carbon-emissions-and-capture-energy-and-natural-resources-environmental-industries/,,"EU Environmental Law , Vol IV - The EU Greenhouse Gas Emissions Trading Scheme",2018-01-24,,satprnews.com,English,United States,1,6,eu_context;carbon_terms=3;energy_driver,YES,1,"[""YES"", ""YES"", ""YES""]","[""New legal framework may tighten compliance and boost ETS price volatility."", ""New legal framework may tighten compliance and boost ETS price volatility."", ""New legal framework may tighten compliance and boost ETS price volatility.""]",7,1.0,0.7,0.7,"[7, 7, 7]"
746,https://www.natlawreview.com/article/week-ahead-european-parliament-january-26-2018,,EU Parliament Week Ahead Jan 26,2018-01-27,https://www.natlawreview.com/sites/default/files/article/aux/10746/EU%20Health%20Concept.jpg,natlawreview.com,English,United States,1,2,eu_context,NO,-1,"[""NO"", ""NO"", ""NO""]","[""EU Parliament\u2019s upcoming session may influence policy, but short-term ETS price movement is unlikely without concrete legislative action."", ""EU Parliament\u2019s upcoming session may influence policy, but short-term ETS price movement is unlikely without concrete legislative action."", ""EU Parliament\u2019s upcoming session may influence policy, but short-term ETS price movement is unlikely without concrete legislative action.""]",3,1.0,-0.3,-0.3,"[3, 3, 3]"
752,https://www.euractiv.com/section/energy/news/balancing-emissions-and-removals-from-europes-forests/,,Balancing emissions and removals from Europe forests – EURACTIV . com,2018-01-29,https://www.euractiv.com/wp-content/uploads/sites/2/2018/01/forest_of_dean_trees_CREDITStewart-Black_Flickr.jpg,euractiv.com,English,Germany,2,4,eu_context;carbon_terms=2,NO,-1,"[""NO"", ""NO"", ""NO""]","[""Forest emissions/removals balancing may slightly influence carbon markets but has limited direct impact on EU ETS price short-term."", ""Forest emissions/removals balancing may slightly influence carbon markets but has limited direct impact on EU ETS price short-term."", ""Forest emissions/removals balancing may slightly influence carbon markets but has limited direct impact on EU ETS price short-term.""]",3,1.0,-0.3,-0.3,"[3, 3, 3]"
758,https://www.bloomberg.com/news/articles/2018-01-31/western-europe-s-biggest-oil-producer-is-getting-another-fix,https://www.bloomberg.com/amp/news/articles/2018-01-31/western-europe-s-biggest-oil-producer-is-getting-another-fix,Western Europe Biggest Oil Producer Is Getting Another Fix,2018-01-31,https://assets.bwbx.io/images/users/iqjWHBFdfxIU/iqrVjRW4oSU8/v0/1200x798.jpg,bloomberg.com,English,United States,2,3,eu_context;energy_driver,NO,-1,"[""NO"", ""NO"", ""NO""]","[""Oil production news in Western Europe is unlikely to directly affect EU ETS pricing, as ETS focuses on emissions, not oil output."", ""Oil production news in Western Europe is unlikely to directly affect EU ETS pricing, as ETS focuses on emissions, not oil output."", ""Oil production news in Western Europe is unlikely to directly affect EU ETS pricing, as ETS focuses on emissions, not oil output.""]",3,1.0,-0.3,-0.3,"[3, 3, 3]"
764,https://www.hedgeweek.com/2018/02/02/260835/eex-grows-volumes-eua-derivatives-market-and-launches-new-otf-products,,EEX grows volumes on EUA Derivatives Market and launches new OTF products,2018-02-02,https://www.hedgeweek.com/sites/default/files/styles/facebook_200_square/public/image_library/Graphs/Graph_up_arrow.jpg,hedgeweek.com,English,United States,1,9,eu_ets_strong;eu_context;carbon_terms=1,YES,1,"[""YES"", ""YES"", ""YES""]","[""Increased trading volume and new products may signal stronger market participation but doesn\u2019t yet imply price movement."", ""Increased trading volume and new products may signal stronger market participation but doesn\u2019t yet imply price movement."", ""Increased trading volume and new products may signal stronger market participation but doesn\u2019t yet imply price movement.""]",5,1.0,0.5,0.5,"[5, 5, 5]"
770,https://carbon-pulse.com/45932/,,Former Barclays carbon head joins Morgan Stanley in European energy desk rebuild « Carbon Pulse,2018-02-04,,carbon-pulse.com,English,France,1,3,eu_context;carbon_terms=1,YES,1,"[""YES"", ""YES"", ""YES""]","[""Senior carbon expertise moving to a major energy desk may signal increased institutional attention to EU ETS."", ""Senior carbon expertise moving to a major energy desk may signal increased institutional attention to EU ETS."", ""Senior carbon expertise moving to a major energy desk may signal increased institutional attention to EU ETS.""]",7,1.0,0.7,0.7,"[7, 7, 7]"
776,http://carbon-pulse.com/46957/,,"UPDATE – EU Market : EUAs lower , unfazed by EU vote and weakest auction result in 5 months « Carbon Pulse",2018-02-06,,carbon-pulse.com,English,France,1,11,eu_ets_strong;eu_context;carbon_terms=3,NO,-1,"[""NO"", ""NO"", ""NO""]","[""Lower EUA prices reflect market sentiment despite political uncertainty, suggesting short-term weakness persists."", ""Lower EUA prices reflect market sentiment despite political uncertainty, suggesting short-term weakness persists."", ""Lower EUA prices reflect market sentiment despite political uncertainty, suggesting short-term weakness persists.""]",6,1.0,-0.6,-0.6,"[6, 6, 6]"
782,http://www.4-traders.com/news/EEX-Auction-News-EU-Auction--25952534/,http://www.4-traders.com/amp/news/EEX-Auction-News-EU-Auction--25952534/,EEX Auction News : EU Auction,2018-02-08,,4-traders.com,English,United States,1,9,eu_ets_strong;eu_context;carbon_terms=1,NO,-1,"[""NO"", ""NO"", ""NO""]","[""EU auction results often reflect market sentiment and can influence short-term price volatility, but single auction news has limited direct impact."", ""EU auction results often reflect market sentiment and can influence short-term price volatility, but single auction news has limited direct impact."", ""EU auction results often reflect market sentiment and can influence short-term price volatility, but single auction news has limited direct impact.""]",3,1.0,-0.3,-0.3,"[3, 3, 3]"
788,http://www.ictsd.org/bridges-news/bridges/news/european-parliament-backs-post-2020-carbon-market-reform,,European Parliament Backs Post - 2020 Carbon Market Reform,2018-02-10,https://www.ictsd.org/sites/default/files/news/emissions3_0.jpg,ictsd.org,English,United States,1,4,eu_context;carbon_terms=2,YES,1,"[""YES"", ""YES"", ""YES""]","[""Reform could boost compliance costs and tighten caps, potentially driving up prices."", ""Reform could boost compliance costs and tighten caps, potentially driving up prices."", ""Reform could boost compliance costs and tighten caps, potentially driving up prices.""]",7,1.0,0.7,0.7,"[7, 7, 7]"
794,https://www.edie.net/news/11/Business-benefits-of-EU-ETS-reform-clouded-by-Brexit-uncertainty/,,Business benefits of EU ETS reform clouded by Brexit uncertainty,2018-02-13,https://edienet.s3.amazonaws.com/news/images/36159.jpg,edie.net,English,United Kingdom,1,8,eu_ets_strong;eu_context,NO,-1,"[""NO"", ""NO"", ""NO""]","[""Brexit uncertainty introduces volatility that could dampen investor confidence and delay reform implementation, affecting short-term ETS pricing."", ""Brexit uncertainty introduces volatility that could dampen investor confidence and delay reform implementation, affecting short-term ETS pricing."", ""Brexit uncertainty introduces volatility that could dampen investor confidence and delay reform implementation, affecting short-term ETS pricing.""]",5,1.0,-0.5,-0.5,"[5, 5, 5]"
800,https://www.businessgreen.com/bg/news-analysis/3026710/could-europes-eur10-carbon-price-rise-yet-higher-still,,Could Europe €10 carbon price rise yet higher still ? ,2018-02-15,,businessgreen.com,English,United Kingdom,1,4,eu_context;carbon_terms=2,YES,1,"[""YES"", ""YES"", ""YES""]","[""EU ETS price may respond positively to policy signals of tightening carbon pricing."", ""EU ETS price may respond positively to policy signals of tightening carbon pricing."", ""EU ETS price may respond positively to policy signals of tightening carbon pricing.""]",8,1.0,0.8,0.8,"[8, 8, 8]"
806,http://www.straitstimes.com/singapore/environment/carbon-taxes-how-other-countries-price-them,,"Carbon taxes : How other countries price them , Environment News & Top Stories",2018-02-20,https://static.straitstimes.com.sg/sites/default/files/styles/x_large/public/articles/2018/02/20/bp_carbon_200218_114.jpg?itok=8eXkgkZR,straitstimes.com,English,Singapore,1,2,carbon_terms=2,NO,-1,"[""NO"", ""NO"", ""NO""]","[""Carbon pricing comparisons may influence policy but don\u2019t directly signal short-term EU ETS price movement."", ""Carbon pricing comparisons may influence policy but don\u2019t directly signal short-term EU ETS price movement."", ""Carbon pricing comparisons may influence policy but don\u2019t directly signal short-term EU ETS price movement.""]",3,1.0,-0.3,-0.3,"[3, 3, 3]"
812,http://www.4-traders.com/news/EEX-Auction-News-German-Auction--26042921/,http://www.4-traders.com/amp/news/EEX-Auction-News-German-Auction--26042921/,EEX Auction News : German Auction,2018-02-23,,4-traders.com,English,United States,1,7,eu_ets_strong;carbon_terms=1,NO,-1,"[""NO"", ""NO"", ""NO""]","[""German auction results may signal domestic demand shifts but lack broad EU-wide impact."", ""German auction results may signal domestic demand shifts but lack broad EU-wide impact."", ""German auction results may signal domestic demand shifts but lack broad EU-wide impact.""]",3,1.0,-0.3,-0.3,"[3, 3, 3]"
818,https://af.reuters.com/article/africaTech/idAFL8N1QG2G8,,"EUROPE POWER - Prompt prices soar in France , Germany stable to lower | News Home",2018-02-26,https://s4.reutersmedia.net/resources_v2/images/rcom-default.png,af.reuters.com,English,United States,2,4,eu_context;carbon_terms=1;energy_driver,YES,1,"[""YES"", ""YES"", ""YES""]","[""Short-term price spikes in France suggest regional volatility that may ripple through EU ETS."", ""Short-term price spikes in France suggest regional volatility that may ripple through EU ETS."", ""Short-term price spikes in France suggest regional volatility that may ripple through EU ETS.""]",7,1.0,0.7,0.7,"[7, 7, 7]"
824,https://www.law360.com/articles/1016406/eu-green-reform-to-raise-carbon-trade-costs-approved,https://www.law360.com/amp/articles/1016406,EU Green Reform To Raise Carbon Trade Costs Approved,2018-02-28,https://www.law360.com/images/360.png,law360.com,English,United States,1,3,eu_context;carbon_terms=1,YES,1,"[""YES"", ""YES"", ""YES""]","[""Higher carbon costs signal stronger policy commitment, likely boosting ETS prices short-term."", ""Higher carbon costs signal stronger policy commitment, likely boosting ETS prices short-term."", ""Higher carbon costs signal stronger policy commitment, likely boosting ETS prices short-term.""]",8,1.0,0.8,0.8,"[8, 8, 8]"
830,http://carbon-pulse.com/48248/,,ETS - regulated power rose 30 % at Portuguese utility EDP in 2017 « Carbon Pulse,2018-03-02,,carbon-pulse.com,English,France,1,2,carbon_terms=1;energy_driver,NO,-1,"[""NO"", ""NO"", ""NO""]","[""Portuguese utility EDP\u2019s 2017 power surge may reflect local market dynamics, not broader EU ETS trends."", ""Portuguese utility EDP\u2019s 2017 power surge may reflect local market dynamics, not broader EU ETS trends."", ""Portuguese utility EDP\u2019s 2017 power surge may reflect local market dynamics, not broader EU ETS trends.""]",3,1.0,-0.3,-0.3,"[3, 3, 3]"
836,http://carbon-pulse.com/48467/,,EU Market : Second straight bullish auction sends EUAs to fresh 6 - year high « Carbon Pulse,2018-03-06,,carbon-pulse.com,English,France,1,11,eu_ets_strong;eu_context;carbon_terms=3,YES,1,"[""YES"", ""YES"", ""YES""]","[""Bullish auction results suggest strong market confidence and potential for sustained price momentum."", ""Bullish auction results suggest strong market confidence and potential for sustained price momentum."", ""Bullish auction results suggest strong market confidence and potential for sustained price momentum.""]",8,1.0,0.8,0.8,"[8, 8, 8]"
842,https://www.platts.com/latest-news/coal/london/analysis-coal-benefits-most-from-european-cold-26906158,,Analysis : Coal benefits most from European cold snap - Coal,2018-03-08,,platts.com,English,United States,1,3,eu_context;energy_driver,NO,-1,"[""NO"", ""NO"", ""NO""]","[""Cold snaps may reduce coal demand in some sectors, but coal\u2019s relative advantage in cold weather could offset price pressure."", ""Cold snaps may reduce coal demand in some sectors, but coal\u2019s relative advantage in cold weather could offset price pressure."", ""Cold snaps may reduce coal demand in some sectors, but coal\u2019s relative advantage in cold weather could offset price pressure.""]",5,1.0,-0.5,-0.5,"[5, 5, 5]"
848,http://carbon-pulse.com/48809/,,EU Market : EUAs hold steady despite retracing from new 6 . 5 - year high « Carbon Pulse,2018-03-12,,carbon-pulse.com,English,France,1,10,eu_ets_strong;eu_context;carbon_terms=2,NO,-1,"[""NO"", ""NO"", ""NO""]","[""Price stability suggests limited short-term momentum despite recent retracement."", ""Price stability suggests limited short-term momentum despite recent retracement."", ""Price stability suggests limited short-term momentum despite recent retracement.""]",5,1.0,-0.5,-0.5,"[5, 5, 5]"
854,http://carbon-pulse.com/48967/,,EU Market : Weak auction prompts EUAs to take breather after string of new highs « Carbon Pulse,2018-03-14,,carbon-pulse.com,English,France,1,11,eu_ets_strong;eu_context;carbon_terms=3,NO,-1,"[""NO"", ""NO"", ""NO""]","[""Weak auctions suggest reduced demand, potentially cooling price momentum despite recent highs."", ""Weak auctions suggest reduced demand, potentially cooling price momentum despite recent highs."", ""Weak auctions suggest reduced demand, potentially cooling price momentum despite recent highs.""]",6,1.0,-0.6,-0.6,"[6, 6, 6]"
860,http://carbon-pulse.com/49089/,,EU Market : EUAs sink on weakest auction of year to date « Carbon Pulse,2018-03-16,,carbon-pulse.com,English,France,1,11,eu_ets_strong;eu_context;carbon_terms=3,NO,-1,"[""NO"", ""NO"", ""NO""]","[""Weak auction results suggest reduced market confidence or lower demand, potentially signaling short-term price pressure."", ""Weak auction results suggest reduced market confidence or lower demand, potentially signaling short-term price pressure."", ""Weak auction results suggest reduced market confidence or lower demand, potentially signaling short-term price pressure.""]",6,1.0,-0.6,-0.6,"[6, 6, 6]"
866,https://sciencebusiness.net/framework-programmes/news/universities-join-forces-call-eu160b-eu-research-budget,,Universities join forces to call for €160B EU research budget,2018-03-21,,sciencebusiness.net,English,United Kingdom,1,2,eu_context,NO,-1,"[""NO"", ""NO"", ""NO""]","[""EU research budget announcement is unlikely to directly impact ETS pricing, though it may indirectly affect energy-intensive sectors."", ""EU research budget announcement is unlikely to directly impact ETS pricing, though it may indirectly affect energy-intensive sectors."", ""EU research budget announcement is unlikely to directly impact ETS pricing, though it may indirectly affect energy-intensive sectors.""]",3,1.0,-0.3,-0.3,"[3, 3, 3]"
872,http://www.customstoday.com.pk/france-to-push-for-eu-carbon-price-floor-and-border-tariff/,,France to push for EU carbon price floor and border tariff,2018-03-23,,customstoday.com.pk,English,Pakistan,1,4,eu_context;carbon_terms=2,YES,1,"[""YES"", ""YES"", ""YES""]","[""France\u2019s push for a carbon price floor and border tariff signals stronger policy alignment, likely boosting EU ETS prices."", ""France\u2019s push for a carbon price floor and border tariff signals stronger policy alignment, likely boosting EU ETS prices."", ""France\u2019s push for a carbon price floor and border tariff signals stronger policy alignment, likely boosting EU ETS prices.""]",8,1.0,0.8,0.8,"[8, 8, 8]"
878,https://wattsupwiththat.com/2018/03/27/carbon-trading-in-the-eu-fails-emissions-on-the-rise-again/comment-page-1/,https://wattsupwiththat.com/2018/03/27/carbon-trading-in-the-eu-fails-emissions-on-the-rise-again/amp/,"  Carbon trading  in the EU fails , emissions on the rise again . ",2018-03-28,https://wattsupwiththat.files.wordpress.com/2018/03/eu-ets.jpg,wattsupwiththat.com,English,United States,1,6,eu_context;carbon_terms=4,NO,-1,"[""NO"", ""NO"", ""NO""]","[""EU ETS failure signals weak policy enforcement, likely triggering price collapse and rising emissions."", ""EU ETS failure signals weak policy enforcement, likely triggering price collapse and rising emissions."", ""EU ETS failure signals weak policy enforcement, likely triggering price collapse and rising emissions.""]",7,1.0,-0.7,-0.7,"[7, 7, 7]"
884,http://gulfnews.com/business/economy/europe-s-38b-carbon-market-is-finally-doing-its-job-1.2197078,http://m.gulfnews.com/amp/business/economy/europe-s-38b-carbon-market-is-finally-doing-its-job-1.2197078,Europe $38b carbon market is finally doing its job,2018-03-30,,gulfnews.com,English,United States,1,4,eu_context;carbon_terms=2,YES,1,"[""YES"", ""YES"", ""YES""]","[""Signaling market effectiveness may boost investor confidence and trigger further compliance-driven demand."", ""Signaling market effectiveness may boost investor confidence and trigger further compliance-driven demand."", ""Signaling market effectiveness may boost investor confidence and trigger further compliance-driven demand.""]",7,1.0,0.7,0.7,"[7, 7, 7]"
890,https://advancedbiofuelsusa.info/europes-ethanol-ceos-besieged-by-red-ii-and-illusory-truths/,,Advanced BioFuels united states » Europe Ethanol CEOs Besieged by RED II and Illusory Truths,2018-04-01,,advancedbiofuelsusa.info,English,United States,2,2,eu_context,NO,-1,"[""NO"", ""NO"", ""NO""]","[""Reduction in biofuel subsidies and regulatory uncertainty in EU ETS may dampen demand for carbon credits."", ""Reduction in biofuel subsidies and regulatory uncertainty in EU ETS may dampen demand for carbon credits."", ""Reduction in biofuel subsidies and regulatory uncertainty in EU ETS may dampen demand for carbon credits.""]",5,1.0,-0.5,-0.5,"[5, 5, 5]"
896,http://carbon-pulse.com/50094/,,Energy Aspects raises EUA price forecasts 20 - 40 % as rally shows no sign of reversing « Carbon Pulse,2018-04-03,,carbon-pulse.com,English,France,1,10,eu_ets_strong;eu_context;carbon_terms=2,YES,1,"[""YES"", ""YES"", ""YES""]","[""Energy Aspects\u2019 upward price forecasts signal strong market sentiment and potential sustained rally."", ""Energy Aspects\u2019 upward price forecasts signal strong market sentiment and potential sustained rally."", ""Energy Aspects\u2019 upward price forecasts signal strong market sentiment and potential sustained rally.""]",8,1.0,0.8,0.8,"[8, 8, 8]"
902,https://www.prnewswire.com/news-releases/schneider-electric-partners-with-albea-to-reduce-energy-costs-and-carbon-emissions-300624555.html,,Schneider Electric Partners with Albéa to Reduce Energy Costs and Carbon Emissions,2018-04-05,,prnewswire.com,English,United States,2,3,carbon_terms=3,NO,-1,"[""NO"", ""NO"", ""NO""]","[""Partnership may lead to efficiency gains but lacks immediate market impact on EU ETS pricing."", ""Partnership may lead to efficiency gains but lacks immediate market impact on EU ETS pricing."", ""Partnership may lead to efficiency gains but lacks immediate market impact on EU ETS pricing.""]",3,1.0,-0.3,-0.3,"[3, 3, 3]"
908,https://www.openpr.com/news/1006820/Global-Wood-Pellets-Market-2018-Europe-and-North-America-Provides-Lucrative-Growth-Avenues-By-Forecast-to-2023.html,,Global Wood - Pellets Market 2018 - Europe and North America Provides Lucrative Growth Avenues By Forecast to 2023,2018-04-07,,openpr.com,English,Germany,2,3,eu_context;carbon_terms=1,NO,-1,"[""NO"", ""NO"", ""NO""]","[""Wood pellet demand in EU ETS context is secondary to direct emissions reductions, not a primary driver of price."", ""Wood pellet demand in EU ETS context is secondary to direct emissions reductions, not a primary driver of price."", ""Wood pellet demand in EU ETS context is secondary to direct emissions reductions, not a primary driver of price.""]",3,1.0,-0.3,-0.3,"[3, 3, 3]"
914,http://carbon-pulse.com/50353/,,Green groups put EU s ‘ fat cat industrial firms in crosshairs « Carbon Pulse,2018-04-09,,carbon-pulse.com,English,France,1,3,eu_context;carbon_terms=1,YES,1,"[""YES"", ""YES"", ""YES""]","[""Green pressure on heavy emitters may trigger regulatory tightening or compliance costs, boosting ETS prices."", ""Green pressure on heavy emitters may trigger regulatory tightening or compliance costs, boosting ETS prices."", ""Green pressure on heavy emitters may trigger regulatory tightening or compliance costs, boosting ETS prices.""]",7,1.0,0.7,0.7,"[7, 7, 7]"
920,https://www.reuters.com/article/us-eu-carbon-survey/analysts-raise-eu-carbon-price-forecasts-on-emissions-rise-uk-brevity-clarity-idUSKBN1HI1LR,https://mobile.reuters.com/article/amp/idUSKBN1HI1LR,"Analysts raise EU carbon price forecasts on emissions rise , united kingdom Brevity clarity",2018-04-11,https://s4.reutersmedia.net/resources/r/?m=02&d=20180411&t=2&i=1250299057&r=LYNXMPEE3A0W9,reuters.com,English,United States,1,6,eu_context;carbon_terms=4,YES,1,"[""YES"", ""YES"", ""YES""]","[""Emissions rise signals higher demand for carbon credits, potentially boosting EU ETS prices."", ""Emissions rise signals higher demand for carbon credits, potentially boosting EU ETS prices."", ""Emissions rise signals higher demand for carbon credits, potentially boosting EU ETS prices.""]",7,1.0,0.7,0.7,"[7, 7, 7]"
926,https://www.law360.com/articles/1033401/slovak-emissions-trading-tax-flouted-eu-scheme-ecj-says,https://www.law360.com/amp/articles/1033401,"Slovak Emissions - Trading Tax Flouted EU Scheme , ECJ Says",2018-04-13,https://www.law360.com/images/360.png,law360.com,English,United States,1,5,eu_context;carbon_terms=3,NO,-1,"[""NO"", ""NO"", ""NO""]","[""Ruling invalidates Slovak non-compliance, potentially triggering penalties and market volatility in EU ETS."", ""Ruling invalidates Slovak non-compliance, potentially triggering penalties and market volatility in EU ETS."", ""Ruling invalidates Slovak non-compliance, potentially triggering penalties and market volatility in EU ETS.""]",7,1.0,-0.7,-0.7,"[7, 7, 7]"
932,https://www.environmental-finance.com/content/analysis/structural-work-underpins-carbon-market-optimism.html,,Structural work underpins carbon market optimism,2018-04-15,,environmental-finance.com,English,United States,1,2,carbon_terms=2,YES,1,"[""YES"", ""YES"", ""YES""]","[""Structural reforms can enhance market confidence and drive long-term price stability."", ""Structural reforms can enhance market confidence and drive long-term price stability."", ""Structural reforms can enhance market confidence and drive long-term price stability.""]",7,1.0,0.7,0.7,"[7, 7, 7]"
938,https://www.satprnews.com/2018/04/17/market-survey-report-examines-clean-development-mechanism-market-that-will-growth-by-focusing-on-top-companies-like-trading-emissions-limited-arreon-carbon-uk-ltd-endesa-s-a-xinjiang-heneng-hydr/,,"Market Survey Report Examines Clean Development Mechanism Market That Will Growth by focusing on Top Companies like Trading Emissions Limited , Arreon Carbon united kingdom Ltd , ENDESA , S . A ., Xinjiang Heneng Hydropower Co , Ltd ., Yiliang Guangn...",2018-04-17,,satprnews.com,English,United States,2,5,carbon_terms=5;energy_driver,NO,-1,"[""NO"", ""NO"", ""NO""]","[""Clean Development Mechanism (CDM) market activity is unlikely to directly influence EU ETS prices, as CDM is largely historical and not part of current EU ETS trading."", ""Clean Development Mechanism (CDM) market activity is unlikely to directly influence EU ETS prices, as CDM is largely historical and not part of current EU ETS trading."", ""Clean Development Mechanism (CDM) market activity is unlikely to directly influence EU ETS prices, as CDM is largely historical and not part of current EU ETS trading.""]",3,1.0,-0.3,-0.3,"[3, 3, 3]"
944,http://www.agriland.ie/farming-news/eu-demands-30-cut-in-agri-emissions-by-2030-in-new-targets/,,EU demands 30 % cut in agri emissions by 2030 in new targets,2018-04-19,https://cdn.agriland.ie/uploads/2017/09/16465940394_26a8ec10dc_k-800x400.jpg,agriland.ie,English,Ireland,1,4,eu_context;carbon_terms=2,YES,1,"[""YES"", ""YES"", ""YES""]","[""Agri-emissions reduction targets may increase compliance costs and drive demand for carbon credits, potentially boosting EU ETS prices."", ""Agri-emissions reduction targets may increase compliance costs and drive demand for carbon credits, potentially boosting EU ETS prices."", ""Agri-emissions reduction targets may increase compliance costs and drive demand for carbon credits, potentially boosting EU ETS prices.""]",7,1.0,0.7,0.7,"[7, 7, 7]"
950,https://www.thestar.com.my/business/business-news/2018/04/21/pantech-bullish-on-outlook-as-higher-oil-price-drives-og-activities/,,Pantech bullish on outlook as higher oil price drives O & G activities - Business News,2018-04-21,,thestar.com.my,English,Malaysia,2,2,carbon_terms=1;energy_driver,NO,-1,"[""NO"", ""NO"", ""NO""]","[""Oil price hikes may indirectly affect ETS via energy sector emissions, but no direct link to EU ETS pricing is evident."", ""Oil price hikes may indirectly affect ETS via energy sector emissions, but no direct link to EU ETS pricing is evident."", ""Oil price hikes may indirectly affect ETS via energy sector emissions, but no direct link to EU ETS pricing is evident.""]",3,1.0,-0.3,-0.3,"[3, 3, 3]"
956,https://blogs.thomsonreuters.com/answerson/in-the-eu-does-carbon-price-foreshadow-change/,,"In the EU , does carbon price foreshadow change ? ",2018-04-23,https://blogs.thomsonreuters.com/answerson/wp-content/uploads/sites/3/2018/04/RTSVCV3-layout-comp.jpg,blogs.thomsonreuters.com,English,,1,4,eu_context;carbon_terms=2,NO,-1,"[""NO"", ""NO"", ""NO""]","[""Carbon price trends may signal policy shifts but lack certainty for immediate market direction."", ""Carbon price trends may signal policy shifts but lack certainty for immediate market direction."", ""Carbon price trends may signal policy shifts but lack certainty for immediate market direction.""]",5,1.0,-0.5,-0.5,"[5, 5, 5]"
962,https://www.euractiv.com/section/energy/news/carbon-prices-seen-hitting-e55-in-2030-hasting-major-coal-to-gas-switch/,,"Carbon prices seen hitting €55 in 2030 , hastening ‘ major coal - to - gas switch – EURACTIV . com",2018-04-26,https://www.euractiv.com/wp-content/uploads/sites/2/2018/01/Nord_Stream_pipe_inspection-800x450.jpg,euractiv.com,English,Germany,1,5,eu_context;carbon_terms=2;energy_driver,YES,1,"[""YES"", ""YES"", ""YES""]","[""Coal-to-gas switch accelerates demand for carbon credits, pushing prices higher."", ""Coal-to-gas switch accelerates demand for carbon credits, pushing prices higher."", ""Coal-to-gas switch accelerates demand for carbon credits, pushing prices higher.""]",8,1.0,0.8,0.8,"[8, 8, 8]"
968,https://www.huffingtonpost.ca/2018/04/28/hsbc-oilsands-financing_a_23422284/,https://m.huffingtonpost.ca/2018/04/28/hsbc-oilsands-financing_a_23422284/,Major European Banks Are Backing Away From The Oilsands . Will Others Follow ? ,2018-04-28,https://o.aolcdn.com/images/dims3/GLOB/crop/3314x1744+0+122/resize/1200x630!/format/jpg/quality/85/http%3A%2F%2Fo.aolcdn.com%2Fhss%2Fstorage%2Fmidas%2F42eb0dbe32203932ab675613ac445126%2F203149897%2F476707654.jpg,huffingtonpost.ca,English,Canada,2,3,eu_context;energy_driver,NO,-1,"[""NO"", ""NO"", ""NO""]","[""Reduced banking support for oilsands may signal weaker demand for carbon-intensive assets, but broader market sentiment remains uncertain."", ""Reduced banking support for oilsands may signal weaker demand for carbon-intensive assets, but broader market sentiment remains uncertain."", ""Reduced banking support for oilsands may signal weaker demand for carbon-intensive assets, but broader market sentiment remains uncertain.""]",5,1.0,-0.5,-0.5,"[5, 5, 5]"
974,https://af.reuters.com/article/energyOilNews/idAFL8N1S739S,,EUROPE POWER - German Cal  19 power contract hits new high supported by coal | Energy & Oil,2018-04-30,https://s4.reutersmedia.net/resources_v2/images/rcom-default.png,af.reuters.com,English,United States,1,3,eu_context;energy_driver,YES,1,"[""YES"", ""YES"", ""YES""]","[""Coal-powered generation support signals potential price resilience in EU ETS."", ""Coal-powered generation support signals potential price resilience in EU ETS."", ""Coal-powered generation support signals potential price resilience in EU ETS.""]",7,1.0,0.7,0.7,"[7, 7, 7]"
980,http://www.mondovisione.com/media-and-resources/news/eex-trading-results-for-april-2018-eex-markets-on-growth-path/,,EEX Trading Results For April 2018,2018-05-02,,mondovisione.com,English,United States,1,7,eu_ets_strong;carbon_terms=1,NO,-1,"[""NO"", ""NO"", ""NO""]","[""EEX trading results from 2018 are historical data and do not reflect current market conditions or near-term price trends."", ""EEX trading results from 2018 are historical data and do not reflect current market conditions or near-term price trends."", ""EEX trading results from 2018 are historical data and do not reflect current market conditions or near-term price trends.""]",1,1.0,-0.1,-0.1,"[1, 1, 1]"
986,http://paintingcentral.net/2018/05/eu-commission-outlines-spending-policy-priorities-for-post/,,"EU Commission Outlines Spending , Policy Priorities for Post - 2020 Period",2018-05-04,,paintingcentral.net,English,,1,2,eu_context,NO,-1,"[""NO"", ""NO"", ""NO""]","[""Policy announcements may signal future regulatory shifts but don\u2019t immediately affect short-term ETS pricing."", ""Policy announcements may signal future regulatory shifts but don\u2019t immediately affect short-term ETS pricing."", ""Policy announcements may signal future regulatory shifts but don\u2019t immediately affect short-term ETS pricing.""]",5,1.0,-0.5,-0.5,"[5, 5, 5]"
992,https://www.hedgeweek.com/2018/05/08/263953/eex-publishes-2018-auction-calendar-eu-aviation-allowances,,EEX publishes 2018 auction calendar for EU aviation allowances,2018-05-08,https://www.hedgeweek.com/sites/default/files/styles/facebook_200_square/public/image_library/Transport/Airplane.jpg,hedgeweek.com,English,United States,1,11,eu_ets_strong;eu_context;carbon_terms=3,NO,-1,"[""NO"", ""NO"", ""NO""]","[""Auction calendar release is informational, not indicative of future price movement or policy shifts."", ""Auction calendar release is informational, not indicative of future price movement or policy shifts."", ""Auction calendar release is informational, not indicative of future price movement or policy shifts.""]",2,1.0,-0.2,-0.2,"[2, 2, 2]"
998,http://www.theenergycollective.com/oliver-geden/2432857/eu-policy-must-wake-up-to-carbon-dioxide-removal,,EU Policy Must Wake Up to Carbon Dioxide Removal,2018-05-10,,theenergycollective.com,English,United States,1,3,eu_context;carbon_terms=1,YES,1,"[""YES"", ""YES"", ""YES""]","[""Policy shift toward CO2 removal signals potential price support via enhanced compliance costs."", ""Policy shift toward CO2 removal signals potential price support via enhanced compliance costs."", ""Policy shift toward CO2 removal signals potential price support via enhanced compliance costs.""]",7,1.0,0.7,0.7,"[7, 7, 7]"
1004,https://www.argusmedia.com/en/bioenergy,,"Bioenergy market prices , forecasts & analysis",2018-05-12,,argusmedia.com,English,United States,1,2,carbon_terms=2,NO,-1,"[""NO"", ""NO"", ""NO""]","[""Bioenergy market prices may influence EU ETS via carbon intensity adjustments but lack direct price linkage to ETS."", ""Bioenergy market prices may influence EU ETS via carbon intensity adjustments but lack direct price linkage to ETS."", ""Bioenergy market prices may influence EU ETS via carbon intensity adjustments but lack direct price linkage to ETS.""]",3,1.0,-0.3,-0.3,"[3, 3, 3]"
1010,https://www.reuters.com/article/us-europe-carbontrading/eu-to-withhold-16-percent-of-carbon-permits-next-year-to-curb-oversupply-idUSKCN1IG2SA,https://mobile.reuters.com/article/amp/idUSKCN1IG2SA,EU to withhold 16 percent of carbon permits next year to curb oversupply,2018-05-15,https://s4.reutersmedia.net/resources_v2/images/rcom-default.png,reuters.com,English,United States,1,5,eu_context;carbon_terms=3,YES,1,"[""YES"", ""YES"", ""YES""]","[""Withholding permits reduces supply, likely pushing prices higher in the short term."", ""Withholding permits reduces supply, likely pushing prices higher in the short term."", ""Withholding permits reduces supply, likely pushing prices higher in the short term.""]",8,1.0,0.8,0.8,"[8, 8, 8]"
1016,http://www.brusselstimes.com/belgium/11359/one-fifth-of-belgian-energy-to-be-green-by-2030,,The Brussels Times,2018-05-18,http://www.brusselstimes.com/media/k2/items/cache/81feefa3610ff1bb375a54890016910a_S.jpg,brusselstimes.com,English,Belgium,1,2,eu_context,NO,-1,"[""NO"", ""NO"", ""NO""]","[""Lack of specific content in headline prevents meaningful price impact assessment."", ""Lack of specific content in headline prevents meaningful price impact assessment."", ""Lack of specific content in headline prevents meaningful price impact assessment.""]",3,1.0,-0.3,-0.3,"[3, 3, 3]"
1022,https://www.platts.com/latest-news/electric-power/london/european-power-contracts-hit-fresh-yearly-highs-27985003,,European power contracts hit fresh yearly highs on bullish energy - Electric Power,2018-05-22,,platts.com,English,China,1,3,eu_context;energy_driver,YES,1,"[""YES"", ""YES"", ""YES""]","[""Bullish energy sentiment often drives up demand for carbon allowances, supporting EU ETS prices."", ""Bullish energy sentiment often drives up demand for carbon allowances, supporting EU ETS prices."", ""Bullish energy sentiment often drives up demand for carbon allowances, supporting EU ETS prices.""]",7,1.0,0.7,0.7,"[7, 7, 7]"
1028,http://carbon-pulse.com/52831/,,EU registry to be temporarily suspended for 48 hours in early June « Carbon Pulse,2018-05-24,,carbon-pulse.com,English,China,1,3,eu_context;carbon_terms=1,NO,-1,"[""NO"", ""NO"", ""NO""]","[""Temporary suspension may cause minor volatility but unlikely to trigger major price shifts."", ""Temporary suspension may cause minor volatility but unlikely to trigger major price shifts."", ""Temporary suspension may cause minor volatility but unlikely to trigger major price shifts.""]",3,1.0,-0.3,-0.3,"[3, 3, 3]"
1034,https://oilvoice.com:443/Press/17487/A-succinct-overview-of-Europe-oil-filled-distribution-transformer-market-with-a-regional-frame-of-reference-capacity-expansion-strategies-to-character,,"A succinct overview of Europe oil filled distribution transformer market with a regional frame of reference , capacity expansion strategies to characterize industry growth over 2018 - 2024",2018-05-27,,oilvoice.com,English,United States,2,4,eu_context;carbon_terms=1;energy_driver,NO,-1,"[""NO"", ""NO"", ""NO""]","[""Transformer market growth is unlikely to directly impact EU ETS prices in the short term."", ""Transformer market growth is unlikely to directly impact EU ETS prices in the short term."", ""Transformer market growth is unlikely to directly impact EU ETS prices in the short term.""]",2,1.0,-0.2,-0.2,"[2, 2, 2]"
1040,http://fr.euronews.com/2018/05/29/commerce-l-union-europeenne-fait-pression-sur-donald-trump,/amp/2018/05/29/commerce-l-union-europeenne-fait-pression-sur-donald-trump,Commerce : lUnion européenne fait pression sur Donald Trump,2018-05-29,,fr.euronews.com,English,United States,1,2,eu_context,NO,-1,"[""NO"", ""NO"", ""NO""]","[""EU pressure on Trump may indirectly affect trade policies, but no direct link to EU ETS pricing is evident."", ""EU pressure on Trump may indirectly affect trade policies, but no direct link to EU ETS pricing is evident."", ""EU pressure on Trump may indirectly affect trade policies, but no direct link to EU ETS pricing is evident.""]",3,1.0,-0.3,-0.3,"[3, 3, 3]"
1046,https://www.computerworld.com/article/3277207/blockchain/now-blockchain-can-turn-carbon-credits-into-tokens-for-trading.html,https://www.computerworld.com/article/3277207/blockchain/now-blockchain-can-turn-carbon-credits-into-tokens-for-trading.amp.html,"Now , blockchain can turn carbon credits into tokens for trading",2018-05-31,,computerworld.com,English,United States,1,2,carbon_terms=2,YES,1,"[""YES"", ""YES"", ""YES""]","[""Blockchain adoption may enhance transparency and liquidity, potentially boosting ETS prices."", ""Blockchain adoption may enhance transparency and liquidity, potentially boosting ETS prices."", ""Blockchain adoption may enhance transparency and liquidity, potentially boosting ETS prices.""]",7,1.0,0.7,0.7,"[7, 7, 7]"
1052,https://af.reuters.com/article/energyOilNews/idAFL5N1T624J,,EU pushes back against weakening of aviation emissions deal | Energy & Oil,2018-06-05,https://s4.reutersmedia.net/resources_v2/images/rcom-default.png,af.reuters.com,English,United States,1,5,eu_context;carbon_terms=2;energy_driver,YES,1,"[""YES"", ""YES"", ""YES""]","[""EU\u2019s stance signals potential policy support that could stabilize or lift aviation-related ETS prices."", ""EU\u2019s stance signals potential policy support that could stabilize or lift aviation-related ETS prices."", ""EU\u2019s stance signals potential policy support that could stabilize or lift aviation-related ETS prices.""]",7,1.0,0.7,0.7,"[7, 7, 7]"
1058,https://www.platts.com/latest-news/coal/london/co2-trading-group-ieta-warns-on-carbon-floor-26970220,,CO2 trading group IETA warns on carbon floor price risk - Coal,2018-06-07,,platts.com,English,China,1,4,carbon_terms=3;energy_driver,NO,-1,"[""NO"", ""NO"", ""NO""]","[""IETA\u2019s warning signals potential market pressure on coal-related emissions, which could affect floor price dynamics."", ""IETA\u2019s warning signals potential market pressure on coal-related emissions, which could affect floor price dynamics."", ""IETA\u2019s warning signals potential market pressure on coal-related emissions, which could affect floor price dynamics.""]",7,1.0,-0.7,-0.7,"[7, 7, 7]"
1064,https://www.forbes.com/sites/energyinnovation/2018/06/11/uneconomic-coal-could-be-squeezed-out-of-european-union-power-markets-by-2030/,https://www.forbes.com/sites/energyinnovation/2018/06/11/uneconomic-coal-could-be-squeezed-out-of-european-union-power-markets-by-2030/amp/,Uneconomic Coal Could Be Squeezed Out Of European Union Power Markets By 2030,2018-06-11,https://blogs-images.forbes.com/energyinnovation/files/2018/06/EU-coal-phase-out-dates.jpg,forbes.com,English,United States,1,4,eu_context;carbon_terms=1;energy_driver,YES,1,"[""YES"", ""YES"", ""YES""]","[""Coal phase-out pressure could drive higher carbon prices as EU ETS compliance tightens."", ""Coal phase-out pressure could drive higher carbon prices as EU ETS compliance tightens."", ""Coal phase-out pressure could drive higher carbon prices as EU ETS compliance tightens.""]",8,1.0,0.8,0.8,"[8, 8, 8]"
1070,https://www.finanznachrichten.de/nachrichten-2018-06/44042614-ambitious-decarbonisation-targets-will-radically-transform-the-dutch-power-system-by-2040-with-knock-on-effects-for-european-neighbours-008.htm,,Ambitious Decarbonisation Targets Will Radically Transform the Dutch Power System by 2040 With Knock - on Effects for European Neighbours,2018-06-13,https://fns1.de/g/fb.png,finanznachrichten.de,English,Germany,1,4,eu_context;carbon_terms=1;energy_driver,YES,1,"[""YES"", ""YES"", ""YES""]","[""Ambitious decarbonisation targets drive demand for clean energy and carbon credits, likely boosting EU ETS prices through increased compliance costs and emissions reductions."", ""Ambitious decarbonisation targets drive demand for clean energy and carbon credits, likely boosting EU ETS prices through increased compliance costs and emissions reductions."", ""Ambitious decarbonisation targets drive demand for clean energy and carbon credits, likely boosting EU ETS prices through increased compliance costs and emissions reductions.""]",7,1.0,0.7,0.7,"[7, 7, 7]"
1076,https://www.platts.com/latest-news/electric-power/london/eu-co2-prices-fall-as-renewable-energy-target-26975018,,EU CO2 prices fall as renewable energy target revised - Electric Power,2018-06-15,,platts.com,English,China,1,4,eu_context;carbon_terms=1;energy_driver,NO,-1,"[""NO"", ""NO"", ""NO""]","[""Renewable energy target revisions may reduce emissions demand, pressuring prices short-term."", ""Renewable energy target revisions may reduce emissions demand, pressuring prices short-term."", ""Renewable energy target revisions may reduce emissions demand, pressuring prices short-term.""]",7,1.0,-0.7,-0.7,"[7, 7, 7]"
1082,http://carbon-pulse.com/54169/,,"EU Market : Late selling knocks EUAs to fresh 1 - mth low , as traders eye options expiry « Carbon Pulse",2018-06-19,,carbon-pulse.com,English,China,1,10,eu_ets_strong;eu_context;carbon_terms=2,NO,-1,"[""NO"", ""NO"", ""NO""]","[""Late selling pressure suggests short-term bearish sentiment ahead of options expiry."", ""Late selling pressure suggests short-term bearish sentiment ahead of options expiry."", ""Late selling pressure suggests short-term bearish sentiment ahead of options expiry.""]",7,1.0,-0.7,-0.7,"[7, 7, 7]"
1088,http://www.emtv.com.pg/eu-agrees-final-energy-saving-renewables-targets/,,"EU agrees final energy saving , renewables targets – EMTV Online",2018-06-21,,emtv.com.pg,English,Papua New Guinea,1,2,eu_context,YES,1,"[""YES"", ""YES"", ""YES""]","[""Policy alignment with EU climate goals likely supports long-term ETS price stability and upward momentum."", ""Policy alignment with EU climate goals likely supports long-term ETS price stability and upward momentum."", ""Policy alignment with EU climate goals likely supports long-term ETS price stability and upward momentum.""]",7,1.0,0.7,0.7,"[7, 7, 7]"
1094,https://uk.reuters.com/article/europe-electricity/europe-power-prompt-prices-up-as-wind-supply-declines-demand-goes-up-idUKL8N1TR2TO,https://uk.mobile.reuters.com/article/amp/idUKL8N1TR2TO,"EUROPE POWER - Prompt prices up as wind supply declines , demand goes up",2018-06-25,https://s4.reutersmedia.net/resources_v2/images/rcom-default.png,uk.reuters.com,English,United States,2,4,eu_context;carbon_terms=1;energy_driver,YES,1,"[""YES"", ""YES"", ""YES""]","[""Wind supply decline increases scarcity, pushing prices up as demand rises."", ""Wind supply decline increases scarcity, pushing prices up as demand rises."", ""Wind supply decline increases scarcity, pushing prices up as demand rises.""]",7,1.0,0.7,0.7,"[7, 7, 7]"
1100,https://greennews.ie/eus-investment-in-lng-standing-against-decarbonisation/,,"EU investment in natural gas will do little to decarbonise shipping industry , study finds",2018-06-27,https://greennews.ie/wp3/wp-content/uploads/2017/02/fracking-rig-appalachan-voices.jpg,greennews.ie,English,Ireland,2,4,eu_context;carbon_terms=1;energy_driver,NO,-1,"[""NO"", ""NO"", ""NO""]","[""Natural gas investments may offer limited decarbonisation benefits for shipping, reducing pressure on EU ETS compliance."", ""Natural gas investments may offer limited decarbonisation benefits for shipping, reducing pressure on EU ETS compliance."", ""Natural gas investments may offer limited decarbonisation benefits for shipping, reducing pressure on EU ETS compliance.""]",3,1.0,-0.3,-0.3,"[3, 3, 3]"
1106,http://thestockincome.com/2018/06/28/global-gear-box-market-2018-perspective/,http://thestockincome.com/2018/06/28/global-gear-box-market-2018-perspective/amp/,"Global Gear Box Market 2018 Perspective - ABB , SEW Eurodrive",2018-06-29,https://i2.wp.com/thestockincome.com/wp-content/uploads/2018/06/global-gear-box-market.jpg?fit=600%2C400,thestockincome.com,English,United States,2,3,eu_context;carbon_terms=1,NO,-1,"[""NO"", ""NO"", ""NO""]","[""No direct link to EU ETS price movements or carbon trading mechanisms."", ""No direct link to EU ETS price movements or carbon trading mechanisms."", ""No direct link to EU ETS price movements or carbon trading mechanisms.""]",1,1.0,-0.1,-0.1,"[1, 1, 1]"
1112,https://www.starherald.com/news/nation_world/un-group-approves-standards-for-tracking-airline-emissions/article_26614cd5-f231-5d52-988b-2ec6ee7fbe4c.html,,UN group approves standards for tracking airline emissions | Nation / World,2018-07-01,https://bloximages.chicago2.vip.townnews.com/starherald.com/content/tncms/custom/image/fe715bfe-04a1-11e8-8b23-2b4c789bc3da.jpg?_dc=1517195446,starherald.com,English,United States,2,2,carbon_terms=2,YES,1,"[""YES"", ""YES"", ""YES""]","[""Sets a global benchmark that could pressure EU ETS compliance and drive demand for carbon credits."", ""Sets a global benchmark that could pressure EU ETS compliance and drive demand for carbon credits."", ""Sets a global benchmark that could pressure EU ETS compliance and drive demand for carbon credits.""]",7,1.0,0.7,0.7,"[7, 7, 7]"
1118,http://www.mondaq.com/unitedstates/x/714218/Environmental+Law/Global+Prices+On+Carbon+Allowances,,Global Prices On Carbon Allowances - Environment,2018-07-03,,mondaq.com,English,United States,1,4,carbon_terms=4,NO,-1,"[""NO"", ""NO"", ""NO""]","[""Global carbon prices are influenced by regional policies and market dynamics, not just environmental sentiment."", ""Global carbon prices are influenced by regional policies and market dynamics, not just environmental sentiment."", ""Global carbon prices are influenced by regional policies and market dynamics, not just environmental sentiment.""]",5,1.0,-0.5,-0.5,"[5, 5, 5]"
1124,http://www.4-traders.com/news/EEX-European-Energy-Exchange-Exchange-Council-backs-the-use-of-EEX-standard-power-contracts-for-PP--26879356/,http://www.4-traders.com/amp/news/EEX-European-Energy-Exchange-Exchange-Council-backs-the-use-of-EEX-standard-power-contracts-for-PP--26879356/,EEX European Energy Exchange,2018-07-05,,4-traders.com,English,United States,1,8,eu_ets_strong;eu_context,NO,-1,"[""NO"", ""NO"", ""NO""]","[""EEX is a trading platform, not a direct driver of EU ETS price movements."", ""EEX is a trading platform, not a direct driver of EU ETS price movements."", ""EEX is a trading platform, not a direct driver of EU ETS price movements.""]",3,1.0,-0.3,-0.3,"[3, 3, 3]"
1130,https://www.scmp.com/news/china/policies-politics/article/2125016/china-launches-worlds-biggest-carbon-trading-scheme,https://m.scmp.com/news/china/policies-politics/article/2125016/china-launches-worlds-biggest-carbon-trading-scheme?amp=1,China launches world biggest carbon - trading scheme in fight against climate change,2018-07-07,https://cdn3.i-scmp.com/sites/default/files/styles/620x356/public/images/methode/2017/12/20/efbe317c-e525-11e7-8ff5-d91dc767c75e_image_hires_113802.JPG?itok=zYehEBJI,scmp.com,English,China,1,2,carbon_terms=2,NO,-1,"[""NO"", ""NO"", ""NO""]","[""EU ETS may face competitive pressure from China\u2019s massive carbon market, altering global pricing dynamics."", ""EU ETS may face competitive pressure from China\u2019s massive carbon market, altering global pricing dynamics."", ""EU ETS may face competitive pressure from China\u2019s massive carbon market, altering global pricing dynamics.""]",7,1.0,-0.7,-0.7,"[7, 7, 7]"
1136,https://www.euractiv.com/section/climate-environment/news/mayors-urge-eu-to-aim-for-net-zero-emissions-by-2050/,,Mayors urge EU to aim for net - zero emissions by 2050 – EURACTIV . com,2018-07-09,https://www.euractiv.com/wp-content/uploads/sites/2/2018/07/EarthHour_Paris_2018-800x450.jpg,euractiv.com,English,United Kingdom,2,4,eu_context;carbon_terms=2,NO,-1,"[""NO"", ""NO"", ""NO""]","[""Mayors\u2019 calls for 2050 net-zero align with existing EU ETS policy but don\u2019t trigger immediate price shifts."", ""Mayors\u2019 calls for 2050 net-zero align with existing EU ETS policy but don\u2019t trigger immediate price shifts."", ""Mayors\u2019 calls for 2050 net-zero align with existing EU ETS policy but don\u2019t trigger immediate price shifts.""]",5,1.0,-0.5,-0.5,"[5, 5, 5]"
1142,https://af.reuters.com/article/commoditiesNews/idAFL8N1U63AS,,"EUROPE POWER - German curve benchmark off new record , day - ahead prices ease | Agricultural Commodities",2018-07-11,https://s4.reutersmedia.net/resources_v2/images/rcom-default.png,af.reuters.com,English,United States,1,4,eu_context;carbon_terms=1;energy_driver,NO,-1,"[""NO"", ""NO"", ""NO""]","[""German curve benchmark surge may signal short-term volatility but doesn\u2019t directly impact EU ETS price fundamentals."", ""German curve benchmark surge may signal short-term volatility but doesn\u2019t directly impact EU ETS price fundamentals."", ""German curve benchmark surge may signal short-term volatility but doesn\u2019t directly impact EU ETS price fundamentals.""]",3,1.0,-0.3,-0.3,"[3, 3, 3]"
1148,https://af.reuters.com/article/energyOilNews/idAFL8N1U92BB,,"EUROPE POWER - Monday contracts higher on expected wind lull , curve down | Energy & Oil",2018-07-13,https://s4.reutersmedia.net/resources_v2/images/rcom-default.png,af.reuters.com,English,United States,1,3,eu_context;energy_driver,YES,1,"[""YES"", ""YES"", ""YES""]","[""Wind lull expectations may temporarily boost power prices, but curve down suggests limited sustained impact."", ""Wind lull expectations may temporarily boost power prices, but curve down suggests limited sustained impact."", ""Wind lull expectations may temporarily boost power prices, but curve down suggests limited sustained impact.""]",7,1.0,0.7,0.7,"[7, 7, 7]"
1154,https://www.firstpost.com/world/china-eu-reaffirm-commitment-to-paris-climate-change-pact-vow-to-find-ways-to-cooperate-in-carbon-emissions-trading-4752231.html,https://www.firstpost.com/world/china-eu-reaffirm-commitment-to-paris-climate-change-pact-vow-to-find-ways-to-cooperate-in-carbon-emissions-trading-4752231.html/amp,"China , EU reaffirm commitment to Paris climate change pact , vow to find ways to cooperate in carbon emissions trading",2018-07-16,https://images.firstpost.com/wp-content/uploads/2018/07/China-EU-Reuters-social.jpg,firstpost.com,English,India,1,6,eu_context;carbon_terms=4,YES,1,"[""YES"", ""YES"", ""YES""]","[""EU-China cooperation could unlock new carbon trading opportunities and influence global pricing dynamics."", ""EU-China cooperation could unlock new carbon trading opportunities and influence global pricing dynamics."", ""EU-China cooperation could unlock new carbon trading opportunities and influence global pricing dynamics.""]",7,1.0,0.7,0.7,"[7, 7, 7]"
1160,http://carbon-pulse.com/55704/,,Brussels sets steel import limits to ease fears for EU producers  Carbon Pulse,2018-07-18,,carbon-pulse.com,English,China,1,3,eu_context;carbon_terms=1,YES,1,"[""YES"", ""YES"", ""YES""]","[""Steel import limits may boost EU producer sentiment and support ETS prices by reducing supply-side pressure."", ""Steel import limits may boost EU producer sentiment and support ETS prices by reducing supply-side pressure."", ""Steel import limits may boost EU producer sentiment and support ETS prices by reducing supply-side pressure.""]",7,1.0,0.7,0.7,"[7, 7, 7]"
1166,https://www.traveldailynews.com/post/finns-prefer-biofuels-and-carbon-captures-as-measures-want-to-directly-impact-co2-emissions-of-flying,,"Finns prefer biofuels and carbon captures as measures , want to directly impact CO2 emissions of flying",2018-07-20,https://www.traveldailynews.com/assets/thumbnails/e2/e2d3f0f3985096126528aa0220e1104c.jpg,traveldailynews.com,English,United States,1,3,carbon_terms=3,YES,1,"[""YES"", ""YES"", ""YES""]","[""Public preference for biofuels and carbon capture may drive policy and investment, influencing EU ETS demand."", ""Public preference for biofuels and carbon capture may drive policy and investment, influencing EU ETS demand."", ""Public preference for biofuels and carbon capture may drive policy and investment, influencing EU ETS demand.""]",7,1.0,0.7,0.7,"[7, 7, 7]"
1172,http://www.france24.com/en/20180725-eu-carmakers-inflating-emissions-skew-carbon-targets,http://m.france24.com/en/20180725-eu-carmakers-inflating-emissions-skew-carbon-targets,Flash - EU carmakers  inflating  emissions to skew carbon targets,2018-07-25,http://scd.france24.com/en/files/imagecache/home_1024/images/afp/1e34e5644be2955dd3e30c57a297063fbc6e9efb.jpg,france24.com,English,France,2,5,eu_context;carbon_terms=3,NO,-1,"[""NO"", ""NO"", ""NO""]","[""Emissions inflation could trigger regulatory scrutiny and penalties, potentially driving up compliance costs and ETS prices."", ""Emissions inflation could trigger regulatory scrutiny and penalties, potentially driving up compliance costs and ETS prices."", ""Emissions inflation could trigger regulatory scrutiny and penalties, potentially driving up compliance costs and ETS prices.""]",7,1.0,-0.7,-0.7,"[7, 7, 7]"
1178,https://www.imperial.ac.uk/news/187430/wind-solar-power-could-provide-more/,,Wind and solar power could provide more than a third of Europe energy by 2030 | Imperial News,2018-07-27,https://www.imperial.ac.uk/ImageCropToolT4/imageTool/uploaded-images/newseventsimage_1532626145272_mainnews2012_x1.jpg,imperial.ac.uk,English,United Kingdom,2,3,eu_context;energy_driver,YES,1,"[""YES"", ""YES"", ""YES""]","[""Rapid renewable deployment could reduce EU ETS emissions, pressuring prices downward."", ""Rapid renewable deployment could reduce EU ETS emissions, pressuring prices downward."", ""Rapid renewable deployment could reduce EU ETS emissions, pressuring prices downward.""]",7,1.0,0.7,0.7,"[7, 7, 7]"
1184,https://www.independent.co.uk/news/uk/blue-badge-parking-permit-hidden-disability-autism-disabled-driving-a8467536.html,https://www.independent.co.uk/news/uk/blue-badge-parking-permit-hidden-disability-autism-disabled-driving-a8467536.html?amp,Blue badges : united kingdom charities welcome introduction of parking permits for people with  hidden disabilities  ,2018-07-29,https://static.independent.co.uk/s3fs-public/thumbnails/image/2018/07/28/10/blue-badge-parking.jpg,independent.co.uk,English,United Kingdom,2,2,carbon_terms=2,NO,-1,"[""NO"", ""NO"", ""NO""]","[""Irrelevant to EU ETS market dynamics or carbon pricing."", ""No direct link to EU ETS market dynamics or carbon pricing mechanisms."", ""No direct link to EU ETS market dynamics or carbon pricing mechanisms.""]",1,1.0,-0.1,-0.1,"[1, 1, 1]"
1190,https://af.reuters.com/article/energyOilNews/idAFL5N1UR2RA,,EUROPE POWER - Day - ahead prices flat to higher on production restraints | Energy & Oil,2018-07-31,https://s4.reutersmedia.net/resources_v2/images/rcom-default.png,af.reuters.com,English,United States,2,4,eu_context;carbon_terms=1;energy_driver,YES,1,"[""YES"", ""YES"", ""YES""]","[""Production restraints likely support higher prices in the short term."", ""Production restraints likely support higher prices in the short term."", ""Production restraints likely support higher prices in the short term.""]",7,1.0,0.7,0.7,"[7, 7, 7]"
1196,https://www.kyivpost.com/article/opinion/op-ed/euan-macdonald-ukraines-friend-foe-of-the-week-11.html,,Euan MacDonald : Ukraine Friend & Foe of the Week,2018-08-02,https://www.kyivpost.com/wp-content/uploads/2018/08/04_Orkhan-Djemal-Jarom%C3%ADr-Kohl%C3%AD%C4%8Dek-usti.idnes_.cz_.jpg,kyivpost.com,English,Ukraine,2,6,eu_ets_strong,NO,-1,"[""NO"", ""NO"", ""NO""]","[""Euan MacDonald\u2019s commentary on Ukraine is unlikely to directly influence EU ETS pricing mechanics or market sentiment."", ""Euan MacDonald\u2019s commentary on Ukraine is unlikely to directly influence EU ETS pricing mechanics or market sentiment."", ""Euan MacDonald\u2019s commentary on Ukraine is unlikely to directly influence EU ETS pricing mechanics or market sentiment.""]",1,1.0,-0.1,-0.1,"[1, 1, 1]"
1202,http://www.khaleejtimes.com/editorials-columns/china-is-eus-new-ally-in-its-fight-against-climate-change,https://m.khaleejtimes.com,China is EU new ally in its fight against climate change,2018-08-04,https://www.khaleejtimes.com/assets/jpg/KT1585678.JPG,khaleejtimes.com,English,United Arab Emirates,1,2,eu_context,NO,-1,"[""NO"", ""NO"", ""NO""]","[""EU ETS price may be affected by China\u2019s climate policy alignment, but short-term impact is uncertain."", ""EU ETS price may be affected by China\u2019s climate policy alignment, but short-term impact is uncertain."", ""EU ETS price may be affected by China\u2019s climate policy alignment, but short-term impact is uncertain.""]",3,1.0,-0.3,-0.3,"[3, 3, 3]"
1208,http://www.southwalesargus.co.uk/news/16399889.green-light-for-35m-eu-backed-low-carbon-energy-storage-initiative/,,Green light for 3 . 5m EU - backed low carbon energy storage initiative,2018-08-06,http://www.southwalesargus.co.uk/resources/images/5895027/,southwalesargus.co.uk,English,United Kingdom,2,3,eu_context;carbon_terms=1,YES,1,"[""YES"", ""YES"", ""YES""]","[""Supports long-term EU ETS demand via low-carbon storage projects, likely boosting prices."", ""Supports long-term EU ETS demand via low-carbon storage projects, likely boosting prices."", ""Supports long-term EU ETS demand via low-carbon storage projects, likely boosting prices.""]",7,1.0,0.7,0.7,"[7, 7, 7]"
1214,https://www.energycentral.com/c/og/carbon-monoxide-alarms-market-report-company-trend-share-application-forecast,,"Carbon Monoxide Alarms Market Report By Company , Trend , Share , Application , Forecast 2018 - 2025",2018-08-08,,energycentral.com,English,United States,2,2,carbon_terms=2,NO,-1,"[""NO"", ""NO"", ""NO""]","[""Carbon monoxide alarms are unrelated to EU ETS carbon pricing mechanisms."", ""Carbon monoxide alarms are unrelated to EU ETS carbon pricing mechanisms."", ""Carbon monoxide alarms are unrelated to EU ETS carbon pricing mechanisms.""]",1,1.0,-0.1,-0.1,"[1, 1, 1]"
1220,http://www.mondovisione.com/media-and-resources/news/eex-clarification-concerning-2018-auction-calendar-for-eu-allowances-eua-for/,,EEX : Clarification Concerning 2018 Auction Calendar For EU Allowances ( EUA ) For Germany – German Auctions On Renewed Opt - Out Platform Expected To Resume In The Course Of Q1 2019,2018-08-14,,mondovisione.com,English,United States,1,12,eu_ets_strong;eu_context;carbon_terms=4,NO,-1,"[""NO"", ""NO"", ""NO""]","[""Resuming auctions on the renewed opt-out platform may slightly affect market liquidity but doesn't signal major price shifts."", ""Resuming auctions on the renewed opt-out platform may slightly affect market liquidity but doesn't signal major price shifts."", ""Resuming auctions on the renewed opt-out platform may slightly affect market liquidity but doesn't signal major price shifts.""]",3,1.0,-0.3,-0.3,"[3, 3, 3]"
1226,http://carbon-pulse.com/57130/,,EU Market : EUAs dip below €18 following week - long bull run « Carbon Pulse,2018-08-16,,carbon-pulse.com,English,China,1,10,eu_ets_strong;eu_context;carbon_terms=2,NO,-1,"[""NO"", ""NO"", ""NO""]","[""Short-term price dip may reflect temporary market sentiment shift after prolonged rally."", ""Short-term price dip may reflect temporary market sentiment shift after prolonged rally."", ""Short-term price dip may reflect temporary market sentiment shift after prolonged rally.""]",6,1.0,-0.6,-0.6,"[6, 6, 6]"
1232,https://www.theguardian.com/australia-news/2018/aug/20/malcolm-turnbulls-emissions-backflip-sends-signal-that-climate-change-is-not-real,https://amp.theguardian.com/australia-news/2018/aug/20/malcolm-turnbulls-emissions-backflip-sends-signal-that-climate-change-is-not-real,Malcolm Turnbull emissions backflip sends signal that climate change is not real | Erwin Jackson,2018-08-20,https://i.guim.co.uk/img/media/baad73eee5cd3f7f9213267af3c3f4b3f714163c/0_313_4719_2832/master/4719.jpg?&q=55&auto=format&usm=12&fit=crop&crop=faces%2Centropy&bm=normal&ba=bottom%2Cleft&blend64=aHR0cHM6Ly9hc3NldHMuZ3VpbS5jby51ay9pbWFnZXMvb3ZlcmxheXMvNTM4OGZjODViNTQ0N2E4M2NmMWNlMTg5YTVhMjE1NzMvdGctb3BpbmlvbnMucG5n&s=a45555b652edebc683b51326925cf630,theguardian.com,English,United Kingdom,1,2,carbon_terms=2,NO,-1,"[""NO"", ""NO"", ""NO""]","[""Political rhetoric undermines investor confidence in climate policy consistency."", ""Political rhetoric undermines investor confidence in climate policy consistency."", ""Political rhetoric undermines investor confidence in climate policy consistency.""]",3,1.0,-0.3,-0.3,"[3, 3, 3]"
1238,https://centreforaviation.com/members/direct-news/european-regions-airline-association-associations-urge-ec-to-align-eu-ets-mrv-requirements-434517,,European Regions Airline Association : Associations urge EC to align EU ETS MRV requirements,2018-08-22,,centreforaviation.com,English,China,1,8,eu_ets_strong;eu_context,NO,-1,"[""NO"", ""NO"", ""NO""]","[""MRV alignment could affect compliance costs and emissions reporting, but short-term price impact is uncertain."", ""MRV alignment could delay compliance, but short-term price impact is uncertain without policy clarity."", ""MRV alignment could delay compliance, but short-term price impact is uncertain without policy clarity.""]",5,1.0,-0.5,-0.5,"[5, 5, 5]"
1244,https://www.bloomberg.com/news/articles/2018-08-24/pollution-costs-at-decade-high-squeeze-industry-coal-in-europe,https://www.bloomberg.com/amp/news/articles/2018-08-24/pollution-costs-at-decade-high-squeeze-industry-coal-in-europe,"Pollution Costs at Decade High Squeeze Industry , Coal in Europe",2018-08-24,https://assets.bwbx.io/images/users/iqjWHBFdfxIU/iJkGQMaImpRk/v1/1200x800.jpg,bloomberg.com,English,United States,1,3,eu_context;energy_driver,YES,1,"[""YES"", ""YES"", ""YES""]","[""High pollution costs and coal sector pressure likely to drive EU ETS prices upward."", ""High pollution costs and coal sector pressure likely to drive EU ETS prices upward."", ""High pollution costs and coal sector pressure likely to drive EU ETS prices upward.""]",8,1.0,0.8,0.8,"[8, 8, 8]"
1250,https://af.reuters.com/article/energyOilNews/idAFF9N1U7014,,No switch to gas - to - power in Germany at 20 eur / t CO2 - Uniper CFO | Energy & Oil,2018-08-28,https://s4.reutersmedia.net/resources_v2/images/rcom-default.png,af.reuters.com,English,United States,1,3,eu_context;energy_driver,NO,-1,"[""NO"", ""NO"", ""NO""]","[""Lack of gas-to-power switch at 20 EUR/t CO2 suggests demand for carbon credits may remain stable, but could be offset by broader market dynamics."", ""Lack of gas-to-power switch at 20 EUR/t CO2 suggests demand for carbon credits may remain stable, but could be offset by broader market dynamics."", ""Lack of gas-to-power switch at 20 EUR/t CO2 suggests demand for carbon credits may remain stable, but could be offset by broader market dynamics.""]",7,1.0,-0.7,-0.7,"[7, 7, 7]"
1256,https://www.forbes.com/sites/davekeating/2018/08/31/eu-carbon-trading-is-working-again-and-power-prices-are-rising/,,EU Carbon Trading Is Working Again - And Power Prices Are Rising,2018-08-31,https://specials-images.forbesimg.com/dam/imageserve/34326861/640x434.jpg?fit=scale,forbes.com,English,United States,1,6,eu_context;carbon_terms=3;energy_driver,YES,1,"[""YES"", ""YES"", ""YES""]","[""Rising power prices signal increased carbon cost pressure, likely boosting EU ETS demand."", ""Rising power prices signal increased carbon cost pressure, likely boosting EU ETS demand."", ""Rising power prices signal increased carbon cost pressure, likely boosting EU ETS demand.""]",7,1.0,0.7,0.7,"[7, 7, 7]"
1262,https://www.euractiv.com/section/climate-environment/news/uk-eu-urged-to-continue-energy-and-climate-cooperation-after-brexit/,,"UK , EU urged to continue energy and climate cooperation after Brexit",2018-09-04,https://www.euractiv.com/wp-content/uploads/sites/2/2018/09/Wind-farm_Cromer-800x450.jpg,euractiv.com,English,United Kingdom,1,2,eu_context,YES,1,"[""YES"", ""YES"", ""YES""]","[""EU-UK cooperation may stabilize or support ETS prices through continued policy alignment."", ""EU-UK cooperation may stabilize or support ETS prices through continued policy alignment."", ""EU-UK cooperation may stabilize or support ETS prices through continued policy alignment.""]",7,1.0,0.7,0.7,"[7, 7, 7]"
1268,http://www.petroleum-economist.com/articles/low-carbon-energy/renewables/2018/eu-carbon-prices-rocket,,EU carbon prices rocket,2018-09-07,http://www.petroleum-economist.com/media/5631/carbonsmall.png?mode=pad&format=jpg&quality=90&slimmage=true&rnd=131807689880000000,petroleum-economist.com,English,Saudi Arabia,1,4,eu_context;carbon_terms=2,YES,1,"[""YES"", ""YES"", ""YES""]","[""Short-term price surge signals strong market demand or regulatory tightening."", ""Short-term price surge signals strong market demand or regulatory tightening."", ""Short-term price surge signals strong market demand or regulatory tightening.""]",10,1.0,1.0,1.0,"[10, 10, 10]"
1274,https://www.euractiv.com/section/energy/interview/french-analyst-nord-stream-2-wont-be-built-as-planned/,,French analyst :  Nord Stream 2 wont be built as planned  – EURACTIV . com,2018-09-11,https://www.euractiv.com/wp-content/uploads/sites/2/2018/09/Nord-Stream-workers-800x450.jpg,euractiv.com,English,United Kingdom,1,2,eu_context,NO,-1,"[""NO"", ""NO"", ""NO""]","[""Nord Stream 2\u2019s delay may reduce EU gas import diversification concerns, potentially easing ETS price pressure."", ""Nord Stream 2\u2019s delay may reduce EU gas import diversification concerns, potentially easing ETS price pressure."", ""Nord Stream 2\u2019s delay may reduce EU gas import diversification concerns, potentially easing ETS price pressure.""]",3,1.0,-0.3,-0.3,"[3, 3, 3]"
1280,https://industrytoday.co.uk/market-research-industry-today/emission-trading-schemes-market-segmentation-parameters-and-prospects-2018-to-2023-market-research-report,,"Emission Trading Schemes Market Segmentation , Parameters and Prospects 2018 to 2023 Market Research Report",2018-09-14,,industrytoday.co.uk,English,United Kingdom,1,3,carbon_terms=3,NO,-1,"[""NO"", ""NO"", ""NO""]","[""Market segmentation details may influence policy but don\u2019t directly signal short-term price movement."", ""Market segmentation details may influence policy but don\u2019t directly signal short-term price movement."", ""Market segmentation details may influence policy but don\u2019t directly signal short-term price movement.""]",3,1.0,-0.3,-0.3,"[3, 3, 3]"
1286,http://www.petroleum-economist.com/articles/low-carbon-energy/renewables/2018/record-volatility-roils-eu-carbon-markets,,Record volatility roils EU carbon markets,2018-09-18,http://www.petroleum-economist.com/media/5657/carbon-small.jpg?mode=pad&format=jpg&quality=90&slimmage=true&rnd=131817215050000000,petroleum-economist.com,English,Saudi Arabia,1,5,eu_context;carbon_terms=2;energy_driver,YES,1,"[""YES"", ""YES"", ""YES""]","[""Volatility often precedes price reversals or breakout trends in carbon markets."", ""Volatility often precedes price reversals or breakout trends in carbon markets."", ""Volatility often precedes price reversals or breakout trends in carbon markets.""]",7,1.0,0.7,0.7,"[7, 7, 7]"
1292,https://af.reuters.com/article/energyOilNews/idAFL8N1W70MJ,,Polish household electricity price will not change - energy ministry | Energy & Oil,2018-09-21,https://s4.reutersmedia.net/resources_v2/images/rcom-default.png,af.reuters.com,English,United States,1,2,carbon_terms=1;energy_driver,NO,-1,"[""NO"", ""NO"", ""NO""]","[""Polish household electricity price stability may not directly affect EU ETS pricing, as ETS is primarily driven by industrial emissions and policy, not residential rates."", ""Polish household electricity price stability may not directly affect EU ETS pricing, as ETS is primarily driven by industrial emissions and policy, not residential rates."", ""Polish household electricity price stability may not directly affect EU ETS pricing, as ETS is primarily driven by industrial emissions and policy, not residential rates.""]",3,1.0,-0.3,-0.3,"[3, 3, 3]"
1298,http://www.eurasiareview.com/24092018-emissions-from-most-diesel-cars-in-europe-greatly-exceed-laboratory-testing-levels/,,Emissions From Most Diesel Cars In Europe Greatly Exceed Laboratory Testing Levels,2018-09-24,https://i0.wp.com/www.eurasiareview.com/wp-content/uploads/2017/06/a-38.jpg?fit=825%2C510,eurasiareview.com,English,United States,2,4,eu_context;carbon_terms=2,YES,1,"[""YES"", ""YES"", ""YES""]","[""This undermines regulatory credibility and may trigger stricter compliance or penalties, boosting ETS demand."", ""This undermines regulatory credibility and may trigger stricter compliance or penalties, boosting ETS demand."", ""This undermines regulatory credibility and may trigger stricter compliance or penalties, boosting ETS demand.""]",8,1.0,0.8,0.8,"[8, 8, 8]"
1304,https://www.axios.com/rising-co2-prices-in-eu-to-reduce-emissions-add-to-market-uncertainty-a0e05e40-d1db-49a7-84ee-97334d88e37e.html,,"Rising CO2 prices in EU to reduce emissions , add to market uncertainty",2018-09-26,https://images.axios.com/_1Kl_gwbaw22uV5SNcXFNKyxcNY=/0x62:4000x2312/1920x1080/2018/09/24/1537820151442.jpg,axios.com,English,United States,1,6,eu_context;carbon_terms=4,YES,1,"[""YES"", ""YES"", ""YES""]","[""Higher prices signal tightening policy, increasing market volatility and emission reduction pressure."", ""Higher prices signal tightening policy, increasing market volatility and emission reduction pressure."", ""Higher prices signal tightening policy, increasing market volatility and emission reduction pressure.""]",8,1.0,0.8,0.8,"[8, 8, 8]"
1310,https://www.businesswire.com/news/home/20180930005020/en/Explorance-Doubles-European-Higher-Education-Client-Base,,Explorance Doubles European Higher - Education Client Base,2018-10-01,,businesswire.com,English,United States,1,2,eu_context,NO,-1,"[""NO"", ""NO"", ""NO""]","[""Explorance\u2019s expansion in higher education is unlikely to directly affect EU ETS pricing, as it\u2019s not a major emitter or policy actor."", ""Explorance\u2019s expansion in higher education is unlikely to directly affect EU ETS pricing, as it\u2019s not a major emitter or policy actor."", ""Explorance\u2019s expansion in higher education is unlikely to directly affect EU ETS pricing, as it\u2019s not a major emitter or policy actor.""]",2,1.0,-0.2,-0.2,"[2, 2, 2]"
1316,http://europa.eu/rapid/press-release_SPEECH-18-6084_en.htm,,European Commission - PRESS RELEASES - Press release - Vice - President Šefčovič at the  Energy Union in motion - Cohesion Policy supporting Coal Regions in Transition  event,2018-10-10,,europa.eu,English,Greece,1,3,eu_context;energy_driver,NO,-1,"[""NO"", ""NO"", ""NO""]","[""Cohesion Policy for coal regions may delay or soften emissions reductions, potentially dampening ETS demand short-term."", ""Cohesion Policy for coal regions may delay or soften emissions reductions, potentially dampening ETS demand short-term."", ""Cohesion Policy for coal regions may delay or soften emissions reductions, potentially dampening ETS demand short-term.""]",3,1.0,-0.3,-0.3,"[3, 3, 3]"
1322,http://www.arabnews.com/node/1387141,,"Europe and Asia get together , with a lot to talk about",2018-10-13,http://www.arabnews.com/sites/default/files/2018/10/10/1297706-1539173901-1005366.png,arabnews.com,English,Saudi Arabia,1,2,eu_context,NO,-1,"[""NO"", ""NO"", ""NO""]","[""The headline suggests diplomatic engagement but lacks specific policy or market-moving details to influence short-term EU ETS prices."", ""The headline suggests diplomatic engagement but lacks specific policy or market-moving details to influence short-term EU ETS prices."", ""The headline suggests diplomatic engagement but lacks specific policy or market-moving details to influence short-term EU ETS prices.""]",3,1.0,-0.3,-0.3,"[3, 3, 3]"
1328,https://www.icis.com/resources/news/2018/10/16/10266012/uk-government-puts-forward-eu-ets-contingency-planning-for-no-deal-scenario/,,UK government puts forward EU ETS contingency planning for no deal scenario,2018-10-16,,icis.com,English,China,1,8,eu_ets_strong;eu_context,YES,1,"[""YES"", ""YES"", ""YES""]","[""Contingency planning signals potential regulatory adjustments that could influence EU ETS pricing in a no-deal scenario."", ""Contingency planning signals potential regulatory adjustments that could influence EU ETS pricing in a no-deal scenario."", ""Contingency planning signals potential regulatory adjustments that could influence EU ETS pricing in a no-deal scenario.""]",7,1.0,0.7,0.7,"[7, 7, 7]"
1334,https://www.msn.com/en-us/finance/markets/energy-firms-green-groups-call-for-strong-uk-carbon-price-to-keep-coal-at-bay/ar-BBOxBZw,,"Energy firms , green groups call for strong united kingdom carbon price to keep coal at bay",2018-10-18,,msn.com,English,United States,1,3,carbon_terms=2;energy_driver,YES,1,"[""YES"", ""YES"", ""YES""]","[""Strong UK carbon price could influence EU ETS via cross-border emissions and policy alignment."", ""Strong UK carbon price could influence EU ETS via cross-border emissions and policy alignment."", ""Strong UK carbon price could influence EU ETS via cross-border emissions and policy alignment.""]",7,1.0,0.7,0.7,"[7, 7, 7]"
1340,https://gulfnews.com/opinion/thinkers/europe-and-asia-ally-against-america-first-1.2291852,http://m.gulfnews.com/amp/opinion/thinkers/europe-and-asia-ally-against-america-first-1.2291852,Europe and Asia ally against  America First  ,2018-10-20,https://static.gulfnews.com/polopoly_fs/1.2291851!/image/1218716354.jpg_gen/derivatives/box_460346/1218716354.jpg,gulfnews.com,English,United Arab Emirates,1,2,eu_context,NO,-1,"[""NO"", ""NO"", ""NO""]","[""Geopolitical alignment may influence carbon policy but lacks direct market signal for EU ETS."", ""Geopolitical alignment may influence carbon policy but lacks direct market signal for EU ETS."", ""Geopolitical alignment may influence carbon policy but lacks direct market signal for EU ETS.""]",3,1.0,-0.3,-0.3,"[3, 3, 3]"
1346,https://www.windpowermonthly.com/article/1497058/auctions-drive-growth-eastern-europe,,Auctions to drive growth in eastern Europe,2018-10-24,https://cached.imagescaler.hbpl.co.uk/resize/scaleHeight/150/cached.offlinehbpl.hbpl.co.uk/news/OPW/InvenergyDobieslawWindPoland-20181024093307454.jpg,windpowermonthly.com,English,United States,2,4,eu_context;carbon_terms=2,YES,1,"[""YES"", ""YES"", ""YES""]","[""Auctions can incentivize cleaner tech adoption and increase demand, potentially boosting EU ETS prices in eastern Europe."", ""Auctions can incentivize cleaner tech adoption and increase demand, potentially boosting EU ETS prices in eastern Europe."", ""Auctions can incentivize cleaner tech adoption and increase demand, potentially boosting EU ETS prices in eastern Europe.""]",7,1.0,0.7,0.7,"[7, 7, 7]"
1352,https://sciencebusiness.net/network-news/eua-denounces-dismantling-university-autonomy-hungary,,EUA denounces dismantling of university autonomy in Hungary | Science,2018-10-26,,sciencebusiness.net,English,United Kingdom,1,6,eu_ets_strong,NO,-1,"[""NO"", ""NO"", ""NO""]","[""Carbon trading is not directly affected by university autonomy policies in Hungary."", ""Carbon trading is not directly affected by university autonomy policies in Hungary."", ""Carbon trading is not directly affected by university autonomy policies in Hungary.""]",1,1.0,-0.1,-0.1,"[1, 1, 1]"
1358,http://www.koreatimes.co.kr/www/opinion/2018/10/197_257706.html,,Europe and Asia ally against  America first  ,2018-10-28,,koreatimes.co.kr,English,South Korea,1,2,eu_context,NO,-1,"[""NO"", ""NO"", ""NO""]","[""Geopolitical alignment may influence carbon policy but lacks direct market signal for EU ETS."", ""Geopolitical alignment may influence carbon policy but lacks direct market signal for EU ETS."", ""Geopolitical alignment may influence carbon policy but lacks direct market signal for EU ETS.""]",3,1.0,-0.3,-0.3,"[3, 3, 3]"
1364,https://af.reuters.com/article/commoditiesNews/idAFL8N1XA4T1,,EUROPE POWER - German day - ahead price lifted by forecast fall in wind power | Agricultural Commodities,2018-10-30,https://s4.reutersmedia.net/resources_v2/images/rcom-default.png,af.reuters.com,English,United States,2,4,eu_context;carbon_terms=1;energy_driver,YES,1,"[""YES"", ""YES"", ""YES""]","[""Wind power forecast decline may boost EU ETS prices due to reduced renewable supply."", ""Wind power forecast decline may boost EU ETS prices due to reduced renewable supply."", ""Wind power forecast decline may boost EU ETS prices due to reduced renewable supply.""]",7,1.0,0.7,0.7,"[7, 7, 7]"
1370,http://www.mondovisione.com/media-and-resources/news/eex-to-conduct-secondary-market-auction-for-emission-allowances-on-behalf-of-lat/,,EEX To Conduct Secondary Market Auction For Emission Allowances On Behalf Of Latvia,2018-11-01,,mondovisione.com,English,United States,1,10,eu_ets_strong;carbon_terms=5,NO,-1,"[""NO"", ""NO"", ""NO""]","[""Latvia\u2019s secondary auction may slightly increase liquidity but doesn\u2019t signal major price shifts in EU ETS."", ""Latvia\u2019s secondary auction may slightly increase liquidity but doesn\u2019t signal major price shifts in EU ETS."", ""Latvia\u2019s secondary auction may slightly increase liquidity but doesn\u2019t signal major price shifts in EU ETS.""]",3,1.0,-0.3,-0.3,"[3, 3, 3]"
1376,https://www.aogdigital.com/subsea/item/7794-european-consortium-to-convert-coalfired-power-plant-to-biomass,,European Consortium to Convert Coal - Fired Power Plant to Biomass,2018-11-03,,aogdigital.com,English,Australia,2,3,eu_context;energy_driver,YES,1,"[""YES"", ""YES"", ""YES""]","[""Biomass conversion reduces coal emissions, potentially lowering EU ETS compliance costs and boosting carbon credit demand."", ""Biomass conversion reduces coal emissions, potentially lowering EU ETS compliance costs and boosting carbon credit demand."", ""Biomass conversion reduces coal emissions, potentially lowering EU ETS compliance costs and boosting carbon credit demand.""]",7,1.0,0.7,0.7,"[7, 7, 7]"
1382,https://www.euractiv.com/section/climate-environment/news/steel-industry-still-moulds-carbon-market-to-its-advantage/,,Steel industry moulds EU carbon market to its advantage,2018-11-05,https://www.euractiv.com/wp-content/uploads/sites/2/2018/10/Hautfourneau-800x450.jpg,euractiv.com,English,United Kingdom,2,4,eu_context;carbon_terms=2,NO,-1,"[""NO"", ""NO"", ""NO""]","[""Steel industry\u2019s lobbying may suppress prices via compliance flexibility."", ""Steel industry\u2019s lobbying may suppress prices via compliance flexibility."", ""Steel industry\u2019s lobbying may suppress prices via compliance flexibility.""]",7,1.0,-0.7,-0.7,"[7, 7, 7]"
1388,http://prod.tolonews.com/science-technology/china%C2%A0-reduce-its-carbon-emissions-footprint,,China To Reduce Its Carbon Emissions Footprint,2018-11-07,https://www.tolonews.com/sites/default/files/China-pollution.jpg,prod.tolonews.com,English,Afghanistan,1,3,carbon_terms=3,NO,-1,"[""NO"", ""NO"", ""NO""]","[""China\u2019s emission reductions may indirectly affect EU ETS prices via global carbon market dynamics, but direct short-term impact is uncertain."", ""China\u2019s emission reductions may indirectly affect EU ETS prices via global carbon market dynamics, but direct short-term impact is uncertain."", ""China\u2019s emission reductions may indirectly affect EU ETS prices via global carbon market dynamics, but direct short-term impact is uncertain.""]",5,1.0,-0.5,-0.5,"[5, 5, 5]"
1394,https://www.talkobserver.com/2018/11/09/global-carbon-capture-and-storage-market-analysis-and-forecast-from-2018-23-alstom-energy-honeywell-statoil-asa-and-ge-energy/,https://www.talkobserver.com/2018/11/09/global-carbon-capture-and-storage-market-analysis-and-forecast-from-2018-23-alstom-energy-honeywell-statoil-asa-and-ge-energy/amp/,"Global Carbon Capture And Storage Market Analysis and Forecast From 2018 - 23 : Alstom Energy , Honeywell , Statoil ASA and GE Energy",2018-11-09,https://i1.wp.com/www.talkobserver.com/wp-content/uploads/2018/11/global-carbon-capture-and-storage-market.png?fit=300%2C300&ssl=1,talkobserver.com,English,,2,3,carbon_terms=2;energy_driver,NO,-1,"[""NO"", ""NO"", ""NO""]","[""Carbon capture market growth may indirectly influence EU ETS prices via supply-side dynamics, but direct impact is limited."", ""Carbon capture market growth may indirectly influence EU ETS prices via supply-side dynamics, but direct impact is limited."", ""Carbon capture market growth may indirectly influence EU ETS prices via supply-side dynamics, but direct impact is limited.""]",3,1.0,-0.3,-0.3,"[3, 3, 3]"
1400,http://www.digitaljournal.com/pr/4021152,,Food Grade Industrial Gases Market Prophesied to Grow at a Faster Pace by 2025 - Press Release,2018-11-11,,digitaljournal.com,English,United States,2,2,carbon_terms=1;energy_driver,NO,-1,"[""NO"", ""NO"", ""NO""]","[""Indirect impact via industrial demand, but no direct link to EU ETS price mechanism."", ""Indirect impact via industrial demand, but no direct link to EU ETS price mechanism."", ""Indirect impact via industrial demand, but no direct link to EU ETS price mechanism.""]",3,1.0,-0.3,-0.3,"[3, 3, 3]"
1406,http://news.trust.org/item/20181113161824-udru5,http://mercury.postlight.com/amp?url=http://news.trust.org/item/20181113161824-udru5/,EU to cut Britain from emissions trading system in no - deal ... ,2018-11-13,"https://d2sh4fq2xsdeg9.cloudfront.net/contentAsset/image/146a5464-4f90-4c1d-85b9-2b27332659d1/image/byInode/1/filter/Resize,Jpeg/jpeg_q/70/resize_w/1400",news.trust.org,English,United States,1,11,eu_ets_strong;eu_context;carbon_terms=3,YES,1,"[""YES"", ""YES"", ""YES""]","[""Removal of the UK from the EU ETS under no-deal scenarios could trigger a sharp price spike due to reduced market depth and potential supply-side disruption."", ""Removal of the UK from the EU ETS under no-deal scenarios could trigger a sharp price spike due to reduced market depth and potential supply-side disruption."", ""Removal of the UK from the EU ETS under no-deal scenarios could trigger a sharp price spike due to reduced market depth and potential supply-side disruption.""]",8,1.0,0.8,0.8,"[8, 8, 8]"
1412,https://www.thehindubusinessline.com/news/world/brexit-european-union-carbon-emissions-scheme/article25506365.ece,https://www.thehindubusinessline.com/news/world/brexit-european-union-carbon-emissions-scheme/article25506365.ece/amp/,Brexit deal : united kingdom likely to leave EU emissions trading scheme - The Hindu BusinessLine,2018-11-15,https://www.thehindubusinessline.com/incoming/tt1050/article25503948.ece/ALTERNATES/LANDSCAPE_615/Donald-Tusk,thehindubusinessline.com,English,India,1,5,eu_context;carbon_terms=3,NO,-1,"[""NO"", ""NO"", ""NO""]","[""UK exit from EU ETS could trigger market volatility and reduce demand, impacting short-term prices."", ""UK exit from EU ETS could trigger market volatility and reduce demand, impacting short-term prices."", ""UK exit from EU ETS could trigger market volatility and reduce demand, impacting short-term prices.""]",7,1.0,-0.7,-0.7,"[7, 7, 7]"
1418,https://af.reuters.com/article/commoditiesNews/idAFL8N1XV3R9,https://mobile.reuters.com/article/amp/af/idAFL8N1XV3R9,"EUROPE POWER - Day - ahead spot lifted by fall in wind output , cold snap | Agricultural Commodities",2018-11-20,https://s4.reutersmedia.net/resources_v2/images/rcom-default.png,af.reuters.com,English,United States,1,3,eu_context;energy_driver,YES,1,"[""YES"", ""YES"", ""YES""]","[""Cold snap reducing wind output drives upward pressure on EU ETS as demand for carbon credits rises."", ""Cold snap reducing wind output drives upward pressure on EU ETS as demand for carbon credits rises."", ""Cold snap reducing wind output drives upward pressure on EU ETS as demand for carbon credits rises.""]",7,1.0,0.7,0.7,"[7, 7, 7]"
1424,https://www.openpr.com/news/1394774/Bosch-Siemens-Profiled-in-Europe-Residential-Boiler-Market-By-Technology-2024-Top-Companies-are-Daikin-Lennox-Viessmann-Groupe-Atlantic-Ariston-Weishaupt-Fondital-Navien-ACV-Vaillant-Ferroli.html,,"Bosch , Siemens , Profiled in Europe Residential Boiler Market By Technology 2024 | Top Companies are Daikin , Lennox , Viessmann , Groupe Atlantic , Ariston , Weishaupt , Fondital , Navien , ACV , Vaillant , Ferroli",2018-11-23,,openpr.com,English,United States,2,4,eu_context;carbon_terms=1;energy_driver,NO,-1,"[""NO"", ""NO"", ""NO""]","[""No direct link to EU ETS pricing mechanism or carbon trading activity."", ""No direct link to EU ETS pricing mechanism or carbon trading activity."", ""No direct link to EU ETS pricing mechanism or carbon trading activity.""]",2,1.0,-0.2,-0.2,"[2, 2, 2]"
1430,http://www.pressreleasepoint.com/commissioner-miguel-arias-canete-welcomes-political-agreement-proposal-improve-eus-risk-preparedness,,Commissioner Miguel Arias Canete welcomes the political agreement on a proposal to improve the EU risk preparedness in the electricity sector,2018-11-25,,pressreleasepoint.com,English,United States,2,3,eu_context;energy_driver,NO,-1,"[""NO"", ""NO"", ""NO""]","[""Risk preparedness in electricity sector may indirectly affect emissions trading via grid stability and compliance, but no direct price signal."", ""Risk preparedness in electricity sector may indirectly affect emissions trading via grid stability and compliance, but no direct price signal."", ""Risk preparedness in electricity sector may indirectly affect emissions trading via grid stability and compliance, but no direct price signal.""]",3,1.0,-0.3,-0.3,"[3, 3, 3]"
1436,https://af.reuters.com/article/commoditiesNews/idAFL8N1Y21WP,https://mobile.reuters.com/article/amp/af/idAFL8N1Y21WP,EUROPE POWER - Spot prices tumble on rise in wind and nuclear supply | Agricultural Commodities,2018-11-27,https://s4.reutersmedia.net/resources_v2/images/rcom-default.png,af.reuters.com,English,United States,2,4,eu_context;carbon_terms=1;energy_driver,NO,-1,"[""NO"", ""NO"", ""NO""]","[""Wind and nuclear supply increases likely reduce emissions intensity, pressuring EU ETS prices short-term."", ""Wind and nuclear supply increases likely reduce emissions intensity, pressuring EU ETS prices short-term."", ""Wind and nuclear supply increases likely reduce emissions intensity, pressuring EU ETS prices short-term.""]",5,1.0,-0.5,-0.5,"[5, 5, 5]"
1442,http://morungexpress.com/analysis-pressure-mounts-to-bury-carbon-emissions-but-who-will-pay/,http://morungexpress.com/analysis-pressure-mounts-to-bury-carbon-emissions-but-who-will-pay/amp/,"Analysis : Pressure mounts to bury carbon emissions , but who will pay ? The Morung Express - Smoke and steam billows from Belchatow Power Station , Europe largest coal - fired power plant operated by PGE Group , near Belchatow , Poland November 28 ,...",2018-11-29,http://morungexpress.com/wp-content/uploads/2018/11/2018-11-29T061317Z_1_LYNXNPEEAS0C2_RTROPTP_4_CLIMATE-CHANGE-POLAND-GREENPEACE.jpg,morungexpress.com,English,India,2,6,eu_context;carbon_terms=3;energy_driver,NO,-1,"[""NO"", ""NO"", ""NO""]","[""Coal plant emissions in Poland signal potential EU ETS compliance risks and price pressure."", ""Coal plant emissions in Poland signal potential EU ETS compliance risks and price pressure."", ""Coal plant emissions in Poland signal potential EU ETS compliance risks and price pressure.""]",7,1.0,-0.7,-0.7,"[7, 7, 7]"
1448,https://www.motortrend.com/news/mazda-skyactiv-x-engine-emissions/,,Markets With Strict Emissions to Get First Dibs on Mazda Skyactiv - X Engine,2018-12-01,https://st.motortrend.com/uploads/sites/5/2018/11/2019-Mazda3-Hatchback-3.jpg,motortrend.com,English,United States,2,3,carbon_terms=3,NO,-1,"[""NO"", ""NO"", ""NO""]","[""Mazda\u2019s Skyactiv-X engine, while efficient, doesn\u2019t directly impact EU ETS pricing unless tied to emissions compliance or carbon pricing mechanisms."", ""Mazda\u2019s Skyactiv-X engine, while efficient, doesn\u2019t directly impact EU ETS pricing unless tied to emissions compliance or carbon pricing mechanisms."", ""Mazda\u2019s Skyactiv-X engine, while efficient, doesn\u2019t directly impact EU ETS pricing unless tied to emissions compliance or carbon pricing mechanisms.""]",3,1.0,-0.3,-0.3,"[3, 3, 3]"
1454,https://centreforaviation.com/news/iata-european-commission-draft-regulation-undermines-corsia-and-damages-climate-action-863214,,IATA : European Commission draft regulation undermines CORSIA and damages climate action,2018-12-03,,centreforaviation.com,English,China,1,2,eu_context,NO,-1,"[""NO"", ""NO"", ""NO""]","[""EU ETS price may be pressured by regulatory uncertainty around international aviation emissions."", ""EU ETS price may be pressured by regulatory uncertainty around international aviation emissions."", ""EU ETS price may be pressured by regulatory uncertainty around international aviation emissions.""]",7,1.0,-0.7,-0.7,"[7, 7, 7]"
1460,https://af.reuters.com/article/commoditiesNews/idAFL4N1YB3VC,https://mobile.reuters.com/article/amp/af/idAFL4N1YB3VC,"NORDIC POWER - Weaker carbon rates , wet forecast dampen forward prices | Agricultural Commodities",2018-12-06,https://s4.reutersmedia.net/resources_v2/images/rcom-default.png,af.reuters.com,English,United States,1,3,carbon_terms=2;energy_driver,NO,-1,"[""NO"", ""NO"", ""NO""]","[""Weaker carbon rates and wet weather reduce short-term price pressure on agricultural commodities."", ""Weaker carbon rates and wet weather reduce short-term price pressure on agricultural commodities."", ""Weaker carbon rates and wet weather reduce short-term price pressure on agricultural commodities.""]",6,1.0,-0.6,-0.6,"[6, 6, 6]"
1466,https://www.hedgeweek.com/2018/12/10/271279/eex-publishes-auction-calendar-2019,,EEX publishes auction calendar for 2019,2018-12-10,https://www.hedgeweek.com/sites/default/files/styles/facebook_200_square/public/image_library/Business%20and%20admin/announcement.jpg,hedgeweek.com,English,United Kingdom,1,7,eu_ets_strong;carbon_terms=1,NO,-1,"[""NO"", ""NO"", ""NO""]","[""Auction calendar release provides structural transparency but doesn\u2019t signal immediate price movement or policy shift."", ""Auction calendar release provides structural transparency but doesn\u2019t signal immediate price movement or policy shift."", ""Auction calendar release provides structural transparency but doesn\u2019t signal immediate price movement or policy shift.""]",2,1.0,-0.2,-0.2,"[2, 2, 2]"
1472,https://www.cleanenergywire.org/news/germany-stays-out-call-stronger-carbon-pricing-eu,,Germany stays out of call for stronger carbon pricing in EU,2018-12-15,https://www.cleanenergywire.org/sites/default/files/271_1812_schulze_nationales_statement_316010.jpg,cleanenergywire.org,English,Germany,1,3,eu_context;carbon_terms=1,NO,-1,"[""NO"", ""NO"", ""NO""]","[""Germany\u2019s stance may dampen EU-wide price pressure but won\u2019t decisively reverse trends."", ""Germany\u2019s stance may dampen EU-wide price pressure but won\u2019t decisively reverse trends."", ""Germany\u2019s stance may dampen EU-wide price pressure but won\u2019t decisively reverse trends.""]",5,1.0,-0.5,-0.5,"[5, 5, 5]"
1478,https://livenews.co.nz/2018/12/18/eu-and-new-zealand-to-strengthen-cooperation-on-emissions-trading-systems/,,EU and New Zealand to strengthen cooperation on emissions trading systems – LiveNews . co . nz,2018-12-17,,livenews.co.nz,English,New Zealand,1,11,eu_ets_strong;eu_context;carbon_terms=3,NO,-1,"[""NO"", ""NO"", ""NO""]","[""Limited direct impact on EU ETS price due to NZ\u2019s ETS being non-EU aligned."", ""Limited direct impact on EU ETS price due to NZ\u2019s ETS being non-EU aligned."", ""Limited direct impact on EU ETS price due to NZ\u2019s ETS being non-EU aligned.""]",3,1.0,-0.3,-0.3,"[3, 3, 3]"
1484,https://ec.europa.eu/clima/news/commission-decides-forthcoming-suspension-uk-related-processes-union-registry-eu-ets-and_en,,Commission decides on forthcoming suspension of united kingdom - related processes in the Union Registry of the EU ETS and prepares for the implementation of a transitional period,2018-12-19,,ec.europa.eu,English,Belgium,1,8,eu_ets_strong;eu_context,YES,1,"[""YES"", ""YES"", ""YES""]","[""Suspension of UK-related processes may trigger market uncertainty and affect price volatility during the transitional period."", ""Suspension of UK-related processes may trigger market uncertainty and affect price volatility during the transitional period."", ""Suspension of UK-related processes may trigger market uncertainty and affect price volatility during the transitional period.""]",7,1.0,0.7,0.7,"[7, 7, 7]"
1490,http://www.eurasiareview.com/22122018-yellow-vests-killed-eu-bid-to-phase-out-regulated-electricity-prices/,,  Yellow Vest Killed EU Bid To Phase Out Regulated Electricity Prices – Eurasia Review,2018-12-22,https://i2.wp.com/www.eurasiareview.com/wp-content/uploads/2018/12/b-30.jpg?fit=830%2C510,eurasiareview.com,English,United States,2,4,eu_context;carbon_terms=1;energy_driver,NO,-1,"[""NO"", ""NO"", ""NO""]","[""Political unrest may delay regulatory reforms but doesn\u2019t signal a major price shift in EU ETS."", ""Political unrest may delay regulatory reforms but doesn\u2019t signal a major price shift in EU ETS."", ""Political unrest may delay regulatory reforms but doesn\u2019t signal a major price shift in EU ETS.""]",5,1.0,-0.5,-0.5,"[5, 5, 5]"
1496,https://www.hellenicshippingnews.com/five-things-to-watch-in-european-oil-in-2019/,,Five Things to Watch in European Oil in 2019 | Hellenic Shipping News Worldwide,2018-12-24,,hellenicshippingnews.com,English,China,2,3,eu_context;energy_driver,NO,-1,"[""NO"", ""NO"", ""NO""]","[""EU ETS price is not directly tied to oil market developments in the headline."", ""EU ETS price is not directly tied to oil market developments in the headline."", ""EU ETS price is not directly tied to oil market developments in the headline.""]",3,1.0,-0.3,-0.3,"[3, 3, 3]"
1502,https://menafn.com/1097884984/Royal-Dutch-Shell-plc-Notification-and-Public-Disclosure-in-Accordance-With-the-Requirements-of-the-EU-Market-Abuse-Regulation-of-Transactions-by-Persons-Discharging-Managerial-Responsibilities,,Royal Dutch Shell plc : Notification and Public Disclosure in Accordance With the Requirements of the EU Market Abuse Regulation of Transactions by Persons Discharging Managerial Responsibilities,2018-12-26,,menafn.com,English,Qatar,2,3,eu_context;carbon_terms=1,NO,-1,"[""NO"", ""NO"", ""NO""]","[""Shell\u2019s compliance with EU Market Abuse Regulation does not directly affect EU ETS price dynamics."", ""Shell\u2019s compliance with EU Market Abuse Regulation does not directly affect EU ETS price dynamics."", ""Shell\u2019s compliance with EU Market Abuse Regulation does not directly affect EU ETS price dynamics.""]",2,1.0,-0.2,-0.2,"[2, 2, 2]"
1508,https://empowerednews.net/activated-carbon-market-growth-in-depth-analysis-research-report-2018-to-2025-company-profiles-osaka-gas-haycarb-donau-carbon-silcarbon-aktivkohle-prominent-systems-oxbow-activated-carbon-ja/181405495/,,"Activated Carbon Market Growth , In - depth Analysis Research Report 2018 To 2025 | Company Profiles Osaka Gas , Haycarb , Donau Carbon , Silcarbon , Aktivkohle , Prominent Systems , Oxbow Activated Carbon , Jacobi Carbons",2018-12-28,,empowerednews.net,English,United States,2,3,carbon_terms=2;energy_driver,NO,-1,"[""NO"", ""NO"", ""NO""]","[""Activated carbon market growth is not directly tied to EU ETS price movements as it\u2019s a separate commodity market with minimal regulatory linkage."", ""Activated carbon market growth is not directly tied to EU ETS price movements as it\u2019s a separate commodity market with minimal regulatory linkage."", ""Activated carbon market growth is not directly tied to EU ETS price movements as it\u2019s a separate commodity market with minimal regulatory linkage.""]",3,1.0,-0.3,-0.3,"[3, 3, 3]"
1514,http://www.sbwire.com/press-releases/trekking-poles-market-overview-2018-2025-by-top-key-players-like-black-diamond-komperdell-leki-mountainsmith-msr-1113493.htm,http://www.sbwire.com/press-releases/amp/trekking-poles-market-overview-2018-2025-by-top-key-players-like-black-diamond-komperdell-leki-mountainsmith-msr-1113493.htm,"Trekking Poles Market Overview 2018 - 2025 by Top Key Players Like Black Diamond , Komperdell , Leki , Mountainsmith , MSR",2018-12-30,http://media.releasewire.com/photos/show/?id=138454,sbwire.com,English,United States,2,7,eu_ets_strong;carbon_terms=1,NO,-1,"[""NO"", ""NO"", ""NO""]","[""Trekking poles market trends have negligible direct impact on EU ETS pricing due to low carbon intensity and minimal emissions linkage."", ""Trekking poles market trends have negligible direct impact on EU ETS pricing due to low carbon intensity and minimal emissions linkage."", ""Trekking poles market trends have negligible direct impact on EU ETS pricing due to low carbon intensity and minimal emissions linkage.""]",1,1.0,-0.1,-0.1,"[1, 1, 1]"
1520,http://www.mondovisione.com/media-and-resources/news/eex-trading-results-for-december-2018-eex-quadruples-trading-volumes-on-eua-se/,,EEX Trading Results For December 2018 - EEX Quadruples Trading Volumes On EUA Secondary Market,2019-01-03,,mondovisione.com,English,United States,1,10,eu_ets_strong;eu_context;carbon_terms=2,NO,-1,"[""NO"", ""NO"", ""NO""]","[""Higher trading volumes alone don't indicate price direction; they may reflect increased market activity or speculative behavior."", ""Higher trading volumes alone don't indicate price direction; they may reflect increased market activity or speculative behavior."", ""Higher trading volumes alone don't indicate price direction; they may reflect increased market activity or speculative behavior.""]",3,1.0,-0.3,-0.3,"[3, 3, 3]"
1526,https://www.cleanenergywire.org/news/preview2019-coal-exit-should-be-driven-markets-bad-energy-security-rwi,,"Preview2019 - Coal exit should be driven by markets , is bad for energy security - RWI",2019-01-08,https://www.cleanenergywire.org/sites/default/files/power-plant-2012377_1920.jpg,cleanenergywire.org,English,Germany,1,2,carbon_terms=1;energy_driver,NO,-1,"[""NO"", ""NO"", ""NO""]","[""Coal exit driven by markets may undermine energy security but could still influence ETS pricing via carbon intensity shifts."", ""Coal exit driven by markets may undermine energy security but could still influence ETS pricing via carbon intensity shifts."", ""Coal exit driven by markets may undermine energy security but could still influence ETS pricing via carbon intensity shifts.""]",6,1.0,-0.6,-0.6,"[6, 6, 6]"
1532,https://www.hedgeweek.com/2019/01/14/272023/eex-publishes-2019-auction-calendar-germany,,EEX publishes 2019 Auction Calendar for Germany,2019-01-14,https://www.hedgeweek.com/sites/default/files/styles/facebook_200_square/public/image_library/Business%20and%20admin/announcement.jpg,hedgeweek.com,English,United Kingdom,1,7,eu_ets_strong;carbon_terms=1,NO,-1,"[""NO"", ""NO"", ""NO""]","[""EEX\u2019s auction calendar release is a procedural update with limited direct impact on market sentiment or price dynamics."", ""EEX\u2019s auction calendar release is a procedural update with limited direct impact on market sentiment or price dynamics."", ""EEX\u2019s auction calendar release is a procedural update with limited direct impact on market sentiment or price dynamics.""]",2,1.0,-0.2,-0.2,"[2, 2, 2]"
1538,https://economictimes.indiatimes.com/news/international/business/nervous-europe-ramps-up-brexit-preparations/articleshow/67577790.cms,https://m.economictimes.com/news/international/business/nervous-europe-ramps-up-brexit-preparations/amp_articleshow/67577790.cms,Nervous Europe ramps up Brexit preparations,2019-01-17,"https://img.etimg.com/thumb/msid-67577774,width-1070,height-580,imgsize-204334,overlay-economictimes/photo.jpg",economictimes.indiatimes.com,English,India,1,2,eu_context,NO,-1,"[""NO"", ""NO"", ""NO""]","[""Brexit-related uncertainty may dampen EU ETS demand as firms hedge against regulatory shifts."", ""Brexit-related uncertainty may dampen EU ETS demand as firms hedge against regulatory shifts."", ""Brexit-related uncertainty may dampen EU ETS demand as firms hedge against regulatory shifts.""]",5,1.0,-0.5,-0.5,"[5, 5, 5]"
1544,https://www.salon.com/2019/01/19/the-euro-at-20-for-the-european-union-to-survive-the-euro-must-die_partner/,,"The euro at 20 : For the European Union to survive , the euro must die",2019-01-19,https://media.salon.com/2018/07/european-union.jpg,salon.com,English,United States,1,2,eu_context,NO,-1,"[""NO"", ""NO"", ""NO""]","[""The headline\u2019s hyperbolic claim about the euro\u2019s necessity for EU survival is economically misleading and unlikely to influence EU ETS pricing directly."", ""The headline\u2019s hyperbolic claim about the euro\u2019s necessity for EU survival is economically misleading and unlikely to influence EU ETS pricing directly."", ""The headline\u2019s hyperbolic claim about the euro\u2019s necessity for EU survival is economically misleading and unlikely to influence EU ETS pricing directly.""]",3,1.0,-0.3,-0.3,"[3, 3, 3]"
1550,https://www.petroleum-economist.com/articles/low-carbon-energy/renewables/2018/eu-carbon-prices-rocket,,EU carbon prices rocket,2019-01-22,http://www.petroleum-economist.com/media/5631/carbonsmall.png?mode=pad&format=jpg&quality=90&slimmage=true&rnd=131807689880000000,petroleum-economist.com,English,Saudi Arabia,1,4,eu_context;carbon_terms=2,YES,1,"[""YES"", ""YES"", ""YES""]","[""Short-term price surge signals strong market demand or regulatory tightening."", ""Short-term price surge signals strong market demand or regulatory tightening."", ""Short-term price surge signals strong market demand or regulatory tightening.""]",10,1.0,1.0,1.0,"[10, 10, 10]"
1556,https://www.environmental-finance.com/content/news/eu-carbon-market-update-21-january-2019.html,,"EU Carbon market update , 21 January 2019 :: Environmental Finance",2019-01-24,https://www.environmental-finance.com/,environmental-finance.com,English,United States,1,4,eu_context;carbon_terms=2,NO,-1,"[""NO"", ""NO"", ""NO""]","[""Short-term price volatility due to auction results and policy uncertainty."", ""Short-term price volatility due to auction results and policy uncertainty."", ""Short-term price volatility due to auction results and policy uncertainty.""]",3,1.0,-0.3,-0.3,"[3, 3, 3]"
1562,https://www.malaymail.com/news/malaysia/2019/01/26/foreign-minister-highlights-palm-oil-issue-with-eu-member-states-during-bru/1716647,,Foreign minister highlights palm oil issue with EU member states during Brussels visit | Malaysia,2019-01-26,https://media.malaymail.com/resize_cache/uploads/articles/2018/2018-07/20180702MH_saifuddin_abdullah4-seo.JPG,malaymail.com,English,United States,2,3,eu_context;energy_driver,NO,-1,"[""NO"", ""NO"", ""NO""]","[""Palm oil trade tensions may indirectly affect EU ETS via carbon-intensive supply chains but lack immediate price signal."", ""Palm oil trade tensions may indirectly affect EU ETS via carbon-intensive supply chains but lack immediate price signal."", ""Palm oil trade tensions may indirectly affect EU ETS via carbon-intensive supply chains but lack immediate price signal.""]",3,1.0,-0.3,-0.3,"[3, 3, 3]"
1568,https://www.hellenicshippingnews.com/europe-tops-buyers-for-u-s-lng-with-winter-cargo-influx/,,Europe tops buyers for U . S . LNG with winter cargo influx | Hellenic Shipping News Worldwide,2019-01-28,,hellenicshippingnews.com,English,China,2,3,eu_context;energy_driver,NO,-1,"[""NO"", ""NO"", ""NO""]","[""LNG imports may slightly ease EU ETS pressure but not decisively alter short-term price trends."", ""LNG imports may slightly ease EU ETS pressure but not decisively alter short-term price trends."", ""LNG imports may slightly ease EU ETS pressure but not decisively alter short-term price trends.""]",3,1.0,-0.3,-0.3,"[3, 3, 3]"
1574,https://www.euractiv.com/section/climate-environment/interview/canete-no-way-around-it-climate-neutral-eu-is-needed/,,"Cañete :  No way around it , climate neutral EU is needed – EURACTIV . com",2019-01-31,https://www.euractiv.com/wp-content/uploads/sites/2/2019/01/P038778-366538-800x450.jpg,euractiv.com,English,United Kingdom,1,2,eu_context,YES,1,"[""YES"", ""YES"", ""YES""]","[""Signals strong policy momentum toward EU climate neutrality, likely boosting ETS demand."", ""Signals strong policy momentum toward EU climate neutrality, likely boosting ETS demand."", ""Signals strong policy momentum toward EU climate neutrality, likely boosting ETS demand.""]",7,1.0,0.7,0.7,"[7, 7, 7]"
1580,https://www.leaprate.com/financial-services/exchanges/eex-power-derivatives-volumes-up-34-in-january/,https://www.leaprate.com/financial-services/exchanges/eex-power-derivatives-volumes-up-34-in-january/?amp,EEX power derivatives volumes up 34 % in January,2019-02-04,https://www.leaprate.com/wp-content/uploads/2017/05/eex.jpg,leaprate.com,English,United Kingdom,1,7,eu_ets_strong;energy_driver,YES,1,"[""YES"", ""YES"", ""YES""]","[""Higher volumes suggest increased market activity and potential price volatility in the EU ETS."", ""Higher volumes suggest increased market activity and potential price volatility in the EU ETS."", ""Higher volumes suggest increased market activity and potential price volatility in the EU ETS.""]",6,1.0,0.6,0.6,"[6, 6, 6]"
1586,https://www.bloomberg.com/news/articles/2019-02-01/germany-to-forfeit-billions-in-carbon-sales-with-coal-exit,https://www.bloomberg.com/amp/news/articles/2019-02-01/germany-to-forfeit-billions-in-carbon-sales-with-coal-exit,One German Industry Is Digging Itself a Hole With Europe,2019-02-06,https://assets.bwbx.io/images/users/iqjWHBFdfxIU/iorre_mxEz1A/v1/1200x788.jpg,bloomberg.com,English,United States,1,2,eu_context,NO,-1,"[""NO"", ""NO"", ""NO""]","[""German industry\u2019s carbon-intensive practices may trigger regulatory backlash or higher compliance costs, pressuring EU ETS prices."", ""German industry\u2019s carbon-intensive practices may trigger regulatory backlash or higher compliance costs, pressuring EU ETS prices."", ""German industry\u2019s carbon-intensive practices may trigger regulatory backlash or higher compliance costs, pressuring EU ETS prices.""]",7,1.0,-0.7,-0.7,"[7, 7, 7]"
1592,https://www.gov.uk/guidance/the-electricity-sector-and-preparing-for-eu-exit,,The electricity sector and preparing for EU Exit,2019-02-12,https://assets.publishing.service.gov.uk/static/opengraph-image-a1f7d89ffd0782738b1aeb0da37842d8bd0addbd724b8e58c3edbc7287cc11de.png,gov.uk,English,United Kingdom,1,3,eu_context;energy_driver,NO,-1,"[""NO"", ""NO"", ""NO""]","[""EU Exit preparations may delay or alter emissions trading policies, but short-term ETS price direction is unlikely to be decisively affected."", ""EU Exit preparations may delay or alter emissions trading policies, but short-term ETS price direction is unlikely to be decisively affected."", ""EU Exit preparations may delay or alter emissions trading policies, but short-term ETS price direction is unlikely to be decisively affected.""]",5,1.0,-0.5,-0.5,"[5, 5, 5]"
1598,https://www.universityworldnews.com/post.php?story=20190215081109618,,Is a European initiative on teaching and learning needed ? ,2019-02-15,https://www.universityworldnews.com/images/uwn-ball-320.png,universityworldnews.com,English,United States,1,2,eu_context,NO,-1,"[""NO"", ""NO"", ""NO""]","[""Carbon trading and ETS prices are not directly affected by educational initiatives on teaching and learning."", ""Carbon trading and ETS prices are not directly affected by educational initiatives on teaching and learning."", ""Carbon trading and ETS prices are not directly affected by educational initiatives on teaching and learning.""]",1,1.0,-0.1,-0.1,"[1, 1, 1]"
1604,https://www.hellenicshippingnews.com/eu-starts-natural-gas-price-war-trump-putin-will-love/,,"EU starts natural gas price war Trump , Putin will love | Hellenic Shipping News Worldwide",2019-02-20,,hellenicshippingnews.com,English,China,1,4,eu_context;carbon_terms=1;energy_driver,NO,-1,"[""NO"", ""NO"", ""NO""]","[""Natural gas price volatility is unlikely to directly impact EU ETS prices, as ETS is primarily driven by carbon emissions and policy, not energy commodity wars."", ""Natural gas price volatility is unlikely to directly impact EU ETS prices, as ETS is primarily driven by carbon emissions and policy, not energy commodity wars."", ""Natural gas price volatility is unlikely to directly impact EU ETS prices, as ETS is primarily driven by carbon emissions and policy, not energy commodity wars.""]",3,1.0,-0.3,-0.3,"[3, 3, 3]"
1610,https://advancedbiofuelsusa.info/dutch-finance-ministry-argues-for-eu-wide-single-aviation-tax-to-cover-the-sectors-environmental-costs/,,Dutch Finance Ministry Argues for EU - Wide Single Aviation Tax to Cover the Sector Environmental Costs – Advanced BioFuels united states ,2019-02-22,,advancedbiofuelsusa.info,English,United States,1,2,eu_context,NO,-1,"[""NO"", ""NO"", ""NO""]","[""Single aviation tax could shift emissions burden and affect EU ETS compliance costs for airlines."", ""Single aviation tax could shift emissions burden and affect EU ETS compliance costs for airlines."", ""Single aviation tax could shift emissions burden and affect EU ETS compliance costs for airlines.""]",7,1.0,-0.7,-0.7,"[7, 7, 7]"
1616,https://thepienews.com/news/eua-uuk-pen-document-to-prepare-heis-in-event-of-a-no-deal-brexit/,,EUA & UUK pen document to prepare HEIs in event of a no - deal Brexit,2019-02-26,,thepienews.com,English,United Kingdom,1,6,eu_ets_strong,NO,-1,"[""NO"", ""NO"", ""NO""]","[""Prepares institutions for Brexit uncertainty but doesn\u2019t directly alter market fundamentals or trading volume."", ""Prepares institutions for Brexit uncertainty but doesn\u2019t directly alter market fundamentals or trading volume."", ""Prepares institutions for Brexit uncertainty but doesn\u2019t directly alter market fundamentals or trading volume.""]",5,1.0,-0.5,-0.5,"[5, 5, 5]"
1622,http://ens-newswire.com/2019/02/27/eu-invests-e10-billion-in-lowering-carbon-dioxide/,, – EU Invests €10 Billion in Lowering Carbon Dioxide,2019-02-28,,ens-newswire.com,English,United States,1,3,eu_context;carbon_terms=1,YES,1,"[""YES"", ""YES"", ""YES""]","[""EU funding signals policy commitment to decarbonize, likely boosting ETS demand."", ""EU funding signals policy commitment to decarbonize, likely boosting ETS demand."", ""EU funding signals policy commitment to decarbonize, likely boosting ETS demand.""]",7,1.0,0.7,0.7,"[7, 7, 7]"
1628,https://www.hedgeweek.com/2019/03/04/273626/eex-significantly-increases-trading-volumes-power-freight-and-agricultural,,"EEX significantly increases trading volumes in power , freight and agricultural products",2019-03-04,https://www.hedgeweek.com/sites/default/files/styles/facebook_200_square/public/image_library/Graphs/Green%20up-arrow.jpg,hedgeweek.com,English,United Kingdom,1,8,eu_ets_strong;carbon_terms=1;energy_driver,YES,1,"[""YES"", ""YES"", ""YES""]","[""Increased trading volumes may signal stronger market activity and higher demand, potentially boosting EU ETS prices."", ""Increased trading volumes may signal stronger market activity and higher demand, potentially boosting EU ETS prices."", ""Increased trading volumes may signal stronger market activity and higher demand, potentially boosting EU ETS prices.""]",7,1.0,0.7,0.7,"[7, 7, 7]"
1634,http://www.swissinfo.ch/eng/co2-emissions_swiss-companies-get-green-light-to-access-eu-carbon-market/44806558,,Swiss companies get green light to access EU carbon market,2019-03-07,http://www.swissinfo.ch/blob/44806546/de3adf98959d28929a0d70d6c62767b3/191478655-data.jpg,swissinfo.ch,English,Switzerland,1,4,eu_context;carbon_terms=2,YES,1,"[""YES"", ""YES"", ""YES""]","[""Swiss firms entering the EU ETS could increase supply and slightly depress prices, but market impact depends on scale and compliance."", ""Swiss firms entering the EU ETS could increase supply and slightly depress prices, but market impact depends on scale and compliance."", ""Swiss firms entering the EU ETS could increase supply and slightly depress prices, but market impact depends on scale and compliance.""]",7,1.0,0.7,0.7,"[7, 7, 7]"
1640,https://www.energyworldmag.com/european-natural-gas-price-war/,,European natural gas price war | EnergyWorld Magazine,2019-03-10,https://www.energyworldmag.com/wp-content/uploads/2019/03/nord-stream-pipeline-in-germany.jpg,energyworldmag.com,English,Romania,1,4,eu_context;carbon_terms=1;energy_driver,NO,-1,"[""NO"", ""NO"", ""NO""]","[""Natural gas price volatility may indirectly affect EU ETS via energy costs, but no direct link to carbon price is evident."", ""Natural gas price volatility may indirectly affect EU ETS via energy costs, but no direct link to carbon price is evident."", ""Natural gas price volatility may indirectly affect EU ETS via energy costs, but no direct link to carbon price is evident.""]",5,1.0,-0.5,-0.5,"[5, 5, 5]"
1646,https://www.pv-magazine.com/press-releases/european-electricity-markets-panorama-france/,,European electricity markets panorama : France,2019-03-14,,pv-magazine.com,English,United States,1,4,eu_context;carbon_terms=1;energy_driver,NO,-1,"[""NO"", ""NO"", ""NO""]","[""France\u2019s electricity market dynamics may influence EU ETS pricing via carbon intensity, but short-term direction is uncertain without specific policy or weather data."", ""France\u2019s electricity market dynamics may influence EU ETS pricing via carbon intensity, but short-term direction is uncertain without specific policy or weather data."", ""France\u2019s electricity market dynamics may influence EU ETS pricing via carbon intensity, but short-term direction is uncertain without specific policy or weather data.""]",3,1.0,-0.3,-0.3,"[3, 3, 3]"
1652,http://www.xinhuanet.com/english/2019-03/20/c_137908045.htm,,Emissions trading systems cover 8 pct of global greenhouse gas emissions : report - Xinhua,2019-03-20,,xinhuanet.com,English,China,1,10,eu_ets_strong;carbon_terms=3;energy_driver,NO,-1,"[""NO"", ""NO"", ""NO""]","[""EU ETS coverage is modest relative to global emissions, suggesting limited immediate price impact."", ""EU ETS coverage is modest relative to global emissions, suggesting limited immediate price impact."", ""EU ETS coverage is modest relative to global emissions, suggesting limited immediate price impact.""]",3,1.0,-0.3,-0.3,"[3, 3, 3]"
1658,https://uk.reuters.com/article/uk-eu-britain-carbon/britain-extends-deadline-to-surrender-eu-carbon-permits-idUKKCN1R328Z,https://uk.mobile.reuters.com/article/amp/idUKKCN1R328Z,Britain extends deadline to surrender EU carbon permits,2019-03-22,https://s4.reutersmedia.net/resources_v2/images/rcom-default.png,uk.reuters.com,English,United States,1,5,eu_context;carbon_terms=3,NO,-1,"[""NO"", ""NO"", ""NO""]","[""Delayed surrender creates temporary market uncertainty and may suppress prices as firms adjust compliance strategies."", ""Delayed surrender creates temporary market uncertainty and may suppress prices as firms adjust compliance strategies."", ""Delayed surrender creates temporary market uncertainty and may suppress prices as firms adjust compliance strategies.""]",6,1.0,-0.6,-0.6,"[6, 6, 6]"
1664,https://www.hellenicshippingnews.com/eu-bases-planned-indonesian-palm-oil-restriction-on-2015-data/,,EU bases planned Indonesian palm oil restriction on 2015 data | Hellenic Shipping News Worldwide,2019-03-24,,hellenicshippingnews.com,English,China,2,3,eu_context;energy_driver,NO,-1,"[""NO"", ""NO"", ""NO""]","[""Indonesian palm oil restrictions based on outdated 2015 data may not significantly affect EU ETS price volatility."", ""Indonesian palm oil restrictions based on outdated 2015 data may not significantly affect EU ETS price volatility."", ""Indonesian palm oil restrictions based on outdated 2015 data may not significantly affect EU ETS price volatility.""]",3,1.0,-0.3,-0.3,"[3, 3, 3]"
1670,https://af.reuters.com/article/energyOilNews/idAFL8N21D1LC,https://mobile.reuters.com/article/amp/af/idAFL8N21D1LC,"EUROPE POWER - Spot prices gain as wind supply ebbs , weather stays changeable | Energy & Oil",2019-03-26,https://s4.reutersmedia.net/resources_v2/images/rcom-default.png,af.reuters.com,English,United States,2,4,eu_context;carbon_terms=1;energy_driver,YES,1,"[""YES"", ""YES"", ""YES""]","[""Wind supply reduction and volatile weather increase short-term price sensitivity in EU ETS."", ""Wind supply reduction and volatile weather increase short-term price sensitivity in EU ETS."", ""Wind supply reduction and volatile weather increase short-term price sensitivity in EU ETS.""]",7,1.0,0.7,0.7,"[7, 7, 7]"
1676,https://www.eenews.net/stories/1060131483,,EMISSIONS : What Brexit means for the climate,2019-03-28,https://www.eenews.net/image_assets/2019/03/image_asset_51159.jpg,eenews.net,English,United States,1,2,carbon_terms=2,NO,-1,"[""NO"", ""NO"", ""NO""]","[""Brexit may disrupt EU ETS compliance for UK firms, but short-term price impact is uncertain due to ongoing regulatory adjustments."", ""Brexit may disrupt EU ETS compliance for UK firms, but short-term price impact is uncertain due to ongoing regulatory adjustments."", ""Brexit may disrupt EU ETS compliance for UK firms, but short-term price impact is uncertain due to ongoing regulatory adjustments.""]",5,1.0,-0.5,-0.5,"[5, 5, 5]"
1682,https://uk.reuters.com/article/uk-eu-carbon-emissions/eu-carbon-market-emissions-fell-3-3-percent-in-2018-as-renewable-power-rose-idUKKCN1RD276,https://uk.mobile.reuters.com/article/amp/idUKKCN1RD276,EU carbon market emissions fell 3 . 3 percent in 2018 as renewable power rose,2019-04-01,https://s1.reutersmedia.net/resources/r/?m=02&d=20190401&t=2&i=1372355358&r=LYNXNPEF301W0,uk.reuters.com,English,United States,1,7,eu_context;carbon_terms=4;energy_driver,NO,-1,"[""NO"", ""NO"", ""NO""]","[""Lower emissions in 2018 suggest potential long-term structural shifts, but short-term price direction is uncertain without current market context."", ""Lower emissions in 2018 suggest potential long-term structural shifts, but short-term price direction is uncertain without current market context."", ""Lower emissions in 2018 suggest potential long-term structural shifts, but short-term price direction is uncertain without current market context.""]",5,1.0,-0.5,-0.5,"[5, 5, 5]"
1688,https://thepointsguy.com/news/ryanair-top-10-carbon-polluters/,https://thepointsguy.com/news/ryanair-top-10-carbon-polluters/amp/,An Airline is Among Europe Top 10 Carbon Polluters,2019-04-03,https://i0.wp.com/thepointsguy.com/wp-content/uploads/2017/09/FR-2-getty.jpg?fit=1024%2C712px&ssl=1,thepointsguy.com,English,United States,1,3,eu_context;carbon_terms=1,YES,1,"[""YES"", ""YES"", ""YES""]","[""This highlights a major emitter, potentially increasing regulatory pressure and carbon pricing exposure."", ""This highlights a major emitter, potentially increasing regulatory pressure and carbon pricing exposure."", ""This highlights a major emitter, potentially increasing regulatory pressure and carbon pricing exposure.""]",7,1.0,0.7,0.7,"[7, 7, 7]"
1694,https://www.swissinfo.ch/eng/business/co2-emissions_swiss-companies-get-green-light-to-access-eu-carbon-market/44806558,,Swiss companies get green light to access EU carbon market,2019-04-07,https://www.swissinfo.ch/blob/44806546/de3adf98959d28929a0d70d6c62767b3/191478655-data.jpg,swissinfo.ch,English,Switzerland,1,4,eu_context;carbon_terms=2,YES,1,"[""YES"", ""YES"", ""YES""]","[""Swiss firms entering the EU ETS could increase supply and slightly depress prices, but market impact depends on scale and compliance."", ""Swiss firms entering the EU ETS could increase supply and slightly depress prices, but market impact depends on scale and compliance."", ""Swiss firms entering the EU ETS could increase supply and slightly depress prices, but market impact depends on scale and compliance.""]",7,1.0,0.7,0.7,"[7, 7, 7]"
1700,https://af.reuters.com/article/energyOilNews/idAFL8N21S2K7,https://mobile.reuters.com/article/amp/af/idAFL8N21S2K7,EUROPE POWER - Curve hits new highs as EU carbon soars - Energy & Oil,2019-04-10,https://s4.reutersmedia.net/resources_v2/images/rcom-default.png,af.reuters.com,English,United States,1,4,eu_context;carbon_terms=1;energy_driver,YES,1,"[""YES"", ""YES"", ""YES""]","[""Strong demand and policy tailwinds are pushing EU ETS prices higher."", ""Strong demand and policy tailwinds are pushing EU ETS prices higher."", ""Strong demand and policy tailwinds are pushing EU ETS prices higher.""]",8,1.0,0.8,0.8,"[8, 8, 8]"
1706,https://premierherald.com/2019/04/12/global-aircraft-windows-and-windshields-production-market-share-revenue-and-average-price-by-manufacturers-shared-in-a-latest-research-report/,,"Global Aircraft Windows and Windshields Production Market Share , Revenue , and Average Price by Manufacturers Shared in a Latest Research Report",2019-04-12,,premierherald.com,English,,1,2,carbon_terms=2,NO,-1,"[""NO"", ""NO"", ""NO""]","[""Irrelevant to EU ETS as it pertains to aircraft components, not carbon emissions trading."", ""Irrelevant to EU ETS as it pertains to aircraft components, not carbon emissions trading."", ""Irrelevant to EU ETS as it pertains to aircraft components, not carbon emissions trading.""]",2,1.0,-0.2,-0.2,"[2, 2, 2]"
1712,https://gulfnews.com/opinion/op-eds/eu-leaders-endorse-china-accord-at-tricky-time-for-ties-1.63309039,https://gulfnews.com/amp/opinion/op-eds/eu-leaders-endorse-china-accord-at-tricky-time-for-ties-1.63309039,EU leaders endorse China accord at tricky time for ties,2019-04-14,https://images.gulfnews.com/prestige-images/OPN--Second-16-1-1555245781457-medium.jpg,gulfnews.com,English,United Arab Emirates,1,2,eu_context,NO,-1,"[""NO"", ""NO"", ""NO""]","[""EU ETS price may be mildly pressured by geopolitical uncertainty, but China\u2019s accord is unlikely to trigger immediate market shifts."", ""EU ETS price may be mildly pressured by geopolitical uncertainty, but China\u2019s accord is unlikely to trigger immediate market shifts."", ""EU ETS price may be mildly pressured by geopolitical uncertainty, but China\u2019s accord is unlikely to trigger immediate market shifts.""]",3,1.0,-0.3,-0.3,"[3, 3, 3]"
1718,http://europa.eu/rapid/press-release_MEMO-19-2135_en.htm,,European Commission - PRESS RELEASES - Press release - The InvestEU Programme : Questions and Answers,2019-04-18,,europa.eu,English,Greece,1,2,eu_context,NO,-1,"[""NO"", ""NO"", ""NO""]","[""EU InvestEU Programme is a funding initiative and not directly related to carbon pricing or ETS market dynamics."", ""EU InvestEU Programme is a funding initiative and not directly related to carbon pricing or ETS market dynamics."", ""EU InvestEU Programme is a funding initiative and not directly related to carbon pricing or ETS market dynamics.""]",2,1.0,-0.2,-0.2,"[2, 2, 2]"
1724,https://sciencebusiness.net/network-news/eua-horizon-europe-gets-greenlight-time-scale,,EUA : Horizon Europe gets greenlight – Time to scale up,2019-04-22,,sciencebusiness.net,English,United Kingdom,1,8,eu_ets_strong;eu_context,YES,1,"[""YES"", ""YES"", ""YES""]","[""Greenlighting Horizon Europe signals increased EU-wide green investment, likely boosting demand for EUA."", ""Greenlighting Horizon Europe signals increased EU-wide green investment, likely boosting demand for EUA."", ""Greenlighting Horizon Europe signals increased EU-wide green investment, likely boosting demand for EUA.""]",7,1.0,0.7,0.7,"[7, 7, 7]"
1730,https://af.reuters.com/article/energyOilNews/idAFL5N226339,https://mobile.reuters.com/article/amp/af/idAFL5N226339,EUROPE POWER - Spot gains on forecast fall in German wind generation - Energy & Oil,2019-04-24,https://s4.reutersmedia.net/resources_v2/images/rcom-default.png,af.reuters.com,English,United States,1,3,eu_context;energy_driver,NO,-1,"[""NO"", ""NO"", ""NO""]","[""Lower wind generation forecasts may signal increased demand for fossil fuels, potentially boosting EU ETS prices short-term."", ""Lower wind generation forecasts may signal increased demand for fossil fuels, potentially boosting EU ETS prices short-term."", ""Lower wind generation forecasts may signal increased demand for fossil fuels, potentially boosting EU ETS prices short-term.""]",6,1.0,-0.6,-0.6,"[6, 6, 6]"
1736,https://af.reuters.com/article/energyOilNews/idAFL5N2277WY,https://mobile.reuters.com/article/amp/af/idAFL5N2277WY,EUROPE POWER - Lower supply lifts early next week prices - Energy & Oil,2019-04-26,https://s4.reutersmedia.net/resources_v2/images/rcom-default.png,af.reuters.com,English,United States,2,4,eu_context;carbon_terms=1;energy_driver,YES,1,"[""YES"", ""YES"", ""YES""]","[""Lower supply constraints are likely to push EU ETS prices higher in the short term."", ""Lower supply constraints are likely to push EU ETS prices higher in the short term."", ""Lower supply constraints are likely to push EU ETS prices higher in the short term.""]",7,1.0,0.7,0.7,"[7, 7, 7]"
1742,https://www.socialeurope.eu/emissions-inequality,,Emissions inequality a gulf between global rich and poor • Social Europe,2019-04-28,https://www.socialeurope.eu/wp-content/uploads/2019/04/Nicholas-Beuret-1.png,socialeurope.eu,English,United Kingdom,2,4,eu_context;carbon_terms=2,NO,-1,"[""NO"", ""NO"", ""NO""]","[""Emissions inequality may influence policy but doesn't directly signal short-term EU ETS price movement."", ""Emissions inequality may influence policy but doesn't directly signal short-term EU ETS price movement."", ""Emissions inequality may influence policy but doesn't directly signal short-term EU ETS price movement.""]",5,1.0,-0.5,-0.5,"[5, 5, 5]"
1748,https://www.businesswire.com/news/home/20190430005428/en/Europe-Variable-Frequency-Drive-Markets-2024-Application,,"Europe Variable Frequency Drive Markets , 2024 by Application ( Pump , Fan , Compressor , Conveyor , Extruder ), Power Rating ( 0 - 0 . 5 , 0 . 5 - 20 , 20 - 50 , 50 - 200 , >200kW ), & Voltage ( Low and Medium ) - ResearchAndMarkets . com",2019-04-30,https://mms.businesswire.com/media/20190430005428/en/371054/23/ResearchAndMarkets_800px.jpg,businesswire.com,English,United States,2,4,eu_context;carbon_terms=1;energy_driver,NO,-1,"[""NO"", ""NO"", ""NO""]","[""VFD market data is niche and not directly tied to EU ETS price dynamics."", ""VFD market data is niche and not directly tied to EU ETS price dynamics."", ""VFD market data is niche and not directly tied to EU ETS price dynamics.""]",2,1.0,-0.2,-0.2,"[2, 2, 2]"
1754,http://carbon-pulse.com/74180/,,"EU ETS non - compliance rate falls below 2 % in 2018 , data shows « Carbon Pulse",2019-05-02,,carbon-pulse.com,English,China,1,9,eu_ets_strong;eu_context;carbon_terms=1,YES,1,"[""YES"", ""YES"", ""YES""]","[""Lower non-compliance signals improved enforcement and market discipline, potentially boosting price confidence."", ""Lower non-compliance signals improved enforcement and market discipline, potentially boosting price confidence."", ""Lower non-compliance signals improved enforcement and market discipline, potentially boosting price confidence.""]",7,1.0,0.7,0.7,"[7, 7, 7]"
1760,https://www.breitbart.com/politics/2019/05/03/u-s-record-natural-gas-production-spurs-export-talks-with-europe/,https://www.breitbart.com/politics/2019/05/03/u-s-record-natural-gas-production-spurs-export-talks-with-europe/amp/,U . S . Record Natural Gas Production Spurs Export Talks with Europe,2019-05-04,https://media.breitbart.com/media/2019/05/Natural-gas-plant-640x335.jpg,breitbart.com,English,United States,2,3,eu_context;energy_driver,NO,-1,"[""NO"", ""NO"", ""NO""]","[""Natural gas exports from the U.S. could reduce European energy costs and dampen ETS price pressure, but short-term impact is uncertain."", ""Natural gas exports from the U.S. could reduce European energy costs and dampen ETS price pressure, but short-term impact is uncertain."", ""Natural gas exports from the U.S. could reduce European energy costs and dampen ETS price pressure, but short-term impact is uncertain.""]",5,1.0,-0.5,-0.5,"[5, 5, 5]"
1766,https://www.waste360.com/equipment/wasteexpo-2019-news-and-product-updates,,WasteExpo 2019 News and Product Updates,2019-05-06,https://www.waste360.com/sites/waste360.com/files/news-coffee_0.jpg,waste360.com,English,United States,2,6,eu_ets_strong,NO,-1,"[""NO"", ""NO"", ""NO""]","[""WasteExpo 2019 is a niche industry event with no direct link to EU ETS market dynamics."", ""WasteExpo 2019 is a niche industry event with no direct link to EU ETS market dynamics."", ""WasteExpo 2019 is a niche industry event with no direct link to EU ETS market dynamics.""]",1,1.0,-0.1,-0.1,"[1, 1, 1]"
1772,https://www.dw.com/en/eu-budget-breakdown-what-you-need-to-know/a-43631241,https://m.dw.com/en/eu-budget-breakdown-what-you-need-to-know/a-43631241,EU budget breakdown : What you need to know | Europe| News and current affairs from around the continent | DW,2019-05-08,https://www.dw.com/image/43631361_304.jpg,dw.com,English,Germany,1,2,eu_context,NO,-1,"[""NO"", ""NO"", ""NO""]","[""Budget allocation details may influence carbon pricing policy but lack immediate market signal."", ""Budget allocation details may influence carbon pricing policy but lack immediate market signal."", ""Budget allocation details may influence carbon pricing policy but lack immediate market signal.""]",3,1.0,-0.3,-0.3,"[3, 3, 3]"
1778,http://interfaxenergy.com/article/34210/europes-co2-emissions-drop-in-line-with-lower-fossil-fuel-use,,Europe CO2 emissions drop in line with lower fossil fuel use,2019-05-10,http://interfaxenergy.com/uploads/media/15574911547103.jpg,interfaxenergy.com,English,China,1,4,eu_context;carbon_terms=2,YES,1,"[""YES"", ""YES"", ""YES""]","[""Lower fossil fuel use supports emissions reduction, likely easing price pressure in EU ETS."", ""Lower fossil fuel use supports emissions reduction, likely easing price pressure in EU ETS."", ""Lower fossil fuel use supports emissions reduction, likely easing price pressure in EU ETS.""]",7,1.0,0.7,0.7,"[7, 7, 7]"
1784,https://sciencebusiness.net/network-news/eua-releases-updated-mapping-major-publishing-contracts,,EUA releases updated mapping of major publishing contracts,2019-05-14,,sciencebusiness.net,English,United Kingdom,1,6,eu_ets_strong,NO,-1,"[""NO"", ""NO"", ""NO""]","[""Updated mapping of publishing contracts may signal regulatory alignment but lacks direct price-driving mechanism."", ""Updated mapping of publishing contracts may signal regulatory alignment but lacks direct price-driving mechanism."", ""Updated mapping of publishing contracts may signal regulatory alignment but lacks direct price-driving mechanism.""]",3,1.0,-0.3,-0.3,"[3, 3, 3]"
1790,https://sciencebusiness.net/news/big-deal-publishing-costs-european-universities-over-eu1b-year,,  Big deal  publishing costs European universities over €1B a year | Science,2019-05-16,https://sciencebusiness.net/sites/default/files/styles/article/public/2019-05/bigstock-Stack-Of-Euro-Cents-Coins-Of-D-294755740.jpg?itok=4SPW5Ced,sciencebusiness.net,English,United Kingdom,1,2,eu_context,NO,-1,"[""NO"", ""NO"", ""NO""]","[""University publishing costs are unlikely to directly affect EU ETS price dynamics."", ""University publishing costs are unlikely to directly affect EU ETS price dynamics."", ""University publishing costs are unlikely to directly affect EU ETS price dynamics.""]",3,1.0,-0.3,-0.3,"[3, 3, 3]"
1796,https://af.reuters.com/article/commoditiesNews/idAFL5N22X2N6,https://mobile.reuters.com/article/amp/af/idAFL5N22X2N6,EUROPE POWER - Wind and nuclear output weighs on spot power prices - Agricultural Commodities,2019-05-21,https://s4.reutersmedia.net/resources_v2/images/rcom-default.png,af.reuters.com,English,United States,2,4,eu_context;carbon_terms=1;energy_driver,NO,-1,"[""NO"", ""NO"", ""NO""]","[""Wind and nuclear output reducing spot power prices may indirectly affect carbon pricing via energy market dynamics."", ""Wind and nuclear output reducing spot power prices may indirectly affect carbon pricing via energy market dynamics."", ""Wind and nuclear output reducing spot power prices may indirectly affect carbon pricing via energy market dynamics.""]",3,1.0,-0.3,-0.3,"[3, 3, 3]"
1802,https://www.rechargenews.com/transition/1789460/europes-power-chiefs-vow-to-intensify-energy-transition-efforts,,Europe power chiefs vow to intensify energy transitio,2019-05-23,https://www.rechargenews.com/incoming/article1789457.ece5/ALTERNATES/LANDSCAPE_600/7f969bcd180c073538ebd72e2d25f0fd,rechargenews.com,English,United States,2,3,eu_context;energy_driver,YES,1,"[""YES"", ""YES"", ""YES""]","[""Intensified transition efforts likely boost demand for carbon credits, supporting short-term price momentum."", ""Intensified transition efforts likely boost demand for carbon credits, supporting short-term price momentum."", ""Intensified transition efforts likely boost demand for carbon credits, supporting short-term price momentum.""]",7,1.0,0.7,0.7,"[7, 7, 7]"
1808,https://menafn.com/1098566987/Youths-protest-in-Europe-over-climate-crisis,,Youths protest in Europe over climate crisis,2019-05-25,https://menafn.com/updates/pr/2019-05/24/GT_76585a50-eimage_story.jpg,menafn.com,English,Qatar,2,2,eu_context,NO,-1,"[""NO"", ""NO"", ""NO""]","[""Protests may signal heightened public concern but lack direct market data to influence short-term ETS pricing."", ""Protests may signal heightened public concern but lack direct market data to influence short-term ETS pricing."", ""Protests may signal heightened public concern but lack direct market data to influence short-term ETS pricing.""]",3,1.0,-0.3,-0.3,"[3, 3, 3]"
1814,https://www.gasworld.com/industrial-gases-in-focus-at-prc-europe-2019/2017245.article,,Industrial gases in focus at PRC Europe 2019,2019-05-27,,gasworld.com,English,United States,2,3,eu_context;energy_driver,NO,-1,"[""NO"", ""NO"", ""NO""]","[""Industrial gases are a niche sector with limited direct impact on EU ETS price movements."", ""Industrial gases are a niche sector with limited direct impact on EU ETS price movements."", ""Industrial gases are a niche sector with limited direct impact on EU ETS price movements.""]",2,1.0,-0.2,-0.2,"[2, 2, 2]"
1820,https://www.euractiv.com/section/climate-environment/news/poland-under-pressure-to-walk-the-talk-on-coal-phase-out/,,Poland under pressure to  walk the talk  on coal phase - out – EURACTIV . com,2019-05-29,https://www.euractiv.com/wp-content/uploads/sites/2/2019/05/Coal_chimney_pylons-800x450.jpg,euractiv.com,English,United Kingdom,2,3,eu_context;energy_driver,YES,1,"[""YES"", ""YES"", ""YES""]","[""Poland\u2019s coal phase-out pressure may trigger EU ETS price volatility via revised emissions targets and compliance costs."", ""Poland\u2019s coal phase-out pressure may trigger EU ETS price volatility via revised emissions targets and compliance costs."", ""Poland\u2019s coal phase-out pressure may trigger EU ETS price volatility via revised emissions targets and compliance costs.""]",6,1.0,0.6,0.6,"[6, 6, 6]"
1826,http://www.globenewswire.com/news-release/2019/05/31/1860394/0/en/Hydronic-Radiators-Market-in-Europe-to-hit-1-6-billion-by-2025-Global-Market-Insights-Inc.html,,"Hydronic Radiators Market in Europe to hit $1 . 6 billion by 2025 : Global Market Insights , Inc . ",2019-05-31,,globenewswire.com,English,United States,2,3,eu_context;carbon_terms=1,NO,-1,"[""NO"", ""NO"", ""NO""]","[""Hydronic radiators are a niche segment in heating systems and unlikely to significantly impact EU ETS price dynamics."", ""Hydronic radiators are a niche segment in heating systems and unlikely to significantly impact EU ETS price dynamics."", ""Hydronic radiators are a niche segment in heating systems and unlikely to significantly impact EU ETS price dynamics.""]",2,1.0,-0.2,-0.2,"[2, 2, 2]"
1832,http://www.mining.com/web/energy-prices-crash-europe-old-new-fuels-vie-share/,,"Energy prices crash in Europe as old , new fuels vie for share",2019-06-02,http://www.mining.com/wp-content/uploads/2019/06/Fiddlers_Ferry_power_station_-_geograph.org_.uk_-_205758.jpg,mining.com,English,Canada,1,3,eu_context;carbon_terms=1,NO,-1,"[""NO"", ""NO"", ""NO""]","[""Short-term price volatility may occur as market uncertainty shifts fuel preferences."", ""Short-term price volatility may occur as market uncertainty shifts fuel preferences."", ""Short-term price volatility may occur as market uncertainty shifts fuel preferences.""]",5,1.0,-0.5,-0.5,"[5, 5, 5]"
1838,https://in.reuters.com/article/netherlands-carbon-emissions-idINKCN1T522B,https://in.mobile.reuters.com/article/amp/idINKCN1T522B,Dutch government proposes minimum price for CO2 emissions from 2020,2019-06-04,https://s4.reutersmedia.net/resources_v2/images/rcom-default.png,in.reuters.com,English,United States,1,3,carbon_terms=3,YES,1,"[""YES"", ""YES"", ""YES""]","[""Dutch policy could influence EU ETS pricing via cross-border emission trading dynamics."", ""Dutch policy could influence EU ETS pricing via cross-border emission trading dynamics."", ""Dutch policy could influence EU ETS pricing via cross-border emission trading dynamics.""]",7,1.0,0.7,0.7,"[7, 7, 7]"
1844,https://www.businesswire.com/news/home/20190605005137/en/Purify-Fuel-Solvay-Teamed-Develop-Nano-Based,,Purify Fuel and Solvay Have Teamed Up to Develop Nano Based Fuel Additive Blends to Reduce Harmful Emissions in Existing Diesel - Powered Engines,2019-06-06,,businesswire.com,English,United States,2,3,carbon_terms=2;energy_driver,YES,1,"[""YES"", ""YES"", ""YES""]","[""Nano fuel additive tech could lower emissions, potentially easing EU ETS compliance burdens and boosting demand for cleaner fuels."", ""Nano fuel additive tech could lower emissions, potentially easing EU ETS compliance burdens and boosting demand for cleaner fuels."", ""Nano fuel additive tech could lower emissions, potentially easing EU ETS compliance burdens and boosting demand for cleaner fuels.""]",7,1.0,0.7,0.7,"[7, 7, 7]"
1850,https://news.yahoo.com/global-gas-plunge-set-curb-040000011.html,https://news.yahoo.com/amphtml/global-gas-plunge-set-curb-040000011.html,The Global Gas Plunge Is Set to Curb Carbon Emissions,2019-06-11,https://s.yimg.com/uu/api/res/1.2/RRhBmF9xL6DdXuSt7MdTtA--~B/aD02NzU7dz0xMjAwO3NtPTE7YXBwaWQ9eXRhY2h5b24-/http://media.zenfs.com/en-US/homerun/bloomberg_politics_602/5ac83034bd82ac652d5a78200c39e465,news.yahoo.com,English,United States,1,4,carbon_terms=3;energy_driver,NO,-1,"[""NO"", ""NO"", ""NO""]","[""Gas price collapse may reduce emissions but could also lower carbon pricing incentives for industries."", ""Gas price collapse may reduce emissions but could also lower carbon pricing incentives for industries."", ""Gas price collapse may reduce emissions but could also lower carbon pricing incentives for industries.""]",5,1.0,-0.5,-0.5,"[5, 5, 5]"
1856,https://www.theyworkforyou.com/sp/?id=2019-06-12.18.0,,Scottish Greenhouse Gas Emissions 2017 : 12 Jun 2019 : Scottish Parliament debates,2019-06-13,,theyworkforyou.com,English,United Kingdom,1,3,carbon_terms=2;energy_driver,NO,-1,"[""NO"", ""NO"", ""NO""]","[""Irrelevant to EU ETS pricing as it pertains to Scottish emissions data from 2017, not current or near-term policy."", ""Irrelevant to EU ETS pricing as it pertains to Scottish emissions data from 2017, not current or near-term policy."", ""Irrelevant to EU ETS pricing as it pertains to Scottish emissions data from 2017, not current or near-term policy.""]",2,1.0,-0.2,-0.2,"[2, 2, 2]"
1862,https://www.euractiv.com/section/emissions-trading-scheme/news/the-european-carbon-market-is-having-a-hard-time-being-effective/,,EU carbon market is having a hard time being effective,2019-06-19,https://www.euractiv.com/wp-content/uploads/sites/2/2018/04/steel-800x450.jpg,euractiv.com,English,United Kingdom,1,4,eu_context;carbon_terms=2,NO,-1,"[""NO"", ""NO"", ""NO""]","[""Market inefficiency may lead to lower price stability and reduced compliance costs, affecting short-term dynamics."", ""Market inefficiency may lead to lower price stability and reduced compliance costs, affecting short-term dynamics."", ""Market inefficiency may lead to lower price stability and reduced compliance costs, affecting short-term dynamics.""]",6,1.0,-0.6,-0.6,"[6, 6, 6]"
1868,http://www.lagazzettadelsudafrica.net/index.php/current-news/6385-polluting-for-profit-the-paradox-of-the-eu-s-emissions-trading-system,,Polluting for Profit : The Paradox of the EU Emissions Trading System,2019-06-21,,lagazzettadelsudafrica.net,English,Italy,1,11,eu_ets_strong;eu_context;carbon_terms=3,NO,-1,"[""NO"", ""NO"", ""NO""]","[""The headline highlights a paradox, suggesting potential market confusion or regulatory uncertainty that could temporarily dampen price momentum."", ""The headline highlights a paradox, suggesting potential market confusion or regulatory uncertainty that could temporarily dampen price momentum."", ""The headline highlights a paradox, suggesting potential market confusion or regulatory uncertainty that could temporarily dampen price momentum.""]",5,1.0,-0.5,-0.5,"[5, 5, 5]"
1874,https://www.euractiv.com/section/electricity/opinion/eu-must-block-greeces-desperate-attempt-to-subsidise-coal-power/,,EU must block Greece desperate attempt to subsidise coal power – EURACTIV . com,2019-06-25,https://www.euractiv.com/wp-content/uploads/sites/2/2019/06/Ptolemaida_Greece_2-800x450.jpg,euractiv.com,English,United Kingdom,1,3,eu_context;energy_driver,NO,-1,"[""NO"", ""NO"", ""NO""]","[""Greece\u2019s coal subsidy attempt may trigger EU regulatory backlash, but short-term ETS price impact is limited without immediate policy enforcement."", ""Greece\u2019s coal subsidy attempt may trigger EU regulatory backlash, but short-term ETS price impact is limited without immediate policy enforcement."", ""Greece\u2019s coal subsidy attempt may trigger EU regulatory backlash, but short-term ETS price impact is limited without immediate policy enforcement.""]",3,1.0,-0.3,-0.3,"[3, 3, 3]"
1880,https://www.economist.com/business/2019/06/29/the-european-steel-industry-is-being-clobbered,https://amp.economist.com/business/2019/06/29/the-european-steel-industry-is-being-clobbered,The European steel industry is being clobbered,2019-06-27,https://www.economist.com/sites/default/files/images/2019/06/articles/main/20190629_wbp501.jpg,economist.com,English,United States,1,2,eu_context,NO,-1,"[""NO"", ""NO"", ""NO""]","[""Steel sector distress may trigger carbon pricing volatility due to emissions intensity and regulatory pressure."", ""Steel sector distress may trigger carbon pricing volatility due to emissions intensity and regulatory pressure."", ""Steel sector distress may trigger carbon pricing volatility due to emissions intensity and regulatory pressure.""]",7,1.0,-0.7,-0.7,"[7, 7, 7]"
1886,http://www.xinhuanet.com/english/2019-07/01/c_138190016.htm,,EU drops support for Polish anti - smog program - Xinhua,2019-07-01,,xinhuanet.com,English,China,1,2,eu_context,NO,-1,"[""NO"", ""NO"", ""NO""]","[""Polish air quality initiatives may reduce emissions, but EU ETS price is more sensitive to broader policy shifts or industrial demand."", ""Polish air quality initiatives may reduce emissions, but EU ETS price is more sensitive to broader policy shifts or industrial demand."", ""Polish air quality initiatives may reduce emissions, but EU ETS price is more sensitive to broader policy shifts or industrial demand.""]",3,1.0,-0.3,-0.3,"[3, 3, 3]"
1892,https://www.investegate.co.uk/ryanair-holdings-plc--rya-/rns/ryanair-s-june-co2-emissions-66g-per-passenger-km/201907041021115026E/,,FE Investegate |Ryanair Holdings PLC Announcements | Ryanair Holdings PLC : RYANAIR JUNE CO2 EMISSIONS 66G PER PASSENGER / KM,2019-07-04,,investegate.co.uk,English,United Kingdom,1,2,carbon_terms=2,NO,-1,"[""NO"", ""NO"", ""NO""]","[""Ryanair\u2019s high emissions per passenger-km suggest potential regulatory or market pressure, but short-term ETS price movement is unlikely to be directly driven by this single metric without broader policy or trading context."", ""Ryanair\u2019s high emissions per passenger-km suggest potential regulatory or market pressure, but short-term ETS price movement is unlikely to be directly driven by this single metric without broader policy or trading context."", ""Ryanair\u2019s high emissions per passenger-km suggest potential regulatory or market pressure, but short-term ETS price movement is unlikely to be directly driven by this single metric without broader policy or trading context.""]",6,1.0,-0.6,-0.6,"[6, 6, 6]"
1898,https://www.euractiv.com/section/climate-strategy-2050/news/eu-clarifies-funding-scope-for-co2-capture-technology/,,EU clarifies funding scope for CO2 capture technology,2019-07-10,https://www.euractiv.com/wp-content/uploads/sites/2/2019/07/Port_of_Rotterdam_Mooring-800x450.jpg,euractiv.com,English,United Kingdom,1,2,eu_context,YES,1,"[""YES"", ""YES"", ""YES""]","[""Clarifies eligibility for carbon capture funding, potentially boosting demand for EU ETS allowances."", ""Clarifies eligibility for carbon capture funding, potentially boosting demand for EU ETS allowances."", ""Clarifies eligibility for carbon capture funding, potentially boosting demand for EU ETS allowances.""]",7,1.0,0.7,0.7,"[7, 7, 7]"
1904,https://whtc.com/news/articles/2019/jul/12/analysts-increase-eu-carbon-price-forecasts-short-term-brexit-risks-remain-reuters-poll/917300/,,"Analysts increase EU carbon price forecasts , short - term Brexit risks remain : Reuters poll | News",2019-07-12,,whtc.com,English,United States,1,4,eu_context;carbon_terms=2,YES,1,"[""YES"", ""YES"", ""YES""]","[""Analysts' increased forecasts suggest bullish momentum, though Brexit risks introduce short-term volatility."", ""Analysts' increased forecasts suggest bullish momentum, though Brexit risks introduce short-term volatility."", ""Analysts' increased forecasts suggest bullish momentum, though Brexit risks introduce short-term volatility.""]",7,1.0,0.7,0.7,"[7, 7, 7]"
1910,https://finance.yahoo.com/news/exxon-loss-court-case-europe-040001769.html,https://finance.yahoo.com/amphtml/news/exxon-loss-court-case-europe-040001769.html,Exxon Loss In a Court Case in Europe May Be a Gain for Carbon Market,2019-07-15,,finance.yahoo.com,English,United States,1,4,eu_context;carbon_terms=2,YES,1,"[""YES"", ""YES"", ""YES""]","[""Exxon\u2019s legal loss could signal increased regulatory pressure, potentially boosting carbon prices."", ""Exxon\u2019s legal loss could signal increased regulatory pressure, potentially boosting carbon prices."", ""Exxon\u2019s legal loss could signal increased regulatory pressure, potentially boosting carbon prices.""]",7,1.0,0.7,0.7,"[7, 7, 7]"
1916,https://www.pv-magazine.com/press-releases/co2-gas-and-coal-prices-and-ppa-dominate-the-headlines-on-electricity-markets-so-far-in-2019/,,"CO2 , gas and coal prices and PPA dominate the headlines on electricity markets so far in 2019",2019-07-17,,pv-magazine.com,English,United States,1,3,carbon_terms=2;energy_driver,NO,-1,"[""NO"", ""NO"", ""NO""]","[""PPA focus suggests limited immediate ETS price volatility due to supply-side dynamics overshadowing carbon pricing."", ""PPA focus suggests limited immediate ETS price volatility due to supply-side dynamics overshadowing carbon pricing."", ""PPA focus suggests limited immediate ETS price volatility due to supply-side dynamics overshadowing carbon pricing.""]",3,1.0,-0.3,-0.3,"[3, 3, 3]"
1922,https://morningstaronline.co.uk/article/b/welsh-communists-demand-eu-powers-wales,,Welsh communists demand EU powers be brought back to Wales,2019-07-21,https://morningstaronline.co.uk/sites/default/files/EU%20Flag.jpg,morningstaronline.co.uk,English,United Kingdom,2,3,eu_context;energy_driver,NO,-1,"[""NO"", ""NO"", ""NO""]","[""Political activism in Wales is unlikely to materially affect EU ETS pricing mechanics or policy."", ""Political activism in Wales is unlikely to materially affect EU ETS pricing mechanics or policy."", ""Political activism in Wales is unlikely to materially affect EU ETS pricing mechanics or policy.""]",1,1.0,-0.1,-0.1,"[1, 1, 1]"
1928,https://nz.finance.yahoo.com/news/coals-demise-quickens-europe-market-040007128.html,https://nz.finance.yahoo.com/amphtml/news/coals-demise-quickens-europe-market-040007128.html,Coal Demise Quickens in Europe as Market Shift Idles Plants,2019-07-23,https://s.yimg.com/uu/api/res/1.2/rkbXAUxu0.ijuuQutrSrBg--~B/aD04NDA7dz0xMjk2O3NtPTE7YXBwaWQ9eXRhY2h5b24-/https://media.zenfs.com/en/bloomberg_markets_842/b1474a3cfb7a70457f670668dfc26768,nz.finance.yahoo.com,English,United States,1,4,eu_context;carbon_terms=1;energy_driver,YES,1,"[""YES"", ""YES"", ""YES""]","[""Coal plant idling reduces emissions demand, likely boosting EU ETS prices as carbon intensity falls."", ""Coal plant idling reduces emissions demand, likely boosting EU ETS prices as carbon intensity falls."", ""Coal plant idling reduces emissions demand, likely boosting EU ETS prices as carbon intensity falls.""]",7,1.0,0.7,0.7,"[7, 7, 7]"
1934,https://www.finanznachrichten.de/nachrichten-2019-07/47270313-cru-the-real-cost-of-co2-to-european-steel-008.htm,,CRU : The Real Cost of CO2 to European Steel,2019-07-25,,finanznachrichten.de,English,Germany,1,2,eu_context,NO,-1,"[""NO"", ""NO"", ""NO""]","[""Highlights real CO2 costs impacting EU ETS compliance for steel, potentially driving price upward."", ""Highlights real CO2 costs impacting EU ETS compliance for steel, potentially driving price upward."", ""Highlights real CO2 costs impacting EU ETS compliance for steel, potentially driving price upward.""]",6,1.0,-0.6,-0.6,"[6, 6, 6]"
1940,https://www.petroleum-economist.com/articles/politics-economics/europe-eurasia/2019/germany-belatedly-joins-europes-war-on-coal,,Germany belatedly joins Europe war on coal,2019-07-29,https://www.petroleum-economist.com/media/6667/germ-cs.png?mode=pad&format=jpg&quality=90&slimmage=true&rnd=132088671390000000,petroleum-economist.com,English,Saudi Arabia,1,3,eu_context;energy_driver,YES,1,"[""YES"", ""YES"", ""YES""]","[""Germany\u2019s delayed coal phase-out could trigger short-term ETS price volatility due to revised emissions targets."", ""Germany\u2019s delayed coal phase-out could trigger short-term ETS price volatility due to revised emissions targets."", ""Germany\u2019s delayed coal phase-out could trigger short-term ETS price volatility due to revised emissions targets.""]",7,1.0,0.7,0.7,"[7, 7, 7]"
1946,http://theconversation.com/new-zealand-poised-to-introduce-clean-car-standards-and-incentives-to-cut-emissions-120896,https://theconversation.com/amp/new-zealand-poised-to-introduce-clean-car-standards-and-incentives-to-cut-emissions-120896,New Zealand poised to introduce clean car standards and incentives to cut emissions,2019-07-31,https://images.theconversation.com/files/286160/original/file-20190730-43140-18oonut.jpg?ixlib=rb-1.1.0&rect=3%2C359%2C2492%2C1246&q=45&auto=format&fit=crop,theconversation.com,English,Australia,1,2,carbon_terms=2,NO,-1,"[""NO"", ""NO"", ""NO""]","[""EU ETS price unlikely to be directly affected as NZ\u2019s policy is not yet binding or integrated into EU markets."", ""EU ETS price unlikely to be directly affected as NZ\u2019s policy is not yet binding or integrated into EU markets."", ""EU ETS price unlikely to be directly affected as NZ\u2019s policy is not yet binding or integrated into EU markets.""]",3,1.0,-0.3,-0.3,"[3, 3, 3]"
1952,http://www.mondovisione.com/media-and-resources/news/eurex-figures-rise-with-the-temperature-eurex-exchange-up-by-18-percent-in-july/,,Eurex Figures Rise With The Temperature : Eurex Exchange Up By 18 Percent In July,2019-08-05,,mondovisione.com,English,United States,1,2,eu_context,NO,-1,"[""NO"", ""NO"", ""NO""]","[""Eurex\u2019s volume surge may reflect speculative activity, not direct ETS price drivers."", ""Eurex\u2019s volume surge may reflect speculative activity, not direct ETS price drivers."", ""Eurex\u2019s volume surge may reflect speculative activity, not direct ETS price drivers.""]",3,1.0,-0.3,-0.3,"[3, 3, 3]"
1958,https://www.petroleum-economist.com/articles/markets/trends/2019/carbon-price-drives-generating-fuel-switch,,Carbon price drives generating fuel switch,2019-08-08,https://www.petroleum-economist.com/media/6729/german-coal-plant-1.jpg?mode=pad&format=jpg&quality=90&slimmage=true&rnd=132097128560000000,petroleum-economist.com,English,Saudi Arabia,1,2,carbon_terms=2,YES,1,"[""YES"", ""YES"", ""YES""]","[""Fuel switching driven by carbon prices can reshape supply chains and alter market dynamics, impacting short-term ETS volatility."", ""Fuel switching driven by carbon prices can reshape supply chains and alter market dynamics, impacting short-term ETS volatility."", ""Fuel switching driven by carbon prices can reshape supply chains and alter market dynamics, impacting short-term ETS volatility.""]",7,1.0,0.7,0.7,"[7, 7, 7]"
1964,https://indiaclimatedialogue.net/2019/08/14/india-needs-roadmap-for-emissions-control-market/,,India needs roadmap for emissions control market,2019-08-14,https://indiaclimatedialogue.net/wp-content/uploads/2019/08/Article6.jpg,indiaclimatedialogue.net,English,India,1,3,carbon_terms=3,NO,-1,"[""NO"", ""NO"", ""NO""]","[""India\u2019s emissions control roadmap may influence global carbon pricing trends but has limited direct short-term impact on EU ETS."", ""India\u2019s emissions control roadmap may influence global carbon pricing trends but has limited direct short-term impact on EU ETS."", ""India\u2019s emissions control roadmap may influence global carbon pricing trends but has limited direct short-term impact on EU ETS.""]",3,1.0,-0.3,-0.3,"[3, 3, 3]"
1970,https://www.triplepundit.com/story/2019/another-european-heat-wave-carbon-credits/84621,,Another European Heat Wave : Carbon Credits,2019-08-20,https://back.3blmedia.com/sites/default/files/styles/ratio_3_2/public/triplepundit/wide/european%20heat%20wave%20wide.png?fac2,triplepundit.com,English,United States,2,3,eu_context;carbon_terms=1,YES,1,"[""YES"", ""YES"", ""YES""]","[""Heat waves increase energy demand and emissions, likely boosting carbon credit demand in the EU ETS."", ""Heat waves increase energy demand and emissions, likely boosting carbon credit demand in the EU ETS."", ""Heat waves increase energy demand and emissions, likely boosting carbon credit demand in the EU ETS.""]",7,1.0,0.7,0.7,"[7, 7, 7]"
1976,https://www.oilandgas360.com/global-renewable-energy-market-analysis-forecast-2019-2023-with-profiles-on-key-players-alstom-power-bharat-heavy-electricals-general-electric-hitachi-toshiba-and-more/,,"Global Renewable Energy Market Analysis & Forecast , 2019 - 2023 with Profiles on Key Players Alstom Power , Bharat Heavy Electricals , General Electric , Hitachi , Toshiba , and More",2019-08-22,,oilandgas360.com,English,United States,1,2,carbon_terms=1;energy_driver,NO,-1,"[""NO"", ""NO"", ""NO""]","[""Renewable energy market growth may indirectly influence EU ETS prices via demand for carbon credits, but direct impact is limited without specific policy or emission data."", ""Renewable energy market growth may indirectly influence EU ETS prices via demand for carbon credits, but direct impact is limited without specific policy or emission data."", ""Renewable energy market growth may indirectly influence EU ETS prices via demand for carbon credits, but direct impact is limited without specific policy or emission data.""]",3,1.0,-0.3,-0.3,"[3, 3, 3]"
1982,https://www.etfstream.com/feature/8934_make-money-from-carbon-permits-with-etfs/,,Make money from carbon permits with ETFs,2019-08-29,https://www.etfstream.com/wp-content/uploads/2019/08/charcoal-2396754_1920.jpg,etfstream.com,English,,1,3,carbon_terms=3,NO,-1,"[""NO"", ""NO"", ""NO""]","[""ETFs are a passive investment vehicle, not a direct driver of EU ETS price movements."", ""ETFs are a passive investment vehicle, not a direct driver of EU ETS price movements."", ""ETFs are a passive investment vehicle, not a direct driver of EU ETS price movements.""]",3,1.0,-0.3,-0.3,"[3, 3, 3]"
1988,http://www.mondovisione.com/media-and-resources/news/eurex-figures-upward-trend-continues-eurex-exchange-up-by-22-percent-in-august/,,Eurex Figures Upward Trend Continues : Eurex Exchange Up By 22 Percent In August,2019-09-04,,mondovisione.com,English,United States,1,2,eu_context,NO,-1,"[""NO"", ""NO"", ""NO""]","[""Eurex\u2019s performance doesn\u2019t directly reflect EU ETS price movements or carbon market fundamentals."", ""Eurex\u2019s performance doesn\u2019t directly reflect EU ETS price movements or carbon market fundamentals."", ""Eurex\u2019s performance doesn\u2019t directly reflect EU ETS price movements or carbon market fundamentals.""]",3,1.0,-0.3,-0.3,"[3, 3, 3]"
1994,https://www.caixinglobal.com/2019-09-09/in-depth-the-road-toward-creating-the-worlds-biggest-carbon-market-101460150.html,,In Depth : The Road Toward Creating the World Biggest Carbon Market,2019-09-08,,caixinglobal.com,English,China,1,2,carbon_terms=2,NO,-1,"[""NO"", ""NO"", ""NO""]","[""The headline suggests a large-scale market development, which could influence prices but doesn't specify immediate short-term effects."", ""The headline suggests a large-scale market development, which could influence prices but doesn't specify immediate short-term effects."", ""The headline suggests a large-scale market development, which could influence prices but doesn't specify immediate short-term effects.""]",5,1.0,-0.5,-0.5,"[5, 5, 5]"
2000,https://lfpress.com/pmn/business-pmn/eu-weighs-new-energy-taxes-as-germany-calls-for-drastic-steps/wcm/79c0e172-5506-4915-ae41-15ab9f6e484c,https://lfpress.com/pmn/business-pmn/eu-weighs-new-energy-taxes-as-germany-calls-for-drastic-steps/wcm/79c0e172-5506-4915-ae41-15ab9f6e484c/amp,EU weighs new energy taxes as Germany calls for  drastic  steps,2019-09-13,,lfpress.com,English,Canada,1,2,eu_context,YES,1,"[""YES"", ""YES"", ""YES""]","[""New energy taxes could boost carbon pricing by increasing compliance costs for emitters."", ""New energy taxes could boost carbon pricing by increasing compliance costs for emitters."", ""New energy taxes could boost carbon pricing by increasing compliance costs for emitters.""]",7,1.0,0.7,0.7,"[7, 7, 7]"
2006,https://www.impel.eu/eu-finance-ministers-consider-tax-incentives-for-climate-mitigation/,,EU finance ministers consider tax incentives for climate mitigation,2019-09-15,,impel.eu,English,Belgium,1,2,eu_context,YES,1,"[""YES"", ""YES"", ""YES""]","[""Tax incentives could boost compliance and emissions reductions, potentially supporting price stability."", ""Tax incentives could boost compliance and emissions reductions, potentially supporting price stability."", ""Tax incentives could boost compliance and emissions reductions, potentially supporting price stability.""]",6,1.0,0.6,0.6,"[6, 6, 6]"
2012,http://www.mondovisione.com/media-and-resources/news/trayport-european-commodities-august-2019-report-monthly-contracts-traded-down/,,"Trayport European Commodities August 2019 Report : Monthly Contracts Traded Down 19 % Vs . Strong July , 2019 Low For Euro Gas , TTF Price Up Again",2019-09-19,,mondovisione.com,English,United States,1,4,eu_context;carbon_terms=1;energy_driver,NO,-1,"[""NO"", ""NO"", ""NO""]","[""TTF price rebound suggests short-term volatility but lacks clear long-term trend signal."", ""TTF price rebound suggests short-term volatility but lacks clear long-term trend signal."", ""TTF price rebound suggests short-term volatility but lacks clear long-term trend signal.""]",5,1.0,-0.5,-0.5,"[5, 5, 5]"
2018,http://www.thegwpf.com/the-green-paradox-why-europes-unilateral-climate-policies-increase-global-co2-emissions/,,The Green Paradox : Why Europe Climate Policies Increase Global CO2 Emissions - The Global Warming Policy Forum ( GWPF ) ,2019-09-21,,thegwpf.com,English,,1,4,eu_context;carbon_terms=2,NO,-1,"[""NO"", ""NO"", ""NO""]","[""EU ETS policies may inadvertently trigger global emission increases via carbon leakage, but short-term price impact is uncertain."", ""EU ETS policies may inadvertently trigger global emission increases via carbon leakage, but short-term price impact is uncertain."", ""EU ETS policies may inadvertently trigger global emission increases via carbon leakage, but short-term price impact is uncertain.""]",6,1.0,-0.6,-0.6,"[6, 6, 6]"
2024,https://af.reuters.com/article/commoditiesNews/idAFL5N26F2OJ,https://mobile.reuters.com/article/amp/af/idAFL5N26F2OJ,"EUROPE POWER - Spot supported by steady German demand , fall in solar output - Agricultural Commodities",2019-09-24,https://s4.reutersmedia.net/resources_v2/images/rcom-default.png,af.reuters.com,English,United States,1,3,eu_context;energy_driver,YES,1,"[""YES"", ""YES"", ""YES""]","[""German demand sustains spot prices while solar decline adds pressure, suggesting short-term support."", ""German demand sustains spot prices while solar decline adds pressure, suggesting short-term support."", ""German demand sustains spot prices while solar decline adds pressure, suggesting short-term support.""]",7,1.0,0.7,0.7,"[7, 7, 7]"
2030,https://www.governmenteuropa.eu/aviation-emissions/94808/,,Aviation emissions could rise by 683 million tonnes under new scheme,2019-09-26,https://www.governmenteuropa.eu/wp-content/uploads/2019/09/aviation.jpg,governmenteuropa.eu,English,,1,2,carbon_terms=2,NO,-1,"[""NO"", ""NO"", ""NO""]","[""New aviation emissions projections could trigger stricter caps or carbon pricing adjustments in EU ETS."", ""New aviation emissions projections could trigger stricter caps or carbon pricing adjustments in EU ETS."", ""New aviation emissions projections could trigger stricter caps or carbon pricing adjustments in EU ETS.""]",7,1.0,-0.7,-0.7,"[7, 7, 7]"
2036,https://www.capitalethiopia.com/business-economy/eus-the-green-new-deal/,https://www.capitalethiopia.com/business-economy/eus-the-green-new-deal/amp/,EU The  Green New Deal  | Capital Ethiopia Newspaper,2019-09-30,,capitalethiopia.com,English,Ethiopia,1,2,eu_context,NO,-1,"[""NO"", ""NO"", ""NO""]","[""Irrelevant to EU ETS as it pertains to Ethiopia\u2019s national policy, not EU market dynamics."", ""Irrelevant to EU ETS as it pertains to Ethiopia\u2019s national policy, not EU market dynamics."", ""Irrelevant to EU ETS as it pertains to Ethiopia\u2019s national policy, not EU market dynamics.""]",2,1.0,-0.2,-0.2,"[2, 2, 2]"
2042,https://wsau.com/news/articles/2019/oct/02/eu-leaders-risk-trade-tension-with-carbon-border-tax-to-protect-industry/943258/,,EU leaders risk trade tension with carbon border tax to protect industry | News,2019-10-02,https://radiocms-images.us1.eldarioncloud.com/resize/1200/https://storage.googleapis.com/media.mwcradio.com/mimesis/2019-10/02/2019-10-02T161845Z_1_LYNXMPEF911AS_RTROPTP_3_BRITAIN-EU-FROST.JPG?upscale=False,wsau.com,English,United States,1,3,eu_context;carbon_terms=1,YES,1,"[""YES"", ""YES"", ""YES""]","[""Carbon border tax risks triggering trade retaliation, potentially pressuring EU ETS prices via reduced demand or market uncertainty."", ""Carbon border tax risks triggering trade retaliation, potentially pressuring EU ETS prices via reduced demand or market uncertainty."", ""Carbon border tax risks triggering trade retaliation, potentially pressuring EU ETS prices via reduced demand or market uncertainty.""]",7,1.0,0.7,0.7,"[7, 7, 7]"
2048,https://kdal610.com/news/articles/2019/oct/04/analysts-cut-carbon-price-forecasts-as-brexit-clouds-market-reuters-poll/944044/,,Analysts cut carbon price forecasts as Brexit clouds market : Reuters poll | News,2019-10-04,,kdal610.com,English,United States,1,3,carbon_terms=3,NO,-1,"[""NO"", ""NO"", ""NO""]","[""Brexit uncertainty introduces volatility that could suppress short-term EU ETS prices despite analyst revisions."", ""Brexit uncertainty introduces volatility that could suppress short-term EU ETS prices despite analyst revisions."", ""Brexit uncertainty introduces volatility that could suppress short-term EU ETS prices despite analyst revisions.""]",6,1.0,-0.6,-0.6,"[6, 6, 6]"
2054,https://www.euractiv.com/section/climate-environment/news/eu-ministers-fudge-2030-climate-target-lines/,,EU ministers fudge 2030 climate target lines,2019-10-07,https://www.euractiv.com/wp-content/uploads/sites/2/2019/10/8D11A740-D223-1D4F-89F8-256C04AA38EE-800x450.jpg,euractiv.com,English,United Kingdom,1,2,eu_context,NO,-1,"[""NO"", ""NO"", ""NO""]","[""Fudging targets may signal regulatory uncertainty, potentially dampening investor confidence in EU ETS."", ""Fudging targets may signal regulatory uncertainty, potentially dampening investor confidence in EU ETS."", ""Fudging targets may signal regulatory uncertainty, potentially dampening investor confidence in EU ETS.""]",6,1.0,-0.6,-0.6,"[6, 6, 6]"
2060,https://kfgo.com/news/articles/2019/oct/10/factbox-how-the-uks-energy-markets-will-work-if-it-leaves-the-eu/945836/,,Factbox : How the united kingdom energy markets will work if it leaves the EU | News,2019-10-10,,kfgo.com,English,United States,1,3,eu_context;carbon_terms=1,NO,-1,"[""NO"", ""NO"", ""NO""]","[""UK leaving EU may affect ETS price via divergent carbon pricing policies and market integration risks."", ""UK leaving EU may affect ETS price via divergent carbon pricing policies and market integration risks."", ""UK leaving EU may affect ETS price via divergent carbon pricing policies and market integration risks.""]",5,1.0,-0.5,-0.5,"[5, 5, 5]"
2066,https://af.reuters.com/article/energyOilNews/idAFL3N26Z2BX,https://mobile.reuters.com/article/amp/af/idAFL3N26Z2BX,NORDIC POWER - Forward prices dip on wet weather outlook - Energy & Oil,2019-10-14,https://s4.reutersmedia.net/resources_v2/images/rcom-default.png,af.reuters.com,English,United States,1,2,carbon_terms=1;energy_driver,NO,-1,"[""NO"", ""NO"", ""NO""]","[""Wet weather may reduce demand for heating, potentially lowering short-term EU ETS prices."", ""Wet weather may reduce demand for heating, potentially lowering short-term EU ETS prices."", ""Wet weather may reduce demand for heating, potentially lowering short-term EU ETS prices.""]",5,1.0,-0.5,-0.5,"[5, 5, 5]"
2072,https://www.energyworldmag.com/europes-just-energy-transition/,,Europe just energy transition | EnergyWorld Magazine,2019-10-16,https://www.energyworldmag.com/wp-content/uploads/2019/10/Filip-Grzgorczyk.png,energyworldmag.com,English,Romania,1,2,eu_context,NO,-1,"[""NO"", ""NO"", ""NO""]","[""Lack of specific policy or market data in headline makes directional impact uncertain."", ""Lack of specific policy or market data in headline makes directional impact uncertain."", ""Lack of specific policy or market data in headline makes directional impact uncertain.""]",3,1.0,-0.3,-0.3,"[3, 3, 3]"
2078,https://af.reuters.com/article/energyOilNews/idAFL5N2725GX,https://mobile.reuters.com/article/amp/af/idAFL5N2725GX,EUROPE POWER - Monday prices rise on tightening wind supply in Germany - Energy & Oil,2019-10-18,https://s4.reutersmedia.net/resources_v2/images/rcom-default.png,af.reuters.com,English,United States,2,4,eu_context;carbon_terms=1;energy_driver,YES,1,"[""YES"", ""YES"", ""YES""]","[""Tightening wind supply in Germany increases demand for fossil fuels, likely pushing EU ETS prices higher."", ""Tightening wind supply in Germany increases demand for fossil fuels, likely pushing EU ETS prices higher."", ""Tightening wind supply in Germany increases demand for fossil fuels, likely pushing EU ETS prices higher.""]",7,1.0,0.7,0.7,"[7, 7, 7]"
2084,https://www.greencarcongress.com/2019/10/20191020-busworld.html,,"Number of electric buses in Europe has increased from around 200 to 2 , 200 in 5 years",2019-10-20,,greencarcongress.com,English,United States,2,2,eu_context,YES,1,"[""YES"", ""YES"", ""YES""]","[""Increased electric bus adoption signals growing demand for clean transport, likely boosting EU ETS compliance costs and price."", ""Increased electric bus adoption signals growing demand for clean transport, likely boosting EU ETS compliance costs and price."", ""Increased electric bus adoption signals growing demand for clean transport, likely boosting EU ETS compliance costs and price.""]",7,1.0,0.7,0.7,"[7, 7, 7]"
2090,https://www.powermag.com/press-releases/highview-power-to-develop-multiple-cryogenic-energy-storage-facilities-in-the-uk-and-to-build-europes-largest-storage-system/,,Highview Power to Develop Multiple Cryogenic Energy Storage Facilities in the united kingdom and to Build Europe Largest Storage System,2019-10-22,,powermag.com,English,United States,2,3,eu_context;energy_driver,YES,1,"[""YES"", ""YES"", ""YES""]","[""Cryogenic storage could enable grid flexibility and reduce reliance on fossil fuels, potentially boosting EU ETS demand."", ""Cryogenic storage could enable grid flexibility and reduce reliance on fossil fuels, potentially boosting EU ETS demand."", ""Cryogenic storage could enable grid flexibility and reduce reliance on fossil fuels, potentially boosting EU ETS demand.""]",7,1.0,0.7,0.7,"[7, 7, 7]"
2096,http://ieefa.org/carbon-tracker-europes-coal-power-generators-facing-massive-losses-this-year/,,Carbon Tracker : Europe coal power generators facing massive losses this year - Institute for Energy Economics & Financial Analysis : Institute for Energy Economics & Financial Analysis,2019-10-24,http://ieefa.org/wp-content/uploads/2018/02/IEEFA-META-IMG.jpg,ieefa.org,English,United States,2,4,eu_context;carbon_terms=1;energy_driver,YES,1,"[""YES"", ""YES"", ""YES""]","[""Coal generators\u2019 losses signal strong downward pressure on EU ETS prices due to reduced demand for carbon credits."", ""Coal generators\u2019 losses signal strong downward pressure on EU ETS prices due to reduced demand for carbon credits."", ""Coal generators\u2019 losses signal strong downward pressure on EU ETS prices due to reduced demand for carbon credits.""]",8,1.0,0.8,0.8,"[8, 8, 8]"
2102,https://ph.news.yahoo.com/study-shows-gas-emissions-still-060040570.html,https://ph.news.yahoo.com/amphtml/study-shows-gas-emissions-still-060040570.html,"Study Shows Gas Emissions are Still Rising Worldwide , Thanks to Popularity of Big SUVs",2019-10-26,https://s.yimg.com/uu/api/res/1.2/F09fSCvTF_HZcJFyva6brw--~B/aD01MDA7dz03NTA7c209MTthcHBpZD15dGFjaHlvbg--/http://media.zenfs.com/en-PH/homerun/carmudi.com.ph/04a75f0617b0c7eaa40e4405028dbe88,ph.news.yahoo.com,English,United States,2,3,carbon_terms=2;energy_driver,NO,-1,"[""NO"", ""NO"", ""NO""]","[""SUV demand drives emissions growth, potentially pressuring EU ETS prices as carbon intensity of transport sectors rises."", ""SUV demand drives emissions growth, potentially pressuring EU ETS prices as carbon intensity of transport sectors rises."", ""SUV demand drives emissions growth, potentially pressuring EU ETS prices as carbon intensity of transport sectors rises.""]",6,1.0,-0.6,-0.6,"[6, 6, 6]"
2108,https://www.europa-nu.nl/id/vl31fwni2gz8/nieuws/co2_emissions_from_ships_council_agrees,,CO2 emissions from ships : Council agrees its position on a revision of EU rules,2019-10-28,https://www.europa-nu.nl/9353265/g/twcard.jpg,europa-nu.nl,English,Netherlands,2,4,eu_context;carbon_terms=2,NO,-1,"[""NO"", ""NO"", ""NO""]","[""EU maritime emissions are a growing sector, but the revision\u2019s impact on ETS prices is indirect and uncertain."", ""EU maritime emissions are a growing sector, but the revision\u2019s impact on ETS prices is indirect and uncertain."", ""EU maritime emissions are a growing sector, but the revision\u2019s impact on ETS prices is indirect and uncertain.""]",5,1.0,-0.5,-0.5,"[5, 5, 5]"
2114,https://af.reuters.com/article/energyOilNews/idAFL8N27E5EO,https://mobile.reuters.com/article/amp/af/idAFL8N27E5EO,"EUROPE POWER - Supply pressure , nearing holidays weigh on spot prices - Energy & Oil",2019-10-30,https://s4.reutersmedia.net/resources_v2/images/rcom-default.png,af.reuters.com,English,United States,2,4,eu_context;carbon_terms=1;energy_driver,NO,-1,"[""NO"", ""NO"", ""NO""]","[""Supply pressure and holiday season likely to suppress spot prices temporarily."", ""Supply pressure and holiday season likely to suppress spot prices temporarily."", ""Supply pressure and holiday season likely to suppress spot prices temporarily.""]",6,1.0,-0.6,-0.6,"[6, 6, 6]"
2120,https://www.businessgreen.com/bg/news/3083304/eu-greenhouse-gas-emissions-fall-two-per-cent-in-2018,,EU greenhouse gas emissions fall two per cent in 2018,2019-11-01,,businessgreen.com,English,United Kingdom,1,5,eu_context;carbon_terms=2;energy_driver,NO,-1,"[""NO"", ""NO"", ""NO""]","[""Lower emissions suggest potential downward pressure on EU ETS prices due to reduced compliance costs."", ""Lower emissions suggest potential downward pressure on EU ETS prices due to reduced compliance costs."", ""Lower emissions suggest potential downward pressure on EU ETS prices due to reduced compliance costs.""]",3,1.0,-0.3,-0.3,"[3, 3, 3]"
2126,https://www.outsideonline.com/2403882/how-to-travel-responsibly,,How to Cut Down on Carbon Emissions When Traveling,2019-11-03,https://www.outsideonline.com/sites/default/files/styles/full-page/public/2019/10/14/flying-over-glacier_h.jpg?itok=y-2TIl-W,outsideonline.com,English,United States,2,3,carbon_terms=3,NO,-1,"[""NO"", ""NO"", ""NO""]","[""Travel tips are unlikely to drive immediate market shifts in EU ETS pricing."", ""Travel tips are unlikely to drive immediate market shifts in EU ETS pricing."", ""Travel tips are unlikely to drive immediate market shifts in EU ETS pricing.""]",3,1.0,-0.3,-0.3,"[3, 3, 3]"
2132,https://sciencebusiness.net/network-updates/eua-appoints-amanda-crowfoot-secretary-general,,EUA appoints Amanda Crowfoot as Secretary General,2019-11-05,,sciencebusiness.net,English,United Kingdom,1,6,eu_ets_strong,NO,-1,"[""NO"", ""NO"", ""NO""]","[""Her appointment is a symbolic leadership change with minimal direct market impact on EU ETS pricing."", ""Her appointment is a symbolic leadership change with minimal direct market impact on EU ETS pricing."", ""Her appointment is a symbolic leadership change with minimal direct market impact on EU ETS pricing.""]",2,1.0,-0.2,-0.2,"[2, 2, 2]"
2138,https://af.reuters.com/article/commoditiesNews/idAFL8N27M7JU,https://mobile.reuters.com/article/amp/af/idAFL8N27M7JU,EUROPE POWER - Spot rises due to lower wind supply in volatile weather - Agricultural Commodities,2019-11-07,https://s4.reutersmedia.net/resources_v2/images/rcom-default.png,af.reuters.com,English,United States,2,3,eu_context;energy_driver,YES,1,"[""YES"", ""YES"", ""YES""]","[""Wind supply volatility directly impacts EU ETS pricing via power generation costs and carbon intensity adjustments."", ""Wind supply volatility directly impacts EU ETS pricing via power generation costs and carbon intensity adjustments."", ""Wind supply volatility directly impacts EU ETS pricing via power generation costs and carbon intensity adjustments.""]",7,1.0,0.7,0.7,"[7, 7, 7]"
2144,https://energy.economictimes.indiatimes.com/news/power/coal-reliant-polands-e-car-push-clouded-by-eu-emissions-row/71978689,https://energy.economictimes.indiatimes.com/amp/news/power/coal-reliant-polands-e-car-push-clouded-by-eu-emissions-row/71978689,"Coal - reliant Poland e - car push clouded by EU emissions row , Energy News , ET EnergyWorld",2019-11-09,"https://etimg.etb2bimg.com/thumb/msid-71978689,imgsize-105338,width-800,height-434,overlay-etenergyworld/coal-reliant-poland-s-e-car-push-clouded-by-eu-emissions-row.jpg",energy.economictimes.indiatimes.com,English,India,2,5,eu_context;carbon_terms=2;energy_driver,NO,-1,"[""NO"", ""NO"", ""NO""]","[""Poland\u2019s coal-dependent economy and EV push may face regulatory friction with EU emissions targets, potentially dampening short-term ETS demand."", ""Poland\u2019s coal-dependent economy and EV push may face regulatory friction with EU emissions targets, potentially dampening short-term ETS demand."", ""Poland\u2019s coal-dependent economy and EV push may face regulatory friction with EU emissions targets, potentially dampening short-term ETS demand.""]",6,1.0,-0.6,-0.6,"[6, 6, 6]"
2150,https://www.hellenicshippingnews.com/europe-must-stand-firm-and-clean-up-shippings-giant-co2-emissions/,,Europe must stand firm and clean up shipping giant CO2 emissions | Hellenic Shipping News Worldwide,2019-11-11,,hellenicshippingnews.com,English,China,2,4,eu_context;carbon_terms=2,YES,1,"[""YES"", ""YES"", ""YES""]","[""Shipping emissions are a major EU ETS compliance risk, driving regulatory pressure and potential price spikes."", ""Shipping emissions are a major EU ETS compliance risk, driving regulatory pressure and potential price spikes."", ""Shipping emissions are a major EU ETS compliance risk, driving regulatory pressure and potential price spikes.""]",7,1.0,0.7,0.7,"[7, 7, 7]"
2156,https://www.politico.eu/sponsored-content/hydrogen-power-for-europes-green-energy-transformation/,https://www.politico.eu/sponsored-content/hydrogen-power-for-europes-green-energy-transformation/amp/,Hydrogen power for Europe green energy transformation – POLITICO,2019-11-13,https://www.politico.eu/wp-content/uploads/2019/11/%C2%A9-VanHool-2018-1200x628.jpg,politico.eu,English,United States,2,3,eu_context;energy_driver,NO,-1,"[""NO"", ""NO"", ""NO""]","[""Hydrogen\u2019s role in decarbonization may influence long-term ETS demand but doesn\u2019t signal immediate price shifts."", ""Hydrogen\u2019s role in decarbonization may influence long-term ETS demand but doesn\u2019t signal immediate price shifts."", ""Hydrogen\u2019s role in decarbonization may influence long-term ETS demand but doesn\u2019t signal immediate price shifts.""]",5,1.0,-0.5,-0.5,"[5, 5, 5]"
2162,https://www.wral.com/switzerland-oks-linkup-with-eu-s-emissions-trading-system/18763998/,https://www.wral.com/switzerland-oks-linkup-with-eu-s-emissions-trading-system/18763998/?version=amp,Switzerland OKs linkup with EU emissions trading system :: WRAL . com,2019-11-15,https://wwwcache.wral.com/presentation/v3/images/content/social/open_graph/wral_news5_1920x1080.jpg,wral.com,English,United States,1,11,eu_ets_strong;eu_context;carbon_terms=3,YES,1,"[""YES"", ""YES"", ""YES""]","[""Swiss accession to EU ETS could increase cross-border trading volume and pressure prices upward."", ""Swiss accession to EU ETS could increase cross-border trading volume and pressure prices upward."", ""Swiss accession to EU ETS could increase cross-border trading volume and pressure prices upward.""]",7,1.0,0.7,0.7,"[7, 7, 7]"
2168,https://www.icis.com/asian-chemical-connections/2019/11/environmental-taxes-on-us-polyethylene-shipments-to-the-eu-seem-inevitable/,,Environmental taxes on US polyethylene shipments to the EU seem inevitable – Asian Chemical Connections,2019-11-17,,icis.com,English,China,2,2,eu_context,NO,-1,"[""NO"", ""NO"", ""NO""]","[""New environmental taxes on US polyethylene shipments to the EU could disrupt supply chains and increase EU ETS compliance costs, potentially pressuring prices."", ""New environmental taxes on US polyethylene shipments to the EU could disrupt supply chains and increase EU ETS compliance costs, potentially pressuring prices."", ""New environmental taxes on US polyethylene shipments to the EU could disrupt supply chains and increase EU ETS compliance costs, potentially pressuring prices.""]",7,1.0,-0.7,-0.7,"[7, 7, 7]"
2174,https://www.cam.ac.uk/research/news/climate-change-could-double-greenhouse-gas-emissions-from-freshwater-ecosystems,,Climate change could double greenhouse gas emissions from freshwater ecosystems,2019-11-19,https://www.cam.ac.uk/sites/www.cam.ac.uk/files/news/news/banff-1231186crop.jpg,cam.ac.uk,English,United Kingdom,2,3,carbon_terms=2;energy_driver,NO,-1,"[""NO"", ""NO"", ""NO""]","[""Freshwater ecosystem emissions are minor compared to global GHG totals and unlikely to significantly impact EU ETS pricing."", ""Freshwater ecosystem emissions are minor compared to global GHG totals and unlikely to significantly impact EU ETS pricing."", ""Freshwater ecosystem emissions are minor compared to global GHG totals and unlikely to significantly impact EU ETS pricing.""]",2,1.0,-0.2,-0.2,"[2, 2, 2]"
2180,https://www.euractiv.com/section/shipping/opinion/time-to-steer-shipping-into-the-eu-carbon-market/,,Time to steer shipping into the EU carbon market,2019-11-22,https://www.euractiv.com/wp-content/uploads/sites/2/2019/11/Ship-800x450.jpg,euractiv.com,English,United Kingdom,1,4,eu_context;carbon_terms=2,YES,1,"[""YES"", ""YES"", ""YES""]","[""Shipping sector\u2019s entry into EU ETS could drive demand and push prices higher."", ""Shipping sector\u2019s entry into EU ETS could drive demand and push prices higher."", ""Shipping sector\u2019s entry into EU ETS could drive demand and push prices higher.""]",7,1.0,0.7,0.7,"[7, 7, 7]"
2186,https://uk.reuters.com/article/us-eu-climate-carbonpricing/high-level-advisory-group-recommends-eu-push-for-global-carbon-pricing-idUKKBN1Y01UM,https://uk.mobile.reuters.com/article/amp/idUKKBN1Y01UM,High - level advisory group recommends EU push for global carbon pricing,2019-11-26,https://s1.reutersmedia.net/resources/r/?m=02&d=20191126&t=2&i=1457002304&r=LYNXMPEFAP1B0,uk.reuters.com,English,United States,1,3,eu_context;carbon_terms=1,YES,1,"[""YES"", ""YES"", ""YES""]","[""Signals potential policy momentum that could boost ETS prices through expanded scope or stronger regulation."", ""Signals potential policy momentum that could boost ETS prices through expanded scope or stronger regulation."", ""Signals potential policy momentum that could boost ETS prices through expanded scope or stronger regulation.""]",7,1.0,0.7,0.7,"[7, 7, 7]"
2192,https://bellona.org/news/eu/2019-11-eu-industries-masterplan-to-use-avoided-emissions-as-justification-for-inaction,,EU Industrie Masterplan : To use  avoided  emissions as justification for inaction,2019-11-28,https://network.bellona.org/content/uploads/sites/3/2019/11/Screenshot-15.png,bellona.org,English,Russia,1,4,eu_context;carbon_terms=2,NO,-1,"[""NO"", ""NO"", ""NO""]","[""Avoided emissions may reduce pressure on compliance but don\u2019t guarantee price stability or long-term trends."", ""Avoided emissions may reduce pressure on compliance but don\u2019t guarantee price stability or long-term trends."", ""Avoided emissions may reduce pressure on compliance but don\u2019t guarantee price stability or long-term trends.""]",5,1.0,-0.5,-0.5,"[5, 5, 5]"
2198,https://energy.economictimes.indiatimes.com/news/coal/europe-to-consider-law-on-climate-neutrality-by-march/72302209,https://energy.economictimes.indiatimes.com/amp/news/coal/europe-to-consider-law-on-climate-neutrality-by-march/72302209,"Europe to consider law on climate neutrality by March , Energy News , ET EnergyWorld",2019-11-30,"https://etimg.etb2bimg.com/thumb/msid-72302209,imgsize-74160,width-800,height-434,overlay-etenergyworld/europe-to-consider-law-on-climate-neutrality-by-march.jpg",energy.economictimes.indiatimes.com,English,India,1,2,eu_context,NO,-1,"[""NO"", ""NO"", ""NO""]","[""Potential regulatory momentum may influence long-term pricing but lacks immediate market signal."", ""Potential regulatory momentum may influence long-term pricing but lacks immediate market signal."", ""Potential regulatory momentum may influence long-term pricing but lacks immediate market signal.""]",5,1.0,-0.5,-0.5,"[5, 5, 5]"
2204,https://mashable.com/article/un-climate-cop-25/,,U . N . aims to make carbon emissions cost money at COP 25 climate talks,2019-12-02,https://blueprint-api-production.s3.amazonaws.com,mashable.com,English,United States,1,3,carbon_terms=3,YES,1,"[""YES"", ""YES"", ""YES""]","[""UN\u2019s COP25 agenda may influence policy but doesn\u2019t directly trigger short-term ETS price movement."", ""UN\u2019s COP25 agenda may influence policy but doesn\u2019t directly trigger short-term ETS price movement."", ""UN\u2019s COP25 agenda may influence policy but doesn\u2019t directly trigger short-term ETS price movement.""]",5,1.0,0.5,0.5,"[5, 5, 5]"
2210,https://finance.yahoo.com/news/wait-until-donald-trump-hears-090007571.html,https://finance.yahoo.com/amphtml/news/wait-until-donald-trump-hears-090007571.html,Wait Until Donald Trump Hears About Europe Carbon Tax,2019-12-04,https://s.yimg.com/uu/api/res/1.2/pXLarVlPM7IBnuIFwpaf.g--~B/aD04MzA7dz0xMjk2O3NtPTE7YXBwaWQ9eXRhY2h5b24-/https://media.zenfs.com/en/bloomberg_opinion_268/6d74745607eef19dd3d67a6c673b2b14,finance.yahoo.com,English,United States,1,3,eu_context;carbon_terms=1,NO,-1,"[""NO"", ""NO"", ""NO""]","[""Trump\u2019s political stance may influence U.S. policy, but EU ETS is largely insulated from direct U.S. carbon tax actions."", ""Trump\u2019s political stance may influence U.S. policy, but EU ETS is largely insulated from direct U.S. carbon tax actions."", ""Trump\u2019s political stance may influence U.S. policy, but EU ETS is largely insulated from direct U.S. carbon tax actions.""]",3,1.0,-0.3,-0.3,"[3, 3, 3]"
2216,https://www.reuters.com/article/us-climate-change-accord-carbontrading/trading-carbon-credits-from-nature-sparks-fiery-debate-at-u-n-talks-idUSKBN1Y92TB,https://mobile.reuters.com/article/amp/idUSKBN1Y92TB,Trading carbon credits from nature sparks fiery debate at U . N . talks,2019-12-06,https://s4.reutersmedia.net/resources_v2/images/rcom-default.png,reuters.com,English,United States,1,2,carbon_terms=2,NO,-1,"[""NO"", ""NO"", ""NO""]","[""Nature-based carbon credit trading could influence EU ETS pricing via regulatory or market sentiment shifts."", ""Nature-based carbon credit trading could influence EU ETS pricing via regulatory or market sentiment shifts."", ""Nature-based carbon credit trading could influence EU ETS pricing via regulatory or market sentiment shifts.""]",6,1.0,-0.6,-0.6,"[6, 6, 6]"
2222,https://www.consilium.europa.eu/en/press/press-releases/2019/12/09/linking-of-switzerland-to-the-eu-emissions-trading-system-entry-into-force-on-1-january-2020/,,Linking of Switzerland to the EU emissions trading system - entry into force on 1 January 2020,2019-12-09,https://www.consilium.europa.eu/media/41684/swiss-linking-publication.jpg,consilium.europa.eu,English,Latvia,1,11,eu_ets_strong;eu_context;carbon_terms=3,YES,1,"[""YES"", ""YES"", ""YES""]","[""Switzerland\u2019s entry into the EU ETS in 2020 expanded the market, increasing trading volume and potentially boosting prices due to added supply and demand dynamics."", ""Switzerland\u2019s entry into the EU ETS in 2020 expanded the market, increasing trading volume and potentially boosting prices due to added supply and demand dynamics."", ""Switzerland\u2019s entry into the EU ETS in 2020 expanded the market, increasing trading volume and potentially boosting prices due to added supply and demand dynamics.""]",7,1.0,0.7,0.7,"[7, 7, 7]"
2228,https://www.rechargenews.com/transition/eu-plans-to-impose-worlds-first-carbon-border-taxes-on-emissions-heavy-imports/2-1-722452,,EU plans to impose world first carbon border taxes on emissions - heavy imports,2019-12-11,https://images-global.nhst.tech/image/SzJtNUF0VkdJaGZyVDNZenorRzlaQklzQ2RYU1FiOHF1eDF1alVzUHowRT0=/nhst/binary/94e3b416f771e0305a3d28e4a9e0c940?image_version=720,rechargenews.com,English,United States,1,5,eu_context;carbon_terms=3,YES,1,"[""YES"", ""YES"", ""YES""]","[""Carbon border taxes will likely increase import costs for high-emission goods, boosting EU ETS demand."", ""Carbon border taxes will likely increase import costs for high-emission goods, boosting EU ETS demand."", ""Carbon border taxes will likely increase import costs for high-emission goods, boosting EU ETS demand.""]",8,1.0,0.8,0.8,"[8, 8, 8]"
2234,https://uk.reuters.com/article/us-climate-change-accord-carbon-trading/factbox-global-schemes-putting-a-price-on-carbon-emissions-idUKKBN1YE2EO,https://uk.mobile.reuters.com/article/amp/idUKKBN1YE2EO,Factbox : Global schemes putting a price on carbon emissions,2019-12-13,https://s4.reutersmedia.net/resources_v2/images/rcom-default.png,uk.reuters.com,English,United States,1,4,carbon_terms=4,NO,-1,"[""NO"", ""NO"", ""NO""]","[""Global carbon pricing schemes may influence EU ETS indirectly but don't guarantee short-term price movement."", ""Global carbon pricing schemes may influence EU ETS indirectly but don't guarantee short-term price movement."", ""Global carbon pricing schemes may influence EU ETS indirectly but don't guarantee short-term price movement.""]",5,1.0,-0.5,-0.5,"[5, 5, 5]"
2240,https://finance.yahoo.com/news/carbon-markets-fail-win-backing-115300244.html,https://finance.yahoo.com/amphtml/news/carbon-markets-fail-win-backing-115300244.html,Carbon Markets Fail to Win Backing at UN Talks on Climate,2019-12-15,https://s.yimg.com/uu/api/res/1.2/7dbTHNJwrl2ONe3cLpC84Q--~B/aD04NzI7dz0xMjk2O3NtPTE7YXBwaWQ9eXRhY2h5b24-/https://media.zenfs.com/en/bloomberg_markets_842/70931ce4e81b2b99304081cc8a6c048c,finance.yahoo.com,English,United States,1,2,carbon_terms=2,NO,-1,"[""NO"", ""NO"", ""NO""]","[""UN rejection signals potential policy uncertainty, risking short-term ETS volatility."", ""UN rejection signals potential policy uncertainty, risking short-term ETS volatility."", ""UN rejection signals potential policy uncertainty, risking short-term ETS volatility.""]",6,1.0,-0.6,-0.6,"[6, 6, 6]"
2246,https://www.reuters.com/article/us-germany-politics-merkel-climate/merkel-favors-expanding-emissions-trading-at-eu-level-idUSKBN1YM1FE,https://mobile.reuters.com/article/amp/idUSKBN1YM1FE,Merkel favors expanding emissions trading at EU level,2019-12-18,https://s3.reutersmedia.net/resources/r/?m=02&d=20191218&t=2&i=1465621162&r=LYNXMPEFBH126,reuters.com,English,United States,1,5,eu_context;carbon_terms=3,YES,1,"[""YES"", ""YES"", ""YES""]","[""Merkel\u2019s support for expansion could signal regulatory tightening, boosting ETS demand."", ""Merkel\u2019s support for expansion could signal regulatory tightening, boosting ETS demand."", ""Merkel\u2019s support for expansion could signal regulatory tightening, boosting ETS demand.""]",7,1.0,0.7,0.7,"[7, 7, 7]"
2252,https://af.reuters.com/article/energyOilNews/idAFL8N28U2J0,https://mobile.reuters.com/article/amp/af/idAFL8N28U2J0,"EUROPE POWER - Year - ahead tracks fall in carbon , coal and gas prices - Energy & Oil",2019-12-20,https://s4.reutersmedia.net/resources_v2/images/rcom-default.png,af.reuters.com,English,United States,2,5,eu_context;carbon_terms=2;energy_driver,NO,-1,"[""NO"", ""NO"", ""NO""]","[""Lower energy prices may dampen emissions trading demand but could also signal policy shifts affecting EU ETS."", ""Lower energy prices may dampen emissions trading demand but could also signal policy shifts affecting EU ETS."", ""Lower energy prices may dampen emissions trading demand but could also signal policy shifts affecting EU ETS.""]",6,1.0,-0.6,-0.6,"[6, 6, 6]"
2258,http://www.brinknews.com/why-aviation-needs-to-address-its-emissions-problem-now/,,Why Aviation Needs to Address Its Emissions Problem Now,2019-12-22,http://www.brinknews.com/wp-content/uploads/2019/12/editedGettyImages-73560767.jpg,brinknews.com,English,China,1,2,carbon_terms=2,NO,-1,"[""NO"", ""NO"", ""NO""]","[""Aviation emissions are a growing ETS compliance risk, but short-term price impact is uncertain without policy updates."", ""Aviation emissions are a growing ETS compliance risk, but short-term price impact is uncertain without policy updates."", ""Aviation emissions are a growing ETS compliance risk, but short-term price impact is uncertain without policy updates.""]",5,1.0,-0.5,-0.5,"[5, 5, 5]"
2264,https://worldairlinenews.com/2019/12/24/air-france-to-begin-offsetting-100-of-its-co2-emissions-on-its-domestic-flights/,https://worldairlinenews.com/2019/12/24/air-france-to-begin-offsetting-100-of-its-co2-emissions-on-its-domestic-flights/amp/,Air France to begin offsetting 100 % of its CO2 emissions on its domestic flights,2019-12-24,https://worldairlinenews.files.wordpress.com/2019/12/image.png,worldairlinenews.com,English,United States,1,2,carbon_terms=2,YES,1,"[""YES"", ""YES"", ""YES""]","[""Offsetting domestic flights increases demand for carbon credits, potentially boosting EU ETS prices."", ""Offsetting domestic flights increases demand for carbon credits, potentially boosting EU ETS prices."", ""Offsetting domestic flights increases demand for carbon credits, potentially boosting EU ETS prices.""]",7,1.0,0.7,0.7,"[7, 7, 7]"
2270,https://www.hedgeweek.com/2020/01/03/281633/eex-power-derivatives-market-volume-32-cent-year-year-december,,EEX Power Derivatives Market volume up 32 per cent year - on - year in December,2020-01-03,,hedgeweek.com,English,United Kingdom,1,8,eu_ets_strong;carbon_terms=1;energy_driver,YES,1,"[""YES"", ""YES"", ""YES""]","[""Higher volume suggests increased market activity and potential price pressure."", ""Higher volume suggests increased market activity and potential price pressure."", ""Higher volume suggests increased market activity and potential price pressure.""]",6,1.0,0.6,0.6,"[6, 6, 6]"
2276,https://www.greenbiz.com/article/why-aviation-needs-address-its-emissions-problem-now,,Why aviation needs to address its emissions problem now,2020-01-07,https://www.greenbiz.com/sites/default/files/styles/panopoly_image_full/public/images/articles/featured/aviation.jpg?itok=LvHVHWRI,greenbiz.com,English,United States,1,2,carbon_terms=2,NO,-1,"[""NO"", ""NO"", ""NO""]","[""Aviation emissions are a growing concern but not yet directly tied to immediate EU ETS price movements."", ""Aviation emissions are a growing concern but not yet directly tied to immediate EU ETS price movements."", ""Aviation emissions are a growing concern but not yet directly tied to immediate EU ETS price movements.""]",5,1.0,-0.5,-0.5,"[5, 5, 5]"
2282,http://en.portnews.ru/news/289509/,,Port of Rotterdam Authority welcomes European Green Deal,2020-01-09,,en.portnews.ru,English,,1,2,eu_context,YES,1,"[""YES"", ""YES"", ""YES""]","[""Green Deal alignment may boost ETS compliance but doesn\u2019t immediately trigger price volatility."", ""Green Deal alignment may boost ETS compliance but doesn\u2019t immediately trigger price volatility."", ""Green Deal alignment may boost ETS compliance but doesn\u2019t immediately trigger price volatility.""]",5,1.0,0.5,0.5,"[5, 5, 5]"
2288,https://mondovisione.com/media-and-resources/news/eex-group-2019-trading-volumes-major-increases-across-portfolio-and-timezones/,,EEX Group 2019 Trading Volumes - Major Increases Across Portfolio And Timezones Confirm Position As A Global Commodity Exchange,2020-01-15,,mondovisione.com,English,United States,1,7,eu_ets_strong;carbon_terms=1,NO,-1,"[""NO"", ""NO"", ""NO""]","[""Trading volume data from 2019 does not directly signal current or near-term EU ETS price movement."", ""Trading volume data from 2019 does not directly signal current or near-term EU ETS price movement."", ""Trading volume data from 2019 does not directly signal current or near-term EU ETS price movement.""]",2,1.0,-0.2,-0.2,"[2, 2, 2]"
2294,https://www.euractiv.com/section/energy-environment/opinion/industrial-decarbonisation-and-the-eu-green-deal-the-case-for-bold-action/,,Industrial decarbonisation and the EU Green Deal : The case for bold action,2020-01-17,https://www.euractiv.com/wp-content/uploads/sites/2/2020/01/BASF-800x450.jpg,euractiv.com,English,United Kingdom,1,3,eu_context;carbon_terms=1,YES,1,"[""YES"", ""YES"", ""YES""]","[""Bold policy signals may drive demand for carbon credits, boosting short-term EU ETS prices."", ""Bold policy signals may drive demand for carbon credits, boosting short-term EU ETS prices."", ""Bold policy signals may drive demand for carbon credits, boosting short-term EU ETS prices.""]",7,1.0,0.7,0.7,"[7, 7, 7]"
2300,https://afloat.ie/resources/marine-industry-news/trade-news/item/45142-europe-s-election-of-yacht-of-the-year-powerboat-of-the-year,,Europe Election of Yacht of the Year & Powerboat of the Year,2020-01-19,,afloat.ie,English,Ireland,2,3,eu_context;energy_driver,NO,-1,"[""NO"", ""NO"", ""NO""]","[""Irrelevant to carbon markets or EU ETS pricing; unrelated to policy, emissions, or trade."", ""Irrelevant to carbon markets or EU ETS pricing; unrelated to policy, emissions, or trade."", ""Irrelevant to carbon markets or EU ETS pricing; unrelated to policy, emissions, or trade.""]",1,1.0,-0.1,-0.1,"[1, 1, 1]"
2306,https://af.reuters.com/article/commoditiesNews/idAFL8N29Q2DH,https://mobile.reuters.com/article/amp/af/idAFL8N29Q2DH,"EUROPE POWER - Spot prices lifted by strong demand , fall in German wind output - Agricultural Commodities",2020-01-21,https://s4.reutersmedia.net/resources_v2/images/rcom-default.png,af.reuters.com,English,United States,2,4,eu_context;carbon_terms=1;energy_driver,YES,1,"[""YES"", ""YES"", ""YES""]","[""Strong demand and reduced wind output in Germany drive upward pressure on EU ETS prices."", ""Strong demand and reduced wind output in Germany drive upward pressure on EU ETS prices."", ""Strong demand and reduced wind output in Germany drive upward pressure on EU ETS prices.""]",7,1.0,0.7,0.7,"[7, 7, 7]"
2312,https://www.euractiv.com/section/emissions-trading-scheme/opinion/extending-eu-carbon-market-must-not-hinder-more-urgent-reforms/,,Extending EU carbon market must not hinder more urgent reforms,2020-01-23,https://www.euractiv.com/wp-content/uploads/sites/2/2020/01/Traffic-800x450.jpg,euractiv.com,English,United Kingdom,1,4,eu_context;carbon_terms=2,NO,-1,"[""NO"", ""NO"", ""NO""]","[""The headline suggests regulatory priorities may shift, potentially reducing short-term ETS demand but not necessarily impacting price direction decisively."", ""The headline suggests regulatory priorities may shift, potentially reducing short-term ETS demand but not necessarily impacting price direction decisively."", ""The headline suggests regulatory priorities may shift, potentially reducing short-term ETS demand but not necessarily impacting price direction decisively.""]",5,1.0,-0.5,-0.5,"[5, 5, 5]"
2318,https://events.euractiv.com/event/info/waste-based-biodiesel-in-new-european-green-deal,,Waste - Based Biodiesel in new European Green Deal,2020-01-25,https://events.euractiv.com/assets/files/EWABA_Large.jpg,events.euractiv.com,English,United Kingdom,2,2,eu_context,YES,1,"[""YES"", ""YES"", ""YES""]","[""Biodiesel production may increase demand for carbon credits under the EU ETS due to its carbon intensity profile."", ""Biodiesel production may increase demand for carbon credits under the EU ETS due to its carbon intensity profile."", ""Biodiesel production may increase demand for carbon credits under the EU ETS due to its carbon intensity profile.""]",7,1.0,0.7,0.7,"[7, 7, 7]"
2324,http://www.mondaq.com/Article/887284,,First EU International Agreement Linking Greenhouse Emissions Trading Systems,2020-01-27,,mondaq.com,English,United States,1,11,eu_ets_strong;eu_context;carbon_terms=3,YES,1,"[""YES"", ""YES"", ""YES""]","[""Enhances market integration and could increase demand for EU ETS allowances."", ""Enhances market integration and could increase demand for EU ETS allowances."", ""Enhances market integration and could increase demand for EU ETS allowances.""]",7,1.0,0.7,0.7,"[7, 7, 7]"
2330,https://www.energyworldmag.com/what-will-germanys-coal-phase-out-mean-for-the-eu-carbon-market/,,What will Germany coal phase - out mean for the EU carbon market ? ,2020-01-29,https://www.energyworldmag.com/wp-content/uploads/2019/11/Germany_Coal_RWE.jpg,energyworldmag.com,English,Romania,1,5,eu_context;carbon_terms=2;energy_driver,YES,1,"[""YES"", ""YES"", ""YES""]","[""Germany\u2019s coal phase-out will likely increase EU ETS demand for carbon credits as coal plants retire and emissions rise in the short term."", ""Germany\u2019s coal phase-out will likely increase EU ETS demand for carbon credits as coal plants retire and emissions rise in the short term."", ""Germany\u2019s coal phase-out will likely increase EU ETS demand for carbon credits as coal plants retire and emissions rise in the short term.""]",8,1.0,0.8,0.8,"[8, 8, 8]"
2336,http://www.globenewswire.com/news-release/2020/01/31/1978055/0/en/Global-Powertrain-Market-Trends-Forecast-to-2025-Growing-Pressure-for-Reducing-Emissions-Enhancing-Fuel-Economy-Drives-OEMs-to-Disrupt-Traditional-Chains.html,,Global Powertrain Market Trends & Forecast to 2025 - Growing Pressure for Reducing Emissions & Enhancing Fuel Economy Drives OEMs to Disrupt Traditional Chains,2020-01-31,,globenewswire.com,English,United States,2,4,carbon_terms=3;energy_driver,YES,1,"[""YES"", ""YES"", ""YES""]","[""OEMs shifting toward low-emission powertrains could increase demand for carbon credits in EU ETS as compliance costs rise."", ""OEMs shifting toward low-emission powertrains could increase demand for carbon credits in EU ETS as compliance costs rise."", ""OEMs shifting toward low-emission powertrains could increase demand for carbon credits in EU ETS as compliance costs rise.""]",7,1.0,0.7,0.7,"[7, 7, 7]"
2342,https://www.nytimes.com/reuters/2020/02/01/world/europe/31reuters-eu-trucks-east-west.html,,Eastern EU States Threaten Lawsuit Over Looming Trucking Reform,2020-02-02,,nytimes.com,English,United States,2,2,eu_context,NO,-1,"[""NO"", ""NO"", ""NO""]","[""Potential legal action could delay or disrupt trucking reforms, indirectly affecting emissions compliance and market dynamics."", ""Potential legal action could delay or disrupt trucking reforms, indirectly affecting emissions compliance and market dynamics."", ""Potential legal action could delay or disrupt trucking reforms, indirectly affecting emissions compliance and market dynamics.""]",3,1.0,-0.3,-0.3,"[3, 3, 3]"
2348,https://sciencebusiness.net/network-updates/eua-eu-and-uk-universities-remain-united,,EUA : EU and united kingdom universities to remain united,2020-02-04,,sciencebusiness.net,English,United Kingdom,1,8,eu_ets_strong;eu_context,NO,-1,"[""NO"", ""NO"", ""NO""]","[""Unrelated to EU ETS price movements as it refers to university cooperation, not policy or market dynamics."", ""Unrelated to EU ETS price movements as it refers to university cooperation, not policy or market dynamics."", ""Unrelated to EU ETS price movements as it refers to university cooperation, not policy or market dynamics.""]",2,1.0,-0.2,-0.2,"[2, 2, 2]"
2354,https://www.aljazeera.com/ajimpact/eu-power-sector-emissions-drop-coal-collapses-europe-200205222402274.html,https://www.aljazeera.com/amp/ajimpact/eu-power-sector-emissions-drop-coal-collapses-europe-200205222402274.html,EU power sector emissions drop as coal collapses across Europe,2020-02-06,https://www.aljazeera.com/mritems/Images/2020/2/5/3658ddd2b7d842a9be98662485ce23ba_18.jpg,aljazeera.com,English,United States,1,5,eu_context;carbon_terms=2;energy_driver,YES,1,"[""YES"", ""YES"", ""YES""]","[""Coal collapse reduces emissions, likely boosting ETS price as compliance costs ease."", ""Coal collapse reduces emissions, likely boosting ETS price as compliance costs ease."", ""Coal collapse reduces emissions, likely boosting ETS price as compliance costs ease.""]",8,1.0,0.8,0.8,"[8, 8, 8]"
2360,https://www.telegraph.co.uk/business/2020/02/08/eu-mulls-carbon-tariffs-climate-trade-war-warning-shot-brexit/,https://www.telegraph.co.uk/business/2020/02/08/eu-mulls-carbon-tariffs-climate-trade-war-warning-shot-brexit/amp/,EU mulls carbon tariffs in climate trade war warning shot to Brexit Britain,2020-02-09,https://www.telegraph.co.uk/content/dam/business/2020/01/24/TELEMMGLPICT000197224508-xlarge_trans_NvBQzQNjv4BqpVlberWd9EgFPZtcLiMQfyf2A9a6I9YchsjMeADBa08.jpeg?imwidth=1200,telegraph.co.uk,English,United Kingdom,1,3,eu_context;carbon_terms=1,YES,1,"[""YES"", ""YES"", ""YES""]","[""Carbon tariffs could pressure EU ETS prices via increased demand for compliance credits as global trade shifts."", ""Carbon tariffs could pressure EU ETS prices via increased demand for compliance credits as global trade shifts."", ""Carbon tariffs could pressure EU ETS prices via increased demand for compliance credits as global trade shifts.""]",7,1.0,0.7,0.7,"[7, 7, 7]"
2366,https://www.euractiv.com/section/shipping/news/eu-starts-to-chart-shippings-new-green-course/,,EU starts to chart shipping new green course – EURACTIV . com,2020-02-13,https://www.euractiv.com/wp-content/uploads/sites/2/2020/02/shutterstock_134432081-800x450.jpg,euractiv.com,English,United Kingdom,1,2,eu_context,NO,-1,"[""NO"", ""NO"", ""NO""]","[""Shipping emissions are not directly covered under EU ETS, so this headline has limited immediate impact on price."", ""Shipping emissions are not directly covered under EU ETS, so this headline has limited immediate impact on price."", ""Shipping emissions are not directly covered under EU ETS, so this headline has limited immediate impact on price.""]",5,1.0,-0.5,-0.5,"[5, 5, 5]"
2372,https://goodmenproject.com/environment-2/europes-carbon-market-limps-on/,,Europe Carbon Market Limps On - The Good Men Project,2020-02-15,https://goodmenproject.com/wp-content/uploads/2020/01/iStock-1098018152-1-1.jpg,goodmenproject.com,English,United States,1,4,eu_context;carbon_terms=2,NO,-1,"[""NO"", ""NO"", ""NO""]","[""The headline suggests limited market activity, implying weak momentum for EU ETS prices."", ""The headline suggests limited market activity, implying weak momentum for EU ETS prices."", ""The headline suggests limited market activity, implying weak momentum for EU ETS prices.""]",3,1.0,-0.3,-0.3,"[3, 3, 3]"
2378,http://econews.com.au/63625/eu-officials-say-plastics-tax-carbon-trading-cash-to-cover-brexit-budget-gap/,,"EU officials say plastics tax , carbon - trading cash to cover Brexit budget gap",2020-02-17,http://econews.com.au/wp-content/uploads/2020/02/EU-taxes-carbon-trading.jpg,econews.com.au,English,Australia,1,4,eu_context;carbon_terms=2,YES,1,"[""YES"", ""YES"", ""YES""]","[""Plastics tax revenue could inject significant carbon trading cash into the Brexit budget, potentially boosting demand for ETS allowances."", ""Plastics tax revenue could inject significant carbon trading cash into the Brexit budget, potentially boosting demand for ETS allowances."", ""Plastics tax revenue could inject significant carbon trading cash into the Brexit budget, potentially boosting demand for ETS allowances.""]",7,1.0,0.7,0.7,"[7, 7, 7]"
2384,https://wwf.panda.org/knowledge_hub/all_publications/?uNewsID=357181,,Strategic spending : how the EU Emissions Trading System can fund fair climate action,2020-02-19,https://d2ouvy59p0dg6k.cloudfront.net/img/20190920_131033_1_718834.jpg,wwf.panda.org,English,China,1,11,eu_ets_strong;eu_context;carbon_terms=3,NO,-1,"[""NO"", ""NO"", ""NO""]","[""Funding climate action may lead to regulatory flexibility or emissions reductions that could dampen short-term price pressure."", ""Funding climate action may lead to regulatory flexibility or emissions reductions that could dampen short-term price pressure."", ""Funding climate action may lead to regulatory flexibility or emissions reductions that could dampen short-term price pressure.""]",3,1.0,-0.3,-0.3,"[3, 3, 3]"
2390,https://www.investegate.co.uk/dept-busenrg--38-indstr/rns/statement-re-uk-s-2020-eu-ets-auction-calendar/202002211800017829D/,,Investegate |Dept BusEnrg Announcements | Dept BusEnrg : Statement re united kingdom 2020 EU ETS auction calendar,2020-02-21,,investegate.co.uk,English,United Kingdom,1,9,eu_ets_strong;eu_context;carbon_terms=1,NO,-1,"[""NO"", ""NO"", ""NO""]","[""EU ETS auction calendar changes are unlikely to cause short-term price volatility without broader policy shifts or market reactions."", ""EU ETS auction calendar changes are unlikely to cause short-term price volatility without broader policy shifts or market reactions."", ""EU ETS auction calendar changes are unlikely to cause short-term price volatility without broader policy shifts or market reactions.""]",3,1.0,-0.3,-0.3,"[3, 3, 3]"
2396,https://www.bnnbloomberg.ca/eu-leaders-reject-using-booming-carbon-market-to-finance-budget-1.1393879,,EU Leaders Reject Using Booming Carbon Market to Finance Budget,2020-02-23,https://www.bnnbloomberg.ca/polopoly_fs/1.1393880!/fileimage/httpImage/image.jpg_gen/derivatives/landscape_620/european-union-eu-flags-fly-outside-the-berlaymont-building-in-brussels-belgium-on-wednesday-oct-9-2019-the-brexit-talks-have-turned-into-an-angry-stalemate-as-u-k-and-eu-leaders-focused-on-blaming-each-other-for-refusing-to-budge-photographer-bloomberg-bloomberg.jpg,bnnbloomberg.ca,English,Canada,1,4,eu_context;carbon_terms=2,NO,-1,"[""NO"", ""NO"", ""NO""]","[""Market sentiment may shift if carbon finance is sidelined, but short-term price volatility is unlikely."", ""Market sentiment may shift if carbon finance is sidelined, but short-term price volatility is unlikely."", ""Market sentiment may shift if carbon finance is sidelined, but short-term price volatility is unlikely.""]",5,1.0,-0.5,-0.5,"[5, 5, 5]"
2402,https://sciencebusiness.net/news-byte/eua-report-finds-investment-european-universities-still-below-2008-levels-some-countries,,EUA report finds investment in European universities still below 2008 levels in some countries,2020-02-25,,sciencebusiness.net,English,United Kingdom,1,8,eu_ets_strong;eu_context,NO,-1,"[""NO"", ""NO"", ""NO""]","[""University investment levels may signal long-term structural trends but have limited immediate impact on EU ETS pricing."", ""University investment levels may signal long-term structural trends but have limited immediate impact on EU ETS pricing."", ""University investment levels may signal long-term structural trends but have limited immediate impact on EU ETS pricing.""]",3,1.0,-0.3,-0.3,"[3, 3, 3]"
2408,https://sciencebusiness.net/jobs/eua-seeks-research-innovation-director-brussels,,EUA seeks a Research & Innovation Director - Brussels,2020-02-27,,sciencebusiness.net,English,United Kingdom,1,8,eu_ets_strong;eu_context,NO,-1,"[""NO"", ""NO"", ""NO""]","[""Hiring a Research & Innovation Director is a strategic move but unlikely to have immediate impact on EU ETS price."", ""Hiring a Research & Innovation Director is a strategic move but unlikely to have immediate impact on EU ETS price."", ""Hiring a Research & Innovation Director is a strategic move but unlikely to have immediate impact on EU ETS price.""]",2,1.0,-0.2,-0.2,"[2, 2, 2]"
2414,https://www.euractiv.com/section/energy-environment/news/eus-just-transition-ambitions-face-acid-test/,,EU just transition ambitions face acid test – EURACTIV . com,2020-03-02,https://www.euractiv.com/wp-content/uploads/sites/2/2020/03/w_55830444-800x450.jpg,euractiv.com,English,United Kingdom,1,2,eu_context,NO,-1,"[""NO"", ""NO"", ""NO""]","[""EU just transition ambitions may influence future policy but don't immediately impact short-term ETS pricing."", ""EU just transition ambitions may influence future policy but don't immediately impact short-term ETS pricing."", ""EU just transition ambitions may influence future policy but don't immediately impact short-term ETS pricing.""]",5,1.0,-0.5,-0.5,"[5, 5, 5]"
2420,https://www.carbonbrief.org/daily-brief/eu-member-states-call-for-2030-climate-target,https://www.carbonbrief.org/daily-brief/eu-member-states-call-for-2030-climate-target/amp,EU member states call for 2030 climate target,2020-03-04,,carbonbrief.org,English,United Kingdom,1,2,eu_context,YES,1,"[""YES"", ""YES"", ""YES""]","[""Signals potential policy tightening that could boost ETS demand."", ""Signals potential policy tightening that could boost ETS demand."", ""Signals potential policy tightening that could boost ETS demand.""]",7,1.0,0.7,0.7,"[7, 7, 7]"
2426,http://www.chinaaviationdaily.com/news/77/77531.html,,Support Builds to End Free EU Carbon Permits for Aviation,2020-03-06,,chinaaviationdaily.com,English,China,1,5,eu_context;carbon_terms=3,YES,1,"[""YES"", ""YES"", ""YES""]","[""Aviation sector\u2019s shift to paid permits could trigger higher emissions trading demand and price pressure."", ""Aviation sector\u2019s shift to paid permits could trigger higher emissions trading demand and price pressure."", ""Aviation sector\u2019s shift to paid permits could trigger higher emissions trading demand and price pressure.""]",8,1.0,0.8,0.8,"[8, 8, 8]"
2432,https://www.euractiv.com/section/energy-environment/news/the-brief-powered-by-applia-how-coronavirus-helps-the-green-deal/,,"The Brief , powered by APPLiA – How coronavirus helps the Green Deal – EURACTIV . com",2020-03-10,https://www.euractiv.com/wp-content/uploads/sites/2/2020/03/oil-brief-article-800x450.png,euractiv.com,English,United Kingdom,1,3,eu_context;energy_driver,NO,-1,"[""NO"", ""NO"", ""NO""]","[""Coronavirus-related economic disruptions may temporarily weaken demand for carbon credits, offsetting Green Deal momentum."", ""Coronavirus-related economic disruptions may temporarily weaken demand for carbon credits, offsetting Green Deal momentum."", ""Coronavirus-related economic disruptions may temporarily weaken demand for carbon credits, offsetting Green Deal momentum.""]",3,1.0,-0.3,-0.3,"[3, 3, 3]"
2438,https://www.euractiv.com/section/climate-environment/news/europes-agricultural-sector-struggles-to-reduce-emissions/,,Europe agricultural sector struggles to reduce emissions,2020-03-12,https://www.euractiv.com/wp-content/uploads/sites/2/2020/03/shutterstock_1282782421-800x450.jpg,euractiv.com,English,United Kingdom,1,4,eu_context;carbon_terms=2,NO,-1,"[""NO"", ""NO"", ""NO""]","[""Agricultural emissions are a significant but complex sector; policy responses could influence ETS prices via compliance costs or carbon offsetting."", ""Agricultural emissions are a significant but complex sector; policy responses could influence ETS prices via compliance costs or carbon offsetting."", ""Agricultural emissions are a significant but complex sector; policy responses could influence ETS prices via compliance costs or carbon offsetting.""]",6,1.0,-0.6,-0.6,"[6, 6, 6]"
2444,https://www.northqueenslandregister.com.au/story/6676352/nutrien-boss-says-carbon-management-should-be-rewarded-not-a-cost/?cs=4784,,Nutrien Chuck Magro wants a carbon price to reward farmer efforts | North Queensland Register,2020-03-15,https://nnimgt-a.akamaihd.net/transform/v1/crop/frm/32XghFRykTWK8psrWNhdBMC/b74cbf22-a3d0-4433-b270-25541b01aa35.JPG/r400_369_3907_2350_w1200_h678_fmax.jpg,northqueenslandregister.com.au,English,Australia,1,2,carbon_terms=2,NO,-1,"[""NO"", ""NO"", ""NO""]","[""Farmers\u2019 carbon credit efforts may influence regional emissions, but lacks direct market impact on EU ETS pricing."", ""Farmers\u2019 carbon credit efforts may influence regional emissions, but lacks direct market impact on EU ETS pricing."", ""Farmers\u2019 carbon credit efforts may influence regional emissions, but lacks direct market impact on EU ETS pricing.""]",3,1.0,-0.3,-0.3,"[3, 3, 3]"
2450,https://goodmenproject.com/featured-content/asia-cuts-its-carbon-faster-than-europe/,,Asia Cuts Its Carbon Faster Than Europe - The Good Men Project,2020-03-17,https://goodmenproject.com/wp-content/uploads/2020/01/iStock-175416771-1.jpg,goodmenproject.com,English,United States,2,3,eu_context;carbon_terms=1,NO,-1,"[""NO"", ""NO"", ""NO""]","[""Asia\u2019s faster carbon cuts may offset EU ETS pressure but lack direct price linkage."", ""Asia\u2019s faster carbon cuts may offset EU ETS pressure but lack direct price linkage."", ""Asia\u2019s faster carbon cuts may offset EU ETS pressure but lack direct price linkage.""]",3,1.0,-0.3,-0.3,"[3, 3, 3]"
2456,https://nuclear-news.net/2020/03/19/impact-of-coronavirus-is-curbing-greenhouse-gas-emissions/,https://nuclear-news.net/2020/03/19/impact-of-coronavirus-is-curbing-greenhouse-gas-emissions/amp/,Impact of coronavirus is curbing greenhouse gas emissions,2020-03-19,,nuclear-news.net,English,Japan,2,3,carbon_terms=2;energy_driver,NO,-1,"[""NO"", ""NO"", ""NO""]","[""Coronavirus-related emissions curbs may be temporary and offset by rebounding economic activity."", ""Coronavirus-related emissions curbs may be temporary and offset by rebounding economic activity."", ""Coronavirus-related emissions curbs may be temporary and offset by rebounding economic activity.""]",5,1.0,-0.5,-0.5,"[5, 5, 5]"
2462,http://econews.com.au/63932/industry-commissioner-says-eu-green-deal-not-over-despite-coronavirus/,,Industry commissioner says EU Green Deal  not over  despite coronavirus,2020-03-21,http://econews.com.au/wp-content/uploads/2013/07/EU-Flags-and-Parliament2.jpg,econews.com.au,English,Australia,1,2,eu_context,NO,-1,"[""NO"", ""NO"", ""NO""]","[""Green Deal momentum may offset short-term volatility but doesn\u2019t signal immediate price surge."", ""Green Deal momentum may offset short-term volatility but doesn\u2019t signal immediate price surge."", ""Green Deal momentum may offset short-term volatility but doesn\u2019t signal immediate price surge.""]",3,1.0,-0.3,-0.3,"[3, 3, 3]"
2468,https://uk.reuters.com/article/europe-electricity/europe-power-curve-prices-fall-sharply-german-cal-21-at-2-year-low-idUKL8N2BD5XG,https://uk.mobile.reuters.com/article/amp/idUKL8N2BD5XG,"EUROPE POWER - Curve prices fall sharply , German Cal  21 at 2 - year low",2020-03-23,https://s4.reutersmedia.net/resources_v2/images/rcom-default.png,uk.reuters.com,English,United States,2,4,eu_context;carbon_terms=1;energy_driver,NO,-1,"[""NO"", ""NO"", ""NO""]","[""Short-term price weakness signals market sentiment shift or supply/demand imbalance."", ""Short-term price weakness signals market sentiment shift or supply/demand imbalance."", ""Short-term price weakness signals market sentiment shift or supply/demand imbalance.""]",7,1.0,-0.7,-0.7,"[7, 7, 7]"
2474,https://www.arnnet.com.au/mediareleases/44582/europe-linings-market-overview-and-scope-2020-to/,,Europe Linings Market Overview and Scope 2020 to 2025 - Media Releases,2020-03-25,,arnnet.com.au,English,Australia,2,3,eu_context;carbon_terms=1,NO,-1,"[""NO"", ""NO"", ""NO""]","[""Lacks direct link to EU ETS mechanisms or carbon pricing dynamics."", ""Lacks direct link to EU ETS mechanisms or carbon pricing dynamics."", ""Lacks direct link to EU ETS mechanisms or carbon pricing dynamics.""]",2,1.0,-0.2,-0.2,"[2, 2, 2]"
2480,https://www.eurekalert.org/pub_releases/2020-03/nuos-gsc032720.php,,Global supply chains as a way to curb carbon emissions,2020-03-27,,eurekalert.org,English,United States,2,3,carbon_terms=3,NO,-1,"[""NO"", ""NO"", ""NO""]","[""May indirectly affect EU ETS prices via supply chain emissions reductions, but not a direct short-term driver."", ""May indirectly affect EU ETS prices via supply chain emissions reductions, but not a direct short-term driver."", ""May indirectly affect EU ETS prices via supply chain emissions reductions, but not a direct short-term driver.""]",3,1.0,-0.3,-0.3,"[3, 3, 3]"
2486,https://www.forbes.com/sites/jeffmcmahon/2020/03/30/greenhouse-gases-drop-24-percent-in-europe-analysis-says-mirroring-china/,https://www.forbes.com/sites/jeffmcmahon/2020/03/30/greenhouse-gases-drop-24-percent-in-europe-analysis-says-mirroring-china/amp/,Analyst : Coronavirus Lockdown Gives Europe 24 Percent Drop In Greenhouse Gas Emissions,2020-03-30,https://thumbor.forbes.com/thumbor/fit-in/1200x0/filters%3Aformat%28jpg%29/https%3A%2F%2Fspecials-images.forbesimg.com%2Fimageserve%2F1207991307%2F0x0.jpg%3FcropX1%3D0%26cropX2%3D3542%26cropY1%3D179%26cropY2%3D2172,forbes.com,English,United States,1,5,eu_context;carbon_terms=2;energy_driver,YES,1,"[""YES"", ""YES"", ""YES""]","[""Short-term emissions drop may trigger temporary price support due to reduced compliance pressure."", ""Short-term emissions drop may trigger temporary price support due to reduced compliance pressure."", ""Short-term emissions drop may trigger temporary price support due to reduced compliance pressure.""]",7,1.0,0.7,0.7,"[7, 7, 7]"
2492,https://in.reuters.com/article/us-eu-carbon-data/eu-carbon-market-emissions-excluding-aviation-fell-8-7-in-2019-idINKBN21J604,https://in.mobile.reuters.com/article/amp/idINKBN21J604,EU carbon market emissions excluding aviation fell 8 . 7 % in 2019,2020-04-01,https://s4.reutersmedia.net/resources_v2/images/rcom-default.png,in.reuters.com,English,United States,1,6,eu_context;carbon_terms=4,NO,-1,"[""NO"", ""NO"", ""NO""]","[""Emissions decline suggests potential downward pressure on EU ETS prices, but short-term direction is uncertain due to other market factors."", ""Emissions decline suggests potential downward pressure on EU ETS prices, but short-term direction is uncertain due to other market factors."", ""Emissions decline suggests potential downward pressure on EU ETS prices, but short-term direction is uncertain due to other market factors.""]",3,1.0,-0.3,-0.3,"[3, 3, 3]"
2498,https://www.selectscience.net/industry-news/luminex-receives-fda-emergency-use-authorization-for-covid-19-diagnostic-panel/?artID=51153,https://amp.selectscience.net/industry-news/luminex-receives-fda-emergency-use-authorization-for-covid-19-diagnostic-panel/?artID=51153,Luminex receives FDA EUA for COVID - 19 diagnostic panel,2020-04-03,http://www.selectscience.net/images/articles/5607_luminex.jpg,selectscience.net,English,United States,1,8,eu_ets_strong;eu_context,NO,-1,"[""NO"", ""NO"", ""NO""]","[""Luminex\u2019s FDA EUA for a COVID-19 diagnostic panel is a niche medical device development, unlikely to directly impact EU ETS pricing or carbon markets."", ""Luminex\u2019s FDA EUA for a COVID-19 diagnostic panel is a niche medical device development, unlikely to directly impact EU ETS pricing or carbon markets."", ""Luminex\u2019s FDA EUA for a COVID-19 diagnostic panel is a niche medical device development, unlikely to directly impact EU ETS pricing or carbon markets.""]",2,1.0,-0.2,-0.2,"[2, 2, 2]"
2504,https://finance.yahoo.com/news/bd-gets-eua-test-combat-114011004.html,https://finance.yahoo.com/amphtml/news/bd-gets-eua-test-combat-114011004.html,BD Gets EUA for New Test to Combat the Coronavirus Crisis,2020-04-06,https://s.yimg.com/uu/api/res/1.2/biQj4WGbl5n8lVWcoN_9Ag--~B/aD00MDA7dz02MzU7c209MTthcHBpZD15dGFjaHlvbg--/https://media.zenfs.com/en-us/zacks.com/cef97d1211666d37f76815b1793fed92,finance.yahoo.com,English,United States,1,8,eu_ets_strong;eu_context,NO,-1,"[""NO"", ""NO"", ""NO""]","[""EU ETS price unlikely to be directly affected by a single test-related EUA allocation."", ""EU ETS price unlikely to be directly affected by a single test-related EUA allocation."", ""EU ETS price unlikely to be directly affected by a single test-related EUA allocation.""]",2,1.0,-0.2,-0.2,"[2, 2, 2]"
2510,https://www.breitbart.com/politics/2020/04/08/coronavirus-is-killing-the-eus-carbon-trading-market/,https://www.breitbart.com/europe/2020/04/08/coronavirus-is-killing-the-eus-carbon-trading-market/amp/,Delingpole : Coronavirus Is Killing the EU Carbon Trading Market . ,2020-04-09,https://media.breitbart.com/media/2020/04/GettyImages-1188312833-e1586335365757-640x335.jpg,breitbart.com,English,United States,1,5,eu_context;carbon_terms=3,NO,-1,"[""NO"", ""NO"", ""NO""]","[""Coronavirus-induced economic slowdown and reduced industrial activity likely depress EU ETS demand, though rebound potential remains uncertain."", ""Coronavirus-induced economic slowdown and reduced industrial activity likely depress EU ETS demand, though rebound potential remains uncertain."", ""Coronavirus-induced economic slowdown and reduced industrial activity likely depress EU ETS demand, though rebound potential remains uncertain.""]",7,1.0,-0.7,-0.7,"[7, 7, 7]"
2516,https://www.businessgreen.com/category/investment/carbon-trading,,The latest Carbon Trading news for sustainability professionals and green businesses from BusinessGreen,2020-04-11,,businessgreen.com,English,United Kingdom,1,2,carbon_terms=2,NO,-1,"[""NO"", ""NO"", ""NO""]","[""No actionable market data or price-moving events are indicated in the headline."", ""No actionable market data or price-moving events are indicated in the headline."", ""No actionable market data or price-moving events are indicated in the headline.""]",1,1.0,-0.1,-0.1,"[1, 1, 1]"
2522,https://www.icis.com/explore/resources/news/2020/04/16/10496659/policymakers-from-estonia-poland-and-czech-republic-seeking-to-lower-eu-ets-bill,,"Policymakers from Estonia , Poland and Czech Republic seeking to lower EU ETS bill",2020-04-16,,icis.com,English,China,1,8,eu_ets_strong;eu_context,NO,-1,"[""NO"", ""NO"", ""NO""]","[""Lowering the EU ETS bill may reduce compliance costs, but policy divergence across member states could delay or weaken overall market impact."", ""Lowering the EU ETS bill may reduce compliance costs, but policy divergence across member states could delay or weaken overall market impact."", ""Lowering the EU ETS bill may reduce compliance costs, but policy divergence across member states could delay or weaken overall market impact.""]",6,1.0,-0.6,-0.6,"[6, 6, 6]"
2528,https://researchcolumnist.com/2020/04/17/why-dynamics-of-small-hydropower-market-is-changing-drastically-what-if-history-is-any-guide/,,Why dynamics of Small Hydropower Market is Changing Drastically ? What if history is any guide . ,2020-04-18,,researchcolumnist.com,English,,2,2,carbon_terms=1;energy_driver,NO,-1,"[""NO"", ""NO"", ""NO""]","[""Small hydropower\u2019s market dynamics may influence EU ETS prices indirectly via emissions reductions, but current data shows limited direct impact."", ""Small hydropower\u2019s market dynamics may influence EU ETS prices indirectly via emissions reductions, but current data shows limited direct impact."", ""Small hydropower\u2019s market dynamics may influence EU ETS prices indirectly via emissions reductions, but current data shows limited direct impact.""]",3,1.0,-0.3,-0.3,"[3, 3, 3]"
2534,https://www.msn.com/en-nz/news/other/the-covid-19-economic-recovery-could-be-a-chance-to-cut-emissions-for-good/ar-BB12TfLs,,The Covid - 19 economic recovery could be a chance to cut emissions for good,2020-04-20,,msn.com,English,United States,2,2,carbon_terms=2,YES,1,"[""YES"", ""YES"", ""YES""]","[""Economic recovery may drive green investments and policy shifts, potentially boosting ETS demand."", ""Economic recovery may drive green investments and policy shifts, potentially boosting ETS demand."", ""Economic recovery may drive green investments and policy shifts, potentially boosting ETS demand.""]",7,1.0,0.7,0.7,"[7, 7, 7]"
2540,https://gasforclimate2050.eu/news-item/10-binding-target-for-renewable-gas-and-future-proof-gas-infrastructure-crucial-to-achieve-cost-efficient-decarbonisation/,,10 % binding target for renewable gas and future - proof gas infrastructure crucial to achieve cost efficient decarbonisation,2020-04-23,,gasforclimate2050.eu,English,,1,2,carbon_terms=1;energy_driver,YES,1,"[""YES"", ""YES"", ""YES""]","[""Renewable gas infrastructure investments signal strong policy commitment, likely boosting demand and ETS prices."", ""Renewable gas infrastructure investments signal strong policy commitment, likely boosting demand and ETS prices."", ""Renewable gas infrastructure investments signal strong policy commitment, likely boosting demand and ETS prices.""]",7,1.0,0.7,0.7,"[7, 7, 7]"
2546,https://www.rte.ie/news/coronavirus/2020/0425/1134748-coronavirus-europe/,https://www.rte.ie/amp/1134748/ ,Germany EU presidency to focus on coronavirus fight,2020-04-25,https://img.rasset.ie/0014400b-1600.jpg,rte.ie,English,Ireland,1,2,eu_context,NO,-1,"[""NO"", ""NO"", ""NO""]","[""EU ETS price is unlikely to be directly impacted by Germany\u2019s coronavirus focus, as policy priorities are not tied to carbon pricing mechanisms."", ""EU ETS price is unlikely to be directly impacted by Germany\u2019s coronavirus focus, as policy priorities are not tied to carbon pricing mechanisms."", ""EU ETS price is unlikely to be directly impacted by Germany\u2019s coronavirus focus, as policy priorities are not tied to carbon pricing mechanisms.""]",2,1.0,-0.2,-0.2,"[2, 2, 2]"
2552,https://www.thenational.ae/business/energy/oil-price-slide-prompts-calls-to-strengthen-europe-s-carbon-market-1.1011876,https://amp.thenational.ae/business/energy/oil-price-slide-prompts-calls-to-strengthen-europe-s-carbon-market-1.1011876,Oil price slide prompts calls to strengthen Europe carbon market,2020-04-28,,thenational.ae,English,United Arab Emirates,1,6,eu_context;carbon_terms=3;energy_driver,YES,1,"[""YES"", ""YES"", ""YES""]","[""Oil price decline may signal reduced carbon pricing pressure, but market sentiment could trigger policy interventions."", ""Oil price decline may signal reduced carbon pricing pressure, but market sentiment could trigger policy interventions."", ""Oil price decline may signal reduced carbon pricing pressure, but market sentiment could trigger policy interventions.""]",7,1.0,0.7,0.7,"[7, 7, 7]"
2558,https://www.power-technology.com/comment/covid-19-impact-and-eu-carbon-pricing/,,Coronavirus ( Covid - 19 ) impact and EU carbon pricing,2020-04-30,https://www.power-technology.com/wp-content/uploads/sites/7/2020/04/shutterstock_516231499.jpg,power-technology.com,English,United Kingdom,1,3,eu_context;carbon_terms=1,YES,1,"[""YES"", ""YES"", ""YES""]","[""Covid-19 disrupted emissions patterns and economic activity, temporarily affecting EU ETS price volatility and demand."", ""Covid-19 disrupted emissions patterns and economic activity, temporarily affecting EU ETS price volatility and demand."", ""Covid-19 disrupted emissions patterns and economic activity, temporarily affecting EU ETS price volatility and demand.""]",7,1.0,0.7,0.7,"[7, 7, 7]"
2564,https://www.benzinga.com/general/biotech/20/05/15952712/the-daily-biotech-pulse-bio-rads-coronavirus-test-gets-eua-beat-and-raise-quarter-from-genmark-ad,https://amp.benzinga.com/amp/content/15952712,"iShares NASDAQ Biotechnology Index Fund ( NASDAQ : IBB ), SPDR S & P Biotech ETF ( ETF : XBI ) - The Daily Biotech Pulse : Bio - Rad Coronavirus Test Gets EUA , Beat - And - Raise Quarter From GenMark , Adverum Positive Gene Therapy Readout",2020-05-05,,benzinga.com,English,United States,1,8,eu_ets_strong;eu_context,NO,-1,"[""NO"", ""NO"", ""NO""]","[""Biotech sector rally may be short-lived and not directly tied to EU ETS pricing mechanics."", ""Biotech sector rally may be short-lived and not directly tied to EU ETS pricing mechanics."", ""Biotech sector rally may be short-lived and not directly tied to EU ETS pricing mechanics.""]",3,1.0,-0.3,-0.3,"[3, 3, 3]"
2570,https://uk.reuters.com/article/uk-eu-carbon/eu-to-publish-number-of-carbon-permits-in-circulation-on-may-8-idUKKBN22J0WA,https://uk.mobile.reuters.com/article/amp/idUKKBN22J0WA,EU to publish number of carbon permits in circulation on May 8,2020-05-07,https://s4.reutersmedia.net/resources/r/?m=02&d=20200507&t=2&i=1517765202&r=LYNXMPEG460FT,uk.reuters.com,English,United States,1,5,eu_context;carbon_terms=3,YES,1,"[""YES"", ""YES"", ""YES""]","[""Transparency in permit issuance may influence market expectations and trading behavior."", ""Transparency in permit issuance may influence market expectations and trading behavior."", ""Transparency in permit issuance may influence market expectations and trading behavior.""]",7,1.0,0.7,0.7,"[7, 7, 7]"
2576,https://www.lexology.com/library/detail.aspx?g=64395eb5-89e9-43a2-9c9f-51336853aacc,,"The pandemic and EU - ETS , AB 32 carbon markets",2020-05-11,,lexology.com,English,United States,1,4,eu_context;carbon_terms=2,NO,-1,"[""NO"", ""NO"", ""NO""]","[""Pandemic-related disruptions may have temporarily affected carbon market activity but are unlikely to drive sustained price direction."", ""Pandemic-related disruptions may have temporarily affected carbon market activity but are unlikely to drive sustained price direction."", ""Pandemic-related disruptions may have temporarily affected carbon market activity but are unlikely to drive sustained price direction.""]",5,1.0,-0.5,-0.5,"[5, 5, 5]"
2582,https://financial-news.co.uk/un039s-corsia-plan-to-offset-carbon-emissions-to-supple/,,UN CORSIA plan to offset carbon emissions to supplement EU carbon market – Financial News,2020-05-13,,financial-news.co.uk,English,United Kingdom,1,6,eu_context;carbon_terms=4,NO,-1,"[""NO"", ""NO"", ""NO""]","[""UN CORSIA may introduce complexity but doesn\u2019t directly alter EU ETS price dynamics."", ""UN CORSIA may introduce complexity but doesn\u2019t directly alter EU ETS price dynamics."", ""UN CORSIA may introduce complexity but doesn\u2019t directly alter EU ETS price dynamics.""]",5,1.0,-0.5,-0.5,"[5, 5, 5]"
2588,https://www.pipelinenewsnorth.ca/norway-s-wealth-fund-excludes-oilsands-investments-over-greenhouse-gas-emissions-1.24134248,,Norway wealth fund excludes oilsands investments over greenhouse gas emissions,2020-05-16,https://images.glaciermedia.ca/polopoly_fs/1.24134249.1589413604!/fileImage/httpImage/image.jpg_gen/derivatives/facebookogimage_560_292/dpi10762756-jpg.jpg,pipelinenewsnorth.ca,English,Canada,1,3,carbon_terms=2;energy_driver,NO,-1,"[""NO"", ""NO"", ""NO""]","[""May signal broader ESG pressure on fossil fuels, but limited direct impact on EU ETS pricing."", ""May signal broader ESG pressure on fossil fuels, but limited direct impact on EU ETS pricing."", ""May signal broader ESG pressure on fossil fuels, but limited direct impact on EU ETS pricing.""]",5,1.0,-0.5,-0.5,"[5, 5, 5]"
2594,https://www.reuters.com/article/us-eu-carbon-auctions/eu-launches-call-for-carbon-market-auction-contract-idUSKBN22U1LY,https://mobile.reuters.com/article/amp/idUSKBN22U1LY,EU launches call for carbon market auction contract,2020-05-18,https://s4.reutersmedia.net/resources_v2/images/rcom-default.png,reuters.com,English,United States,1,5,eu_context;carbon_terms=3,YES,1,"[""YES"", ""YES"", ""YES""]","[""Auction contract launch may signal tighter emissions pricing and increased market volatility."", ""Auction contract launch may signal tighter emissions pricing and increased market volatility."", ""Auction contract launch may signal tighter emissions pricing and increased market volatility.""]",7,1.0,0.7,0.7,"[7, 7, 7]"
2600,https://www.gastongazette.com/zz/news/20200519/coronavirus-lockdowns-have-caused-whopping-17-drop-in-global-carbon-emissions,https://www.gastongazette.com/zz/news/20200519/coronavirus-lockdowns-have-caused-whopping-17-drop-in-global-carbon-emissions?template=ampart,Coronavirus lockdowns have caused a whopping 17 % drop in global carbon emissions - News - Gaston Gazette,2020-05-20,https://www.gastongazette.com/storyimage/ZZ/20200519/NEWS/200519870/AR/0/AR-200519870.jpg,gastongazette.com,English,United States,2,4,carbon_terms=3;energy_driver,NO,-1,"[""NO"", ""NO"", ""NO""]","[""Short-term emissions drop may trigger temporary ETS price support but likely reverses as economy rebounds."", ""Short-term emissions drop may trigger temporary ETS price support but likely reverses as economy rebounds."", ""Short-term emissions drop may trigger temporary ETS price support but likely reverses as economy rebounds.""]",7,1.0,-0.7,-0.7,"[7, 7, 7]"
2606,http://groundalerts.com/emission-trading-schemes-market-size-2025-by-application-type-manufacturers-across-north-america-europe-apac-south-america-mea,http://groundalerts.com/emission-trading-schemes-market-size-2025-by-application-type-manufacturers-across-north-america-europe-apac-south-america-mea/amp,"Emission Trading Schemes Market Size 2025 - By Application , Type & Manufacturers Across North America , Europe , APAC , South America , MEA",2020-05-22,http://groundalerts.com/img/img7.jpg,groundalerts.com,English,,1,5,eu_context;carbon_terms=3,NO,-1,"[""NO"", ""NO"", ""NO""]","[""Emission Trading Schemes market size data by region and application does not directly signal short-term EU ETS price movement."", ""Emission Trading Schemes market size data by region and application does not directly signal short-term EU ETS price movement."", ""Emission Trading Schemes market size data by region and application does not directly signal short-term EU ETS price movement.""]",2,1.0,-0.2,-0.2,"[2, 2, 2]"
2612,https://www.exchange99.com/2020/05/24/company-profiles-and-key-figures-of-global-biomass-power-generation-market-reviewed-in-latest-2020-research-report/,,Company Profiles and Key Figures of Global Biomass Power Generation Market Reviewed in Latest 2020 Research Report,2020-05-24,,exchange99.com,English,,2,2,carbon_terms=1;energy_driver,NO,-1,"[""NO"", ""NO"", ""NO""]","[""Biomass power market review is unlikely to directly impact EU ETS pricing in the short term."", ""Biomass power market review is unlikely to directly impact EU ETS pricing in the short term."", ""Biomass power market review is unlikely to directly impact EU ETS pricing in the short term.""]",2,1.0,-0.2,-0.2,"[2, 2, 2]"
2618,https://www.reuters.com/article/climate-change-eu-shipping-idUSL4N2D82BV,https://mobile.reuters.com/article/amp/idUSL4N2D82BV,Shipping plan would reel international emissions into EU carbon market,2020-05-26,https://s4.reutersmedia.net/resources_v2/images/rcom-default.png,reuters.com,English,United States,1,6,eu_context;carbon_terms=4,YES,1,"[""YES"", ""YES"", ""YES""]","[""EU ETS could capture shipping emissions via compliance mechanisms, boosting price pressure."", ""EU ETS could capture shipping emissions via compliance mechanisms, boosting price pressure."", ""EU ETS could capture shipping emissions via compliance mechanisms, boosting price pressure.""]",8,1.0,0.8,0.8,"[8, 8, 8]"
2624,https://www.hellenicshippingnews.com/shipping-plan-would-reel-international-emissions-into-eu-carbon-market-2/,https://www.hellenicshippingnews.com/shipping-plan-would-reel-international-emissions-into-eu-carbon-market-2/amp/,Shipping plan would reel international emissions into EU carbon market | Hellenic Shipping News Worldwide,2020-05-28,,hellenicshippingnews.com,English,China,1,6,eu_context;carbon_terms=4,YES,1,"[""YES"", ""YES"", ""YES""]","[""EU carbon market could expand via shipping emissions under new regulatory framework."", ""EU carbon market could expand via shipping emissions under new regulatory framework."", ""EU carbon market could expand via shipping emissions under new regulatory framework.""]",7,1.0,0.7,0.7,"[7, 7, 7]"
2630,https://www.universityworldnews.com/post.php?story=202005300815438,,EU budget proposals  not good enough  say universities,2020-05-30,https://www.universityworldnews.com/images/articles/202005300815438_5_760.jpg,universityworldnews.com,English,United States,1,2,eu_context,NO,-1,"[""NO"", ""NO"", ""NO""]","[""University-related budget proposals are unlikely to directly impact EU ETS pricing."", ""University-related budget proposals are unlikely to directly impact EU ETS pricing."", ""University-related budget proposals are unlikely to directly impact EU ETS pricing.""]",3,1.0,-0.3,-0.3,"[3, 3, 3]"
2636,https://www.metro.us/uk-puts-forward-its/,https://www.metro.us/uk-puts-forward-its/amp/,UK puts forward its own  Emissions Trading System  to replace EU ,2020-06-02,https://www.metro.us/wp-content/uploads/Reuters_Direct_Media/USOnlineReportEconomy/tagreuters.com2020binary_LYNXMPEG502WA-BASEIMAGE.jpg,metro.us,English,United States,1,11,eu_ets_strong;eu_context;carbon_terms=3,NO,-1,"[""NO"", ""NO"", ""NO""]","[""UK\u2019s new ETS could disrupt EU markets by creating divergence in carbon pricing and regulatory frameworks."", ""UK\u2019s new ETS could disrupt EU markets by creating divergence in carbon pricing and regulatory frameworks."", ""UK\u2019s new ETS could disrupt EU markets by creating divergence in carbon pricing and regulatory frameworks.""]",7,1.0,-0.7,-0.7,"[7, 7, 7]"
2642,"http://aljazeerah.info/News/2020/June/5%20n/Angela%20Merkel%20and%20the%20European%20Union%20Trapped%20Between%20China%20and%20the%20US,%20June%204,%202020.htm",,"Angela Merkel and the European Union Trapped Between China and the US , June 4 , 2020",2020-06-05,,aljazeerah.info,English,Israel,1,2,eu_context,NO,-1,"[""NO"", ""NO"", ""NO""]","[""Geopolitical tensions may divert policy focus away from carbon pricing, but no direct price signal is evident."", ""Geopolitical tensions may divert policy focus away from carbon pricing, but no direct price signal is evident."", ""Geopolitical tensions may divert policy focus away from carbon pricing, but no direct price signal is evident.""]",3,1.0,-0.3,-0.3,"[3, 3, 3]"
2648,https://www.mondaq.com/cyprus/financing/949686/europe39s-moment-euro-750-billion-covid-19-fund-proposal-announced,,  Europe Moment – Euro 750 Billion Covid 19 Fund Proposal Announced . - Coronavirus ( COVID - 19 ) ,2020-06-09,,mondaq.com,English,United States,1,2,eu_context,NO,-1,"[""NO"", ""NO"", ""NO""]","[""Potential fiscal stimulus could boost emissions and delay decarbonization, but EU ETS price is more sensitive to policy clarity and cap adjustments than direct funding announcements."", ""Potential fiscal stimulus could boost emissions and delay decarbonization, but EU ETS price is more sensitive to policy clarity and cap adjustments than direct funding announcements."", ""Potential fiscal stimulus could boost emissions and delay decarbonization, but EU ETS price is more sensitive to policy clarity and cap adjustments than direct funding announcements.""]",5,1.0,-0.5,-0.5,"[5, 5, 5]"
2654,https://www.sciencedaily.com/releases/2020/06/200610152020.htm,,"How stimulus dollars are spent will affect emissions for decades : To tackle COVID - 19 and climate change , government spending must deliver jobs and growth alongside deep decarbonization",2020-06-14,,sciencedaily.com,English,United States,2,3,carbon_terms=3,YES,1,"[""YES"", ""YES"", ""YES""]","[""Government spending decisions directly influence long-term emissions trajectories via decarbonization investments."", ""Government spending decisions directly influence long-term emissions trajectories via decarbonization investments."", ""Government spending decisions directly influence long-term emissions trajectories via decarbonization investments.""]",7,1.0,0.7,0.7,"[7, 7, 7]"
2660,https://www.stuff.co.nz/environment/climate-news/121842073/emissions-trading-reform-bill-passes-hard-work-ahead,,"Emissions trading reform Bill passes , hard work ahead",2020-06-16,https://resources.stuff.co.nz/content/dam/images/4/y/m/m/2/5/image.related.StuffLandscapeSixteenByNine.1420x800.20jhy1.png/1592296834696.jpg,stuff.co.nz,English,New Zealand,1,3,carbon_terms=3,YES,1,"[""YES"", ""YES"", ""YES""]","[""Reform bill passage signals regulatory tightening, likely boosting ETS prices short-term despite ongoing implementation challenges."", ""Reform bill passage signals regulatory tightening, likely boosting ETS prices short-term despite ongoing implementation challenges."", ""Reform bill passage signals regulatory tightening, likely boosting ETS prices short-term despite ongoing implementation challenges.""]",7,1.0,0.7,0.7,"[7, 7, 7]"
2666,https://www.hydrocarbonprocessing.com/news/2020/06/court-backs-refinery-expansion-in-challenge-to-swedens-emissions-aims,,Court backs refinery expansion in challenge to Sweden emissions aims,2020-06-18,https://www.hydrocarbonprocessing.com/media/10124/generic-oil-industry.jpg,hydrocarbonprocessing.com,English,United States,1,2,carbon_terms=2,NO,-1,"[""NO"", ""NO"", ""NO""]","[""Refinery expansion may increase emissions, potentially triggering EU ETS compliance costs or regulatory adjustments."", ""Refinery expansion may increase emissions, potentially triggering EU ETS compliance costs or regulatory adjustments."", ""Refinery expansion may increase emissions, potentially triggering EU ETS compliance costs or regulatory adjustments.""]",6,1.0,-0.6,-0.6,"[6, 6, 6]"
2672,https://newsoninvest.com/poland-denies-eu-making-use-of-emissions-plan-to-finance-data-recovery/,https://newsoninvest.com/poland-denies-eu-making-use-of-emissions-plan-to-finance-data-recovery/amp/,Poland denies eu making use of emissions plan to finance data recovery,2020-06-20,https://nde.regolith.work/static/articles_images/f1446fe9110a59e83d154ab774210bec.md5.png.lark.png,newsoninvest.com,English,China,1,4,eu_context;carbon_terms=2,NO,-1,"[""NO"", ""NO"", ""NO""]","[""EU ETS price unlikely to be directly affected by Poland\u2019s denial of emissions plan use for data recovery."", ""EU ETS price unlikely to be directly affected by Poland\u2019s denial of emissions plan use for data recovery."", ""EU ETS price unlikely to be directly affected by Poland\u2019s denial of emissions plan use for data recovery.""]",2,1.0,-0.2,-0.2,"[2, 2, 2]"
2678,https://phys.org/news/2020-06-energy-transition-academies-path-carbon.html,https://phys.org/news/2020-06-energy-transition-academies-path-carbon.amp,Energy transition 2030 : Academies describe path to carbon neutrality in Europe,2020-06-22,https://scx2.b-cdn.net/gfx/news/hires/2020/cleanenergy.jpg,phys.org,English,United States,1,3,eu_context;carbon_terms=1,NO,-1,"[""NO"", ""NO"", ""NO""]","[""Academies\u2019 policy guidance may influence long-term regulatory trends but lacks immediate market signals."", ""Academies\u2019 policy guidance may influence long-term regulatory trends but lacks immediate market signals."", ""Academies\u2019 policy guidance may influence long-term regulatory trends but lacks immediate market signals.""]",5,1.0,-0.5,-0.5,"[5, 5, 5]"
2684,https://www.euractiv.com/section/economy-jobs/opinion/staying-on-course-during-the-storm-eu-tools-for-a-sustainable-future/,,Staying on course during the storm – EU tools for a sustainable future,2020-06-25,https://www.euractiv.com/wp-content/uploads/sites/2/2020/05/P044047-752589-800x450.jpg,euractiv.com,English,United Kingdom,1,2,eu_context,NO,-1,"[""NO"", ""NO"", ""NO""]","[""The headline suggests policy continuity rather than market disruption, implying modest price stability."", ""The headline suggests policy continuity rather than market disruption, implying modest price stability."", ""The headline suggests policy continuity rather than market disruption, implying modest price stability.""]",3,1.0,-0.3,-0.3,"[3, 3, 3]"
2690,http://www.itnewsonline.com/prnewswire/An-EU-Carbon-Border-Tax-Could-Be-the-Next-Disruptive-Force-in-Global-Trade/698279,,IT News Online - PR Newswire - An EU Carbon Border Tax Could Be the Next Disruptive Force in Global Trade,2020-06-30,,itnewsonline.com,English,United States,1,3,eu_context;carbon_terms=1,YES,1,"[""YES"", ""YES"", ""YES""]","[""EU carbon border tax may drive price volatility and increase demand for carbon credits in the EU ETS."", ""EU carbon border tax may drive price volatility and increase demand for carbon credits in the EU ETS."", ""EU carbon border tax may drive price volatility and increase demand for carbon credits in the EU ETS.""]",7,1.0,0.7,0.7,"[7, 7, 7]"
2696,https://www.tax-news.com/news/Switzerland_To_Introduce_VAT_Domestic_Reverse_Charge_On_Emissions_Trading____97733.html,,Switzerland To Introduce VAT Domestic Reverse Charge On Emissions Trading,2020-07-03,,tax-news.com,English,United Kingdom,1,3,carbon_terms=3,NO,-1,"[""NO"", ""NO"", ""NO""]","[""Reverse charge VAT may reduce compliance costs but could also distort market signals and affect price dynamics."", ""Reverse charge VAT may reduce compliance costs but could also distort market signals and affect price dynamics."", ""Reverse charge VAT may reduce compliance costs but could also distort market signals and affect price dynamics.""]",6,1.0,-0.6,-0.6,"[6, 6, 6]"
2702,https://www.euractiv.com/section/aviation/news/eu-commission-chews-over-changes-to-aviation-emissions-rules/,,EU Commission chews over changes to aviation emissions rules,2020-07-07,https://www.euractiv.com/wp-content/uploads/sites/2/2020/07/shutterstock_1135161533-800x450.jpg,euractiv.com,English,United Kingdom,1,4,eu_context;carbon_terms=2,NO,-1,"[""NO"", ""NO"", ""NO""]","[""Aviation emissions rule changes could affect compliance costs and cap allocation, influencing short-term ETS price volatility."", ""Aviation emissions rule changes could affect compliance costs and cap allocation, influencing short-term ETS price volatility."", ""Aviation emissions rule changes could affect compliance costs and cap allocation, influencing short-term ETS price volatility.""]",6,1.0,-0.6,-0.6,"[6, 6, 6]"
2708,https://www.theparliamentmagazine.eu/news/article/eu-leaders-tell-member-states-it-is-essential-to-agree-on-budget-and-recovery-plan-at-summit,,EU leaders tell Member States it is  essential  to agree on budget and recovery plan at summit,2020-07-09,,theparliamentmagazine.eu,English,United Kingdom,1,2,eu_context,NO,-1,"[""NO"", ""NO"", ""NO""]","[""EU ETS pricing is unlikely to be directly affected by budget/recovery plan negotiations, though political alignment may indirectly influence policy stability."", ""EU ETS pricing is unlikely to be directly affected by budget/recovery plan negotiations, though political alignment may indirectly influence policy stability."", ""EU ETS pricing is unlikely to be directly affected by budget/recovery plan negotiations, though political alignment may indirectly influence policy stability.""]",5,1.0,-0.5,-0.5,"[5, 5, 5]"
2714,https://www.businessgreen.com/news/4017770/eu-carbon-prices-surge-14,,EU carbon prices surge to 14 - year high,2020-07-14,,businessgreen.com,English,United Kingdom,1,4,eu_context;carbon_terms=2,YES,1,"[""YES"", ""YES"", ""YES""]","[""Surge to 14-year high signals strong market confidence and potential for continued upward momentum."", ""Surge to 14-year high signals strong market confidence and potential for continued upward momentum."", ""Surge to 14-year high signals strong market confidence and potential for continued upward momentum.""]",8,1.0,0.8,0.8,"[8, 8, 8]"
2720,https://www.prnewswire.com:443/news-releases/economies-adopting-regulations-to-promote-ancillary-services-for-renewable-energy-penetration-europe-to-take-lead-in-ancillary-services-for-power-market-tmr-301094724.html,,"Economies Adopting Regulations to Promote Ancillary Services for Renewable Energy Penetration , Europe to Take Lead in Ancillary Services for Power Market : TMR",2020-07-16,,prnewswire.com,English,United States,2,4,eu_context;carbon_terms=1;energy_driver,YES,1,"[""YES"", ""YES"", ""YES""]","[""Ancillary services demand growth from renewables could boost EU ETS price via increased market activity and compliance costs."", ""Ancillary services demand growth from renewables could boost EU ETS price via increased market activity and compliance costs."", ""Ancillary services demand growth from renewables could boost EU ETS price via increased market activity and compliance costs.""]",7,1.0,0.7,0.7,"[7, 7, 7]"
2726,https://www.bnnbloomberg.ca/emissions-market-faces-fresh-overhaul-in-europe-s-green-deal-1.1466981,,Emissions Market Faces Fresh Overhaul in Europe Green Deal,2020-07-18,http://www.bnnbloomberg.ca/polopoly_fs/1.1466982!/fileimage/httpImage/image.png_gen/derivatives/landscape_620/emissions-rise-from-cooling-towers-at-a-lignite-fired-power-plant-in-peitz-germany.png,bnnbloomberg.ca,English,Canada,1,5,eu_context;carbon_terms=3,YES,1,"[""YES"", ""YES"", ""YES""]","[""Major policy shifts could trigger volatility and reshape pricing dynamics."", ""Major policy shifts could trigger volatility and reshape pricing dynamics."", ""Major policy shifts could trigger volatility and reshape pricing dynamics.""]",7,1.0,0.7,0.7,"[7, 7, 7]"
2732,https://www.euractiv.com/section/energy/news/gas-grid-operators-unveil-plan-for-european-hydrogen-infrastructure-backbone/,,Gas grid operators unveil plan for European hydrogen infrastructure  backbone  ,2020-07-20,https://www.euractiv.com/wp-content/uploads/sites/2/2020/07/hydrogen-800x450.jpg,euractiv.com,English,United Kingdom,2,3,eu_context;energy_driver,YES,1,"[""YES"", ""YES"", ""YES""]","[""Hydrogen infrastructure expansion could increase demand for clean energy compliance, supporting EU ETS prices."", ""Hydrogen infrastructure expansion could increase demand for clean energy compliance, supporting EU ETS prices."", ""Hydrogen infrastructure expansion could increase demand for clean energy compliance, supporting EU ETS prices.""]",7,1.0,0.7,0.7,"[7, 7, 7]"
2738,https://af.reuters.com/article/commoditiesNews/idAFL5N2ET25N,https://mobile.reuters.com/article/amp/af/idAFL5N2ET25N,EUROPE POWER - Spot prices diverge as French renewables dip - Agricultural Commodities,2020-07-22,https://s4.reutersmedia.net/resources_v2/images/rcom-default.png,af.reuters.com,English,United States,2,4,eu_context;carbon_terms=1;energy_driver,NO,-1,"[""NO"", ""NO"", ""NO""]","[""Renewables dip in France may slightly reduce supply, but spot price divergence suggests broader market sentiment over agricultural commodity impacts."", ""Renewables dip in France may slightly reduce supply, but spot price divergence suggests broader market sentiment over agricultural commodity impacts."", ""Renewables dip in France may slightly reduce supply, but spot price divergence suggests broader market sentiment over agricultural commodity impacts.""]",5,1.0,-0.5,-0.5,"[5, 5, 5]"
2744,https://uk.reuters.com/article/europe-electricity/europe-power-spot-prices-diverge-as-french-renewables-dip-idUKL5N2ET25N,https://uk.mobile.reuters.com/article/amp/idUKL5N2ET25N,EUROPE POWER - Spot prices diverge as French renewables dip,2020-07-24,https://s4.reutersmedia.net/resources_v2/images/rcom-default.png,uk.reuters.com,English,United States,2,4,eu_context;carbon_terms=1;energy_driver,NO,-1,"[""NO"", ""NO"", ""NO""]","[""French renewables dip may signal reduced supply, potentially pressuring EU ETS prices short-term."", ""French renewables dip may signal reduced supply, potentially pressuring EU ETS prices short-term."", ""French renewables dip may signal reduced supply, potentially pressuring EU ETS prices short-term.""]",6,1.0,-0.6,-0.6,"[6, 6, 6]"
2750,https://www.financialbuzz.com/europe-stainless-steel-electrical-enclosures-market-forecast-to-2027-covid-19-impact-and-regional-analysis-by-mounting-type-industry/,,Europe Stainless Steel Electrical Enclosures Market Forecast to 2027 – COVID - 19 Impact and Regional Analysis By Mounting Type ; Industry,2020-07-26,https://www.financialbuzz.com/wp-content/uploads/2018/06/globenewswire.jpg,financialbuzz.com,English,United States,2,3,eu_context;carbon_terms=1,NO,-1,"[""NO"", ""NO"", ""NO""]","[""EU ETS price not directly affected by stainless steel enclosure market forecasts or COVID-19 regional analysis."", ""EU ETS price not directly affected by stainless steel enclosure market forecasts or COVID-19 regional analysis."", ""EU ETS price not directly affected by stainless steel enclosure market forecasts or COVID-19 regional analysis.""]",2,1.0,-0.2,-0.2,"[2, 2, 2]"
2756,https://af.reuters.com/article/commoditiesNews/idAFL5N2EY1AV,https://mobile.reuters.com/article/amp/af/idAFL5N2EY1AV,EUROPE POWER - Spot power prices slide on expected surge in wind output - Agricultural Commodities,2020-07-28,https://s4.reutersmedia.net/resources_v2/images/rcom-default.png,af.reuters.com,English,United States,2,4,eu_context;carbon_terms=1;energy_driver,NO,-1,"[""NO"", ""NO"", ""NO""]","[""Wind output surge may slightly depress spot prices but doesn\u2019t directly impact EU ETS carbon pricing."", ""Wind output surge may slightly depress spot prices but doesn\u2019t directly impact EU ETS carbon pricing."", ""Wind output surge may slightly depress spot prices but doesn\u2019t directly impact EU ETS carbon pricing.""]",5,1.0,-0.5,-0.5,"[5, 5, 5]"
2762,https://carbon-pulse.com/105343/,,COMMENT : Bridging the gap in EU carbon prices ? « Carbon Pulse,2020-07-30,,carbon-pulse.com,English,China,1,4,eu_context;carbon_terms=2,NO,-1,"[""NO"", ""NO"", ""NO""]","[""The headline suggests a potential price convergence but lacks specific data to confirm short-term direction."", ""The headline suggests a potential price convergence but lacks specific data to confirm short-term direction."", ""The headline suggests a potential price convergence but lacks specific data to confirm short-term direction.""]",5,1.0,-0.5,-0.5,"[5, 5, 5]"
2768,https://www.icis.com/explore/resources/news/2020/08/03/10537257/eu-hydrogen-strategy-could-cause-power-and-carbon-prices-to-drop,,EU Hydrogen Strategy Could Cause Power and Carbon Prices to Drop,2020-08-03,https://icis.com/assets/getasset-925779.jpg,icis.com,English,China,1,5,eu_context;carbon_terms=2;energy_driver,NO,-1,"[""NO"", ""NO"", ""NO""]","[""Hydrogen strategy may reduce demand for carbon-intensive power, lowering ETS prices via increased clean energy substitution."", ""Hydrogen strategy may reduce demand for carbon-intensive power, lowering ETS prices via increased clean energy substitution."", ""Hydrogen strategy may reduce demand for carbon-intensive power, lowering ETS prices via increased clean energy substitution.""]",7,1.0,-0.7,-0.7,"[7, 7, 7]"
2774,https://af.reuters.com/article/energyOilNews/idAFL4N2F828R,https://mobile.reuters.com/article/amp/af/idAFL4N2F828R,"EU , Switzerland to link emissions trading platforms from September - Energy & Oil",2020-08-06,https://s4.reutersmedia.net/resources_v2/images/rcom-default.png,af.reuters.com,English,United States,1,6,eu_context;carbon_terms=3;energy_driver,YES,1,"[""YES"", ""YES"", ""YES""]","[""Linking platforms could increase trading volume and pressure prices upward due to expanded market coverage."", ""Linking platforms could increase trading volume and pressure prices upward due to expanded market coverage."", ""Linking platforms could increase trading volume and pressure prices upward due to expanded market coverage.""]",7,1.0,0.7,0.7,"[7, 7, 7]"
2780,https://wtvbam.com/news/articles/2020/aug/06/eu-switzerland-to-link-emissions-trading-platforms-from-september/1046756/,,"EU , Switzerland to link emissions trading platforms from September | News",2020-08-08,https://radiocms-images.us1.eldarioncloud.com/resize/1200/https://storage.googleapis.com/media.mwcradio.com/mimesis/2020-08/06/2020-08-06T082926Z_1_LYNXNPEG750JP_RTROPTP_3_EU-CARBON-SWISS.JPG?upscale=False,wtvbam.com,English,United States,1,5,eu_context;carbon_terms=3,YES,1,"[""YES"", ""YES"", ""YES""]","[""Platform linkage could increase trading volume and price volatility due to expanded market coverage."", ""Platform linkage could increase trading volume and price volatility due to expanded market coverage."", ""Platform linkage could increase trading volume and price volatility due to expanded market coverage.""]",7,1.0,0.7,0.7,"[7, 7, 7]"
2786,https://www.lexology.com/library/detail.aspx?g=37299609-a69e-41e0-a551-a0b61276370c,,European Commission Seeks Comments on Green Deal Proposals from Global Stakeholders,2020-08-11,,lexology.com,English,United States,1,2,eu_context,NO,-1,"[""NO"", ""NO"", ""NO""]","[""Green Deal proposals may influence long-term policy, but short-term EU ETS price movement is unlikely to be directly impacted."", ""Green Deal proposals may influence long-term policy, but short-term EU ETS price movement is unlikely to be directly impacted."", ""Green Deal proposals may influence long-term policy, but short-term EU ETS price movement is unlikely to be directly impacted.""]",3,1.0,-0.3,-0.3,"[3, 3, 3]"
2792,https://www.impel.eu/circular-economy-can-contribute-substantially-to-reducing-greenhouse-gas-emissions/,,Circular economy can contribute substantially to reducing greenhouse gas emissions,2020-08-14,,impel.eu,English,Belgium,2,3,carbon_terms=2;energy_driver,YES,1,"[""YES"", ""YES"", ""YES""]","[""Circular economy initiatives may drive demand for carbon credits and influence ETS compliance costs."", ""Circular economy initiatives may drive demand for carbon credits and influence ETS compliance costs."", ""Circular economy initiatives may drive demand for carbon credits and influence ETS compliance costs.""]",7,1.0,0.7,0.7,"[7, 7, 7]"
2798,https://emerging-europe.com/news/the-magical-lure-of-prague-elsewhere-in-emerging-europe/,,The magical lure of Prague : Elsewhere in emerging Europe - Emerging Europe,2020-08-16,https://emerging-europe.com/wp-content/uploads/2016/04/bigstock-Prague-Castle-and-Mala-Strana-113621678.jpg,emerging-europe.com,English,Romania,2,2,eu_context,NO,-1,"[""NO"", ""NO"", ""NO""]","[""Emerging Europe\u2019s carbon market dynamics are too fragmented and volatile to reliably influence EU ETS prices."", ""Emerging Europe\u2019s carbon market dynamics are too fragmented and volatile to reliably influence EU ETS prices."", ""Emerging Europe\u2019s carbon market dynamics are too fragmented and volatile to reliably influence EU ETS prices.""]",2,1.0,-0.2,-0.2,"[2, 2, 2]"
2804,https://www.biofuelsdigest.com/bdigest/2020/08/17/platts-first-to-market-with-european-saf-price-assessment/,,Platts first to market with European SAF price assessment : Biofuels Digest,2020-08-18,,biofuelsdigest.com,English,United States,2,4,eu_context;carbon_terms=2,NO,-1,"[""NO"", ""NO"", ""NO""]","[""SAF pricing by Platts may signal market sentiment but lacks immediate regulatory or trading volume impact on EU ETS."", ""SAF pricing by Platts may signal market sentiment but lacks immediate regulatory or trading volume impact on EU ETS."", ""SAF pricing by Platts may signal market sentiment but lacks immediate regulatory or trading volume impact on EU ETS.""]",3,1.0,-0.3,-0.3,"[3, 3, 3]"
2810,https://www.gov.uk/guidance/drivers-hours-passenger-vehicles/1-eu-and-aetr-rules-on-drivers-hours,,1 . EU and AETR rules on driver hours - Driver hours and tachographs : buses and coaches - Guidance,2020-08-20,https://www.gov.uk/assets/static/opengraph-image-a1f7d89ffd0782738b1aeb0da37842d8bd0addbd724b8e58c3edbc7287cc11de.png,gov.uk,English,United Kingdom,2,2,eu_context,NO,-1,"[""NO"", ""NO"", ""NO""]","[""Regulatory guidance on driver hours has minimal direct impact on EU ETS pricing, as it pertains to operational compliance rather than emissions trading mechanics."", ""Regulatory guidance on driver hours has minimal direct impact on EU ETS pricing, as it pertains to operational compliance rather than emissions trading mechanics."", ""Regulatory guidance on driver hours has minimal direct impact on EU ETS pricing, as it pertains to operational compliance rather than emissions trading mechanics.""]",2,1.0,-0.2,-0.2,"[2, 2, 2]"
2816,https://www.prnewswire.com/news-releases/gas-turbine-market-size-is-projected-to-reach-usd-22930-million-by-2026---valuates-reports-301116707.html,,Gas Turbine Market Size is Projected to Reach USD 22930 Million by 2026,2020-08-22,,prnewswire.com,English,United States,2,2,carbon_terms=1;energy_driver,NO,-1,"[""NO"", ""NO"", ""NO""]","[""Gas turbine market growth may indirectly affect emissions intensity but has limited direct impact on EU ETS pricing."", ""Gas turbine market growth may indirectly affect emissions intensity but has limited direct impact on EU ETS pricing."", ""Gas turbine market growth may indirectly affect emissions intensity but has limited direct impact on EU ETS pricing.""]",3,1.0,-0.3,-0.3,"[3, 3, 3]"
2822,https://renews.biz/62651/55-eu-emissions-cut-achievable-by-2030/,,55 % EU emissions cut  achievable by 2030  - reNews - Renewable Energy News,2020-08-24,https://renews.biz/media/15353/pollution-climate-generic-credit-sxc.jpg,renews.biz,English,United Kingdom,1,4,eu_context;carbon_terms=2,YES,1,"[""YES"", ""YES"", ""YES""]","[""EU ETS price may rise as emissions targets tighten, incentivizing cleaner tech adoption."", ""EU ETS price may rise as emissions targets tighten, incentivizing cleaner tech adoption."", ""EU ETS price may rise as emissions targets tighten, incentivizing cleaner tech adoption.""]",7,1.0,0.7,0.7,"[7, 7, 7]"
2828,https://www.petroleum-economist.com/articles/low-carbon-energy/energy-transition/2020/eu-claims-central-role-in-global-hsub2sub-market,,EU claims central role in global H<sub>2< / sub> market,2020-08-26,https://www.petroleum-economist.com/media/8848/eu-hydrogen-homepage.jpg?mode=pad&format=jpg&quality=90&slimmage=true&rnd=132429040640000000,petroleum-economist.com,English,Saudi Arabia,2,3,eu_context;carbon_terms=1,NO,-1,"[""NO"", ""NO"", ""NO""]","[""Hydrogen market growth may indirectly affect ETS via energy demand shifts, but EU\u2019s central role is not yet a direct price driver."", ""Hydrogen market growth may indirectly affect ETS via energy demand shifts, but EU\u2019s central role is not yet a direct price driver."", ""Hydrogen market growth may indirectly affect ETS via energy demand shifts, but EU\u2019s central role is not yet a direct price driver.""]",3,1.0,-0.3,-0.3,"[3, 3, 3]"
2834,https://www.euractiv.com/section/emissions-trading-scheme/news/scientists-call-on-eu-to-correct-biomass-carbon-accounting-rules/,,Scientists call on EU to  correct  biomass carbon accounting rules,2020-08-28,https://www.euractiv.com/wp-content/uploads/sites/2/2018/03/shutterstock_100551715-800x450.jpg,euractiv.com,English,United Kingdom,1,3,eu_context;carbon_terms=1,YES,1,"[""YES"", ""YES"", ""YES""]","[""Biomass accounting reforms could trigger compliance costs or market volatility in EU ETS."", ""Biomass accounting reforms could trigger compliance costs or market volatility in EU ETS."", ""Biomass accounting reforms could trigger compliance costs or market volatility in EU ETS.""]",7,1.0,0.7,0.7,"[7, 7, 7]"
2840,https://www.msn.com/en-us/autos/news/europe-faces-tall-hurdles-to-make-green-hydrogen-hype-reality/ar-BB18wxWS,,Europe faces tall hurdles to make  green hydrogen  hype reality,2020-08-30,,msn.com,English,United States,1,2,eu_context,NO,-1,"[""NO"", ""NO"", ""NO""]","[""Green hydrogen hype may delay policy momentum, but EU ETS prices could still rise due to carbon pricing pressure."", ""Green hydrogen hype may delay policy momentum, but EU ETS prices could still rise due to carbon pricing pressure."", ""Green hydrogen hype may delay policy momentum, but EU ETS prices could still rise due to carbon pricing pressure.""]",6,1.0,-0.6,-0.6,"[6, 6, 6]"
2846,https://europe.autonews.com/automakers/eu-gains-power-recall-vehicles-flouting-emissions-rules,,EU gains power to recall vehicles for flouting emissions rules,2020-09-01,https://s3-prod-europe.autonews.com/s3fs-public/styles/800x600/public/AUDI-EMISSIONS-rtrs%20web_0.jpg,europe.autonews.com,English,United States,2,5,eu_context;carbon_terms=2;energy_driver,YES,1,"[""YES"", ""YES"", ""YES""]","[""Regulatory enforcement may increase compliance costs and tighten emissions caps, potentially boosting ETS prices."", ""Regulatory enforcement may increase compliance costs and tighten emissions caps, potentially boosting ETS prices."", ""Regulatory enforcement may increase compliance costs and tighten emissions caps, potentially boosting ETS prices.""]",7,1.0,0.7,0.7,"[7, 7, 7]"
2852,https://www.bnnbloomberg.ca/manipulation-risk-identified-in-europe-s-pollution-offset-market-1.1488399,https://www.bnnbloomberg.ca/manipulation-risk-identified-in-europe-s-pollution-offset-market-1.1488399.amp.html,Manipulation Risk Identified in Europe Pollution Offset Market,2020-09-03,http://www.bnnbloomberg.ca/polopoly_fs/1.1488400!/fileimage/httpImage/image.jpg_gen/derivatives/landscape_620/bill-winters.jpg,bnnbloomberg.ca,English,Canada,1,3,eu_context;carbon_terms=1,NO,-1,"[""NO"", ""NO"", ""NO""]","[""Offset market manipulation could trigger regulatory scrutiny and price volatility in EU ETS."", ""Offset market manipulation could trigger regulatory scrutiny and price volatility in EU ETS."", ""Offset market manipulation could trigger regulatory scrutiny and price volatility in EU ETS.""]",7,1.0,-0.7,-0.7,"[7, 7, 7]"
2858,http://redgreenandblue.org/2020/09/04/portuguese-youth-file-unprecedented-climate-lawsuit-33-european-countries/,,Portuguese youth file unprecedented climate lawsuit against 33 European countries,2020-09-05,http://redgreenandblue.org/wp-content/uploads/2020/09/Portuguese-kids.jpg,redgreenandblue.org,English,United States,2,2,eu_context,NO,-1,"[""NO"", ""NO"", ""NO""]","[""May signal regulatory pressure but unlikely to drive immediate ETS price movement."", ""May signal regulatory pressure but unlikely to drive immediate ETS price movement."", ""May signal regulatory pressure but unlikely to drive immediate ETS price movement.""]",3,1.0,-0.3,-0.3,"[3, 3, 3]"
2864,http://www.digitaljournal.com/tech-and-science/science/zombie-fires-fuel-sky-high-carbon-emissions-in-the-arctic/article/577595,,  Zombie Fire fuel sky - high carbon emissions in the Arctic,2020-09-07,http://www.digitaljournal.com/img/8/4/3/0/8/3/i/4/7/3/p-large/FFF-11.JPG,digitaljournal.com,English,United States,2,3,carbon_terms=3,NO,-1,"[""NO"", ""NO"", ""NO""]","[""Arctic emissions are marginal compared to EU ETS markets and unlikely to drive short-term price movement."", ""Arctic emissions are marginal compared to EU ETS markets and unlikely to drive short-term price movement."", ""Arctic emissions are marginal compared to EU ETS markets and unlikely to drive short-term price movement.""]",3,1.0,-0.3,-0.3,"[3, 3, 3]"
2870,https://www.theedgemarkets.com/article/worlds-biggest-carbon-market-get-even-bigger-new-eu-plan,,World biggest carbon market to get even bigger in new EU plan,2020-09-12,https://assets.theedgemarkets.com/carbon_bloomberg.jpg?null,theedgemarkets.com,English,Malaysia,1,4,eu_context;carbon_terms=2,YES,1,"[""YES"", ""YES"", ""YES""]","[""Expansion of EU ETS coverage likely to increase demand and push prices higher."", ""Expansion of EU ETS coverage likely to increase demand and push prices higher."", ""Expansion of EU ETS coverage likely to increase demand and push prices higher.""]",8,1.0,0.8,0.8,"[8, 8, 8]"
2876,https://uk.finance.yahoo.com/news/world-biggest-carbon-market-even-050000890.html,https://uk.finance.yahoo.com/amphtml/news/world-biggest-carbon-market-even-050000890.html,World Biggest Carbon Market to Get Even Bigger in New EU Plan,2020-09-14,https://s.yimg.com/uu/api/res/1.2/CbQpgMjImCyjFHRLAqZuWg--~B/aD02OTY7dz0xMjk2O3NtPTE7YXBwaWQ9eXRhY2h5b24-/https://media.zenfs.com/en/bloomberg_markets_842/27cc1cda9d2d5754d8028071e1e4f4dc,uk.finance.yahoo.com,English,United States,1,4,eu_context;carbon_terms=2,YES,1,"[""YES"", ""YES"", ""YES""]","[""EU\u2019s expansion of the ETS will increase demand and likely push prices higher."", ""EU\u2019s expansion of the ETS will increase demand and likely push prices higher."", ""EU\u2019s expansion of the ETS will increase demand and likely push prices higher.""]",8,1.0,0.8,0.8,"[8, 8, 8]"
2882,https://energycentral.com/news/eu-emissions-trading-system-free-allowances-must-be-better-targeted-say-auditors,,"E . U . Emissions Trading System : Free Allowances Must Be Better Targeted , Say Auditors",2020-09-16,,energycentral.com,English,United States,1,10,eu_ets_strong;carbon_terms=5,NO,-1,"[""NO"", ""NO"", ""NO""]","[""Auditors' call for better targeting of free allowances may signal tighter policy, potentially suppressing price if allocations are reduced."", ""Auditors' call for better targeting of free allowances may signal tighter policy, potentially suppressing price if allocations are reduced."", ""Auditors' call for better targeting of free allowances may signal tighter policy, potentially suppressing price if allocations are reduced.""]",6,1.0,-0.6,-0.6,"[6, 6, 6]"
2888,https://www.neweurope.eu/article/commission-wants-to-reduce-eu-greenhouse-gas-emissions-by-at-least-55-by-2030/,,Commission wants to reduce EU greenhouse gas emissions by at least 55 % by 2030,2020-09-18,https%3A%2F%2Fwww.neweurope.eu%2Fwp-content%2Fuploads%2F2020%2F09%2Fh_56243897.jpg,neweurope.eu,English,United Kingdom,1,5,eu_context;carbon_terms=2;energy_driver,YES,1,"[""YES"", ""YES"", ""YES""]","[""Strong policy signal likely to drive higher ETS prices via stricter emission caps."", ""Strong policy signal likely to drive higher ETS prices via stricter emission caps."", ""Strong policy signal likely to drive higher ETS prices via stricter emission caps.""]",8,1.0,0.8,0.8,"[8, 8, 8]"
2894,https://www.telegraph.co.uk/business/2020/09/20/eu-climate-plan-sets-stage-explosive-rise-carbon-prices/,https://www.telegraph.co.uk/business/2020/09/20/eu-climate-plan-sets-stage-explosive-rise-carbon-prices/amp/,EU climate plan sets stage for an explosive rise in carbon prices,2020-09-20,,telegraph.co.uk,English,United Kingdom,1,4,eu_context;carbon_terms=2,YES,1,"[""YES"", ""YES"", ""YES""]","[""EU climate plan signals strong policy tailwinds likely to drive upward pressure on carbon prices."", ""EU climate plan signals strong policy tailwinds likely to drive upward pressure on carbon prices."", ""EU climate plan signals strong policy tailwinds likely to drive upward pressure on carbon prices.""]",8,1.0,0.8,0.8,"[8, 8, 8]"
2900,https://www.rechargenews.com/transition/eus-plan-for-55-emissions-cut-by-2030-may-have-significant-impact-on-oil-demand/2-1-878280,,EU plan for 55 % emissions cut by 2030 may have significant impact on oil demand,2020-09-22,https://images-global.nhst.tech/image/eHZad2hXdjZ0MWhlYWpwMUpOWHdqZWZUc005dzlaTHhvbXloektrVTQ1QT0=/nhst/binary/2712c92f5640c5832521e2f50e52ecd2?image_version=720,rechargenews.com,English,United States,1,5,eu_context;carbon_terms=2;energy_driver,YES,1,"[""YES"", ""YES"", ""YES""]","[""EU\u2019s 55% emissions target could reshape oil demand, indirectly affecting ETS prices via carbon pricing and sectoral decarbonization."", ""EU\u2019s 55% emissions target could reshape oil demand, indirectly affecting ETS prices via carbon pricing and sectoral decarbonization."", ""EU\u2019s 55% emissions target could reshape oil demand, indirectly affecting ETS prices via carbon pricing and sectoral decarbonization.""]",7,1.0,0.7,0.7,"[7, 7, 7]"
2906,https://www.lexology.com/library/detail.aspx?g=87679786-7e58-40b8-b552-8eb7218ffc76,,The European Commission adopts revised State aid Guidelines in relation to its Emissions Trading System,2020-09-24,,lexology.com,English,United States,2,11,eu_ets_strong;eu_context;carbon_terms=3,YES,1,"[""YES"", ""YES"", ""YES""]","[""Revised state aid guidelines may influence compliance and investment in ETS-compliant projects, potentially affecting market sentiment and pricing."", ""Revised state aid guidelines may influence compliance and investment in ETS-compliant projects, potentially affecting market sentiment and pricing."", ""Revised state aid guidelines may influence compliance and investment in ETS-compliant projects, potentially affecting market sentiment and pricing.""]",7,1.0,0.7,0.7,"[7, 7, 7]"
2912,https://timesofindia.indiatimes.com/city/chandigarh/if-open-markets-were-so-benevolent-farmers-in-us-or-europe-would-not-be-in-severe-crises/articleshow/78328364.cms,https://m.timesofindia.com/city/chandigarh/if-open-markets-were-so-benevolent-farmers-in-us-or-europe-would-not-be-in-severe-crises/amp_articleshow/78328364.cms,"  If open markets were so benevolent , farmers in US or Europe would not be in severe crise | Chandigarh News",2020-09-26,"https://static.toiimg.com/thumb/msid-78328386,width-1070,height-580,imgsize-740999,resizemode-75,overlay-toi_sw,pt-32,y_pad-40/photo.jpg",timesofindia.indiatimes.com,English,India,2,3,eu_context;carbon_terms=1,NO,-1,"[""NO"", ""NO"", ""NO""]","[""Farmers\u2019 crisis is unrelated to EU ETS price dynamics and lacks direct market linkage."", ""Farmers\u2019 crisis is unrelated to EU ETS price dynamics and lacks direct market linkage."", ""Farmers\u2019 crisis is unrelated to EU ETS price dynamics and lacks direct market linkage.""]",2,1.0,-0.2,-0.2,"[2, 2, 2]"
2918,https://www.morningstar.com/news/globe-newswire/8059199/quotient-limited-announces-receipt-of-us-fda-emergency-use-authorization-eua-for-mosaiq-covid-19-antibody-test,,Quotient Limited Announces Receipt of U . S . FDA Emergency Use Authorization ( EUA ) for MosaiQ COVID - 19 Antibody test,2020-09-28,,morningstar.com,English,China,1,8,eu_ets_strong;eu_context,NO,-1,"[""NO"", ""NO"", ""NO""]","[""EU ETS price is not directly affected by FDA EUA announcements for diagnostic tests, unless tied to broader carbon policy or health-related emissions regulation."", ""EU ETS price is not directly affected by FDA EUA announcements for diagnostic tests, unless tied to broader carbon policy or health-related emissions regulation."", ""EU ETS price is not directly affected by FDA EUA announcements for diagnostic tests, unless tied to broader carbon policy or health-related emissions regulation.""]",1,1.0,-0.1,-0.1,"[1, 1, 1]"
2924,https://www.reuters.com/article/us-eu-carbontrading-border/eus-carbon-border-plan-likely-to-use-emissions-trading-study-says-idUSKBN26L2O9,https://mobile.reuters.com/article/amp/idUSKBN26L2O9,"EU carbon border plan likely to use emissions trading , study says",2020-09-30,https://static.reuters.com/resources/r/?m=02&d=20200930&t=2&i=1535543674&r=LYNXMPEG8T1SY,reuters.com,English,United States,1,6,eu_context;carbon_terms=4,YES,1,"[""YES"", ""YES"", ""YES""]","[""EU CBAM\u2019s alignment with ETS may boost demand and price volatility in the short term."", ""EU CBAM\u2019s alignment with ETS may boost demand and price volatility in the short term."", ""EU CBAM\u2019s alignment with ETS may boost demand and price volatility in the short term.""]",7,1.0,0.7,0.7,"[7, 7, 7]"
2930,https://shipandbunker.com/news/emea/504447-eu-ets-imposition-on-shipping-could-cause-global-retaliation-bimco,,EU ETS Imposition on Shipping Could Cause Global Retaliation : BIMCO,2020-10-02,https://shipandbunker.cdn.speedyrails.net/a/img/_mt_7ad6b65f193201685b540632ee69b3e6.jpg,shipandbunker.com,English,Singapore,1,8,eu_ets_strong;eu_context,NO,-1,"[""NO"", ""NO"", ""NO""]","[""Global retaliation risks could disrupt trade and reduce demand for EU ETS-compliant shipping, impacting price volatility."", ""Global retaliation risks could disrupt trade and reduce demand for EU ETS-compliant shipping, impacting price volatility."", ""Global retaliation risks could disrupt trade and reduce demand for EU ETS-compliant shipping, impacting price volatility.""]",7,1.0,-0.7,-0.7,"[7, 7, 7]"
2936,https://news.trust.org/item/20200902134413-4z7v4,,EXCLUSIVE - EU draft plan targets free carbon credit cut for ... ,2020-10-04,"https://d8zcwdvc14g2e.cloudfront.net/contentAsset/image/6236be23-618c-4ee5-afd4-169203eca3ba/image/byInode/1/filter/Resize,Jpeg/jpeg_q/70/resize_w/1400",news.trust.org,English,United States,2,3,eu_context;carbon_terms=1,YES,1,"[""YES"", ""YES"", ""YES""]","[""Free credit cuts signal tightening compliance, likely boosting ETS prices."", ""Free credit cuts signal tightening compliance, likely boosting ETS prices."", ""Free credit cuts signal tightening compliance, likely boosting ETS prices.""]",8,1.0,0.8,0.8,"[8, 8, 8]"
2942,https://leaderpost.com/pmn/business-pmn/berlin-to-discuss-european-parliaments-emissions-proposal-econmin,https://leaderpost.com/pmn/business-pmn/berlin-to-discuss-european-parliaments-emissions-proposal-econmin/wcm/746179f8-05dd-4ad3-a8e6-376ab1a534eb/amp/,Berlin to discuss European Parliament emissions proposal - EconMin,2020-10-06,,leaderpost.com,English,Canada,2,4,eu_context;carbon_terms=2,NO,-1,"[""NO"", ""NO"", ""NO""]","[""Berlin\u2019s discussion may influence legislative timing but not immediate price volatility."", ""Berlin\u2019s discussion may influence legislative timing but not immediate price volatility."", ""Berlin\u2019s discussion may influence legislative timing but not immediate price volatility.""]",5,1.0,-0.5,-0.5,"[5, 5, 5]"
2948,https://www.natlawreview.com/article/uk-ets-aviation-emissions-post-brexit,https://www.natlawreview.com/article/uk-ets-aviation-emissions-post-brexit?amp,UK Emissions Trading System and Aviation Emissions Post - Brexit,2020-10-08,https://www.natlawreview.com/%3Ca%20href%3D%22/node/%22%3E%3C/a%3E,natlawreview.com,English,United States,1,9,eu_ets_strong;carbon_terms=3,YES,1,"[""YES"", ""YES"", ""YES""]","[""UK ETS aviation emissions post-Brexit may trigger cross-border price adjustments in EU ETS due to regulatory divergence."", ""UK ETS aviation emissions post-Brexit may trigger cross-border price adjustments in EU ETS due to regulatory divergence."", ""UK ETS aviation emissions post-Brexit may trigger cross-border price adjustments in EU ETS due to regulatory divergence.""]",7,1.0,0.7,0.7,"[7, 7, 7]"
2954,https://balkangreenenergynews.com/romania-to-allocate-eur-23-million-for-closure-of-two-coal-mines-in-jiu-valley/,,Romania to allocate EUR 23 million for closure of two coal mines in Jiu Valley,2020-10-10,https://balkangreenenergynews.com/wp-content/uploads/2020/10/Romania-to-allocate-EUR-23-million-for-closure-of-two-coal-mines-in-Jiu-Valley-Hunedoara.jpg,balkangreenenergynews.com,English,Serbia,2,3,eu_context;energy_driver,NO,-1,"[""NO"", ""NO"", ""NO""]","[""Coal mine closure reduces emissions, but small-scale impact on EU ETS price due to limited overall emissions reduction."", ""Coal mine closure reduces emissions, but small-scale impact on EU ETS price due to limited overall emissions reduction."", ""Coal mine closure reduces emissions, but small-scale impact on EU ETS price due to limited overall emissions reduction.""]",4,1.0,-0.4,-0.4,"[4, 4, 4]"
2960,https://eurogas.org/media_centre/press-release-improved-emission-measurement-and-smart-heating-solutions-are-key-to-cutting-ghg-emissions/,,Press release : Improved emissions measurement and smart heating solutions are key to cutting GHG emissions : Eurogas,2020-10-13,,eurogas.org,English,,2,5,eu_context;carbon_terms=2;energy_driver,NO,-1,"[""NO"", ""NO"", ""NO""]","[""Improved measurement and smart heating may reduce emissions, but short-term EU ETS price impact is uncertain without policy or market response."", ""Improved measurement and smart heating may reduce emissions, but short-term EU ETS price impact is uncertain without policy or market response."", ""Improved measurement and smart heating may reduce emissions, but short-term EU ETS price impact is uncertain without policy or market response.""]",5,1.0,-0.5,-0.5,"[5, 5, 5]"
2966,https://www.gie.eu/index.php/gie-media/press-releases/13-news/gie/442-press-release-gie-supports-the-european-commission-s-strategy-on-methane-emissions-reductions,, * PRESS RELEASE * GIE supports the European Commission strategy on methane emissions reductions,2020-10-15,,gie.eu,English,Belgium,2,4,eu_context;carbon_terms=2,NO,-1,"[""NO"", ""NO"", ""NO""]","[""Methane reduction efforts may indirectly affect ETS pricing via sectoral emissions, but no direct price signal is implied."", ""Methane reduction efforts may indirectly affect ETS pricing via sectoral emissions, but no direct price signal is implied."", ""Methane reduction efforts may indirectly affect ETS pricing via sectoral emissions, but no direct price signal is implied.""]",3,1.0,-0.3,-0.3,"[3, 3, 3]"
2972,https://www.duurzaamnieuws.nl/the-european-gas-trap/,,Europe is over investing in gas : the european gas trap,2020-10-17,,duurzaamnieuws.nl,English,Netherlands,2,3,eu_context;energy_driver,NO,-1,"[""NO"", ""NO"", ""NO""]","[""Over-investment in gas may signal reduced long-term ETS compliance pressure, but short-term price volatility remains uncertain."", ""Over-investment in gas may signal reduced long-term ETS compliance pressure, but short-term price volatility remains uncertain."", ""Over-investment in gas may signal reduced long-term ETS compliance pressure, but short-term price volatility remains uncertain.""]",6,1.0,-0.6,-0.6,"[6, 6, 6]"
2978,http://www.theseanation.gr/news-in-english/48150-liberian-registry-opposed-to-unilateral-implementation-of-eu-emissions-scheme-on-international-shipping.html,,Liberian Registry Opposed To Unilateral Implementation Of EU Emissions Scheme On International Shipping,2020-10-19,http://www.theseanation.gr/images/niologioliverias.jpg,theseanation.gr,English,Greece,1,4,eu_context;carbon_terms=2,NO,-1,"[""NO"", ""NO"", ""NO""]","[""Liberian registry opposition may delay global shipping compliance, but EU ETS impact remains limited due to non-binding nature of unilateral measures."", ""Liberian registry opposition may delay global shipping compliance, but EU ETS impact remains limited due to non-binding nature of unilateral measures."", ""Liberian registry opposition may delay global shipping compliance, but EU ETS impact remains limited due to non-binding nature of unilateral measures.""]",3,1.0,-0.3,-0.3,"[3, 3, 3]"
2984,https://www.californiatelegraph.com/news/266761213/todos-medical-announces-distribution-agreement-with-adial-pharmaceuticals-to-market-the-fda-eua-authorized-assurefastepr-point-of-care-covid-19-antibody-tests,,"Todos Medical Announces Distribution Agreement with Adial Pharmaceuticals to Market the FDA , EUA Authorized , Assure / FaStep ( R ) Point - of - Care Covid - 19 Antibody Tests",2020-10-22,,californiatelegraph.com,English,United States,1,9,eu_ets_strong;eu_context;carbon_terms=1,NO,-1,"[""NO"", ""NO"", ""NO""]","[""EU ETS price unlikely to be directly affected by a point-of-care test distribution agreement."", ""EU ETS price unlikely to be directly affected by a point-of-care test distribution agreement."", ""EU ETS price unlikely to be directly affected by a point-of-care test distribution agreement.""]",2,1.0,-0.2,-0.2,"[2, 2, 2]"
2990,https://www.maltatoday.com.mt/environment/environment/105491/malta_finalising_carbon_neutrality_plan_for_2050_minister_tells_brussels_,,"Malta finalising carbon neutrality plan for 2050 , minister tells Brussels",2020-10-24,http://cdn.maltatoday.com.mt/ui_frontend/thumbnail/684/400/aaron_farrugia_environment_european_council.jpg,maltatoday.com.mt,English,Malta,2,3,eu_context;carbon_terms=1,NO,-1,"[""NO"", ""NO"", ""NO""]","[""Malta\u2019s carbon neutrality plan may signal future emissions reductions but has limited immediate impact on EU ETS pricing."", ""Malta\u2019s carbon neutrality plan may signal future emissions reductions but has limited immediate impact on EU ETS pricing."", ""Malta\u2019s carbon neutrality plan may signal future emissions reductions but has limited immediate impact on EU ETS pricing.""]",3,1.0,-0.3,-0.3,"[3, 3, 3]"
2996,https://www.icis.com/explore/resources/news/2020/10/26/10567201/icis-long-term-power-analytics-carbon-and-fuel-prices-to-have-greatest-impact-on-german-power-prices-up-to-2025,,ICIS Long - Term Power Analytics : Carbon and fuel prices to have greatest impact on German power prices up to 2025,2020-10-26,https://icis.com/assets/getasset-937352.jpg,icis.com,English,China,1,3,carbon_terms=2;energy_driver,YES,1,"[""YES"", ""YES"", ""YES""]","[""German power prices are likely to be sensitive to carbon and fuel price fluctuations, suggesting short-term upward pressure on EU ETS."", ""German power prices are likely to be sensitive to carbon and fuel price fluctuations, suggesting short-term upward pressure on EU ETS."", ""German power prices are likely to be sensitive to carbon and fuel price fluctuations, suggesting short-term upward pressure on EU ETS.""]",7,1.0,0.7,0.7,"[7, 7, 7]"
3002,http://econintersect.com/pages/market/market.php?post=202010280754,,"28Oct2020 Pre - Market Commentary : Futures Tumble , European Stocks , Oil Plummet As Europe Imposes Partial Lockdowns , DOW Down 547 Points , Nasdaq Down - 1 . 5 %, WTI Crude Slips To 37 . 70",2020-10-28,,econintersect.com,English,United States,2,5,eu_context;carbon_terms=2;energy_driver,NO,-1,"[""NO"", ""NO"", ""NO""]","[""Lockdowns and market panic drove short-term volatility, likely pressuring EU ETS as demand for carbon credits weakened."", ""Lockdowns and market panic drove short-term volatility, likely pressuring EU ETS as demand for carbon credits weakened."", ""Lockdowns and market panic drove short-term volatility, likely pressuring EU ETS as demand for carbon credits weakened.""]",7,1.0,-0.7,-0.7,"[7, 7, 7]"
3008,https://www.globalwitness.org/en/press-releases/eu-must-end-support-gas-disputed-eastern-mediterranean/,,EU must end support for gas in disputed Eastern Mediterranean,2020-10-30,https://cdn2.globalwitness.org/media/images/201020_-_EastMed_Tensions_Cover_-_Skinny.width-1024.jpg,globalwitness.org,English,United Kingdom,2,3,eu_context;energy_driver,NO,-1,"[""NO"", ""NO"", ""NO""]","[""Potential policy shift could affect energy demand and carbon intensity of gas-dependent sectors."", ""Potential policy shift could affect energy demand and carbon intensity of gas-dependent sectors."", ""Potential policy shift could affect energy demand and carbon intensity of gas-dependent sectors.""]",6,1.0,-0.6,-0.6,"[6, 6, 6]"
3014,https://www.msn.com/en-us/money/markets/e2-80-98hydrogen-wars-e2-80-99-pit-europe-v-china-for-24700-billion-business/ar-BB1azVbZ,,  Hydrogen War Pit Europe v . China for $700 Billion Business,2020-11-01,,msn.com,English,United States,2,2,eu_context,NO,-1,"[""NO"", ""NO"", ""NO""]","[""Hydrogen trade tensions could disrupt EU ETS-linked industrial emissions targets and spur demand for carbon credits."", ""Hydrogen trade tensions could disrupt EU ETS-linked industrial emissions targets and spur demand for carbon credits."", ""Hydrogen trade tensions could disrupt EU ETS-linked industrial emissions targets and spur demand for carbon credits.""]",7,1.0,-0.7,-0.7,"[7, 7, 7]"
3020,https://www.hellenicshippingnews.com/is-europe-getting-behind-lng-as-a-marine-fuel/,https://www.hellenicshippingnews.com/is-europe-getting-behind-lng-as-a-marine-fuel/amp/,Is Europe getting behind LNG as a marine fuel ? | Hellenic Shipping News Worldwide,2020-11-03,,hellenicshippingnews.com,English,China,1,3,eu_context;energy_driver,NO,-1,"[""NO"", ""NO"", ""NO""]","[""LNG adoption in Europe\u2019s maritime sector is unlikely to decline significantly in the short term due to existing infrastructure and regulatory support."", ""LNG adoption in Europe\u2019s maritime sector is unlikely to decline significantly in the short term due to existing infrastructure and regulatory support."", ""LNG adoption in Europe\u2019s maritime sector is unlikely to decline significantly in the short term due to existing infrastructure and regulatory support.""]",3,1.0,-0.3,-0.3,"[3, 3, 3]"
3026,https://www.hyundainews.com/en-us/releases/3185,,"Hyundai Motor Group Joins IONITY , Europe Leading High - Power Charging Network for Electric Vehicles",2020-11-05,,hyundainews.com,English,,2,3,eu_context;energy_driver,NO,-1,"[""NO"", ""NO"", ""NO""]","[""IONITY\u2019s expansion may indirectly support EV demand but doesn\u2019t directly impact EU ETS pricing mechanics."", ""IONITY\u2019s expansion may indirectly support EV demand but doesn\u2019t directly impact EU ETS pricing mechanics."", ""IONITY\u2019s expansion may indirectly support EV demand but doesn\u2019t directly impact EU ETS pricing mechanics.""]",3,1.0,-0.3,-0.3,"[3, 3, 3]"
3032,https://english.aawsat.com/home/article/2610416/david-fickling/polluters-easy-path-zero-emissions-club,https://english.aawsat.com/home/article/2610416/david-fickling/polluters-easy-path-zero-emissions-club?amp,A Polluter Easy Path to the Zero Emissions Club,2020-11-07,https://english.aawsat.com/sites/default/files/styles/large/public/2018/10/27/-1x-1.jpg?itok=QWjMGQfF,english.aawsat.com,English,Syria,2,2,carbon_terms=2,NO,-1,"[""NO"", ""NO"", ""NO""]","[""Suggests regulatory leniency may lower compliance costs, potentially dampening price pressure."", ""Suggests regulatory leniency may lower compliance costs, potentially dampening price pressure."", ""Suggests regulatory leniency may lower compliance costs, potentially dampening price pressure.""]",5,1.0,-0.5,-0.5,"[5, 5, 5]"
3038,https://uk.reuters.com/article/uk-iea-oil-demand/iea-sees-new-european-lockdowns-denting-oil-demand-outlook-idUKKBN27P0K1,https://uk.mobile.reuters.com/article/amp/idUKKBN27P0K1,IEA sees new European lockdowns denting oil demand outlook,2020-11-09,https://s1.reutersmedia.net/resources_v2/images/rcom-default.png,uk.reuters.com,English,United States,2,3,eu_context;energy_driver,NO,-1,"[""NO"", ""NO"", ""NO""]","[""EU ETS price is less directly affected by oil demand shocks than by carbon pricing policy or emissions caps."", ""EU ETS price is less directly affected by oil demand shocks than by carbon pricing policy or emissions caps."", ""EU ETS price is less directly affected by oil demand shocks than by carbon pricing policy or emissions caps.""]",3,1.0,-0.3,-0.3,"[3, 3, 3]"
3044,https://www.naturalgasworld.com/interview-eu-hydrogen-coordinator-christian-weinberger-gastransitions-82710,,Interview : EU Hydrogen Coordinator Christian Weinberger [ GasTransitions ] ,2020-11-12,,naturalgasworld.com,English,Russia,2,3,eu_context;energy_driver,NO,-1,"[""NO"", ""NO"", ""NO""]","[""Hydrogen policy discussions may influence long-term ETS dynamics but lack immediate market impact."", ""Hydrogen policy discussions may influence long-term ETS dynamics but lack immediate market impact."", ""Hydrogen policy discussions may influence long-term ETS dynamics but lack immediate market impact.""]",3,1.0,-0.3,-0.3,"[3, 3, 3]"
3050,https://www.businessgreen.com/news/4023302/futures-risk-investors-urge-european-corporates-prepare-paris-aligned-accounts,,  All our futures at risk : Investors urge European corporates to prepare  Paris - aligned  accounts,2020-11-16,,businessgreen.com,English,United Kingdom,2,3,eu_context;carbon_terms=1,YES,1,"[""YES"", ""YES"", ""YES""]","[""Corporate accounting alignment may trigger increased compliance costs and emissions reporting, potentially boosting ETS demand."", ""Corporate accounting alignment may trigger increased compliance costs and emissions reporting, potentially boosting ETS demand."", ""Corporate accounting alignment may trigger increased compliance costs and emissions reporting, potentially boosting ETS demand.""]",7,1.0,0.7,0.7,"[7, 7, 7]"
3056,https://www.thewhig.com/commodities/now-you-can-pay-an-extra-2-cents-per-litre-at-shell-gas-stations-to-offset-your-carbon-emissions/wcm/da6c0d64-fe5a-4c49-a12b-aa3040c48513,https://www.thewhig.com/commodities/now-you-can-pay-an-extra-2-cents-per-litre-at-shell-gas-stations-to-offset-your-carbon-emissions/wcm/da6c0d64-fe5a-4c49-a12b-aa3040c48513/amp,Now you can pay an extra 2 cents per litre at Shell gas stations to offset your carbon emissions,2020-11-18,https://smartcdn.prod.postmedia.digital/financialpost/wp-content/uploads/2019/04/gas-pump-1.jpg,thewhig.com,English,Canada,2,4,carbon_terms=3;energy_driver,NO,-1,"[""NO"", ""NO"", ""NO""]","[""Shell\u2019s 2-cent per litre carbon offset fee may signal broader ETS pricing pressure but is unlikely to materially shift EU ETS prices short-term."", ""Shell\u2019s 2-cent per litre carbon offset fee may signal broader ETS pricing pressure but is unlikely to materially shift EU ETS prices short-term."", ""Shell\u2019s 2-cent per litre carbon offset fee may signal broader ETS pricing pressure but is unlikely to materially shift EU ETS prices short-term.""]",3,1.0,-0.3,-0.3,"[3, 3, 3]"
3062,https://www.pharmaceutical-business-review.com/news/eli-lilly-incyte/,https://www.pharmaceutical-business-review.com/news/eli-lilly-incyte/amp/,"Eli Lilly , Incyte get FDA EUA for baricitinib plus remdesivir to treat Covid - 19",2020-11-20,https://www.pharmaceutical-business-review.com/wp-content/uploads/2020/11/Lilly.jpg,pharmaceutical-business-review.com,English,United States,1,8,eu_ets_strong;eu_context,NO,-1,"[""NO"", ""NO"", ""NO""]","[""FDA EUA for a combo therapy may reduce hospitalizations but has minimal direct impact on EU ETS pricing."", ""FDA EUA for a combo therapy may reduce hospitalizations but has minimal direct impact on EU ETS pricing."", ""FDA EUA for a combo therapy may reduce hospitalizations but has minimal direct impact on EU ETS pricing.""]",3,1.0,-0.3,-0.3,"[3, 3, 3]"
3068,https://www.cbc.ca/news/canada/calgary/shell-canada-carbon-emissions-offset-gas-station-pumps-1.5799313,https://www.cbc.ca/amp/1.5799313,Shell gives customers option to offset their carbon emissions for two cents per litre,2020-11-22,https://i.cbc.ca/1.5100020.1555429285!/fileImage/httpImage/image.jpg_gen/derivatives/16x9_620/gas-station-prices-vancouver-surrey-lower-mainland-bc.jpg,cbc.ca,English,Canada,2,3,carbon_terms=3,NO,-1,"[""NO"", ""NO"", ""NO""]","[""Small offset pricing may not significantly alter EU ETS demand or supply dynamics."", ""Small offset pricing may not significantly alter EU ETS demand or supply dynamics."", ""Small offset pricing may not significantly alter EU ETS demand or supply dynamics.""]",3,1.0,-0.3,-0.3,"[3, 3, 3]"
3074,https://news.trust.org/item/20201124060537-p3cxd,,FACTBOX - Global schemes put a price on carbon emissions,2020-11-24,"https://d8zcwdvc14g2e.cloudfront.net/contentAsset/image/5131c767-bb8f-4be4-8f8c-103ada3740fe/image/byInode/1/filter/Resize,Jpeg/jpeg_q/70/resize_w/1400",news.trust.org,English,United States,1,4,carbon_terms=4,NO,-1,"[""NO"", ""NO"", ""NO""]","[""Global carbon pricing schemes may influence EU ETS but don\u2019t directly dictate short-term price movement."", ""Global carbon pricing schemes may influence EU ETS but don\u2019t directly dictate short-term price movement."", ""Global carbon pricing schemes may influence EU ETS but don\u2019t directly dictate short-term price movement.""]",5,1.0,-0.5,-0.5,"[5, 5, 5]"
3080,https://www.bignewsnetwork.com/news/267094228/the-competition-is-on-for-eastern-europes-nuclear-power-market,,The competition is on for Eastern Europe nuclear power market,2020-11-26,https://static.bignewsnetwork.com/bnn/images/big-news-network-slogan.jpg,bignewsnetwork.com,English,United States,2,4,eu_context;carbon_terms=1;energy_driver,NO,-1,"[""NO"", ""NO"", ""NO""]","[""Nuclear expansion in Eastern Europe may slightly reduce EU ETS emissions, but short-term price impact is limited."", ""Nuclear expansion in Eastern Europe may slightly reduce EU ETS emissions, but short-term price impact is limited."", ""Nuclear expansion in Eastern Europe may slightly reduce EU ETS emissions, but short-term price impact is limited.""]",3,1.0,-0.3,-0.3,"[3, 3, 3]"
3086,https://www.reuters.com/article/climate-change-eu-shipping/japan-south-korea-industry-oppose-eu-plan-to-cut-shipping-emissions-idUSL4N2ID2G5,https://mobile.reuters.com/article/amp/idUSKBN2871M5,"Japan , South Korea , industry oppose EU plan to cut shipping emissions",2020-11-28,https://static.reuters.com/resources/r/?m=02&d=20201127&t=2&i=1542665213&r=LYNXMPEGAQ0U3,reuters.com,English,United States,1,4,eu_context;carbon_terms=2,NO,-1,"[""NO"", ""NO"", ""NO""]","[""Industry opposition may delay regulatory implementation but unlikely to cause immediate price spike or drop."", ""Industry opposition may delay regulatory implementation but unlikely to cause immediate price spike or drop."", ""Industry opposition may delay regulatory implementation but unlikely to cause immediate price spike or drop.""]",5,1.0,-0.5,-0.5,"[5, 5, 5]"
3092,http://outbreaknewstoday.com/covid-19-vaccines-moderna-to-file-for-fda-eua-64144/,http://outbreaknewstoday.com/covid-19-vaccines-moderna-to-file-for-fda-eua-64144/amp/,COVID - 19 vaccines : Moderna to file for FDA EUA - Outbreak News Today,2020-11-30,http://outbreaknewstoday.com/wp-content/uploads/2020/04/230583_web.jpg,outbreaknewstoday.com,English,United States,1,8,eu_ets_strong;eu_context,NO,-1,"[""NO"", ""NO"", ""NO""]","[""Vaccine approval may reduce future emissions concerns but has no immediate impact on EU ETS pricing."", ""Vaccine approval may reduce future emissions concerns but has no immediate impact on EU ETS pricing."", ""Vaccine approval may reduce future emissions concerns but has no immediate impact on EU ETS pricing.""]",2,1.0,-0.2,-0.2,"[2, 2, 2]"
3098,https://www.fxempire.com/forecasts/article/european-equities-futures-point-south-with-economic-data-and-brexit-in-focus-686294,https://amp.fxempire.com/en/european-equities-futures-point-south-with-economic-data-and-brexit-in-focus/686294,European Equities : Futures Point South with Economic Data and Brexit in Focus,2020-12-02,https://responsive.fxempire.com/width/600/webp-lossy-70.q50/_fxempire_/2020/12/Depositphotos_75468919_s-2019.jpg,fxempire.com,English,China,1,3,eu_context;carbon_terms=1,NO,-1,"[""NO"", ""NO"", ""NO""]","[""Economic data and Brexit concerns may weigh on EU ETS prices via risk sentiment and policy uncertainty."", ""Economic data and Brexit concerns may weigh on EU ETS prices via risk sentiment and policy uncertainty."", ""Economic data and Brexit concerns may weigh on EU ETS prices via risk sentiment and policy uncertainty.""]",6,1.0,-0.6,-0.6,"[6, 6, 6]"
3104,https://www.hindustantimes.com/world-news/carbon-emissions-close-to-record-price-ahead-of-eu-summit/story-jpznXrRTwTHprAXHBRwRPK.html,https://m.hindustantimes.com/world-news/carbon-emissions-close-to-record-price-ahead-of-eu-summit/story-jpznXrRTwTHprAXHBRwRPK_amp.html,Carbon emissions close to record price ahead of EU Summit,2020-12-04,https://www.hindustantimes.com/rf/image_size_960x540/HT/p2/2020/12/05/Pictures/germany-emissions-incentive_33d1e9dc-3661-11eb-ba1a-dd821f92a475.jpg,hindustantimes.com,English,India,2,6,eu_context;carbon_terms=4,YES,1,"[""YES"", ""YES"", ""YES""]","[""Record prices signal strong policy momentum ahead of summit."", ""Record prices signal strong policy momentum ahead of summit."", ""Record prices signal strong policy momentum ahead of summit.""]",8,1.0,0.8,0.8,"[8, 8, 8]"
3110,https://www.cmcmarkets.com/en/news-and-analysis/ukeu-trade-deal-uncertainty-no-barrier-to-further-ftse-gains,https://www.cmcmarkets.com/en/news-and-analysis/ukeu-trade-deal-uncertainty-no-barrier-to-further-ftse-gains_amp,UK - EU trade deal uncertainty no barrier to further FTSE gains,2020-12-06,https://assets.cmcmarkets.com/images/GettyImages-ftse100-82715069_medium.jpg,cmcmarkets.com,English,United Kingdom,2,2,eu_context,NO,-1,"[""NO"", ""NO"", ""NO""]","[""Trade deal uncertainty may dampen EU ETS sentiment but doesn\u2019t negate broader FTSE gains."", ""Trade deal uncertainty may dampen EU ETS sentiment but doesn\u2019t negate broader FTSE gains."", ""Trade deal uncertainty may dampen EU ETS sentiment but doesn\u2019t negate broader FTSE gains.""]",3,1.0,-0.3,-0.3,"[3, 3, 3]"
3116,https://energynow.ca/2020/12/carbon-emissions-and-coal-fired-power-in-asia-comparisons-and-new-markets-for-canadian-natural-gas-ven-venkatachalam-and-mark-milke/,,Carbon emissions and coal - fired power in Asia : Comparisons and new markets for Canadian natural gas - Ven Venkatachalam and Mark Milke,2020-12-08,https://mk0energynowh1jcvf8t.kinstacdn.com/wp-content/uploads/2020/12/CEC-Asia-1200x810-1.jpg,energynow.ca,English,Canada,2,5,carbon_terms=4;energy_driver,NO,-1,"[""NO"", ""NO"", ""NO""]","[""Limited direct impact on EU ETS as it focuses on Asian coal and Canadian gas markets."", ""Limited direct impact on EU ETS as it focuses on Asian coal and Canadian gas markets."", ""Limited direct impact on EU ETS as it focuses on Asian coal and Canadian gas markets.""]",3,1.0,-0.3,-0.3,"[3, 3, 3]"
3122,https://www.prnewswire.com:443/news-releases/data-from-actt-2-trial-of-baricitinib-in-hospitalized-covid-19-patients-supportive-of-the-eua-published-in-new-england-journal-of-medicine-301191422.html,,Data from ACTT - 2 Trial of Baricitinib in Hospitalized COVID - 19 Patients Supportive of the EUA Published in New England Journal of Medicine,2020-12-11,https://mma.prnewswire.com/media/726734/ELI_LILLY_AND_COMPANY_INCYTE.jpg?p=facebook,prnewswire.com,English,United States,1,8,eu_ets_strong;eu_context,NO,-1,"[""NO"", ""NO"", ""NO""]","[""No direct financial or carbon market impact from COVID-19 trial results."", ""No direct financial or carbon market impact from COVID-19 trial results."", ""No direct financial or carbon market impact from COVID-19 trial results.""]",1,1.0,-0.1,-0.1,"[1, 1, 1]"
3128,https://www.thetimes.co.uk/edition/scotland/steel-boss-sanjeev-gupta-who-owns-lochaber-plant-calls-for-new-emissions-rules-after-brexit-7dgsrt9v5,,"Steel boss Sanjeev Gupta , who owns Lochaber plant , calls for new emissions rules after Brexit",2020-12-13,https://www.thetimes.co.uk/imageserver/image/%2Fmethode%2Fsundaytimes%2Fprod%2Fweb%2Fbin%2Fb5a9b684-3ca5-11eb-838a-941b63872fa8.jpg?crop=2250%2C1266%2C0%2C117,thetimes.co.uk,English,United Kingdom,1,2,carbon_terms=2,NO,-1,"[""NO"", ""NO"", ""NO""]","[""New emissions rules may influence industry compliance but short-term EU ETS price volatility is unlikely without immediate regulatory changes."", ""New emissions rules may influence industry compliance but short-term EU ETS price volatility is unlikely without immediate regulatory changes."", ""New emissions rules may influence industry compliance but short-term EU ETS price volatility is unlikely without immediate regulatory changes.""]",5,1.0,-0.5,-0.5,"[5, 5, 5]"
3134,https://www.eionet.europa.eu/etcs/etc-cme/products/etc-cme-reports/etc-cme-report-3-2020-trends-and-projections-in-the-eu-ets-in-2020/view,,ETC / CME Report 3 / 2020 : Trends and projections in the EU ETS in 2020 . ,2020-12-15,,eionet.europa.eu,English,,1,8,eu_ets_strong;eu_context,NO,-1,"[""NO"", ""NO"", ""NO""]","[""The report is from 2020 and offers limited predictive value for short-term 2024-2025 EU ETS price movements."", ""The report is from 2020 and offers limited predictive value for short-term 2024-2025 EU ETS price movements."", ""The report is from 2020 and offers limited predictive value for short-term 2024-2025 EU ETS price movements.""]",3,1.0,-0.3,-0.3,"[3, 3, 3]"
3140,https://uk.reuters.com/article/britain-emissions-trading/ice-exchange-to-host-uk-emissions-auctions-from-next-year-idUKKBN28R2ES,https://uk.mobile.reuters.com/article/amp/idUKKBN28R2ES,ICE exchange to host united kingdom emissions auctions from next year,2020-12-17,https://static.reuters.com/resources/r/?m=02&d=20201217&t=2&i=1544914865&r=LYNXMPEGBG1FJ,uk.reuters.com,English,United States,1,4,carbon_terms=4,YES,1,"[""YES"", ""YES"", ""YES""]","[""New auction platform may increase market liquidity and price volatility in UK ETS."", ""New auction platform may increase market liquidity and price volatility in UK ETS."", ""New auction platform may increase market liquidity and price volatility in UK ETS.""]",7,1.0,0.7,0.7,"[7, 7, 7]"
3146,https://www.fool.com/investing/2020/12/18/moderna-to-provide-80-million-additional-doses-of/?source=iedfolrf0000001,https://www.fool.com/amp/investing/2020/12/18/moderna-to-provide-80-million-additional-doses-of/,Moderna to Provide 80 Million Additional Doses of Coronavirus Vaccine to European Authorities,2020-12-19,https://g.foolcdn.com/editorial/images/605572/child-getting-a-jab-from-a-medical-professional.jpg,fool.com,English,United States,1,2,eu_context,NO,-1,"[""NO"", ""NO"", ""NO""]","[""Vaccine distribution does not directly affect EU ETS carbon pricing mechanics or emissions trading."", ""Vaccine distribution does not directly affect EU ETS carbon pricing mechanics or emissions trading."", ""Vaccine distribution does not directly affect EU ETS carbon pricing mechanics or emissions trading.""]",2,1.0,-0.2,-0.2,"[2, 2, 2]"
3152,https://www.hedgeweek.com/2020/12/22/293821/eex-publishes-2021-auction-calendar-emission-allowances-eua-and-aviation,,EEX publishes 2021 Auction Calendar for Emission Allowances ( EUA ) and Aviation Allowances ( EUAA ) ,2020-12-22,,hedgeweek.com,English,United Kingdom,1,12,eu_ets_strong;eu_context;carbon_terms=4,NO,-1,"[""NO"", ""NO"", ""NO""]","[""Auction calendar release provides structural context but doesn\u2019t signal immediate price movement or policy shift."", ""Auction calendar release provides structural context but doesn\u2019t signal immediate price movement or policy shift."", ""Auction calendar release provides structural context but doesn\u2019t signal immediate price movement or policy shift.""]",2,1.0,-0.2,-0.2,"[2, 2, 2]"
3158,https://www.straitstimes.com/asia/se-asia/after-years-of-hype-the-market-for-carbon-credits-shows-signs-of-recovery,,"After years of  hype , the market for carbon credits shows signs of recovery",2020-12-24,https://www.straitstimes.com/sites/default/files/styles/x_large/public/articles/2020/12/23/yq-indoforest-23122020.jpg?itok=5Qux69kh,straitstimes.com,English,Singapore,1,2,carbon_terms=2,YES,1,"[""YES"", ""YES"", ""YES""]","[""Market recovery signals renewed investor interest and potential price rebound."", ""Market recovery signals renewed investor interest and potential price rebound."", ""Market recovery signals renewed investor interest and potential price rebound.""]",7,1.0,0.7,0.7,"[7, 7, 7]"
3164,https://trinidadexpress.com/business/local/how-will-eu-uk-trade-deal-change-ties/article_98e7598e-47e0-11eb-a872-175693eade3c.html,https://trinidadexpress.com/business/local/how-will-eu-uk-trade-deal-change-ties/article_98e7598e-47e0-11eb-a872-175693eade3c.amp.html,How will EU - UK trade deal change ties ? ,2020-12-27,https://bloximages.newyork1.vip.townnews.com/trinidadexpress.com/content/tncms/assets/v3/editorial/d/6c/d6c894e8-47e0-11eb-b57a-6b16b04bc16b/5fe7dfffdb323.image.jpg,trinidadexpress.com,English,Trinidad and Tobago,1,2,eu_context,NO,-1,"[""NO"", ""NO"", ""NO""]","[""Trade deal may affect carbon border adjustments but not immediately alter EU ETS price dynamics."", ""Trade deal may affect carbon border adjustments but not immediately alter EU ETS price dynamics."", ""Trade deal may affect carbon border adjustments but not immediately alter EU ETS price dynamics.""]",5,1.0,-0.5,-0.5,"[5, 5, 5]"
3170,https://www.independent.ie/business/farming/agri-business/agri-food/explainer-how-will-the-eu-british-trade-deal-change-ties-39909529.html,https://amp.independent.ie/business/farming/agri-business/agri-food/explainer-how-will-the-eu-british-trade-deal-change-ties-39909529.html,EXPLAINER - How will the EU - British trade deal change ties ? ,2020-12-29,https://www.independent.ie/incoming/20b62/39892279.ece/AUTOCROP/w1240h700/ipanews_69fe7254-1edf-41d5-950d-9d274c3bcc88_1,independent.ie,English,Ireland,1,2,eu_context,NO,-1,"[""NO"", ""NO"", ""NO""]","[""Trade deal may affect carbon border adjustment mechanisms but short-term EU ETS price impact is uncertain."", ""Trade deal may affect carbon border adjustment mechanisms but short-term EU ETS price impact is uncertain."", ""Trade deal may affect carbon border adjustment mechanisms but short-term EU ETS price impact is uncertain.""]",3,1.0,-0.3,-0.3,"[3, 3, 3]"
3176,https://www.dw.com/en/uk-fisheries-unhappy-with-the-eu-trade-deal/a-56104046,https://amp.dw.com/en/uk-fisheries-unhappy-with-the-eu-trade-deal/a-56104046,UK fisheries unhappy with the EU trade deal | Business| Economy and finance news from a German perspective | DW,2020-12-31,https://static.dw.com/image/56064548_6.jpg,dw.com,English,Germany,1,2,eu_context,NO,-1,"[""NO"", ""NO"", ""NO""]","[""EU ETS price unlikely to be directly affected by UK fisheries sentiment regarding trade deals."", ""EU ETS price unlikely to be directly affected by UK fisheries sentiment regarding trade deals."", ""EU ETS price unlikely to be directly affected by UK fisheries sentiment regarding trade deals.""]",3,1.0,-0.3,-0.3,"[3, 3, 3]"
3182,https://uk.reuters.com/article/uk-eu-carbontrading/eu-price-on-pollution-hits-record-high-in-early-2021-idUKKBN29A1W3,https://uk.mobile.reuters.com/article/amp/idUKKBN29A1WQ,EU price on pollution hits record high in early 2021,2021-01-05,https://static.reuters.com/resources/r/?m=02&d=20210105&t=2&i=1546678327&r=LYNXMPEH0410V,uk.reuters.com,English,United States,1,3,eu_context;carbon_terms=1,YES,1,"[""YES"", ""YES"", ""YES""]","[""Record high pollution prices signal strong market demand and regulatory tightening."", ""Record high pollution prices signal strong market demand and regulatory tightening."", ""Record high pollution prices signal strong market demand and regulatory tightening.""]",8,1.0,0.8,0.8,"[8, 8, 8]"
3188,https://www.gov.ie/en/press-release/005d3-ireland-will-now-report-greenhouse-gas-emissions-and-removals-from-managed-wetlands-and-including-bogs-as-part-of-progress-towards-eu-greenhouse-gas-targets/,,gov . ie - Ireland will now report greenhouse gas emissions and removals from managed wetlands ( and including bogs ) as part of progress towards EU greenhouse gas targets,2021-01-07,,gov.ie,English,,1,5,eu_context;carbon_terms=2;energy_driver,NO,-1,"[""NO"", ""NO"", ""NO""]","[""Ireland\u2019s reporting of wetland emissions may slightly adjust national totals but has minimal direct impact on EU ETS price dynamics."", ""Ireland\u2019s reporting of wetland emissions may slightly adjust national totals but has minimal direct impact on EU ETS price dynamics."", ""Ireland\u2019s reporting of wetland emissions may slightly adjust national totals but has minimal direct impact on EU ETS price dynamics.""]",3,1.0,-0.3,-0.3,"[3, 3, 3]"
3194,https://www.fijitimes.com/norways-plans-to-raise-carbon-tax-draw-oil-industry-ire/,,The Fiji Times » Norway plans to raise carbon tax draw oil industry ire,2021-01-10,https://www.fijitimes.com/wp-content/uploads/2021/01/Greenpeaces-Arctic-Sunrise-ship-navigates-through-floating-ice.jpg,fijitimes.com,English,Fiji,1,2,carbon_terms=1;energy_driver,NO,-1,"[""NO"", ""NO"", ""NO""]","[""Norway\u2019s carbon tax hike may indirectly affect global carbon pricing signals but has limited direct impact on EU ETS."", ""Norway\u2019s carbon tax hike may indirectly affect global carbon pricing signals but has limited direct impact on EU ETS."", ""Norway\u2019s carbon tax hike may indirectly affect global carbon pricing signals but has limited direct impact on EU ETS.""]",3,1.0,-0.3,-0.3,"[3, 3, 3]"
3200,https://www.texasguardian.com/news/267513678/global-carbon-offsetcarbon-credit-trading-service-market-expected-to-reach-usd-8410-million-by-2027,,Global Carbon Offset / Carbon Credit Trading Service Market Expected to Reach USD 841 . 0 Million by 2027,2021-01-12,,texasguardian.com,English,United States,1,3,carbon_terms=3,NO,-1,"[""NO"", ""NO"", ""NO""]","[""Carbon credit market growth may indirectly influence EU ETS prices via increased demand for offsets, but direct short-term impact is limited."", ""Carbon credit market growth may indirectly influence EU ETS prices via increased demand for offsets, but direct short-term impact is limited."", ""Carbon credit market growth may indirectly influence EU ETS prices via increased demand for offsets, but direct short-term impact is limited.""]",3,1.0,-0.3,-0.3,"[3, 3, 3]"
3206,https://www.reuters.com/article/europe-electricity/europe-power-spot-prices-lifted-by-lower-wind-forecasts-idUSL8N2JP2P3,,EUROPE POWER - Spot prices lifted by lower wind forecasts,2021-01-14,https://s1.reutersmedia.net/resources_v2/images/rcom-default.png,reuters.com,English,United States,1,4,eu_context;carbon_terms=1;energy_driver,YES,1,"[""YES"", ""YES"", ""YES""]","[""Lower wind forecasts reduce renewable generation, increasing demand for fossil fuels and pushing spot prices up."", ""Lower wind forecasts reduce renewable generation, increasing demand for fossil fuels and pushing spot prices up."", ""Lower wind forecasts reduce renewable generation, increasing demand for fossil fuels and pushing spot prices up.""]",7,1.0,0.7,0.7,"[7, 7, 7]"
3212,https://www.electricityforum.com/news/nuclear-net-zero-emissions,,Net - Zero Emissions Might Not Be Possible Without Nuclear Power,2021-01-16,,electricityforum.com,English,Canada,2,3,carbon_terms=2;energy_driver,NO,-1,"[""NO"", ""NO"", ""NO""]","[""Nuclear power's role in decarbonization could influence EU ETS compliance costs and emissions targets, affecting price dynamics."", ""Nuclear power's role in decarbonization could influence EU ETS compliance costs and emissions targets, affecting price dynamics."", ""Nuclear power's role in decarbonization could influence EU ETS compliance costs and emissions targets, affecting price dynamics.""]",6,1.0,-0.6,-0.6,"[6, 6, 6]"
3218,https://www.investing.com/news/commodities-news/analysts-raise-eu-carbon-price-forecasts-after-bull-run-2391740,https://m.investing.com/news/commodities-news/analysts-raise-eu-carbon-price-forecasts-after-bull-run-2391740?ampMode=1,Analysts raise EU carbon price forecasts after bull run By Reuters,2021-01-18,https://i-invdn-com.akamaized.net/news/Brazil-Stock-Market_3_800x533_L_1414427437.jpg,investing.com,English,United States,1,4,eu_context;carbon_terms=2,YES,1,"[""YES"", ""YES"", ""YES""]","[""Bullish momentum suggests continued upward pressure on EU ETS prices."", ""Bullish momentum suggests continued upward pressure on EU ETS prices."", ""Bullish momentum suggests continued upward pressure on EU ETS prices.""]",8,1.0,0.8,0.8,"[8, 8, 8]"
3224,https://www.msn.com/en-my/news/national/govt-files-wto-complaint-over-eu-palm-oil-restrictions/ar-BB1cTXn3,,Govt files WTO complaint over EU palm oil restrictions,2021-01-20,,msn.com,English,United States,2,3,eu_context;energy_driver,NO,-1,"[""NO"", ""NO"", ""NO""]","[""Potential trade tensions could disrupt palm oil supply chains, indirectly affecting EU ETS-related commodity markets."", ""Potential trade tensions could disrupt palm oil supply chains, indirectly affecting EU ETS-related commodity markets."", ""Potential trade tensions could disrupt palm oil supply chains, indirectly affecting EU ETS-related commodity markets.""]",5,1.0,-0.5,-0.5,"[5, 5, 5]"
3230,https://www.oilandgas360.com/uk-companies-use-eu-to-hedge-carbon-amid-post-brexit-uncertainty/,,UK companies use EU to hedge carbon amid post - Brexit uncertainty,2021-01-22,https://www.oilandgas360.com/wp-content/uploads/2021/01/Brexit.jpeg,oilandgas360.com,English,United States,1,3,eu_context;carbon_terms=1,YES,1,"[""YES"", ""YES"", ""YES""]","[""UK firms hedging via EU ETS may increase demand and stabilize prices amid Brexit uncertainty."", ""UK firms hedging via EU ETS may increase demand and stabilize prices amid Brexit uncertainty."", ""UK firms hedging via EU ETS may increase demand and stabilize prices amid Brexit uncertainty.""]",7,1.0,0.7,0.7,"[7, 7, 7]"
3236,https://www.reuters.com/article/us-climate-change-eu-target/worlds-largest-carbon-market-faces-revamp-under-draft-eu-plan-idUKKBN2630H6,https://mobile.reuters.com/article/amp/idUKKBN2630H6,World largest carbon market faces revamp under draft EU plan,2021-01-25,https://static.reuters.com/resources/r/?m=02&d=20200912&t=2&i=1533151971&r=LYNXMPEG8B0AM,reuters.com,English,United States,1,4,eu_context;carbon_terms=2,YES,1,"[""YES"", ""YES"", ""YES""]","[""Draft EU plan could reshape market structure and pricing dynamics."", ""Draft EU plan could reshape market structure and pricing dynamics."", ""Draft EU plan could reshape market structure and pricing dynamics.""]",7,1.0,0.7,0.7,"[7, 7, 7]"
3242,https://carnegieeurope.eu/2021/01/26/redesigning-transatlantic-relationship-to-face-climate-crisis-pub-83566,,Redesigning the Transatlantic Relationship to Face the Climate Crisis - Working With the Biden Administration : Opportunities for the EU,2021-01-27,https://images.carnegieendowment.org/images/article_images/6.2.jpg,carnegieeurope.eu,English,Russia,1,2,eu_context,NO,-1,"[""NO"", ""NO"", ""NO""]","[""EU\u2019s climate policy alignment with US may influence ETS pricing via trade and regulatory cooperation, but short-term volatility is unlikely."", ""EU\u2019s climate policy alignment with US may influence ETS pricing via trade and regulatory cooperation, but short-term volatility is unlikely."", ""EU\u2019s climate policy alignment with US may influence ETS pricing via trade and regulatory cooperation, but short-term volatility is unlikely.""]",5,1.0,-0.5,-0.5,"[5, 5, 5]"
3248,https://www.thepharmaletter.com/listing/news/usa-infectious-diseases-europe?tagid[]=8328&tagid[]=49807&tagid[]=8478,,"News - united states , Infectious diseases , Europe",2021-01-29,,thepharmaletter.com,English,United Kingdom,1,2,eu_context,NO,-1,"[""NO"", ""NO"", ""NO""]","[""Infectious disease news in the U.S. has minimal direct relevance to EU ETS pricing, unless it triggers global supply chain or travel disruptions."", ""Infectious disease news in the U.S. has minimal direct relevance to EU ETS pricing, unless it triggers global supply chain or travel disruptions."", ""Infectious disease news in the U.S. has minimal direct relevance to EU ETS pricing, unless it triggers global supply chain or travel disruptions.""]",2,1.0,-0.2,-0.2,"[2, 2, 2]"
3254,https://www.businesstimes.com.sg/opinion/biden-eyes-climate-market-legacy-with-brussels-beijing,https://www.businesstimes.com.sg/opinion/biden-eyes-climate-market-legacy-with-brussels-beijing?amp,"Biden eyes climate market legacy with Brussels , Beijing",2021-02-02,https://www.businesstimes.com.sg/sites/all/themes/custom/businesstimes/images/BTdefault800.png,businesstimes.com.sg,English,Singapore,1,3,eu_context;carbon_terms=1,NO,-1,"[""NO"", ""NO"", ""NO""]","[""Biden\u2019s climate market legacy could influence EU ETS policy, but immediate price impact is uncertain without concrete regulatory moves."", ""Biden\u2019s climate market legacy could influence EU ETS policy, but immediate price impact is uncertain without concrete regulatory moves."", ""Biden\u2019s climate market legacy could influence EU ETS policy, but immediate price impact is uncertain without concrete regulatory moves.""]",5,1.0,-0.5,-0.5,"[5, 5, 5]"
3260,https://mondovisione.com/media-and-resources/news/europex-consultation-response-updating-the-eu-emissions-trading-system/,,Europex Consultation Response : Updating The EU Emissions Trading System,2021-02-04,,mondovisione.com,English,United States,1,11,eu_ets_strong;eu_context;carbon_terms=3,NO,-1,"[""NO"", ""NO"", ""NO""]","[""Consultation responses may signal regulatory shifts but lack immediate market impact."", ""Consultation responses may signal regulatory shifts but lack immediate market impact."", ""Consultation responses may signal regulatory shifts but lack immediate market impact.""]",5,1.0,-0.5,-0.5,"[5, 5, 5]"
3266,https://www.veteranstoday.com/2021/02/06/johnson-johnson-applies-for-eua-for-its-covid-19-vaccine/,,Johnson & Johnson Applies for EUA For Its COVID - 19 Vaccine – Veterans Today | Military Foreign Affairs Policy Journal for Clandestine Services,2021-02-06,https://www.veteranstoday.com/wp-content/uploads/2021/02/JJ.jpg,veteranstoday.com,English,United States,1,8,eu_ets_strong;eu_context,NO,-1,"[""NO"", ""NO"", ""NO""]","[""EUA allocation for vaccines is unlikely to significantly impact EU ETS prices due to minimal direct emissions linkage."", ""EUA allocation for vaccines is unlikely to significantly impact EU ETS prices due to minimal direct emissions linkage."", ""EUA allocation for vaccines is unlikely to significantly impact EU ETS prices due to minimal direct emissions linkage.""]",2,1.0,-0.2,-0.2,"[2, 2, 2]"
3272,https://mondovisione.com/media-and-resources/news/eex-reponse-to-the-european-commissions-public-consultation-on-updating-the-eu/,,EEX Reponse To The European Commission Public Consultation On Updating The EU Emissions Trading System,2021-02-09,,mondovisione.com,English,United States,1,11,eu_ets_strong;eu_context;carbon_terms=3,NO,-1,"[""NO"", ""NO"", ""NO""]","[""Market reaction may be muted as consultation phase typically precedes regulatory changes."", ""Market reaction may be muted as consultation phase typically precedes regulatory changes."", ""Market reaction may be muted as consultation phase typically precedes regulatory changes.""]",3,1.0,-0.3,-0.3,"[3, 3, 3]"
3278,https://www.reuters.com/article/us-eu-carbontrading/europes-carbon-price-top-40-euros-for-first-time-idUSKBN2AB2BT,https://mobile.reuters.com/article/amp/idUSKBN2AB2BT,Europe carbon price top 40 euros for first time,2021-02-11,https://s1.reutersmedia.net/resources_v2/images/rcom-default.png,reuters.com,English,United States,1,4,eu_context;carbon_terms=2,YES,1,"[""YES"", ""YES"", ""YES""]","[""Breaks key psychological barrier and signals policy tightening, likely to trigger further upward momentum."", ""Breaks key psychological barrier and signals policy tightening, likely to trigger further upward momentum."", ""Breaks key psychological barrier and signals policy tightening, likely to trigger further upward momentum.""]",8,1.0,0.8,0.8,"[8, 8, 8]"
3284,https://www.oaoa.com/news/business/ice-to-transition-european-union-emission-allowance-contracts-to-ice-endex-in-the-netherlands-during/article_f5d3968e-c56a-5de0-9581-6c7b8c17575e.html,,ICE to transition European Union Emission Allowance Contracts to ICE Endex in the Netherlands during the Second Quarter of 2021,2021-02-13,,oaoa.com,English,United States,1,4,eu_context;carbon_terms=2,NO,-1,"[""NO"", ""NO"", ""NO""]","[""Exchange platform change may introduce minor friction but not major price disruption."", ""Exchange platform change may introduce minor friction but not major price disruption."", ""Exchange platform change may introduce minor friction but not major price disruption.""]",5,1.0,-0.5,-0.5,"[5, 5, 5]"
3290,https://www.tax-news.com/news/MEPs_Call_For_EU_Carbon_Border_Adjustment_Mechanism____97916.html,,MEPs Call For EU Carbon Border Adjustment Mechanism,2021-02-15,,tax-news.com,English,United Kingdom,1,9,eu_ets_strong;eu_context;carbon_terms=1,YES,1,"[""YES"", ""YES"", ""YES""]","[""EU CBAM could drive increased compliance costs and demand for carbon credits, boosting ETS prices."", ""EU CBAM could drive increased compliance costs and demand for carbon credits, boosting ETS prices."", ""EU CBAM could drive increased compliance costs and demand for carbon credits, boosting ETS prices.""]",7,1.0,0.7,0.7,"[7, 7, 7]"
3296,https://www.reuters.com/article/europe-electricity/europe-power-rising-wind-power-falling-demand-weighs-on-spot-prices-idUSL8N2KM28R,https://mobile.reuters.com/article/amp/idUSL8N2KM28R,"EUROPE POWER - Rising wind power , falling demand weighs on spot prices",2021-02-17,https://s1.reutersmedia.net/resources_v2/images/rcom-default.png,reuters.com,English,United States,2,4,eu_context;carbon_terms=1;energy_driver,NO,-1,"[""NO"", ""NO"", ""NO""]","[""Wind power growth and falling demand reduce short-term price pressure on EU ETS."", ""Wind power growth and falling demand reduce short-term price pressure on EU ETS."", ""Wind power growth and falling demand reduce short-term price pressure on EU ETS.""]",6,1.0,-0.6,-0.6,"[6, 6, 6]"
3302,https://www.reuters.com/article/europe-electricity/europe-power-monday-prices-trade-higher-as-wind-nuclear-supply-stay-tight-idUSL8N2KO7P1,https://mobile.reuters.com/article/amp/idUSL8N2KO7P1,"EUROPE POWER - Monday prices trade higher as wind , nuclear supply stay tight",2021-02-19,https://s1.reutersmedia.net/resources_v2/images/rcom-default.png,reuters.com,English,United States,2,4,eu_context;carbon_terms=1;energy_driver,YES,1,"[""YES"", ""YES"", ""YES""]","[""Wind and nuclear supply constraints are likely to sustain higher EU ETS prices in the short term."", ""Wind and nuclear supply constraints are likely to sustain higher EU ETS prices in the short term."", ""Wind and nuclear supply constraints are likely to sustain higher EU ETS prices in the short term.""]",7,1.0,0.7,0.7,"[7, 7, 7]"
3308,https://energynow.ca/2021/02/commentary-comparing-the-rhetoric-on-european-divestment-from-canadian-oil-and-gas-to-hard-data-by-mark-milke-and-lennie-kaplan/,,Commentary : Comparing the rhetoric on European divestment from Canadian oil and gas to hard data - By Mark Milke and Lennie Kaplan,2021-02-21,https://mk0energynowh1jcvf8t.kinstacdn.com/wp-content/uploads/2021/02/CEC-Commentary-Comparing-1200x810-1.jpg,energynow.ca,English,Canada,2,3,eu_context;energy_driver,NO,-1,"[""NO"", ""NO"", ""NO""]","[""Divestment rhetoric lacks concrete policy action or market signals to directly impact EU ETS pricing."", ""Divestment rhetoric lacks concrete policy action or market signals to directly impact EU ETS pricing."", ""Divestment rhetoric lacks concrete policy action or market signals to directly impact EU ETS pricing.""]",3,1.0,-0.3,-0.3,"[3, 3, 3]"
3314,https://governorswindenergycoalition.org/elon-musk-should-come-clean-teslas-emissions-are-rising/,,Elon Musk Should Come Clean : Tesla Emissions Are Rising - Governor Wind Energy Coalition,2021-02-23,,governorswindenergycoalition.org,English,United States,2,3,carbon_terms=2;energy_driver,NO,-1,"[""NO"", ""NO"", ""NO""]","[""Tesla\u2019s emissions rise may signal broader industry trends but lacks direct, immediate impact on EU ETS pricing."", ""Tesla\u2019s emissions rise may signal broader industry trends but lacks direct, immediate impact on EU ETS pricing."", ""Tesla\u2019s emissions rise may signal broader industry trends but lacks direct, immediate impact on EU ETS pricing.""]",5,1.0,-0.5,-0.5,"[5, 5, 5]"
3320,https://pemedianetwork.com/transition-economist/articles/decarbonisation/2021/carbon-price-drives-european-coal-to-gas-switch,,Carbon price drives European coal - to - gas switch,2021-02-25,https://pemedianetwork.com/media/10648/coal-power-plant-in-poland-homepage.jpg?mode=pad&format=jpg&quality=90&slimmage=true&rnd=132587224550000000,pemedianetwork.com,English,,2,5,eu_context;carbon_terms=2;energy_driver,YES,1,"[""YES"", ""YES"", ""YES""]","[""Coal-to-gas switch driven by carbon pricing increases gas demand and ETS volatility."", ""Coal-to-gas switch driven by carbon pricing increases gas demand and ETS volatility."", ""Coal-to-gas switch driven by carbon pricing increases gas demand and ETS volatility.""]",7,1.0,0.7,0.7,"[7, 7, 7]"
3326,https://www.galvnews.com/news_ap/business/article_f443e86d-8c4b-593e-b392-4a66b9b8574e.html,,ICE publishes auction calendar for united kingdom new Emissions Trading Scheme | Business,2021-02-27,https://bloximages.newyork1.vip.townnews.com/galvnews.com/content/tncms/custom/image/15a12480-fb7b-11ea-b7c4-87bc3f36b896.png,galvnews.com,English,United States,1,4,carbon_terms=4,YES,1,"[""YES"", ""YES"", ""YES""]","[""New UK ETS auction calendar signals regulatory clarity and potential price stabilization."", ""New UK ETS auction calendar signals regulatory clarity and potential price stabilization."", ""New UK ETS auction calendar signals regulatory clarity and potential price stabilization.""]",7,1.0,0.7,0.7,"[7, 7, 7]"
3332,https://www.biopharma-reporter.com/Article/2021/03/01/J-J-COVID-19-vaccine-granted-EUA-in-the-US,,J & J COVID - 19 vaccine granted EUA in the US,2021-03-01,https://cdn-a.william-reed.com/var/wrbm_gb_food_pharma/storage/images/publications/pharmaceutical-science/biopharma-reporter.com/headlines/markets-regulations/j-j-covid-19-vaccine-granted-eua-in-the-us/12229211-2-eng-GB/J-J-COVID-19-vaccine-granted-EUA-in-the-US.jpg,biopharma-reporter.com,English,United States,1,8,eu_ets_strong;eu_context,NO,-1,"[""NO"", ""NO"", ""NO""]","[""EU ETS price is unlikely to be directly affected by a US vaccine approval, as the EU ETS operates within EU regulatory frameworks and is not tied to US vaccine regulatory outcomes."", ""EU ETS price is unlikely to be directly affected by a US vaccine approval, as the EU ETS operates within EU regulatory frameworks and is not tied to US vaccine regulatory outcomes."", ""EU ETS price is unlikely to be directly affected by a US vaccine approval, as the EU ETS operates within EU regulatory frameworks and is not tied to US vaccine regulatory outcomes.""]",2,1.0,-0.2,-0.2,"[2, 2, 2]"
3338,https://sciencebusiness.net/jobs/eua-seeks-deputy-secretary-general-brussels,,EUA seeks a Deputy Secretary General - Brussels,2021-03-03,,sciencebusiness.net,English,United Kingdom,1,8,eu_ets_strong;eu_context,NO,-1,"[""NO"", ""NO"", ""NO""]","[""A personnel appointment in Brussels does not directly affect EU ETS price dynamics."", ""A personnel appointment in Brussels does not directly affect EU ETS price dynamics."", ""A personnel appointment in Brussels does not directly affect EU ETS price dynamics.""]",1,1.0,-0.1,-0.1,"[1, 1, 1]"
3344,https://www.argus-press.com/news/national/article_7bab7524-0fa5-5139-9e3e-6a5b8e3774f5.html,,ICE Announces Update on Global Environmental Complex as the ICE Global Carbon Futures Index Hits Record High and EUA Options Reaches Record Volume,2021-03-05,https://bloximages.chicago2.vip.townnews.com/argus-press.com/content/tncms/custom/image/bdf824b4-27a0-11e8-a78f-67fc2c3cc6dd.png,argus-press.com,English,United States,1,10,eu_ets_strong;eu_context;carbon_terms=2,YES,1,"[""YES"", ""YES"", ""YES""]","[""Record volume in EUA options signals strong market participation and potential price momentum."", ""Record volume in EUA options signals strong market participation and potential price momentum."", ""Record volume in EUA options signals strong market participation and potential price momentum.""]",8,1.0,0.8,0.8,"[8, 8, 8]"
3350,https://www.europarl.europa.eu/news/en/headlines/society/20210303STO99110/,,Carbon leakage : prevent firms from avoiding emissions rules | News,2021-03-08,https://www.europarl.europa.eu/resources/library/images/20210308PHT99408/20210308PHT99408_original.jpg,europarl.europa.eu,English,France,1,3,carbon_terms=3,NO,-1,"[""NO"", ""NO"", ""NO""]","[""Carbon leakage concerns may drive stricter compliance and higher emissions trading costs."", ""Carbon leakage concerns may drive stricter compliance and higher emissions trading costs."", ""Carbon leakage concerns may drive stricter compliance and higher emissions trading costs.""]",7,1.0,-0.7,-0.7,"[7, 7, 7]"
3356,https://www.euractiv.com/section/energy-environment/news/asian-countries-see-eu-carbon-border-levy-as-protectionist-survey/,,Asian countries see EU carbon border levy as protectionist : survey,2021-03-10,https://www.euractiv.com/wp-content/uploads/sites/2/2021/03/China-steelworkers-800x450.jpg,euractiv.com,English,United Kingdom,1,3,eu_context;carbon_terms=1,NO,-1,"[""NO"", ""NO"", ""NO""]","[""May indicate reduced demand for EU ETS compliance, but not yet a major price driver."", ""May indicate reduced demand for EU ETS compliance, but not yet a major price driver."", ""May indicate reduced demand for EU ETS compliance, but not yet a major price driver.""]",5,1.0,-0.5,-0.5,"[5, 5, 5]"
3362,https://cleantechnica.com/2021/03/12/ngos-aviation-sector-call-for-long-haul-emissions-to-be-covered-by-eus-sustainable-aviation-fuels-mandate/,https://cleantechnica.com/2021/03/12/ngos-aviation-sector-call-for-long-haul-emissions-to-be-covered-by-eus-sustainable-aviation-fuels-mandate/amp/,NGOs & Aviation Sector Call for Long - Haul Emissions to be Covered by EU Sustainable Aviation Fuels Mandate,2021-03-12,https://cleantechnica.com/files/2020/02/2020.01-ces-bell-aviation-vtol-electric-flight-plane-taxi-uber-KYLE-3-scaled-e1615568248735.jpg,cleantechnica.com,English,United States,1,4,eu_context;carbon_terms=2,YES,1,"[""YES"", ""YES"", ""YES""]","[""Increased demand for SAFs may drive up EU ETS prices as compliance costs rise for aviation."", ""Increased demand for SAFs may drive up EU ETS prices as compliance costs rise for aviation."", ""Increased demand for SAFs may drive up EU ETS prices as compliance costs rise for aviation.""]",7,1.0,0.7,0.7,"[7, 7, 7]"
3368,https://www.telegraph.co.uk/business/2021/03/14/europes-carbon-regime-control-just-like-vaccine-procurement/,https://www.telegraph.co.uk/business/2021/03/14/europes-carbon-regime-control-just-like-vaccine-procurement/amp/,Europe carbon regime is out of control - just like its vaccine procurement,2021-03-14,,telegraph.co.uk,English,United Kingdom,1,3,eu_context;carbon_terms=1,NO,-1,"[""NO"", ""NO"", ""NO""]","[""The headline suggests a metaphorical comparison to vaccine procurement chaos, which may imply regulatory or operational instability, but lacks concrete data to confirm direct price impact."", ""The headline suggests a metaphorical comparison to vaccine procurement chaos, which may imply regulatory or operational instability, but lacks concrete data to confirm direct price impact."", ""The headline suggests a metaphorical comparison to vaccine procurement chaos, which may imply regulatory or operational instability, but lacks concrete data to confirm direct price impact.""]",5,1.0,-0.5,-0.5,"[5, 5, 5]"
3374,https://www.naturalgasintel.com/global-gas-prices-slip-but-european-natural-gas-inventories-continue-falling-lng-recap/,,"Global Gas Prices Slip , but European Natural Gas Inventories Continue Falling - LNG Recap",2021-03-16,https://e8ca3vmtat3.exactdn.com/wp-content/uploads/2021/03/prompt-lng-futures-prices0315.png?strip=all&lossy=1&ssl=1,naturalgasintel.com,English,United States,2,4,eu_context;carbon_terms=1;energy_driver,NO,-1,"[""NO"", ""NO"", ""NO""]","[""LNG price declines may offset gas price drops but inventory depletion suggests continued demand pressure on EU ETS."", ""LNG price declines may offset gas price drops but inventory depletion suggests continued demand pressure on EU ETS."", ""LNG price declines may offset gas price drops but inventory depletion suggests continued demand pressure on EU ETS.""]",5,1.0,-0.5,-0.5,"[5, 5, 5]"
3380,https://www.icis.com/explore/resources/news/2021/03/18/10619050/us-lng-to-favour-europe-over-asia-amid-low-shipping-costs,,US LNG to favour Europe over Asia amid low shipping costs,2021-03-18,https://icis.com/assets/getasset-954617.jpg,icis.com,English,China,1,3,eu_context;energy_driver,YES,1,"[""YES"", ""YES"", ""YES""]","[""Lower shipping costs may boost EU LNG imports, increasing demand and pressuring EU ETS prices."", ""Lower shipping costs may boost EU LNG imports, increasing demand and pressuring EU ETS prices."", ""Lower shipping costs may boost EU LNG imports, increasing demand and pressuring EU ETS prices.""]",7,1.0,0.7,0.7,"[7, 7, 7]"
3386,https://www.law360.com/articles/1366432,https://www.law360.com/amp/articles/1366432,PDVSA Joins Brawl Over OI European $500M Award,2021-03-20,https://www.law360.com/images/360.png,law360.com,English,United States,2,2,eu_context,NO,-1,"[""NO"", ""NO"", ""NO""]","[""PDVSA\u2019s involvement in a $500M OI award may signal oil market shifts but lacks direct link to EU ETS pricing mechanics."", ""PDVSA\u2019s involvement in a $500M OI award may signal oil market shifts but lacks direct link to EU ETS pricing mechanics."", ""PDVSA\u2019s involvement in a $500M OI award may signal oil market shifts but lacks direct link to EU ETS pricing mechanics.""]",3,1.0,-0.3,-0.3,"[3, 3, 3]"
3392,https://www.ukrinform.net/rubric-economy/3212756-stefanishyna-emissions-trading-in-eu-to-speed-up-ukraines-green-transformation.html,/amp/rubric-economy/3212756-stefanishyna-emissions-trading-in-eu-to-speed-up-ukraines-green-transformation.html,Stefanishyna : Emissions trading in EU to speed up Ukraine  green  transformation,2021-03-22,https://static.ukrinform.com/photos/2021_03/thumb_files/630_360_1616242483-964.jpg,ukrinform.net,English,Ukraine,1,5,eu_context;carbon_terms=3,NO,-1,"[""NO"", ""NO"", ""NO""]","[""Ukraine\u2019s green transformation is unlikely to directly impact EU ETS prices in the short term due to lack of immediate emissions trading linkage."", ""Ukraine\u2019s green transformation is unlikely to directly impact EU ETS prices in the short term due to lack of immediate emissions trading linkage."", ""Ukraine\u2019s green transformation is unlikely to directly impact EU ETS prices in the short term due to lack of immediate emissions trading linkage.""]",3,1.0,-0.3,-0.3,"[3, 3, 3]"
3398,https://www.reuters.com/article/us-europe-carbontrading-breakingviews/breakingviews-carbon-markets-have-a-goldilocks-problem-idUSKBN2BG1JE,https://mobile.reuters.com/article/amp/idUSKBN2BG1JE,Breakingviews - Carbon markets have a Goldilocks problem,2021-03-24,https://static.reuters.com/resources/r/?m=02&d=20210324&t=2&i=1556024025&r=LYNXMPEH2N0Z4,reuters.com,English,United States,1,2,carbon_terms=2,NO,-1,"[""NO"", ""NO"", ""NO""]","[""Carbon markets face regulatory uncertainty that could dampen short-term price momentum."", ""Carbon markets face regulatory uncertainty that could dampen short-term price momentum."", ""Carbon markets face regulatory uncertainty that could dampen short-term price momentum.""]",6,1.0,-0.6,-0.6,"[6, 6, 6]"
3404,https://www.euractiv.com/section/energy-environment/news/brussels-rules-out-double-carbon-compensation-for-eu-steelmakers/,,Brussels rules out double carbon compensation for EU steelmakers,2021-03-26,https://www.euractiv.com/wp-content/uploads/sites/2/2021/03/Duisburg-Thyssenkrupp-Steel-800x450.jpg,euractiv.com,English,United Kingdom,1,3,eu_context;carbon_terms=1,NO,-1,"[""NO"", ""NO"", ""NO""]","[""Steelmakers may face reduced compliance costs, potentially lowering ETS demand."", ""Steelmakers may face reduced compliance costs, potentially lowering ETS demand."", ""Steelmakers may face reduced compliance costs, potentially lowering ETS demand.""]",6,1.0,-0.6,-0.6,"[6, 6, 6]"
3410,https://www.miragenews.com/russias-far-east-in-race-to-net-zero-emissions-536208/,,Russia Far East in Race to Net Zero Emissions,2021-03-29,,miragenews.com,English,United States,1,2,carbon_terms=2,NO,-1,"[""NO"", ""NO"", ""NO""]","[""Russia\u2019s Far East net-zero ambitions may indirectly affect global carbon markets via supply chain and trade shifts, but no direct EU ETS impact is evident."", ""Russia\u2019s Far East net-zero ambitions may indirectly affect global carbon markets via supply chain and trade shifts, but no direct EU ETS impact is evident."", ""Russia\u2019s Far East net-zero ambitions may indirectly affect global carbon markets via supply chain and trade shifts, but no direct EU ETS impact is evident.""]",3,1.0,-0.3,-0.3,"[3, 3, 3]"
3416,https://asia.nikkei.com/Spotlight/Environment/Climate-Change/Japan-embarks-on-hard-path-to-zero-net-carbon-emissions-by-2050,,Japan embarks on hard path to zero net carbon emissions by 2050 - Nikkei Asia,2021-04-01,https://www.ft.com/__origami/service/image/v2/images/raw/https%253A%252F%252Fs3-ap-northeast-1.amazonaws.com%252Fpsh-ex-ftnikkei-3937bb4%252Fimages%252F5%252F0%252F1%252F3%252F33353105-4-eng-GB%252FCropped-1617205921N%2520Japan%2520solar.jpg?&fit=cover&gravity=faces&source=nar-cms,asia.nikkei.com,English,Japan,1,3,carbon_terms=3,NO,-1,"[""NO"", ""NO"", ""NO""]","[""Japan\u2019s 2050 net-zero target may pressure EU ETS prices via global carbon pricing dynamics and trade policy shifts."", ""Japan\u2019s 2050 net-zero target may pressure EU ETS prices via global carbon pricing dynamics and trade policy shifts."", ""Japan\u2019s 2050 net-zero target may pressure EU ETS prices via global carbon pricing dynamics and trade policy shifts.""]",6,1.0,-0.6,-0.6,"[6, 6, 6]"
3422,https://www.thestreet.com/phildavis/news/oil-why-higher-prices-will-complicate-the-energy-transition,https://www.thestreet.com/phildavis/.amp/news/oil-why-higher-prices-will-complicate-the-energy-transition,Oil : why higher prices will complicate the energy transition,2021-04-05,,thestreet.com,English,United States,1,2,carbon_terms=1;energy_driver,NO,-1,"[""NO"", ""NO"", ""NO""]","[""Higher oil prices may increase costs for clean energy projects, potentially slowing EU ETS compliance efforts."", ""Higher oil prices may increase costs for clean energy projects, potentially slowing EU ETS compliance efforts."", ""Higher oil prices may increase costs for clean energy projects, potentially slowing EU ETS compliance efforts.""]",6,1.0,-0.6,-0.6,"[6, 6, 6]"
3428,https://www.reuters.com/article/us-trafigura-beheer-carbon/commodities-trader-trafigura-launches-carbon-trading-desk-idUSKBN2BW11U,https://mobile.reuters.com/article/amp/idUSKBN2BW11U,Commodities trader Trafigura launches carbon trading desk,2021-04-09,https://static.reuters.com/resources/r/?m=02&d=20210409&t=2&i=1557834063&r=LYNXMPEH380IR,reuters.com,English,United States,1,2,carbon_terms=2,NO,-1,"[""NO"", ""NO"", ""NO""]","[""New entrant may add liquidity but lacks immediate market influence or regulatory weight."", ""New entrant may add liquidity but lacks immediate market influence or regulatory weight."", ""New entrant may add liquidity but lacks immediate market influence or regulatory weight.""]",3,1.0,-0.3,-0.3,"[3, 3, 3]"
3434,https://www.afr.com/companies/manufacturing/gupta-fights-post-greensill-fires-across-europe-20210410-p57i1d,,Greensill collapse : Gupta fights post - Greensill fires across Europe,2021-04-11,https://static.ffx.io/images/$zoom_0.4602%2C$multiply_0.7554%2C$ratio_1.777778%2C$width_1059%2C$x_418%2C$y_109/t_crop_custom/e_sharpen:25%2Cq_85%2Cf_jpg/t_afr_no_label_no_age_social_wm/740d31578858c6f561fc43a5aab646c849a9b6fe,afr.com,English,Australia,1,2,eu_context,NO,-1,"[""NO"", ""NO"", ""NO""]","[""Greensill\u2019s collapse and Gupta\u2019s legal battles may trigger regulatory scrutiny and market volatility in EU ETS, but short-term price impact is uncertain."", ""Greensill\u2019s collapse and Gupta\u2019s legal battles may trigger regulatory scrutiny and market volatility in EU ETS, but short-term price impact is uncertain."", ""Greensill\u2019s collapse and Gupta\u2019s legal battles may trigger regulatory scrutiny and market volatility in EU ETS, but short-term price impact is uncertain.""]",6,1.0,-0.6,-0.6,"[6, 6, 6]"
3440,https://www.offshore-energy.biz/te-shipowners-eu-ets-needs-to-be-fair-and-ambitious/,,"T & E , shipowners : EU ETS needs to be fair and ambitious",2021-04-13,https://cdn.offshorewind.biz/wp-content/uploads/sites/6/2021/04/13111517/29342435547_ec918dce45_c-768x323-1.jpg,offshore-energy.biz,English,,1,8,eu_ets_strong;eu_context,NO,-1,"[""NO"", ""NO"", ""NO""]","[""Policy sentiment may influence future regulation but doesn't immediately alter short-term price dynamics."", ""Policy sentiment may influence future regulation but doesn't immediately alter short-term price dynamics."", ""Policy sentiment may influence future regulation but doesn't immediately alter short-term price dynamics.""]",6,1.0,-0.6,-0.6,"[6, 6, 6]"
3446,https://mondovisione.com/media-and-resources/news/joint-industry-letter-on-the-importance-of-linking-the-uk-ets-with-the-eu-ets/,,Joint Industry Letter On The Importance Of Linking The united kingdom ETS With The EU ETS,2021-04-15,,mondovisione.com,English,United States,1,8,eu_ets_strong;eu_context,YES,1,"[""YES"", ""YES"", ""YES""]","[""Linking UK and EU ETS could increase price convergence and boost demand, especially if UK ETS is not fully decarbonized."", ""Linking UK and EU ETS could increase price convergence and boost demand, especially if UK ETS is not fully decarbonized."", ""Linking UK and EU ETS could increase price convergence and boost demand, especially if UK ETS is not fully decarbonized.""]",7,1.0,0.7,0.7,"[7, 7, 7]"
3452,https://www.oilandgasonline.com/eventscalendar/eventdetail/3c4f9d21-fd63-4608-a413-3e523a363e2a,,"S and P Global Platts European Bunker Fuel Virtual Conference | May 20 , 2021 - May 20 , 2021 - GB",2021-04-17,,oilandgasonline.com,English,United States,1,2,eu_context,NO,-1,"[""NO"", ""NO"", ""NO""]","[""Virtual conference on bunker fuel may signal industry sentiment but lacks direct price-moving data."", ""Virtual conference on bunker fuel may signal industry sentiment but lacks direct price-moving data."", ""Virtual conference on bunker fuel may signal industry sentiment but lacks direct price-moving data.""]",2,1.0,-0.2,-0.2,"[2, 2, 2]"
3458,https://www.thetimes.co.uk/article/european-oil-and-gas-majors-spend-more-on-wind-and-solar-power-9k7lw0l9c,,European oil and gas majors spend more on wind and solar power,2021-04-19,https://www.thetimes.co.uk/imageserver/image/%2Fmethode%2Ftimes%2Fprod%2Fweb%2Fbin%2Fcd6f13a2-a075-11eb-949b-ab1b919d4f89.jpg?crop=2880%2C1620%2C501%2C198,thetimes.co.uk,English,United Kingdom,2,3,eu_context;energy_driver,YES,1,"[""YES"", ""YES"", ""YES""]","[""Increased investment in renewables by majors signals long-term decarbonization, potentially lowering future emissions and impacting EU ETS pricing."", ""Increased investment in renewables by majors signals long-term decarbonization, potentially lowering future emissions and impacting EU ETS pricing."", ""Increased investment in renewables by majors signals long-term decarbonization, potentially lowering future emissions and impacting EU ETS pricing.""]",7,1.0,0.7,0.7,"[7, 7, 7]"
3464,https://news.yahoo.com/putin-says-russias-greenhouse-gas-115846147.html,https://news.yahoo.com/amphtml/putin-says-russias-greenhouse-gas-115846147.html,Putin says Russia greenhouse gas emissions should be lower than EU ,2021-04-21,https://s.yimg.com/uu/api/res/1.2/1RVBvzZwayYH_Td.hCFVlw--~B/aD01Mjg7dz04MDA7YXBwaWQ9eXRhY2h5b24-/https://media.zenfs.com/en/reuters.com/ba1e56410fbe00bb07ef1576e5d3b89b,news.yahoo.com,English,United States,2,5,eu_context;carbon_terms=2;energy_driver,NO,-1,"[""NO"", ""NO"", ""NO""]","[""Russia\u2019s emissions target relative to EU may influence global carbon pricing sentiment but lacks direct market mechanism linkage."", ""Russia\u2019s emissions target relative to EU may influence global carbon pricing sentiment but lacks direct market mechanism linkage."", ""Russia\u2019s emissions target relative to EU may influence global carbon pricing sentiment but lacks direct market mechanism linkage.""]",5,1.0,-0.5,-0.5,"[5, 5, 5]"
3470,https://balkangreenenergynews.com/eu-carbon-trading-in-2020-biggest-drop-in-emissions-in-six-years/,,EU emissions trading in 2020 - largest decrease in GHG emissions in last six years,2021-04-23,https://balkangreenenergynews.com/wp-content/uploads/2021/04/eu-emissions-trading-2020.jpg,balkangreenenergynews.com,English,Serbia,1,5,eu_context;carbon_terms=3,YES,1,"[""YES"", ""YES"", ""YES""]","[""Historical emissions decline suggests potential for continued price support in EU ETS due to regulatory tightening and market expectations."", ""Historical emissions decline suggests potential for continued price support in EU ETS due to regulatory tightening and market expectations."", ""Historical emissions decline suggests potential for continued price support in EU ETS due to regulatory tightening and market expectations.""]",7,1.0,0.7,0.7,"[7, 7, 7]"
3476,https://www.greenbiz.com/article/eu-wants-carbon-tax-imports-would-it-be-effective-climate-solution,,The EU wants a carbon tax on imports would it be an effective climate solution ? ,2021-04-26,https://www.greenbiz.com/sites/default/files/2021-04/EUflag_sstock.jpeg,greenbiz.com,English,United States,1,3,eu_context;carbon_terms=1,NO,-1,"[""NO"", ""NO"", ""NO""]","[""May increase import prices and incentivize domestic emissions reductions, but effectiveness depends on enforcement and global coordination."", ""May increase import prices and incentivize domestic emissions reductions, but effectiveness depends on enforcement and global coordination."", ""May increase import prices and incentivize domestic emissions reductions, but effectiveness depends on enforcement and global coordination.""]",6,1.0,-0.6,-0.6,"[6, 6, 6]"
3482,https://www.onenewspage.com/n/World/1zn1cp7cef/New-EU-Climate-Target-Could-Phase-Out-Coal.htm,,New EU Climate Target Could Phase Out Coal Power In,2021-04-28,https://cdn.newsserve.net/700/i/20210428/3674-New-EU-Climate-Target-Could-Phase-Out-Coal.jpg,onenewspage.com,English,United States,1,3,eu_context;energy_driver,YES,1,"[""YES"", ""YES"", ""YES""]","[""Coal phase-out could trigger increased carbon pricing and demand for allowances."", ""Coal phase-out could trigger increased carbon pricing and demand for allowances."", ""Coal phase-out could trigger increased carbon pricing and demand for allowances.""]",8,1.0,0.8,0.8,"[8, 8, 8]"
3488,https://www.finanznachrichten.de/nachrichten-2021-04/52740753-intercontinental-exchange-ice-publishes-update-on-uk-emissions-trading-scheme-ahead-of-first-uk-emissions-auction-on-may-19-004.htm,,Intercontinental Exchange : ICE Publishes Update on united kingdom Emissions Trading Scheme Ahead of First united kingdom Emissions Auction on May 19,2021-04-30,https://cts.businesswire.com/ct/CT?id=bwnews&sty=20210430005307r1&sid=gefi2&distro=ftp,finanznachrichten.de,English,Germany,1,4,carbon_terms=4,NO,-1,"[""NO"", ""NO"", ""NO""]","[""UK ETS auction timing may influence market sentiment but lacks direct impact on EU ETS pricing."", ""UK ETS auction timing may influence market sentiment but lacks direct impact on EU ETS pricing."", ""UK ETS auction timing may influence market sentiment but lacks direct impact on EU ETS pricing.""]",5,1.0,-0.5,-0.5,"[5, 5, 5]"
3494,https://shipandbunker.com/news/emea/548136-eu-sees-all-options-on-table-on-shipping-carbon-policy,,EU Sees All Options on Table on Shipping Carbon Policy,2021-05-03,https://shipandbunker.cdn.speedyrails.net/a/img/_mt_320ab6cd71d93b8ccedf33aa5c8ab09a.jpg,shipandbunker.com,English,Singapore,1,3,eu_context;carbon_terms=1,NO,-1,"[""NO"", ""NO"", ""NO""]","[""Uncertainty around shipping carbon policy options could delay or alter market expectations, but no immediate price movement is signaled."", ""Uncertainty around shipping carbon policy options could delay or alter market expectations, but no immediate price movement is signaled."", ""Uncertainty around shipping carbon policy options could delay or alter market expectations, but no immediate price movement is signaled.""]",5,1.0,-0.5,-0.5,"[5, 5, 5]"
3500,https://www.euractiv.com/section/energy-environment/news/the-green-brief-beware-the-carbon-price-backlash/,,The Green Brief : Beware the carbon price backlash,2021-05-05,https://www.euractiv.com/wp-content/uploads/sites/2/2021/04/Subscribe-to-EURACTIVs-Green-Brief-where-youll-find-the-latest-roundup-of-news-covering-energy-environment-from-across-Europe.-800x450.png,euractiv.com,English,United Kingdom,1,2,carbon_terms=2,NO,-1,"[""NO"", ""NO"", ""NO""]","[""The headline suggests potential market backlash that could suppress short-term EU ETS prices due to policy or investor sentiment shifts."", ""The headline suggests potential market backlash that could suppress short-term EU ETS prices due to policy or investor sentiment shifts."", ""The headline suggests potential market backlash that could suppress short-term EU ETS prices due to policy or investor sentiment shifts.""]",7,1.0,-0.7,-0.7,"[7, 7, 7]"
3506,https://chinadialogue.net/en/business/european-carbon-pricing-finding-the-right-level/,,European carbon pricing : finding the right level,2021-05-07,https://cdn.chinadialogue.net/content/uploads/2021/05/05141140/carbon-princing-1-1024x683.png,chinadialogue.net,English,China,1,3,eu_context;carbon_terms=1,NO,-1,"[""NO"", ""NO"", ""NO""]","[""The headline suggests a policy debate rather than a clear market signal, implying moderate uncertainty in short-term price direction."", ""The headline suggests a policy debate rather than a clear market signal, implying moderate uncertainty in short-term price direction."", ""The headline suggests a policy debate rather than a clear market signal, implying moderate uncertainty in short-term price direction.""]",5,1.0,-0.5,-0.5,"[5, 5, 5]"
3512,https://www.msn.com/en-us/news/world/kenya-plans-to-set-up-emissions-trading-system/ar-BB1gBIK5,,Kenya plans to set up emissions trading system,2021-05-11,,msn.com,English,United States,1,9,eu_ets_strong;carbon_terms=3,NO,-1,"[""NO"", ""NO"", ""NO""]","[""EU ETS is not directly affected by Kenya\u2019s ETS as it operates in a different jurisdiction and market."", ""EU ETS is not directly affected by Kenya\u2019s ETS as it operates in a different jurisdiction and market."", ""EU ETS is not directly affected by Kenya\u2019s ETS as it operates in a different jurisdiction and market.""]",3,1.0,-0.3,-0.3,"[3, 3, 3]"
3518,https://www.bloombergquint.com/onweb/germany-signals-record-eu-carbon-price-rally-may-slow-down,/amp/onweb/germany-signals-record-eu-carbon-price-rally-may-slow-down,Germany Signals Record EU Carbon Price Rally May Slow Down,2021-05-13,,bloombergquint.com,English,India,1,4,eu_context;carbon_terms=2,NO,-1,"[""NO"", ""NO"", ""NO""]","[""Germany\u2019s signal suggests potential cooling of rally, but market momentum may persist due to broader EU ETS dynamics."", ""Germany\u2019s signal suggests potential cooling of rally, but market momentum may persist due to broader EU ETS dynamics."", ""Germany\u2019s signal suggests potential cooling of rally, but market momentum may persist due to broader EU ETS dynamics.""]",5,1.0,-0.5,-0.5,"[5, 5, 5]"
3524,https://www.detroitnews.com/story/news/world/2021/05/15/kerry-pope-francis-climate-emissions-greenhouse-gas/116259936/,https://amp.detroitnews.com/amp/116259936,"US climate envoy Kerry , Pope Francis discuss greenhouse gas emissions",2021-05-15,"https://www.gannett-cdn.com/presto/2021/05/15/PDTN/e9a9bd54-bcaf-4139-be4b-ba245e0fa911-AP21135433429457.jpg?crop=3542,1992,x1,y254&fit=bounds",detroitnews.com,English,United States,2,3,carbon_terms=2;energy_driver,NO,-1,"[""NO"", ""NO"", ""NO""]","[""Limited direct impact on EU ETS as US and Vatican discussions are symbolic, not binding policy."", ""Limited direct impact on EU ETS as US and Vatican discussions are symbolic, not binding policy."", ""Limited direct impact on EU ETS as US and Vatican discussions are symbolic, not binding policy.""]",3,1.0,-0.3,-0.3,"[3, 3, 3]"
3530,https://economictimes.indiatimes.com/news/international/business/what-is-britains-new-emissions-trading-system/articleshow/82706240.cms,https://m.economictimes.com/news/international/business/what-is-britains-new-emissions-trading-system/amp_articleshow/82706240.cms,What is Britain new emissions trading system ? ,2021-05-17,"https://img.etimg.com/thumb/msid-82706298,width-1070,height-580,imgsize-646878,overlay-economictimes/photo.jpg",economictimes.indiatimes.com,English,India,1,9,eu_ets_strong;carbon_terms=3,NO,-1,"[""NO"", ""NO"", ""NO""]","[""It\u2019s a UK-specific system, not directly impacting EU ETS prices or markets."", ""It\u2019s a UK-specific system, not directly impacting EU ETS prices or markets."", ""It\u2019s a UK-specific system, not directly impacting EU ETS prices or markets.""]",2,1.0,-0.2,-0.2,"[2, 2, 2]"
3536,https://www.reuters.com/business/sustainable-business/britains-carbon-market-begins-trading-higher-than-eu-prices-2021-05-19/,,Britain carbon market begins trading at higher prices than EU,2021-05-19,https://www.reuters.com/resizer/OlUDWA5TiECka3HkKt8FB4XLp3o=/1200x628/smart/cloudfront-us-east-2.images.arcpublishing.com/reuters/WIJ7IVSH45NPDF6ZEMLYN3XJ2A.jpg,reuters.com,English,United States,1,6,eu_context;carbon_terms=4,NO,-1,"[""NO"", ""NO"", ""NO""]","[""Higher UK prices may signal stronger carbon demand, potentially influencing EU ETS dynamics through cross-border spillovers."", ""Higher UK prices may signal stronger carbon demand, potentially influencing EU ETS dynamics through cross-border spillovers."", ""Higher UK prices may signal stronger carbon demand, potentially influencing EU ETS dynamics through cross-border spillovers.""]",6,1.0,-0.6,-0.6,"[6, 6, 6]"
3542,https://www.jdsupra.com/legalnews/double-charging-for-carbon-emissions-8377472/,,  Double charging  for carbon emissions through EU ETS and national emissions trading and how to avoid it | Hogan Lovells,2021-05-21,https://jdsupra-static.s3.amazonaws.com/profile-images/og.15723_926.jpg,jdsupra.com,English,United States,1,12,eu_ets_strong;eu_context;carbon_terms=4,NO,-1,"[""NO"", ""NO"", ""NO""]","[""Risk of regulatory overlap could trigger price volatility or market corrections."", ""Risk of regulatory overlap could trigger price volatility or market corrections."", ""Risk of regulatory overlap could trigger price volatility or market corrections.""]",7,1.0,-0.7,-0.7,"[7, 7, 7]"
3548,https://www.smh.com.au/world/europe/europe-takes-on-cheap-flights-and-landlords-in-race-to-net-zero-emissions-20210519-p57t34.html,https://amp.smh.com.au/world/europe/europe-takes-on-cheap-flights-and-landlords-in-race-to-net-zero-emissions-20210519-p57t34.html,Europe takes on cheap flights and landlords in race to net zero emissions,2021-05-23,https://static.ffx.io/images/$zoom_0.2688644880174292%2C$multiply_0.7554%2C$ratio_1.776846%2C$width_1059%2C$x_0%2C$y_318/t_crop_custom/q_86%2Cf_auto/t_smh_no_label_no_age_social_wm/64dc29de88cd275949fbfb3f17ee402dd04ee22d,smh.com.au,English,Australia,2,4,eu_context;carbon_terms=2,NO,-1,"[""NO"", ""NO"", ""NO""]","[""Cheap flights and landlords may increase emissions if not regulated, but EU ETS pricing is more influenced by policy and compliance than consumer behavior."", ""Cheap flights and landlords may increase emissions if not regulated, but EU ETS pricing is more influenced by policy and compliance than consumer behavior."", ""Cheap flights and landlords may increase emissions if not regulated, but EU ETS pricing is more influenced by policy and compliance than consumer behavior.""]",5,1.0,-0.5,-0.5,"[5, 5, 5]"
3554,https://www.rechargenews.com/energy-transition/eu-to-unveil-new-renewables-targets-tax-rules-and-carbon-border-adjustment-this-summer/2-1-1015377,,"EU to unveil new renewables targets , tax rules and carbon border adjustment this summer",2021-05-25,https://images-global.nhst.tech/image/VkYrckordysxZ29BRWJiNXVZdWJRc054aGlyNG5nVE1FL1BpZk1MQldsST0=/nhst/binary/af8c368a9c2339f4abd64e48008346fe?image_version=720,rechargenews.com,English,United States,1,9,eu_ets_strong;eu_context;carbon_terms=1,YES,1,"[""YES"", ""YES"", ""YES""]","[""New policy signals stronger climate ambition, likely boosting carbon prices."", ""New policy signals stronger climate ambition, likely boosting carbon prices."", ""New policy signals stronger climate ambition, likely boosting carbon prices.""]",7,1.0,0.7,0.7,"[7, 7, 7]"
3560,https://www.pharmaceutical-technology.com/news/gsk-vir-sotrovimab-eua/,,FDA grants EUA to GSK and Vir sotrovimab for Covid - 19,2021-05-27,https://www.pharmaceutical-technology.com/wp-content/uploads/sites/10/2021/05/gsk-5.jpg,pharmaceutical-technology.com,English,,1,8,eu_ets_strong;eu_context,NO,-1,"[""NO"", ""NO"", ""NO""]","[""EUA approval may boost vaccine demand but has minimal direct impact on EU ETS pricing."", ""EUA approval may boost vaccine demand but has minimal direct impact on EU ETS pricing."", ""EUA approval may boost vaccine demand but has minimal direct impact on EU ETS pricing.""]",3,1.0,-0.3,-0.3,"[3, 3, 3]"
3566,https://www.universityworldnews.com/post.php?story=20210528092502495,,Getting higher education working for a greener Europe,2021-05-29,https://www.universityworldnews.com/images/articles/20210528092502495_5_760.jpg?cb=65451,universityworldnews.com,English,United States,1,2,eu_context,NO,-1,"[""NO"", ""NO"", ""NO""]","[""Higher education initiatives may indirectly influence policy but have limited direct impact on EU ETS price volatility."", ""Higher education initiatives may indirectly influence policy but have limited direct impact on EU ETS price volatility."", ""Higher education initiatives may indirectly influence policy but have limited direct impact on EU ETS price volatility.""]",3,1.0,-0.3,-0.3,"[3, 3, 3]"
3572,https://mondovisione.com/media-and-resources/news/europex-carbon-contracts-for-difference-ccfds-and-their-potentially-distortiv/,,Europex : Carbon Contracts For Difference ( CCfDs ) And Their Potentially Distortive Effects On Emission Markets : Call For A Comprehensive Impact Assessment,2021-05-31,,mondovisione.com,English,United States,1,5,eu_context;carbon_terms=3,NO,-1,"[""NO"", ""NO"", ""NO""]","[""CCfDs may distort price signals and create market inefficiencies, warranting regulatory scrutiny."", ""CCfDs may distort price signals and create market inefficiencies, warranting regulatory scrutiny."", ""CCfDs may distort price signals and create market inefficiencies, warranting regulatory scrutiny.""]",7,1.0,-0.7,-0.7,"[7, 7, 7]"
3578,https://www.globaltimes.cn/page/202106/1225165.shtml,,"China emissions trading market undergoes practical tests , looks forward to regional cooperation : major designer",2021-06-02,https://www.globaltimes.cn/Portals/0/attachment/2021/2021-03-07/4b9626bc-f4b3-4ac4-a389-c6f373cdde4b.jpeg,globaltimes.cn,English,China,1,4,carbon_terms=4,NO,-1,"[""NO"", ""NO"", ""NO""]","[""China\u2019s ETS developments may influence global carbon markets but not immediately impact EU ETS pricing."", ""China\u2019s ETS developments may influence global carbon markets but not immediately impact EU ETS pricing."", ""China\u2019s ETS developments may influence global carbon markets but not immediately impact EU ETS pricing.""]",5,1.0,-0.5,-0.5,"[5, 5, 5]"
3584,https://sciencebusiness.net/network-updates/eua-tia-loukkola-named-deputy-secretary-general,,EUA : Tia Loukkola named Deputy Secretary General,2021-06-04,,sciencebusiness.net,English,United Kingdom,1,6,eu_ets_strong,NO,-1,"[""NO"", ""NO"", ""NO""]","[""Named deputy secretary general is a governance change with no direct market impact on EU ETS pricing."", ""Named deputy secretary general is a governance change with no direct market impact on EU ETS pricing."", ""Named deputy secretary general is a governance change with no direct market impact on EU ETS pricing.""]",1,1.0,-0.1,-0.1,"[1, 1, 1]"
3590,https://www.marketscreener.com/news/latest/Germany-backs-carbon-pricing-in-EU-climate-policy-overhaul-document--35531350/,https://www.marketscreener.com/amp/news/latest/Germany-backs-carbon-pricing-in-EU-climate-policy-overhaul-document--35531350/,Germany backs carbon pricing in EU climate policy overhaul,2021-06-06,https://www.marketscreener.com/images/twitter_MS_fdblanc.png,marketscreener.com,English,,2,3,eu_context;carbon_terms=1,YES,1,"[""YES"", ""YES"", ""YES""]","[""Germany\u2019s support signals stronger policy alignment, likely boosting EU ETS demand."", ""Germany\u2019s support signals stronger policy alignment, likely boosting EU ETS demand."", ""Germany\u2019s support signals stronger policy alignment, likely boosting EU ETS demand.""]",7,1.0,0.7,0.7,"[7, 7, 7]"
3596,https://leaderpost.com/pmn/business-pmn/ice-exchange-suspends-european-carbon-trading-after-migration-to-endex-2,https://leaderpost.com/pmn/business-pmn/ice-exchange-suspends-european-carbon-trading-after-migration-to-endex-2/wcm/51d6f663-4729-4d08-a9ed-ee8a4de647bb/amp/,ICE exchange suspends European carbon trading after migration to Endex,2021-06-08,,leaderpost.com,English,Canada,1,4,eu_context;carbon_terms=2,NO,-1,"[""NO"", ""NO"", ""NO""]","[""ICE's suspension disrupts a major trading venue, potentially triggering market volatility and reducing liquidity in EU ETS."", ""ICE's suspension disrupts a major trading venue, potentially triggering market volatility and reducing liquidity in EU ETS."", ""ICE's suspension disrupts a major trading venue, potentially triggering market volatility and reducing liquidity in EU ETS.""]",8,1.0,-0.8,-0.8,"[8, 8, 8]"
3602,https://www.reuters.com/business/sustainable-business/cheniere-work-with-natural-gas-producers-measure-carbon-emissions-2021-06-10/,,Cheniere to work with natural gas producers to measure carbon emissions,2021-06-10,https://www.reuters.com/resizer/kPbS8UpcHkS4RwW-jzZf4EPks-Y=/1200x628/smart/filters:quality(80)/cloudfront-us-east-2.images.arcpublishing.com/reuters/LUB2RIFDCJPS5DHTTCLNUBP6EA.jpg,reuters.com,English,United States,2,4,carbon_terms=3;energy_driver,NO,-1,"[""NO"", ""NO"", ""NO""]","[""May indicate a step toward more transparent emissions tracking, potentially influencing future compliance costs."", ""May indicate a step toward more transparent emissions tracking, potentially influencing future compliance costs."", ""May indicate a step toward more transparent emissions tracking, potentially influencing future compliance costs.""]",3,1.0,-0.3,-0.3,"[3, 3, 3]"
3608,https://www.mdjonline.com/tribune/politics_and_government/germany-is-lobbying-eu-for-stricter-climate-rules-report-says/article_5e207147-b833-5926-8016-06b75c61a3ee.html,,"Germany is lobbying EU for stricter climate rules , report says",2021-06-12,https://bloximages.newyork1.vip.townnews.com/mdjonline.com/content/tncms/assets/v3/editorial/2/c5/2c59ed98-736b-5ab0-af14-56451a90594a/60c4f9c72011e.image.jpg,mdjonline.com,English,United States,1,2,eu_context,YES,1,"[""YES"", ""YES"", ""YES""]","[""Stricter climate rules could increase compliance costs and emissions caps, potentially boosting EU ETS prices."", ""Stricter climate rules could increase compliance costs and emissions caps, potentially boosting EU ETS prices."", ""Stricter climate rules could increase compliance costs and emissions caps, potentially boosting EU ETS prices.""]",7,1.0,0.7,0.7,"[7, 7, 7]"
3614,https://www.euractiv.com/section/global-europe/opinion/the-brief-powered-by-itic-what-is-the-eu-doing-at-g7/,,"The Brief , powered by ITI – What is the EU doing at G7 ? – EURACTIV . com",2021-06-14,,euractiv.com,English,United Kingdom,1,3,eu_context;energy_driver,NO,-1,"[""NO"", ""NO"", ""NO""]","[""The headline discusses G7 diplomatic activities without specific policy or regulatory updates affecting EU ETS pricing."", ""The headline discusses G7 diplomatic activities without specific policy or regulatory updates affecting EU ETS pricing."", ""The headline discusses G7 diplomatic activities without specific policy or regulatory updates affecting EU ETS pricing.""]",2,1.0,-0.2,-0.2,"[2, 2, 2]"
3620,https://www.proactiveinvestors.co.uk/companies/news/952440/wizz-air-is-europes-greenest-airline-says-jp-morgan-952440.html,https://www.proactiveinvestors.co.uk/companies/amp/news/952440,"Wizz Air Holdings PLC is Europe greenest airline , says JP Morgan",2021-06-16,https://www.proactiveinvestors.co.uk/thumbs/upload/News/Image/2021_06/1200z630_1623838784_2021-06-16-11-19-44_f3946651cc9b740fdbf770572a8e8a24.jpg,proactiveinvestors.co.uk,English,United Kingdom,1,2,eu_context,NO,-1,"[""NO"", ""NO"", ""NO""]","[""Green airline status may signal ESG-friendly operations but doesn\u2019t directly impact EU ETS price mechanics."", ""Green airline status may signal ESG-friendly operations but doesn\u2019t directly impact EU ETS price mechanics."", ""Green airline status may signal ESG-friendly operations but doesn\u2019t directly impact EU ETS price mechanics.""]",5,1.0,-0.5,-0.5,"[5, 5, 5]"
3626,https://www.reuters.com/business/environment/global-carbon-price-floor-would-limit-global-warming-imf-staff-2021-06-18/,,Global carbon price floor would limit global warming - IMF staff,2021-06-18,https://www.reuters.com/resizer/0eGxMZQfPF8AAKWZ5LIIlE2prIw=/800x419/smart/filters:quality(80)/cloudfront-us-east-2.images.arcpublishing.com/reuters/GCP3J5UVZZOQTMD5MZWT3UNMP4.jpg,reuters.com,English,United States,1,2,carbon_terms=2,NO,-1,"[""NO"", ""NO"", ""NO""]","[""A global carbon price floor could increase EU ETS prices by aligning with international pricing, but implementation risks and market dynamics may offset this."", ""A global carbon price floor could increase EU ETS prices by aligning with international pricing, but implementation risks and market dynamics may offset this."", ""A global carbon price floor could increase EU ETS prices by aligning with international pricing, but implementation risks and market dynamics may offset this.""]",7,1.0,-0.7,-0.7,"[7, 7, 7]"
3632,https://www.investordaily.com.au/analysis/49436-governments-want-to-reduce-global-carbon-emissions-but-which-approach-will-work,https://www.investordaily.com.au/analysis/49436-governments-want-to-reduce-global-carbon-emissions-but-which-approach-will-work/amp,Governments want to reduce global carbon emissions – but which approach will work ? ,2021-06-22,https://www.investordaily.com.au/images/people/Shehriyar-Antia-id.jpg,investordaily.com.au,English,Australia,1,3,carbon_terms=3,NO,-1,"[""NO"", ""NO"", ""NO""]","[""Unclear policy specifics make it hard to predict immediate ETS price movement."", ""Unclear policy specifics make it hard to predict immediate ETS price movement."", ""Unclear policy specifics make it hard to predict immediate ETS price movement.""]",3,1.0,-0.3,-0.3,"[3, 3, 3]"
3638,https://www.cemnet.com/News/story/170985/cembureau-states-concern-for-cbam-fit-for-55-package.html,,CEMBUREAU states concern for CBAM Fit for 55 package,2021-06-24,,cemnet.com,English,United States,1,6,eu_ets_strong,NO,-1,"[""NO"", ""NO"", ""NO""]","[""CBAM concerns may influence EU ETS policy but short-term price impact is uncertain."", ""CBAM concerns may influence EU ETS policy but short-term price impact is uncertain."", ""CBAM concerns may influence EU ETS policy but short-term price impact is uncertain.""]",5,1.0,-0.5,-0.5,"[5, 5, 5]"
3644,https://www.jurist.org/news/2021/06/eu-parliament-officially-endorses-european-green-deal/,,EU Parliament officially endorses European Green Deal,2021-06-26,https://www.jurist.org/news/wp-content/uploads/sites/4/2021/06/Europe_Landscape_1624714110.jpg,jurist.org,English,United States,1,2,eu_context,YES,1,"[""YES"", ""YES"", ""YES""]","[""Legislative endorsement reinforces policy commitment, likely boosting market confidence and price."", ""Legislative endorsement reinforces policy commitment, likely boosting market confidence and price."", ""Legislative endorsement reinforces policy commitment, likely boosting market confidence and price.""]",8,1.0,0.8,0.8,"[8, 8, 8]"
3650,https://www.dailymaverick.co.za/article/2021-06-28-worlds-biggest-carbon-market-to-get-stronger-in-eu-green-shift/,https://www.dailymaverick.co.za/article/2021-06-28-worlds-biggest-carbon-market-to-get-stronger-in-eu-green-shift/amp/,World Biggest Carbon Market to Get Stronger in EU G ... ,2021-06-28,https://www.dailymaverick.co.za/wp-content/uploads/2021/06/Coal-powerstation-scaled.jpg,dailymaverick.co.za,English,South Africa,1,4,eu_context;carbon_terms=2,YES,1,"[""YES"", ""YES"", ""YES""]","[""Stronger EU ETS signals policy commitment, boosting market confidence and price expectations."", ""Stronger EU ETS signals policy commitment, boosting market confidence and price expectations."", ""Stronger EU ETS signals policy commitment, boosting market confidence and price expectations.""]",8,1.0,0.8,0.8,"[8, 8, 8]"
3656,https://www.reuters.com/business/sustainable-business/eu-steers-shipping-towards-carbon-trading-market-curb-emissions-2021-06-30/,,EU steers shipping towards carbon trading market to curb emissions,2021-06-30,https://www.reuters.com/resizer/QyAKtARVepe3OW88clUQkMOEIZA=/1200x628/smart/filters:quality(80)/cloudfront-us-east-2.images.arcpublishing.com/reuters/2PFN5KV3ARMINMTKPDYEX7TE2M.jpg,reuters.com,English,United States,1,6,eu_context;carbon_terms=5,YES,1,"[""YES"", ""YES"", ""YES""]","[""Carbon trading incentivizes shipping firms to adopt cleaner tech, potentially boosting ETS demand."", ""Carbon trading incentivizes shipping firms to adopt cleaner tech, potentially boosting ETS demand."", ""Carbon trading incentivizes shipping firms to adopt cleaner tech, potentially boosting ETS demand.""]",7,1.0,0.7,0.7,"[7, 7, 7]"
3662,http://www.proactiveinvestors.co.uk/companies/news/954017/today-s-market-view---scotgold-resources-power-metal-resources-kavango-resources-and-more-954017.html,https://www.proactiveinvestors.co.uk/companies/amp/news/954017,"Today Market View - Scotgold Resources , Power Metal Resources , Kavango Resources and more ... ",2021-07-02,https://www.proactiveinvestors.co.uk/thumbs/upload/News/Image/2021_07/1200z630_1625238287_nuclear-power.jpg,proactiveinvestors.co.uk,English,United Kingdom,1,2,carbon_terms=1;energy_driver,NO,-1,"[""NO"", ""NO"", ""NO""]","[""Short-term ETS price not directly impacted by listed mining company market views."", ""Short-term ETS price not directly impacted by listed mining company market views."", ""Short-term ETS price not directly impacted by listed mining company market views.""]",2,1.0,-0.2,-0.2,"[2, 2, 2]"
3668,https://www.euractiv.com/section/energy/opinion/how-can-the-eu-ets-reform-foster-green-transition-in-central-and-eastern-europe/,,How can the EU ETS reform foster green transition in Central and Eastern Europe ? ,2021-07-06,https://www.euractiv.com/wp-content/uploads/sites/2/2021/07/enea_photo-800x450.jpg,euractiv.com,English,United Kingdom,1,8,eu_ets_strong;eu_context,NO,-1,"[""NO"", ""NO"", ""NO""]","[""Reform details may influence long-term price trends but don\u2019t immediately alter short-term market dynamics."", ""Reform details may influence long-term price trends but don\u2019t immediately alter short-term market dynamics."", ""Reform details may influence long-term price trends but don\u2019t immediately alter short-term market dynamics.""]",3,1.0,-0.3,-0.3,"[3, 3, 3]"
3674,https://www.euractiv.com/section/energy-environment/news/europes-fit-for-55-climate-package-what-to-expect/,,Europe  Fit for 55  climate package : What to expect,2021-07-09,https://www.euractiv.com/wp-content/uploads/sites/2/2021/07/Timmermans-6-800x450.jpg,euractiv.com,English,United Kingdom,1,8,eu_ets_strong;eu_context,NO,-1,"[""NO"", ""NO"", ""NO""]","[""The Fit for 55 package may introduce stricter emissions targets, but its immediate impact on EU ETS prices is uncertain due to lagging policy implementation and market adaptation."", ""The Fit for 55 package may introduce stricter emissions targets, but its immediate impact on EU ETS prices is uncertain due to lagging policy implementation and market adaptation."", ""The Fit for 55 package may introduce stricter emissions targets, but its immediate impact on EU ETS prices is uncertain due to lagging policy implementation and market adaptation.""]",5,1.0,-0.5,-0.5,"[5, 5, 5]"
3680,https://www.eureporter.co/eu-2/week-ahead/2021/07/11/the-week-ahead-fit-for-55/,https://www.eureporter.co/eu-2/week-ahead/2021/07/11/the-week-ahead-fit-for-55/amp/,The week ahead : Fit for 55 ! ,2021-07-11,https://www.eureporter.co/wp-content/uploads/2021/07/16022695_29753082_2048.jpg,eureporter.co,English,United Kingdom,2,6,eu_ets_strong,YES,1,"[""YES"", ""YES"", ""YES""]","[""The Fit for 55 package could trigger regulatory changes affecting emissions targets and compliance, potentially boosting EU ETS prices."", ""The Fit for 55 package could trigger regulatory changes affecting emissions targets and compliance, potentially boosting EU ETS prices."", ""The Fit for 55 package could trigger regulatory changes affecting emissions targets and compliance, potentially boosting EU ETS prices.""]",7,1.0,0.7,0.7,"[7, 7, 7]"
3686,https://www.pv-tech.org/fit-for-55-europes-pv-sector-calls-for-raised-renewable-energy-target/,,  Fit for 55 : Europe PV sector calls for raised renewable energy target,2021-07-13,https://www.pv-tech.org/wp-content/uploads/2021/02/Suntech_Moerdijk_Solar_Park.jpg,pv-tech.org,English,United States,1,8,eu_ets_strong;eu_context,YES,1,"[""YES"", ""YES"", ""YES""]","[""Higher renewable targets may boost demand for EU ETS allowances, lifting prices short-term."", ""Higher renewable targets may boost demand for EU ETS allowances, lifting prices short-term."", ""Higher renewable targets may boost demand for EU ETS allowances, lifting prices short-term.""]",7,1.0,0.7,0.7,"[7, 7, 7]"
3692,https://www.renewableenergymagazine.com/energy_saving/daikina-s-4-steps-guide-to-decarbonising-20210715,,"Energy saving - Daikin ? s 4 steps guide to decarbonising the heating sector will help to make the EUs ? Fit for 55 ? package a success - Renewable Energy Magazine , at the heart of clean energy journalism",2021-07-15,https://www.renewableenergymagazine.com/ficheroenergias/fotos/articulos/ampliada/f/1four_steps_bottom.jpg,renewableenergymagazine.com,English,United States,1,9,eu_ets_strong;eu_context;carbon_terms=1,NO,-1,"[""NO"", ""NO"", ""NO""]","[""May indicate modest policy support but lacks concrete market signals to drive short-term ETS price movement."", ""May indicate modest policy support but lacks concrete market signals to drive short-term ETS price movement."", ""May indicate modest policy support but lacks concrete market signals to drive short-term ETS price movement.""]",3,1.0,-0.3,-0.3,"[3, 3, 3]"
3698,https://www.thehindu.com/news/international/china-steps-up-climate-fight-with-emissions-trading-scheme/article35370126.ece,https://www.thehindu.com/news/international/china-steps-up-climate-fight-with-emissions-trading-scheme/article35370126.ece/amp/,China steps up climate fight with emissions trading scheme,2021-07-17,https://www.thehindu.com/static/theme/default/base/img/og-image.jpg,thehindu.com,English,India,1,3,carbon_terms=3,NO,-1,"[""NO"", ""NO"", ""NO""]","[""EU ETS may be indirectly affected by China\u2019s ETS expansion, but direct short-term price impact is unlikely."", ""EU ETS may be indirectly affected by China\u2019s ETS expansion, but direct short-term price impact is unlikely."", ""EU ETS may be indirectly affected by China\u2019s ETS expansion, but direct short-term price impact is unlikely.""]",5,1.0,-0.5,-0.5,"[5, 5, 5]"
3704,https://mondovisione.com/media-and-resources/news/eex-european-emissions-market-records-strong-gains-in-first-half-year/,,EEX European Emissions Market Records Strong Gains In First Half Year,2021-07-19,,mondovisione.com,English,United States,1,11,eu_ets_strong;eu_context;carbon_terms=3,YES,1,"[""YES"", ""YES"", ""YES""]","[""Strong first-half gains suggest continued market momentum and potential for sustained upward pressure."", ""Strong first-half gains suggest continued market momentum and potential for sustained upward pressure."", ""Strong first-half gains suggest continued market momentum and potential for sustained upward pressure.""]",7,1.0,0.7,0.7,"[7, 7, 7]"
3710,https://www.natlawreview.com/article/eu-proposed-carbon-border-adjustment-mechanism,https://www.natlawreview.com/article/eu-proposed-carbon-border-adjustment-mechanism?amp,EU Carbon Border Adjustment Mechanism Proposal,2021-07-21,https://www.natlawreview.com/sites/default/files/article/aux/17444/eu%20with%20flags%20on%20globe.jpg,natlawreview.com,English,United States,1,9,eu_ets_strong;eu_context;carbon_terms=1,YES,1,"[""YES"", ""YES"", ""YES""]","[""Potential to increase import prices and boost EU ETS demand via carbon pricing on foreign goods."", ""Potential to increase import prices and boost EU ETS demand via carbon pricing on foreign goods."", ""Potential to increase import prices and boost EU ETS demand via carbon pricing on foreign goods.""]",7,1.0,0.7,0.7,"[7, 7, 7]"
3716,https://www.euractiv.com/section/energy/opinion/how-to-reconcile-the-different-interests-in-the-fit-for-55-package/,,How to reconcile the different interests in the  Fit for 55  package ? – EURACTIV . com,2021-07-23,https://www.euractiv.com/wp-content/uploads/sites/2/2021/07/PGE-ZARZA%CC%A8D-OSTATNI0028-1-1-800x450.jpg,euractiv.com,English,United Kingdom,1,8,eu_ets_strong;eu_context,NO,-1,"[""NO"", ""NO"", ""NO""]","[""The Fit for 55 package\u2019s political complexity may delay or alter policy implementation, but doesn\u2019t directly signal short-term ETS price movement."", ""The Fit for 55 package\u2019s political complexity may delay or alter policy implementation, but doesn\u2019t directly signal short-term ETS price movement."", ""The Fit for 55 package\u2019s political complexity may delay or alter policy implementation, but doesn\u2019t directly signal short-term ETS price movement.""]",3,1.0,-0.3,-0.3,"[3, 3, 3]"
3722,https://economictimes.indiatimes.com/opinion/et-commentary/view-border-carbon-taxes-wont-reduce-emissions-much-and-will-trigger-trade-wars/articleshow/84738843.cms,https://m.economictimes.com/opinion/et-commentary/view-border-carbon-taxes-wont-reduce-emissions-much-and-will-trigger-trade-wars/amp_articleshow/84738843.cms,"View : Border carbon taxes wont reduce emissions much , and will trigger trade wars",2021-07-25,"https://img.etimg.com/thumb/msid-84739217,width-1070,height-580,imgsize-259487,overlay-economictimes/photo.jpg",economictimes.indiatimes.com,English,India,1,3,carbon_terms=3,NO,-1,"[""NO"", ""NO"", ""NO""]","[""Border carbon taxes may dampen EU ETS price volatility by altering trade flows, but their limited emission impact reduces their strategic leverage."", ""Border carbon taxes may dampen EU ETS price volatility by altering trade flows, but their limited emission impact reduces their strategic leverage."", ""Border carbon taxes may dampen EU ETS price volatility by altering trade flows, but their limited emission impact reduces their strategic leverage.""]",6,1.0,-0.6,-0.6,"[6, 6, 6]"
3728,https://www.reuters.com/business/sustainable-business/analysts-raise-eu-carbon-price-forecasts-market-reform-plans-2021-07-27/,,Analysts raise EU carbon price forecasts on market reform plans,2021-07-27,https://www.reuters.com/resizer/06uCDl7FCj2xdm4UK1QOLZJ-T5o=/1200x628/smart/filters:quality(80)/cloudfront-us-east-2.images.arcpublishing.com/reuters/X2OGC6USHRLCXE7PGGHVXHBZNM.jpg,reuters.com,English,United States,1,5,eu_context;carbon_terms=3,YES,1,"[""YES"", ""YES"", ""YES""]","[""Market reform plans signal increased regulatory stringency, likely boosting price expectations."", ""Market reform plans signal increased regulatory stringency, likely boosting price expectations."", ""Market reform plans signal increased regulatory stringency, likely boosting price expectations.""]",8,1.0,0.8,0.8,"[8, 8, 8]"
3734,https://www.newdelhitimes.com/eu-electricity-demand-rebounds-without-more-emissions/,,EU electricity demand rebounds without more emissions - New Delhi Times - India Only International Newspaper,2021-07-29,https://i2.wp.com/www.newdelhitimes.com/wp-content/uploads/2021/07/800-33-23.jpeg?fit=800%2C574&ssl=1,newdelhitimes.com,English,United States,1,5,eu_context;carbon_terms=2;energy_driver,NO,-1,"[""NO"", ""NO"", ""NO""]","[""EU ETS price unlikely to spike due to India\u2019s non-EU emissions context and no direct link to EU electricity demand rebound."", ""EU ETS price unlikely to spike due to India\u2019s non-EU emissions context and no direct link to EU electricity demand rebound."", ""EU ETS price unlikely to spike due to India\u2019s non-EU emissions context and no direct link to EU electricity demand rebound.""]",3,1.0,-0.3,-0.3,"[3, 3, 3]"
3740,https://focustaiwan.tw/society/202108020021,,Opposition figures ask court to revoke EUA for Medigen vaccine,2021-08-02,https://imgcdn.cna.com.tw/Eng/WebEngPhotos/1024/2021/20210802/1024x685_579966531130.jpg,focustaiwan.tw,English,Taiwan,1,8,eu_ets_strong;eu_context,NO,-1,"[""NO"", ""NO"", ""NO""]","[""Court action against EUA issuance may delay or disrupt vaccine supply, potentially affecting demand for carbon credits tied to emissions reductions."", ""Court action against EUA issuance may delay or disrupt vaccine supply, potentially affecting demand for carbon credits tied to emissions reductions."", ""Court action against EUA issuance may delay or disrupt vaccine supply, potentially affecting demand for carbon credits tied to emissions reductions.""]",3,1.0,-0.3,-0.3,"[3, 3, 3]"
3746,http://www.koreaherald.com/view.php?ud=20210804000376,http://m.koreaherald.com/amp/view.php?ud=20210804000376,Korean carmakers ask EU to be considerate with new carbon policy,2021-08-04,http://res.heraldm.com/content/image/2021/08/04/20210804000290_0.jpg,koreaherald.com,English,South Korea,1,3,eu_context;carbon_terms=1,NO,-1,"[""NO"", ""NO"", ""NO""]","[""Korean carmakers\u2019 request may influence EU policy but doesn\u2019t directly signal short-term ETS price movement."", ""Korean carmakers\u2019 request may influence EU policy but doesn\u2019t directly signal short-term ETS price movement."", ""Korean carmakers\u2019 request may influence EU policy but doesn\u2019t directly signal short-term ETS price movement.""]",3,1.0,-0.3,-0.3,"[3, 3, 3]"
3752,https://balkangreenenergynews.com/fit-for-55-package-to-push-co2-prices-to-eur-90-by-2030/,,Fit for 55 package to push CO2 prices to EUR 90 by 2030,2021-08-06,https://balkangreenenergynews.com/wp-content/uploads/2021/07/Fit-for-55-package-to-push-CO2-prices-to-EUR-90-by-2030.jpg,balkangreenenergynews.com,English,Serbia,1,9,eu_ets_strong;eu_context;carbon_terms=1,YES,1,"[""YES"", ""YES"", ""YES""]","[""The Fit for 55 package\u2019s carbon pricing reforms could significantly boost EU ETS prices toward EUR 90 by 2030 through stricter emissions targets and enhanced market mechanisms."", ""The Fit for 55 package\u2019s carbon pricing reforms could significantly boost EU ETS prices toward EUR 90 by 2030 through stricter emissions targets and enhanced market mechanisms."", ""The Fit for 55 package\u2019s carbon pricing reforms could significantly boost EU ETS prices toward EUR 90 by 2030 through stricter emissions targets and enhanced market mechanisms.""]",8,1.0,0.8,0.8,"[8, 8, 8]"
3758,https://www.worldoil.com/news/2021/8/6/natural-gas-prices-surge-as-energy-transition-driven-demand-outstrips-supply,,Natural gas prices surge as energy transition - driven demand outstrips supply,2021-08-08,https://www.worldoil.com/media/13951/qatar-conocophillips.jpg,worldoil.com,English,United States,2,2,carbon_terms=1;energy_driver,YES,1,"[""YES"", ""YES"", ""YES""]","[""Natural gas price surges can signal increased demand from clean energy transition, potentially boosting EU ETS prices as firms seek carbon credits to offset emissions."", ""Natural gas price surges can signal increased demand from clean energy transition, potentially boosting EU ETS prices as firms seek carbon credits to offset emissions."", ""Natural gas price surges can signal increased demand from clean energy transition, potentially boosting EU ETS prices as firms seek carbon credits to offset emissions.""]",7,1.0,0.7,0.7,"[7, 7, 7]"
3764,https://www.tpr.org/2021-08-10/how-the-eus-carbon-border-tax-will-work,https://www.tpr.org/2021-08-10/how-the-eus-carbon-border-tax-will-work?_amp=true,How The EU Carbon Border Tax Will Work,2021-08-10,https://d279m997dpfwgl.cloudfront.net/wp/2021/08/GettyImages-73870238.jpg,tpr.org,English,United States,1,3,eu_context;carbon_terms=1,YES,1,"[""YES"", ""YES"", ""YES""]","[""The EU Carbon Border Tax may increase import costs for carbon-intensive goods, potentially boosting EU ETS prices as demand for clean alternatives rises."", ""The EU Carbon Border Tax may increase import costs for carbon-intensive goods, potentially boosting EU ETS prices as demand for clean alternatives rises."", ""The EU Carbon Border Tax may increase import costs for carbon-intensive goods, potentially boosting EU ETS prices as demand for clean alternatives rises.""]",7,1.0,0.7,0.7,"[7, 7, 7]"
3770,https://www.japantimes.co.jp/news/2021/08/12/world/carbon-capture-affordability/,,Is it sunrise or another false dawn for tech that buries carbon dioxide emissions ? ,2021-08-12,https://cdn-japantimes.com/wp-content/uploads/2021/08/np_file_105744-870x489.jpeg,japantimes.co.jp,English,Japan,1,3,carbon_terms=3,NO,-1,"[""NO"", ""NO"", ""NO""]","[""Tech sector\u2019s carbon offsetting efforts may not yet translate to meaningful ETS price influence."", ""Tech sector\u2019s carbon offsetting efforts may not yet translate to meaningful ETS price influence."", ""Tech sector\u2019s carbon offsetting efforts may not yet translate to meaningful ETS price influence.""]",5,1.0,-0.5,-0.5,"[5, 5, 5]"
3776,http://www.lemauricien.com/le-mauricien/climate-change-the-eu-is-ready-to-assume-its-global-responsibility/440828/,,Climate change : the EU is ready to assume its global responsibility,2021-08-14,https://s3-ap-southeast-1.amazonaws.com/lmwebstatic/wp-content/uploads/2019/03/Forum1-696x464-copy.jpg,lemauricien.com,English,Mauritius,1,2,eu_context,NO,-1,"[""NO"", ""NO"", ""NO""]","[""EU\u2019s climate rhetoric may signal policy tightening but lacks immediate market signals or binding emissions targets to trigger short-term price movement."", ""EU\u2019s climate rhetoric may signal policy tightening but lacks immediate market signals or binding emissions targets to trigger short-term price movement."", ""EU\u2019s climate rhetoric may signal policy tightening but lacks immediate market signals or binding emissions targets to trigger short-term price movement.""]",3,1.0,-0.3,-0.3,"[3, 3, 3]"
3782,https://www.computing.co.uk/news/4035876/uk-businesses-advised-switch-public-cloud-curb-carbon-emissions,,UK businesses advised to switch to public cloud to curb their carbon emissions,2021-08-16,,computing.co.uk,English,United Kingdom,2,3,carbon_terms=3,NO,-1,"[""NO"", ""NO"", ""NO""]","[""Public cloud adoption may reduce emissions, but its impact on EU ETS prices is indirect and limited without broader regulatory or market shifts."", ""Public cloud adoption may reduce emissions, but its impact on EU ETS prices is indirect and limited without broader regulatory or market shifts."", ""Public cloud adoption may reduce emissions, but its impact on EU ETS prices is indirect and limited without broader regulatory or market shifts.""]",3,1.0,-0.3,-0.3,"[3, 3, 3]"
3788,https://www.cbsnews.com/news/methane-emissions-oil-gas-geofinancial-analytics/,https://www.cbsnews.com/amp/news/methane-emissions-oil-gas-geofinancial-analytics/,Methane emissions from oil and gas are even worse than previously thought,2021-08-18,https://cbsnews1.cbsistatic.com/hub/i/r/2021/07/08/aa2a88e2-5fb6-4993-a4ae-2f0a7886c7fb/thumbnail/1200x630/3705b277d591bf2e134288174b578fdf/flare-gettyimages-463961840.jpg,cbsnews.com,English,United States,2,3,carbon_terms=2;energy_driver,YES,1,"[""YES"", ""YES"", ""YES""]","[""Higher methane emissions imply stricter regulatory or market responses, boosting EU ETS demand."", ""Higher methane emissions imply stricter regulatory or market responses, boosting EU ETS demand."", ""Higher methane emissions imply stricter regulatory or market responses, boosting EU ETS demand.""]",8,1.0,0.8,0.8,"[8, 8, 8]"
3794,https://apnews.com/press-release/pr-newswire/business-8fd5ffb5da3fc573f71b8828405699da,,GlobalFoundries Sets  Journey to Zero Carbon  Goal to Reduce Greenhouse Gas Emissions by 25 % while Expanding Global Manufacturing Capacity,2021-08-20,https://apnews.com/images/PaidContent3.png,apnews.com,English,United States,2,4,carbon_terms=3;energy_driver,NO,-1,"[""NO"", ""NO"", ""NO""]","[""Medium-scale emission reduction target may have limited direct impact on EU ETS pricing due to lack of immediate large-scale operational changes."", ""Medium-scale emission reduction target may have limited direct impact on EU ETS pricing due to lack of immediate large-scale operational changes."", ""Medium-scale emission reduction target may have limited direct impact on EU ETS pricing due to lack of immediate large-scale operational changes.""]",3,1.0,-0.3,-0.3,"[3, 3, 3]"
3800,http://www.biomassmagazine.com/articles/18201/drax-reduces-carbon-emissions-by-more-than-90,,Drax reduces carbon emissions by more than 90 % | Biomassmagazine . com,2021-08-22,http://www.biomassmagazine.com/uploads/posts/web/2021/07/DraxTim_16276023079486.jpg,biomassmagazine.com,English,United States,2,3,carbon_terms=3,YES,1,"[""YES"", ""YES"", ""YES""]","[""Drax\u2019s large-scale emission reduction signals potential policy-driven demand for carbon credits, impacting EU ETS pricing."", ""Drax\u2019s large-scale emission reduction signals potential policy-driven demand for carbon credits, impacting EU ETS pricing."", ""Drax\u2019s large-scale emission reduction signals potential policy-driven demand for carbon credits, impacting EU ETS pricing.""]",7,1.0,0.7,0.7,"[7, 7, 7]"
3806,https://www.nature.com/articles/s41893-021-00756-w,,Personal carbon allowances revisited | Nature Sustainability,2021-08-24,https://media.springernature.com/m685/springer-static/image/art%3A10.1038%2Fs41893-021-00756-w/MediaObjects/41893_2021_756_Fig1_HTML.png,nature.com,English,United States,1,3,carbon_terms=3,NO,-1,"[""NO"", ""NO"", ""NO""]","[""Personal carbon allowances may influence behavior but likely have limited short-term impact on EU ETS price volatility."", ""Personal carbon allowances may influence behavior but likely have limited short-term impact on EU ETS price volatility."", ""Personal carbon allowances may influence behavior but likely have limited short-term impact on EU ETS price volatility.""]",5,1.0,-0.5,-0.5,"[5, 5, 5]"
3812,http://www.koreaherald.com/view.php?ud=20210826000398,http://m.koreaherald.com/amp/view.php?ud=20210826000398,S . Korea to seek talks with EU over new carbon policy,2021-08-26,http://res.heraldm.com/content/image/2021/08/26/20210826000417_0.jpg,koreaherald.com,English,South Korea,2,3,eu_context;carbon_terms=1,NO,-1,"[""NO"", ""NO"", ""NO""]","[""EU may adjust policy in response, but no immediate price impact expected."", ""EU may adjust policy in response, but no immediate price impact expected."", ""EU may adjust policy in response, but no immediate price impact expected.""]",5,1.0,-0.5,-0.5,"[5, 5, 5]"
3818,https://www.logisticsmiddleeast.com/technology/frigoblock-helps-biogros-to-electrify-their-distribution-fleet-and-reduce-co2-emissions,,FRIGOBLOCK Helps BIOGROS to Electrify Their Distribution Fleet and Reduce CO2 Emissions,2021-08-28,https://www.logisticsmiddleeast.com/cloud/2021/08/25/FRIGOBLOCK_BIOGROS_2.jpg,logisticsmiddleeast.com,English,United Arab Emirates,2,2,carbon_terms=2,NO,-1,"[""NO"", ""NO"", ""NO""]","[""Electrification efforts by BIOGROS may signal broader industry trends, but lack direct ETS market linkage or policy triggers."", ""Electrification efforts by BIOGROS may signal broader industry trends, but lack direct ETS market linkage or policy triggers."", ""Electrification efforts by BIOGROS may signal broader industry trends, but lack direct ETS market linkage or policy triggers.""]",3,1.0,-0.3,-0.3,"[3, 3, 3]"
3824,https://www.finews.com/news/english-news/47656-ubs-axel-weber-capital-market-esg-europe-green,,Axel Weber Wants Green Capital Market in Europe,2021-08-30,https://www.finews.com/images/news/2021/07/axel-weber.jpeg,finews.com,English,Switzerland,2,3,eu_context;carbon_terms=1,NO,-1,"[""NO"", ""NO"", ""NO""]","[""Green capital market sentiment may influence long-term ETS dynamics but lacks immediate price impact."", ""Green capital market sentiment may influence long-term ETS dynamics but lacks immediate price impact."", ""Green capital market sentiment may influence long-term ETS dynamics but lacks immediate price impact.""]",3,1.0,-0.3,-0.3,"[3, 3, 3]"
3830,https://wtvbam.com/2021/09/01/eus-planned-carbon-border-tax-to-impact-russia-the-most-study/,,EU planned carbon border tax to impact Russia the most - study | WTVB | 1590 AM · 95 . 5 FM,2021-09-01,https://storage.googleapis.com/media.mwcradio.com/mimesis/2021-09/01/2021-09-01T063806Z_1_LYNXMPEH801DU_RTROPTP_3_HEALTH-CORONAVIRUS-EU-TRAVEL.JPG,wtvbam.com,English,United States,1,3,eu_context;carbon_terms=1,NO,-1,"[""NO"", ""NO"", ""NO""]","[""Carbon border tax impacts are likely to be indirect and not immediately reflected in EU ETS prices, as the primary effect is on importers rather than direct emissions trading."", ""Carbon border tax impacts are likely to be indirect and not immediately reflected in EU ETS prices, as the primary effect is on importers rather than direct emissions trading."", ""Carbon border tax impacts are likely to be indirect and not immediately reflected in EU ETS prices, as the primary effect is on importers rather than direct emissions trading.""]",3,1.0,-0.3,-0.3,"[3, 3, 3]"
3836,https://www.finanznachrichten.de/nachrichten-2021-09/53856771-moderna-inc-moderna-announces-submission-of-data-to-european-medicines-agency-for-its-covid-19-vaccine-booster-004.htm,,"Moderna , Inc .: Moderna Announces Submission of Data to European Medicines Agency for its COVID - 19 Vaccine Booster",2021-09-03,https://www.finanznachrichten.de/chart-moderna-inc-aktie-intraklein-tg.png,finanznachrichten.de,English,Germany,1,2,eu_context,NO,-1,"[""NO"", ""NO"", ""NO""]","[""EU ETS price is unlikely to be directly affected by Moderna\u2019s vaccine booster submission."", ""EU ETS price is unlikely to be directly affected by Moderna\u2019s vaccine booster submission."", ""EU ETS price is unlikely to be directly affected by Moderna\u2019s vaccine booster submission.""]",2,1.0,-0.2,-0.2,"[2, 2, 2]"
3842,https://energycentral.com/c/ec/could-emissions-market-outgrow-oil-market,,Could The Emissions Market Outgrow The Oil Market ? ,2021-09-07,,energycentral.com,English,United States,1,4,carbon_terms=3;energy_driver,NO,-1,"[""NO"", ""NO"", ""NO""]","[""The headline suggests a potential structural shift in market dynamics, which could influence EU ETS pricing via carbon intensity and compliance costs."", ""The headline suggests a potential structural shift in market dynamics, which could influence EU ETS pricing via carbon intensity and compliance costs."", ""The headline suggests a potential structural shift in market dynamics, which could influence EU ETS pricing via carbon intensity and compliance costs.""]",7,1.0,-0.7,-0.7,"[7, 7, 7]"
3848,https://www.joplinglobe.com/region/national_business/fda-has-declined-humanigen-s-emergency-use-authorization-eua-request-for-lenzilumab-in-hospitalized-covid/article_93214aca-e9cc-5e54-a470-89a3b2ef0600.html,,FDA has declined Humanigen Emergency Use Authorization ( EUA ) Request for Lenzilumab in Hospitalized COVID - 19 Patients | National Business,2021-09-09,https://bloximages.chicago2.vip.townnews.com/joplinglobe.com/content/tncms/custom/image/da68c2f8-c3ab-11e5-94c7-b366ea8ae93c.jpg,joplinglobe.com,English,United States,1,8,eu_ets_strong;eu_context,NO,-1,"[""NO"", ""NO"", ""NO""]","[""Lack of direct link to EU ETS market or carbon pricing mechanisms."", ""Lack of direct link to EU ETS market or carbon pricing mechanisms."", ""Lack of direct link to EU ETS market or carbon pricing mechanisms.""]",2,1.0,-0.2,-0.2,"[2, 2, 2]"
3854,https://oilprice.com/Energy/Energy-General/Record-Breaking-Energy-Prices-Could-Soar-Even-Higher-In-Europe.html,https://oilprice.com/Energy/Energy-General/Record-Breaking-Energy-Prices-Could-Soar-Even-Higher-In-Europe.amp.html,Record - Breaking Energy Prices Could Soar Even Higher In Europe,2021-09-11,https://d32r1sh890xpii.cloudfront.net/article/718x300/2021-09-10_2kawr3yvz4.jpg,oilprice.com,English,United States,2,3,eu_context;carbon_terms=1,YES,1,"[""YES"", ""YES"", ""YES""]","[""Record energy prices signal heightened demand and potential carbon price inflation."", ""Record energy prices signal heightened demand and potential carbon price inflation."", ""Record energy prices signal heightened demand and potential carbon price inflation.""]",8,1.0,0.8,0.8,"[8, 8, 8]"
3860,https://www.dieselgasturbine.com/news/finnish-company-studies-hydrogen-from-natural-gas-without-carbon-emissions/8014819.article,,Finnish company studies hydrogen from natural gas without carbon emissions,2021-09-13,https://www.dieselgasturbine.com/Images/1260x628/20210913-162944-reactor2.JPEG,dieselgasturbine.com,English,United States,2,4,carbon_terms=3;energy_driver,NO,-1,"[""NO"", ""NO"", ""NO""]","[""Hydrogen from natural gas (blue hydrogen) is not carbon-free and contradicts EU ETS compliance goals, potentially reducing demand for carbon-intensive alternatives."", ""Hydrogen from natural gas (blue hydrogen) is not carbon-free and contradicts EU ETS compliance goals, potentially reducing demand for carbon-intensive alternatives."", ""Hydrogen from natural gas (blue hydrogen) is not carbon-free and contradicts EU ETS compliance goals, potentially reducing demand for carbon-intensive alternatives.""]",3,1.0,-0.3,-0.3,"[3, 3, 3]"
3866,https://www.msn.com/en-us/money/markets/europe-s-energy-crisis-goes-from-bad-to-worse-as-dutch-and-uk-natural-gas-prices-see-double-digit-gains/ar-AAOtqO3,,Europe energy crisis goes from bad to worse as Dutch and U . K . natural gas prices see double - digit gains,2021-09-15,,msn.com,English,United States,1,4,eu_context;carbon_terms=1;energy_driver,YES,1,"[""YES"", ""YES"", ""YES""]","[""Natural gas price spikes in key EU markets signal increased demand and supply stress, likely pushing EU ETS prices higher."", ""Natural gas price spikes in key EU markets signal increased demand and supply stress, likely pushing EU ETS prices higher."", ""Natural gas price spikes in key EU markets signal increased demand and supply stress, likely pushing EU ETS prices higher.""]",8,1.0,0.8,0.8,"[8, 8, 8]"
3872,https://tass.com/economy/1339271,https://tass.com/economy/1339271/amp,"European Parliament calls for investigation against Gazprom due to gas prices , says source",2021-09-17,https://phototass2.cdnvideo.ru/width/1200_4ce85301/tass/m2/en/uploads/i/20210917/1333351.jpg,tass.com,English,,1,4,eu_context;carbon_terms=1;energy_driver,NO,-1,"[""NO"", ""NO"", ""NO""]","[""Gazprom-related investigations may trigger regulatory scrutiny but unlikely to directly impact EU ETS pricing in the short term."", ""Gazprom-related investigations may trigger regulatory scrutiny but unlikely to directly impact EU ETS pricing in the short term."", ""Gazprom-related investigations may trigger regulatory scrutiny but unlikely to directly impact EU ETS pricing in the short term.""]",3,1.0,-0.3,-0.3,"[3, 3, 3]"
3878,https://frontline.thehindu.com/columns/C_P_Chandrasekhar/global-finance-looking-to-profit-from-carbon-and-carbon-allowances/article36531992.ece,https://frontline.thehindu.com/columns/C_P_Chandrasekhar/global-finance-looking-to-profit-from-carbon-and-carbon-allowances/article36531992.ece/amp/,Global finance looking to profit from carbon and carbon allowances,2021-09-19,https://frontline.thehindu.com/columns/C_P_Chandrasekhar/33cfiy/article36531988.ece/ALTERNATES/LANDSCAPE_615/FL08CPC1,frontline.thehindu.com,English,India,1,3,carbon_terms=3,YES,1,"[""YES"", ""YES"", ""YES""]","[""Global finance interest may drive demand for carbon allowances, potentially boosting EU ETS prices."", ""Global finance interest may drive demand for carbon allowances, potentially boosting EU ETS prices."", ""Global finance interest may drive demand for carbon allowances, potentially boosting EU ETS prices.""]",7,1.0,0.7,0.7,"[7, 7, 7]"
3884,https://www.reuters.com/article/power-prices/norway-promises-europe-more-gas-as-prices-soar-idUKKBN2GG18W,https://mobile.reuters.com/article/amp/idUKKBN2GG18W,Norway promises Europe more gas as prices soar,2021-09-21,https://static.reuters.com/resources/r/?m=02&d=20210920&t=2&i=1575371886&r=LYNXMPEH8J0NR,reuters.com,English,United States,2,4,eu_context;carbon_terms=1;energy_driver,NO,-1,"[""NO"", ""NO"", ""NO""]","[""Norway\u2019s gas supply pledge may temporarily ease EU ETS pressure but doesn\u2019t resolve underlying price drivers."", ""Norway\u2019s gas supply pledge may temporarily ease EU ETS pressure but doesn\u2019t resolve underlying price drivers."", ""Norway\u2019s gas supply pledge may temporarily ease EU ETS pressure but doesn\u2019t resolve underlying price drivers.""]",6,1.0,-0.6,-0.6,"[6, 6, 6]"
3890,https://www.genengnews.com/news/fda-expands-pfizer-biontech-eua-to-allow-booster-doses-for-some-adults/,,FDA Expands Pfizer - BioNTech EUA to Allow Booster Doses for Some Adults,2021-09-23,https://www.genengnews.com/wp-content/uploads/2021/09/BioNTech-dosing-pix-2-scaled.jpg,genengnews.com,English,United States,1,8,eu_ets_strong;eu_context,NO,-1,"[""NO"", ""NO"", ""NO""]","[""Vaccine policy shifts may influence public health spending and economic activity, but have minimal direct impact on EU ETS pricing."", ""Vaccine policy shifts may influence public health spending and economic activity, but have minimal direct impact on EU ETS pricing."", ""Vaccine policy shifts may influence public health spending and economic activity, but have minimal direct impact on EU ETS pricing.""]",2,1.0,-0.2,-0.2,"[2, 2, 2]"
3896,http://nna-leb.gov.lb/en/show-news/131768/China-pledges-to-limit-emissions-of-coolant-that-swells-greenhouse-gases,,National News Agency - China pledges to limit emissions of coolant that swells greenhouse gases,2021-09-25,http://nna-leb.gov.lb/files/pictures/614efaa982ab5_.jpg,nna-leb.gov.lb,English,Lebanon,2,3,carbon_terms=2;energy_driver,NO,-1,"[""NO"", ""NO"", ""NO""]","[""Coolant emissions are niche within the EU ETS scope and unlikely to trigger immediate price shifts."", ""Coolant emissions are niche within the EU ETS scope and unlikely to trigger immediate price shifts."", ""Coolant emissions are niche within the EU ETS scope and unlikely to trigger immediate price shifts.""]",3,1.0,-0.3,-0.3,"[3, 3, 3]"
3902,https://biofuels-news.com/news/epure-outlines-the-implications-of-fit-for-55/,,ePURE outlines the implications of  Fit for 55  | Biofuels International Magazine,2021-09-27,https://biofuels-news.com/wp-content/uploads/2021/09/Pic-2-ePURE-768x469.jpg,biofuels-news.com,English,United States,1,6,eu_ets_strong,NO,-1,"[""NO"", ""NO"", ""NO""]","[""Fit for 55 may indirectly affect ETS pricing via biofuel policy shifts, but no immediate price signal is evident."", ""Fit for 55 may indirectly affect ETS pricing via biofuel policy shifts, but no immediate price signal is evident."", ""Fit for 55 may indirectly affect ETS pricing via biofuel policy shifts, but no immediate price signal is evident.""]",5,1.0,-0.5,-0.5,"[5, 5, 5]"
3908,https://www.albanyherald.com/features/health/pfizer-submits-data-on-covid-19-vaccine-for-kids-ages-5-to-11-to-fda/article_fe4e1f4e-30f6-54d8-89ab-d76ad5bc58d2.html,,"Pfizer submits data on Covid - 19 vaccine for kids ages 5 to 11 to FDA , not seeking EUA yet",2021-09-29,https://bloximages.newyork1.vip.townnews.com/albanyherald.com/content/tncms/assets/v3/editorial/b/db/bdbe97c0-87a1-5b34-99d5-a7ad03601224/61530ba7474da.image.jpg,albanyherald.com,English,United States,1,8,eu_ets_strong;eu_context,NO,-1,"[""NO"", ""NO"", ""NO""]","[""Vaccine approval for kids 5-11 is unlikely to directly impact EU ETS pricing, though it may influence broader public health and economic sentiment."", ""Vaccine approval for kids 5-11 is unlikely to directly impact EU ETS pricing, though it may influence broader public health and economic sentiment."", ""Vaccine approval for kids 5-11 is unlikely to directly impact EU ETS pricing, though it may influence broader public health and economic sentiment.""]",2,1.0,-0.2,-0.2,"[2, 2, 2]"
3914,https://www.neweurope.eu/article/eu-seeks-solution-for-soaring-electricity-prices/,,EU seeks solution for soaring electricity prices,2021-10-01,https%3A%2F%2Fwww.neweurope.eu%2Fwp-content%2Fuploads%2F2021%2F09%2Fp09c.jpg,neweurope.eu,English,United Kingdom,2,4,eu_context;carbon_terms=1;energy_driver,YES,1,"[""YES"", ""YES"", ""YES""]","[""Soaring electricity prices may signal increased demand for carbon allowances, potentially boosting EU ETS prices."", ""Soaring electricity prices may signal increased demand for carbon allowances, potentially boosting EU ETS prices."", ""Soaring electricity prices may signal increased demand for carbon allowances, potentially boosting EU ETS prices.""]",7,1.0,0.7,0.7,"[7, 7, 7]"
3920,https://www.bloombergquint.com/technology/europe-s-power-crisis-is-moving-north-as-water-shortage-worsens,/amp/technology/europe-s-power-crisis-is-moving-north-as-water-shortage-worsens,Europe Power Crisis Is Moving North as Water Shortage Worsens,2021-10-03,,bloombergquint.com,English,India,2,3,eu_context;energy_driver,NO,-1,"[""NO"", ""NO"", ""NO""]","[""Water shortages may strain power generation, potentially increasing demand for carbon-intensive backup, but short-term EU ETS price impact is uncertain."", ""Water shortages may strain power generation, potentially increasing demand for carbon-intensive backup, but short-term EU ETS price impact is uncertain."", ""Water shortages may strain power generation, potentially increasing demand for carbon-intensive backup, but short-term EU ETS price impact is uncertain.""]",5,1.0,-0.5,-0.5,"[5, 5, 5]"
3926,https://mondovisione.com/media-and-resources/news/eex-sell-off-in-german-national-emissions-trading-scheme-successfully-launched/,,EEX : Sell - Off In German National Emissions Trading Scheme Successfully Launched,2021-10-05,,mondovisione.com,English,United States,1,9,eu_ets_strong;carbon_terms=3,NO,-1,"[""NO"", ""NO"", ""NO""]","[""Short-term price pressure from initial sell-off may reflect market skepticism but not a structural shift."", ""Short-term price pressure from initial sell-off may reflect market skepticism but not a structural shift."", ""Short-term price pressure from initial sell-off may reflect market skepticism but not a structural shift.""]",5,1.0,-0.5,-0.5,"[5, 5, 5]"
3932,https://www.hellenicshippingnews.com/eu-has-enough-gas-for-winter-eyes-gas-market-reform-energy-chief/,https://www.hellenicshippingnews.com/eu-has-enough-gas-for-winter-eyes-gas-market-reform-energy-chief/amp/,"EU has enough gas for winter , eyes gas market reform – energy chief | Hellenic Shipping News Worldwide",2021-10-07,,hellenicshippingnews.com,English,China,1,4,eu_context;carbon_terms=1;energy_driver,NO,-1,"[""NO"", ""NO"", ""NO""]","[""Gas market reform may indirectly affect emissions trading via energy pricing, but no direct price signal is implied."", ""Gas market reform may indirectly affect emissions trading via energy pricing, but no direct price signal is implied."", ""Gas market reform may indirectly affect emissions trading via energy pricing, but no direct price signal is implied.""]",3,1.0,-0.3,-0.3,"[3, 3, 3]"
3938,https://advancedbiofuelsusa.info/sights-on-a-positive-carbon-handprint-on-zero-emissions-day/,,Sights on a Positive Carbon Handprint on Zero Emissions Day – Advanced BioFuels united states ,2021-10-09,,advancedbiofuelsusa.info,English,United States,2,3,carbon_terms=3,NO,-1,"[""NO"", ""NO"", ""NO""]","[""Biofuels policy in the US may indirectly affect EU ETS via global carbon markets but lacks direct regulatory linkage."", ""Biofuels policy in the US may indirectly affect EU ETS via global carbon markets but lacks direct regulatory linkage."", ""Biofuels policy in the US may indirectly affect EU ETS via global carbon markets but lacks direct regulatory linkage.""]",3,1.0,-0.3,-0.3,"[3, 3, 3]"
3944,https://www.eureporter.co/environment/co2-emissions/2021/10/11/europes-policymakers-lag-behind-truckmakers-on-co2-emissions/,,Europe policymakers lag behind truckmakers on CO2 emissions,2021-10-11,https://www.eureporter.co/wp-content/uploads/2021/10/Truckmakers-970x600.png,eureporter.co,English,United Kingdom,2,4,eu_context;carbon_terms=2,NO,-1,"[""NO"", ""NO"", ""NO""]","[""Truckmakers\u2019 emissions targets may drive policy urgency, but lagging policymakers could delay market adjustments."", ""Truckmakers\u2019 emissions targets may drive policy urgency, but lagging policymakers could delay market adjustments."", ""Truckmakers\u2019 emissions targets may drive policy urgency, but lagging policymakers could delay market adjustments.""]",5,1.0,-0.5,-0.5,"[5, 5, 5]"
3950,https://www.etftrends.com/china-insights-channel/carbon-allowances-etfs-can-help-investors-access-a-growing-new-market/,https://www.etftrends.com/china-insights-channel/carbon-allowances-etfs-can-help-investors-access-a-growing-new-market/amp/,Carbon Allowances ETFs Can Help Investors Access a Growing New Market,2021-10-13,https://www.etftrends.com/wp-content/uploads/2021/10/Carbon-Allowances-ETFs-Can-Help-Investors-Access-a-Growing-New-Market.jpg,etftrends.com,English,China,1,4,carbon_terms=4,NO,-1,"[""NO"", ""NO"", ""NO""]","[""ETFs may drive demand but don\u2019t directly alter underlying ETS price dynamics."", ""ETFs may drive demand but don\u2019t directly alter underlying ETS price dynamics."", ""ETFs may drive demand but don\u2019t directly alter underlying ETS price dynamics.""]",3,1.0,-0.3,-0.3,"[3, 3, 3]"
3956,https://www.washingtonpost.com/business/energy/is-nuclear-power-green-the-eu-shouldnt-be-the-one-deciding/2021/10/15/91bcf04e-2d75-11ec-b17d-985c186de338_story.html,,Is Nuclear Power  Green ? The EU Shouldnt Be the One Deciding,2021-10-15,https://arc-anglerfish-washpost-prod-washpost.s3.amazonaws.com/public/SD23ENRNOUI6ZML5TBOBQ3PDHA.jpg,washingtonpost.com,English,United States,1,3,eu_context;energy_driver,NO,-1,"[""NO"", ""NO"", ""NO""]","[""The headline\u2019s political stance may influence policy debates but doesn\u2019t directly signal short-term ETS price movement."", ""The headline\u2019s political stance may influence policy debates but doesn\u2019t directly signal short-term ETS price movement."", ""The headline\u2019s political stance may influence policy debates but doesn\u2019t directly signal short-term ETS price movement.""]",5,1.0,-0.5,-0.5,"[5, 5, 5]"
3962,https://carnegieendowment.org/publications/85570,,What Does the European Green Deal Mean for Africa ? ,2021-10-18,https://images.carnegieendowment.org/images/article_images/iStock-685856116_6d590883-c832-4b23-818c-e69d45691f24.jpg,carnegieendowment.org,English,United States,1,2,eu_context,NO,-1,"[""NO"", ""NO"", ""NO""]","[""EU ETS policy primarily affects EU emissions, not directly African markets or carbon pricing."", ""EU ETS policy primarily affects EU emissions, not directly African markets or carbon pricing."", ""EU ETS policy primarily affects EU emissions, not directly African markets or carbon pricing.""]",2,1.0,-0.2,-0.2,"[2, 2, 2]"
3968,https://www.msn.com/en-us/news/world/greece-wants-realistic-eu-green-policy-for-shipping/ar-AAPKtMY,,Greece wants  realistic  EU green policy for shipping,2021-10-20,,msn.com,English,United States,1,2,eu_context,NO,-1,"[""NO"", ""NO"", ""NO""]","[""Greece\u2019s push for realistic EU green policy may signal regulatory pressure on shipping emissions, but short-term ETS price impact is uncertain without concrete policy details or enforcement timelines."", ""Greece\u2019s push for realistic EU green policy may signal regulatory pressure on shipping emissions, but short-term ETS price impact is uncertain without concrete policy details or enforcement timelines."", ""Greece\u2019s push for realistic EU green policy may signal regulatory pressure on shipping emissions, but short-term ETS price impact is uncertain without concrete policy details or enforcement timelines.""]",3,1.0,-0.3,-0.3,"[3, 3, 3]"
3974,https://gcaptain.com/greece-calls-for-realistic-eu-emissions-policy-for-shipping/,,Greece Calls for  Realistic  EU Emissions Policy for Shipping,2021-10-22,https://gcaptain.com/wp-content/uploads/2015/10/shutterstock_222233455.jpg,gcaptain.com,English,United States,1,4,eu_context;carbon_terms=2,NO,-1,"[""NO"", ""NO"", ""NO""]","[""Shipping emissions are a niche sector within EU ETS, and Greece\u2019s call for realism may signal cautious policy, not immediate price disruption."", ""Shipping emissions are a niche sector within EU ETS, and Greece\u2019s call for realism may signal cautious policy, not immediate price disruption."", ""Shipping emissions are a niche sector within EU ETS, and Greece\u2019s call for realism may signal cautious policy, not immediate price disruption.""]",4,1.0,-0.4,-0.4,"[4, 4, 4]"
3980,https://www.cemnet.com/News/story/171617/carbon-at-new-steady-high-but-european-prices-turmoil-drive-new-debate-of-intervention-in-power-markets.html,,"Carbon at new steady high , but European prices turmoil drive new debate of intervention in power markets",2021-10-25,,cemnet.com,English,United States,1,6,eu_context;carbon_terms=3;energy_driver,YES,1,"[""YES"", ""YES"", ""YES""]","[""EU ETS prices show resilience amid turmoil, suggesting potential for sustained upward pressure despite intervention debates."", ""EU ETS prices show resilience amid turmoil, suggesting potential for sustained upward pressure despite intervention debates."", ""EU ETS prices show resilience amid turmoil, suggesting potential for sustained upward pressure despite intervention debates.""]",7,1.0,0.7,0.7,"[7, 7, 7]"
3986,https://www.bnnbloomberg.ca/coal-s-drop-to-a-two-month-low-in-europe-weighs-on-power-prices-1.1672626,https://www.bnnbloomberg.ca/coal-s-drop-to-a-two-month-low-in-europe-weighs-on-power-prices-1.1672626.amp.html,Coal Drop to a Two - Month Low in Europe Weighs on Power Prices,2021-10-27,http://www.bnnbloomberg.ca/polopoly_fs/1.1672627!/fileimage/httpImage/image.png_gen/derivatives/landscape_620/heavy-machinery-operates-at-a-coal-stockpile-site-in-taicang-jiangsu-province-china-on-saturday-oct-23-2021-coal-futures-in-china-extended-a-decline-to-more-than-20-in-three-days-as-authorities-continue-to-take-action-to-tackle-the-nation-s-energy-crisis-photographer-qilai-shen-bloomberg.png,bnnbloomberg.ca,English,Canada,1,4,eu_context;carbon_terms=1;energy_driver,NO,-1,"[""NO"", ""NO"", ""NO""]","[""Coal price declines signal reduced demand, potentially lowering power generation costs and pressuring EU ETS prices."", ""Coal price declines signal reduced demand, potentially lowering power generation costs and pressuring EU ETS prices."", ""Coal price declines signal reduced demand, potentially lowering power generation costs and pressuring EU ETS prices.""]",6,1.0,-0.6,-0.6,"[6, 6, 6]"
3992,https://www.opalesque.com/688217/World_Carbon_Fund_outperforms_as_carbon_markets_heat821.html,,World Carbon Fund outperforms as carbon markets heat up,2021-10-29,https://www.opalesque.com/images/opalesque-hedge-fund-news.png,opalesque.com,English,United States,1,2,carbon_terms=2,YES,1,"[""YES"", ""YES"", ""YES""]","[""Carbon markets heating up suggests increased demand and potential price pressure, though fund performance doesn\u2019t directly translate to ETS price movement."", ""Carbon markets heating up suggests increased demand and potential price pressure, though fund performance doesn\u2019t directly translate to ETS price movement."", ""Carbon markets heating up suggests increased demand and potential price pressure, though fund performance doesn\u2019t directly translate to ETS price movement.""]",7,1.0,0.7,0.7,"[7, 7, 7]"
3998,https://theconversation.com/cop26-strong-carbon-trading-rules-could-help-the-world-avoid-dangerous-levels-of-global-warming-151172,https://theconversation.com/amp/cop26-strong-carbon-trading-rules-could-help-the-world-avoid-dangerous-levels-of-global-warming-151172,COP26 : Strong carbon - trading rules could help the world avoid dangerous levels of global warming,2021-10-31,https://images.theconversation.com/files/428611/original/file-20211026-19-u7y8pw.jpg?ixlib=rb-1.1.0&rect=0%2C1184%2C6433%2C3216&q=45&auto=format&fit=crop,theconversation.com,English,Australia,1,2,carbon_terms=2,NO,-1,"[""NO"", ""NO"", ""NO""]","[""COP26 outcomes may influence future carbon pricing policies but don\u2019t guarantee immediate EU ETS price movement."", ""COP26 outcomes may influence future carbon pricing policies but don\u2019t guarantee immediate EU ETS price movement."", ""COP26 outcomes may influence future carbon pricing policies but don\u2019t guarantee immediate EU ETS price movement.""]",5,1.0,-0.5,-0.5,"[5, 5, 5]"
4004,https://www.businessgreen.com/news/4039609/cop26-crunch-talks-paris-agreement-carbon-market-rules-begin-earnest,,COP26 : Crunch talks over Paris Agreement carbon market rules begin in earnest,2021-11-02,,businessgreen.com,English,United Kingdom,1,2,carbon_terms=2,YES,1,"[""YES"", ""YES"", ""YES""]","[""COP26 negotiations could reshape compliance mechanisms and emissions targets, directly affecting EU ETS pricing dynamics."", ""COP26 negotiations could reshape compliance mechanisms and emissions targets, directly affecting EU ETS pricing dynamics."", ""COP26 negotiations could reshape compliance mechanisms and emissions targets, directly affecting EU ETS pricing dynamics.""]",7,1.0,0.7,0.7,"[7, 7, 7]"
4010,https://www.marketscreener.com/news/latest/Qontigo-s-new-Carbon-Emission-Price-factor-An-innovative-approach-to-measuring-carbon-risk--36892552/,https://www.marketscreener.com/amp/news/latest/Qontigo-s-new-Carbon-Emission-Price-factor-An-innovative-approach-to-measuring-carbon-risk--36892552/,Qontigo new Carbon Emission Price factor : An innovative approach to measuring carbon risk,2021-11-04,https://www.marketscreener.com/images/twitter_MS_fdnoir.png,marketscreener.com,English,,1,3,carbon_terms=3,NO,-1,"[""NO"", ""NO"", ""NO""]","[""New factor may add minor volatility but doesn\u2019t signal major price shift in EU ETS."", ""New factor may add minor volatility but doesn\u2019t signal major price shift in EU ETS."", ""New factor may add minor volatility but doesn\u2019t signal major price shift in EU ETS.""]",3,1.0,-0.3,-0.3,"[3, 3, 3]"
4016,https://www.glasgowtimes.co.uk/news/19699751.glasgow-built-coal-emissions-story/,https://www.glasgowtimes.co.uk/news/19699751.amp/,How Glasgow was built on coal and its emissions story,2021-11-07,https://www.glasgowtimes.co.uk/resources/images/13171711/,glasgowtimes.co.uk,English,,2,3,carbon_terms=2;energy_driver,NO,-1,"[""NO"", ""NO"", ""NO""]","[""Glasgow\u2019s coal legacy may imply historical emissions, but current EU ETS pricing is driven by policy and market mechanics, not historical narratives."", ""Glasgow\u2019s coal legacy may imply historical emissions, but current EU ETS pricing is driven by policy and market mechanics, not historical narratives."", ""Glasgow\u2019s coal legacy may imply historical emissions, but current EU ETS pricing is driven by policy and market mechanics, not historical narratives.""]",3,1.0,-0.3,-0.3,"[3, 3, 3]"
4022,https://www.politico.eu/event/europe-s-energy-price-surge/,https://www.politico.eu/event/europe-s-energy-price-surge/amp/,Europe energy price surge : what it means for the bloc energy and climate policies ? – POLITICO,2021-11-09,https://www.politico.eu/wp-content/uploads/2021/11/05/Copy-of-Copy-1-of-Evolution-of-Healt-1920x1080px-1200x628.png,politico.eu,English,United States,1,3,eu_context;carbon_terms=1,YES,1,"[""YES"", ""YES"", ""YES""]","[""Energy price surge likely to pressure EU ETS compliance and spur policy adjustments."", ""Energy price surge likely to pressure EU ETS compliance and spur policy adjustments."", ""Energy price surge likely to pressure EU ETS compliance and spur policy adjustments.""]",7,1.0,0.7,0.7,"[7, 7, 7]"
4028,https://sciencebusiness.net/news/meps-push-include-academic-freedom-eu-treaties,,MEPs push to include academic freedom in EU treaties,2021-11-11,https://sciencebusiness.net/sites/default/files/styles/article/public/2021-11/elher1111_1050x450.jpg?itok=IZCdAV09,sciencebusiness.net,English,United Kingdom,1,2,eu_context,NO,-1,"[""NO"", ""NO"", ""NO""]","[""Academic freedom is unlikely to directly affect EU ETS pricing or carbon markets."", ""Academic freedom is unlikely to directly affect EU ETS pricing or carbon markets."", ""Academic freedom is unlikely to directly affect EU ETS pricing or carbon markets.""]",2,1.0,-0.2,-0.2,"[2, 2, 2]"
4034,https://dailytimes.com.pk/841555/carbon-offsets-a-booming-market-or-greenwashing/,https://dailytimes.com.pk/841555/carbon-offsets-a-booming-market-or-greenwashing/amp/,Carbon offsets : a booming market or greenwashing ? ,2021-11-14,,dailytimes.com.pk,English,Pakistan,1,2,carbon_terms=2,NO,-1,"[""NO"", ""NO"", ""NO""]","[""Market sentiment and regulatory scrutiny could influence ETS pricing volatility."", ""Market sentiment and regulatory scrutiny could influence ETS pricing volatility."", ""Market sentiment and regulatory scrutiny could influence ETS pricing volatility.""]",7,1.0,-0.7,-0.7,"[7, 7, 7]"
4040,https://www.energylivenews.com/2021/11/16/carbon-hits-record-price-in-europe-following-cop26/,,Carbon hits record price in Europe following COP26,2021-11-16,https://www.energylivenews.com/wp-content/uploads/2021/10/shutterstock_1354776398.jpg,energylivenews.com,English,United Kingdom,1,4,eu_context;carbon_terms=2,YES,1,"[""YES"", ""YES"", ""YES""]","[""COP26 outcomes often trigger policy tightening, pushing EU ETS prices higher in the short term."", ""COP26 outcomes often trigger policy tightening, pushing EU ETS prices higher in the short term."", ""COP26 outcomes often trigger policy tightening, pushing EU ETS prices higher in the short term.""]",8,1.0,0.8,0.8,"[8, 8, 8]"
4046,https://www.reuters.com/business/environment/eu-watchdog-sees-no-proof-abusive-behaviour-blocs-carbon-market-2021-11-18/,,"No proof so far of abuse in EU carbon market , says watchdog",2021-11-18,https://www.reuters.com/resizer/9tFz7BEape0kHCwV6kq4Su1zgZ0=/1200x628/smart/filters:quality(80)/cloudfront-us-east-2.images.arcpublishing.com/reuters/VIV3GL4KSJOQ7F422V3IYUB6SQ.jpg,reuters.com,English,United States,1,4,eu_context;carbon_terms=2,NO,-1,"[""NO"", ""NO"", ""NO""]","[""Lack of evidence of abuse suggests minimal short-term price volatility risk."", ""Lack of evidence of abuse suggests minimal short-term price volatility risk."", ""Lack of evidence of abuse suggests minimal short-term price volatility risk.""]",3,1.0,-0.3,-0.3,"[3, 3, 3]"
4052,https://bellona.org/news/climate-change/2021-11-bellona-europa-fit-for-55-consultation-responses-cbam-energy-taxation-directive-and-refueleu-aviatio,,"Bellona Europa Fit for 55 Consultation Responses CBAM , Energy Taxation Directive and ReFuelEU",2021-11-22,https://network.bellona.org/content/uploads/sites/3/2021/07/EU-flag.png,bellona.org,English,Russia,1,8,eu_ets_strong;eu_context,NO,-1,"[""NO"", ""NO"", ""NO""]","[""CBAM and energy taxation directives may influence EU ETS pricing indirectly via policy alignment, but no immediate short-term directional signal is evident."", ""CBAM and energy taxation directives may influence EU ETS pricing indirectly via policy alignment, but no immediate short-term directional signal is evident."", ""CBAM and energy taxation directives may influence EU ETS pricing indirectly via policy alignment, but no immediate short-term directional signal is evident.""]",5,1.0,-0.5,-0.5,"[5, 5, 5]"
4058,https://www.businessgreen.com/opinion/4040918/tax-trade-eu-emissions-trading-scheme-best-tackle-co2-shipping,,Tax or trade : Is the EU emissions trading scheme the best way to tackle CO2 from shipping ? ,2021-11-24,,businessgreen.com,English,United Kingdom,1,5,eu_context;carbon_terms=3,NO,-1,"[""NO"", ""NO"", ""NO""]","[""The headline questions the EU ETS\u2019s applicability to shipping, which may signal regulatory uncertainty but doesn\u2019t directly impact short-term ETS price volatility."", ""The headline questions the EU ETS\u2019s applicability to shipping, which may signal regulatory uncertainty but doesn\u2019t directly impact short-term ETS price volatility."", ""The headline questions the EU ETS\u2019s applicability to shipping, which may signal regulatory uncertainty but doesn\u2019t directly impact short-term ETS price volatility.""]",3,1.0,-0.3,-0.3,"[3, 3, 3]"
4064,https://www.ig.com/uk/investments/news/etf/2021/11/25/raising-carbon-prices--europes-preferred-tool-for-meeting-its-cl,https://www.ig.com/uk/investments/news/etf/2021/11/25/raising-carbon-prices--europes-preferred-tool-for-meeting-its-cl.amp,Raising carbon prices – Europe preferred tool for meeting its climate goals,2021-11-26,https://a.c-dn.net/c/content/dam/publicsites/igcom/uk/images/investments/news-article/investments_article_2_25112021800x400.jpg,ig.com,English,United Kingdom,1,4,eu_context;carbon_terms=2,YES,1,"[""YES"", ""YES"", ""YES""]","[""Higher carbon prices incentivize emission reductions, aligning with EU ETS policy and likely boosting prices short-term."", ""Higher carbon prices incentivize emission reductions, aligning with EU ETS policy and likely boosting prices short-term."", ""Higher carbon prices incentivize emission reductions, aligning with EU ETS policy and likely boosting prices short-term.""]",8,1.0,0.8,0.8,"[8, 8, 8]"
4070,https://www.offshore-energy.biz/sea-lng-welcomes-eus-goal-based-technology-neutral-regulation-for-greener-shipping/,,"SEA - LNG welcomes EU goal - based , technology - neutral regulation for greener shipping",2021-11-30,https://cdn.offshorewind.biz/wp-content/uploads/sites/6/2021/11/30141507/Navingo2.png,offshore-energy.biz,English,,1,3,eu_context;energy_driver,YES,1,"[""YES"", ""YES"", ""YES""]","[""EU\u2019s goal-based, tech-neutral regulation may incentivize LNG adoption, boosting demand and ETS prices."", ""EU\u2019s goal-based, tech-neutral regulation may incentivize LNG adoption, boosting demand and ETS prices."", ""EU\u2019s goal-based, tech-neutral regulation may incentivize LNG adoption, boosting demand and ETS prices.""]",7,1.0,0.7,0.7,"[7, 7, 7]"
4076,https://www.oann.com/eu-countries-struggle-to-find-joint-response-to-energy-price-spike/,,EU countries struggle to unify response to energy price spike,2021-12-02,https://dzm0ugdauank9.cloudfront.net/wp-content/uploads/2021/12/2021-12-02T052152Z_2_LYNXMPEHB105H_RTROPTP_0_EU-ENERGY-PRICES_1.jpg,oann.com,English,United States,1,3,eu_context;carbon_terms=1,NO,-1,"[""NO"", ""NO"", ""NO""]","[""Fragmented policy responses may lead to lower compliance and reduced carbon pricing effectiveness."", ""Fragmented policy responses may lead to lower compliance and reduced carbon pricing effectiveness."", ""Fragmented policy responses may lead to lower compliance and reduced carbon pricing effectiveness.""]",6,1.0,-0.6,-0.6,"[6, 6, 6]"
4082,https://www.theparliamentmagazine.eu/news/article/the-chronicle-of-a-crisis-foretold-price-bubbles-in-the-co2-emissions-trading-scheme,,The chronicle of a crisis foretold : Price bubbles in the EU CO2 emissions trading scheme,2021-12-06,,theparliamentmagazine.eu,English,United Kingdom,1,6,eu_context;carbon_terms=4,NO,-1,"[""NO"", ""NO"", ""NO""]","[""Price bubbles suggest potential overvaluation and future correction risk, impacting short-term volatility."", ""Price bubbles suggest potential overvaluation and future correction risk, impacting short-term volatility."", ""Price bubbles suggest potential overvaluation and future correction risk, impacting short-term volatility.""]",7,1.0,-0.7,-0.7,"[7, 7, 7]"
4088,https://www.fastmarkets.com/europes-cbam-to-have-more-impact-in-later-stages-aac-chief-says-intl-al-conf,,"Europe CBAM to have more impact in later stages , AAC chief says : INTL AL CONF",2021-12-08,,fastmarkets.com,English,China,2,8,eu_ets_strong;eu_context,YES,1,"[""YES"", ""YES"", ""YES""]","[""CBAM\u2019s phased expansion could drive increased EU ETS demand as global compliance pressures rise."", ""CBAM\u2019s phased expansion could drive increased EU ETS demand as global compliance pressures rise."", ""CBAM\u2019s phased expansion could drive increased EU ETS demand as global compliance pressures rise.""]",7,1.0,0.7,0.7,"[7, 7, 7]"
4094,https://governorswindenergycoalition.org/carbon-prices-long-in-the-dumps-surge-in-u-s-and-europe/,,"Carbon prices , long in the dumps , surge in U . S . and Europe - Governor Wind Energy Coalition",2021-12-10,,governorswindenergycoalition.org,English,United States,2,5,eu_context;carbon_terms=2;energy_driver,YES,1,"[""YES"", ""YES"", ""YES""]","[""U.S. and European carbon price surges suggest renewed policy momentum and demand, potentially lifting EU ETS prices short-term."", ""U.S. and European carbon price surges suggest renewed policy momentum and demand, potentially lifting EU ETS prices short-term."", ""U.S. and European carbon price surges suggest renewed policy momentum and demand, potentially lifting EU ETS prices short-term.""]",7,1.0,0.7,0.7,"[7, 7, 7]"
4100,https://www.nakedcapitalism.com/2021/12/mapped-the-network-of-powerful-agribusiness-groups-lobbying-to-water-down-the-eus-sustainable-farming-targets.html,,Mapped : The Network of Powerful Agribusiness Groups Lobbying to Water Down the EU Sustainable Farming Targets,2021-12-12,https://www.nakedcapitalism.com/wp-content/uploads/2021/12/Screenshot-2021-12-12-at-06.32.47-e1639308892380.png,nakedcapitalism.com,English,United States,2,3,eu_context;energy_driver,NO,-1,"[""NO"", ""NO"", ""NO""]","[""Agribusiness lobbying could weaken policy enforcement, potentially reducing compliance and lowering carbon price pressure."", ""Agribusiness lobbying could weaken policy enforcement, potentially reducing compliance and lowering carbon price pressure."", ""Agribusiness lobbying could weaken policy enforcement, potentially reducing compliance and lowering carbon price pressure.""]",6,1.0,-0.6,-0.6,"[6, 6, 6]"
4106,https://www.finanznachrichten.de/nachrichten-2021-12/54746337-aixtron-says-yesvgan-epitaxy-specialist-aixtron-is-partner-of-eu-research-project-yesvgan-high-energy-efficiency-and-low-co2-emissions-by-using-ga-015.htm,,AIXTRON says YESvGaN / Epitaxy specialist AIXTRON is partner of EU research project YESvGaN / High energy efficiency and low CO2 emissions by using GaN power transistors,2021-12-14,https://www.finanznachrichten.de/chart-aixtron-se-aktie-intraklein-xetra.png,finanznachrichten.de,English,Germany,2,5,eu_context;carbon_terms=2;energy_driver,NO,-1,"[""NO"", ""NO"", ""NO""]","[""AIXTRON\u2019s participation in a research project focused on GaN transistors may hint at future tech adoption, but does not yet signal immediate market or policy-driven ETS price movement."", ""AIXTRON\u2019s participation in a research project focused on GaN transistors may hint at future tech adoption, but does not yet signal immediate market or policy-driven ETS price movement."", ""AIXTRON\u2019s participation in a research project focused on GaN transistors may hint at future tech adoption, but does not yet signal immediate market or policy-driven ETS price movement.""]",3,1.0,-0.3,-0.3,"[3, 3, 3]"
4112,https://www.in.gr/2021/12/16/english-edition/eu-ets-speculation-political-greenwashing/,https://www.in.gr/2021/12/16/english-edition/eu-ets-speculation-political-greenwashing/amp/,EU ETS speculation is political greenwashing,2021-12-16,https://www.in.gr/wp-content/uploads/2021/12/z26641332IERPremier-Mateusz-Morawiecki.jpg,in.gr,English,Greece,1,8,eu_ets_strong;eu_context,NO,-1,"[""NO"", ""NO"", ""NO""]","[""Speculation being labeled as \""greenwashing\"" may trigger regulatory backlash or investor skepticism, potentially dampening demand."", ""Speculation being labeled as \""greenwashing\"" may trigger regulatory backlash or investor skepticism, potentially dampening demand."", ""Speculation being labeled as \""greenwashing\"" may trigger regulatory backlash or investor skepticism, potentially dampening demand.""]",3,1.0,-0.3,-0.3,"[3, 3, 3]"
4118,https://vestnikkavkaza.net/analysis/No-agreement-on-energy-prices-in-EU.html,https://vestnikkavkaza.net/amp/147719,No agreement on energy prices in EU,2021-12-18,http://vestnikkavkaza.net/upload2/2021-12-18/163981875561bda603e48978.87553525.png,vestnikkavkaza.net,English,Russia,1,3,eu_context;carbon_terms=1,NO,-1,"[""NO"", ""NO"", ""NO""]","[""Energy price uncertainty may dampen investor confidence and reduce demand for EU ETS allowances."", ""Energy price uncertainty may dampen investor confidence and reduce demand for EU ETS allowances."", ""Energy price uncertainty may dampen investor confidence and reduce demand for EU ETS allowances.""]",6,1.0,-0.6,-0.6,"[6, 6, 6]"
4124,https://www.naturalgasintel.com/renewed-supply-fears-freezing-cold-push-european-natural-gas-prices-to-another-record-lng-recap/,,"Renewed Supply Fears , Freezing Cold Push European Natural Gas Prices to Another Record – LNG Recap",2021-12-20,https://www.naturalgasintel.com/wp-content/uploads/2021/12/lng_tracker_combined1220.png,naturalgasintel.com,English,United States,2,4,eu_context;carbon_terms=1;energy_driver,NO,-1,"[""NO"", ""NO"", ""NO""]","[""LNG supply concerns and cold weather may temporarily depress EU ETS prices by increasing gas demand and reducing carbon intensity."", ""LNG supply concerns and cold weather may temporarily depress EU ETS prices by increasing gas demand and reducing carbon intensity."", ""LNG supply concerns and cold weather may temporarily depress EU ETS prices by increasing gas demand and reducing carbon intensity.""]",6,1.0,-0.6,-0.6,"[6, 6, 6]"
4130,https://www.hellenicshippingnews.com/europe-gas-prices-hit-record-highs-on-russian-supply-lull-and-cold-weather/,https://www.hellenicshippingnews.com/europe-gas-prices-hit-record-highs-on-russian-supply-lull-and-cold-weather/amp/,EUROPE GAS - Prices hit record highs on Russian supply lull and cold weather | Hellenic Shipping News Worldwide,2021-12-22,,hellenicshippingnews.com,English,China,1,4,eu_context;carbon_terms=1;energy_driver,YES,1,"[""YES"", ""YES"", ""YES""]","[""Cold weather and Russian supply disruption increase demand, likely pressuring EU ETS prices as firms hedge against energy costs."", ""Cold weather and Russian supply disruption increase demand, likely pressuring EU ETS prices as firms hedge against energy costs."", ""Cold weather and Russian supply disruption increase demand, likely pressuring EU ETS prices as firms hedge against energy costs.""]",7,1.0,0.7,0.7,"[7, 7, 7]"
4136,https://www.torontotelegraph.com/news/272015488/european-gas-prices-jump-70-as-russia-cuts-gas-shipments,,European gas prices jump 70 % as Russia cuts gas shipments,2021-12-24,https://cdn.bignewsnetwork.com/cus1640280102632.jpg,torontotelegraph.com,English,Canada,2,4,eu_context;carbon_terms=1;energy_driver,YES,1,"[""YES"", ""YES"", ""YES""]","[""Russia\u2019s gas cutbacks directly pressure EU energy security, likely triggering higher ETS prices as firms hedge against supply shocks."", ""Russia\u2019s gas cutbacks directly pressure EU energy security, likely triggering higher ETS prices as firms hedge against supply shocks."", ""Russia\u2019s gas cutbacks directly pressure EU energy security, likely triggering higher ETS prices as firms hedge against supply shocks.""]",8,1.0,0.8,0.8,"[8, 8, 8]"
4142,https://www.arabnews.com/node/1993081/business-economy,https://www.arabnews.com/node/1993081/amp,European Manufacturers hit by high cost ; Greece turns to US gas : Energy Matters,2021-12-26,https://www.arabnews.com/sites/default/files/main-image/2021/12/26/2983881-2040710221.jpg,arabnews.com,English,Saudi Arabia,2,3,eu_context;energy_driver,NO,-1,"[""NO"", ""NO"", ""NO""]","[""Greece\u2019s shift to US gas may reduce EU ETS demand temporarily but doesn\u2019t signal broader price reversal."", ""Greece\u2019s shift to US gas may reduce EU ETS demand temporarily but doesn\u2019t signal broader price reversal."", ""Greece\u2019s shift to US gas may reduce EU ETS demand temporarily but doesn\u2019t signal broader price reversal.""]",6,1.0,-0.6,-0.6,"[6, 6, 6]"
4148,https://www.businesstoday.in/coronavirus/story/govt-panel-recommends-eua-for-covovax-corbevax-and-anti-covid-pill-molnupiravir-317006-2021-12-28,https://www.businesstoday.in/amp/coronavirus/story/govt-panel-recommends-eua-for-covovax-corbevax-and-anti-covid-pill-molnupiravir-317006-2021-12-28,"Govt panel recommends EUA for Covovax , Corbevax and anti - Covid pill molnupiravir",2021-12-28,https://akm-img-a-in.tosshub.com/businesstoday/images/story/202112/meds_1-sixteen_nine.jpeg,businesstoday.in,English,India,1,8,eu_ets_strong;eu_context,NO,-1,"[""NO"", ""NO"", ""NO""]","[""EUA allocation for vaccines may signal regulatory flexibility but doesn\u2019t directly impact carbon price fundamentals."", ""EUA allocation for vaccines may signal regulatory flexibility but doesn\u2019t directly impact carbon price fundamentals."", ""EUA allocation for vaccines may signal regulatory flexibility but doesn\u2019t directly impact carbon price fundamentals.""]",3,1.0,-0.3,-0.3,"[3, 3, 3]"
4154,https://www.arkansasonline.com/news/2021/dec/31/airlines-seek-recipe-for-zero-emissions/,,Airlines seek recipe for zero emissions,2021-12-31,https://wehco.media.clients.ellingtoncms.com/static-4/ao_redesign/graphics/adgog.jpg,arkansasonline.com,English,United States,1,2,carbon_terms=2,NO,-1,"[""NO"", ""NO"", ""NO""]","[""Airlines\u2019 pursuit of zero-emissions strategies may signal long-term regulatory pressure but doesn\u2019t immediately impact short-term EU ETS pricing."", ""Airlines\u2019 pursuit of zero-emissions strategies may signal long-term regulatory pressure but doesn\u2019t immediately impact short-term EU ETS pricing."", ""Airlines\u2019 pursuit of zero-emissions strategies may signal long-term regulatory pressure but doesn\u2019t immediately impact short-term EU ETS pricing.""]",5,1.0,-0.5,-0.5,"[5, 5, 5]"
4160,https://www.politico.eu/article/france-eu-presidency-council-2022-people-policy-influence/,https://www.politico.eu/article/france-eu-presidency-council-2022-people-policy-influence/amp/,The French people Europe needs to know,2022-01-03,https://www.politico.eu/wp-content/uploads/2021/12/15/iStock-1158746384-1200x628.jpg,politico.eu,English,United States,1,2,eu_context,NO,-1,"[""NO"", ""NO"", ""NO""]","[""The headline lacks specific financial or policy context to influence EU ETS pricing."", ""The headline lacks specific financial or policy context to influence EU ETS pricing."", ""The headline lacks specific financial or policy context to influence EU ETS pricing.""]",2,1.0,-0.2,-0.2,"[2, 2, 2]"
4166,http://www.xinhuanet.com/english/europe/20220105/a145a52c33384db884dbf8948c406d88/c.html,,German govt earns 12 . 5 bln euros from carbon emissions trading in 2021 - Xinhua,2022-01-05,,xinhuanet.com,English,China,1,6,eu_context;carbon_terms=4,NO,-1,"[""NO"", ""NO"", ""NO""]","[""German emissions trading revenue is a snapshot of past performance, not a predictor of short-term EU ETS price movement."", ""German emissions trading revenue is a snapshot of past performance, not a predictor of short-term EU ETS price movement."", ""German emissions trading revenue is a snapshot of past performance, not a predictor of short-term EU ETS price movement.""]",3,1.0,-0.3,-0.3,"[3, 3, 3]"
4172,https://www.hellenicshippingnews.com/europe-gas-prices-mostly-ease-in-volatile-market-amid-healthy-lng-supply/,https://www.hellenicshippingnews.com/europe-gas-prices-mostly-ease-in-volatile-market-amid-healthy-lng-supply/amp/,EUROPE GAS - Prices mostly ease in volatile market amid healthy LNG supply | Hellenic Shipping News Worldwide,2022-01-07,,hellenicshippingnews.com,English,China,1,5,eu_context;carbon_terms=2;energy_driver,NO,-1,"[""NO"", ""NO"", ""NO""]","[""LNG supply stability may dampen price volatility but doesn\u2019t signal a strong short-term ETS price rally."", ""LNG supply stability may dampen price volatility but doesn\u2019t signal a strong short-term ETS price rally."", ""LNG supply stability may dampen price volatility but doesn\u2019t signal a strong short-term ETS price rally.""]",3,1.0,-0.3,-0.3,"[3, 3, 3]"
4178,https://www.eureporter.co/politics/2022/01/10/les-jeux-sont-faits/,,Week ahead : Les jeux sont faits - EU Reporter,2022-01-10,https://www.eureporter.co/wp-content/uploads/2022/01/220110MAcronVDL.jpg,eureporter.co,English,United Kingdom,1,2,eu_context,NO,-1,"[""NO"", ""NO"", ""NO""]","[""EU ETS price may be pressured by market sentiment and regulatory uncertainty following the headline's implication of a decisive outcome."", ""EU ETS price may be pressured by market sentiment and regulatory uncertainty following the headline's implication of a decisive outcome."", ""EU ETS price may be pressured by market sentiment and regulatory uncertainty following the headline's implication of a decisive outcome.""]",7,1.0,-0.7,-0.7,"[7, 7, 7]"
4184,https://www.hellenicshippingnews.com/europe-gas-prices-mostly-fall-as-supply-worries-ease/,https://www.hellenicshippingnews.com/europe-gas-prices-mostly-fall-as-supply-worries-ease/amp/,EUROPE GAS - Prices mostly fall as supply worries ease | Hellenic Shipping News Worldwide,2022-01-12,,hellenicshippingnews.com,English,China,1,4,eu_context;carbon_terms=1;energy_driver,NO,-1,"[""NO"", ""NO"", ""NO""]","[""Gas price declines suggest reduced supply concerns, which may indirectly support lower EU ETS prices via reduced carbon intensity."", ""Gas price declines suggest reduced supply concerns, which may indirectly support lower EU ETS prices via reduced carbon intensity."", ""Gas price declines suggest reduced supply concerns, which may indirectly support lower EU ETS prices via reduced carbon intensity.""]",5,1.0,-0.5,-0.5,"[5, 5, 5]"
4190,https://www.maritime-executive.com/article/t-e-eu-carbon-pricing-scheme-lets-too-many-small-ships-off-the-hook,,T & E : EU Carbon Pricing Scheme Lets Too Many Small Ships Off the Hook,2022-01-14,https://www.maritime-executive.com/media/images/article/Photos/Wreckage_Salvage/kl-brofjord-alan-jamieson-cc-by-20.8a3fa5.jpg,maritime-executive.com,English,United States,1,3,eu_context;carbon_terms=1,NO,-1,"[""NO"", ""NO"", ""NO""]","[""Small ships may be exempting from carbon pricing, potentially reducing overall emissions compliance pressure and slightly dampening price momentum."", ""Small ships may be exempting from carbon pricing, potentially reducing overall emissions compliance pressure and slightly dampening price momentum."", ""Small ships may be exempting from carbon pricing, potentially reducing overall emissions compliance pressure and slightly dampening price momentum.""]",6,1.0,-0.6,-0.6,"[6, 6, 6]"
4196,https://apnews.com/ec89498f0fcf6a07b91af34e435229ef,,Official : Japan hopes to lead Asian zero - emissions push,2022-01-18,https://storage.googleapis.com/afs-prod/media/a3b273bb2c8e40a4adcf87c2614aa6fa/3000.jpeg,apnews.com,English,United States,1,2,carbon_terms=2,NO,-1,"[""NO"", ""NO"", ""NO""]","[""Japan\u2019s ambition may indirectly influence EU ETS via global carbon pricing trends but lacks direct short-term market impact."", ""Japan\u2019s ambition may indirectly influence EU ETS via global carbon pricing trends but lacks direct short-term market impact."", ""Japan\u2019s ambition may indirectly influence EU ETS via global carbon pricing trends but lacks direct short-term market impact.""]",3,1.0,-0.3,-0.3,"[3, 3, 3]"
4202,https://www.globalcement.com/news/item/13558-market-report-forecasts-potential-euro1-5bn-in-carbon-costs-for-european-cement-plants-in-2022,,Market report forecasts potential Euro1 . 5bn in carbon costs for European cement plants in 2022,2022-01-20,https://www.globalcement.com/media/k2/items/cache/34e5cb469a77b7c52e6b154890217bb8_M.jpg,globalcement.com,English,India,1,4,eu_context;carbon_terms=2,YES,1,"[""YES"", ""YES"", ""YES""]","[""Cement sector emissions are significant and likely to drive upward pressure on EU ETS prices due to compliance costs."", ""Cement sector emissions are significant and likely to drive upward pressure on EU ETS prices due to compliance costs."", ""Cement sector emissions are significant and likely to drive upward pressure on EU ETS prices due to compliance costs.""]",7,1.0,0.7,0.7,"[7, 7, 7]"
4208,https://voxeu.org/article/reflections-eu-s-carbon-border-adjustment-mechanism,,Reflections on the EU Carbon Border Adjustment Mechanism,2022-01-23,https://voxeu.org/sites/default/files/cover_images/article/AdobeStock_45548950.jpeg,voxeu.org,English,United Kingdom,1,9,eu_ets_strong;eu_context;carbon_terms=1,NO,-1,"[""NO"", ""NO"", ""NO""]","[""EU CBAM may influence future compliance costs but doesn\u2019t immediately alter short-term ETS price dynamics."", ""EU CBAM may influence future compliance costs but doesn\u2019t immediately alter short-term ETS price dynamics."", ""EU CBAM may influence future compliance costs but doesn\u2019t immediately alter short-term ETS price dynamics.""]",5,1.0,-0.5,-0.5,"[5, 5, 5]"
4214,https://maritime-executive.com/article/shipowners-and-european-ports-criticize-amendments-to-eu-ets,,Shipowners and European Ports Criticize Amendments to EU ETS,2022-01-25,https://maritime-executive.com/media/images/article/Photos/Pollution_Spills/Cropped/Sulfur_smoke_16x9.a513ce.jpg,maritime-executive.com,English,United States,1,8,eu_ets_strong;eu_context,NO,-1,"[""NO"", ""NO"", ""NO""]","[""Amendments may reduce compliance costs, potentially lowering ETS prices in the short term."", ""Amendments may reduce compliance costs, potentially lowering ETS prices in the short term."", ""Amendments may reduce compliance costs, potentially lowering ETS prices in the short term.""]",6,1.0,-0.6,-0.6,"[6, 6, 6]"
4220,https://www.maritime-executive.com/article/intertanko-supports-eu-ets-amendments-breaking-with-container-shipping,,Intertanko Supports EU ETS Amendments Breaking with Container Shipping,2022-01-27,https://www.maritime-executive.com/media/images/article/Photos/Vessels_Large/Cropped/Tanker-and-small-boat-16x9.1382e0.jpg,maritime-executive.com,English,United States,1,8,eu_ets_strong;eu_context,NO,-1,"[""NO"", ""NO"", ""NO""]","[""Intertanko\u2019s support signals industry pushback against carbon pricing, potentially pressuring ETS prices downward."", ""Intertanko\u2019s support signals industry pushback against carbon pricing, potentially pressuring ETS prices downward."", ""Intertanko\u2019s support signals industry pushback against carbon pricing, potentially pressuring ETS prices downward.""]",7,1.0,-0.7,-0.7,"[7, 7, 7]"
4226,https://www.gtlaw.com/en/insights/2022/1/possible-amendments-to-eu-proposed-carbon-border-adjustment-mechanism,,Possible Amendments to EU Proposed Carbon Border Adjustment Mechanism | Insights,2022-02-01,https://www.gtlaw.com/en/-/media/images/open-graph-news-and-insights-photos/alerts_open_graph.jpg?sc_lang=en,gtlaw.com,English,United States,1,9,eu_ets_strong;eu_context;carbon_terms=1,NO,-1,"[""NO"", ""NO"", ""NO""]","[""Amendments to the CBAM could reshape compliance costs and trade dynamics, affecting EU ETS price volatility."", ""Amendments to the CBAM could reshape compliance costs and trade dynamics, affecting EU ETS price volatility."", ""Amendments to the CBAM could reshape compliance costs and trade dynamics, affecting EU ETS price volatility.""]",6,1.0,-0.6,-0.6,"[6, 6, 6]"
4232,https://www.hedgeweek.com/2022/02/04/311879/eex-groups-european-spot-markets-546-twh-january,,EEX Groups European Spot markets at 54 . 6 TWh in January,2022-02-04,,hedgeweek.com,English,United Kingdom,1,9,eu_ets_strong;eu_context;carbon_terms=1,NO,-1,"[""NO"", ""NO"", ""NO""]","[""Spot market volume alone doesn't signal price direction or carbon credit scarcity."", ""Spot market volume alone doesn't signal price direction or carbon credit scarcity."", ""Spot market volume alone doesn't signal price direction or carbon credit scarcity.""]",3,1.0,-0.3,-0.3,"[3, 3, 3]"
4238,https://wdez.com/2022/02/07/italy-expects-eu-carbon-price-of-80-euros-per-tonne-this-year/,,Italy expects EU carbon price of 80 euros per tonne this year,2022-02-07,,wdez.com,English,United States,1,4,eu_context;carbon_terms=2,YES,1,"[""YES"", ""YES"", ""YES""]","[""Italy\u2019s expectation aligns with market sentiment and could influence broader EU ETS pricing."", ""Italy\u2019s expectation aligns with market sentiment and could influence broader EU ETS pricing."", ""Italy\u2019s expectation aligns with market sentiment and could influence broader EU ETS pricing.""]",7,1.0,0.7,0.7,"[7, 7, 7]"
4244,https://www.bnnbloomberg.ca/eu-lawmaker-has-carbon-price-rules-in-crosshairs-as-costs-surge-1.1720739,https://www.bnnbloomberg.ca/eu-lawmaker-has-carbon-price-rules-in-crosshairs-as-costs-surge-1.1720739.amp.html,EU Lawmaker Has Carbon Price Rules in Crosshairs as Costs Surge,2022-02-09,http://www.bnnbloomberg.ca/polopoly_fs/1.1720740!/fileimage/httpImage/image.png_gen/derivatives/landscape_620/bc-eu-lawmaker-has-carbon-price-rules-in-crosshairs-as-costs-surge.png,bnnbloomberg.ca,English,Canada,1,4,eu_context;carbon_terms=2,YES,1,"[""YES"", ""YES"", ""YES""]","[""Policy uncertainty and rising costs may trigger regulatory adjustments that affect market sentiment and pricing."", ""Policy uncertainty and rising costs may trigger regulatory adjustments that affect market sentiment and pricing."", ""Policy uncertainty and rising costs may trigger regulatory adjustments that affect market sentiment and pricing.""]",7,1.0,0.7,0.7,"[7, 7, 7]"
4250,https://www.etftrends.com/climate-insights-channel/eu-eying-inclusion-of-shipping-industry-to-carbon-markets/,https://www.etftrends.com/climate-insights-channel/eu-eying-inclusion-of-shipping-industry-to-carbon-markets/amp/,EU Eying Inclusion of Shipping Industry to Carbon Markets,2022-02-11,https://www.etftrends.com/wp-content/uploads/2022/02/EU-Eying-Inclusion-of-Shipping-Industry-to-Carbon-Markets.jpg,etftrends.com,English,China,1,4,eu_context;carbon_terms=2,YES,1,"[""YES"", ""YES"", ""YES""]","[""Shipping sector inclusion could drive demand and price volatility in EU ETS."", ""Shipping sector inclusion could drive demand and price volatility in EU ETS."", ""Shipping sector inclusion could drive demand and price volatility in EU ETS.""]",7,1.0,0.7,0.7,"[7, 7, 7]"
4256,https://mondovisione.com/media-and-resources/news/joint-association-letter-on-the-importance-of-protecting-the-eu-ets-from-damagin/,,Joint Association Letter On The Importance Of Protecting The EU ETS From Damaging Interventions,2022-02-15,,mondovisione.com,English,United States,1,8,eu_ets_strong;eu_context,NO,-1,"[""NO"", ""NO"", ""NO""]","[""The letter signals political concern but lacks concrete policy action or market data to significantly alter short-term ETS pricing."", ""The letter signals political concern but lacks concrete policy action or market data to significantly alter short-term ETS pricing."", ""The letter signals political concern but lacks concrete policy action or market data to significantly alter short-term ETS pricing.""]",5,1.0,-0.5,-0.5,"[5, 5, 5]"
4262,https://www.glassonweb.com/news/glass-europe-participates-debate-fit-55-package,https://www.glassonweb.com/news/glass-europe-participates-debate-fit-55-package?amp,Glass for Europe participates in the debate on the  fit for 55  package,2022-02-17,https://www.glassonweb.com/sites/default/files/news/2022/glass-for-europe-participates-in-the-debate-on-the-fit-for-55-package.jpg,glassonweb.com,English,United States,1,8,eu_ets_strong;eu_context,NO,-1,"[""NO"", ""NO"", ""NO""]","[""Glass industry participation in Fit for 55 may signal modest regulatory pressure but lacks direct price-driving mechanism."", ""Glass industry participation in Fit for 55 may signal modest regulatory pressure but lacks direct price-driving mechanism."", ""Glass industry participation in Fit for 55 may signal modest regulatory pressure but lacks direct price-driving mechanism.""]",3,1.0,-0.3,-0.3,"[3, 3, 3]"
4268,https://www.fxstreet.com/analysis/rising-carbon-prices-increase-viability-of-low-carbon-technologies-202202181209,https://www.fxstreet.com/amp/analysis/rising-carbon-prices-increase-viability-of-low-carbon-technologies-202202181209,Rising carbon prices increase viability of low - carbon technologies,2022-02-20,https://editorial.fxstreet.com/images/TechnicalAnalysis/ChartPatterns/PointFigure/hand-drawing-stock-chart-63151915_Large.jpg,fxstreet.com,English,China,1,2,carbon_terms=2,YES,1,"[""YES"", ""YES"", ""YES""]","[""Higher carbon prices incentivize investment in low-carbon tech, boosting demand and potentially driving up EU ETS prices."", ""Higher carbon prices incentivize investment in low-carbon tech, boosting demand and potentially driving up EU ETS prices."", ""Higher carbon prices incentivize investment in low-carbon tech, boosting demand and potentially driving up EU ETS prices.""]",8,1.0,0.8,0.8,"[8, 8, 8]"
4274,https://vietnamnet.vn/en/sci-tech-environment/vbf-s-environmental-working-group-proposes-carbon-trading-system-817592.html,http://m.vietnamnet.vn/en/sci-tech-environment/vbf-s-environmental-working-group-proposes-carbon-trading-system-817592.html,VBF environmental working group proposes carbon trading system,2022-02-22,https://vnn-imgs-a1.vgcloud.vn/vir.com.vn/stores/news_dataimages/kimoanh/022022/18/23/in_social/environment-working-group-of-vbf-proposes-about-carbon-trading.jpg,vietnamnet.vn,English,Vietnam,1,2,carbon_terms=2,NO,-1,"[""NO"", ""NO"", ""NO""]","[""Proposes a new system but lacks immediate regulatory or market impact."", ""Proposes a new system but lacks immediate regulatory or market impact."", ""Proposes a new system but lacks immediate regulatory or market impact.""]",3,1.0,-0.3,-0.3,"[3, 3, 3]"
4280,https://www.neweurope.eu/article/eu-norway-to-enhance-climate-energy-cooperation/,,"EU - Norway to enhance climate , energy cooperation",2022-02-24,https%3A%2F%2Fwww.neweurope.eu%2Fwp-content%2Fuploads%2F2022%2F02%2Fp08c-3.jpeg,neweurope.eu,English,United Kingdom,1,2,eu_context,NO,-1,"[""NO"", ""NO"", ""NO""]","[""Enhanced cooperation may lead to stricter emissions targets, potentially increasing EU ETS demand but not immediately impacting short-term prices."", ""Enhanced cooperation may lead to stricter emissions targets, potentially increasing EU ETS demand but not immediately impacting short-term prices."", ""Enhanced cooperation may lead to stricter emissions targets, potentially increasing EU ETS demand but not immediately impacting short-term prices.""]",5,1.0,-0.5,-0.5,"[5, 5, 5]"
4286,https://www.hellenicshippingnews.com/geopolitical-clouds-gather-over-europes-climate-change-plans/,https://www.hellenicshippingnews.com/geopolitical-clouds-gather-over-europes-climate-change-plans/amp/,Geopolitical clouds gather over Europe climate change plans | Hellenic Shipping News Worldwide,2022-02-28,,hellenicshippingnews.com,English,China,1,2,eu_context,NO,-1,"[""NO"", ""NO"", ""NO""]","[""Geopolitical tensions could delay or disrupt EU climate policy implementation, affecting ETS compliance and pricing."", ""Geopolitical tensions could delay or disrupt EU climate policy implementation, affecting ETS compliance and pricing."", ""Geopolitical tensions could delay or disrupt EU climate policy implementation, affecting ETS compliance and pricing.""]",6,1.0,-0.6,-0.6,"[6, 6, 6]"
4292,https://sciencebusiness.net/news/european-universities-hit-russian-disinformation-about-student-expulsions,,European universities hit with Russian disinformation about student expulsions,2022-03-03,https://sciencebusiness.net/sites/default/files/styles/article/public/2022-03/bauhaus-univ_1050x450.jpg?itok=vkEY_8Gh,sciencebusiness.net,English,United Kingdom,1,2,eu_context,NO,-1,"[""NO"", ""NO"", ""NO""]","[""Disinformation campaigns are unlikely to materially affect EU ETS pricing, as they are unrelated to carbon emissions or policy."", ""Disinformation campaigns are unlikely to materially affect EU ETS pricing, as they are unrelated to carbon emissions or policy."", ""Disinformation campaigns are unlikely to materially affect EU ETS pricing, as they are unrelated to carbon emissions or policy.""]",1,1.0,-0.1,-0.1,"[1, 1, 1]"
4298,https://markets.businessinsider.com/news/stocks/one-of-the-wildest-weeks-in-modern-history-for-oil-markets-1031256367,,One Of The Wildest Weeks In Modern History For Oil Markets,2022-03-05,https://mcusercontent.com/ed58b19f2b88e4a743b950765/images/c566e1a2-dd82-ad1d-454a-39332097c3fe.jpg,markets.businessinsider.com,English,United States,1,2,carbon_terms=1;energy_driver,NO,-1,"[""NO"", ""NO"", ""NO""]","[""Oil market volatility may indirectly affect carbon pricing via energy sector emissions, but no direct link to EU ETS."", ""Oil market volatility may indirectly affect carbon pricing via energy sector emissions, but no direct link to EU ETS."", ""Oil market volatility may indirectly affect carbon pricing via energy sector emissions, but no direct link to EU ETS.""]",3,1.0,-0.3,-0.3,"[3, 3, 3]"
4304,https://qz.com/2138587/as-ukraine-war-raises-oil-prices-europe-can-learn-from-history/,https://qz.com/2138587/as-ukraine-war-raises-oil-prices-europe-can-learn-from-history/amp/,"As Ukraine war raises oil prices , Europe can learn from history Quartz",2022-03-07,https://cms.qz.com/wp-content/uploads/2022/03/GettyImages-1278679105-e1646657497330.jpg?quality=75&strip=all&crop=1,qz.com,English,United States,2,4,eu_context;carbon_terms=1;energy_driver,NO,-1,"[""NO"", ""NO"", ""NO""]","[""Oil price spikes may pressure EU ETS via higher energy costs, but historical parallels don\u2019t guarantee direct price movement."", ""Oil price spikes may pressure EU ETS via higher energy costs, but historical parallels don\u2019t guarantee direct price movement."", ""Oil price spikes may pressure EU ETS via higher energy costs, but historical parallels don\u2019t guarantee direct price movement.""]",6,1.0,-0.6,-0.6,"[6, 6, 6]"
4310,https://timesofindia.indiatimes.com/india/dcgis-eua-nod-to-covovax-for-12-17-years-age-group/articleshow/90103836.cms,https://m.timesofindia.com/india/dcgis-eua-nod-to-covovax-for-12-17-years-age-group/amp_articleshow/90103836.cms,DCGI EUA nod to Covovax for 12 - 17 years age group | India News,2022-03-09,"https://static.toiimg.com/thumb/msid-90103828,width-1070,height-580,imgsize-9768,resizemode-75,overlay-toi_sw,pt-32,y_pad-40/photo.jpg",timesofindia.indiatimes.com,English,India,1,8,eu_ets_strong;eu_context,NO,-1,"[""NO"", ""NO"", ""NO""]","[""Covovax approval for children is unrelated to EU ETS price dynamics or carbon trading."", ""Covovax approval for children is unrelated to EU ETS price dynamics or carbon trading."", ""Covovax approval for children is unrelated to EU ETS price dynamics or carbon trading.""]",1,1.0,-0.1,-0.1,"[1, 1, 1]"
4316,https://gcaptain.com/lng-exports-to-europe-slowed-climate-concerns/,,U . S . Push to Export LNG to Europe Slowed by Climate Concerns - Sources,2022-03-11,https://gcaptain.com/wp-content/uploads/2018/07/shutterstock_34040737.jpg,gcaptain.com,English,United States,2,3,eu_context;energy_driver,NO,-1,"[""NO"", ""NO"", ""NO""]","[""Climate concerns may dampen EU demand for imported LNG, indirectly affecting ETS price volatility."", ""Climate concerns may dampen EU demand for imported LNG, indirectly affecting ETS price volatility."", ""Climate concerns may dampen EU demand for imported LNG, indirectly affecting ETS price volatility.""]",5,1.0,-0.5,-0.5,"[5, 5, 5]"
4322,https://www.columbian.com/news/2022/mar/13/carbon-dioxide-emissions-skyrocketed-in-2021-by-36-3-billion-metric-tons-highest-increase-in-human-history/,,"Carbon dioxide emissions skyrocketed in 2021 by 36 . 3 billion metric tons , highest increase in human history",2022-03-13,https://pcdn.columbian.com/wp-content/uploads/2022/03/0314_met_WORLD-NEWS-ENV-CO2-EMISSIONS-GET.jpg,columbian.com,English,United States,2,3,carbon_terms=3,NO,-1,"[""NO"", ""NO"", ""NO""]","[""Emissions surge suggests potential policy backlash or market overcorrection, impacting ETS pricing."", ""Emissions surge suggests potential policy backlash or market overcorrection, impacting ETS pricing."", ""Emissions surge suggests potential policy backlash or market overcorrection, impacting ETS pricing.""]",7,1.0,-0.7,-0.7,"[7, 7, 7]"
4328,https://www.dw.com/en/eu-backs-plan-to-impose-carbon-emissions-tariff-on-imports/a-61139117,https://amp.dw.com/en/eu-backs-plan-to-impose-carbon-emissions-tariff-on-imports/a-61139117,EU backs plan to impose carbon emissions tariff on imports | News | DW,2022-03-15,https://static.dw.com/image/61008481_6.jpg,dw.com,English,Germany,2,5,eu_context;carbon_terms=3,YES,1,"[""YES"", ""YES"", ""YES""]","[""Carbon tariff could boost EU ETS prices by increasing import costs and incentivizing cleaner production."", ""Carbon tariff could boost EU ETS prices by increasing import costs and incentivizing cleaner production."", ""Carbon tariff could boost EU ETS prices by increasing import costs and incentivizing cleaner production.""]",7,1.0,0.7,0.7,"[7, 7, 7]"
4334,https://worldoil.com/news/2022/3/16/api-applauds-doe-approval-of-two-new-lng-export-permits/,,API applauds DOE approval of two new LNG export permits,2022-03-17,https://www.worldoil.com/media/nrbd2np3/lng-stock2_tanker1200-1.jpg,worldoil.com,English,United States,2,3,carbon_terms=2;energy_driver,NO,-1,"[""NO"", ""NO"", ""NO""]","[""LNG export permits may slightly affect EU ETS prices via supply-side dynamics, but API\u2019s praise doesn\u2019t signal immediate market shifts."", ""LNG export permits may slightly affect EU ETS prices via supply-side dynamics, but API\u2019s praise doesn\u2019t signal immediate market shifts."", ""LNG export permits may slightly affect EU ETS prices via supply-side dynamics, but API\u2019s praise doesn\u2019t signal immediate market shifts.""]",3,1.0,-0.3,-0.3,"[3, 3, 3]"
4340,https://www.tcd.ie/ukraine/katjabruisch_benjaminbeuerle/index.php,,Katja Bruisch on war and Europe carbon democracies - Trinity response to the invasion of Ukraine,2022-03-19,,tcd.ie,English,Ireland,2,3,eu_context;carbon_terms=1,NO,-1,"[""NO"", ""NO"", ""NO""]","[""Short-term EU ETS price likely unaffected by political commentary without concrete policy shifts or emissions targets."", ""Short-term EU ETS price likely unaffected by political commentary without concrete policy shifts or emissions targets."", ""Short-term EU ETS price likely unaffected by political commentary without concrete policy shifts or emissions targets.""]",3,1.0,-0.3,-0.3,"[3, 3, 3]"
4346,https://www.itnews.com.au/digitalnation/news/europe-accelerates-renewables-adoption-as-it-scales-back-reliance-on-russian-gas-577646,,Europe accelerates renewables adoption as it scales back reliance on Russian gas,2022-03-21,https://i.nextmedia.com.au/News/iStock-184106918.jpg,itnews.com.au,English,Australia,2,3,eu_context;energy_driver,YES,1,"[""YES"", ""YES"", ""YES""]","[""Renewables expansion reduces emissions, potentially lowering EU ETS price pressure."", ""Renewables expansion reduces emissions, potentially lowering EU ETS price pressure."", ""Renewables expansion reduces emissions, potentially lowering EU ETS price pressure.""]",7,1.0,0.7,0.7,"[7, 7, 7]"
4352,https://www.pubaffairsbruxelles.eu/commission-outlines-options-to-mitigate-high-energy-prices-with-common-gas-purchases-and-minimum-gas-storage-obligations-eu-commission-press/,,Commission outlines options to mitigate high energy prices with common gas purchases and minimum gas storage obligations | EU Commission Press,2022-03-23,,pubaffairsbruxelles.eu,English,,1,4,eu_context;carbon_terms=1;energy_driver,NO,-1,"[""NO"", ""NO"", ""NO""]","[""Potential price support via gas purchases may offset price volatility but doesn\u2019t guarantee long-term ETS price stability."", ""Potential price support via gas purchases may offset price volatility but doesn\u2019t guarantee long-term ETS price stability."", ""Potential price support via gas purchases may offset price volatility but doesn\u2019t guarantee long-term ETS price stability.""]",6,1.0,-0.6,-0.6,"[6, 6, 6]"
4358,https://governorswindenergycoalition.org/will-war-make-europes-switch-to-clean-energy-even-harder/,,Will War Make Europe Switch to Clean Energy Even Harder ? - Governor Wind Energy Coalition,2022-03-25,,governorswindenergycoalition.org,English,United States,1,3,eu_context;energy_driver,NO,-1,"[""NO"", ""NO"", ""NO""]","[""War-related supply chain disruptions may delay clean energy deployment but won\u2019t necessarily make it harder for Europe to transition."", ""War-related supply chain disruptions may delay clean energy deployment but won\u2019t necessarily make it harder for Europe to transition."", ""War-related supply chain disruptions may delay clean energy deployment but won\u2019t necessarily make it harder for Europe to transition.""]",5,1.0,-0.5,-0.5,"[5, 5, 5]"
4364,https://menafn.com/1103919903/Not-possible-to-replace-Russian-gas-supplies-to-Europe-overnight-Al-Kaabi&source=24,,Not possible to replace Russian gas supplies to Europe overn ... ,2022-03-27,https://menafn.com/updates/pr/2022-03/27/TP_913c2image_story.jpg,menafn.com,English,Qatar,2,3,eu_context;energy_driver,NO,-1,"[""NO"", ""NO"", ""NO""]","[""Lack of viable alternatives to Russian gas creates supply uncertainty, potentially pressuring EU ETS prices in the short term."", ""Lack of viable alternatives to Russian gas creates supply uncertainty, potentially pressuring EU ETS prices in the short term."", ""Lack of viable alternatives to Russian gas creates supply uncertainty, potentially pressuring EU ETS prices in the short term.""]",5,1.0,-0.5,-0.5,"[5, 5, 5]"
4370,https://sifted.eu/articles/fermi-nuclear-estonia-crisis/,,Fermi Energia wants nuclear to end Europe need for Russian gas,2022-03-29,"https://images.sifted.eu/wp-content/uploads/2022/03/04074712/BWRX-300-SMR-scaled.jpeg?&q=75&fit=crop&auto=compress,format",sifted.eu,English,,2,3,eu_context;energy_driver,NO,-1,"[""NO"", ""NO"", ""NO""]","[""Nuclear expansion could reduce gas demand but doesn\u2019t directly impact EU ETS price mechanics."", ""Nuclear expansion could reduce gas demand but doesn\u2019t directly impact EU ETS price mechanics."", ""Nuclear expansion could reduce gas demand but doesn\u2019t directly impact EU ETS price mechanics.""]",5,1.0,-0.5,-0.5,"[5, 5, 5]"
4376,https://www.hedgeweek.com/2022/03/31/313363/eex-becomes-foundation-member-h2global,,EEX becomes foundation member of H2Global,2022-03-31,,hedgeweek.com,English,United Kingdom,1,6,eu_ets_strong,NO,-1,"[""NO"", ""NO"", ""NO""]","[""EEX\u2019s membership in H2Global may signal increased hydrogen trading activity, but does not directly impact EU ETS price dynamics."", ""EEX\u2019s membership in H2Global may signal increased hydrogen trading activity, but does not directly impact EU ETS price dynamics."", ""EEX\u2019s membership in H2Global may signal increased hydrogen trading activity, but does not directly impact EU ETS price dynamics.""]",5,1.0,-0.5,-0.5,"[5, 5, 5]"
4382,https://www.moneyweb.co.za/news/international/power-sector-emissions-jumped-to-record-as-world-turned-to-coal/,,Power sector emissions jumped to record as world turned to coal,2022-04-02,https://www.moneyweb.co.za/wp-content/uploads/2022/03/385809939-1024x683.jpg,moneyweb.co.za,English,South Africa,2,3,carbon_terms=2;energy_driver,NO,-1,"[""NO"", ""NO"", ""NO""]","[""Coal resurgence in power sector directly pressures EU ETS compliance costs and signals regulatory tightening."", ""Coal resurgence in power sector directly pressures EU ETS compliance costs and signals regulatory tightening."", ""Coal resurgence in power sector directly pressures EU ETS compliance costs and signals regulatory tightening.""]",8,1.0,-0.8,-0.8,"[8, 8, 8]"
4388,https://www.europa-nu.nl/id/vlrul8a3u0ya/nieuws/questions_and_answers_on_revised_eu,,Questions and Answers on Revised EU rules on Industrial Emissions,2022-04-05,https://www.europa-nu.nl/9353265/g/twcard.jpg,europa-nu.nl,English,Netherlands,1,4,eu_context;carbon_terms=2,NO,-1,"[""NO"", ""NO"", ""NO""]","[""Revised EU rules on Industrial Emissions may indirectly affect emissions trading by altering compliance costs, but short-term price direction is not directly signaled."", ""Revised EU rules on Industrial Emissions may indirectly affect emissions trading by altering compliance costs, but short-term price direction is not directly signaled."", ""Revised EU rules on Industrial Emissions may indirectly affect emissions trading by altering compliance costs, but short-term price direction is not directly signaled.""]",3,1.0,-0.3,-0.3,"[3, 3, 3]"
4394,https://mondovisione.com/media-and-resources/news/eex-group-monthly-volumes-march-2022/,,EEX Group Monthly Volumes - March 2022,2022-04-07,,mondovisione.com,English,United States,1,6,eu_ets_strong,NO,-1,"[""NO"", ""NO"", ""NO""]","[""Low volume data alone doesn't signal short-term price direction in EU ETS."", ""Low volume data alone doesn't signal short-term price direction in EU ETS."", ""Low volume data alone doesn't signal short-term price direction in EU ETS.""]",2,1.0,-0.2,-0.2,"[2, 2, 2]"
4400,https://euobserver.com/green-economy/154602,,EU to assess Spain and Portugal price - cap plan  without delay  ,2022-04-09,https://media.euobserver.com/31827ec59dbb1e618f3f2f9a6c309a0d-800x.jpg,euobserver.com,English,United Kingdom,2,3,eu_context;carbon_terms=1,YES,1,"[""YES"", ""YES"", ""YES""]","[""Spain and Portugal\u2019s price-cap plan could trigger market recalibration and affect EU ETS volatility."", ""Spain and Portugal\u2019s price-cap plan could trigger market recalibration and affect EU ETS volatility."", ""Spain and Portugal\u2019s price-cap plan could trigger market recalibration and affect EU ETS volatility.""]",7,1.0,0.7,0.7,"[7, 7, 7]"
4406,https://worldoil.com/news/2022/4/11/shale-producers-court-european-buyers-in-bid-for-key-lng-market/,,Shale producers court European buyers in bid for key LNG market,2022-04-11,https://www.worldoil.com/media/nrbd2np3/lng-stock2_tanker1200-1.jpg,worldoil.com,English,United States,2,4,eu_context;carbon_terms=1;energy_driver,NO,-1,"[""NO"", ""NO"", ""NO""]","[""Shale producers seeking European buyers may increase LNG supply, potentially pressuring EU ETS prices if demand shifts from coal to gas."", ""Shale producers seeking European buyers may increase LNG supply, potentially pressuring EU ETS prices if demand shifts from coal to gas."", ""Shale producers seeking European buyers may increase LNG supply, potentially pressuring EU ETS prices if demand shifts from coal to gas.""]",6,1.0,-0.6,-0.6,"[6, 6, 6]"
4412,https://energycentral.com/c/ec/eu-energy-outlook-2050-how-will-european-electricity-market-develop-over-next-30,,EU Energy Outlook 2050 : How will the European electricity market develop over the next 30 years ? ,2022-04-13,,energycentral.com,English,United States,1,4,eu_context;carbon_terms=1;energy_driver,NO,-1,"[""NO"", ""NO"", ""NO""]","[""Long-term structural shifts in EU ETS pricing are influenced by decarbonization trajectories, but this headline doesn\u2019t specify immediate policy or market signals."", ""Long-term structural shifts in EU ETS pricing are influenced by decarbonization trajectories, but this headline doesn\u2019t specify immediate policy or market signals."", ""Long-term structural shifts in EU ETS pricing are influenced by decarbonization trajectories, but this headline doesn\u2019t specify immediate policy or market signals.""]",3,1.0,-0.3,-0.3,"[3, 3, 3]"
4418,https://www.wired.com/story/green-transition-russia-ukraine/,https://www.wired.com/story/green-transition-russia-ukraine/amp,Coal Threatens a Comeback as the EU Pulls Away From Russian Oil,2022-04-15,"https://media.wired.com/photos/6232a5df52a9731157d77d96/191:100/w_1280,c_limit/West-Burton-Coal-Power-Plant-EDF-Business2G500R1.jpg",wired.com,English,United States,2,3,eu_context;energy_driver,NO,-1,"[""NO"", ""NO"", ""NO""]","[""Coal resurgence risks undermining EU ETS price stability by increasing emissions-intensive energy demand."", ""Coal resurgence risks undermining EU ETS price stability by increasing emissions-intensive energy demand."", ""Coal resurgence risks undermining EU ETS price stability by increasing emissions-intensive energy demand.""]",6,1.0,-0.6,-0.6,"[6, 6, 6]"
4424,https://localnews8.com/news/2022/04/17/electric-car-buyers-face-shortages-long-wait-times-amid-high-gas-prices/,,"Electric car buyers face shortages , long wait times amid high gas prices",2022-04-17,,localnews8.com,English,United States,2,2,carbon_terms=1;energy_driver,NO,-1,"[""NO"", ""NO"", ""NO""]","[""Electric vehicle demand surge may indirectly pressure fossil fuel prices, but EU ETS is less directly affected by consumer EV choices."", ""Electric vehicle demand surge may indirectly pressure fossil fuel prices, but EU ETS is less directly affected by consumer EV choices."", ""Electric vehicle demand surge may indirectly pressure fossil fuel prices, but EU ETS is less directly affected by consumer EV choices.""]",3,1.0,-0.3,-0.3,"[3, 3, 3]"
4430,https://www.whitecase.com/publications/alert/eus-fifth-wave-russia-sanctions-target-russian-coal-imports-russia-related,,"EU Fifth Wave of Russia sanctions target Russian coal imports , Russia - related trusts and exclude Russian persons from EU road transport , public contracts and EU funding",2022-04-19,https://www.whitecase.com/sites/default/files/images/hero/2020/03/alert-hero-03-2020-g.jpg,whitecase.com,English,France,2,3,eu_context;energy_driver,YES,1,"[""YES"", ""YES"", ""YES""]","[""Sanctions restricting Russian coal imports and EU funding could reduce demand for Russian-emitted carbon, potentially lifting EU ETS prices."", ""Sanctions restricting Russian coal imports and EU funding could reduce demand for Russian-emitted carbon, potentially lifting EU ETS prices."", ""Sanctions restricting Russian coal imports and EU funding could reduce demand for Russian-emitted carbon, potentially lifting EU ETS prices.""]",7,1.0,0.7,0.7,"[7, 7, 7]"
4436,https://www.msn.com/en-us/news/world/eu-countries-edge-towards-deal-to-share-out-emissions-cutting-efforts/ar-AAWrq4c,,EU countries edge towards deal to share out emissions - cutting efforts,2022-04-21,https://img-s-msn-com.akamaized.net/tenant/amp/entityid/AAWruKc.img?&m=6&q=60&o=t&l=f&f=jpg,msn.com,English,United States,2,4,eu_context;carbon_terms=2,YES,1,"[""YES"", ""YES"", ""YES""]","[""Reduced emissions targets may lower compliance costs and signal weaker price pressure in the EU ETS."", ""Reduced emissions targets may lower compliance costs and signal weaker price pressure in the EU ETS."", ""Reduced emissions targets may lower compliance costs and signal weaker price pressure in the EU ETS.""]",7,1.0,0.7,0.7,"[7, 7, 7]"
4442,https://www.theepochtimes.com/britains-steelmakers-scorched-by-white-hot-power-prices_4420455.html,https://m.theepochtimes.com/britains-steelmakers-scorched-by-white-hot-power-prices_4420455.html,Britain Steelmakers Scorched by White - Hot Power Prices,2022-04-23,https://img.theepochtimes.com/assets/uploads/2022/04/1.tagreuters.com2022binary_LYNXNPEI3L041-FILEDIMAGE-1200x750.jpg,theepochtimes.com,English,United States,1,2,carbon_terms=1;energy_driver,NO,-1,"[""NO"", ""NO"", ""NO""]","[""High power costs strain UK steelmakers, potentially reducing output and increasing emissions intensity, which may pressure EU ETS prices via supply-side effects."", ""High power costs strain UK steelmakers, potentially reducing output and increasing emissions intensity, which may pressure EU ETS prices via supply-side effects."", ""High power costs strain UK steelmakers, potentially reducing output and increasing emissions intensity, which may pressure EU ETS prices via supply-side effects.""]",6,1.0,-0.6,-0.6,"[6, 6, 6]"
4448,https://www.politico.eu/article/ukraine-war-pressure-europe-balkans-new-gas-south/,https://www.politico.eu/article/ukraine-war-pressure-europe-balkans-new-gas-south/amp/,Ukraine war piles pressure on Southeastern Europe to find new gas,2022-04-25,"https://www.politico.eu/cdn-cgi/image/width=1200,height=630,fit=crop,quality=80,onerror=redirect/wp-content/uploads/2022/04/20/GettyImages-1239354718-scaled.jpg",politico.eu,English,United States,2,3,eu_context;energy_driver,NO,-1,"[""NO"", ""NO"", ""NO""]","[""Ukraine\u2019s war disrupts gas flows, potentially increasing EU ETS demand as countries seek alternatives."", ""Ukraine\u2019s war disrupts gas flows, potentially increasing EU ETS demand as countries seek alternatives."", ""Ukraine\u2019s war disrupts gas flows, potentially increasing EU ETS demand as countries seek alternatives.""]",6,1.0,-0.6,-0.6,"[6, 6, 6]"
4454,https://etfdb.com/climate-insights-channel/think-ahead-when-investing-in-carbon-allowances/,,Think Ahead When Investing in Carbon Allowances,2022-04-27,https://etfdb.com/media/W1siZiIsIjIwMjIvMDQvMjEvNmRkNGF6b2U4X1doZW5fSW52ZXN0aW5nX2luX0NhcmJvbl9BbGxvd2FuY2VzX1RoaW5rX0FoZWFkLnBuZyJdLFsicCIsInRodW1iIiwiNjAweDMxNV4iXV0/When-Investing-in-Carbon-Allowances-Think-Ahead.png,etfdb.com,English,China,1,3,carbon_terms=3,NO,-1,"[""NO"", ""NO"", ""NO""]","[""The headline is generic and lacks specific market indicators to influence short-term EU ETS price movement."", ""The headline is generic and lacks specific market indicators to influence short-term EU ETS price movement."", ""The headline is generic and lacks specific market indicators to influence short-term EU ETS price movement.""]",3,1.0,-0.3,-0.3,"[3, 3, 3]"
4460,https://afloat.ie/port-news/port-and-shipping-news/item/54370-europe-s-ports-welcome-ep-tran-efforts-to-solve-the-risk-of-carbon-and-business-leakage,,Ports in Europe Welcome EP - TRAN Efforts to Solve Risk of Carbon and Business Leakage,2022-04-29,https://afloat.ie/media/k2/items/cache/8f582cb0f79754ccc9b38746a51b06e2_L.jpg,afloat.ie,English,Ireland,1,3,eu_context;carbon_terms=1,YES,1,"[""YES"", ""YES"", ""YES""]","[""EP-TRAN efforts may boost compliance and reduce leakage, supporting price stability."", ""EP-TRAN efforts may boost compliance and reduce leakage, supporting price stability."", ""EP-TRAN efforts may boost compliance and reduce leakage, supporting price stability.""]",7,1.0,0.7,0.7,"[7, 7, 7]"
4466,https://www.zerohedge.com/markets/diesel-market-soaring-and-gasoline-prices-will-catch-summer,,"The Diesel Market Is Soaring , And Gasoline Prices Will Catch Up This Summer",2022-05-01,https://assets.zerohedge.com/s3fs-public/styles/16_9_max_700/public/2022-04/record%20gas%20prices.jpg?ce28&itok=4csRzokX,zerohedge.com,English,United States,2,3,carbon_terms=2;energy_driver,NO,-1,"[""NO"", ""NO"", ""NO""]","[""Diesel demand surge may temporarily boost ETS prices, but gasoline\u2019s lagging impact suggests limited overall market influence."", ""Diesel demand surge may temporarily boost ETS prices, but gasoline\u2019s lagging impact suggests limited overall market influence."", ""Diesel demand surge may temporarily boost ETS prices, but gasoline\u2019s lagging impact suggests limited overall market influence.""]",3,1.0,-0.3,-0.3,"[3, 3, 3]"
4472,https://gettysburgconnection.org/how-us-trees-are-powering-europes-renewable-energy-goals/,,How US trees are powering Europe renewable energy goals,2022-05-03,https://cdn.gettysburgconnection.org/wp-content/uploads/2022/05/EuropeanUnionEnergySupply.jpg,gettysburgconnection.org,English,,2,3,eu_context;energy_driver,NO,-1,"[""NO"", ""NO"", ""NO""]","[""US tree biomass may indirectly support EU renewables but has minimal direct impact on EU ETS pricing."", ""US tree biomass may indirectly support EU renewables but has minimal direct impact on EU ETS pricing."", ""US tree biomass may indirectly support EU renewables but has minimal direct impact on EU ETS pricing.""]",3,1.0,-0.3,-0.3,"[3, 3, 3]"
4478,https://www.washingtonexaminer.com/opinion/op-eds/fewer-gas-pipelines-will-mean-higher-carbon-emissions-and-more-russian-threats,https://www.washingtonexaminer.com/opinion/op-eds/fewer-gas-pipelines-will-mean-higher-carbon-emissions-and-more-russian-threats?_amp=true,Fewer gas pipelines will mean higher carbon emissions and more Russian threats,2022-05-05,http://mediadc-brightspot.s3.amazonaws.com/54/92/d903edcf412e92b1eb1763fc1643/310916637-1-20.jpg,washingtonexaminer.com,English,United States,2,4,carbon_terms=3;energy_driver,NO,-1,"[""NO"", ""NO"", ""NO""]","[""Reduced pipeline capacity may constrain EU gas supply, increasing reliance on Russian gas and potentially raising emissions due to less efficient alternatives."", ""Reduced pipeline capacity may constrain EU gas supply, increasing reliance on Russian gas and potentially raising emissions due to less efficient alternatives."", ""Reduced pipeline capacity may constrain EU gas supply, increasing reliance on Russian gas and potentially raising emissions due to less efficient alternatives.""]",6,1.0,-0.6,-0.6,"[6, 6, 6]"
4484,https://www.forbes.com/sites/alexknapp/2022/05/07/mckinsey-on-moving-to-net-zero-under-30-europe-and-a-better-battery-factory/,,"McKinsey On Moving To Net Zero , Under 30 Europe And A Better Battery Factory",2022-05-07,"https://imageio.forbes.com/specials-images/imageserve/62758d479c72fc1cad77f5c6/0x0.jpg?format=jpg&crop=1332,999,x0,y68,safe",forbes.com,English,United States,2,2,eu_context,NO,-1,"[""NO"", ""NO"", ""NO""]","[""McKinsey\u2019s commentary on net zero and battery factories may signal policy shifts but lacks immediate market data to confirm short-term ETS price direction."", ""McKinsey\u2019s commentary on net zero and battery factories may signal policy shifts but lacks immediate market data to confirm short-term ETS price direction."", ""McKinsey\u2019s commentary on net zero and battery factories may signal policy shifts but lacks immediate market data to confirm short-term ETS price direction.""]",5,1.0,-0.5,-0.5,"[5, 5, 5]"
4490,https://www.economist.com/the-economist-explains/2022/05/09/why-the-war-in-ukraine-is-driving-up-europes-use-of-coal-and-its-price,,Why the war in Ukraine is driving up Europe use of coal and its price,2022-05-09,https://www.economist.com/img/b/1280/720/90/media-assets/image/20220514_EUP501.jpg,economist.com,English,United States,1,4,eu_context;carbon_terms=1;energy_driver,NO,-1,"[""NO"", ""NO"", ""NO""]","[""Ukraine war-induced coal reliance is increasing EU ETS emissions, potentially pressuring prices upward."", ""Ukraine war-induced coal reliance is increasing EU ETS emissions, potentially pressuring prices upward."", ""Ukraine war-induced coal reliance is increasing EU ETS emissions, potentially pressuring prices upward.""]",7,1.0,-0.7,-0.7,"[7, 7, 7]"
4496,https://katcountry989.com/2022/05/11/eu-lawmakers-clinch-compromises-on-carbon-market-overhaul/,,EU lawmakers clinch compromises on carbon market overhaul,2022-05-11,https://storage.googleapis.com/media.mwcradio.com/mimesis/2022-05/11/2022-05-11T110625Z_2_LYNXNPEI4A0I8_RTROPTP_3_BRITAIN-EU-CARBONTRADING.JPG,katcountry989.com,English,United States,1,4,eu_context;carbon_terms=2,YES,1,"[""YES"", ""YES"", ""YES""]","[""Compromises may unlock new flexibility or emissions caps, potentially altering market dynamics."", ""Compromises may unlock new flexibility or emissions caps, potentially altering market dynamics."", ""Compromises may unlock new flexibility or emissions caps, potentially altering market dynamics.""]",7,1.0,0.7,0.7,"[7, 7, 7]"
4502,https://www.energy-storage.news/energy-storage-absent-from-leaked-draft-of-european-union-power-plan/,,Energy storage missing from leaked RePower EU plan,2022-05-13,https://www.energy-storage.news/wp-content/uploads/2021/08/Europe_at_night_from_space_NASA_image.jpg,energy-storage.news,English,United States,2,3,eu_context;energy_driver,NO,-1,"[""NO"", ""NO"", ""NO""]","[""Energy storage exclusion may signal policy ambiguity, potentially dampening investor confidence but not immediately altering price dynamics."", ""Energy storage exclusion may signal policy ambiguity, potentially dampening investor confidence but not immediately altering price dynamics."", ""Energy storage exclusion may signal policy ambiguity, potentially dampening investor confidence but not immediately altering price dynamics.""]",5,1.0,-0.5,-0.5,"[5, 5, 5]"
4508,http://www.padovanews.it/2022/05/15/catls-all-scenario-energy-storage-solutions-shine-at-ees-europe-2022/,,CATL all - scenario energy storage solutions shine at ees Europe 2022 – Padovanews,2022-05-15,,padovanews.it,English,Italy,2,2,eu_context,NO,-1,"[""NO"", ""NO"", ""NO""]","[""EU EES 2022 focus on energy storage may signal industry interest but lacks direct price-driving data."", ""EU EES 2022 focus on energy storage may signal industry interest but lacks direct price-driving data."", ""EU EES 2022 focus on energy storage may signal industry interest but lacks direct price-driving data.""]",3,1.0,-0.3,-0.3,"[3, 3, 3]"
4514,https://www.socialistsanddemocrats.eu/newsroom/sds-we-won-first-battle-cbam-and-ets-ensure-eu-meets-fit-55-climate-goals,,S : we won the first battle on CBAM and ETS to ensure the EU meets Fit for 55 climate goals,2022-05-17,https://www.socialistsanddemocrats.eu/sites/default/files/styles/meta_tags/public/2022-05/Carbon%20Border%20Adjustment%20Mechanism%20co2.jpg?itok=Cdgj6mvI,socialistsanddemocrats.eu,English,Austria,1,8,eu_ets_strong;eu_context,YES,1,"[""YES"", ""YES"", ""YES""]","[""CBAM victory signals EU\u2019s commitment to carbon pricing, likely boosting ETS demand and price."", ""CBAM victory signals EU\u2019s commitment to carbon pricing, likely boosting ETS demand and price."", ""CBAM victory signals EU\u2019s commitment to carbon pricing, likely boosting ETS demand and price.""]",8,1.0,0.8,0.8,"[8, 8, 8]"
4520,https://www.routesonline.com/news/29/breaking-news/298072/fit-for-55-risks-damaging-european-connectivityiata/,,Fit For 55 Risks Damaging European Connectivity IATA,2022-05-19,,routesonline.com,English,United Kingdom,1,8,eu_ets_strong;eu_context,NO,-1,"[""NO"", ""NO"", ""NO""]","[""Risk of regulatory delays could dampen investor confidence and affect ETS pricing via sectoral uncertainty."", ""Risk of regulatory delays could dampen investor confidence and affect ETS pricing via sectoral uncertainty."", ""Risk of regulatory delays could dampen investor confidence and affect ETS pricing via sectoral uncertainty.""]",6,1.0,-0.6,-0.6,"[6, 6, 6]"
4526,https://www.prnewswire.com:443/news-releases/carbon-accounting-software-market-size-to-grow-by-usd-9-61-billion-37-of-market-growth-to-originate-from-north-america--technavio-301551158.html,,Carbon Accounting Software Market Size to Grow by USD 9 . 61 billion| 37 % of Market Growth to Originate from North America,2022-05-21,,prnewswire.com,English,United States,2,2,carbon_terms=2,NO,-1,"[""NO"", ""NO"", ""NO""]","[""Carbon accounting software growth is indirect and not a direct driver of EU ETS price volatility."", ""Carbon accounting software growth is indirect and not a direct driver of EU ETS price volatility."", ""Carbon accounting software growth is indirect and not a direct driver of EU ETS price volatility.""]",3,1.0,-0.3,-0.3,"[3, 3, 3]"
4532,https://www.msn.com/en-gb/money/other/greece-gets-eu-s-initial-nod-to-cap-power-prices-minister/ar-AAXDhuv,,Greece gets EU initial nod to cap power prices,2022-05-23,https://img-s-msn-com.akamaized.net/tenant/amp/entityid/AAXDhuq.img?&m=6&q=60&o=t&l=f&f=jpg,msn.com,English,United States,2,4,eu_context;carbon_terms=1;energy_driver,NO,-1,"[""NO"", ""NO"", ""NO""]","[""Greece\u2019s price cap may dampen demand for carbon allowances but doesn\u2019t directly alter EU ETS fundamentals."", ""Greece\u2019s price cap may dampen demand for carbon allowances but doesn\u2019t directly alter EU ETS fundamentals."", ""Greece\u2019s price cap may dampen demand for carbon allowances but doesn\u2019t directly alter EU ETS fundamentals.""]",5,1.0,-0.5,-0.5,"[5, 5, 5]"
4538,https://www.lexology.com/library/detail.aspx?g=cadf4e60-1ae0-4365-a971-a4cd3d2624f3,,First - step analysis : the oil market and regulation in United Kingdom,2022-05-25,,lexology.com,English,United States,1,2,carbon_terms=1;energy_driver,NO,-1,"[""NO"", ""NO"", ""NO""]","[""Oil market dynamics and UK regulation have limited direct impact on EU ETS pricing in the short term."", ""Oil market dynamics and UK regulation have limited direct impact on EU ETS pricing in the short term."", ""Oil market dynamics and UK regulation have limited direct impact on EU ETS pricing in the short term.""]",3,1.0,-0.3,-0.3,"[3, 3, 3]"
4544,https://www.politico.eu/sponsored-content/eu-proposals-on-emissions-trading-and-carbon-border-adjustment-derail-the-green-transition/,https://www.politico.eu/sponsored-content/eu-proposals-on-emissions-trading-and-carbon-border-adjustment-derail-the-green-transition/amp/,EU proposals on Emissions Trading and Carbon Border Adjustment derail the green transition,2022-05-30,"https://www.politico.eu/cdn-cgi/image/width=1200,height=630,fit=crop,quality=80,onerror=redirect/wp-content/uploads/2022/05/24/north-landscape-park-g7ff132aed_1920.jpg",politico.eu,English,United States,1,12,eu_ets_strong;eu_context;carbon_terms=4,NO,-1,"[""NO"", ""NO"", ""NO""]","[""Proposals could disrupt market stability and delay decarbonization, affecting price trajectories."", ""Proposals could disrupt market stability and delay decarbonization, affecting price trajectories."", ""Proposals could disrupt market stability and delay decarbonization, affecting price trajectories.""]",7,1.0,-0.7,-0.7,"[7, 7, 7]"
4550,https://aviationweek.com/special-topics/sustainability/europes-airlines-consider-cost-emissions-reductions,,Europe Airlines Consider The Cost Of Emissions Reductions,2022-06-01,https://aviationweek.com/sites/default/files/2022-05/fit55_airfrance_promo.jpg,aviationweek.com,English,United States,1,4,eu_context;carbon_terms=2,NO,-1,"[""NO"", ""NO"", ""NO""]","[""Airline emissions reduction costs may influence EU ETS pricing indirectly through operational adjustments or investment shifts."", ""Airline emissions reduction costs may influence EU ETS pricing indirectly through operational adjustments or investment shifts."", ""Airline emissions reduction costs may influence EU ETS pricing indirectly through operational adjustments or investment shifts.""]",5,1.0,-0.5,-0.5,"[5, 5, 5]"
4556,https://www.europa-nu.nl/id/vlmic0kes7zt/agenda/plenaire_vergadering_europees_parlement,,"Plenaire vergadering Europees Parlement , Straatsburg",2022-06-03,https://www.europa-nu.nl/9353265/g/twcard.jpg,europa-nu.nl,English,Netherlands,1,2,eu_context,NO,-1,"[""NO"", ""NO"", ""NO""]","[""No direct financial or carbon market impact from the European Parliament plenary session in Strasbourg."", ""No direct financial or carbon market impact from the European Parliament plenary session in Strasbourg."", ""No direct financial or carbon market impact from the European Parliament plenary session in Strasbourg.""]",1,1.0,-0.1,-0.1,"[1, 1, 1]"
4562,https://www.goodnewsnetwork.org/eu-smashes-2020-climate-target-records-34-drop-in-emissions/,,"EU Smashes 2020 Climate Target , Records 34 % Drop in Emissions to Lowest Level Since 1990",2022-06-05,https://www.goodnewsnetwork.org/wp-content/uploads/2022/06/Frans-Timmermans-and-John-Kerry-By-Jadranko-Marjanovic-Copyright-European-Union-released-for-EU-info-purposes-only.jpg,goodnewsnetwork.org,English,United States,2,4,eu_context;carbon_terms=2,YES,1,"[""YES"", ""YES"", ""YES""]","[""Strong emissions decline signals potential for tighter future caps, boosting price expectations."", ""Strong emissions decline signals potential for tighter future caps, boosting price expectations."", ""Strong emissions decline signals potential for tighter future caps, boosting price expectations.""]",8,1.0,0.8,0.8,"[8, 8, 8]"
4568,https://euobserver.com/green-economy/155146,,MEPs debate crucial  Fit for 55  laws ahead of vote,2022-06-07,https://media.euobserver.com/9010e7fdc012f86e51984d76c56e9c17-800x.jpg,euobserver.com,English,United Kingdom,1,6,eu_ets_strong,YES,1,"[""YES"", ""YES"", ""YES""]","[""Legislative momentum could drive emissions targets, impacting ETS compliance costs and price pressure."", ""Legislative momentum could drive emissions targets, impacting ETS compliance costs and price pressure."", ""Legislative momentum could drive emissions targets, impacting ETS compliance costs and price pressure.""]",7,1.0,0.7,0.7,"[7, 7, 7]"
4574,https://left.eu/it-is-five-past-twelve-vote-on-the-fit-for-55-package-exposes-massive-attacks-on-climate-protection/,,It is five past twelve : vote on the Fit for 55 package exposes massive attacks on climate protection,2022-06-09,https://left.eu/content/uploads/2022/06/photo5841503793324341743-600x338.jpg,left.eu,English,,1,6,eu_ets_strong,NO,-1,"[""NO"", ""NO"", ""NO""]","[""The Fit for 55 vote could trigger regulatory shifts that affect ETS compliance costs and carbon pricing."", ""The Fit for 55 vote could trigger regulatory shifts that affect ETS compliance costs and carbon pricing."", ""The Fit for 55 vote could trigger regulatory shifts that affect ETS compliance costs and carbon pricing.""]",7,1.0,-0.7,-0.7,"[7, 7, 7]"
4580,https://advancedbiofuelsusa.info/carbon-markets-and-regulations-conference-june-30-july-1-2022-lisbon-portugal/,,"Carbon Markets and Regulations Conference June 30 – July 1 , 2022 Lisbon , Portugal – Advanced BioFuels united states ",2022-06-11,,advancedbiofuelsusa.info,English,United States,1,2,carbon_terms=2,NO,-1,"[""NO"", ""NO"", ""NO""]","[""Conference likely to influence policy debates but not immediate market price movement."", ""Conference likely to influence policy debates but not immediate market price movement."", ""Conference likely to influence policy debates but not immediate market price movement.""]",3,1.0,-0.3,-0.3,"[3, 3, 3]"
4586,https://india.mongabay.com/2022/06/exploring-biochar-as-a-nature-based-solution-to-reduce-greenhouse-gas-emissions/,,Exploring biochar as a nature - based solution to reduce greenhouse gas emissions,2022-06-13,https://imgs.mongabay.com/wp-content/uploads/sites/30/2022/06/10160248/1599px-Pine_needle_briquettes-768x512.jpeg,india.mongabay.com,English,Indonesia,2,3,carbon_terms=2;energy_driver,NO,-1,"[""NO"", ""NO"", ""NO""]","[""Biochar\u2019s potential to sequester carbon may influence long-term ETS policy, but short-term price impact is uncertain without regulatory adoption."", ""Biochar\u2019s potential to sequester carbon may influence long-term ETS policy, but short-term price impact is uncertain without regulatory adoption."", ""Biochar\u2019s potential to sequester carbon may influence long-term ETS policy, but short-term price impact is uncertain without regulatory adoption.""]",3,1.0,-0.3,-0.3,"[3, 3, 3]"
4592,https://www.bnnbloomberg.ca/eu-lawmakers-clinch-deal-on-carbon-market-reform-before-key-vote-1.1779021,https://www.bnnbloomberg.ca/eu-lawmakers-clinch-deal-on-carbon-market-reform-before-key-vote-1.1779021.amp.html,EU Lawmakers Clinch Deal on Carbon Market Reform Before Key Vote,2022-06-15,http://www.bnnbloomberg.ca/polopoly_fs/1.1779022!/fileimage/httpImage/image.jpg_gen/derivatives/landscape_620/bc-eu-lawmakers-clinch-deal-on-carbon-market-reform-before-key-vote.jpg,bnnbloomberg.ca,English,Canada,1,4,eu_context;carbon_terms=2,YES,1,"[""YES"", ""YES"", ""YES""]","[""Reform approval could unlock new compliance costs and market flexibility, boosting price expectations."", ""Reform approval could unlock new compliance costs and market flexibility, boosting price expectations."", ""Reform approval could unlock new compliance costs and market flexibility, boosting price expectations.""]",7,1.0,0.7,0.7,"[7, 7, 7]"
4598,https://www.prnewswire.co.uk/news-releases/huawei-digital-power-highlights-green-tech-solutions-for-a-low-carbon-europe-at-the-power-summit-2022-890173673.html,,Huawei Digital Power Highlights Green Tech Solutions for a Low - carbon Europe at the Power Summit 2022,2022-06-17,https://mma.prnewswire.com/media/1842109/image_1.jpg?p=facebook,prnewswire.co.uk,English,United Kingdom,2,4,eu_context;carbon_terms=1;energy_driver,NO,-1,"[""NO"", ""NO"", ""NO""]","[""Huawei\u2019s green tech focus may signal broader EU ETS-related investment trends but doesn\u2019t directly impact short-term price volatility."", ""Huawei\u2019s green tech focus may signal broader EU ETS-related investment trends but doesn\u2019t directly impact short-term price volatility."", ""Huawei\u2019s green tech focus may signal broader EU ETS-related investment trends but doesn\u2019t directly impact short-term price volatility.""]",3,1.0,-0.3,-0.3,"[3, 3, 3]"
4604,https://indiaeducationdiary.in/queen-mary-university-of-london-total-methane-and-co2-emissions-from-liquefied-natural-gas-carriers-lngs-measured-for-the-first-time/,https://indiaeducationdiary.in/queen-mary-university-of-london-total-methane-and-co2-emissions-from-liquefied-natural-gas-carriers-lngs-measured-for-the-first-time/amp/,Queen Mary University of London : Total methane and CO2 emissions from liquefied natural gas carriers ( LNGs ) measured for the first time,2022-06-19,,indiaeducationdiary.in,English,India,2,3,carbon_terms=2;energy_driver,NO,-1,"[""NO"", ""NO"", ""NO""]","[""LNG emissions data could influence future regulatory scrutiny but doesn\u2019t immediately impact short-term EU ETS pricing."", ""LNG emissions data could influence future regulatory scrutiny but doesn\u2019t immediately impact short-term EU ETS pricing."", ""LNG emissions data could influence future regulatory scrutiny but doesn\u2019t immediately impact short-term EU ETS pricing.""]",3,1.0,-0.3,-0.3,"[3, 3, 3]"
4610,https://www.prnewswire.com/news-releases/johnson-matthey-launches-new-low-carbon-solutions-offering-to-reduce-syngas-carbon-emissions-by-up-to-95-301572155.html,,Johnson Matthey launches new Low Carbon Solutions offering to reduce syngas carbon emissions by up to 95 % ,2022-06-21,,prnewswire.com,English,United States,2,4,carbon_terms=3;energy_driver,NO,-1,"[""NO"", ""NO"", ""NO""]","[""May signal industry-wide decarbonization efforts but lacks immediate market impact without regulatory or pricing triggers."", ""May signal industry-wide decarbonization efforts but lacks immediate market impact without regulatory or pricing triggers."", ""May signal industry-wide decarbonization efforts but lacks immediate market impact without regulatory or pricing triggers.""]",5,1.0,-0.5,-0.5,"[5, 5, 5]"
4616,https://www.pressreleasepoint.com/rail-sector-applauds-approval-emissions-trading-system,,Rail sector applauds approval of Emissions Trading System,2022-06-23,,pressreleasepoint.com,English,United States,1,9,eu_ets_strong;carbon_terms=3,YES,1,"[""YES"", ""YES"", ""YES""]","[""Rail sector\u2019s approval signals potential policy support, likely boosting ETS demand."", ""Rail sector\u2019s approval signals potential policy support, likely boosting ETS demand."", ""Rail sector\u2019s approval signals potential policy support, likely boosting ETS demand.""]",7,1.0,0.7,0.7,"[7, 7, 7]"
4622,https://www.hellenicshippingnews.com/europes-ports-welcome-the-ep-adoption-of-a-maritime-ets-that-addresses-the-issue-of-carbon-and-business-leakage/,https://www.hellenicshippingnews.com/europes-ports-welcome-the-ep-adoption-of-a-maritime-ets-that-addresses-the-issue-of-carbon-and-business-leakage/amp/,Europe ports welcome the EP Adoption of a maritime ETS that addresses the issue of carbon and business leakage,2022-06-25,,hellenicshippingnews.com,English,China,1,3,eu_context;carbon_terms=1,YES,1,"[""YES"", ""YES"", ""YES""]","[""Maritime ETS adoption may boost EU ETS demand by addressing carbon leakage risks in port operations."", ""Maritime ETS adoption may boost EU ETS demand by addressing carbon leakage risks in port operations."", ""Maritime ETS adoption may boost EU ETS demand by addressing carbon leakage risks in port operations.""]",7,1.0,0.7,0.7,"[7, 7, 7]"
4628,https://www.bnnbloomberg.ca/europe-s-coal-plant-comeback-drives-up-carbon-permit-prices-1.1784579,https://www.bnnbloomberg.ca/europe-s-coal-plant-comeback-drives-up-carbon-permit-prices-1.1784579.amp.html,Europe Coal Plant Comeback Drives Up Carbon Permit Prices,2022-06-27,http://www.bnnbloomberg.ca/polopoly_fs/1.1784580!/fileimage/httpImage/image.png_gen/derivatives/landscape_620/vapor-escapes-from-cooling-towers-at-the-lignite-coal-fired-power-plant-operated-by-vattenfall-ab-in-janschwalde-germany-photographer-krisztian-bocsi-bloomberg.png,bnnbloomberg.ca,English,Canada,1,6,eu_context;carbon_terms=3;energy_driver,YES,1,"[""YES"", ""YES"", ""YES""]","[""Coal plant revival signals increased emissions, boosting demand for carbon permits."", ""Coal plant revival signals increased emissions, boosting demand for carbon permits."", ""Coal plant revival signals increased emissions, boosting demand for carbon permits.""]",8,1.0,0.8,0.8,"[8, 8, 8]"
4634,https://www.consilium.europa.eu/en/press/press-releases/2022/06/29/fit-for-55-council-reaches-general-approaches-relating-to-emissions-reductions-and-removals-and-their-social-impacts/,,Fit for 55 package : Council reaches general approaches relating to emissions reductions and their social impacts,2022-06-29,,consilium.europa.eu,English,Latvia,1,8,eu_ets_strong;carbon_terms=2,NO,-1,"[""NO"", ""NO"", ""NO""]","[""Policy signals may influence long-term ETS design but lack immediate market impact."", ""Policy signals may influence long-term ETS design but lack immediate market impact."", ""Policy signals may influence long-term ETS design but lack immediate market impact.""]",5,1.0,-0.5,-0.5,"[5, 5, 5]"
4640,https://www.bnnbloomberg.ca/eu-floats-fix-to-carbon-market-based-plan-to-fund-energy-pivot-1.1786494,https://www.bnnbloomberg.ca/eu-floats-fix-to-carbon-market-based-plan-to-fund-energy-pivot-1.1786494.amp.html,EU Floats Fix to Carbon Market - Based Plan to Fund Energy Pivot,2022-07-01,,bnnbloomberg.ca,English,Canada,1,4,eu_context;carbon_terms=2,NO,-1,"[""NO"", ""NO"", ""NO""]","[""Policy-driven funding mechanisms may influence market sentiment but don\u2019t directly alter short-term price dynamics."", ""Policy-driven funding mechanisms may influence market sentiment but don\u2019t directly alter short-term price dynamics."", ""Policy-driven funding mechanisms may influence market sentiment but don\u2019t directly alter short-term price dynamics.""]",6,1.0,-0.6,-0.6,"[6, 6, 6]"
4646,https://www.hellenicshippingnews.com/europe-on-the-brink-going-into-q3-as-russian-gas-cuts-bite-prices-surge/,https://www.hellenicshippingnews.com/europe-on-the-brink-going-into-q3-as-russian-gas-cuts-bite-prices-surge/amp/,"Europe on the brink going into Q3 as Russian gas cuts bite , prices surge | Hellenic Shipping News Worldwide",2022-07-04,,hellenicshippingnews.com,English,China,1,4,eu_context;carbon_terms=1;energy_driver,YES,1,"[""YES"", ""YES"", ""YES""]","[""Russian gas cuts are likely to drive up EU ETS prices as energy demand spikes and carbon-intensive sectors face higher costs."", ""Russian gas cuts are likely to drive up EU ETS prices as energy demand spikes and carbon-intensive sectors face higher costs."", ""Russian gas cuts are likely to drive up EU ETS prices as energy demand spikes and carbon-intensive sectors face higher costs.""]",8,1.0,0.8,0.8,"[8, 8, 8]"
4652,https://freebeacon.com/latest-news/european-union-classifies-gas-and-nuclear-as-green-amid-energy-price-surge/,https://freebeacon.com/latest-news/european-union-classifies-gas-and-nuclear-as-green-amid-energy-price-surge/amp/,European Union Classifies Gas and Nuclear as  Green  Amid Energy Price Surge,2022-07-06,,freebeacon.com,English,United States,2,4,eu_context;carbon_terms=1;energy_driver,YES,1,"[""YES"", ""YES"", ""YES""]","[""Green classification may boost demand for emissions allowances, lifting EU ETS prices."", ""Green classification may boost demand for emissions allowances, lifting EU ETS prices."", ""Green classification may boost demand for emissions allowances, lifting EU ETS prices.""]",7,1.0,0.7,0.7,"[7, 7, 7]"
4658,https://advancedbiofuelsusa.info/fit-for-55-parliament-pushes-for-greener-aviation-fuels/,,Fit for 55 : Parliament Pushes for Greener Aviation Fuels – Advanced BioFuels united states ,2022-07-08,,advancedbiofuelsusa.info,English,United States,2,6,eu_ets_strong,NO,-1,"[""NO"", ""NO"", ""NO""]","[""EU ETS price may be pressured by aviation fuel policy shifts, but U.S. biofuels are not directly tied to EU ETS markets."", ""EU ETS price may be pressured by aviation fuel policy shifts, but U.S. biofuels are not directly tied to EU ETS markets."", ""EU ETS price may be pressured by aviation fuel policy shifts, but U.S. biofuels are not directly tied to EU ETS markets.""]",7,1.0,-0.7,-0.7,"[7, 7, 7]"
4664,https://theeagle.com/news/national/govt-and-politics/higher-gas-prices-hurt-pockets-make-small-dent-in-emissions/article_7f8a83ae-ffe4-11ec-b07d-23fa966a7fa2.html,https://theeagle.com/news/national/govt-and-politics/higher-gas-prices-hurt-pockets-make-small-dent-in-emissions/article_7f8a83ae-ffe4-11ec-b07d-23fa966a7fa2.amp.html,"Higher gas prices hurt pockets , make small dent in emissions",2022-07-10,https://bloximages.chicago2.vip.townnews.com/theeagle.com/content/tncms/assets/v3/editorial/8/7e/87e9b42e-ffe5-11ec-be67-d3f0342aed5f/62ca1a94394a1.image.jpg?crop=1764%2C926%2C0%2C124,theeagle.com,English,United States,2,4,carbon_terms=3;energy_driver,NO,-1,"[""NO"", ""NO"", ""NO""]","[""Higher gas prices may slightly reduce emissions but are unlikely to significantly impact EU ETS pricing in the short term."", ""Higher gas prices may slightly reduce emissions but are unlikely to significantly impact EU ETS pricing in the short term."", ""Higher gas prices may slightly reduce emissions but are unlikely to significantly impact EU ETS pricing in the short term.""]",3,1.0,-0.3,-0.3,"[3, 3, 3]"
4670,https://www.zerohedge.com/markets/futures-yields-oil-and-gold-slide-german-confidence-plummets-2011-lows-euro-hits-parity,,"Futures , Yields , Oil And Gold Slide As German Confidence Plummets To 2011 Lows , Euro Hits Parity",2022-07-12,https://assets.zerohedge.com/s3fs-public/styles/16_9_max_700/public/2022-07/trader%20looking%2054%20unahppy.jpg?ae266a1&itok=aJ2UHfGO,zerohedge.com,English,United States,2,4,eu_context;carbon_terms=1;energy_driver,NO,-1,"[""NO"", ""NO"", ""NO""]","[""German confidence decline may dampen industrial activity, potentially lowering EU ETS demand."", ""German confidence decline may dampen industrial activity, potentially lowering EU ETS demand."", ""German confidence decline may dampen industrial activity, potentially lowering EU ETS demand.""]",6,1.0,-0.6,-0.6,"[6, 6, 6]"
4676,https://www.investegate.co.uk/fluence/gnw/fluence-and-nine-additional-energy-market-organisations-issue-open-letter-to-european-policy-makers-and-the-media-regarding-the-repowereu-plan/20220714075954H9296/,,Investegate |Fluence Announcements | Fluence : Fluence and Nine Additional Energy Market Organisations Issue Open Letter to European Policy Makers and the Media regarding the REPowerEU Plan,2022-07-14,,investegate.co.uk,English,United Kingdom,2,4,eu_context;carbon_terms=1;energy_driver,NO,-1,"[""NO"", ""NO"", ""NO""]","[""The open letter may signal industry concerns but lacks concrete policy details to significantly impact short-term EU ETS prices."", ""The open letter may signal industry concerns but lacks concrete policy details to significantly impact short-term EU ETS prices."", ""The open letter may signal industry concerns but lacks concrete policy details to significantly impact short-term EU ETS prices.""]",5,1.0,-0.5,-0.5,"[5, 5, 5]"
4682,https://www.news24.com/fin24/economy/as-global-energy-crisis-strikes-sa-must-take-the-chance-to-export-gas-to-europe-mbele-20220716,/amp/fin24/economy/as-global-energy-crisis-strikes-sa-must-take-the-chance-to-export-gas-to-europe-mbele-20220716,"As global energy crisis strikes , SA must take the chance to export gas to Europe - Mbele",2022-07-16,https://cdn.24.co.za/files/Cms/General/d/3659/36a6d54d9c2c42809bb2d1cab9ee03f4.jpg,news24.com,English,South Africa,2,3,eu_context;energy_driver,NO,-1,"[""NO"", ""NO"", ""NO""]","[""SA\u2019s gas exports to Europe are unlikely to significantly impact EU ETS prices in the short term."", ""SA\u2019s gas exports to Europe are unlikely to significantly impact EU ETS prices in the short term."", ""SA\u2019s gas exports to Europe are unlikely to significantly impact EU ETS prices in the short term.""]",3,1.0,-0.3,-0.3,"[3, 3, 3]"
4688,https://www.integra927.com/News/Global-market-trend-2025-2030-Does-the-EU-coal-power-emergency-have-an-impact-on-the-reverse-power-relay-schneider-market-by-Newsintegra927.html,,Global market trend 2025 - 2030 Does the EU coal power emergency have an impact on the reverse power relay schneider market by Newsintegra927,2022-07-18,,integra927.com,English,Mexico,2,4,eu_context;carbon_terms=1;energy_driver,NO,-1,"[""NO"", ""NO"", ""NO""]","[""Irrelevant to EU ETS pricing; Schneider reverse power relay market is unrelated to coal emergency policy."", ""Irrelevant to EU ETS pricing; Schneider reverse power relay market is unrelated to coal emergency policy."", ""Irrelevant to EU ETS pricing; Schneider reverse power relay market is unrelated to coal emergency policy.""]",2,1.0,-0.2,-0.2,"[2, 2, 2]"
4694,https://www.hellenicshippingnews.com/europe-gas-uk-prices-rise-dutch-market-mixed-awaiting-nord-stream-return/,https://www.hellenicshippingnews.com/europe-gas-uk-prices-rise-dutch-market-mixed-awaiting-nord-stream-return/amp/,"EUROPE GAS - UK prices rise , Dutch market mixed awaiting Nord Stream return | Hellenic Shipping News Worldwide",2022-07-20,,hellenicshippingnews.com,English,China,2,5,eu_context;carbon_terms=2;energy_driver,NO,-1,"[""NO"", ""NO"", ""NO""]","[""Gas price spikes in UK and mixed Dutch market may signal short-term ETS volatility but lack direct link to EU ETS fundamentals."", ""Gas price spikes in UK and mixed Dutch market may signal short-term ETS volatility but lack direct link to EU ETS fundamentals."", ""Gas price spikes in UK and mixed Dutch market may signal short-term ETS volatility but lack direct link to EU ETS fundamentals.""]",3,1.0,-0.3,-0.3,"[3, 3, 3]"
4700,https://www.petroleumnews.com/pntruncate/748124496.shtml,,"Oil patch insider : Alkaid well has 2 permits ; MEA plant earns top tier safety grade - July 24 , 2022",2022-07-22,,petroleumnews.com,English,United States,2,3,carbon_terms=2;energy_driver,NO,-1,"[""NO"", ""NO"", ""NO""]","[""No direct link to EU ETS pricing or carbon markets."", ""No direct link to EU ETS pricing or carbon markets."", ""No direct link to EU ETS pricing or carbon markets.""]",2,1.0,-0.2,-0.2,"[2, 2, 2]"
4706,https://www.theboltonnews.co.uk/news/20297500.bolton-ppe-company-benefits-programme-reduce-carbon-emissions/,https://www.theboltonnews.co.uk/news/20297500.amp/,Bolton PPE company benefits from programme to reduce carbon emissions,2022-07-24,https://www.theboltonnews.co.uk/resources/images/14128905/?type=og-image,theboltonnews.co.uk,English,United Kingdom,2,3,carbon_terms=3,NO,-1,"[""NO"", ""NO"", ""NO""]","[""PPE company\u2019s emissions reduction may be marginal and not directly tied to EU ETS trading volume or policy."", ""PPE company\u2019s emissions reduction may be marginal and not directly tied to EU ETS trading volume or policy."", ""PPE company\u2019s emissions reduction may be marginal and not directly tied to EU ETS trading volume or policy.""]",3,1.0,-0.3,-0.3,"[3, 3, 3]"
4712,https://www.prnewswire.com/news-releases/sp-global-commodity-insights-to-launch-first-carbon-accounted-tanker-assessments-as-shipping-faces-eu-trading-system-carbon-coverage-301593287.html,,S & P Global Commodity Insights to Launch First Carbon - Accounted Tanker Assessments as Shipping Faces EU Trading System Carbon Coverage,2022-07-26,,prnewswire.com,English,United States,1,4,eu_context;carbon_terms=2,YES,1,"[""YES"", ""YES"", ""YES""]","[""Shipping sector exposure to EU ETS may drive demand for carbon accounting services and influence tanker pricing dynamics."", ""Shipping sector exposure to EU ETS may drive demand for carbon accounting services and influence tanker pricing dynamics."", ""Shipping sector exposure to EU ETS may drive demand for carbon accounting services and influence tanker pricing dynamics.""]",7,1.0,0.7,0.7,"[7, 7, 7]"
4718,http://www.fleetpoint.org/logistics/deliveries-from-billingsgate-market-helping-to-cut-carbon-emissions/,,Deliveries from Billingsgate Market helping to cut carbon emissions,2022-07-28,https://www.fleetpoint.org/wp-content/uploads/2022/07/Ford_BillingsgateHero-e1659000270631.jpg,fleetpoint.org,English,United Kingdom,2,4,carbon_terms=4,NO,-1,"[""NO"", ""NO"", ""NO""]","[""Billingsgate Market is a seafood wholesale hub with negligible direct carbon trading relevance to EU ETS."", ""Billingsgate Market is a seafood wholesale hub with negligible direct carbon trading relevance to EU ETS."", ""Billingsgate Market is a seafood wholesale hub with negligible direct carbon trading relevance to EU ETS.""]",2,1.0,-0.2,-0.2,"[2, 2, 2]"
4724,https://www.jdsupra.com/legalnews/general-court-upholds-european-3829372/,,General Court Upholds European Commission Power to Review Illumina - Grail | McDermott Will & Emery,2022-07-30,https://jdsupra-static.s3.amazonaws.com/profile-images/og.5223_1814.jpg,jdsupra.com,English,United States,2,3,eu_context;energy_driver,NO,-1,"[""NO"", ""NO"", ""NO""]","[""This legal ruling pertains to a U.S.-based biotech company and has no direct bearing on EU ETS market dynamics or carbon pricing."", ""This legal ruling pertains to a U.S.-based biotech company and has no direct bearing on EU ETS market dynamics or carbon pricing."", ""This legal ruling pertains to a U.S.-based biotech company and has no direct bearing on EU ETS market dynamics or carbon pricing.""]",2,1.0,-0.2,-0.2,"[2, 2, 2]"
4730,https://www.zerohedge.com/markets/chinese-pmis-partially-offset-fridays-wall-st-performance-apac-mixed-such-newsquawk-euro,,"Chinese PMIs partially offset Friday Wall St . performance , APAC mixed as such - Newsquawk Euro Market Open",2022-08-01,https://assets.zerohedge.com/s3fs-public/styles/16_9_max_700/public/2022-08/Euro-Opening-News.png?itok=eVERaQUK,zerohedge.com,English,United States,2,3,eu_context;carbon_terms=1,NO,-1,"[""NO"", ""NO"", ""NO""]","[""APAC mixed signals suggest limited direct impact on EU ETS pricing, as Chinese PMIs are not a primary driver for EU carbon markets."", ""APAC mixed signals suggest limited direct impact on EU ETS pricing, as Chinese PMIs are not a primary driver for EU carbon markets."", ""APAC mixed signals suggest limited direct impact on EU ETS pricing, as Chinese PMIs are not a primary driver for EU carbon markets.""]",3,1.0,-0.3,-0.3,"[3, 3, 3]"
4736,https://www.finanznachrichten.de/nachrichten-2022-08/56726964-therma-bright-inc-therma-bright-provides-progress-update-on-fda-eua-health-canada-interim-order-applications-for-its-acuvid-covid-19-rapid-antigen-296.htm,,Therma Bright Inc .: Therma Bright Provides Progress Update on FDA EUA & Health Canada Interim Order Applications for Its AcuVid COVID - 19 Rapid Antigen Saliva Test,2022-08-04,https://www.newsfilecorp.com/newsinfo/132813/207,finanznachrichten.de,English,Germany,1,8,eu_ets_strong;eu_context,NO,-1,"[""NO"", ""NO"", ""NO""]","[""EU ETS price not directly affected by FDA or health authority test approvals."", ""EU ETS price not directly affected by FDA or health authority test approvals."", ""EU ETS price not directly affected by FDA or health authority test approvals.""]",2,1.0,-0.2,-0.2,"[2, 2, 2]"
4742,https://energytransition.org/2022/08/romanias-continuing-power-moves-coal-exit-codified-as-eu-funds-new-energy-projects/,,Romania continuing power moves : coal exit codified as EU funds new energy projects,2022-08-06,https://energytransition.org/wp-content/uploads/2022/08/Termocentrala-rovinari-gorj-ceata_resize_5319668820.jpg,energytransition.org,English,Germany,2,3,eu_context;energy_driver,YES,1,"[""YES"", ""YES"", ""YES""]","[""Coal exit signals long-term structural cost shifts, likely pressuring EU ETS prices as emissions targets tighten."", ""Coal exit signals long-term structural cost shifts, likely pressuring EU ETS prices as emissions targets tighten."", ""Coal exit signals long-term structural cost shifts, likely pressuring EU ETS prices as emissions targets tighten.""]",7,1.0,0.7,0.7,"[7, 7, 7]"
4748,https://www.straitstimes.com/asia/east-asia/carbon-prices-in-asia-are-too-cheap-to-help-curb-emissions,,Carbon prices in Asia are too cheap to help curb emissions,2022-08-08,,straitstimes.com,English,Singapore,1,4,carbon_terms=4,NO,-1,"[""NO"", ""NO"", ""NO""]","[""Asia\u2019s low carbon prices may undermine global emissions targets by reducing incentive for decarbonization."", ""Asia\u2019s low carbon prices may undermine global emissions targets by reducing incentive for decarbonization."", ""Asia\u2019s low carbon prices may undermine global emissions targets by reducing incentive for decarbonization.""]",7,1.0,-0.7,-0.7,"[7, 7, 7]"
4754,https://www.zerohedge.com/markets/chinese-cpi-below-exp-region-subdued-after-similar-wall-st-action-us-cpi-ahead-newsquawk,,"Chinese CPI below exp ., region subdued after similar Wall St . action ; US CPI ahead - Newsquawk Euro Market Open",2022-08-10,https://assets.zerohedge.com/s3fs-public/styles/16_9_max_700/public/2022-08/Euro-Opening-News_6.png?itok=kVEgvNHU,zerohedge.com,English,United States,1,3,eu_context;carbon_terms=1,NO,-1,"[""NO"", ""NO"", ""NO""]","[""CPI data from China and the US may influence inflation expectations, but the headline suggests subdued regional reactions, implying limited immediate impact on EU ETS pricing."", ""CPI data from China and the US may influence inflation expectations, but the headline suggests subdued regional reactions, implying limited immediate impact on EU ETS pricing."", ""CPI data from China and the US may influence inflation expectations, but the headline suggests subdued regional reactions, implying limited immediate impact on EU ETS pricing.""]",3,1.0,-0.3,-0.3,"[3, 3, 3]"
4760,https://www.tennessean.com/story/opinion/2022/08/12/carbon-border-adjustment-mechanism-would-bolster-us-performance/10309569002/,,Carbon border adjustment mechanism would bolster US performance,2022-08-12,https://www.gannett-cdn.com/-mm-/9e1f6e2ee20f44aa1f3be4f71e9f3e52b6ae2c7e/c=0-110-2121-1303/local/-/media/2022/06/04/USATODAY/usatsports/MotleyFool-TMOT-06911592-dc1e6c9f.jpg?auto=webp&format=pjpg,tennessean.com,English,United States,2,7,eu_ets_strong;carbon_terms=1,NO,-1,"[""NO"", ""NO"", ""NO""]","[""CBAM may pressure EU ETS prices via import competition, but US performance doesn\u2019t directly translate to EU ETS volatility."", ""CBAM may pressure EU ETS prices via import competition, but US performance doesn\u2019t directly translate to EU ETS volatility."", ""CBAM may pressure EU ETS prices via import competition, but US performance doesn\u2019t directly translate to EU ETS volatility.""]",5,1.0,-0.5,-0.5,"[5, 5, 5]"
4766,https://oilprice.com/Energy/Energy-General/The-Unstoppable-Growth-Of-Carbon-Markets.html,https://oilprice.com/Energy/Energy-General/The-Unstoppable-Growth-Of-Carbon-Markets.amp.html,The Unstoppable Growth Of Carbon Markets,2022-08-14,https://d32r1sh890xpii.cloudfront.net/article/718x300/2022-08-12_mrvkc1cofz.jpg,oilprice.com,English,United States,1,2,carbon_terms=2,YES,1,"[""YES"", ""YES"", ""YES""]","[""Carbon market growth signals increasing demand and regulatory pressure, likely pushing prices higher."", ""Carbon market growth signals increasing demand and regulatory pressure, likely pushing prices higher."", ""Carbon market growth signals increasing demand and regulatory pressure, likely pushing prices higher.""]",7,1.0,0.7,0.7,"[7, 7, 7]"
4772,http://www.msn.com/en-us/news/us/eu-greenhouse-gas-emissions-on-the-rise-but-still-below-pre-pandemic-level/ar-AA10IU1q,,"EU greenhouse gas emissions on the rise , but still below pre - pandemic level",2022-08-16,http://img-s-msn-com.akamaized.net/tenant/amp/entityid/AA10J6nx.img?&m=6&q=60&o=t&l=f&f=jpg,msn.com,English,United States,2,5,eu_context;carbon_terms=2;energy_driver,NO,-1,"[""NO"", ""NO"", ""NO""]","[""Emissions rising slightly may signal weak policy enforcement or economic rebound, but not yet enough to trigger major ETS price volatility."", ""Emissions rising slightly may signal weak policy enforcement or economic rebound, but not yet enough to trigger major ETS price volatility."", ""Emissions rising slightly may signal weak policy enforcement or economic rebound, but not yet enough to trigger major ETS price volatility.""]",5,1.0,-0.5,-0.5,"[5, 5, 5]"
4778,https://www.siliconrepublic.com/innovation/ireland-emissions-eu-2022,,"Ireland rise in emissions was third highest in EU this year , figures show",2022-08-18,,siliconrepublic.com,English,Ireland,2,4,eu_context;carbon_terms=2,NO,-1,"[""NO"", ""NO"", ""NO""]","[""Ireland\u2019s emissions rise may signal regulatory pressure or policy gaps, but EU ETS pricing is more influenced by broader macroeconomic and compliance factors."", ""Ireland\u2019s emissions rise may signal regulatory pressure or policy gaps, but EU ETS pricing is more influenced by broader macroeconomic and compliance factors."", ""Ireland\u2019s emissions rise may signal regulatory pressure or policy gaps, but EU ETS pricing is more influenced by broader macroeconomic and compliance factors.""]",3,1.0,-0.3,-0.3,"[3, 3, 3]"
4784,https://www.bloomberg.com/news/articles/2022-06-28/prices-triple-in-brazil-s-lopsided-market-for-carbon-credits,,Prices Triple in Brazil Lopsided Market for Carbon Credits,2022-08-20,https://assets.bwbx.io/images/users/iqjWHBFdfxIU/iWQ4zYJ_lgqY/v1/1200x801.jpg,bloomberg.com,English,United States,2,3,carbon_terms=3,NO,-1,"[""NO"", ""NO"", ""NO""]","[""Brazil\u2019s lopsided carbon credit market has limited direct impact on EU ETS pricing due to geographic and regulatory separation."", ""Brazil\u2019s lopsided carbon credit market has limited direct impact on EU ETS pricing due to geographic and regulatory separation."", ""Brazil\u2019s lopsided carbon credit market has limited direct impact on EU ETS pricing due to geographic and regulatory separation.""]",3,1.0,-0.3,-0.3,"[3, 3, 3]"
4790,https://www.pollutiononline.com/doc/methane-electrolysis-can-decarbonize-lng-lpg-imports-and-climate-targets-0001,,Methane Electrolysis Can Decarbonize LNG / LPG Imports And Achieve EU Climate Targets,2022-08-22,,pollutiononline.com,English,United States,2,4,eu_context;carbon_terms=1;energy_driver,NO,-1,"[""NO"", ""NO"", ""NO""]","[""Methane electrolysis is still nascent and not yet scalable to replace major LNG/LPG imports at current cost structures."", ""Methane electrolysis is still nascent and not yet scalable to replace major LNG/LPG imports at current cost structures."", ""Methane electrolysis is still nascent and not yet scalable to replace major LNG/LPG imports at current cost structures.""]",5,1.0,-0.5,-0.5,"[5, 5, 5]"
4796,https://www.farmersjournal.ie/eu-farm-emissions-down-21-since-1990-717940,https://www.farmersjournal.ie/amp/eu-farm-emissions-down-21-since-1990-717940,EU farm emissions down 21 % since 1990,2022-08-24,https://s3-eu-west-1.amazonaws.com/ifj/WEBFILES/000/717/940/1872622-717940.jpg,farmersjournal.ie,English,Ireland,2,4,eu_context;carbon_terms=2,NO,-1,"[""NO"", ""NO"", ""NO""]","[""Farm emissions reduction may slightly lower overall EU ETS demand but is unlikely to materially impact short-term prices."", ""Farm emissions reduction may slightly lower overall EU ETS demand but is unlikely to materially impact short-term prices."", ""Farm emissions reduction may slightly lower overall EU ETS demand but is unlikely to materially impact short-term prices.""]",3,1.0,-0.3,-0.3,"[3, 3, 3]"
4802,https://www.cemnet.com/News/story/173344/carbon-prices-reflect-demand-destruction-but-kept-up-by-increased-coal-consumption-awaiting-new-regulation.html,,"Carbon prices reflect demand destruction but kept up by increased coal consumption , awaiting new regulation",2022-08-26,,cemnet.com,English,United States,1,3,carbon_terms=2;energy_driver,NO,-1,"[""NO"", ""NO"", ""NO""]","[""Coal consumption is a short-term counterbalance to demand destruction, but new regulation could shift the balance."", ""Coal consumption is a short-term counterbalance to demand destruction, but new regulation could shift the balance."", ""Coal consumption is a short-term counterbalance to demand destruction, but new regulation could shift the balance.""]",6,1.0,-0.6,-0.6,"[6, 6, 6]"
4808,https://theliberal.ie/russia-accused-of-purposely-burning-gas-that-it-cannot-sell-to-europe-as-prices-begin-to-rise/,https://theliberal.ie/russia-accused-of-purposely-burning-gas-that-it-cannot-sell-to-europe-as-prices-begin-to-rise/amp/,Russia accused of purposely burning gas that it cannot sell to Europe as prices begin to rise,2022-08-28,https://theliberal.ie/wp-content/uploads/2022/03/putin4.jpg,theliberal.ie,English,Ireland,2,4,eu_context;carbon_terms=1;energy_driver,NO,-1,"[""NO"", ""NO"", ""NO""]","[""Russia\u2019s gas burning may signal supply disruption, but EU ETS prices are more influenced by policy and demand than geopolitical gas burning."", ""Russia\u2019s gas burning may signal supply disruption, but EU ETS prices are more influenced by policy and demand than geopolitical gas burning."", ""Russia\u2019s gas burning may signal supply disruption, but EU ETS prices are more influenced by policy and demand than geopolitical gas burning.""]",5,1.0,-0.5,-0.5,"[5, 5, 5]"
4814,https://energy.einnews.com/pr_news/588411788/solid-oxide-fuel-cell-market-size-2021-2028-worth-usd-5-31-billion-by-2028-increasing-need-to-reduce-carbon-emissions-and-high-energy-demand-to,,Solid Oxide Fuel Cell Market Size [ 2021 - 2028 ] Worth USD 5 . 31 Billion by 2028 | Increasing Need to Reduce Carbon Emissions and High Energy Demand to Boost Growth,2022-08-30,,energy.einnews.com,English,United States,2,4,carbon_terms=4,NO,-1,"[""NO"", ""NO"", ""NO""]","[""Fuel cell growth may indirectly support carbon reduction targets, but has limited direct impact on EU ETS pricing."", ""Fuel cell growth may indirectly support carbon reduction targets, but has limited direct impact on EU ETS pricing."", ""Fuel cell growth may indirectly support carbon reduction targets, but has limited direct impact on EU ETS pricing.""]",3,1.0,-0.3,-0.3,"[3, 3, 3]"
4820,https://focustaiwan.tw/society/202209020025,,Taiwan grants EUA for 2nd - generation Moderna COVID - 19 vaccine ( update ) ,2022-09-02,https://imgcdn.cna.com.tw/Eng/WebEngPhotos/1024/2022/20220902/938x768_866450363002.jpg,focustaiwan.tw,English,Taiwan,1,8,eu_ets_strong;eu_context,NO,-1,"[""NO"", ""NO"", ""NO""]","[""EUA issuance for a vaccine is unrelated to carbon pricing fundamentals in the EU ETS."", ""EUA issuance for a vaccine is unrelated to carbon pricing fundamentals in the EU ETS."", ""EUA issuance for a vaccine is unrelated to carbon pricing fundamentals in the EU ETS.""]",1,1.0,-0.1,-0.1,"[1, 1, 1]"
4826,https://www.naturalnews.com/2022-09-04-europeans-could-pay-270-to-charge-their-electric-cars-2023.html,,ELECTRIC CAR SCAM : Europeans could be paying $270 to charge their electric cars by early 2023 as electricity rates explode,2022-09-04,https://www.naturalnews.com/wp-content/uploads/sites/91/2022/09/Electric-Car-Charging-Station-Hybrid-Green-Energy.jpg,naturalnews.com,English,United States,2,3,eu_context;energy_driver,NO,-1,"[""NO"", ""NO"", ""NO""]","[""Electricity price spikes may indirectly affect ETS prices via increased industrial energy demand, but direct link to car charging is weak."", ""Electricity price spikes may indirectly affect ETS prices via increased industrial energy demand, but direct link to car charging is weak."", ""Electricity price spikes may indirectly affect ETS prices via increased industrial energy demand, but direct link to car charging is weak.""]",5,1.0,-0.5,-0.5,"[5, 5, 5]"
4832,https://www.ibtimes.com/netherlands-warns-against-eu-carbon-market-fundraising-plan-3609978,https://www.ibtimes.com/netherlands-warns-against-eu-carbon-market-fundraising-plan-3609978?amp=1,Netherlands Warns Against EU Carbon Market Fundraising Plan,2022-09-06,https://d.ibtimes.com/en/full/3813525/europes-carbon-price-nears-100-euro-milestone.jpg,ibtimes.com,English,United States,1,4,eu_context;carbon_terms=2,NO,-1,"[""NO"", ""NO"", ""NO""]","[""Netherlands\u2019 warning may signal regulatory friction, potentially dampening market confidence but not immediately altering price trends."", ""Netherlands\u2019 warning may signal regulatory friction, potentially dampening market confidence but not immediately altering price trends."", ""Netherlands\u2019 warning may signal regulatory friction, potentially dampening market confidence but not immediately altering price trends.""]",5,1.0,-0.5,-0.5,"[5, 5, 5]"
4838,https://www.miragenews.com/fossil-fuel-trade-must-be-considered-in-carbon-851680/,,"Fossil fuel trade must be considered in carbon border adjustment plans , says Baker Institute report",2022-09-08,https://news.rice.edu/sites/g/files/bxs2656/files/2022-09/carbon.jpeg,miragenews.com,English,United States,2,7,eu_ets_strong;carbon_terms=1,NO,-1,"[""NO"", ""NO"", ""NO""]","[""Carbon border adjustment may increase fossil fuel import costs, potentially affecting EU ETS price via demand shifts."", ""Carbon border adjustment may increase fossil fuel import costs, potentially affecting EU ETS price via demand shifts."", ""Carbon border adjustment may increase fossil fuel import costs, potentially affecting EU ETS price via demand shifts.""]",6,1.0,-0.6,-0.6,"[6, 6, 6]"
4844,https://www.naturalgasintel.com/market-weighs-european-storage-winter-risks-as-natural-gas-forwards-futures-retreat/,,"Market Weighs European Storage , Winter Risks as Natural Gas Forwards , Futures Retreat",2022-09-10,https://www.naturalgasintel.com/wp-content/uploads/2022/09/midwestforwards.png,naturalgasintel.com,English,United States,2,5,eu_context;carbon_terms=2;energy_driver,NO,-1,"[""NO"", ""NO"", ""NO""]","[""Storage demand and winter risks may temper natural gas futures, but EU ETS is less directly affected by short-term gas price movements."", ""Storage demand and winter risks may temper natural gas futures, but EU ETS is less directly affected by short-term gas price movements."", ""Storage demand and winter risks may temper natural gas futures, but EU ETS is less directly affected by short-term gas price movements.""]",6,1.0,-0.6,-0.6,"[6, 6, 6]"
4850,https://www.investing.com/news/commodities-news/european-gas-prices-fall-as-ukrainian-gains-raise-hopes-for-end-to-war-2889825,https://m.investing.com/news/commodities-news/european-gas-prices-fall-as-ukrainian-gains-raise-hopes-for-end-to-war-2889825?ampMode=1,European Gas Prices Fall as Ukrainian Gains Raise Hopes for End to War By Investing . com,2022-09-12,https://i-invdn-com.investing.com/news/moved_LYNXMPEI201TP_L.jpg,investing.com,English,United States,2,4,eu_context;carbon_terms=1;energy_driver,NO,-1,"[""NO"", ""NO"", ""NO""]","[""Gas price declines may signal reduced energy stress, but EU ETS is driven more by carbon policy and emissions caps than gas market sentiment."", ""Gas price declines may signal reduced energy stress, but EU ETS is driven more by carbon policy and emissions caps than gas market sentiment."", ""Gas price declines may signal reduced energy stress, but EU ETS is driven more by carbon policy and emissions caps than gas market sentiment.""]",5,1.0,-0.5,-0.5,"[5, 5, 5]"
4856,https://www.climatechangenews.com/2022/09/14/eu-energy-crisis-plan-gas-price-renegotiation-and-windfall-taxes/,,EU energy crisis plan : gas price renegotiation and windfall taxes,2022-09-14,https://cdn.climatechangenews.com/files/2022/09/14141213/1663141882494_20220914_EP-136133A_EVD_EG_084-scaled-e1663161181577.jpg,climatechangenews.com,English,France,1,4,eu_context;carbon_terms=1;energy_driver,YES,1,"[""YES"", ""YES"", ""YES""]","[""Renegotiating gas prices and imposing windfall taxes may reduce emissions-intensive industries\u2019 costs, potentially lowering demand for carbon credits in the short term."", ""Renegotiating gas prices and imposing windfall taxes may reduce emissions-intensive industries\u2019 costs, potentially lowering demand for carbon credits in the short term."", ""Renegotiating gas prices and imposing windfall taxes may reduce emissions-intensive industries\u2019 costs, potentially lowering demand for carbon credits in the short term.""]",7,1.0,0.7,0.7,"[7, 7, 7]"
4862,https://www.dw.com/en/is-china-reexporting-russian-gas-to-europe/a-63146922,https://amp.dw.com/en/is-china-reexporting-russian-gas-to-europe/a-63146922,Is China reexporting Russian gas to Europe ? | Business | Economy and finance news from a German perspective | DW,2022-09-16,https://static.dw.com/image/62483438_6.jpg,dw.com,English,Germany,2,9,eu_ets_strong;eu_context;energy_driver,NO,-1,"[""NO"", ""NO"", ""NO""]","[""Reexporting Russian gas via China is unlikely to significantly impact EU ETS prices due to limited volume and lack of direct market linkage."", ""Reexporting Russian gas via China is unlikely to significantly impact EU ETS prices due to limited volume and lack of direct market linkage."", ""Reexporting Russian gas via China is unlikely to significantly impact EU ETS prices due to limited volume and lack of direct market linkage.""]",3,1.0,-0.3,-0.3,"[3, 3, 3]"
4868,https://www.afr.com/markets/equity-markets/asx-to-edge-down-recession-fears-deepen-ahead-of-fed-20220917-p5biu7,,ASX LIVE : ASX to dip after weak Wall Street ; RBA head of domestic markets to speak at 8 . 10am ; Fed meeting on Sept 20 - 21 ; $A above US67¢ ; oil prices up ; iron ore down . ,2022-09-18,https://static.ffx.io/images/$zoom_1.1779%2C$multiply_1%2C$ratio_1.777778%2C$width_1059%2C$x_0%2C$y_110/t_crop_custom/c_scale%2Cw_800%2Cq_88%2Cf_jpg/t_afr_live_no_age_social_wm/e75af10b0bc839e10379169e0a7d455519506a4e,afr.com,English,Australia,2,3,carbon_terms=2;energy_driver,NO,-1,"[""NO"", ""NO"", ""NO""]","[""EU ETS not directly affected by ASX, RBA, or Fed headlines; oil and iron ore moves are secondary indicators."", ""EU ETS not directly affected by ASX, RBA, or Fed headlines; oil and iron ore moves are secondary indicators."", ""EU ETS not directly affected by ASX, RBA, or Fed headlines; oil and iron ore moves are secondary indicators.""]",3,1.0,-0.3,-0.3,"[3, 3, 3]"
4874,https://www.hellenicshippingnews.com/ardmore-sees-incentives-for-fuel-saving-retrofits-with-new-eu-ets-rules/,,Ardmore sees incentives for fuel - saving retrofits with new EU ETS rules | Hellenic Shipping News Worldwide,2022-09-20,,hellenicshippingnews.com,English,China,1,8,eu_ets_strong;eu_context,YES,1,"[""YES"", ""YES"", ""YES""]","[""Retrofit incentives under new EU ETS rules could drive demand for carbon-reducing fuel-saving technologies, supporting price stability or modest upward pressure."", ""Retrofit incentives under new EU ETS rules could drive demand for carbon-reducing fuel-saving technologies, supporting price stability or modest upward pressure."", ""Retrofit incentives under new EU ETS rules could drive demand for carbon-reducing fuel-saving technologies, supporting price stability or modest upward pressure.""]",7,1.0,0.7,0.7,"[7, 7, 7]"
4880,https://www.maritime-executive.com/article/ngos-green-tech-suppliers-call-for-eu-to-regulate-small-ships-co2,,"NGOs , Green - Tech Suppliers Call for EU to Regulate Small Ship CO2",2022-09-22,https://maritime-executive.com/media/images/article/Photos/Shipbuilding/two-vessels-in-shipyard-hamburg.77d63a.jpg,maritime-executive.com,English,United States,1,2,eu_context,NO,-1,"[""NO"", ""NO"", ""NO""]","[""Small ship CO2 emissions are marginal compared to industrial sectors, so regulatory impact on EU ETS is likely minimal."", ""Small ship CO2 emissions are marginal compared to industrial sectors, so regulatory impact on EU ETS is likely minimal."", ""Small ship CO2 emissions are marginal compared to industrial sectors, so regulatory impact on EU ETS is likely minimal.""]",3,1.0,-0.3,-0.3,"[3, 3, 3]"
4886,https://www.finanznachrichten.de/nachrichten-2022-09/57145830-pfizer-biontech-apply-for-eua-in-us-of-omicron-ba-4-ba-5-adapted-bivalent-vaccine-booster-in-kids-020.htm,,"Pfizer , BioNTech Apply For EUA In US Of Omicron BA . 4 / BA . 5 - Adapted Bivalent Vaccine Booster In Kids",2022-09-26,https://www.finanznachrichten.de/chart-biontech-se-adr-aktie-intraday-tradegate.png,finanznachrichten.de,English,Germany,1,8,eu_ets_strong;eu_context,NO,-1,"[""NO"", ""NO"", ""NO""]","[""Vaccine booster approvals in the US have minimal direct impact on EU ETS pricing, as carbon markets are driven by policy, emissions, and industrial activity, not public health interventions."", ""Vaccine booster approvals in the US have minimal direct impact on EU ETS pricing, as carbon markets are driven by policy, emissions, and industrial activity, not public health interventions."", ""Vaccine booster approvals in the US have minimal direct impact on EU ETS pricing, as carbon markets are driven by policy, emissions, and industrial activity, not public health interventions.""]",2,1.0,-0.2,-0.2,"[2, 2, 2]"
4892,https://www.jdsupra.com/legalnews/ice-clear-eu-to-accept-euas-as-7890875/,,ICE Clear EU To Accept EUAs as Collateral ( but only from non - FCM clearing members ) | Katten Muchin Rosenman LLP,2022-09-29,https://jdsupra-static.s3.amazonaws.com/profile-images/og.3900_5142.jpg,jdsupra.com,English,United States,1,8,eu_ets_strong;eu_context,YES,1,"[""YES"", ""YES"", ""YES""]","[""Expands collateralization scope for non-FCM members, potentially increasing liquidity and trading volume in EU ETS."", ""Expands collateralization scope for non-FCM members, potentially increasing liquidity and trading volume in EU ETS."", ""Expands collateralization scope for non-FCM members, potentially increasing liquidity and trading volume in EU ETS.""]",7,1.0,0.7,0.7,"[7, 7, 7]"
4898,https://www.resources.org/common-resources/who-puts-a-price-on-carbon/,,Who Puts a Price on Carbon ? ,2022-10-01,https://media.rff.org/images/shutterstock_28415320_3.width-600.jpg,resources.org,English,,1,2,carbon_terms=2,NO,-1,"[""NO"", ""NO"", ""NO""]","[""The headline suggests public or policy debate on carbon pricing, which may influence future regulation but doesn\u2019t signal immediate market movement."", ""The headline suggests public or policy debate on carbon pricing, which may influence future regulation but doesn\u2019t signal immediate market movement."", ""The headline suggests public or policy debate on carbon pricing, which may influence future regulation but doesn\u2019t signal immediate market movement.""]",5,1.0,-0.5,-0.5,"[5, 5, 5]"
4904,https://www.icis.com/explore/resources/news/2022/10/03/10811469/epca-22-long-markets-falling-margins-could-prompt-more-europe-production-cuts-epca-president/,,"EPCA  22 : Long markets , falling margins could prompt more Europe production cuts - EPCA president",2022-10-03,,icis.com,English,China,1,3,eu_context;carbon_terms=1,NO,-1,"[""NO"", ""NO"", ""NO""]","[""Falling margins may trigger production cuts, potentially reducing emissions and supporting ETS prices short-term."", ""Falling margins may trigger production cuts, potentially reducing emissions and supporting ETS prices short-term."", ""Falling margins may trigger production cuts, potentially reducing emissions and supporting ETS prices short-term.""]",7,1.0,-0.7,-0.7,"[7, 7, 7]"
4910,https://www.hellenicshippingnews.com/cyprus-shipping-chamber-supports-call-for-earmarking-of-eu-ets-revenues/,,Cyprus Shipping Chamber supports call for earmarking of EU ETS revenues | Hellenic Shipping News Worldwide,2022-10-06,,hellenicshippingnews.com,English,China,1,8,eu_ets_strong;eu_context,NO,-1,"[""NO"", ""NO"", ""NO""]","[""Earmarking revenues may reduce overall market liquidity and affect price dynamics, but impact is indirect and limited without policy implementation."", ""Earmarking revenues may reduce overall market liquidity and affect price dynamics, but impact is indirect and limited without policy implementation."", ""Earmarking revenues may reduce overall market liquidity and affect price dynamics, but impact is indirect and limited without policy implementation.""]",3,1.0,-0.3,-0.3,"[3, 3, 3]"
4916,https://www.thefirstnews.com/article/poland-to-keep-electricity-price-low-for-98-pct-of-firms-33650,,Poland to keep electricity price low for 98 pct of firms,2022-10-08,https://images.thefirstnews.com/1000x667/ehs2xwmi0ucu4f98dg5p8.jpeg,thefirstnews.com,English,,1,2,carbon_terms=1;energy_driver,NO,-1,"[""NO"", ""NO"", ""NO""]","[""Low electricity prices may reduce industrial energy costs but don\u2019t directly affect EU ETS carbon pricing mechanics."", ""Low electricity prices may reduce industrial energy costs but don\u2019t directly affect EU ETS carbon pricing mechanics."", ""Low electricity prices may reduce industrial energy costs but don\u2019t directly affect EU ETS carbon pricing mechanics.""]",3,1.0,-0.3,-0.3,"[3, 3, 3]"
4922,https://www.natlawreview.com/article/ice-clear-eu-to-accept-euas-collateral,https://www.natlawreview.com/article/ice-clear-eu-to-accept-euas-collateral?amp,ICE Clear EU Proposed Changes to EU Emission Allowances,2022-10-12,https://www.natlawreview.com/sites/default/files/article/aux/22623/EnergyPlugGreenEnvironment.jpg,natlawreview.com,English,United States,1,5,eu_context;carbon_terms=3,NO,-1,"[""NO"", ""NO"", ""NO""]","[""Proposed changes may alter market dynamics but lack immediate execution impact."", ""Proposed changes may alter market dynamics but lack immediate execution impact."", ""Proposed changes may alter market dynamics but lack immediate execution impact.""]",5,1.0,-0.5,-0.5,"[5, 5, 5]"
4928,https://www.offshore-energy.biz/eu-policymakers-urged-to-raise-climate-ambition-in-the-fueleu-maritime-and-eu-ets/,,EU policymakers urged to raise climate ambition in the FuelEU Maritime and EU ETS,2022-10-18,https://cdn.offshorewind.biz/wp-content/uploads/sites/6/2022/10/18135011/Antwerp-port-ships.jpg,offshore-energy.biz,English,,1,8,eu_ets_strong;eu_context,YES,1,"[""YES"", ""YES"", ""YES""]","[""Higher climate ambition could drive increased compliance costs and demand for allowances, boosting EU ETS prices."", ""Higher climate ambition could drive increased compliance costs and demand for allowances, boosting EU ETS prices."", ""Higher climate ambition could drive increased compliance costs and demand for allowances, boosting EU ETS prices.""]",7,1.0,0.7,0.7,"[7, 7, 7]"
4934,https://www.ft.com/content/06d1cf79-3e49-4167-8a7f-42e20dd31fbc,,This crisis could be the making of Europe carbon market,2022-10-20,https://www.ft.com/__origami/service/image/v2/images/raw/https%3A%2F%2Fd1e00ek4ebabms.cloudfront.net%2Fproduction%2F3fd37f5e-1839-40bf-abac-9d07274ff606.jpg?source=next-opengraph&fit=scale-down,ft.com,English,United Kingdom,1,4,eu_context;carbon_terms=2,YES,1,"[""YES"", ""YES"", ""YES""]","[""The headline suggests a potential structural shift in EU ETS dynamics due to crisis-driven policy changes or market reconfiguration."", ""The headline suggests a potential structural shift in EU ETS dynamics due to crisis-driven policy changes or market reconfiguration."", ""The headline suggests a potential structural shift in EU ETS dynamics due to crisis-driven policy changes or market reconfiguration.""]",8,1.0,0.8,0.8,"[8, 8, 8]"
4940,https://news.yahoo.com/why-hard-put-price-carbon-152224632.html,https://news.yahoo.com/amphtml/why-hard-put-price-carbon-152224632.html,Why It So Hard to Put a Price on Carbon,2022-10-25,https://s.yimg.com/uu/api/res/1.2/LmyAlLB1srAAINx0jSwm1w--~B/aD02ODM7dz0xMDI0O2FwcGlkPXl0YWNoeW9u/https://media.zenfs.com/en/time_72/ccf3e35260a98b19df88bd2f840aec9d,news.yahoo.com,English,United States,1,2,carbon_terms=2,NO,-1,"[""NO"", ""NO"", ""NO""]","[""The headline highlights the difficulty of assigning a carbon price, which may signal market uncertainty but doesn\u2019t directly indicate short-term price movement."", ""The headline highlights the difficulty of assigning a carbon price, which may signal market uncertainty but doesn\u2019t directly indicate short-term price movement."", ""The headline highlights the difficulty of assigning a carbon price, which may signal market uncertainty but doesn\u2019t directly indicate short-term price movement.""]",5,1.0,-0.5,-0.5,"[5, 5, 5]"
4946,https://www.ejiltalk.org/is-the-eu-realizing-an-externally-just-green-transition-a-short-analysis-of-the-carbon-border-adjustment-mechanism-from-the-perspective-of-the-cbdr-principle-and-the-right-to-development-of-ldcs/,,Is the EU realizing an externally just green transition ? A short analysis of the Carbon Border Adjustment Mechanism from the perspective of the CBDR principle and the right to development of LDCs . ,2022-10-31,https://www.ejiltalk.org/wp-content/uploads/2022/10/c-g-1RsQzyDswqI-unsplash-scaled.jpeg,ejiltalk.org,English,,1,9,eu_ets_strong;eu_context;carbon_terms=1,NO,-1,"[""NO"", ""NO"", ""NO""]","[""CBDR principle and LDC rights may trigger regulatory or political pressure that could dampen EU ETS price momentum."", ""CBDR principle and LDC rights may trigger regulatory or political pressure that could dampen EU ETS price momentum."", ""CBDR principle and LDC rights may trigger regulatory or political pressure that could dampen EU ETS price momentum.""]",3,1.0,-0.3,-0.3,"[3, 3, 3]"
4952,https://www.jdsupra.com/legalnews/introduction-to-the-eu-s-emissions-9517477/,,Introduction to the EU Emissions Trading System | Allen & Overy LLP,2022-11-02,https://jdsupra-static.s3.amazonaws.com/profile-images/og.15444_392.jpg,jdsupra.com,English,United States,1,11,eu_ets_strong;eu_context;carbon_terms=3,NO,-1,"[""NO"", ""NO"", ""NO""]","[""The headline is an introductory overview and lacks specific market-moving data or policy updates."", ""The headline is an introductory overview and lacks specific market-moving data or policy updates."", ""The headline is an introductory overview and lacks specific market-moving data or policy updates.""]",1,1.0,-0.1,-0.1,"[1, 1, 1]"
4958,https://maritime-executive.com/article/msc-estimates-pass-along-costs-from-implementation-of-eu-ets,,MSC Estimates Pass Along Costs From Implementation of EU ETS,2022-11-04,https://maritime-executive.com/media/images/article/Photos/Vessels_Large/MSC-containership.7a62fc.jpg,maritime-executive.com,English,United States,1,8,eu_ets_strong;eu_context,YES,1,"[""YES"", ""YES"", ""YES""]","[""MSC passing costs may signal increased compliance burdens, potentially driving up ETS prices."", ""MSC passing costs may signal increased compliance burdens, potentially driving up ETS prices."", ""MSC passing costs may signal increased compliance burdens, potentially driving up ETS prices.""]",7,1.0,0.7,0.7,"[7, 7, 7]"
4964,https://www.jdsupra.com/legalnews/the-world-needs-a-robust-international-2641355/,,The world needs a robust international carbon market | Allen & Overy LLP,2022-11-07,https://jdsupra-static.s3.amazonaws.com/profile-images/og.15444_392.jpg,jdsupra.com,English,United States,1,2,carbon_terms=2,NO,-1,"[""NO"", ""NO"", ""NO""]","[""It reflects a long-term policy aspiration rather than immediate market dynamics."", ""It reflects a long-term policy aspiration rather than immediate market dynamics."", ""It reflects a long-term policy aspiration rather than immediate market dynamics.""]",3,1.0,-0.3,-0.3,"[3, 3, 3]"
4970,https://seenews.com/news/bulgaria-needs-to-cut-carbon-emissions-by-10-to-2030-under-updated-eu-targets-804159,,Bulgaria needs to cut carbon emissions by 10 % to 2030 under updated EU targets,2022-11-09,https://cdn.aiidatapro.net/media/da/db/e3/dadbe323143e25a6a8a71c868ec4d2554fd56c5c.jpg,seenews.com,English,United States,1,5,eu_context;carbon_terms=3,YES,1,"[""YES"", ""YES"", ""YES""]","[""Bulgaria\u2019s emission reduction target may trigger regulatory or market adjustments in EU ETS, but short-term price impact is uncertain without immediate policy changes."", ""Bulgaria\u2019s emission reduction target may trigger regulatory or market adjustments in EU ETS, but short-term price impact is uncertain without immediate policy changes."", ""Bulgaria\u2019s emission reduction target may trigger regulatory or market adjustments in EU ETS, but short-term price impact is uncertain without immediate policy changes.""]",5,1.0,0.5,0.5,"[5, 5, 5]"
4976,https://www.businesswire.com/news/home/20221114005442/en/Nodal-Exchange-to-Launch-the-First-Ever-Washington-Carbon-Allowance-and-National-Wind-Renewable-Energy-Certificate-Futures-Contracts-in-Collaboration-with-IncubEx,,Nodal Exchange to Launch the First - Ever Washington Carbon Allowance and National Wind Renewable Energy Certificate Futures Contracts in Collaboration with IncubEx,2022-11-14,,businesswire.com,English,United States,1,3,carbon_terms=3,NO,-1,"[""NO"", ""NO"", ""NO""]","[""New carbon allowance and wind RECs futures may attract speculative interest but lack immediate regulatory or trading volume to significantly impact EU ETS prices."", ""New carbon allowance and wind RECs futures may attract speculative interest but lack immediate regulatory or trading volume to significantly impact EU ETS prices."", ""New carbon allowance and wind RECs futures may attract speculative interest but lack immediate regulatory or trading volume to significantly impact EU ETS prices.""]",5,1.0,-0.5,-0.5,"[5, 5, 5]"
4982,https://www.politico.eu/article/eu-accused-climate-accounting-tricks-cop27/,https://www.politico.eu/article/eu-accused-climate-accounting-tricks-cop27/amp/,EU accused of climate accounting tricks,2022-11-16,"https://www.politico.eu/cdn-cgi/image/width=1200,height=630,fit=crop,quality=80,onerror=redirect/wp-content/uploads/2022/11/15/GettyImages-1244546915.jpg",politico.eu,English,United States,1,2,eu_context,NO,-1,"[""NO"", ""NO"", ""NO""]","[""Potential reputational and regulatory backlash could trigger policy adjustments or market uncertainty."", ""Potential reputational and regulatory backlash could trigger policy adjustments or market uncertainty."", ""Potential reputational and regulatory backlash could trigger policy adjustments or market uncertainty.""]",6,1.0,-0.6,-0.6,"[6, 6, 6]"
4988,https://www.etftrends.com/climate-insights-channel/an-advisors-guide-to-the-eu-carbon-market-with-kraneshares/,https://www.etftrends.com/climate-insights-channel/an-advisors-guide-to-the-eu-carbon-market-with-kraneshares/amp/,An Advisor Guide to the EU Carbon Market With KraneShares,2022-11-19,,etftrends.com,English,China,1,4,eu_context;carbon_terms=2,NO,-1,"[""NO"", ""NO"", ""NO""]","[""The guide is educational and does not contain actionable market signals or policy shifts that would directly impact short-term EU ETS pricing."", ""The guide is educational and does not contain actionable market signals or policy shifts that would directly impact short-term EU ETS pricing."", ""The guide is educational and does not contain actionable market signals or policy shifts that would directly impact short-term EU ETS pricing.""]",2,1.0,-0.2,-0.2,"[2, 2, 2]"
4994,https://www.hellenicshippingnews.com/european-ports-only-a-well-designed-maritime-eu-ets-with-dedicated-funding-will-accelerate-the-greening-of-the-shipping-sector/,,European Ports : Only A Well - Designed Maritime Eu Ets With Dedicated Funding Will Accelerate The Greening Of The Shipping Sector,2022-11-22,,hellenicshippingnews.com,English,China,1,8,eu_ets_strong;eu_context,YES,1,"[""YES"", ""YES"", ""YES""]","[""Well-designed maritime EU ETS with funding could drive significant emissions reductions and boost prices via increased compliance costs."", ""Well-designed maritime EU ETS with funding could drive significant emissions reductions and boost prices via increased compliance costs."", ""Well-designed maritime EU ETS with funding could drive significant emissions reductions and boost prices via increased compliance costs.""]",7,1.0,0.7,0.7,"[7, 7, 7]"
5000,https://katcountry989.com/2022/11/28/eex-exchange-to-host-german-carbon-auctions-for-another-3-years/,,EEX exchange to host German carbon auctions for another 3 years,2022-11-28,https://storage.googleapis.com/media.mwcradio.com/mimesis/2022-11/28/2022-11-28T133434Z_2_LYNXMPEIAR0I1_RTROPTP_3_ENERGY-GAS-EXCHANGE.JPG,katcountry989.com,English,United States,1,9,eu_ets_strong;carbon_terms=3,YES,1,"[""YES"", ""YES"", ""YES""]","[""German auctions adding volume and price pressure to EU ETS market."", ""German auctions adding volume and price pressure to EU ETS market."", ""German auctions adding volume and price pressure to EU ETS market.""]",7,1.0,0.7,0.7,"[7, 7, 7]"
5006,https://www.offshore-energy.biz/tentative-deal-on-including-shippings-ghg-emissions-in-eu-ets-covers-methane-and-n20/,,Tentative deal on including shipping GHG emissions in EU ETS covers methane and N20,2022-11-30,https://www.offshore-energy.biz/wp-content/uploads/sites/6/2022/11/European-Parliament.jpg,offshore-energy.biz,English,,1,10,eu_ets_strong;eu_context;carbon_terms=2,YES,1,"[""YES"", ""YES"", ""YES""]","[""Expanding EU ETS to include shipping emissions could increase demand and price pressure due to new compliance obligations."", ""Expanding EU ETS to include shipping emissions could increase demand and price pressure due to new compliance obligations."", ""Expanding EU ETS to include shipping emissions could increase demand and price pressure due to new compliance obligations.""]",7,1.0,0.7,0.7,"[7, 7, 7]"
5012,https://www.digitaljournal.com/pr/workable-strategic-report-on-carbon-credit-trading-platform-market-by-forecast-to-2029-with-covered-top-companies-nasdaq-inc-eex-group-aircarbon-exchange-carbon-trade-exchange,,"Workable Strategic Report on Carbon Credit Trading Platform Market by Forecast to 2029 With Covered Top Companies : Nasdaq Inc ., EEX Group , AirCarbon Exchange , Carbon Trade Exchange",2022-12-02,,digitaljournal.com,English,United States,2,9,eu_ets_strong;carbon_terms=3,NO,-1,"[""NO"", ""NO"", ""NO""]","[""Market sentiment and platform adoption may influence trading volume but don\u2019t directly drive short-term EU ETS price."", ""Market sentiment and platform adoption may influence trading volume but don\u2019t directly drive short-term EU ETS price."", ""Market sentiment and platform adoption may influence trading volume but don\u2019t directly drive short-term EU ETS price.""]",5,1.0,-0.5,-0.5,"[5, 5, 5]"
5018,https://www.hellenicshippingnews.com/eus-ets-for-shipping-to-start-from-2024-include-methane-in-emissions-accounting/,,"EU ETS for shipping to start from 2024 , include methane in emissions accounting",2022-12-04,,hellenicshippingnews.com,English,China,1,10,eu_ets_strong;eu_context;carbon_terms=2,YES,1,"[""YES"", ""YES"", ""YES""]","[""New scope and methane inclusion may drive higher compliance costs and price pressure in 2024."", ""New scope and methane inclusion may drive higher compliance costs and price pressure in 2024."", ""New scope and methane inclusion may drive higher compliance costs and price pressure in 2024.""]",7,1.0,0.7,0.7,"[7, 7, 7]"
5024,https://www.businesswire.com/news/home/20221206005646/en/First-Washington-Carbon-Allowance-Futures-Trades-on-Nodal-Exchange,,First Washington Carbon Allowance Futures Trades on Nodal Exchange,2022-12-06,,businesswire.com,English,United States,1,3,carbon_terms=3,YES,1,"[""YES"", ""YES"", ""YES""]","[""First futures trades on a nodal exchange signal growing market structure but may not yet reflect broad investor sentiment."", ""First futures trades on a nodal exchange signal growing market structure but may not yet reflect broad investor sentiment."", ""First futures trades on a nodal exchange signal growing market structure but may not yet reflect broad investor sentiment.""]",5,1.0,0.5,0.5,"[5, 5, 5]"
5030,https://www.foxbusiness.com/markets/eu-announces-price-hikes-airline-permits-bid-combat-climate-change,https://www.foxbusiness.com/markets/eu-announces-price-hikes-airline-permits-bid-combat-climate-change.amp,EU announces price hikes for airline permits in bid to combat climate change,2022-12-08,https://a57.foxnews.com/static.foxbusiness.com/foxbusiness.com/content/uploads/2021/06/0/0/boeingairbus.jpg?ve=1&tl=1,foxbusiness.com,English,United States,1,5,eu_context;carbon_terms=3,YES,1,"[""YES"", ""YES"", ""YES""]","[""Price hikes signal tightening emissions caps, likely boosting demand and pushing prices higher."", ""Price hikes signal tightening emissions caps, likely boosting demand and pushing prices higher."", ""Price hikes signal tightening emissions caps, likely boosting demand and pushing prices higher.""]",8,1.0,0.8,0.8,"[8, 8, 8]"
5036,https://flightaware.com/squawks/view/1/today/popular/91248/EU_Introduces_New_Rules_for_Implementation_of_Emissions_Trading_System_in_Aviation_Sector,,EU Introduces New Rules for Implementation of Emissions Trading System in Aviation Sector,2022-12-12,https://flightaware.com/images/og_default_image.png,flightaware.com,English,United States,1,11,eu_ets_strong;eu_context;carbon_terms=3,YES,1,"[""YES"", ""YES"", ""YES""]","[""New aviation rules may increase compliance costs and emissions caps, potentially boosting ETS prices."", ""New aviation rules may increase compliance costs and emissions caps, potentially boosting ETS prices."", ""New aviation rules may increase compliance costs and emissions caps, potentially boosting ETS prices.""]",7,1.0,0.7,0.7,"[7, 7, 7]"
5042,https://fuelcellsworks.com/news/cbam-regulation-comes-with-contradictions-regarding-hydrogen-imports/,,CBAM Regulation Comes With Contradictions Regarding Hydrogen Imports,2022-12-14,https://img.fuelcellsworks.com/wp-content/uploads/2022/11/Hydrogen_shutterstock.jpg,fuelcellsworks.com,English,United States,1,6,eu_ets_strong,NO,-1,"[""NO"", ""NO"", ""NO""]","[""CBAM\u2019s hydrogen import rules may create compliance costs that indirectly pressure EU ETS prices through increased industrial emissions."", ""CBAM\u2019s hydrogen import rules may create compliance costs that indirectly pressure EU ETS prices through increased industrial emissions."", ""CBAM\u2019s hydrogen import rules may create compliance costs that indirectly pressure EU ETS prices through increased industrial emissions.""]",6,1.0,-0.6,-0.6,"[6, 6, 6]"
5048,https://www.natlawreview.com/article/eu-reaches-provisional-agreement-carbon-border-adjustment-mechanism,https://www.natlawreview.com/article/eu-reaches-provisional-agreement-carbon-border-adjustment-mechanism?amp,European Union Carbon Border Adjustment Mechanism,2022-12-16,https://www.natlawreview.com/sites/default/files/article/aux/19817/EU%20European-Union-on%20map_1.jpg,natlawreview.com,English,United States,1,9,eu_ets_strong;eu_context;carbon_terms=1,YES,1,"[""YES"", ""YES"", ""YES""]","[""EU CBAM could drive long-term price increases by imposing carbon costs on imports."", ""EU CBAM could drive long-term price increases by imposing carbon costs on imports."", ""EU CBAM could drive long-term price increases by imposing carbon costs on imports.""]",7,1.0,0.7,0.7,"[7, 7, 7]"
5054,https://www.lexology.com/library/detail.aspx?g=3115aa86-985e-4756-9665-f9b18081264a,,Voluntary offset markets for carbon ( and other GHGs ) ,2022-12-27,,lexology.com,English,United States,1,2,carbon_terms=2,NO,-1,"[""NO"", ""NO"", ""NO""]","[""Voluntary offset markets can influence ETS prices indirectly by creating demand for compliance credits, but their impact is limited and volatile."", ""Voluntary offset markets can influence ETS prices indirectly by creating demand for compliance credits, but their impact is limited and volatile."", ""Voluntary offset markets can influence ETS prices indirectly by creating demand for compliance credits, but their impact is limited and volatile.""]",3,1.0,-0.3,-0.3,"[3, 3, 3]"
5060,https://www.nature.com/articles/s41558-022-01560-w,,Financials threaten to undermine the functioning of emissions markets,2022-12-29,https://media.springernature.com/m685/springer-static/image/art%3A10.1038%2Fs41558-022-01560-w/MediaObjects/41558_2022_1560_Fig1_HTML.png,nature.com,English,United States,1,3,carbon_terms=3,NO,-1,"[""NO"", ""NO"", ""NO""]","[""Financials\u2019 influence may distort market signals and reduce compliance, risking price stability."", ""Financials\u2019 influence may distort market signals and reduce compliance, risking price stability."", ""Financials\u2019 influence may distort market signals and reduce compliance, risking price stability.""]",7,1.0,-0.7,-0.7,"[7, 7, 7]"
5066,https://www.berkshireeagle.com/ap/factcheck/eu-not-imposing-a-personal-carbon-credit-system/article_c3ef1ac4-8882-11ed-8077-676d061adecc.html,,EU not imposing a  personal carbon credit  system,2022-12-31,https://bloximages.newyork1.vip.townnews.com/berkshireeagle.com/content/tncms/assets/v3/editorial/0/8e/08e4e190-8883-11ed-b17e-9f5bb68524e9/63af4e581ecd7.image.jpg?crop=1763%2C926%2C0%2C124,berkshireeagle.com,English,United States,1,3,eu_context;carbon_terms=1,NO,-1,"[""NO"", ""NO"", ""NO""]","[""Lack of personal carbon credit system may reduce public awareness and compliance, but has minimal direct impact on EU ETS price."", ""Lack of personal carbon credit system may reduce public awareness and compliance, but has minimal direct impact on EU ETS price."", ""Lack of personal carbon credit system may reduce public awareness and compliance, but has minimal direct impact on EU ETS price.""]",3,1.0,-0.3,-0.3,"[3, 3, 3]"
5072,https://www.trtworld.com/magazine/why-is-eu-deforestation-law-angering-indonesia-and-malaysia-64391,https://www.trtworld.com/magazine/why-is-eu-deforestation-law-angering-indonesia-and-malaysia-64391/amp,Why is EU deforestation law angering Indonesia and Malaysia ? ,2023-01-11,https://cdni0.trtworld.com/w480/h270/q75/147798_PalmOilAP_1673446919368.jpg,trtworld.com,English,Turkey,1,2,eu_context,NO,-1,"[""NO"", ""NO"", ""NO""]","[""EU deforestation law may indirectly affect carbon markets via supply chain compliance, but immediate price impact is uncertain."", ""EU deforestation law may indirectly affect carbon markets via supply chain compliance, but immediate price impact is uncertain."", ""EU deforestation law may indirectly affect carbon markets via supply chain compliance, but immediate price impact is uncertain.""]",5,1.0,-0.5,-0.5,"[5, 5, 5]"
5078,https://www.etftrends.com/climate-insights-channel/capture-upside-add-diversification-in-carbon-futures-with-this-etf/,https://www.etftrends.com/climate-insights-channel/capture-upside-add-diversification-in-carbon-futures-with-this-etf/amp/,"Capture Upside , Add Diversification in Carbon Futures With This ETF",2023-01-18,,etftrends.com,English,China,1,2,carbon_terms=2,NO,-1,"[""NO"", ""NO"", ""NO""]","[""ETFs may offer diversification but don't directly influence short-term EU ETS price movements."", ""ETFs may offer diversification but don't directly influence short-term EU ETS price movements."", ""ETFs may offer diversification but don't directly influence short-term EU ETS price movements.""]",5,1.0,-0.5,-0.5,"[5, 5, 5]"
5084,https://www.cemnet.com/News/story/174196/eua-rising-by-end-of-year-driven-by-compliance-and-higher-coal-and-gas-prices.html,,"EUA rising by end of year , driven by compliance and higher coal and gas prices",2023-01-23,,cemnet.com,English,United States,1,8,eu_ets_strong;carbon_terms=1;energy_driver,YES,1,"[""YES"", ""YES"", ""YES""]","[""Coal and gas price hikes directly pressure EU ETS compliance costs, reinforcing upward price momentum."", ""Coal and gas price hikes directly pressure EU ETS compliance costs, reinforcing upward price momentum."", ""Coal and gas price hikes directly pressure EU ETS compliance costs, reinforcing upward price momentum.""]",8,1.0,0.8,0.8,"[8, 8, 8]"
5090,https://www.marketscreener.com/quote/currency/US-DOLLAR-RUSSIAN-ROUBL-2370597/news/Analyst-EU-carbon-price-forecasts-edge-higher-but-risks-remain-42806799/,https://www.marketscreener.com/amp/quote/currency/US-DOLLAR-RUSSIAN-ROUBL-2370597/news/Analyst-EU-carbon-price-forecasts-edge-higher-but-risks-remain-42806799/,Analyst EU carbon price forecasts edge higher but risks remain,2023-01-25,https://img.zonebourse.com/reuters/2021-12/2021-12-16T183856Z_1_LYNXMPEHBF11H_RTROPTP_3_EU-CARBON-POLL.JPG,marketscreener.com,English,,1,4,eu_context;carbon_terms=2,YES,1,"[""YES"", ""YES"", ""YES""]","[""Analyst forecasts suggest upward pressure but lingering risks imply volatility rather than a guaranteed rise."", ""Analyst forecasts suggest upward pressure but lingering risks imply volatility rather than a guaranteed rise."", ""Analyst forecasts suggest upward pressure but lingering risks imply volatility rather than a guaranteed rise.""]",7,1.0,0.7,0.7,"[7, 7, 7]"
5096,https://www.news24.com/fin24/climate_future/solutions/opinion-when-it-comes-to-carbon-credits-absence-makes-the-price-fall-further-20230128,/amp/fin24/climate_future/solutions/opinion-when-it-comes-to-carbon-credits-absence-makes-the-price-fall-further-20230128,"OPINION | When it comes to carbon credits , absence makes the price fall further",2023-01-28,https://cdn.24.co.za/files/Cms/General/d/3523/07f0a07d40aa4bfab314bb46870d7dd1.jpg,news24.com,English,South Africa,1,2,carbon_terms=2,NO,-1,"[""NO"", ""NO"", ""NO""]","[""Absence of carbon credits can signal reduced demand or compliance pressure, potentially depressing EU ETS prices."", ""Absence of carbon credits can signal reduced demand or compliance pressure, potentially depressing EU ETS prices."", ""Absence of carbon credits can signal reduced demand or compliance pressure, potentially depressing EU ETS prices.""]",7,1.0,-0.7,-0.7,"[7, 7, 7]"
5102,https://impakter.com/the-voluntary-carbon-market-unregulated-and-useless/,,The Voluntary Carbon Market : Unregulated and Useless ? ,2023-01-31,https://fastcdn.impakter.com/wp-content/uploads/2023/01/35895932465_c30dd9729b_k.jpg,impakter.com,English,United States,1,2,carbon_terms=2,NO,-1,"[""NO"", ""NO"", ""NO""]","[""Voluntary carbon market dynamics may influence EU ETS pricing indirectly but lack direct regulatory linkage."", ""Voluntary carbon market dynamics may influence EU ETS pricing indirectly but lack direct regulatory linkage."", ""Voluntary carbon market dynamics may influence EU ETS pricing indirectly but lack direct regulatory linkage.""]",5,1.0,-0.5,-0.5,"[5, 5, 5]"
5108,https://economictimes.indiatimes.com/small-biz/trade/exports/insights/carbon-border-tax-why-it-may-have-adverse-impact-on-indias-exports-to-the-eu/articleshow/97571575.cms,https://m.economictimes.com/small-biz/trade/exports/insights/carbon-border-tax-why-it-may-have-adverse-impact-on-indias-exports-to-the-eu/amp_articleshow/97571575.cms,Carbon Border Tax – Why it may have adverse impact on India exports to the EU,2023-02-03,"https://img.etimg.com/thumb/msid-97571659,width-1070,height-580,imgsize-250986,overlay-etrise/photo.jpg",economictimes.indiatimes.com,English,India,1,3,eu_context;carbon_terms=1,NO,-1,"[""NO"", ""NO"", ""NO""]","[""EU carbon border tax could raise costs for Indian exporters, reducing competitiveness and potentially lowering EU ETS prices if demand weakens."", ""EU carbon border tax could raise costs for Indian exporters, reducing competitiveness and potentially lowering EU ETS prices if demand weakens."", ""EU carbon border tax could raise costs for Indian exporters, reducing competitiveness and potentially lowering EU ETS prices if demand weakens.""]",6,1.0,-0.6,-0.6,"[6, 6, 6]"
5114,https://www.proactiveinvestors.co.uk/companies/news/1006679/today-s-market-view-anglo-asian-mining-castillo-copper-power-metal-resources-and-more-1006679.html,,"Today Market View - Anglo Asian Mining , Castillo Copper , Power Metal Resources , and more ... ",2023-02-20,https://cdn.proactiveinvestors.com/eyJidWNrZXQiOiJwYS1jZG4iLCJrZXkiOiJ1cGxvYWRcL05ld3NcL0ltYWdlXC8yMDIzXzAyXC9HbGVuY29yZS1Qcm9kZWNvLUxhLUphZ3VhLW1pbmUtQ29sb21iaWEuanBnIiwiZWRpdHMiOnsicmVzaXplIjp7IndpZHRoIjoxMjAwLCJoZWlnaHQiOjYzMCwiZml0IjoiY292ZXIifX19,proactiveinvestors.co.uk,English,United Kingdom,1,2,carbon_terms=1;energy_driver,NO,-1,"[""NO"", ""NO"", ""NO""]","[""Short-term ETS price movement unlikely to be driven by this mining-related headline."", ""Short-term ETS price movement unlikely to be driven by this mining-related headline."", ""Short-term ETS price movement unlikely to be driven by this mining-related headline.""]",2,1.0,-0.2,-0.2,"[2, 2, 2]"
5120,https://oilprice.com/Latest-Energy-News/World-News/EU-Carbon-Price-Surges-Past-100.html,https://oilprice.com/Latest-Energy-News/World-News/EU-Carbon-Price-Surges-Past-100.amp.html,EU Carbon Price Surges Past $100,2023-02-22,https://d32r1sh890xpii.cloudfront.net/news/718x300/2023-02-22_dnbx7vikds.jpg,oilprice.com,English,United States,1,4,eu_context;carbon_terms=2,YES,1,"[""YES"", ""YES"", ""YES""]","[""Short-term price surge signals strong market confidence in carbon pricing policy."", ""Short-term price surge signals strong market confidence in carbon pricing policy."", ""Short-term price surge signals strong market confidence in carbon pricing policy.""]",8,1.0,0.8,0.8,"[8, 8, 8]"
5126,https://www.thehindubusinessline.com/opinion/climate-is-eus-big-trade-weapon/article66584722.ece,https://www.thehindubusinessline.com/opinion/climate-is-eus-big-trade-weapon/article66584722.ece/amp/,Climate is EU big trade weapon - The Hindu BusinessLine,2023-03-05,https://bl-i.thgim.com/public/incoming/m7c3mk/article66584729.ece/alternates/LANDSCAPE_1200/IMG_bl13_Think1_Mundra1_2_1_U992U17E.jpg,thehindubusinessline.com,English,India,1,2,eu_context,NO,-1,"[""NO"", ""NO"", ""NO""]","[""EU ETS policy shifts may influence trade, but short-term price direction is uncertain without concrete regulatory moves."", ""EU ETS policy shifts may influence trade, but short-term price direction is uncertain without concrete regulatory moves."", ""EU ETS policy shifts may influence trade, but short-term price direction is uncertain without concrete regulatory moves.""]",5,1.0,-0.5,-0.5,"[5, 5, 5]"
5132,https://www.proactiveinvestors.co.uk/companies/news/1008258/today-s-market-view-ariana-resources-cornish-metals-power-metal-resources-and-more-1008258.html,,"Today Market View - Ariana Resources , Cornish Metals , Power Metal Resources , and more ... ",2023-03-07,https://cdn.proactiveinvestors.com/eyJidWNrZXQiOiJwYS1jZG4iLCJrZXkiOiJ1cGxvYWRcL05ld3NcL0ltYWdlXC8yMDIzXzAzXC8yMDIxLTAxLTEyLTA4LTA4LTU1LTRiZTAzY2JiYzE5NTA2MTU1NGFhZDMyZTNiZWZiZDNmLmpwZyIsImVkaXRzIjp7InJlc2l6ZSI6eyJ3aWR0aCI6MTIwMCwiaGVpZ2h0Ijo2MzAsImZpdCI6ImNvdmVyIn19fQ==,proactiveinvestors.co.uk,English,United Kingdom,1,2,carbon_terms=1;energy_driver,NO,-1,"[""NO"", ""NO"", ""NO""]","[""No direct link to EU ETS price movement from listed companies' market view."", ""No direct link to EU ETS price movement from listed companies' market view."", ""No direct link to EU ETS price movement from listed companies' market view.""]",2,1.0,-0.2,-0.2,"[2, 2, 2]"
5138,https://www.finanznachrichten.de/nachrichten-2023-03/58515532-eavor-technologies-inc-eavor-s-next-generation-geothermal-project-awarded-euro-91-6-million-grant-from-the-european-innovation-fund-399.htm,,"Eavor Technologies Inc .: Eavor next - generation geothermal project awarded €91 , 6 million grant from the European Innovation Fund",2023-03-09,https://ml.globenewswire.com/media/ZjNmMTk4ZjYtMWIwMS00NmZkLWEyMmUtNmU2YWM1YTBlYmVmLTExNjg2ODA=/tiny/Eavor-Technologies-Inc-.png,finanznachrichten.de,English,Germany,1,2,eu_context,NO,-1,"[""NO"", ""NO"", ""NO""]","[""Geothermal projects like Eavor\u2019s are long-term infrastructure investments unlikely to impact short-term EU ETS prices significantly."", ""Geothermal projects like Eavor\u2019s are long-term infrastructure investments unlikely to impact short-term EU ETS prices significantly."", ""Geothermal projects like Eavor\u2019s are long-term infrastructure investments unlikely to impact short-term EU ETS prices significantly.""]",3,1.0,-0.3,-0.3,"[3, 3, 3]"
5144,https://www.natlawreview.com/article/cbam-track-to-take-effect-october-2023,https://www.natlawreview.com/article/cbam-track-to-take-effect-october-2023?amp,Europe Carbon Border Adjustment Mechanism Coming October 2023,2023-03-14,https://www.natlawreview.com/sites/default/files/article/aux/22623/EU%20Flag%20Sky%20European%20Commision%20SMALLER.jpg,natlawreview.com,English,United States,1,9,eu_ets_strong;eu_context;carbon_terms=1,YES,1,"[""YES"", ""YES"", ""YES""]","[""EU ETS price likely to rise due to increased import tariffs on carbon-intensive goods."", ""EU ETS price likely to rise due to increased import tariffs on carbon-intensive goods."", ""EU ETS price likely to rise due to increased import tariffs on carbon-intensive goods.""]",8,1.0,0.8,0.8,"[8, 8, 8]"
5150,https://www.jdsupra.com/legalnews/the-eu-agreement-on-a-carbon-border-1914435/,,The EU Agreement on a Carbon Border Adjustment Mechanism | White & Case LLP,2023-03-17,https://jdsupra-static.s3.amazonaws.com/profile-images/og.12122_4252.jpg,jdsupra.com,English,United States,1,9,eu_ets_strong;eu_context;carbon_terms=1,YES,1,"[""YES"", ""YES"", ""YES""]","[""Carbon border adjustment could drive increased compliance costs and demand for allowances, boosting EU ETS prices."", ""Carbon border adjustment could drive increased compliance costs and demand for allowances, boosting EU ETS prices."", ""Carbon border adjustment could drive increased compliance costs and demand for allowances, boosting EU ETS prices.""]",7,1.0,0.7,0.7,"[7, 7, 7]"
5156,https://african.business/2023/03/resources/carbon-trading-is-vital-for-speeding-up-the-energy-transition,,Carbon trading is vital for speeding up the energy transition,2023-03-20,https://african.business/wp-content/uploads/2023/03/adobestock_481146491-1024x576.jpeg,african.business,English,,1,2,carbon_terms=2,NO,-1,"[""NO"", ""NO"", ""NO""]","[""It\u2019s a broad policy statement with limited direct market impact on short-term EU ETS pricing."", ""It\u2019s a broad policy statement with limited direct market impact on short-term EU ETS pricing."", ""It\u2019s a broad policy statement with limited direct market impact on short-term EU ETS pricing.""]",3,1.0,-0.3,-0.3,"[3, 3, 3]"
5162,https://akihabaranews.com/the-carbon-emissions-buy-out/,https://akihabaranews.com/the-carbon-emissions-buy-out/?amp=1,The Carbon Emissions Buy Out - Akihabara News,2023-03-25,https://akihabaranews.com/wp-content/uploads/2022/07/Reforest-Offset.jpeg,akihabaranews.com,English,Japan,1,3,carbon_terms=3,NO,-1,"[""NO"", ""NO"", ""NO""]","[""The headline lacks specific economic or regulatory context to influence EU ETS pricing."", ""The headline lacks specific economic or regulatory context to influence EU ETS pricing."", ""The headline lacks specific economic or regulatory context to influence EU ETS pricing.""]",2,1.0,-0.2,-0.2,"[2, 2, 2]"
5168,https://www.etftrends.com/climate-insights-channel/warm-winter-continues-to-put-european-climate-change-in-focus/,https://www.etftrends.com/climate-insights-channel/warm-winter-continues-to-put-european-climate-change-in-focus/amp/,Warm Winter Continues to Put European Climate Change in Focus,2023-03-29,https://www.etftrends.com/wp-content/uploads/2022/07/Record-U.K.-Heatwave-Highlights-Climate-Risk-Investing-for-Change.jpg,etftrends.com,English,China,1,2,eu_context,NO,-1,"[""NO"", ""NO"", ""NO""]","[""Warm winter may delay policy action but doesn\u2019t signal sustained price pressure."", ""Warm winter may delay policy action but doesn\u2019t signal sustained price pressure."", ""Warm winter may delay policy action but doesn\u2019t signal sustained price pressure.""]",5,1.0,-0.5,-0.5,"[5, 5, 5]"
5174,https://www.msn.com/en-in/news/other/ukraine-s-zaporizhzhia-power-plant-how-prepared-is-europe-for-a-future-nuclear-disaster/ar-AA18ueqj,,Ukraine Zaporizhzhia power plant : How prepared is Europe for a future nuclear disaster ? ,2023-03-31,https://img-s-msn-com.akamaized.net/tenant/amp/entityid/AA19jemF.img?&m=6&q=60&o=t&l=f&f=jpg,msn.com,English,United States,2,3,eu_context;energy_driver,NO,-1,"[""NO"", ""NO"", ""NO""]","[""Ukraine\u2019s Zaporizhzhia plant is a nuclear facility, but its operational status and safety are not directly tied to EU ETS pricing mechanisms."", ""Ukraine\u2019s Zaporizhzhia plant is a nuclear facility, but its operational status and safety are not directly tied to EU ETS pricing mechanisms."", ""Ukraine\u2019s Zaporizhzhia plant is a nuclear facility, but its operational status and safety are not directly tied to EU ETS pricing mechanisms.""]",3,1.0,-0.3,-0.3,"[3, 3, 3]"
5180,https://www.msn.com/en-xl/news/other/norway-germany-uk-which-european-countries-have-the-biggest-share-of-electric-cars/ar-AA1aSRm0,,"Norway , Germany , united kingdom : Which European countries have the biggest share of electric cars ? ",2023-05-08,https://img-s-msn-com.akamaized.net/tenant/amp/entityid/AA1aSyDk.img?&m=6&q=60&o=t&l=f&f=jpg&x=504&y=84,msn.com,English,United States,2,2,eu_context,NO,-1,"[""NO"", ""NO"", ""NO""]","[""Electric car adoption data does not directly influence EU ETS price dynamics."", ""Electric car adoption data does not directly influence EU ETS price dynamics."", ""Electric car adoption data does not directly influence EU ETS price dynamics.""]",1,1.0,-0.1,-0.1,"[1, 1, 1]"
5186,https://www.business-standard.com/economy/news/centre-asks-industry-to-be-ready-for-eu-carbon-tax-vows-smooth-transition-123051000343_1.html,https://www.business-standard.com/amp/economy/news/centre-asks-industry-to-be-ready-for-eu-carbon-tax-vows-smooth-transition-123051000343_1.html,"Centre asks industry to be ready for EU carbon tax , vows smooth transition",2023-05-10,https://bsmedia.business-standard.com/_media/bs/img/article/2023-04/30/full/1682873740-8968.jpg,business-standard.com,English,India,1,3,eu_context;carbon_terms=1,YES,1,"[""YES"", ""YES"", ""YES""]","[""Industry readiness and smooth transition signals potential price stabilization or modest upward pressure."", ""Industry readiness and smooth transition signals potential price stabilization or modest upward pressure."", ""Industry readiness and smooth transition signals potential price stabilization or modest upward pressure.""]",7,1.0,0.7,0.7,"[7, 7, 7]"
5192,https://energypost.eu/europe-preventing-a-carbon-wall-between-the-west-and-the-ten-central-and-eastern-eu-nations/,,Europe : preventing a  carbon wall  between the West and the ten Central and Eastern EU nations,2023-05-12,,energypost.eu,English,China,2,3,eu_context;carbon_terms=1,NO,-1,"[""NO"", ""NO"", ""NO""]","[""Potential regulatory divergence could trigger market uncertainty but not immediate price movement."", ""Potential regulatory divergence could trigger market uncertainty but not immediate price movement."", ""Potential regulatory divergence could trigger market uncertainty but not immediate price movement.""]",5,1.0,-0.5,-0.5,"[5, 5, 5]"
5198,https://news.yahoo.com/14-best-music-festivals-europe-121458340.html,https://news.yahoo.com/amphtml/14-best-music-festivals-europe-121458340.html,"The 14 best music festivals in Europe , from Primavera Sound to Rock Werchter",2023-05-14,https://media.zenfs.com/en/the_independent_635/1950480840b99f079dec69b31a557d59,news.yahoo.com,English,United States,2,2,eu_context,NO,-1,"[""NO"", ""NO"", ""NO""]","[""Music festivals have negligible direct impact on EU ETS pricing, unless tied to large-scale carbon-intensive events or policy changes."", ""Music festivals have negligible direct impact on EU ETS pricing, unless tied to large-scale carbon-intensive events or policy changes."", ""Music festivals have negligible direct impact on EU ETS pricing, unless tied to large-scale carbon-intensive events or policy changes.""]",1,1.0,-0.1,-0.1,"[1, 1, 1]"
5204,https://economictimes.indiatimes.com/small-biz/trade/exports/insights/inter-ministerial-group-looking-at-impact-of-eus-carbon-tax-on-indias-exports/articleshow/100265967.cms,https://m.economictimes.com/small-biz/trade/exports/insights/inter-ministerial-group-looking-at-impact-of-eus-carbon-tax-on-indias-exports/amp_articleshow/100265967.cms,Inter - ministerial group looking at impact of EU carbon tax on India exports,2023-05-16,"https://img.etimg.com/thumb/msid-100265957,width-1070,height-580,imgsize-114978,overlay-etrise/photo.jpg",economictimes.indiatimes.com,English,India,2,3,eu_context;carbon_terms=1,NO,-1,"[""NO"", ""NO"", ""NO""]","[""EU ETS impacts primarily domestic markets, not India\u2019s export sector directly."", ""EU ETS impacts primarily domestic markets, not India\u2019s export sector directly."", ""EU ETS impacts primarily domestic markets, not India\u2019s export sector directly.""]",2,1.0,-0.2,-0.2,"[2, 2, 2]"
5210,https://menafn.com/1106268361/Europe-Fuel-Card-Market-Demonstrates-Strong-Market-Size-Amidst-Industry-Evolution-Reaching-USD-374592-Billion-By-2025,,Europe Fuel Card Market Demonstrates Strong Market Size Amidst Industry Evolution | Reaching USD 374 . 592 Billion By 2025,2023-05-18,https://menafn.com/updates/pr/2023-05/18/EP_05690image_story.jpeg,menafn.com,English,Qatar,2,3,eu_context;carbon_terms=1,NO,-1,"[""NO"", ""NO"", ""NO""]","[""Fuel card market growth is not directly correlated with EU ETS price movements."", ""Fuel card market growth is not directly correlated with EU ETS price movements."", ""Fuel card market growth is not directly correlated with EU ETS price movements.""]",3,1.0,-0.3,-0.3,"[3, 3, 3]"
5216,https://english.news.cn/20230520/d34245ef6da34dbb8b3e88082510c7d9/c.html,,"Economic Watch : China green partnership with central , eastern Europe  the next best investment opportunity - Xinhua",2023-05-20,,english.news.cn,English,,2,2,eu_context,NO,-1,"[""NO"", ""NO"", ""NO""]","[""EU ETS price unlikely to react strongly to China\u2019s regional green partnerships due to limited direct market linkage."", ""EU ETS price unlikely to react strongly to China\u2019s regional green partnerships due to limited direct market linkage."", ""EU ETS price unlikely to react strongly to China\u2019s regional green partnerships due to limited direct market linkage.""]",3,1.0,-0.3,-0.3,"[3, 3, 3]"
5222,https://www.washingtonexaminer.com/policy/energy-environment/heres-how-long-evs-have-to-be-driven-before-they-save-emissions-versus-gas-cars,,Here how long EVs have to be driven before they save emissions versus gas cars,2023-05-22,http://mediadc-brightspot.s3.amazonaws.com/71/26/24c89d1f490b854e21896a691ec1/ap23102015614330.jpg,washingtonexaminer.com,English,United States,2,3,carbon_terms=2;energy_driver,NO,-1,"[""NO"", ""NO"", ""NO""]","[""EV emissions savings depend on usage patterns and grid mix, not just vehicle type."", ""EV emissions savings depend on usage patterns and grid mix, not just vehicle type."", ""EV emissions savings depend on usage patterns and grid mix, not just vehicle type.""]",3,1.0,-0.3,-0.3,"[3, 3, 3]"
5228,https://www.euractiv.com/section/climate-environment/news/us-eu-lawmakers-demand-removal-of-oil-executive-heading-climate-talks/,,"US , EU lawmakers demand removal of oil executive heading climate talks",2023-05-24,https://www.euractiv.com/wp-content/uploads/sites/2/2023/05/Sultan-Jaber-climate-1-800x450.jpg,euractiv.com,English,United Kingdom,2,3,eu_context;energy_driver,NO,-1,"[""NO"", ""NO"", ""NO""]","[""Potential regulatory backlash could dampen investor confidence in carbon markets."", ""Potential regulatory backlash could dampen investor confidence in carbon markets."", ""Potential regulatory backlash could dampen investor confidence in carbon markets.""]",5,1.0,-0.5,-0.5,"[5, 5, 5]"
5234,https://www.finanznachrichten.de/nachrichten-2023-05/59193452-novavax-inc-novavax-s-nuvaxovid-receives-positive-chmp-opinion-for-full-marketing-authorization-for-the-prevention-of-covid-in-the-eu-008.htm,,"Novavax , Inc .: Novavax Nuvaxovid Receives Positive CHMP Opinion for Full Marketing Authorization for the Prevention of COVID in the EU",2023-05-26,,finanznachrichten.de,English,Germany,1,3,eu_context;carbon_terms=1,NO,-1,"[""NO"", ""NO"", ""NO""]","[""EU ETS price unlikely to be directly impacted by Novavax\u2019s CHMP approval for COVID prevention, as it\u2019s not a direct emissions trading or industrial sector event."", ""EU ETS price unlikely to be directly impacted by Novavax\u2019s CHMP approval for COVID prevention, as it\u2019s not a direct emissions trading or industrial sector event."", ""EU ETS price unlikely to be directly impacted by Novavax\u2019s CHMP approval for COVID prevention, as it\u2019s not a direct emissions trading or industrial sector event.""]",3,1.0,-0.3,-0.3,"[3, 3, 3]"
5240,https://www.arkansasonline.com/news/2023/may/28/hydrogen-gets-few-european-backers/,,Hydrogen gets few European backers,2023-05-28,https://wehco.media.clients.ellingtoncms.com/imports/adg/photos/204445233_europe-hydrogen-11b1432e-fa37-11ed-90d4-10b814a5ecc5_t600.jpg?4326734cdb8e39baa3579048ef63ad7b451e7676,arkansasonline.com,English,United States,2,2,eu_context,NO,-1,"[""NO"", ""NO"", ""NO""]","[""Hydrogen\u2019s limited European backing may reduce demand for carbon credits, slightly pressuring prices."", ""Hydrogen\u2019s limited European backing may reduce demand for carbon credits, slightly pressuring prices."", ""Hydrogen\u2019s limited European backing may reduce demand for carbon credits, slightly pressuring prices.""]",5,1.0,-0.5,-0.5,"[5, 5, 5]"
5246,https://www.renewableenergymagazine.com/panorama/european-scientists-urge-ramping-up-of-renewables-20230531,,"Panorama - European scientists urge ramping up of renewables for immediate replacement of natural gas boilers - Renewable Energy Magazine , at the heart of clean energy journalism",2023-05-31,https://www.renewableenergymagazine.com/ficheroenergias/fotos/articulos/ampliada/g/gas_boiler_bottom.jpg,renewableenergymagazine.com,English,United States,2,3,eu_context;energy_driver,YES,1,"[""YES"", ""YES"", ""YES""]","[""Renewables expansion could reduce gas demand, pressuring EU ETS prices as emissions targets tighten."", ""Renewables expansion could reduce gas demand, pressuring EU ETS prices as emissions targets tighten."", ""Renewables expansion could reduce gas demand, pressuring EU ETS prices as emissions targets tighten.""]",7,1.0,0.7,0.7,"[7, 7, 7]"
5252,https://www.marketscreener.com/quote/stock/TELEF-NICA-S-A-68962/news/Climate-change-the-myth-of-carbon-credits-and-emissions-reductions-44023340/,https://www.marketscreener.com/amp/quote/stock/TELEF-NICA-S-A-68962/news/Climate-change-the-myth-of-carbon-credits-and-emissions-reductions-44023340/,Climate change : the myth of carbon credits and emissions reductions,2023-06-02,https://www.marketscreener.com/images/twitter_MS_fdblanc.png,marketscreener.com,English,,2,3,carbon_terms=3,NO,-1,"[""NO"", ""NO"", ""NO""]","[""It frames carbon credits as ineffective, potentially dampening market confidence and reducing demand for EU ETS."", ""It frames carbon credits as ineffective, potentially dampening market confidence and reducing demand for EU ETS."", ""It frames carbon credits as ineffective, potentially dampening market confidence and reducing demand for EU ETS.""]",3,1.0,-0.3,-0.3,"[3, 3, 3]"
5258,http://www.koreaherald.com/view.php?ud=20230604000201,https://m.koreaherald.com/amp/view.php?ud=20230604000201, [ Jean Pisani - Ferry ] Europe Climate Quandary,2023-06-04,https://res.heraldm.com/content/image/2023/06/04/20230604000247_0.jpg,koreaherald.com,English,South Korea,1,2,eu_context,NO,-1,"[""NO"", ""NO"", ""NO""]","[""The headline lacks specific policy or market data to gauge short-term EU ETS price movement."", ""The headline lacks specific policy or market data to gauge short-term EU ETS price movement."", ""The headline lacks specific policy or market data to gauge short-term EU ETS price movement.""]",3,1.0,-0.3,-0.3,"[3, 3, 3]"
5264,https://www.odnako.org/to-decarbonize-europe-sobriety-at-the-center-of-a-new-energy-transition-scenario/,,"To decarbonize Europe , sobriety at the center of a new energy transition scenario",2023-06-06,https://www.odnako.org/wp-content/uploads/2023/06/To-decarbonize-Europe-sobriety-at-the-center-of-a-new.JPG,odnako.org,English,Russia,2,3,eu_context;carbon_terms=1,NO,-1,"[""NO"", ""NO"", ""NO""]","[""Sobriety may signal reduced fossil fuel reliance, but its impact on EU ETS prices is uncertain without concrete policy details."", ""Sobriety may signal reduced fossil fuel reliance, but its impact on EU ETS prices is uncertain without concrete policy details."", ""Sobriety may signal reduced fossil fuel reliance, but its impact on EU ETS prices is uncertain without concrete policy details.""]",5,1.0,-0.5,-0.5,"[5, 5, 5]"
5270,https://www.finanznachrichten.de/nachrichten-2023-06/59292989-intercontinental-exchange-ice-launches-washington-cap-and-invest-carbon-allowance-futures-004.htm,,Intercontinental Exchange : ICE Launches Washington Cap and Invest Carbon Allowance Futures,2023-06-08,https://www.finanznachrichten.de/chart-intercontinental-exchange-inc-aktie-intraklein-tradegate.png,finanznachrichten.de,English,Germany,1,3,carbon_terms=3,YES,1,"[""YES"", ""YES"", ""YES""]","[""Adds new market depth and potential price discovery for Washington\u2019s cap-and-invest program, influencing regional ETS dynamics."", ""Adds new market depth and potential price discovery for Washington\u2019s cap-and-invest program, influencing regional ETS dynamics."", ""Adds new market depth and potential price discovery for Washington\u2019s cap-and-invest program, influencing regional ETS dynamics.""]",7,1.0,0.7,0.7,"[7, 7, 7]"
5276,https://www.prnewswire.com/news-releases/offshore-wind-power-market-size-to-grow-by-usd-usd-30-744-65-million-from-2022-to-2027--europe-to-account-for-53-of-the-market-growth--technavio-301846439.html,,"Offshore Wind Power Market size to grow by USD USD 30 , 744 . 65 million from 2022 to 2027 , Europe to account for 53 % of the market growth",2023-06-10,,prnewswire.com,English,United States,2,4,eu_context;carbon_terms=1;energy_driver,YES,1,"[""YES"", ""YES"", ""YES""]","[""EU\u2019s wind growth drives demand for carbon credits, supporting ETS prices."", ""EU\u2019s wind growth drives demand for carbon credits, supporting ETS prices."", ""EU\u2019s wind growth drives demand for carbon credits, supporting ETS prices.""]",7,1.0,0.7,0.7,"[7, 7, 7]"
5282,https://carbon-pulse.com/207344/,,Euro Markets : Carbon shoots to three - week high amid steady pressure on short positions as gas weakens « Carbon Pulse,2023-06-12,,carbon-pulse.com,English,China,1,3,carbon_terms=2;energy_driver,YES,1,"[""YES"", ""YES"", ""YES""]","[""Short positions are being squeezed as gas weakens, pushing carbon prices upward."", ""Short positions are being squeezed as gas weakens, pushing carbon prices upward."", ""Short positions are being squeezed as gas weakens, pushing carbon prices upward.""]",8,1.0,0.8,0.8,"[8, 8, 8]"
5288,https://news.yahoo.com/eu-told-slash-greenhouse-gas-220656500.html,https://news.yahoo.com/amphtml/eu-told-slash-greenhouse-gas-220656500.html,EU told to slash greenhouse gas emissions 90 - 95 % by 2040,2023-06-14,https://media.zenfs.com/en/reuters.com/fa6f4faa8db03a492dff25ea0cb995dd,news.yahoo.com,English,United States,2,5,eu_context;carbon_terms=2;energy_driver,YES,1,"[""YES"", ""YES"", ""YES""]","[""Stricter 2040 emission targets likely to boost carbon prices as compliance costs rise."", ""Stricter 2040 emission targets likely to boost carbon prices as compliance costs rise."", ""Stricter 2040 emission targets likely to boost carbon prices as compliance costs rise.""]",8,1.0,0.8,0.8,"[8, 8, 8]"
5294,https://www.etftrends.com/climate-insights-channel/top-performing-etf-keua-up-19-june/,https://www.etftrends.com/climate-insights-channel/top-performing-etf-keua-up-19-june/amp/,"KEUA a Top - Performing ETF This Week , Up 19 % in June",2023-06-16,https://www.etftrends.com/wp-content/uploads/2023/06/KEUA-a-Top-Performing-ETF-This-Week-Up-19-in-June.jpg,etftrends.com,English,China,1,6,eu_ets_strong,NO,-1,"[""NO"", ""NO"", ""NO""]","[""ETF performance doesn't directly signal EU ETS price movement."", ""ETF performance doesn't directly signal EU ETS price movement."", ""ETF performance doesn't directly signal EU ETS price movement.""]",3,1.0,-0.3,-0.3,"[3, 3, 3]"
5300,https://www.thezimbabwean.co/2023/06/who-will-benefit-from-zimbabwes-carbon-trading-regulation/,,Who will benefit from Zimbabwe carbon trading regulation ? ,2023-06-18,,thezimbabwean.co,English,Zimbabwe,2,2,carbon_terms=2,NO,-1,"[""NO"", ""NO"", ""NO""]","[""Zimbabwe\u2019s carbon trading regulation has negligible short-term impact on EU ETS prices due to minimal global market exposure."", ""Zimbabwe\u2019s carbon trading regulation has negligible short-term impact on EU ETS prices due to minimal global market exposure."", ""Zimbabwe\u2019s carbon trading regulation has negligible short-term impact on EU ETS prices due to minimal global market exposure.""]",1,1.0,-0.1,-0.1,"[1, 1, 1]"
5306,https://www.alphagalileo.org/en-gb/Item-Display/ItemId/234679?returnurl=https://www.alphagalileo.org/en-gb/Item-Display/ItemId/234679,,"Aircon wide adoption to fight the heat in India and Europe , a risk for a dramatic rise in emissions",2023-06-20,https://galileoalphamessages.s3.eu-west-2.amazonaws.com/Uploads/images/4fdd049d-42ce-461f-b1f9-8bcb0d9528a1-heoolingolutionressidres-4.jpg,alphagalileo.org,English,United Kingdom,2,4,eu_context;carbon_terms=2,NO,-1,"[""NO"", ""NO"", ""NO""]","[""Wide aircon adoption could trigger emissions spikes, pressuring EU ETS prices via carbon intensity signals."", ""Wide aircon adoption could trigger emissions spikes, pressuring EU ETS prices via carbon intensity signals."", ""Wide aircon adoption could trigger emissions spikes, pressuring EU ETS prices via carbon intensity signals.""]",7,1.0,-0.7,-0.7,"[7, 7, 7]"
5312,https://www.business-standard.com/opinion/columns/flaws-in-a-multipurpose-cbam-123062201146_1.html,https://www.business-standard.com/amp/opinion/columns/flaws-in-a-multipurpose-cbam-123062201146_1.html,Flaws in a multipurpose CBAM,2023-06-22,https://bsmedia.business-standard.com/_media/bs/img/article/2023-06/22/full/1687450949-773.jpg,business-standard.com,English,India,2,6,eu_ets_strong,NO,-1,"[""NO"", ""NO"", ""NO""]","[""CBAM\u2019s design flaws may delay or weaken its impact on EU ETS pricing, but short-term volatility is unlikely to be decisive."", ""CBAM\u2019s design flaws may delay or weaken its impact on EU ETS pricing, but short-term volatility is unlikely to be decisive."", ""CBAM\u2019s design flaws may delay or weaken its impact on EU ETS pricing, but short-term volatility is unlikely to be decisive.""]",6,1.0,-0.6,-0.6,"[6, 6, 6]"
5318,https://www.naturalnews.com/2023-06-23-massive-increase-child-deaths-covid-vaccine-europe.html,,"Data shows 63 , 060 % increase in CHILD DEATHS since rollout of Pfizer COVID - 19 jab for children in Europe – NaturalNews . com",2023-06-24,https://www.naturalnews.com/wp-content/uploads/sites/91/2023/06/Covid-vaccine-child.jpg,naturalnews.com,English,United States,1,2,eu_context,NO,-1,"[""NO"", ""NO"", ""NO""]","[""This is a sensationalized claim without peer-reviewed data, likely misleading and not relevant to EU ETS pricing mechanics."", ""This is a sensationalized claim without peer-reviewed data, likely misleading and not relevant to EU ETS pricing mechanics."", ""This is a sensationalized claim without peer-reviewed data, likely misleading and not relevant to EU ETS pricing mechanics.""]",1,1.0,-0.1,-0.1,"[1, 1, 1]"
5324,https://agmetalminer.com/2023/06/26/eu-rulings-could-effect-price-of-aluminum/,,EU CBAM Deals Blow to India Aluminum Industry,2023-06-26,https://agmetalminer.com/mmwp/wp-content/uploads/2023/06/AdobeStock_438068872-scaled.jpeg,agmetalminer.com,English,China,2,8,eu_ets_strong;eu_context,NO,-1,"[""NO"", ""NO"", ""NO""]","[""CBAM tariffs could increase Indian aluminum export costs, potentially reducing demand for EU ETS-linked aluminum production."", ""CBAM tariffs could increase Indian aluminum export costs, potentially reducing demand for EU ETS-linked aluminum production."", ""CBAM tariffs could increase Indian aluminum export costs, potentially reducing demand for EU ETS-linked aluminum production.""]",6,1.0,-0.6,-0.6,"[6, 6, 6]"
5330,https://www.bloomberg.com/news/articles/2023-06-29/eu-seeks-to-resolve-deadlock-on-power-market-reform-on-friday,,EU Seeks to Resolve Deadlock on Power Market Reform on Friday,2023-06-29,https://assets.bwbx.io/images/users/iqjWHBFdfxIU/in0i8vSGl50o/v1/1200x700.jpg,bloomberg.com,English,United States,2,4,eu_context;carbon_terms=1;energy_driver,NO,-1,"[""NO"", ""NO"", ""NO""]","[""Power market reform deadlock may delay emissions reductions, but short-term ETS price volatility is unlikely without immediate policy shifts."", ""Power market reform deadlock may delay emissions reductions, but short-term ETS price volatility is unlikely without immediate policy shifts."", ""Power market reform deadlock may delay emissions reductions, but short-term ETS price volatility is unlikely without immediate policy shifts.""]",4,1.0,-0.4,-0.4,"[4, 4, 4]"
5336,https://www.hellenicshippingnews.com/level-playing-field-between-eu-ports-and-within-the-maritime-logistics-chain-must-remain-a-priority/,,Level playing field between EU ports and within the maritime logistics chain must remain a priority,2023-07-01,,hellenicshippingnews.com,English,China,1,2,eu_context,NO,-1,"[""NO"", ""NO"", ""NO""]","[""May signal regulatory alignment that could reduce carbon cost disparities but doesn\u2019t directly impact ETS price volatility."", ""May signal regulatory alignment that could reduce carbon cost disparities but doesn\u2019t directly impact ETS price volatility."", ""May signal regulatory alignment that could reduce carbon cost disparities but doesn\u2019t directly impact ETS price volatility.""]",3,1.0,-0.3,-0.3,"[3, 3, 3]"
5342,https://bellona.org/publication/deep-dive-hydrogen-dri-for-steel-in-a-resource-constrained-europe-how-much-renewable-electricity-is-needed-to-decarbonise-the-sector-with-green-hydrogen,,Deep Dive - Hydrogen DRI for Steel in a Resource - Constrained Europe : How Much Renewable Electricity is Needed to Decarbonise the Sector with Green Hydrogen,2023-07-03,https://network.bellona.org/content/uploads/sites/3/2023/07/Screenshot-2023-07-03-163723.png,bellona.org,English,Russia,2,4,eu_context;carbon_terms=1;energy_driver,NO,-1,"[""NO"", ""NO"", ""NO""]","[""Green hydrogen demand could strain renewable electricity supply, potentially affecting EU ETS prices via increased carbon intensity of steel production."", ""Green hydrogen demand could strain renewable electricity supply, potentially affecting EU ETS prices via increased carbon intensity of steel production."", ""Green hydrogen demand could strain renewable electricity supply, potentially affecting EU ETS prices via increased carbon intensity of steel production.""]",5,1.0,-0.5,-0.5,"[5, 5, 5]"
5348,https://macaudailytimes.com.mo/eu-climate-chief-is-concerned-over-the-expansion-of-the-coal-industry-in-china.html,,MACAU DAILY TIMES 澳門每日時報EU climate chief is concerned over the expansion of the coal industry in China,2023-07-05,https://i0.wp.com/macaudailytimes.com.mo/wp-content/uploads/2023/07/AP23185043509284BW.jpg?fit=670%2C445&ssl=1,macaudailytimes.com.mo,English,Macau,2,3,eu_context;energy_driver,NO,-1,"[""NO"", ""NO"", ""NO""]","[""EU ETS price is unlikely to be directly impacted by China\u2019s coal industry expansion, as it\u2019s not a direct EU market participant."", ""EU ETS price is unlikely to be directly impacted by China\u2019s coal industry expansion, as it\u2019s not a direct EU market participant."", ""EU ETS price is unlikely to be directly impacted by China\u2019s coal industry expansion, as it\u2019s not a direct EU market participant.""]",3,1.0,-0.3,-0.3,"[3, 3, 3]"
5354,https://reliefweb.int/report/world/climate-and-security-joint-press-release-following-meeting-between-eu-us-and-nato,,"Climate and Security : joint press release following the meeting between the EU , US and NATO - World",2023-07-07,https://reliefweb.int/modules/custom/reliefweb_meta/images/default.png,reliefweb.int,English,Syria,2,2,eu_context,NO,-1,"[""NO"", ""NO"", ""NO""]","[""Short-term EU ETS price likely unaffected by geopolitical press releases without concrete policy commitments."", ""Short-term EU ETS price likely unaffected by geopolitical press releases without concrete policy commitments."", ""Short-term EU ETS price likely unaffected by geopolitical press releases without concrete policy commitments.""]",3,1.0,-0.3,-0.3,"[3, 3, 3]"
5360,https://www.hellenicshippingnews.com/countries-adopt-mid-century-greenhouse-gas-emissions-goal-for-shipping/,,Countries adopt mid - century greenhouse gas emissions goal for shipping | Hellenic Shipping News Worldwide,2023-07-09,,hellenicshippingnews.com,English,China,2,3,carbon_terms=2;energy_driver,NO,-1,"[""NO"", ""NO"", ""NO""]","[""Shipping emissions regulation could influence future ETS compliance but short-term price impact is uncertain."", ""Shipping emissions regulation could influence future ETS compliance but short-term price impact is uncertain."", ""Shipping emissions regulation could influence future ETS compliance but short-term price impact is uncertain.""]",5,1.0,-0.5,-0.5,"[5, 5, 5]"
5366,https://www.mckinsey.com/capabilities/sustainability/our-insights/colorados-path-to-net-zero-greenhouse-gas-emissions-by-2050,,Colorado path to net - zero carbon emissions by 2050,2023-07-11,https://www.mckinsey.com/~/media/mckinsey/business%20functions/sustainability/our%20insights/colorados%20path%20to%20net%20zero%20greenhouse%20gas%20emissions%20by%202050/gettyimages-1284782431-ca-1536x1536.jpg,mckinsey.com,English,China,2,3,carbon_terms=3,NO,-1,"[""NO"", ""NO"", ""NO""]","[""Colorado\u2019s climate goals are unlikely to directly impact EU ETS pricing, as they are state-level and not aligned with EU market mechanisms."", ""Colorado\u2019s climate goals are unlikely to directly impact EU ETS pricing, as they are state-level and not aligned with EU market mechanisms."", ""Colorado\u2019s climate goals are unlikely to directly impact EU ETS pricing, as they are state-level and not aligned with EU market mechanisms.""]",2,1.0,-0.2,-0.2,"[2, 2, 2]"
5372,https://maritime-executive.com/article/t-e-highlights-continuing-rise-in-european-shipping-s-co2-emissions,,T & E Highlights Continuing Rise in European Shipping CO2 Emissions,2023-07-13,https://maritime-executive.com/media/images/article/Photos/Vessels_Large/container-ship-and-car-carrier-from-imo.affff1.jpg,maritime-executive.com,English,United States,1,4,eu_context;carbon_terms=2,NO,-1,"[""NO"", ""NO"", ""NO""]","[""Shipping emissions growth may pressure EU ETS compliance costs and trigger regulatory tightening."", ""Shipping emissions growth may pressure EU ETS compliance costs and trigger regulatory tightening."", ""Shipping emissions growth may pressure EU ETS compliance costs and trigger regulatory tightening.""]",6,1.0,-0.6,-0.6,"[6, 6, 6]"
5378,https://tulsaworld.com/article_2668ba57-0351-5add-aadc-4fed8e0e3e1c.html,,"Climate talks chief , who also heads oil company , says world must  attack all emissions , everywhere  ",2023-07-15,https://bloximages.newyork1.vip.townnews.com/tulsaworld.com/content/tncms/assets/v3/editorial/4/68/4687d8bb-75b3-5cff-ab9d-95a5b59923da/64afdef88a0e6.image.jpg?crop=1763%2C926%2C0%2C124,tulsaworld.com,English,United States,2,3,carbon_terms=2;energy_driver,NO,-1,"[""NO"", ""NO"", ""NO""]","[""Signals a broader policy push but doesn\u2019t specify immediate market impact or regulatory changes."", ""Signals a broader policy push but doesn\u2019t specify immediate market impact or regulatory changes."", ""Signals a broader policy push but doesn\u2019t specify immediate market impact or regulatory changes.""]",5,1.0,-0.5,-0.5,"[5, 5, 5]"
5384,https://www.hellenicshippingnews.com/boost-in-lng-activity-drives-up-eu-shipping-emissions-in-2022/,,Boost in LNG activity drives up EU shipping emissions in 2022 | Hellenic Shipping News Worldwide,2023-07-17,,hellenicshippingnews.com,English,China,1,5,eu_context;carbon_terms=2;energy_driver,NO,-1,"[""NO"", ""NO"", ""NO""]","[""LNG activity increases may temporarily elevate emissions but don\u2019t guarantee sustained ETS price pressure without policy or market feedback."", ""LNG activity increases may temporarily elevate emissions but don\u2019t guarantee sustained ETS price pressure without policy or market feedback."", ""LNG activity increases may temporarily elevate emissions but don\u2019t guarantee sustained ETS price pressure without policy or market feedback.""]",5,1.0,-0.5,-0.5,"[5, 5, 5]"
5390,https://www.marketscreener.com/quote/stock/DGB-GROUP-N-V-6434/news/Unveiling-hidden-carbon-footprints-overlooked-emissions-sources-in-business-operations-44363687/,https://www.marketscreener.com/amp/quote/stock/DGB-GROUP-N-V-6434/news/Unveiling-hidden-carbon-footprints-overlooked-emissions-sources-in-business-operations-44363687/,Unveiling hidden carbon footprints : overlooked emissions sources in business operations,2023-07-19,https://www.marketscreener.com/images/twitter_MS_fdblanc.png,marketscreener.com,English,,2,3,carbon_terms=3,YES,1,"[""YES"", ""YES"", ""YES""]","[""Highlights potential regulatory pressure and compliance costs that could drive up ETS prices."", ""Highlights potential regulatory pressure and compliance costs that could drive up ETS prices."", ""Highlights potential regulatory pressure and compliance costs that could drive up ETS prices.""]",7,1.0,0.7,0.7,"[7, 7, 7]"
5396,https://www.reuters.com/business/energy/novatek-set-oust-gazprom-russias-top-gas-supplier-europe-2023-07-21/,,Analysis : Novatek set to oust Gazprom as Russia top gas supplier to Europe,2023-07-21,https://www.reuters.com/resizer/rZMe8-7eGX10n-v_12KNxmLFQ9w=/1200x628/smart/filters:quality(80)/cloudfront-us-east-2.images.arcpublishing.com/reuters/CSJWV6EHI5LSBI43K5PEIDSBCM.jpg,reuters.com,English,United States,2,3,eu_context;energy_driver,NO,-1,"[""NO"", ""NO"", ""NO""]","[""EU gas import diversification may reduce reliance on Russian supply, potentially lowering ETS price pressure."", ""EU gas import diversification may reduce reliance on Russian supply, potentially lowering ETS price pressure."", ""EU gas import diversification may reduce reliance on Russian supply, potentially lowering ETS price pressure.""]",6,1.0,-0.6,-0.6,"[6, 6, 6]"
5402,https://www.laosnews.net/news/273903611/un-warns-of-impacts-on-health-as-europe-braces-for-record-heatwaves,,UN warns of impacts on health as Europe braces for record heatwaves,2023-07-23,https://cdn.bignewsnetwork.com/rfi1689754586.jpg,laosnews.net,English,United States,2,2,eu_context,NO,-1,"[""NO"", ""NO"", ""NO""]","[""Heatwaves may increase energy demand and emissions, but EU ETS price is more influenced by policy and market fundamentals than weather events."", ""Heatwaves may increase energy demand and emissions, but EU ETS price is more influenced by policy and market fundamentals than weather events."", ""Heatwaves may increase energy demand and emissions, but EU ETS price is more influenced by policy and market fundamentals than weather events.""]",3,1.0,-0.3,-0.3,"[3, 3, 3]"
5408,https://www.theepochtimes.com/science/dirty-secret-made-in-china-solar-panels-produce-3-times-more-carbon-emissions-than-un-claims-study-5419965,,  Dirty Secret : Made - In - China Solar Panels Produce 3 Times More Carbon Emissions Than UN Claims : Study,2023-07-25,https://img.theepochtimes.com/assets/uploads/2021/10/31/GettyImages-971894926.jpg,theepochtimes.com,English,United States,2,3,carbon_terms=3,NO,-1,"[""NO"", ""NO"", ""NO""]","[""Revealed emissions discrepancy could trigger policy recalibration and market volatility in EU ETS."", ""Revealed emissions discrepancy could trigger policy recalibration and market volatility in EU ETS."", ""Revealed emissions discrepancy could trigger policy recalibration and market volatility in EU ETS.""]",7,1.0,-0.7,-0.7,"[7, 7, 7]"
5414,https://carbon-pulse.com/214229/,,European utilities report drop in ETS - covered power generation as another steelmaker signals weak outlook « Carbon Pulse,2023-07-27,,carbon-pulse.com,English,China,1,4,eu_context;carbon_terms=1;energy_driver,NO,-1,"[""NO"", ""NO"", ""NO""]","[""Utilities\u2019 ETS price drop signals weakening demand, possibly reflecting broader industrial slowdown."", ""Utilities\u2019 ETS price drop signals weakening demand, possibly reflecting broader industrial slowdown."", ""Utilities\u2019 ETS price drop signals weakening demand, possibly reflecting broader industrial slowdown.""]",6,1.0,-0.6,-0.6,"[6, 6, 6]"
5420,https://www.bbc.co.uk/news/blogs-the-papers-66351769,https://www.bbc.co.uk/news/blogs-the-papers-66351769.amp,Newspaper headlines : PM pro - car pledge and  EU holiday chaos  ,2023-07-30,https://ichef.bbci.co.uk/news/1024/branded_news/185A4/production/_130584799_sundayindeximage.png,bbc.co.uk,English,United Kingdom,2,2,eu_context,NO,-1,"[""NO"", ""NO"", ""NO""]","[""PM\u2019s car pledge may signal policy shifts, but EU holiday chaos is unlikely to materially affect ETS pricing."", ""PM\u2019s car pledge may signal policy shifts, but EU holiday chaos is unlikely to materially affect ETS pricing."", ""PM\u2019s car pledge may signal policy shifts, but EU holiday chaos is unlikely to materially affect ETS pricing.""]",3,1.0,-0.3,-0.3,"[3, 3, 3]"
5426,https://economictimes.indiatimes.com/news/economy/policy/india-to-flag-concerns-over-eus-carbon-tax-deforestation-regulation-in-wto-meet-next-year/articleshow/102302850.cms,https://m.economictimes.com/news/economy/policy/india-to-flag-concerns-over-eus-carbon-tax-deforestation-regulation-in-wto-meet-next-year/amp_articleshow/102302850.cms,"wto : India to flag concerns over EU carbon tax , deforestation regulation in WTO meet next year",2023-08-01,"https://img.etimg.com/thumb/msid-102303183,width-1070,height-580,imgsize-19176,overlay-economictimes/photo.jpg",economictimes.indiatimes.com,English,India,2,3,eu_context;carbon_terms=1,NO,-1,"[""NO"", ""NO"", ""NO""]","[""India\u2019s WTO concerns may trigger policy debates but unlikely to cause immediate EU ETS price swings."", ""India\u2019s WTO concerns may trigger policy debates but unlikely to cause immediate EU ETS price swings."", ""India\u2019s WTO concerns may trigger policy debates but unlikely to cause immediate EU ETS price swings.""]",5,1.0,-0.5,-0.5,"[5, 5, 5]"
5432,https://carbon-pulse.com/215121/,,Euro Markets : Midday Update « Carbon Pulse,2023-08-03,,carbon-pulse.com,English,China,1,2,carbon_terms=2,NO,-1,"[""NO"", ""NO"", ""NO""]","[""Lack of specific data in headline suggests minimal immediate price movement."", ""Lack of specific data in headline suggests minimal immediate price movement."", ""Lack of specific data in headline suggests minimal immediate price movement.""]",3,1.0,-0.3,-0.3,"[3, 3, 3]"
5438,https://carbon-pulse.com/215844/,,Another EU steelmaker flags weak economic outlook in quarterly results « Carbon Pulse,2023-08-09,,carbon-pulse.com,English,China,1,3,eu_context;carbon_terms=1,NO,-1,"[""NO"", ""NO"", ""NO""]","[""Weak economic outlook signals reduced industrial demand, potentially lowering emissions and ETS price pressure."", ""Weak economic outlook signals reduced industrial demand, potentially lowering emissions and ETS price pressure."", ""Weak economic outlook signals reduced industrial demand, potentially lowering emissions and ETS price pressure.""]",5,1.0,-0.5,-0.5,"[5, 5, 5]"
5444,https://carbon-pulse.com/216322/,,Euro Markets : Midday Update « Carbon Pulse,2023-08-11,,carbon-pulse.com,English,China,1,2,carbon_terms=2,NO,-1,"[""NO"", ""NO"", ""NO""]","[""Lack of specific data in headline suggests minimal immediate price movement."", ""Lack of specific data in headline suggests minimal immediate price movement."", ""Lack of specific data in headline suggests minimal immediate price movement.""]",3,1.0,-0.3,-0.3,"[3, 3, 3]"
5450,https://www.streetinsider.com/Accesswire/Biophytis+Announces+Next+Regulatory+Steps+in+Europe+and+the+United+States+for+its+COVA+Project/22052004.html,,Biophytis Announces Next Regulatory Steps in Europe and the United States for its COVA Project,2023-08-16,,streetinsider.com,English,United States,1,2,eu_context,NO,-1,"[""NO"", ""NO"", ""NO""]","[""Biophytis\u2019 regulatory progress on COVA may signal carbon-intensive project development, potentially increasing ETS demand but not yet impacting short-term prices directly."", ""Biophytis\u2019 regulatory progress on COVA may signal carbon-intensive project development, potentially increasing ETS demand but not yet impacting short-term prices directly."", ""Biophytis\u2019 regulatory progress on COVA may signal carbon-intensive project development, potentially increasing ETS demand but not yet impacting short-term prices directly.""]",3,1.0,-0.3,-0.3,"[3, 3, 3]"
5456,https://monacolife.net/all-about-the-eu-carbon-border-adjustment-mechanism-designed-to-stop-cheats-and-leaks/,,All about the EU Carbon Border Adjustment Mechanism designed to stop cheats and leaks,2023-08-19,https://monacolife.net/wp-content/uploads/2023/08/michael-igpimndqx6m-unsplash-64df2b94f3f00-scaled.webp,monacolife.net,English,Monaco,1,9,eu_ets_strong;eu_context;carbon_terms=1,YES,1,"[""YES"", ""YES"", ""YES""]","[""The mechanism may increase import costs for non-EU goods, potentially boosting EU ETS demand and prices."", ""The mechanism may increase import costs for non-EU goods, potentially boosting EU ETS demand and prices."", ""The mechanism may increase import costs for non-EU goods, potentially boosting EU ETS demand and prices.""]",7,1.0,0.7,0.7,"[7, 7, 7]"
5462,https://carbon-pulse.com/217945/,,Euro Markets : Midday Update « Carbon Pulse,2023-08-23,,carbon-pulse.com,English,China,1,2,carbon_terms=2,NO,-1,"[""NO"", ""NO"", ""NO""]","[""Lack of specific data in headline suggests minimal immediate price movement."", ""Lack of specific data in headline suggests minimal immediate price movement."", ""Lack of specific data in headline suggests minimal immediate price movement.""]",3,1.0,-0.3,-0.3,"[3, 3, 3]"
5468,https://www.telegraphindia.com/business/steel-cement-companies-to-share-data-on-carbon-emissions-with-eu-from-october-1/cid/1963697,https://www.telegraphindia.com/amp/business/steel-cement-companies-to-share-data-on-carbon-emissions-with-eu-from-october-1/cid/1963697,"Carbon tax | Steel , cement companies to share data on carbon emissions with EU from October 1",2023-09-04,https://assets.telegraphindia.com/telegraph/2023/Jun/1686788290_newcarbon.jpg,telegraphindia.com,English,India,2,5,eu_context;carbon_terms=3,YES,1,"[""YES"", ""YES"", ""YES""]","[""Data sharing may increase transparency and regulatory pressure, potentially boosting ETS prices."", ""Data sharing may increase transparency and regulatory pressure, potentially boosting ETS prices."", ""Data sharing may increase transparency and regulatory pressure, potentially boosting ETS prices.""]",7,1.0,0.7,0.7,"[7, 7, 7]"
5474,https://www.hellenicshippingnews.com/eu-needs-a-deeper-single-market-and-to-accelerate-emissions-reduction-efforts-to-secure-stronger-and-more-sustainable-growth/,,EU needs a deeper Single Market and to accelerate emissions reduction efforts to secure stronger and more sustainable growth,2023-09-06,,hellenicshippingnews.com,English,China,2,5,eu_context;carbon_terms=3,YES,1,"[""YES"", ""YES"", ""YES""]","[""Policy momentum toward emissions reduction could boost EU ETS demand and prices."", ""Policy momentum toward emissions reduction could boost EU ETS demand and prices."", ""Policy momentum toward emissions reduction could boost EU ETS demand and prices.""]",7,1.0,0.7,0.7,"[7, 7, 7]"
5480,https://timesofindia.indiatimes.com/blogs/darksides/indias-surging-power-emissions-threaten-to-outshine-europes-climate-efforts/,,India surging power emissions threaten to outshine Europe climate efforts,2023-09-08,https://static.toiimg.com/imagenext/toiblogs/photo/blogs/wp-content/uploads/2022/11/Aakansha.png,timesofindia.indiatimes.com,English,India,2,5,eu_context;carbon_terms=2;energy_driver,NO,-1,"[""NO"", ""NO"", ""NO""]","[""India's rising emissions could pressure EU ETS prices if global carbon markets tighten due to increased demand for offsets."", ""India's rising emissions could pressure EU ETS prices if global carbon markets tighten due to increased demand for offsets."", ""India's rising emissions could pressure EU ETS prices if global carbon markets tighten due to increased demand for offsets.""]",7,1.0,-0.7,-0.7,"[7, 7, 7]"
5486,https://www.digitaljournal.com/business/oil-permits-and-wind-crisis-threaten-uk-net-zero-pledge/article,,Oil permits and wind crisis threaten united kingdom net zero pledge,2023-09-10,https://www.digitaljournal.com/wp-content/uploads/2023/09/163635e296841892eccbb69beb4f7b17e8c41cfe.jpg,digitaljournal.com,English,United States,2,3,carbon_terms=2;energy_driver,NO,-1,"[""NO"", ""NO"", ""NO""]","[""Wind crisis and oil permit issues could disrupt UK\u2019s decarbonization timeline, affecting ETS compliance and pricing."", ""Wind crisis and oil permit issues could disrupt UK\u2019s decarbonization timeline, affecting ETS compliance and pricing."", ""Wind crisis and oil permit issues could disrupt UK\u2019s decarbonization timeline, affecting ETS compliance and pricing.""]",6,1.0,-0.6,-0.6,"[6, 6, 6]"
5492,https://carbon-pulse.com/221839/,,CORRECTION – European Parliament backs higher 2030 renewable energy target « Carbon Pulse,2023-09-12,,carbon-pulse.com,English,China,1,3,eu_context;carbon_terms=1,YES,1,"[""YES"", ""YES"", ""YES""]","[""Higher renewable target may boost demand for carbon credits and support ETS prices in the short term."", ""Higher renewable target may boost demand for carbon credits and support ETS prices in the short term."", ""Higher renewable target may boost demand for carbon credits and support ETS prices in the short term.""]",7,1.0,0.7,0.7,"[7, 7, 7]"
5498,https://energypost.eu/germany-plans-for-carbon-capture-in-industry-emissions-potentials-costs/,,"Germany plans for Carbon Capture in Industry : emissions , potentials , costs",2023-09-15,,energypost.eu,English,China,1,3,carbon_terms=3,NO,-1,"[""NO"", ""NO"", ""NO""]","[""Carbon capture in industry may reduce emissions but likely has limited near-term impact on EU ETS prices due to high costs and scalability challenges."", ""Carbon capture in industry may reduce emissions but likely has limited near-term impact on EU ETS prices due to high costs and scalability challenges."", ""Carbon capture in industry may reduce emissions but likely has limited near-term impact on EU ETS prices due to high costs and scalability challenges.""]",5,1.0,-0.5,-0.5,"[5, 5, 5]"
5504,https://carbon-pulse.com/223159/,,Euro Markets : Midday Update « Carbon Pulse,2023-09-18,,carbon-pulse.com,English,China,1,2,carbon_terms=2,NO,-1,"[""NO"", ""NO"", ""NO""]","[""Lack of specific data in headline suggests minimal immediate price movement."", ""Lack of specific data in headline suggests minimal immediate price movement."", ""Lack of specific data in headline suggests minimal immediate price movement.""]",3,1.0,-0.3,-0.3,"[3, 3, 3]"
5510,https://vir.com.vn/cbam-may-hinder-evfta-advantages-for-steel-industry-105327.html,,CBAM may hinder EVFTA advantages for steel industry,2023-09-20,https://vir.com.vn/stores/news_dataimages/2023/092023/20/11/in_social/77d39cc8bdb98c4d1fa07fea0ac65f5a.jpg?randTime=1695220374,vir.com.vn,English,Vietnam,1,6,eu_ets_strong,NO,-1,"[""NO"", ""NO"", ""NO""]","[""CBAM\u2019s tariffs could offset EVFTA benefits by increasing steel import costs, but market reactions remain uncertain."", ""CBAM\u2019s tariffs could offset EVFTA benefits by increasing steel import costs, but market reactions remain uncertain."", ""CBAM\u2019s tariffs could offset EVFTA benefits by increasing steel import costs, but market reactions remain uncertain.""]",5,1.0,-0.5,-0.5,"[5, 5, 5]"
5516,https://epthinktank.eu/2023/09/22/eu-long-term-budget-does-the-eu-have-enough-resources-to-finance-its-priorities/,,EU long - term budget : Does the EU have enough resources to finance its priorities ? | Epthinktank,2023-09-24,https://i0.wp.com/epthinktank.eu/wp-content/uploads/2023/09/EU-long-term-budget.png?fit=598%2C698&ssl=1,epthinktank.eu,English,,1,2,eu_context,NO,-1,"[""NO"", ""NO"", ""NO""]","[""Short-term EU ETS price is unlikely to react directly to long-term budget debates, as pricing is driven by near-term emissions caps and market demand."", ""Short-term EU ETS price is unlikely to react directly to long-term budget debates, as pricing is driven by near-term emissions caps and market demand."", ""Short-term EU ETS price is unlikely to react directly to long-term budget debates, as pricing is driven by near-term emissions caps and market demand.""]",3,1.0,-0.3,-0.3,"[3, 3, 3]"
5522,https://thecropsite.com/news/17956/danish-soy-and-palm-oil-imports-account-for-7-million-tonnes-of-co2-emissions-every-year/,,Danish soy and palm oil imports account for 7 million tonnes of CO2 emissions every year – thecropsite . com,2023-09-27,,thecropsite.com,English,United States,2,3,carbon_terms=2;energy_driver,NO,-1,"[""NO"", ""NO"", ""NO""]","[""Danish imports contribute to EU ETS emissions but are not a major driver of short-term price volatility."", ""Danish imports contribute to EU ETS emissions but are not a major driver of short-term price volatility."", ""Danish imports contribute to EU ETS emissions but are not a major driver of short-term price volatility.""]",5,1.0,-0.5,-0.5,"[5, 5, 5]"
5528,https://www.jdsupra.com/legalnews/navigating-carbon-compliance-key-shifts-9818934/,,"Navigating carbon compliance : Key shifts in Emission Trading System CO2 allowances for supply chains | Orrick , Herrington & Sutcliffe LLP",2023-09-29,https://jdsupra-static.s3.amazonaws.com/profile-images/og.13091_35.jpg,jdsupra.com,English,United States,1,4,carbon_terms=5,NO,-1,"[""NO"", ""NO"", ""NO""]","[""Legal updates may influence compliance costs but don\u2019t directly signal short-term price movement."", ""Legal updates may influence compliance costs but don\u2019t directly signal short-term price movement."", ""Legal updates may influence compliance costs but don\u2019t directly signal short-term price movement.""]",5,1.0,-0.5,-0.5,"[5, 5, 5]"
5534,https://www.politico.eu/article/europe-climate-fight-global-carbon-border-adjustment-mechanism-cbam-tax/,,Europe takes climate fight global as carbon border tax goes live,2023-10-01,"https://www.politico.eu/cdn-cgi/image/width=1200,height=630,fit=crop,quality=80,onerror=redirect/wp-content/uploads/2023/10/01/9460401-scaled.jpg",politico.eu,English,United States,1,3,eu_context;carbon_terms=1,YES,1,"[""YES"", ""YES"", ""YES""]","[""Carbon border tax pressures global exporters, likely boosting EU ETS demand and prices."", ""Carbon border tax pressures global exporters, likely boosting EU ETS demand and prices."", ""Carbon border tax pressures global exporters, likely boosting EU ETS demand and prices.""]",8,1.0,0.8,0.8,"[8, 8, 8]"
5540,https://maritime-executive.com/corporate/shipping-must-manage-new-financial-risks-with-transition-to-eu-ets,,Shipping Must Manage New Financial Risks with Transition to EU ETS,2023-10-03,https://maritime-executive.com/media/images/article/Photos/Technology/unnamed-2023-10-03T143832.536.6f7b1c.jpg,maritime-executive.com,English,United States,1,8,eu_ets_strong;eu_context,YES,1,"[""YES"", ""YES"", ""YES""]","[""Shipping sector\u2019s transition to EU ETS introduces new cost pressures that could drive upward pressure on ETS prices."", ""Shipping sector\u2019s transition to EU ETS introduces new cost pressures that could drive upward pressure on ETS prices."", ""Shipping sector\u2019s transition to EU ETS introduces new cost pressures that could drive upward pressure on ETS prices.""]",7,1.0,0.7,0.7,"[7, 7, 7]"
5546,https://www.euractiv.com/section/emissions-trading-scheme/news/eu-carbon-price-to-hit-e400-mark-with-90-climate-goal-analysts/,,EU carbon price to hit €400 mark with 90 % climate goal : analysts,2023-10-05,https://www.euractiv.com/wp-content/uploads/sites/2/2023/10/Hoekstra-hearing-back-800x450.jpg,euractiv.com,English,United Kingdom,1,4,eu_context;carbon_terms=2,YES,1,"[""YES"", ""YES"", ""YES""]","[""Analysts\u2019 forecast of \u20ac400 aligns with tightening emissions targets, suggesting strong demand and potential price surge."", ""Analysts\u2019 forecast of \u20ac400 aligns with tightening emissions targets, suggesting strong demand and potential price surge."", ""Analysts\u2019 forecast of \u20ac400 aligns with tightening emissions targets, suggesting strong demand and potential price surge.""]",8,1.0,0.8,0.8,"[8, 8, 8]"
5552,https://www.sandiegosun.com/news/273991611/conductive-carbon-black-market-size-worth-7114-million-by-2030-industryarc,,Conductive Carbon Black Market Size Worth $711 . 4 Million By 2030 : IndustryARC,2023-10-07,,sandiegosun.com,English,United States,2,2,carbon_terms=2,NO,-1,"[""NO"", ""NO"", ""NO""]","[""Conductive carbon black is a niche material with limited direct link to EU ETS emissions trading."", ""Conductive carbon black is a niche material with limited direct link to EU ETS emissions trading."", ""Conductive carbon black is a niche material with limited direct link to EU ETS emissions trading.""]",3,1.0,-0.3,-0.3,"[3, 3, 3]"
5558,https://www.cemnet.com/News/story/175688/cemtech-europe-opens-in-istanbul-turkey-prepares-to-launch-domestic-ets.html,,Cemtech Europe opens in Istanbul : Turkey prepares to launch domestic ETS,2023-10-10,,cemnet.com,English,United States,1,2,eu_context,NO,-1,"[""NO"", ""NO"", ""NO""]","[""Turkey\u2019s domestic ETS may influence EU ETS indirectly via cross-border emissions trading dynamics."", ""Turkey\u2019s domestic ETS may influence EU ETS indirectly via cross-border emissions trading dynamics."", ""Turkey\u2019s domestic ETS may influence EU ETS indirectly via cross-border emissions trading dynamics.""]",5,1.0,-0.5,-0.5,"[5, 5, 5]"
5564,https://www.livemint.com/economy/europe-should-not-copy-bidenomics-11697184991748.html,https://www.livemint.com/economy/europe-should-not-copy-bidenomics/amp-11697184991748.html,Europe should not copy Bidenomics,2023-10-13,https://www.livemint.com/lm-img/img/2023/10/13/600x338/Europe-Economy--0_1697185347921_1697185370377.jpg,livemint.com,English,India,1,2,eu_context,NO,-1,"[""NO"", ""NO"", ""NO""]","[""EU ETS price may be affected by policy divergence, but \""not copying Bidenomics\"" is vague and lacks concrete policy details."", ""EU ETS price may be affected by policy divergence, but \""not copying Bidenomics\"" is vague and lacks concrete policy details."", ""EU ETS price may be affected by policy divergence, but \""not copying Bidenomics\"" is vague and lacks concrete policy details.""]",3,1.0,-0.3,-0.3,"[3, 3, 3]"
5570,https://northafricapost.com/72512-morocco-for-full-optimization-of-green-partnership-with-eu.html,,Morocco for full optimization of green partnership with EU – The North Africa Post,2023-10-28,,northafricapost.com,English,Morocco,2,2,eu_context,NO,-1,"[""NO"", ""NO"", ""NO""]","[""EU ETS price unlikely to be directly impacted by Morocco\u2019s green partnership announcements without immediate policy or trading mechanism changes."", ""EU ETS price unlikely to be directly impacted by Morocco\u2019s green partnership announcements without immediate policy or trading mechanism changes."", ""EU ETS price unlikely to be directly impacted by Morocco\u2019s green partnership announcements without immediate policy or trading mechanism changes.""]",3,1.0,-0.3,-0.3,"[3, 3, 3]"
5576,https://www.thehindubusinessline.com/markets/share-market-sensex-nifty-live-updates-06-november-2023/article67501442.ece,https://www.thehindubusinessline.com/markets/share-market-sensex-nifty-live-updates-06-november-2023/article67501442.ece/amp/,Stock Market Live Updates : Indices trade firm ; Cello World lists at 28 % premium to IPO price ; Zerodha users face tech issues,2023-11-06,https://bl-i.thgim.com/public/incoming/nba7vc/article67501440.ece/alternates/LANDSCAPE_1200/Stock%20Market%20Live%20Updates.jpg,thehindubusinessline.com,English,India,2,2,carbon_terms=2,NO,-1,"[""NO"", ""NO"", ""NO""]","[""Stock market activity and tech issues are not direct indicators of EU ETS price movements."", ""Stock market activity and tech issues are not direct indicators of EU ETS price movements."", ""Stock market activity and tech issues are not direct indicators of EU ETS price movements.""]",2,1.0,-0.2,-0.2,"[2, 2, 2]"
5582,https://blueprint.ng/nnpc-aiteo-jv-launches-nembe-crude-oil-grade-at-argus-european-conference/,,NNPC - AITEO JV launches Nembe Crude oil grade at Argus European conference,2023-11-08,,blueprint.ng,English,Nigeria,2,3,eu_context;energy_driver,NO,-1,"[""NO"", ""NO"", ""NO""]","[""Nembe crude\u2019s release may signal new supply dynamics but lacks immediate EU ETS relevance."", ""Nembe crude\u2019s release may signal new supply dynamics but lacks immediate EU ETS relevance."", ""Nembe crude\u2019s release may signal new supply dynamics but lacks immediate EU ETS relevance.""]",3,1.0,-0.3,-0.3,"[3, 3, 3]"
5588,https://bellona.org/russia-to-use-land-sink-to-cover-up-growing-emissions-eu-must-lead-by-example,,"Russia to use land sink to cover up growing emissions , EU must lead by example",2023-11-10,https://network.bellona.org/content/uploads/sites/3/2023/11/pexels-%D1%81%D0%B5%D1%80%D0%B3%D0%B5%D0%B9-%D0%B2%D0%B5%D0%BB%D0%BE%D0%B2-11875346-scaled.jpg,bellona.org,English,Russia,2,4,eu_context;carbon_terms=2,YES,1,"[""YES"", ""YES"", ""YES""]","[""EU\u2019s response may trigger stricter compliance or carbon pricing, boosting ETS demand."", ""EU\u2019s response may trigger stricter compliance or carbon pricing, boosting ETS demand."", ""EU\u2019s response may trigger stricter compliance or carbon pricing, boosting ETS demand.""]",7,1.0,0.7,0.7,"[7, 7, 7]"
5594,https://www.newswit.com/en/ifhkzzgpiolzhqg23s2jibvn3ix6vb91,,Ultraviolette Launches International - spec F77 for European Markets at EICMA 2023 ; F99 Factory Racing Platform makes Global Premiere,2023-11-13,,newswit.com,English,Thailand,2,3,eu_context;carbon_terms=1,NO,-1,"[""NO"", ""NO"", ""NO""]","[""No direct link to EU ETS market mechanics or carbon pricing dynamics."", ""No direct link to EU ETS market mechanics or carbon pricing dynamics."", ""No direct link to EU ETS market mechanics or carbon pricing dynamics.""]",1,1.0,-0.1,-0.1,"[1, 1, 1]"
5600,https://epthinktank.eu/2023/11/17/european-parliament-plenary-session-november-ii-2023/,,European Parliament Plenary Session – November II 2023 | Epthinktank,2023-11-17,https://i0.wp.com/epthinktank.eu/wp-content/uploads/2023/11/1650230488040_20191218_EP-097856A_FMA_004_DOWNLOAD_LARGE.jpg?fit=1200%2C800&ssl=1,epthinktank.eu,English,,1,2,eu_context,NO,-1,"[""NO"", ""NO"", ""NO""]","[""Lack of specific policy announcements in the headline implies minimal immediate market impact."", ""Lack of specific policy announcements in the headline implies minimal immediate market impact."", ""Lack of specific policy announcements in the headline implies minimal immediate market impact.""]",2,1.0,-0.2,-0.2,"[2, 2, 2]"
5606,https://www.maritime-executive.com/article/european-port-operators-are-worried-about-carbon-charges,,European Port Operators Are Worried About Carbon Charges,2023-11-27,https://maritime-executive.com/media/images/article/Photos/Ports/container-terminal-tollerot-hhla-ctt.d2bbd1.jpg,maritime-executive.com,English,United States,1,3,eu_context;carbon_terms=1,YES,1,"[""YES"", ""YES"", ""YES""]","[""Port operators\u2019 concerns signal potential regulatory tightening or increased compliance costs that could drive up ETS prices."", ""Port operators\u2019 concerns signal potential regulatory tightening or increased compliance costs that could drive up ETS prices."", ""Port operators\u2019 concerns signal potential regulatory tightening or increased compliance costs that could drive up ETS prices.""]",7,1.0,0.7,0.7,"[7, 7, 7]"
5612,https://www.bignewsnetwork.com/news/274049478/eu-reaches-preliminary-deal-on-reducing-industrial-emissions,,EU reaches preliminary deal on reducing industrial emissions,2023-11-29,https://cdn.bignewsnetwork.com/rfi1701281774.jpg,bignewsnetwork.com,English,United States,2,4,eu_context;carbon_terms=2,YES,1,"[""YES"", ""YES"", ""YES""]","[""Preliminary deal signals regulatory tightening, likely boosting ETS prices short-term."", ""Preliminary deal signals regulatory tightening, likely boosting ETS prices short-term."", ""Preliminary deal signals regulatory tightening, likely boosting ETS prices short-term.""]",7,1.0,0.7,0.7,"[7, 7, 7]"
5618,https://www.arabherald.com/news/274051229/carbon-capture-and-storage-technology-is-crucial-to-reduce-carbon-emissions-ccs-institute,,Carbon capture and storage technology is crucial to reduce carbon emissions : CCS Institute,2023-12-01,https://cdn.bignewsnetwork.com/ani1701414803.jpg,arabherald.com,English,Syria,2,3,carbon_terms=3,NO,-1,"[""NO"", ""NO"", ""NO""]","[""CCS technology may support emission reductions but doesn't directly drive short-term EU ETS price volatility."", ""CCS technology may support emission reductions but doesn't directly drive short-term EU ETS price volatility."", ""CCS technology may support emission reductions but doesn't directly drive short-term EU ETS price volatility.""]",5,1.0,-0.5,-0.5,"[5, 5, 5]"
5624,https://auto.economictimes.indiatimes.com/news/industry/global-regulators-propose-tougher-scrutiny-of-voluntary-carbon-markets/105721339,https://auto.economictimes.indiatimes.com/amp/news/industry/global-regulators-propose-tougher-scrutiny-of-voluntary-carbon-markets/105721339,"Global regulators propose tougher scrutiny of voluntary carbon markets , ET Auto",2023-12-04,"https://etimg.etb2bimg.com/thumb/msid-105721339,imgsize-34906,width-1200,height=765,overlay-etauto/industry/global-regulators-propose-tougher-scrutiny-of-voluntary-carbon-markets.jpg",auto.economictimes.indiatimes.com,English,India,1,2,carbon_terms=2,NO,-1,"[""NO"", ""NO"", ""NO""]","[""Voluntary carbon markets may face tighter compliance, potentially reducing demand and pressuring EU ETS prices."", ""Voluntary carbon markets may face tighter compliance, potentially reducing demand and pressuring EU ETS prices."", ""Voluntary carbon markets may face tighter compliance, potentially reducing demand and pressuring EU ETS prices.""]",6,1.0,-0.6,-0.6,"[6, 6, 6]"
5630,https://www.hellenicshippingnews.com/bsm-is-ready-to-go-for-eu-ets/,,BSM is ready to go for EU ETS | Hellenic Shipping News Worldwide,2023-12-07,,hellenicshippingnews.com,English,China,1,8,eu_ets_strong;eu_context,NO,-1,"[""NO"", ""NO"", ""NO""]","[""BSM\u2019s readiness may signal increased market activity but lacks concrete data to confirm immediate price impact."", ""BSM\u2019s readiness may signal increased market activity but lacks concrete data to confirm immediate price impact."", ""BSM\u2019s readiness may signal increased market activity but lacks concrete data to confirm immediate price impact.""]",5,1.0,-0.5,-0.5,"[5, 5, 5]"
5636,https://leadership.ng/africa-risks-25bn-annual-loss-trade-constrains-with-eu-carbon-border-adjustment/,,"Africa Risks $25bn Annual Loss , Trade Constrains With EU Carbon Border Adjustment",2023-12-10,https://leadership.ng/wp-content/uploads/2023/12/Akinwumi-Adesina.png,leadership.ng,English,Nigeria,1,9,eu_ets_strong;eu_context;carbon_terms=1,NO,-1,"[""NO"", ""NO"", ""NO""]","[""EU carbon border adjustment risks pushing African exports out of market, potentially lowering EU ETS demand."", ""EU carbon border adjustment risks pushing African exports out of market, potentially lowering EU ETS demand."", ""EU carbon border adjustment risks pushing African exports out of market, potentially lowering EU ETS demand.""]",7,1.0,-0.7,-0.7,"[7, 7, 7]"
5642,https://kfgo.com/2023/12/13/analysis-cop28-kicks-carbon-trading-down-the-road-as-eu-blocks-deal/,,Analysis - COP28 kicks carbon trading down the road as EU blocks deal,2023-12-13,https://storage.googleapis.com/media.mwcradio.com/mimesis/2023-12/13/2023-12-13T124153Z_1_LYNXMPEJBC0I1_RTROPTP_3_CLIMATE-UN-PLENARY.JPG,kfgo.com,English,United States,1,4,eu_context;carbon_terms=2,NO,-1,"[""NO"", ""NO"", ""NO""]","[""EU\u2019s blockage of the global carbon trading deal may delay market integration but doesn\u2019t signal a short-term price collapse."", ""EU\u2019s blockage of the global carbon trading deal may delay market integration but doesn\u2019t signal a short-term price collapse."", ""EU\u2019s blockage of the global carbon trading deal may delay market integration but doesn\u2019t signal a short-term price collapse.""]",6,1.0,-0.6,-0.6,"[6, 6, 6]"
5648,https://www.independent.com.mt/articles/2023-12-17/local-news/20-years-later-Sant-still-believes-Malta-made-a-mistake-to-join-EU-6736257179,,"20 years later , Sant still believes Malta made a mistake to join EU",2023-12-17,https://www.independent.com.mt/file.aspx?f=159250,independent.com.mt,English,Malta,1,2,eu_context,NO,-1,"[""NO"", ""NO"", ""NO""]","[""Malta\u2019s EU membership may have long-term economic implications, but the headline\u2019s sentiment about a \u201cmistake\u201d is speculative and lacks concrete policy or market data to influence short-term EU ETS pricing."", ""Malta\u2019s EU membership may have long-term economic implications, but the headline\u2019s sentiment about a \u201cmistake\u201d is speculative and lacks concrete policy or market data to influence short-term EU ETS pricing."", ""Malta\u2019s EU membership may have long-term economic implications, but the headline\u2019s sentiment about a \u201cmistake\u201d is speculative and lacks concrete policy or market data to influence short-term EU ETS pricing.""]",2,1.0,-0.2,-0.2,"[2, 2, 2]"
5654,https://wtaq.com/2023/12/21/energy-bourse-eex-publishes-2024-emission-auction-volumes/,,Energy bourse EEX publishes 2024 emission auction volumes,2023-12-21,https://storage.googleapis.com/media.mwcradio.com/mimesis/2023-12/21/2023-12-21T203353Z_1_LYNXMPEJBK0R3_RTROPTP_3_EEX-GERMANY-EXCHANGE.JPG,wtaq.com,English,United States,1,8,eu_ets_strong;carbon_terms=2,NO,-1,"[""NO"", ""NO"", ""NO""]","[""Auction volumes alone don't signal immediate price direction without context on compliance, market sentiment, or regulatory changes."", ""Auction volumes alone don't signal immediate price direction without context on compliance, market sentiment, or regulatory changes."", ""Auction volumes alone don't signal immediate price direction without context on compliance, market sentiment, or regulatory changes.""]",3,1.0,-0.3,-0.3,"[3, 3, 3]"
5660,https://geneticliteracyproject.org/2021/11/15/eus-farm-to-fork-green-deal-could-hurt-south-african-agriculture-unless-production-adjustments-are-made/,,EU Farm to Fork Green Deal could hurt South African agriculture unless production adjustments are made,2023-12-26,https://geneticliteracyproject.org/wp-content/uploads/2021/11/AFR-Blog-South-African-Agriculture.png,geneticliteracyproject.org,English,United States,2,2,eu_context,NO,-1,"[""NO"", ""NO"", ""NO""]","[""EU Farm to Fork policy impacts global agri-trade, but South Africa\u2019s exposure is indirect and not directly tied to EU ETS pricing."", ""EU Farm to Fork policy impacts global agri-trade, but South Africa\u2019s exposure is indirect and not directly tied to EU ETS pricing."", ""EU Farm to Fork policy impacts global agri-trade, but South Africa\u2019s exposure is indirect and not directly tied to EU ETS pricing.""]",3,1.0,-0.3,-0.3,"[3, 3, 3]"
5666,https://energycapitalandpower.africa-newsroom.com/press/policy-insights-how-africaneuropean-partnerships-are-shaping-oil-and-gas-regulations,,Energy Capital & Power / Press release | Policy Insights : How African - European Partnerships are Shaping Oil & Gas Regulations,2023-12-28,https://energycapitalandpower.africa-newsroom.com/files/large/bc97bda5e3bfa79,energycapitalandpower.africa-newsroom.com,English,South Africa,2,3,eu_context;energy_driver,NO,-1,"[""NO"", ""NO"", ""NO""]","[""African-European oil & gas regulatory partnerships have limited direct impact on EU ETS pricing in the short term."", ""African-European oil & gas regulatory partnerships have limited direct impact on EU ETS pricing in the short term."", ""African-European oil & gas regulatory partnerships have limited direct impact on EU ETS pricing in the short term.""]",3,1.0,-0.3,-0.3,"[3, 3, 3]"
5672,https://www.hellenicshippingnews.com/europe-gas-prices-decline-on-strong-supply-high-storage-levels/,,"Europe Gas : Prices decline on strong supply , high storage levels | Hellenic Shipping News Worldwide",2023-12-30,,hellenicshippingnews.com,English,China,2,4,eu_context;carbon_terms=1;energy_driver,NO,-1,"[""NO"", ""NO"", ""NO""]","[""Gas price declines suggest reduced pressure on EU ETS due to ample supply and storage, but ETS is less directly tied to gas prices."", ""Gas price declines suggest reduced pressure on EU ETS due to ample supply and storage, but ETS is less directly tied to gas prices."", ""Gas price declines suggest reduced pressure on EU ETS due to ample supply and storage, but ETS is less directly tied to gas prices.""]",3,1.0,-0.3,-0.3,"[3, 3, 3]"
5678,https://www.hellenicshippingnews.com/eu-steel-decarbonization-may-outstrip-iron-ore-pellet-supply-encourage-innovation/,,"EU steel decarbonization may outstrip iron ore pellet supply , encourage innovation",2024-01-02,,hellenicshippingnews.com,English,China,2,3,eu_context;carbon_terms=1,YES,1,"[""YES"", ""YES"", ""YES""]","[""Steel decarbonization could drive demand for low-carbon inputs, pressuring iron ore pellet prices and incentivizing supply-side innovation."", ""Steel decarbonization could drive demand for low-carbon inputs, pressuring iron ore pellet prices and incentivizing supply-side innovation."", ""Steel decarbonization could drive demand for low-carbon inputs, pressuring iron ore pellet prices and incentivizing supply-side innovation.""]",7,1.0,0.7,0.7,"[7, 7, 7]"
5684,https://www.barrons.com/news/german-emissions-at-70-year-low-as-coal-use-drops-3067a487,https://www.barrons.com/amp/news/german-emissions-at-70-year-low-as-coal-use-drops-3067a487,German Emissions At 70 - year Low As Coal Use Drops,2024-01-04,https://asset.barrons.com/barrons/images/afp-metadata-default.jpg,barrons.com,English,China,2,3,carbon_terms=2;energy_driver,YES,1,"[""YES"", ""YES"", ""YES""]","[""Lower coal use signals stronger emissions reduction, potentially boosting EU ETS demand."", ""Lower coal use signals stronger emissions reduction, potentially boosting EU ETS demand."", ""Lower coal use signals stronger emissions reduction, potentially boosting EU ETS demand.""]",7,1.0,0.7,0.7,"[7, 7, 7]"
5690,https://www.seattletimes.com/business/germanys-co2-emissions-are-at-their-lowest-in-7-decades-study-shows/,,"Germany CO2 emissions are at their lowest in 7 decades , study shows",2024-01-06,,seattletimes.com,English,United States,2,2,carbon_terms=2,NO,-1,"[""NO"", ""NO"", ""NO""]","[""Lower emissions may signal reduced demand for carbon credits, but short-term price impact is uncertain due to market expectations and policy inertia."", ""Lower emissions may signal reduced demand for carbon credits, but short-term price impact is uncertain due to market expectations and policy inertia."", ""Lower emissions may signal reduced demand for carbon credits, but short-term price impact is uncertain due to market expectations and policy inertia.""]",5,1.0,-0.5,-0.5,"[5, 5, 5]"
5696,https://www.mining.com/emissions-reach-lowest-level-in-70-years-due-to-sharp-decline-in-coal-use-in-germany/,,Emissions reach lowest level in 70 years due to sharp decline in coal use in Germany,2024-01-08,https://www.mining.com/wp-content/uploads/2024/01/Coal-fired-power-plant-in-Lunen-Germany.jpg,mining.com,English,Canada,2,3,carbon_terms=2;energy_driver,YES,1,"[""YES"", ""YES"", ""YES""]","[""Coal reduction signals long-term structural change, potentially lowering future emissions and ETS demand."", ""Coal reduction signals long-term structural change, potentially lowering future emissions and ETS demand."", ""Coal reduction signals long-term structural change, potentially lowering future emissions and ETS demand.""]",7,1.0,0.7,0.7,"[7, 7, 7]"
5702,https://www.hellenicshippingnews.com/europe-gas-prices-edge-lower-on-milder-temperature-forecasts-strong-supply/,,"Europe Gas : Prices edge lower on milder temperature forecasts , strong supply | Hellenic Shipping News Worldwide",2024-01-10,,hellenicshippingnews.com,English,China,2,4,eu_context;carbon_terms=1;energy_driver,NO,-1,"[""NO"", ""NO"", ""NO""]","[""Milder temperatures may reduce demand, but strong supply suggests price pressure remains."", ""Milder temperatures may reduce demand, but strong supply suggests price pressure remains."", ""Milder temperatures may reduce demand, but strong supply suggests price pressure remains.""]",5,1.0,-0.5,-0.5,"[5, 5, 5]"
5708,https://www.theguardian.com/uk-news/2024/jan/12/high-life-can-be-low-carbon-european-royals-taking-on-climate-crisis,https://amp.theguardian.com/uk-news/2024/jan/12/high-life-can-be-low-carbon-european-royals-taking-on-climate-crisis,  The high life can be low carbon : the European royals taking on the climate crisis | Monarchy,2024-01-12,https://i.guim.co.uk/img/media/e77294d7f5b7748d04831846b0d6e9f8390dd520/0_204_3587_2152/master/3587.jpg?&quality=85&auto=format&fit=crop&overlay-align=bottom%2Cleft&overlay-width=100p&overlay-base64=L2ltZy9zdGF0aWMvb3ZlcmxheXMvdGctZGVmYXVsdC5wbmc&enable=upscale&s=151beec080bf028992262f828a639291,theguardian.com,English,United Kingdom,2,3,eu_context;carbon_terms=1,NO,-1,"[""NO"", ""NO"", ""NO""]","[""Royal family initiatives may signal broader public interest but lack direct market impact on EU ETS."", ""Royal family initiatives may signal broader public interest but lack direct market impact on EU ETS."", ""Royal family initiatives may signal broader public interest but lack direct market impact on EU ETS.""]",3,1.0,-0.3,-0.3,"[3, 3, 3]"
5714,https://www.independent.com.mt/articles/2024-01-14/local-news/Costs-of-new-EU-tax-on-shipping-vessels-will-be-paid-by-consumers-trailer-operators-chairman-6736257756,,Costs of new EU tax on shipping vessels will be paid by consumers – trailer operator chairman,2024-01-14,https://www.independent.com.mt/file.aspx?f=237810,independent.com.mt,English,Malta,1,2,eu_context,NO,-1,"[""NO"", ""NO"", ""NO""]","[""May increase consumer prices, potentially reducing demand for carbon-intensive goods and indirectly affecting ETS pricing."", ""May increase consumer prices, potentially reducing demand for carbon-intensive goods and indirectly affecting ETS pricing."", ""May increase consumer prices, potentially reducing demand for carbon-intensive goods and indirectly affecting ETS pricing.""]",5,1.0,-0.5,-0.5,"[5, 5, 5]"
5720,https://finance.yahoo.com/news/shell-investors-unite-activist-group-213000941.html,,Shell Investors Unite With Activist Group Urging Greater Carbon Emissions Cut,2024-01-16,https://s.yimg.com/ny/api/res/1.2/5aQPXo0.E8X7PfJdcX3NsA--/YXBwaWQ9aGlnaGxhbmRlcjt3PTEyMDA7aD04MDI-/https://media.zenfs.com/en/bloomberg_markets_842/9e593098276ae4480274c37c7cf81258,finance.yahoo.com,English,United States,2,3,carbon_terms=3,NO,-1,"[""NO"", ""NO"", ""NO""]","[""Activist pressure may prompt Shell to accelerate decarbonization, potentially impacting ETS compliance costs and future emissions trading dynamics."", ""Activist pressure may prompt Shell to accelerate decarbonization, potentially impacting ETS compliance costs and future emissions trading dynamics."", ""Activist pressure may prompt Shell to accelerate decarbonization, potentially impacting ETS compliance costs and future emissions trading dynamics.""]",6,1.0,-0.6,-0.6,"[6, 6, 6]"
5726,https://www.rte.ie/news/2024/0118/1427300-carbon-curbs-trucks-buses-eu/,https://amp.rte.ie/amp/1427300/ ,EU agrees on tougher carbon curbs for trucks and buses,2024-01-18,https://img.rasset.ie/000ed4e4-1600.jpg,rte.ie,English,Ireland,2,3,eu_context;carbon_terms=1,YES,1,"[""YES"", ""YES"", ""YES""]","[""Stricter emissions limits for heavy transport directly increase demand for carbon credits, likely pushing EU ETS prices higher."", ""Stricter emissions limits for heavy transport directly increase demand for carbon credits, likely pushing EU ETS prices higher."", ""Stricter emissions limits for heavy transport directly increase demand for carbon credits, likely pushing EU ETS prices higher.""]",8,1.0,0.8,0.8,"[8, 8, 8]"
5732,https://astanatimes.com/2024/01/eu-report-signifies-new-chapter-in-regional-cooperation/,,EU Report Signifies New Chapter in Regional Cooperation,2024-01-20,https://astanatimes.com/wp-content/uploads/2024/01/73b0f8e14e70c624108a0c9de4f0b0a5825c2acd.jpg-scaled.jpg,astanatimes.com,English,Kazakhstan,2,2,eu_context,NO,-1,"[""NO"", ""NO"", ""NO""]","[""Regional cooperation signals potential regulatory alignment but lacks immediate market data to confirm price impact."", ""Regional cooperation signals potential regulatory alignment but lacks immediate market data to confirm price impact."", ""Regional cooperation signals potential regulatory alignment but lacks immediate market data to confirm price impact.""]",3,1.0,-0.3,-0.3,"[3, 3, 3]"
5738,https://www.bignewsnetwork.com/news/274103853/india-wants-eu-concessions-on-carbon-emissions-bloomberg,,India wants EU concessions on carbon emissions Bloomberg,2024-01-23,https://cdn.bignewsnetwork.com/rtc1706012021.jpg,bignewsnetwork.com,English,United States,1,5,eu_context;carbon_terms=3,NO,-1,"[""NO"", ""NO"", ""NO""]","[""India\u2019s potential concessions may influence EU ETS policy but are unlikely to cause immediate price swings."", ""India\u2019s potential concessions may influence EU ETS policy but are unlikely to cause immediate price swings."", ""India\u2019s potential concessions may influence EU ETS policy but are unlikely to cause immediate price swings.""]",5,1.0,-0.5,-0.5,"[5, 5, 5]"
5744,https://shipandbunker.com/news/world/780289-bunker-broker-norwegian-oil-trading-launches-eua-sales-for-eu-ets-compliance,,Bunker Broker Norwegian Oil Trading Launches EUA Sales for EU - ETS Compliance,2024-01-26,https://shipandbunker.cdn.speedyrails.net/a/img/_mt_60f539bf237e34f9ca4ea9d4b3e48147.jpg,shipandbunker.com,English,Singapore,1,10,eu_ets_strong;eu_context;carbon_terms=1;energy_driver,YES,1,"[""YES"", ""YES"", ""YES""]","[""New bunker broker entering EUA sales may increase market liquidity and drive short-term price volatility."", ""New bunker broker entering EUA sales may increase market liquidity and drive short-term price volatility."", ""New bunker broker entering EUA sales may increase market liquidity and drive short-term price volatility.""]",7,1.0,0.7,0.7,"[7, 7, 7]"
5750,https://www.wnd.com/2024/01/bidens-climate-czar-dodges-asked-blocking-natural-gas-projects-will-lower-emissions/,,Biden climate czar dodges when asked how blocking natural gas projects will lower emissions,2024-01-28,https://www.wnd.com/wp-content/uploads/2022/03/natural-gas-production-facility-Unsplash.jpg,wnd.com,English,United States,2,3,carbon_terms=2;energy_driver,NO,-1,"[""NO"", ""NO"", ""NO""]","[""Lack of direct policy clarity on natural gas projects may dampen investor confidence in emissions reduction targets."", ""Lack of direct policy clarity on natural gas projects may dampen investor confidence in emissions reduction targets."", ""Lack of direct policy clarity on natural gas projects may dampen investor confidence in emissions reduction targets.""]",3,1.0,-0.3,-0.3,"[3, 3, 3]"
5756,https://www.prnewswire.com/news-releases/european-zero-emission-battery-electric-truck-industry-efficient-battery-manufacturing-processes-and-charging-time-demonstrate-potential-reductions-in-co2-emissions-per-battery-electric-truck-by-30-302047643.html,,European Zero - Emission Battery Electric Truck Industry : Efficient Battery Manufacturing Processes and Charging Time Demonstrate Potential Reductions in CO2 Emissions per Battery Electric Truck by 30 % ,2024-01-30,,prnewswire.com,English,United States,2,4,eu_context;carbon_terms=2,NO,-1,"[""NO"", ""NO"", ""NO""]","[""Reduced emissions per truck could lower industry-wide carbon intensity, potentially pressuring EU ETS compliance costs and influencing policy."", ""Reduced emissions per truck could lower industry-wide carbon intensity, potentially pressuring EU ETS compliance costs and influencing policy."", ""Reduced emissions per truck could lower industry-wide carbon intensity, potentially pressuring EU ETS compliance costs and influencing policy.""]",7,1.0,-0.7,-0.7,"[7, 7, 7]"
5762,https://www.yorkshirepost.co.uk/business/richard-alan-engineering-yorkshire-fabrication-firm-takes-key-role-in-eu-backed-carbon-capture-technology-project-4462111,,Richard Alan Engineering : Yorkshire fabrication firm takes key role in EU - backed carbon capture technology project,2024-02-01,"https://www.yorkshirepost.co.uk/webimg/b25lY21zOjM1MzA0OTJlLWQ3NjMtNDljNi1iZGFlLWMwNTk1ZjZjYjA0NDpiMTdhYzZhYy1iYzU3LTRkMWMtOWI3Mi01MGJiNTA1YjU0MjA=.jpg?&auto=webp&quality=75&crop=3:2,smart",yorkshirepost.co.uk,English,United Kingdom,2,3,eu_context;carbon_terms=1,NO,-1,"[""NO"", ""NO"", ""NO""]","[""Carbon capture project involvement may signal future emissions reductions, but short-term ETS price impact is likely minimal."", ""Carbon capture project involvement may signal future emissions reductions, but short-term ETS price impact is likely minimal."", ""Carbon capture project involvement may signal future emissions reductions, but short-term ETS price impact is likely minimal.""]",3,1.0,-0.3,-0.3,"[3, 3, 3]"
5768,https://www.tsln.com/news/university-researchers-discover-microbes-that-turn-co2-gas-into-rocks-in-major-advance-for-carbon-sequestration/,,University researchers discover microbes that turn CO2 gas into rocks in major advance for carbon sequestration,2024-02-03,https://swiftmedia.s3.amazonaws.com/mountain.swiftcom.com/images/sites/13/2023/02/17223834/facebook-thumbnail-1200.jpg,tsln.com,English,United States,2,2,carbon_terms=1;energy_driver,YES,1,"[""YES"", ""YES"", ""YES""]","[""This breakthrough could reduce emissions and influence carbon pricing via enhanced sequestration capacity."", ""This breakthrough could reduce emissions and influence carbon pricing via enhanced sequestration capacity."", ""This breakthrough could reduce emissions and influence carbon pricing via enhanced sequestration capacity.""]",7,1.0,0.7,0.7,"[7, 7, 7]"
5774,https://www.universityherald.com/articles/78465/20240204/european-universities-embrace-adaptive-learning-environments-thematic-peer-groups-navigating.htm,https://www.universityherald.com/amp/articles/78465/20240204/european-universities-embrace-adaptive-learning-environments-thematic-peer-groups-navigating.htm,"European Universities Embrace Adaptive Learning Environments With Thematic Peer Groups , Navigating Flexibility in Higher Education Landscape",2024-02-05,https://1540443815.rsc.cdn77.org/data/images/full/56497/european-universities-embrace-adaptive-learning-environments-with-thematic-peer-groups-navigating-flexibility-in-higher-education-landscape.png,universityherald.com,English,United States,1,2,eu_context,NO,-1,"[""NO"", ""NO"", ""NO""]","[""No direct link to EU ETS market dynamics or carbon pricing mechanisms."", ""No direct link to EU ETS market dynamics or carbon pricing mechanisms."", ""No direct link to EU ETS market dynamics or carbon pricing mechanisms.""]",2,1.0,-0.2,-0.2,"[2, 2, 2]"
5780,https://news.yahoo.com/report-major-fall-2023-eu-124207137.html,,New report : Major fall in 2023 EU electricity generation emissions,2024-02-07,https://media.zenfs.com/en/dpa_international_526/405a2a9f1d95ac5ae3dca644a0a2c7cf,news.yahoo.com,English,United States,2,5,eu_context;carbon_terms=2;energy_driver,NO,-1,"[""NO"", ""NO"", ""NO""]","[""Lower emissions suggest potential easing of compliance pressure, possibly supporting price stability or modest decline."", ""Lower emissions suggest potential easing of compliance pressure, possibly supporting price stability or modest decline."", ""Lower emissions suggest potential easing of compliance pressure, possibly supporting price stability or modest decline.""]",7,1.0,-0.7,-0.7,"[7, 7, 7]"
5786,https://www.theland.com.au/story/8515314/european-commission-scraps-plan-to-cut-agricultural-emissions/?cs=4951,,European Commission Scraps Plan to Cut Agricultural Emissions | The Land,2024-02-09,https://www.theland.com.au/images/transform/v1/crop/frm/224684249/a5248680-283f-4989-979a-3564e9d9f303.jpg/r0_254_5433_3106_w1200_h630_fmax.jpg,theland.com.au,English,Australia,2,4,eu_context;carbon_terms=2,NO,-1,"[""NO"", ""NO"", ""NO""]","[""Agricultural emissions reduction cuts were a key policy lever, so scrapping them may reduce compliance pressure and lower ETS price support."", ""Agricultural emissions reduction cuts were a key policy lever, so scrapping them may reduce compliance pressure and lower ETS price support."", ""Agricultural emissions reduction cuts were a key policy lever, so scrapping them may reduce compliance pressure and lower ETS price support.""]",6,1.0,-0.6,-0.6,"[6, 6, 6]"
5792,https://www.arkansasonline.com/news/2024/feb/11/european-energy-worries-grow/,,European energy worries grow | The Arkansas Democrat - Gazette - Arkansa Best News Source,2024-02-11,https://wehco.media.clients.ellingtoncms.com/imports/adg/photos/206468447_1Gredsea0211_t600.jpg?4326734cdb8e39baa3579048ef63ad7b451e7676,arkansasonline.com,English,United States,2,2,eu_context,NO,-1,"[""NO"", ""NO"", ""NO""]","[""Energy concerns may slightly pressure prices but lack immediate market signal."", ""Energy concerns may slightly pressure prices but lack immediate market signal."", ""Energy concerns may slightly pressure prices but lack immediate market signal.""]",3,1.0,-0.3,-0.3,"[3, 3, 3]"
5798,https://www.marketscreener.com/news/latest/EU-to-step-up-efforts-for-more-carbon-markets-worldwide-45942659/,,EU to step up efforts for more carbon markets worldwide,2024-02-13,https://www.marketscreener.com/images/twitter_MS_fdnoir.png,marketscreener.com,English,,1,4,eu_context;carbon_terms=2,YES,1,"[""YES"", ""YES"", ""YES""]","[""Expanding global carbon markets may increase demand for EU ETS allowances, supporting prices."", ""Expanding global carbon markets may increase demand for EU ETS allowances, supporting prices."", ""Expanding global carbon markets may increase demand for EU ETS allowances, supporting prices.""]",7,1.0,0.7,0.7,"[7, 7, 7]"
5804,https://www.euractiv.com/section/freight/news/eu-parliament-set-to-vote-on-truck-co2-emissions-after-green-light-from-committee/,,EU Parliament set to vote on truck CO2 emissions after green light from committee,2024-02-15,https://www.euractiv.com/wp-content/uploads/sites/2/2024/02/shutterstock_2274269865-800x450.jpg,euractiv.com,English,United Kingdom,2,4,eu_context;carbon_terms=2,YES,1,"[""YES"", ""YES"", ""YES""]","[""New legislative push could boost compliance costs and drive upward pressure on EU ETS prices."", ""New legislative push could boost compliance costs and drive upward pressure on EU ETS prices."", ""New legislative push could boost compliance costs and drive upward pressure on EU ETS prices.""]",7,1.0,0.7,0.7,"[7, 7, 7]"
5810,https://www.forbes.com/sites/jonmcgowan/2024/02/16/eu-esg-sustainability-reporting-delay-provides-insight-on-us-sec-struggles/,https://www.forbes.com/sites/jonmcgowan/2024/02/16/eu-esg-sustainability-reporting-delay-provides-insight-on-us-sec-struggles/amp/,EU ESG / Sustainability Reporting Delay Provides Insight On US SEC Struggles,2024-02-17,https://imageio.forbes.com/specials-images/imageserve/65cbb585f8a2a11a729f150a/0x0.jpg?format=jpg&fit=bounds,forbes.com,English,United States,2,2,eu_context,NO,-1,"[""NO"", ""NO"", ""NO""]","[""ESG reporting delays may signal regulatory uncertainty but don\u2019t directly impact EU ETS price mechanics."", ""ESG reporting delays may signal regulatory uncertainty but don\u2019t directly impact EU ETS price mechanics."", ""ESG reporting delays may signal regulatory uncertainty but don\u2019t directly impact EU ETS price mechanics.""]",3,1.0,-0.3,-0.3,"[3, 3, 3]"
5816,https://fuelcellsworks.com/news/european-hydrogen-bank-pilot-auction-132-bids-received-from-17-european-countries/,,European Hydrogen Bank Pilot Auction : 132 Bids Received From 17 European Countries,2024-02-19,https://img.fuelcellsworks.com/wp-content/uploads/2024/02/2024-02-19_09-02-58-3.png,fuelcellsworks.com,English,United States,1,3,eu_context;carbon_terms=1,NO,-1,"[""NO"", ""NO"", ""NO""]","[""Hydrogen bank auctions may signal policy support but lack immediate market impact on ETS prices."", ""Hydrogen bank auctions may signal policy support but lack immediate market impact on ETS prices."", ""Hydrogen bank auctions may signal policy support but lack immediate market impact on ETS prices.""]",5,1.0,-0.5,-0.5,"[5, 5, 5]"
5822,https://www.novinite.com/articles/224365/Europe,,Europe Energy Evolution : Declining Gas Demand and Renewable Growth - Novinite . com,2024-02-21,https://www.novinite.com/media/images/2024-02/photo_verybig_224365.jpg,novinite.com,English,Bulgaria,1,3,eu_context;energy_driver,YES,1,"[""YES"", ""YES"", ""YES""]","[""Declining gas demand and renewable growth signal structural ETS price support due to reduced fossil fuel reliance."", ""Declining gas demand and renewable growth signal structural ETS price support due to reduced fossil fuel reliance."", ""Declining gas demand and renewable growth signal structural ETS price support due to reduced fossil fuel reliance.""]",7,1.0,0.7,0.7,"[7, 7, 7]"
5828,https://www.tmcnet.com/usubmit/2024/02/23/9967345.htm,,Global Radome Market Analysis and Forecasts Report 2023 - 2028 : Growing Demand for Technologically Advanced Carbon Fiber Radome Systems for Next - Generation Aircraft Taking the Market to New Heights,2024-02-24,,tmcnet.com,English,United States,2,2,carbon_terms=2,NO,-1,"[""NO"", ""NO"", ""NO""]","[""Radomes are not directly tied to EU ETS emissions trading, though carbon fiber use may imply indirect emissions impacts."", ""Radomes are not directly tied to EU ETS emissions trading, though carbon fiber use may imply indirect emissions impacts."", ""Radomes are not directly tied to EU ETS emissions trading, though carbon fiber use may imply indirect emissions impacts.""]",2,1.0,-0.2,-0.2,"[2, 2, 2]"
5834,https://www.bnnbloomberg.ca/china-objects-to-eu-s-border-carbon-tax-backs-global-market-1.2039131,https://www.bnnbloomberg.ca/china-objects-to-eu-s-border-carbon-tax-backs-global-market-1.2039131.amp.html,"China Objects to EU Border Carbon Tax , Backs Global Market",2024-02-26,http://www.bnnbloomberg.ca/polopoly_fs/1.2039132!/fileimage/httpImage/image.jpg_gen/derivatives/landscape_620/vapor-rising-photographer-waldo-swiegers-bloomberg.jpg,bnnbloomberg.ca,English,Canada,2,4,eu_context;carbon_terms=2,NO,-1,"[""NO"", ""NO"", ""NO""]","[""China\u2019s stance may influence global carbon pricing but doesn\u2019t directly impact EU ETS short-term dynamics."", ""China\u2019s stance may influence global carbon pricing but doesn\u2019t directly impact EU ETS short-term dynamics."", ""China\u2019s stance may influence global carbon pricing but doesn\u2019t directly impact EU ETS short-term dynamics.""]",5,1.0,-0.5,-0.5,"[5, 5, 5]"
5840,https://www.hedgeweek.com/eex-and-epias-to-develop-turkish-ets/,,EEX and EPİAŞ to develop Turkish ETS,2024-02-28,,hedgeweek.com,English,United Kingdom,1,6,eu_ets_strong,NO,-1,"[""NO"", ""NO"", ""NO""]","[""Turkish ETS development may diversify markets but lacks immediate impact on EU ETS pricing."", ""Turkish ETS development may diversify markets but lacks immediate impact on EU ETS pricing."", ""Turkish ETS development may diversify markets but lacks immediate impact on EU ETS pricing.""]",5,1.0,-0.5,-0.5,"[5, 5, 5]"
5846,https://www.naftemporiki.gr/english/1604374/mytilineos-sounds-alarm-over-high-production-cost-in-europe/,,Mytilineos sounds alarm over high production cost in Europe,2024-03-01,https://www.naftemporiki.gr/wp-content/uploads/2023/11/mytilinaios.jpg,naftemporiki.gr,English,Greece,1,2,eu_context,NO,-1,"[""NO"", ""NO"", ""NO""]","[""High production costs may pressure margins and reduce competitiveness, potentially affecting EU ETS compliance costs."", ""High production costs may pressure margins and reduce competitiveness, potentially affecting EU ETS compliance costs."", ""High production costs may pressure margins and reduce competitiveness, potentially affecting EU ETS compliance costs.""]",6,1.0,-0.6,-0.6,"[6, 6, 6]"
5852,https://www.onegreenplanet.org/environment/south-koreas-carbon-trading-scheme-is-creating-profits-for-polluters/,,South Korea Carbon Trading Scheme is Creating Profits for Polluters,2024-03-03,https://www.onegreenplanet.org/wp-content/uploads/2024/02/shutterstock-548000011.jpg,onegreenplanet.org,English,United States,1,2,carbon_terms=2,NO,-1,"[""NO"", ""NO"", ""NO""]","[""May indicate regulatory divergence that could affect EU ETS pricing via cross-border emissions trading dynamics."", ""May indicate regulatory divergence that could affect EU ETS pricing via cross-border emissions trading dynamics."", ""May indicate regulatory divergence that could affect EU ETS pricing via cross-border emissions trading dynamics.""]",3,1.0,-0.3,-0.3,"[3, 3, 3]"
5858,https://www.bennettjones.com/Blogs-Section/BC-Output-Based-Pricing-System-for-Carbon-Emissions,https://www.bennettjones.com:443/Blogs-Section/BC-Output-Based-Pricing-System-for-Carbon-Emissions?amp=Blog,BC Output - Based Pricing System for Carbon Emissions,2024-03-05,https://www.bennettjones.com:443/-/media/BC-Output-Pricing-Blog.jpg,bennettjones.com,English,Canada,1,3,carbon_terms=3,NO,-1,"[""NO"", ""NO"", ""NO""]","[""BC\u2019s output-based pricing system may influence carbon pricing dynamics but lacks immediate EU ETS integration."", ""BC\u2019s output-based pricing system may influence carbon pricing dynamics but lacks immediate EU ETS integration."", ""BC\u2019s output-based pricing system may influence carbon pricing dynamics but lacks immediate EU ETS integration.""]",5,1.0,-0.5,-0.5,"[5, 5, 5]"
5864,https://www.eco-business.com/news/qa-what-does-bidens-lng-pause-mean-for-global-emissions/,,Q & A : What does Biden LNG  pause  mean for global emissions ? | News | Eco - Business,2024-03-07,https://eco-business.imgix.net/ebmedia/fileuploads/53168386212_66bff72d0a_5k.jpg?fit=crop&ixlib=django-1.2.0&q=85,eco-business.com,English,China,2,3,carbon_terms=2;energy_driver,NO,-1,"[""NO"", ""NO"", ""NO""]","[""LNG export pause may reduce global emissions but has limited direct impact on EU ETS pricing due to delayed market adjustments."", ""LNG export pause may reduce global emissions but has limited direct impact on EU ETS pricing due to delayed market adjustments."", ""LNG export pause may reduce global emissions but has limited direct impact on EU ETS pricing due to delayed market adjustments.""]",3,1.0,-0.3,-0.3,"[3, 3, 3]"
5870,https://www.unian.info/economics/poland-has-banned-imports-of-ukrainian-grain-so-what-are-polish-farmers-protesting-against-executive-vice-president-of-european-commission-valdis-dombrovskis-12568116.html,https://www.unian.info/economics/poland-has-banned-imports-of-ukrainian-grain-so-what-are-polish-farmers-protesting-against-executive-vice-president-of-european-commission-valdis-dombrovskis-amp-12568116.html,  Poland has banned imports of Ukrainian grain . So what are Polish farmers protesting against ? - Executive Vice President of European Commission Valdis Dombrovskis,2024-03-09,https://images.unian.net/photos/2024_03/thumb_files/1000_545_1709973445-1345.jpg,unian.info,English,Ukraine,2,2,eu_context,NO,-1,"[""NO"", ""NO"", ""NO""]","[""Poland\u2019s grain import ban may reduce demand for EU ETS-linked agricultural emissions, but the impact is indirect and short-term."", ""Poland\u2019s grain import ban may reduce demand for EU ETS-linked agricultural emissions, but the impact is indirect and short-term."", ""Poland\u2019s grain import ban may reduce demand for EU ETS-linked agricultural emissions, but the impact is indirect and short-term.""]",3,1.0,-0.3,-0.3,"[3, 3, 3]"
5876,https://www.telegraph.co.uk/business/2024/03/11/britain-hidden-carbon-emissions-net-zero-lie/,,The big net zero lie ? Britain  hidden  carbon emissions,2024-03-11,,telegraph.co.uk,English,United Kingdom,2,3,carbon_terms=3,NO,-1,"[""NO"", ""NO"", ""NO""]","[""Hidden UK emissions could trigger EU ETS price volatility if exposed."", ""Hidden UK emissions could trigger EU ETS price volatility if exposed."", ""Hidden UK emissions could trigger EU ETS price volatility if exposed.""]",7,1.0,-0.7,-0.7,"[7, 7, 7]"
5882,https://www.energymatters.com.au/renewable-news/is-it-worth-spending-the-extra-money-on-european-solar-power-equipment/,,Is It Worth Spending the Extra Money on European Solar Power Equipment ? ,2024-03-13,https://www.energymatters.com.au/wp-content/uploads/2024/03/solar-2666770_1280.jpg,energymatters.com.au,English,Australia,2,3,eu_context;energy_driver,NO,-1,"[""NO"", ""NO"", ""NO""]","[""Solar equipment investment may boost EU ETS compliance but doesn\u2019t directly drive short-term price volatility."", ""Solar equipment investment may boost EU ETS compliance but doesn\u2019t directly drive short-term price volatility."", ""Solar equipment investment may boost EU ETS compliance but doesn\u2019t directly drive short-term price volatility.""]",3,1.0,-0.3,-0.3,"[3, 3, 3]"
5888,https://www.seattletimes.com/business/german-greenhouse-gas-emissions-dropped-sharply-last-year-raising-hopes-of-meeting-2030-target/,,"German greenhouse gas emissions dropped sharply last year , raising hopes of meeting 2030 target",2024-03-15,,seattletimes.com,English,United States,2,3,carbon_terms=2;energy_driver,YES,1,"[""YES"", ""YES"", ""YES""]","[""Lower emissions may signal tighter future caps or reduced compliance costs, boosting price expectations."", ""Lower emissions may signal tighter future caps or reduced compliance costs, boosting price expectations."", ""Lower emissions may signal tighter future caps or reduced compliance costs, boosting price expectations.""]",7,1.0,0.7,0.7,"[7, 7, 7]"
5894,https://www.eurasiareview.com/17032024-asian-aerosols-impact-on-atlantic-meridional-overturning-circulation/,,Asian Aerosol Impact On Atlantic Meridional Overturning Circulation – Eurasia Review,2024-03-17,https://www.eurasiareview.com/wp-content/uploads/2024/03/b-157.jpeg,eurasiareview.com,English,United States,2,2,eu_context,NO,-1,"[""NO"", ""NO"", ""NO""]","[""Lack of direct financial or carbon market linkage to EU ETS pricing."", ""Lack of direct financial or carbon market linkage to EU ETS pricing."", ""Lack of direct financial or carbon market linkage to EU ETS pricing.""]",2,1.0,-0.2,-0.2,"[2, 2, 2]"
5900,https://nltimes.nl/2024/03/19/eu-climate-laws-90-emissions-cut-2040-minimum-netherlands-achieve-pbl,,EU climate law 90 % emissions cut by 2040 the minimum Netherlands should achieve : PBL,2024-03-19,https://nltimes.nl/sites/nltimes.nl/files/styles/news_article_full/public/2022-10/Depositphotos_240387470_L.jpg?h=a8096eb1,nltimes.nl,English,Netherlands,2,4,eu_context;carbon_terms=2,YES,1,"[""YES"", ""YES"", ""YES""]","[""Strong policy signal may boost ETS demand as EU pushes for ambitious emissions cuts."", ""Strong policy signal may boost ETS demand as EU pushes for ambitious emissions cuts."", ""Strong policy signal may boost ETS demand as EU pushes for ambitious emissions cuts.""]",7,1.0,0.7,0.7,"[7, 7, 7]"
5906,https://www.seatrade-maritime.com/regulation/emissions-management-firm-support-fueleu-maritime-compliance,,Emissions management firm to support FuelEU Maritime compliance,2024-03-21,https://www.seatrade-maritime.com/sites/seatrade-maritime.com/files/AdobeStock-container-ship.jpeg,seatrade-maritime.com,English,China,1,4,eu_context;carbon_terms=2,NO,-1,"[""NO"", ""NO"", ""NO""]","[""FuelEU Maritime compliance support may imply regulatory tightening but lacks direct price-driving mechanism."", ""FuelEU Maritime compliance support may imply regulatory tightening but lacks direct price-driving mechanism."", ""FuelEU Maritime compliance support may imply regulatory tightening but lacks direct price-driving mechanism.""]",3,1.0,-0.3,-0.3,"[3, 3, 3]"
5912,https://www.yahoo.com/news/satellites-watch-iceland-volcano-spew-130045988.html,,Satellites watch Iceland volcano spew gigantic plume of toxic gas across Europe,2024-03-23,https://media.zenfs.com/en/space_311/658f532bbe43bb2be0d66c589de68ec1,yahoo.com,English,United States,2,3,eu_context;energy_driver,NO,-1,"[""NO"", ""NO"", ""NO""]","[""Volcanic emissions may temporarily disrupt air quality and regulatory compliance, but no direct carbon market mechanism is triggered."", ""Volcanic emissions may temporarily disrupt air quality and regulatory compliance, but no direct carbon market mechanism is triggered."", ""Volcanic emissions may temporarily disrupt air quality and regulatory compliance, but no direct carbon market mechanism is triggered.""]",5,1.0,-0.5,-0.5,"[5, 5, 5]"
5918,https://maritime-executive.com/article/ngo-t-e-alleges-carriers-are-profits-from-eu-ets-overcharging-shippers,,NGO T & E Alleges Carriers Are Profits from EU ETS Overcharging Shippers,2024-03-26,https://maritime-executive.com/media/images/article/Photos/Ports/Port-of-Rotterdam-container-terminal-expansion.6388bb.61a64b.jpg,maritime-executive.com,English,United States,1,8,eu_ets_strong;eu_context,NO,-1,"[""NO"", ""NO"", ""NO""]","[""Potential regulatory scrutiny could trigger price volatility and policy adjustments."", ""Potential regulatory scrutiny could trigger price volatility and policy adjustments."", ""Potential regulatory scrutiny could trigger price volatility and policy adjustments.""]",7,1.0,-0.7,-0.7,"[7, 7, 7]"
5924,https://www.devdiscourse.com/article/headlines/2871639-eu-unido-launch-9m-project-to-advance-hydropower-and-circular-economy-in-nigeria,https://www.devdiscourse.com/article/headlines/2871639-eu-unido-launch-9m-project-to-advance-hydropower-and-circular-economy-in-nigeria?amp,"EU , UNIDO launch €9M project to advance hydropower and circular economy in Nigeria",2024-03-28,https://www.devdiscourse.com/remote.axd?https://devdiscourse.blob.core.windows.net/devnews/23_09_2018_16_36_35_7181766.jpg?&format=jpeg,devdiscourse.com,English,China,2,3,eu_context;energy_driver,NO,-1,"[""NO"", ""NO"", ""NO""]","[""Hydropower and circular economy initiatives in Nigeria are unlikely to directly impact EU ETS pricing in the short term."", ""Hydropower and circular economy initiatives in Nigeria are unlikely to directly impact EU ETS pricing in the short term."", ""Hydropower and circular economy initiatives in Nigeria are unlikely to directly impact EU ETS pricing in the short term.""]",2,1.0,-0.2,-0.2,"[2, 2, 2]"
5930,https://www.voanews.com/a/how-eu-deforestation-laws-are-reordering-world-of-coffee-/7548335.html,https://www.voanews.com/amp/how-eu-deforestation-laws-are-reordering-world-of-coffee-/7548335.html,How EU Deforestation Laws Are Reordering World of Coffee,2024-03-30,https://gdb.voanews.com/9BF20D8B-88EF-4D14-A7B7-05894A5ED2BF.jpg,voanews.com,English,United States,2,2,eu_context,NO,-1,"[""NO"", ""NO"", ""NO""]","[""EU deforestation laws may increase coffee production costs and supply chain transparency, indirectly affecting ETS prices through carbon-intensive agriculture."", ""EU deforestation laws may increase coffee production costs and supply chain transparency, indirectly affecting ETS prices through carbon-intensive agriculture."", ""EU deforestation laws may increase coffee production costs and supply chain transparency, indirectly affecting ETS prices through carbon-intensive agriculture.""]",6,1.0,-0.6,-0.6,"[6, 6, 6]"
5936,https://www.prnewswire.com/news-releases/europe-power-supply-equipment-market-for-water-electrolysis-industry-report-2024-a-projected-cagr-of-30-43-to-2033--driven-by-government-supports-and-rising-interest-in-green-hydrogen-302103818.html,,"Europe Power Supply Equipment Market for Water Electrolysis Industry Report 2024 : A Projected CAGR of 30 . 43 % to 2033 , Driven by Government Supports and Rising Interest in Green Hydrogen",2024-04-02,,prnewswire.com,English,United States,2,4,eu_context;carbon_terms=1;energy_driver,YES,1,"[""YES"", ""YES"", ""YES""]","[""Green hydrogen demand growth via electrolysis could boost EU ETS compliance costs for power producers."", ""Green hydrogen demand growth via electrolysis could boost EU ETS compliance costs for power producers."", ""Green hydrogen demand growth via electrolysis could boost EU ETS compliance costs for power producers.""]",7,1.0,0.7,0.7,"[7, 7, 7]"
5942,https://www.rte.ie/brainstorm/2024/0404/1441632-eu-farming-subsidies-cap-study-climate-change-sustainability/,,How 80 % of EU CAP subsidies support emissions - intensive products,2024-04-04,https://img.rasset.ie/00200523-1600.jpg,rte.ie,English,Ireland,2,4,eu_context;carbon_terms=2,NO,-1,"[""NO"", ""NO"", ""NO""]","[""Subsidies favoring emissions-intensive products may undermine EU ETS price stability by distorting market signals."", ""Subsidies favoring emissions-intensive products may undermine EU ETS price stability by distorting market signals."", ""Subsidies favoring emissions-intensive products may undermine EU ETS price stability by distorting market signals.""]",7,1.0,-0.7,-0.7,"[7, 7, 7]"
5948,https://www.etftrends.com/climate-insights-channel/dont-give-up-on-euas/,https://www.etftrends.com/climate-insights-channel/dont-give-up-on-euas/amp/,Dont Give Up on EUAs | ETF Trends,2024-04-06,https://www.etftrends.com/wp-content/uploads/2024/04/shutterstock_2418910577.jpg,etftrends.com,English,China,1,8,eu_ets_strong;eu_context,YES,1,"[""YES"", ""YES"", ""YES""]","[""ETF trends signal growing investor interest in EUA exposure, potentially supporting short-term price."", ""ETF trends signal growing investor interest in EUA exposure, potentially supporting short-term price."", ""ETF trends signal growing investor interest in EUA exposure, potentially supporting short-term price.""]",7,1.0,0.7,0.7,"[7, 7, 7]"
5954,https://www.hedgeweek.com/eex-sees-strong-global-power-markets-growth-in-march/,,EEX sees strong global power markets growth in March,2024-04-08,,hedgeweek.com,English,United Kingdom,1,8,eu_ets_strong;carbon_terms=1;energy_driver,YES,1,"[""YES"", ""YES"", ""YES""]","[""Strong global power market growth signals increased demand for carbon credits, potentially boosting EU ETS prices."", ""Strong global power market growth signals increased demand for carbon credits, potentially boosting EU ETS prices."", ""Strong global power market growth signals increased demand for carbon credits, potentially boosting EU ETS prices.""]",7,1.0,0.7,0.7,"[7, 7, 7]"
5960,https://www.hydrocarbonprocessing.com/news/2024/04/singapore-s-eu-ets-liabilities-of-363-mm-can-accelerate-green-shipping-initiatives/,,Singapore EU ETS liabilities of $363 MM can accelerate green shipping initiatives,2024-04-10,,hydrocarbonprocessing.com,English,United States,1,8,eu_ets_strong;eu_context,NO,-1,"[""NO"", ""NO"", ""NO""]","[""Singapore\u2019s ETS liabilities are unlikely to directly influence EU ETS prices due to jurisdictional separation."", ""Singapore\u2019s ETS liabilities are unlikely to directly influence EU ETS prices due to jurisdictional separation."", ""Singapore\u2019s ETS liabilities are unlikely to directly influence EU ETS prices due to jurisdictional separation.""]",3,1.0,-0.3,-0.3,"[3, 3, 3]"
5966,https://www.insurancejournal.com/news/international/2024/04/12/769436.htm,https://amp.insurancejournal.com/news/international/2024/04/12/769436.htm,"Climate Verdict for Swiss Women a Warning for European States , Oil Industry",2024-04-12,https://www.insurancejournal.com/app/uploads/2020/12/bigstock-industrial-chimneys-spewing-greenhouse-gases-351253754-scaled.jpg,insurancejournal.com,English,United States,2,3,eu_context;energy_driver,NO,-1,"[""NO"", ""NO"", ""NO""]","[""Swiss women\u2019s climate activism may signal broader European sentiment but lacks direct market data to influence EU ETS pricing."", ""Swiss women\u2019s climate activism may signal broader European sentiment but lacks direct market data to influence EU ETS pricing."", ""Swiss women\u2019s climate activism may signal broader European sentiment but lacks direct market data to influence EU ETS pricing.""]",3,1.0,-0.3,-0.3,"[3, 3, 3]"
5972,https://www.independent.ie/business/irish/isif-to-pump-30m-into-irish-mining-fund-as-eu-bids-to-move-away-from-chinese-market-dominance/a1661343167.html,https://m.independent.ie/business/irish/isif-to-pump-30m-into-irish-mining-fund-as-eu-bids-to-move-away-from-chinese-market-dominance/a1661343167.html,ISIF to pump €30m into Irish mining fund as EU bids to move away from Chinese market dominance,2024-04-14,https://focus.independent.ie/thumbor/yaIw2sSbwNvg-idE5R5V1RL-cnY=/629x460/smart/prod-mh-ireland/e4be4de3-aa59-4c7f-aff9-83bb2307ec2f/ab836f02-288e-49c9-803b-461c780c9f04/e4be4de3-aa59-4c7f-aff9-83bb2307ec2f.jpg,independent.ie,English,Ireland,2,3,eu_context;carbon_terms=1,NO,-1,"[""NO"", ""NO"", ""NO""]","[""Irish mining fund injection may support EU mining sector but doesn\u2019t directly signal ETS price movement."", ""Irish mining fund injection may support EU mining sector but doesn\u2019t directly signal ETS price movement."", ""Irish mining fund injection may support EU mining sector but doesn\u2019t directly signal ETS price movement.""]",5,1.0,-0.5,-0.5,"[5, 5, 5]"
5978,https://carbon-pulse.com/278185/,,COMMENT : A Q & A on EU ETS2 « Carbon Pulse,2024-04-16,,carbon-pulse.com,English,China,2,9,eu_ets_strong;eu_context;carbon_terms=1,NO,-1,"[""NO"", ""NO"", ""NO""]","[""Lacks specific data or actionable insight to influence short-term price movement."", ""Lacks specific data or actionable insight to influence short-term price movement."", ""Lacks specific data or actionable insight to influence short-term price movement.""]",3,1.0,-0.3,-0.3,"[3, 3, 3]"
5984,https://www.tradewindsnews.com/ship-management/podcast-ship-managers-see-opportunities-in-eu-emissions-trading-complexity/2-1-1628095,,Podcast : Ship managers see opportunities in EU emissions trading complexity,2024-04-18,https://images-global.nhst.tech/image/ZzRYdTQ1Q2FhelRaU05sa3ZQWElmQkZqenpZalNOdnY0U2VKL0RFamdIbz0=/nhst/binary/18d88c6f94d7e957744da4de0e1475f7?image_version=720,tradewindsnews.com,English,China,1,5,eu_context;carbon_terms=3,NO,-1,"[""NO"", ""NO"", ""NO""]","[""Ship managers\u2019 optimism may reflect short-term market sentiment but doesn\u2019t signal structural price shifts."", ""Ship managers\u2019 optimism may reflect short-term market sentiment but doesn\u2019t signal structural price shifts."", ""Ship managers\u2019 optimism may reflect short-term market sentiment but doesn\u2019t signal structural price shifts.""]",3,1.0,-0.3,-0.3,"[3, 3, 3]"
5990,https://www.euronews.com/green/2024/04/20/how-green-are-parties-manifestos-vying-in-the-european-election,,How green are partie manifestos vying in the European election ? ,2024-04-20,https://static.euronews.com/articles/stories/08/38/52/38/1200x675_cmsv2_8382aea5-5cef-575b-b52b-92dfb32de4fa-8385238.jpg,euronews.com,English,United States,1,2,eu_context,NO,-1,"[""NO"", ""NO"", ""NO""]","[""Green party manifestos may influence policy, but short-term EU ETS price movement is driven by market fundamentals and macroeconomic data."", ""Green party manifestos may influence policy, but short-term EU ETS price movement is driven by market fundamentals and macroeconomic data."", ""Green party manifestos may influence policy, but short-term EU ETS price movement is driven by market fundamentals and macroeconomic data.""]",3,1.0,-0.3,-0.3,"[3, 3, 3]"
5996,https://www.wallstreet-online.de/nachricht/18005829-globalfoundries-commits-to-achieving-net-zero-emissions-and-carbon-neutral-power-by-2050,,GlobalFoundries Commits to Achieving Net Zero Emissions and Carbon - Neutral Power by 2050,2024-04-22,https://assets.wallstreet-online.de/_media/6/source1280/size_645/globenewswire-1280.png,wallstreet-online.de,English,Germany,2,4,carbon_terms=3;energy_driver,NO,-1,"[""NO"", ""NO"", ""NO""]","[""Short-term EU ETS price impact unlikely due to long-term decarbonization goals not yet materializing in emissions trading."", ""Short-term EU ETS price impact unlikely due to long-term decarbonization goals not yet materializing in emissions trading."", ""Short-term EU ETS price impact unlikely due to long-term decarbonization goals not yet materializing in emissions trading.""]",3,1.0,-0.3,-0.3,"[3, 3, 3]"
6002,https://www.timeshighereducation.com/news/macrons-european-universities-still-goal-says-eua-head,,"Cross - border European universities still the goal , says EUA head",2024-04-25,https://www.timeshighereducation.com/sites/default/files/istock-1800240022.jpg,timeshighereducation.com,English,United Kingdom,1,8,eu_ets_strong;eu_context,NO,-1,"[""NO"", ""NO"", ""NO""]","[""University partnerships may influence carbon reporting but unlikely to materially affect EU ETS pricing."", ""University partnerships may influence carbon reporting but unlikely to materially affect EU ETS pricing."", ""University partnerships may influence carbon reporting but unlikely to materially affect EU ETS pricing.""]",2,1.0,-0.2,-0.2,"[2, 2, 2]"
6008,https://japantoday.com/category/features/environment/in-vietnam-farmers-reduce-methane-emissions-by-changing-how-they-grow-rice,,"In Vietnam , farmers reduce methane emissions by changing how they grow rice",2024-04-27,,japantoday.com,English,Japan,2,2,carbon_terms=2,NO,-1,"[""NO"", ""NO"", ""NO""]","[""Methane emission reductions in Vietnam\u2019s rice farming are unlikely to directly impact EU ETS prices due to limited cross-border carbon trading influence."", ""Methane emission reductions in Vietnam\u2019s rice farming are unlikely to directly impact EU ETS prices due to limited cross-border carbon trading influence."", ""Methane emission reductions in Vietnam\u2019s rice farming are unlikely to directly impact EU ETS prices due to limited cross-border carbon trading influence.""]",2,1.0,-0.2,-0.2,"[2, 2, 2]"
6014,https://www.marketscreener.com/news/latest/Analysts-cut-EU-carbon-price-forecasts-on-2023-emission-slump-46582202/,,Analysts cut EU carbon price forecasts on 2023 emission slump,2024-04-30,https://www.marketscreener.com/images/reuters/2020-02/2020-02-24T231957Z_2_LYNXNPEG1N251-OCABS_RTROPTP_3_CBUSINESS-US-CLIMATE-CHANGE-EUROPE-CARBON.JPG,marketscreener.com,English,,1,5,eu_context;carbon_terms=3,NO,-1,"[""NO"", ""NO"", ""NO""]","[""Lower 2023 emissions may signal reduced demand, pressuring short-term prices."", ""Lower 2023 emissions may signal reduced demand, pressuring short-term prices."", ""Lower 2023 emissions may signal reduced demand, pressuring short-term prices.""]",6,1.0,-0.6,-0.6,"[6, 6, 6]"
6020,https://en.trend.az/business/3894242.html,,EU Carbon Border Adjustment Mechanism to affect CAREC countries - ADB,2024-05-02,https://cdn.trend.az/2024/05/02/trend_adb_tbilisi_12.jpg,en.trend.az,English,United States,1,9,eu_ets_strong;eu_context;carbon_terms=1,NO,-1,"[""NO"", ""NO"", ""NO""]","[""CAREC countries are not directly covered by EU ETS, so the mechanism\u2019s impact is indirect and limited."", ""CAREC countries are not directly covered by EU ETS, so the mechanism\u2019s impact is indirect and limited."", ""CAREC countries are not directly covered by EU ETS, so the mechanism\u2019s impact is indirect and limited.""]",3,1.0,-0.3,-0.3,"[3, 3, 3]"
6026,https://www.thehindubusinessline.com/economy/india-objects-to-eus-ban-on-scrap-exports-trade-restrictions-to-non-oecd-member-countries/article68139088.ece,https://www.thehindubusinessline.com/economy/india-objects-to-eus-ban-on-scrap-exports-trade-restrictions-to-non-oecd-member-countries/article68139088.ece/amp/,"India objects to EU ban on scrap exports , trade restrictions to non - OECD member countries",2024-05-04,https://bl-i.thgim.com/public/markets/commodities/2106dt/article54392624.ece/alternates/LANDSCAPE_1200/copper10,thehindubusinessline.com,English,India,2,2,eu_context,NO,-1,"[""NO"", ""NO"", ""NO""]","[""EU ETS price unlikely to be directly affected by India\u2019s scrap export policy, as it\u2019s not a direct carbon market participant."", ""EU ETS price unlikely to be directly affected by India\u2019s scrap export policy, as it\u2019s not a direct carbon market participant."", ""EU ETS price unlikely to be directly affected by India\u2019s scrap export policy, as it\u2019s not a direct carbon market participant.""]",3,1.0,-0.3,-0.3,"[3, 3, 3]"
6032,https://www.terradaily.com/afp/240506034218.l1p7ql4r.html,,"In coal country Bulgaria , a losing battle against EU Green Deal",2024-05-06,,terradaily.com,English,United States,1,3,eu_context;energy_driver,NO,-1,"[""NO"", ""NO"", ""NO""]","[""Bulgaria\u2019s coal industry decline signals potential ETS price support via carbon pricing and regulatory pressure."", ""Bulgaria\u2019s coal industry decline signals potential ETS price support via carbon pricing and regulatory pressure."", ""Bulgaria\u2019s coal industry decline signals potential ETS price support via carbon pricing and regulatory pressure.""]",6,1.0,-0.6,-0.6,"[6, 6, 6]"
6038,https://www.eurasiareview.com/08052024-the-urgency-of-establishing-a-clean-power-common-market-in-central-asia-analysis/,,The Urgency Of Establishing A  Clean Power Common Market  In Central Asia – Analysis – Eurasia Review,2024-05-08,https://www.eurasiareview.com/wp-content/uploads/2023/02/c-52.png,eurasiareview.com,English,United States,2,4,eu_context;carbon_terms=1;energy_driver,NO,-1,"[""NO"", ""NO"", ""NO""]","[""EU ETS price is unlikely to be directly affected by Central Asian clean power market initiatives."", ""EU ETS price is unlikely to be directly affected by Central Asian clean power market initiatives."", ""EU ETS price is unlikely to be directly affected by Central Asian clean power market initiatives.""]",2,1.0,-0.2,-0.2,"[2, 2, 2]"
6044,https://www.naturalgasworld.com/europe-gas-prices-stable-amid-warm-temperatures-111136,,EUROPE GAS - Prices steady amid warm temperatures,2024-05-10,,naturalgasworld.com,English,Russia,2,4,eu_context;carbon_terms=1;energy_driver,NO,-1,"[""NO"", ""NO"", ""NO""]","[""Warm temperatures reduce gas demand, potentially suppressing ETS price pressure."", ""Warm temperatures reduce gas demand, potentially suppressing ETS price pressure."", ""Warm temperatures reduce gas demand, potentially suppressing ETS price pressure.""]",3,1.0,-0.3,-0.3,"[3, 3, 3]"
6050,https://www.politico.eu/article/dust-off-your-cv-eu-going-need-new-trade-chief-valdis-dombrovskis-ursula-von-der-leyen/,,Dust off your CV : The EU is going to need a new trade chief,2024-05-12,"https://www.politico.eu/cdn-cgi/image/width=1200,height=630,fit=crop,quality=80,onerror=redirect/wp-content/uploads/2024/05/06/GettyImages-1968194898-scaled.jpg",politico.eu,English,United States,2,2,eu_context,NO,-1,"[""NO"", ""NO"", ""NO""]","[""EU ETS price is unlikely to be directly affected by a new trade chief appointment."", ""EU ETS price is unlikely to be directly affected by a new trade chief appointment."", ""EU ETS price is unlikely to be directly affected by a new trade chief appointment.""]",2,1.0,-0.2,-0.2,"[2, 2, 2]"
6056,https://www.hellenicshippingnews.com/eu-ets-catalyst-for-change-mired-in-growing-pains/,,"EU ETS : catalyst for change , mired in growing pains | Hellenic Shipping News Worldwide",2024-05-14,,hellenicshippingnews.com,English,China,1,8,eu_ets_strong;eu_context,NO,-1,"[""NO"", ""NO"", ""NO""]","[""Short-term price volatility likely due to policy uncertainty and market sentiment."", ""Short-term price volatility likely due to policy uncertainty and market sentiment."", ""Short-term price volatility likely due to policy uncertainty and market sentiment.""]",5,1.0,-0.5,-0.5,"[5, 5, 5]"
6062,https://greekcitytimes.com/2024/05/16/greece-sees-slight-rise-in-greenhouse-gas-emissions-amid-eu-decline/,https://greekcitytimes.com/2024/05/16/greece-sees-slight-rise-in-greenhouse-gas-emissions-amid-eu-decline/amp/,Greece Sees Slight Rise In Greenhouse Gas Emissions Amid EU Decline,2024-05-16,https://greekcitytimes.com/wp-content/uploads/2024/05/greenhouse.jpg,greekcitytimes.com,English,Greece,2,5,eu_context;carbon_terms=2;energy_driver,NO,-1,"[""NO"", ""NO"", ""NO""]","[""Greece\u2019s slight emissions rise may reflect policy lag or economic rebound, offsetting EU-wide declines but unlikely to trigger major ETS price shifts."", ""Greece\u2019s slight emissions rise may reflect policy lag or economic rebound, offsetting EU-wide declines but unlikely to trigger major ETS price shifts."", ""Greece\u2019s slight emissions rise may reflect policy lag or economic rebound, offsetting EU-wide declines but unlikely to trigger major ETS price shifts.""]",3,1.0,-0.3,-0.3,"[3, 3, 3]"
6068,https://in-cyprus.philenews.com/local/cyprus-in-trouble-with-the-european-commission-about-industrial-emissions/,,Cyprus in trouble with the European Commission about industrial emissions,2024-05-18,https://in-cyprus.philenews.com/wp-content/uploads/2024/05/ahi_ID_1255938-768x499-1.webp,in-cyprus.philenews.com,English,Cyprus,2,4,eu_context;carbon_terms=2,NO,-1,"[""NO"", ""NO"", ""NO""]","[""Cyprus\u2019s emissions compliance issues could trigger regulatory penalties or market uncertainty, but likely won\u2019t significantly shift EU ETS prices due to limited market exposure."", ""Cyprus\u2019s emissions compliance issues could trigger regulatory penalties or market uncertainty, but likely won\u2019t significantly shift EU ETS prices due to limited market exposure."", ""Cyprus\u2019s emissions compliance issues could trigger regulatory penalties or market uncertainty, but likely won\u2019t significantly shift EU ETS prices due to limited market exposure.""]",5,1.0,-0.5,-0.5,"[5, 5, 5]"
6074,https://www.namibian.com.na/eu-carbon-price-on-imports-violates-wto-rules-says-patel-as-sa-heads-for-clash-with-bloc/,,"EU carbon price on imports  violate WTO rules , says Patel as SA heads for clash with bloc - Business",2024-05-20,https://d4f7y6nbupj5z.cloudfront.net/wp-content/uploads/2024/05/Screen-Shot-2024-05-20-at-2.20.21-PM-1024x629.png,namibian.com.na,English,Namibia,1,4,eu_context;carbon_terms=2,NO,-1,"[""NO"", ""NO"", ""NO""]","[""WTO compliance risks could trigger regulatory adjustments or penalties impacting EU ETS pricing."", ""WTO compliance risks could trigger regulatory adjustments or penalties impacting EU ETS pricing."", ""WTO compliance risks could trigger regulatory adjustments or penalties impacting EU ETS pricing.""]",7,1.0,-0.7,-0.7,"[7, 7, 7]"
6080,https://www.hellenicshippingnews.com/shipping-eu-carbon-market-could-trend-downwards/,,Shipping : EU Carbon Market Could Trend Downwards | Hellenic Shipping News Worldwide,2024-05-22,,hellenicshippingnews.com,English,China,1,4,eu_context;carbon_terms=2,NO,-1,"[""NO"", ""NO"", ""NO""]","[""EU ETS price may be pressured by shipping sector emissions reductions and regulatory shifts."", ""EU ETS price may be pressured by shipping sector emissions reductions and regulatory shifts."", ""EU ETS price may be pressured by shipping sector emissions reductions and regulatory shifts.""]",6,1.0,-0.6,-0.6,"[6, 6, 6]"
6086,https://www.fleetpoint.org/iveco/iveco-multi-energy-fleet-to-kick-off-the-european-leg-of-metallica-m72-world-tour/,,IVECO multi - energy fleet to kick - off the European leg of Metallica M72 World Tour,2024-05-24,https://www.fleetpoint.org/wp-content/uploads/2024/05/IVECO-S-Way-Metallica-livery__convoy-scaled.jpg,fleetpoint.org,English,United Kingdom,2,2,eu_context,NO,-1,"[""NO"", ""NO"", ""NO""]","[""No direct financial or carbon trading impact on EU ETS due to unrelated entertainment event."", ""No direct financial or carbon trading impact on EU ETS due to unrelated entertainment event."", ""No direct financial or carbon trading impact on EU ETS due to unrelated entertainment event.""]",1,1.0,-0.1,-0.1,"[1, 1, 1]"
6092,https://maritime-executive.com/article/greek-shipping-sector-could-face-1b-compliance-cost-from-eu-ets,,Greek Shipping Sector Could Face $1B Compliance Cost From EU ETS,2024-05-28,https://maritime-executive.com/media/images/article/Photos/Wreckage_Salvage/iStock-container-ship-exhaust-smoke-emissions.c14079.jpg,maritime-executive.com,English,United States,1,8,eu_ets_strong;eu_context,YES,1,"[""YES"", ""YES"", ""YES""]","[""Greek shipping emissions may trigger higher compliance costs, potentially boosting EU ETS prices via increased demand for allowances."", ""Greek shipping emissions may trigger higher compliance costs, potentially boosting EU ETS prices via increased demand for allowances."", ""Greek shipping emissions may trigger higher compliance costs, potentially boosting EU ETS prices via increased demand for allowances.""]",7,1.0,0.7,0.7,"[7, 7, 7]"
6098,https://www.euractiv.com/section/energy-environment/opinion/putting-the-net-in-net-zero-scaling-up-carbon-removal-technologies-in-europe/,,Putting the  net  in net zero : scaling up carbon removal technologies in Europe – Euractiv,2024-05-30,https://www.euractiv.com/wp-content/uploads/sites/2/2024/05/b058ea5b-ebf2-4bf6-9138-9ebc830c12af-800x450.jpeg,euractiv.com,English,United Kingdom,1,3,eu_context;carbon_terms=1,YES,1,"[""YES"", ""YES"", ""YES""]","[""Carbon removal tech scaling could boost EU ETS demand and price via enhanced carbon neutrality targets."", ""Carbon removal tech scaling could boost EU ETS demand and price via enhanced carbon neutrality targets."", ""Carbon removal tech scaling could boost EU ETS demand and price via enhanced carbon neutrality targets.""]",7,1.0,0.7,0.7,"[7, 7, 7]"
6104,https://www.thisdaylive.com/index.php/2024/06/01/after-diesel-exports-dangotes-20-billion-refinery-ships-first-jet-fuel-cargo-to-europe/,,"After Diesel Exports , Dangote $20 Billion Refinery Ships First Jet Fuel Cargo to Europe – THISDAYLIVE",2024-06-01,,thisdaylive.com,English,Nigeria,2,2,eu_context,NO,-1,"[""NO"", ""NO"", ""NO""]","[""Jet fuel export to Europe may signal increased demand but doesn't directly impact EU ETS price volatility."", ""Jet fuel export to Europe may signal increased demand but doesn't directly impact EU ETS price volatility."", ""Jet fuel export to Europe may signal increased demand but doesn't directly impact EU ETS price volatility.""]",5,1.0,-0.5,-0.5,"[5, 5, 5]"
6110,https://www.funds-europe.com/ubs-am-launches-etc-for-access-to-eu-emissions-market/,,UBS AM launches ETC for access to EU emissions market,2024-06-03,https://www.funds-europe.com/wp-content/uploads/sites/4/2023/11/ESG_pension.jpg,funds-europe.com,English,United Kingdom,1,5,eu_context;carbon_terms=3,NO,-1,"[""NO"", ""NO"", ""NO""]","[""ETC launch may offer retail access but unlikely to materially shift EU ETS price dynamics."", ""ETC launch may offer retail access but unlikely to materially shift EU ETS price dynamics."", ""ETC launch may offer retail access but unlikely to materially shift EU ETS price dynamics.""]",3,1.0,-0.3,-0.3,"[3, 3, 3]"
6116,https://www.etftrends.com/climate-insights-channel/luke-oliver-impact-cbam-carbon-pricing/,https://www.etftrends.com/climate-insights-channel/luke-oliver-impact-cbam-carbon-pricing/amp/,Luke Oliver on CBAM Impact on Carbon Pricing,2024-06-05,https://www.etftrends.com/wp-content/uploads/2023/04/luke-oliver-headshot.png,etftrends.com,English,China,1,7,eu_ets_strong;carbon_terms=1,YES,1,"[""YES"", ""YES"", ""YES""]","[""CBAM\u2019s phased implementation could pressure EU ETS prices as importers seek to offset compliance costs."", ""CBAM\u2019s phased implementation could pressure EU ETS prices as importers seek to offset compliance costs."", ""CBAM\u2019s phased implementation could pressure EU ETS prices as importers seek to offset compliance costs.""]",7,1.0,0.7,0.7,"[7, 7, 7]"
6122,https://www.hedgeweek.com/eex-sees-further-growth-in-global-power-markets/,,EEX sees further growth in global power markets,2024-06-07,,hedgeweek.com,English,United Kingdom,2,8,eu_ets_strong;carbon_terms=1;energy_driver,NO,-1,"[""NO"", ""NO"", ""NO""]","[""Global power market growth may indirectly support ETS prices but lacks direct causal link."", ""Global power market growth may indirectly support ETS prices but lacks direct causal link."", ""Global power market growth may indirectly support ETS prices but lacks direct causal link.""]",5,1.0,-0.5,-0.5,"[5, 5, 5]"
6128,http://jordantimes.com/opinion/jeffrey-frankel/europes-carbon-border-tax-advances-fight-against-climate-change,,Europe carbon border tax advances fight against climate change,2024-06-09,,jordantimes.com,English,Jordan,1,3,eu_context;carbon_terms=1,YES,1,"[""YES"", ""YES"", ""YES""]","[""Carbon border tax may boost EU ETS demand by penalizing non-EU emissions-intensive goods."", ""Carbon border tax may boost EU ETS demand by penalizing non-EU emissions-intensive goods."", ""Carbon border tax may boost EU ETS demand by penalizing non-EU emissions-intensive goods.""]",7,1.0,0.7,0.7,"[7, 7, 7]"
6134,https://www.miragenews.com/french-firms-slash-43m-tonnes-in-emissions-1253450/,,French Firms Slash 43M Tonnes in Emissions under EU Policy,2024-06-11,https://cdn1.miragenews.com/wp-content/uploads/2019/04/newsdevelopments-image.jpg,miragenews.com,English,United States,1,4,eu_context;carbon_terms=2,YES,1,"[""YES"", ""YES"", ""YES""]","[""Strong emission reductions signal policy compliance and may boost market confidence in EU ETS."", ""Strong emission reductions signal policy compliance and may boost market confidence in EU ETS."", ""Strong emission reductions signal policy compliance and may boost market confidence in EU ETS.""]",8,1.0,0.8,0.8,"[8, 8, 8]"
6140,https://maritime-executive.com/corporate/lng-availability-and-eu-elections-keep-eu-ets-allowances-flat,,LNG Availability and EU Elections Keep EU ETS Allowances Flat,2024-06-13,https://maritime-executive.com/media/images/article/Photos/Charts_Graphs/unnamed-70-.de52f7.png,maritime-executive.com,English,United States,2,11,eu_ets_strong;eu_context;carbon_terms=2;energy_driver,NO,-1,"[""NO"", ""NO"", ""NO""]","[""LNG availability and election timing may influence demand but not yet show strong price pressure in EU ETS."", ""LNG availability and election timing may influence demand but not yet show strong price pressure in EU ETS."", ""LNG availability and election timing may influence demand but not yet show strong price pressure in EU ETS.""]",5,1.0,-0.5,-0.5,"[5, 5, 5]"
6146,https://menafn.com/1108336545/Styrene-Butadiene-SB-Latex-Market-Size-Is-Set-To-Grow-By-USD-150-Billion-From-2024-2028-Growing-Demand-For-SB-Latex-From-APAC-And-Europe-To-Boost-The-Market-Growth-Technavio,,"Styrene Butadiene ( SB ) Latex Market Size Is Set To Grow By USD 1 . 50 Billion From 2024 - 2028 , Growing Demand For SB Latex From APAC And Europe To Boost ... ",2024-06-15,https://menafn.com/updates/pr/2024-06/15/PN_e7240image_story.jpg,menafn.com,English,Qatar,2,3,eu_context;carbon_terms=1,NO,-1,"[""NO"", ""NO"", ""NO""]","[""SB latex demand growth in APAC and Europe may indirectly support downstream industries, but has minimal direct impact on EU ETS pricing."", ""SB latex demand growth in APAC and Europe may indirectly support downstream industries, but has minimal direct impact on EU ETS pricing."", ""SB latex demand growth in APAC and Europe may indirectly support downstream industries, but has minimal direct impact on EU ETS pricing.""]",3,1.0,-0.3,-0.3,"[3, 3, 3]"
6152,https://www.marketscreener.com/news/latest/Analysis-Industry-fears-EU-carbon-border-tax-will-penalise-British-green-energy-46982535/,,Analysis - Industry fears EU carbon border tax will penalise British green energy,2024-06-17,https://www.marketscreener.com/images/reuters/2024-06/2024-06-17T060523Z_1_LYNXMPEK5G04X_RTROPTP_3_BRITAIN-ENERGY-EU-CARBON.JPG,marketscreener.com,English,,2,3,eu_context;carbon_terms=1,NO,-1,"[""NO"", ""NO"", ""NO""]","[""Green energy sector exposure to carbon border tax may trigger price volatility but not immediate directional shift."", ""Green energy sector exposure to carbon border tax may trigger price volatility but not immediate directional shift."", ""Green energy sector exposure to carbon border tax may trigger price volatility but not immediate directional shift.""]",6,1.0,-0.6,-0.6,"[6, 6, 6]"
6158,https://www.euractiv.com/section/agriculture-food/opinion/as-russia-shifts-from-gas-exports-to-fertilizers-it-is-time-for-the-eu-to-act/,,"As Russia shifts from gas exports to fertilizers , it is time for the EU to act",2024-06-19,https://www.euractiv.com/wp-content/uploads/sites/2/2024/06/AdobeStock_691108746-1-800x450.jpeg,euractiv.com,English,United Kingdom,2,3,eu_context;energy_driver,NO,-1,"[""NO"", ""NO"", ""NO""]","[""Russia\u2019s pivot to fertilizers may reduce EU gas demand, but ETS price is more sensitive to policy, emissions, and global carbon markets than supply shifts."", ""Russia\u2019s pivot to fertilizers may reduce EU gas demand, but ETS price is more sensitive to policy, emissions, and global carbon markets than supply shifts."", ""Russia\u2019s pivot to fertilizers may reduce EU gas demand, but ETS price is more sensitive to policy, emissions, and global carbon markets than supply shifts.""]",5,1.0,-0.5,-0.5,"[5, 5, 5]"
6164,https://www.finanznachrichten.de/nachrichten-2024-06/62552177-sungrow-power-supply-co-ltd-sungrow-presents-its-c-i-ess-powerstack-200cs-to-the-european-market-008.htm,,"Sungrow Power Supply Co ., Ltd .: Sungrow Presents its C & I ESS PowerStack 200CS to the European Market",2024-06-21,,finanznachrichten.de,English,Germany,2,4,eu_context;carbon_terms=1;energy_driver,NO,-1,"[""NO"", ""NO"", ""NO""]","[""Sungrow\u2019s ESS product launch is niche and doesn\u2019t directly impact EU ETS market dynamics or carbon pricing."", ""Sungrow\u2019s ESS product launch is niche and doesn\u2019t directly impact EU ETS market dynamics or carbon pricing."", ""Sungrow\u2019s ESS product launch is niche and doesn\u2019t directly impact EU ETS market dynamics or carbon pricing.""]",3,1.0,-0.3,-0.3,"[3, 3, 3]"
6170,http://en.ce.cn/main/latest/202406/23/t20240623_39046299.shtml,,Great potential seen in China - Europe EV cooperation towards energy transition -- China Economic Net,2024-06-23,,en.ce.cn,English,China,2,2,eu_context,NO,-1,"[""NO"", ""NO"", ""NO""]","[""EU ETS price may be influenced by EV cooperation, but China\u2019s role is still nascent and not yet directly tied to EU emissions trading."", ""EU ETS price may be influenced by EV cooperation, but China\u2019s role is still nascent and not yet directly tied to EU emissions trading."", ""EU ETS price may be influenced by EV cooperation, but China\u2019s role is still nascent and not yet directly tied to EU emissions trading.""]",5,1.0,-0.5,-0.5,"[5, 5, 5]"
6176,https://emagazine.com/b2b-energy-markets-go-green-offsetting-emissions-through-clean-energy-purchasing/,,B2B Energy Markets Go Green : Offsetting Emissions Through Power Purchasing,2024-06-25,https://emagazine.com/wp-content/uploads/2024/06/oco.jpg,emagazine.com,English,United States,2,4,carbon_terms=3;energy_driver,NO,-1,"[""NO"", ""NO"", ""NO""]","[""Power purchasing for offsetting may signal demand for cleaner energy but doesn\u2019t directly impact short-term EU ETS price volatility."", ""Power purchasing for offsetting may signal demand for cleaner energy but doesn\u2019t directly impact short-term EU ETS price volatility."", ""Power purchasing for offsetting may signal demand for cleaner energy but doesn\u2019t directly impact short-term EU ETS price volatility.""]",5,1.0,-0.5,-0.5,"[5, 5, 5]"
6182,https://www.tmcnet.com/usubmit/2024/06/27/10034950.htm,,Archax makes abrdn money market fund accessible and transferable on Algorand blockchain using Quantoz EURD electronic money token,2024-06-27,,tmcnet.com,English,United States,2,3,eu_context;carbon_terms=1,NO,-1,"[""NO"", ""NO"", ""NO""]","[""Minimal impact on EU ETS as it\u2019s a tokenized money market fund, not a carbon emissions trading activity."", ""Minimal impact on EU ETS as it\u2019s a tokenized money market fund, not a carbon emissions trading activity."", ""Minimal impact on EU ETS as it\u2019s a tokenized money market fund, not a carbon emissions trading activity.""]",2,1.0,-0.2,-0.2,"[2, 2, 2]"
6188,https://www.marketscreener.com/quote/stock/GLOBALDATA-PLC-13101755/news/GlobalData-EUDR-could-cost-EU-consumers-up-to-1-5-billion-as-new-sustainability-rules-set-to-imp-47271357/,,"GlobalData : EUDR could cost EU consumers up to $1 . 5 billion , as new sustainability rules set to impact global commodity supply chains , says new GlobalData study",2024-06-29,https://www.marketscreener.com/images/twitter_MS_fdnoir.png,marketscreener.com,English,,2,2,eu_context,NO,-1,"[""NO"", ""NO"", ""NO""]","[""Sustainability rules may disrupt supply chains, potentially increasing ETS compliance costs and driving upward pressure on prices."", ""Sustainability rules may disrupt supply chains, potentially increasing ETS compliance costs and driving upward pressure on prices."", ""Sustainability rules may disrupt supply chains, potentially increasing ETS compliance costs and driving upward pressure on prices.""]",6,1.0,-0.6,-0.6,"[6, 6, 6]"
6194,https://www.armstrongeconomics.com/international-news/politics/brussels-has-more-power-than-rome-italy-balks-at-climate-change-agenda/,,Brussels Has More Power Than Rome – Italy Balks At Climate Change Agenda,2024-07-01,,armstrongeconomics.com,English,United States,2,3,eu_context;energy_driver,NO,-1,"[""NO"", ""NO"", ""NO""]","[""Italy\u2019s resistance may delay EU-wide policy alignment, but doesn\u2019t signal a major price shift in the EU ETS."", ""Italy\u2019s resistance may delay EU-wide policy alignment, but doesn\u2019t signal a major price shift in the EU ETS."", ""Italy\u2019s resistance may delay EU-wide policy alignment, but doesn\u2019t signal a major price shift in the EU ETS.""]",4,1.0,-0.4,-0.4,"[4, 4, 4]"
6200,https://www.naturalgasworld.com/europe-gas-prices-drop-on-stable-supply-stronger-wind-output-111962,,"EUROPE GAS - Prices decline on stable supply , stronger wind output",2024-07-03,,naturalgasworld.com,English,Russia,2,4,eu_context;carbon_terms=1;energy_driver,NO,-1,"[""NO"", ""NO"", ""NO""]","[""Stable gas supply and stronger wind output may offset demand pressures, but EU ETS price is less directly tied to gas prices than to policy and emissions caps."", ""Stable gas supply and stronger wind output may offset demand pressures, but EU ETS price is less directly tied to gas prices than to policy and emissions caps."", ""Stable gas supply and stronger wind output may offset demand pressures, but EU ETS price is less directly tied to gas prices than to policy and emissions caps.""]",5,1.0,-0.5,-0.5,"[5, 5, 5]"
6206,https://oilprice.com/Latest-Energy-News/World-News/Slow-Permitting-Holds-Back-Wind-Power-Growth-in-Europe.html,https://oilprice.com/Latest-Energy-News/World-News/Slow-Permitting-Holds-Back-Wind-Power-Growth-in-Europe.amp.html,Slow Permitting Holds Back Wind Power Growth in Europe,2024-07-05,https://d32r1sh890xpii.cloudfront.net/news/718x300/2024-07-05_w6rtllky4q.jpg,oilprice.com,English,United States,2,4,eu_context;carbon_terms=1;energy_driver,NO,-1,"[""NO"", ""NO"", ""NO""]","[""Slower permitting delays wind projects, reducing future supply and potentially supporting ETS prices through tighter supply constraints."", ""Slower permitting delays wind projects, reducing future supply and potentially supporting ETS prices through tighter supply constraints."", ""Slower permitting delays wind projects, reducing future supply and potentially supporting ETS prices through tighter supply constraints.""]",6,1.0,-0.6,-0.6,"[6, 6, 6]"
6212,https://athens-times.com/sdoukou-up-to-3-6-billion-european-funds-for-the-coalification-of-the-greek-islands/,https://athens-times.com/sdoukou-up-to-3-6-billion-european-funds-for-the-coalification-of-the-greek-islands/amp/,Sdoukou :  Up to 3 . 6 billion European funds for the coalification of the Greek islands  ,2024-07-07,,athens-times.com,English,Greece,2,3,eu_context;energy_driver,NO,-1,"[""NO"", ""NO"", ""NO""]","[""Greek island coalification may attract limited EU ETS funding due to low carbon intensity and regulatory risk."", ""Greek island coalification may attract limited EU ETS funding due to low carbon intensity and regulatory risk."", ""Greek island coalification may attract limited EU ETS funding due to low carbon intensity and regulatory risk.""]",3,1.0,-0.3,-0.3,"[3, 3, 3]"
6218,https://allafrica.com/stories/202407090075.html,,Africa : Power - Hungry AI Is Driving a Surge in Tech Giant Carbon Emissions . Nobody Knows What to Do About It,2024-07-09,,allafrica.com,English,Nigeria,2,4,carbon_terms=3;energy_driver,NO,-1,"[""NO"", ""NO"", ""NO""]","[""AI-driven tech emissions in Africa could pressure EU ETS as global carbon demand shifts."", ""AI-driven tech emissions in Africa could pressure EU ETS as global carbon demand shifts."", ""AI-driven tech emissions in Africa could pressure EU ETS as global carbon demand shifts.""]",7,1.0,-0.7,-0.7,"[7, 7, 7]"
6224,https://www.business-standard.com/industry/news/european-carbon-removal-specialists-to-support-new-projects-in-india-124071100109_1.html,https://www.business-standard.com/amp/industry/news/european-carbon-removal-specialists-to-support-new-projects-in-india-124071100109_1.html,European carbon removal specialists to support new projects in India,2024-07-11,https://bsmedia.business-standard.com/_media/bs/img/article/2023-06/06/thumb/fitandfill/400X400/1686028032-2014.jpg,business-standard.com,English,India,1,3,eu_context;carbon_terms=1,NO,-1,"[""NO"", ""NO"", ""NO""]","[""India\u2019s carbon removal projects may indirectly affect EU ETS via global carbon markets, but direct price impact is limited."", ""India\u2019s carbon removal projects may indirectly affect EU ETS via global carbon markets, but direct price impact is limited."", ""India\u2019s carbon removal projects may indirectly affect EU ETS via global carbon markets, but direct price impact is limited.""]",3,1.0,-0.3,-0.3,"[3, 3, 3]"
6230,https://www.politico.eu/article/eu-and-uk-eye-new-era-of-green-ties-as-britains-labour-takes-power/,,EU and united kingdom eye new era of green ties as Britain Labour takes power – POLITICO,2024-07-13,"https://www.politico.eu/cdn-cgi/image/width=1200,height=630,fit=crop,quality=80,onerror=redirect/wp-content/uploads/2024/07/12/GettyImages-2158281852-scaled.jpg",politico.eu,English,United States,1,3,eu_context;energy_driver,NO,-1,"[""NO"", ""NO"", ""NO""]","[""Labour\u2019s green agenda may influence future ETS policy but short-term price direction is uncertain."", ""Labour\u2019s green agenda may influence future ETS policy but short-term price direction is uncertain."", ""Labour\u2019s green agenda may influence future ETS policy but short-term price direction is uncertain.""]",5,1.0,-0.5,-0.5,"[5, 5, 5]"
6236,https://www.naturalgasworld.com/europe-gas-prices-edge-lower-on-strong-wind-power-output-112158,,EUROPE GAS - Prices edge lower on strong wind power output,2024-07-15,,naturalgasworld.com,English,Russia,2,4,eu_context;carbon_terms=1;energy_driver,NO,-1,"[""NO"", ""NO"", ""NO""]","[""Strong wind output reduces gas demand, pressuring EU ETS prices short-term."", ""Strong wind output reduces gas demand, pressuring EU ETS prices short-term."", ""Strong wind output reduces gas demand, pressuring EU ETS prices short-term.""]",5,1.0,-0.5,-0.5,"[5, 5, 5]"
6242,https://www.argusmedia.com/en/news-and-insights/latest-market-news/2588606-eu-fertilizer-industry-calls-for-support-q-a,,EU fertilizer industry calls for support : Q & A | Latest Market News,2024-07-17,,argusmedia.com,English,United States,1,3,eu_context;carbon_terms=1,NO,-1,"[""NO"", ""NO"", ""NO""]","[""Fertilizer industry demand may influence emissions and compliance costs, but short-term ETS price impact is uncertain without policy specifics."", ""Fertilizer industry demand may influence emissions and compliance costs, but short-term ETS price impact is uncertain without policy specifics."", ""Fertilizer industry demand may influence emissions and compliance costs, but short-term ETS price impact is uncertain without policy specifics.""]",5,1.0,-0.5,-0.5,"[5, 5, 5]"
6248,https://www.jdsupra.com/legalnews/nuclear-smr-powered-data-centres-the-7236964/,,Nuclear SMR Powered Data Centres : The Answer to Europe Looming Grid Crisis ? | Vinson & Elkins LLP,2024-07-19,https://jdsupra-static.s3.amazonaws.com/profile-images/og.16004_4824.jpg,jdsupra.com,English,United States,2,3,eu_context;energy_driver,NO,-1,"[""NO"", ""NO"", ""NO""]","[""SMR deployment is speculative and not yet operational, limiting immediate market impact."", ""SMR deployment is speculative and not yet operational, limiting immediate market impact."", ""SMR deployment is speculative and not yet operational, limiting immediate market impact.""]",5,1.0,-0.5,-0.5,"[5, 5, 5]"
6254,https://naija247news.com/2024/07/21/us-eu-and-turkey-impose-tariffs-on-chinese-evs-a-deeper-strategic-competition-over-nickel-unfolds/,,"  US , EU , and Turkey Impose Tariffs on Chinese EVs : A Deeper Strategic Competition Over Nickel Unfolds  ",2024-07-21,https://naija247news.com/wp-content/uploads/2024/07/gettyimages-2160563450.jpg,naija247news.com,English,Nigeria,2,2,eu_context,NO,-1,"[""NO"", ""NO"", ""NO""]","[""Nickel supply constraints from China\u2019s EV exports may pressure EU ETS prices via increased demand for nickel-based battery materials."", ""Nickel supply constraints from China\u2019s EV exports may pressure EU ETS prices via increased demand for nickel-based battery materials."", ""Nickel supply constraints from China\u2019s EV exports may pressure EU ETS prices via increased demand for nickel-based battery materials.""]",7,1.0,-0.7,-0.7,"[7, 7, 7]"
6260,https://www.dailymail.co.uk/news/article-13664283/paul-morland-europe-not-having-babies-keir-starmer.html,,A spectre is haunting Europe . Were running out of people to fill our workforce and fuel our economy because ... were not having enough babies,2024-07-24,https://i.dailymail.co.uk/1s/2024/07/23/21/87683151-0-image-m-7_1721768280444.jpg,dailymail.co.uk,English,United Kingdom,2,2,eu_context,NO,-1,"[""NO"", ""NO"", ""NO""]","[""Demographic decline may indirectly affect energy demand and industrial activity, but no direct link to EU ETS pricing is evident."", ""Demographic decline may indirectly affect energy demand and industrial activity, but no direct link to EU ETS pricing is evident."", ""Demographic decline may indirectly affect energy demand and industrial activity, but no direct link to EU ETS pricing is evident.""]",2,1.0,-0.2,-0.2,"[2, 2, 2]"
6266,https://www.sciencedaily.com/releases/2024/07/240725154823.htm,,Nitrogen emissions have a net cooling effect : But researchers warn against a climate solution,2024-07-26,,sciencedaily.com,English,United States,2,2,carbon_terms=2,NO,-1,"[""NO"", ""NO"", ""NO""]","[""Nitrogen emissions' cooling effect may offset warming, but the headline's warning suggests policy implications could disrupt carbon pricing dynamics."", ""Nitrogen emissions' cooling effect may offset warming, but the headline's warning suggests policy implications could disrupt carbon pricing dynamics."", ""Nitrogen emissions' cooling effect may offset warming, but the headline's warning suggests policy implications could disrupt carbon pricing dynamics.""]",3,1.0,-0.3,-0.3,"[3, 3, 3]"
6272,https://maritime-executive.com/article/turkey-rolls-out-its-own-carbon-price-on-shipping,,Turkey Rolls Out its Own Carbon Price on Shipping,2024-07-29,https://maritime-executive.com/media/images/article/Photos/Places/Istanbul_Fatih_Sultan_Mehmet_Bridge_IMG_7249_1725.2cf2ba.jpg,maritime-executive.com,English,United States,1,2,carbon_terms=2,NO,-1,"[""NO"", ""NO"", ""NO""]","[""May signal global carbon pricing divergence but likely has minimal immediate impact on EU ETS due to small market share."", ""May signal global carbon pricing divergence but likely has minimal immediate impact on EU ETS due to small market share."", ""May signal global carbon pricing divergence but likely has minimal immediate impact on EU ETS due to small market share.""]",5,1.0,-0.5,-0.5,"[5, 5, 5]"
6278,https://shipandbunker.com/news/emea/254179-turkey-considering-own-emissions-trading-scheme,,Turkey Considering Own Emissions Trading Scheme,2024-07-31,https://shipandbunker.cdn.speedyrails.net/a/img/_mt_429af1f464db9663171e541dd9240222.jpg,shipandbunker.com,English,Singapore,1,3,carbon_terms=3,NO,-1,"[""NO"", ""NO"", ""NO""]","[""Turkey\u2019s ETS could indirectly affect EU ETS via global carbon pricing dynamics, but immediate impact is minimal."", ""Turkey\u2019s ETS could indirectly affect EU ETS via global carbon pricing dynamics, but immediate impact is minimal."", ""Turkey\u2019s ETS could indirectly affect EU ETS via global carbon pricing dynamics, but immediate impact is minimal.""]",3,1.0,-0.3,-0.3,"[3, 3, 3]"
6284,https://www.queenslandcountrylife.com.au/story/8714276/coalition-would-not-sign-an-eu-free-trade-deal-with-a-burp-tax/,,Coalition would not sign an EU free trade deal with a burp tax | Queensland Country Life,2024-08-02,https://www.queenslandcountrylife.com.au/images/transform/v1/crop/frm/230597393/dbdd7242-08f6-4f27-b7af-65cdc3db31f1.jpeg/r0_115_1024_653_w1200_h630_fmax.jpg,queenslandcountrylife.com.au,English,Australia,1,3,eu_context;energy_driver,NO,-1,"[""NO"", ""NO"", ""NO""]","[""The headline\u2019s topic is unrelated to EU ETS pricing mechanics or policy shifts."", ""The headline\u2019s topic is unrelated to EU ETS pricing mechanics or policy shifts."", ""The headline\u2019s topic is unrelated to EU ETS pricing mechanics or policy shifts.""]",2,1.0,-0.2,-0.2,"[2, 2, 2]"
6290,https://www.dailyexcelsior.com/india-uk-europe-building-business/,,"India , united kingdom & Europe Building Business",2024-08-05,https://cdndailyexcelsior.b-cdn.net/wp-content/uploads/2024/08/uk.jpg,dailyexcelsior.com,English,India,2,2,eu_context,NO,-1,"[""NO"", ""NO"", ""NO""]","[""Lack of specific policy or emission targets in headline suggests minimal immediate impact on EU ETS pricing."", ""Lack of specific policy or emission targets in headline suggests minimal immediate impact on EU ETS pricing."", ""Lack of specific policy or emission targets in headline suggests minimal immediate impact on EU ETS pricing.""]",3,1.0,-0.3,-0.3,"[3, 3, 3]"
6296,https://techxplore.com/news/2024-08-roofing-highways-solar-panels-carbon.html,,Roofing highways with solar panels could cut carbon emissions and improve road safety,2024-08-07,https://scx2.b-cdn.net/gfx/news/hires/2024/roofing-highways-with.jpg,techxplore.com,English,United States,2,3,carbon_terms=3,NO,-1,"[""NO"", ""NO"", ""NO""]","[""Solar panel integration on highways is niche and unlikely to materially affect EU ETS price volatility."", ""Solar panel integration on highways is niche and unlikely to materially affect EU ETS price volatility."", ""Solar panel integration on highways is niche and unlikely to materially affect EU ETS price volatility.""]",3,1.0,-0.3,-0.3,"[3, 3, 3]"
6302,https://www.envirotech-online.com/article/air-monitoring/6/envea/eu-and-domestic-greenhouse-gas-emission-trading-systems-continuous-sampling-to-determine-the-biogenic-co2-emissions/3483,,EU and Domestic Greenhouse Gas Emission Trading Systems - Continuous Sampling to determine the biogenic CO2 emissions,2024-08-09,https://www.envirotech-online.com/assets/file_store/article_files/3483/thumbnails/600w_CO2.jpg,envirotech-online.com,English,United Kingdom,1,6,eu_context;carbon_terms=3;energy_driver,NO,-1,"[""NO"", ""NO"", ""NO""]","[""Continuous sampling may refine emissions reporting but unlikely to cause short-term price swings in EU ETS."", ""Continuous sampling may refine emissions reporting but unlikely to cause short-term price swings in EU ETS."", ""Continuous sampling may refine emissions reporting but unlikely to cause short-term price swings in EU ETS.""]",3,1.0,-0.3,-0.3,"[3, 3, 3]"
6308,https://www.dw.com/en/eus-ambitious-carbon-neutrality-plan-faces-bumpy-ride/a-69896806,https://amp.dw.com/en/eus-ambitious-carbon-neutrality-plan-faces-bumpy-ride/a-69896806,EU ambitious carbon - neutrality plan faces bumpy ride – DW – 08 / 12 / 2024,2024-08-12,https://static.dw.com/image/68329760_6.jpg,dw.com,English,Germany,1,3,eu_context;carbon_terms=1,NO,-1,"[""NO"", ""NO"", ""NO""]","[""Ambitious neutrality plans may trigger stricter emissions caps, potentially pressuring ETS prices in the short term."", ""Ambitious neutrality plans may trigger stricter emissions caps, potentially pressuring ETS prices in the short term."", ""Ambitious neutrality plans may trigger stricter emissions caps, potentially pressuring ETS prices in the short term.""]",6,1.0,-0.6,-0.6,"[6, 6, 6]"
6314,https://www.hellenicshippingnews.com/replacing-norways-oil-and-gas-supplies-to-europe-with-imports-would-significantly-increase-emissions-between-2024-2040/,,Replacing Norway oil and gas supplies to Europe with imports would significantly increase emissions between 2024 - 2040,2024-08-14,,hellenicshippingnews.com,English,China,2,5,eu_context;carbon_terms=2;energy_driver,NO,-1,"[""NO"", ""NO"", ""NO""]","[""Increased emissions from substitute imports could pressure EU ETS compliance costs and trigger policy responses."", ""Increased emissions from substitute imports could pressure EU ETS compliance costs and trigger policy responses."", ""Increased emissions from substitute imports could pressure EU ETS compliance costs and trigger policy responses.""]",7,1.0,-0.7,-0.7,"[7, 7, 7]"
6320,https://www.naturalgasworld.com/europe-gas-prices-mixed-on-robust-inventories-supply-risks-112675,,"EUROPE GAS - Prices mixed on strong inventories , supply risks",2024-08-16,,naturalgasworld.com,English,Russia,2,4,eu_context;carbon_terms=1;energy_driver,NO,-1,"[""NO"", ""NO"", ""NO""]","[""Mixed gas prices suggest potential volatility that could pressure EU ETS as energy markets adjust to supply risks."", ""Mixed gas prices suggest potential volatility that could pressure EU ETS as energy markets adjust to supply risks."", ""Mixed gas prices suggest potential volatility that could pressure EU ETS as energy markets adjust to supply risks.""]",5,1.0,-0.5,-0.5,"[5, 5, 5]"
6326,https://dailytimes.com.pk/1218555/rich-nations-carbon-emissions-hidden-price-paid-by-vulnerable-countries/,https://dailytimes.com.pk/1218555/rich-nations-carbon-emissions-hidden-price-paid-by-vulnerable-countries/amp/,Rich nations carbon emission hidden price paid by vulnerable countries,2024-08-18,,dailytimes.com.pk,English,Pakistan,2,3,carbon_terms=3,NO,-1,"[""NO"", ""NO"", ""NO""]","[""May reflect shifting global carbon pricing dynamics but doesn't directly signal short-term EU ETS volatility."", ""May reflect shifting global carbon pricing dynamics but doesn't directly signal short-term EU ETS volatility."", ""May reflect shifting global carbon pricing dynamics but doesn't directly signal short-term EU ETS volatility.""]",5,1.0,-0.5,-0.5,"[5, 5, 5]"
6332,https://www.tmcnet.com/usubmit/2024/08/20/10059841.htm,,E - Fuels Leader Infinium and Chemicals Manufacturer Borealis to Turn Carbon Emissions into Plastics,2024-08-20,https://mma.prnewswire.com/media/2484690/Infinium_Borealis_PR_graphic.jpg,tmcnet.com,English,United States,2,3,carbon_terms=3,NO,-1,"[""NO"", ""NO"", ""NO""]","[""Carbon credit generation via emissions-to-plastics may signal a shift in ETS compliance strategy, but doesn\u2019t yet imply short-term price movement."", ""Carbon credit generation via emissions-to-plastics may signal a shift in ETS compliance strategy, but doesn\u2019t yet imply short-term price movement."", ""Carbon credit generation via emissions-to-plastics may signal a shift in ETS compliance strategy, but doesn\u2019t yet imply short-term price movement.""]",6,1.0,-0.6,-0.6,"[6, 6, 6]"
6338,https://www.etftrends.com/climate-insights-channel/keua-buy-heading-fall-months/,https://www.etftrends.com/climate-insights-channel/keua-buy-heading-fall-months/amp/,KEUA a Buy Heading Into Fall Months,2024-08-23,https://www.etftrends.com/wp-content/uploads/2024/08/KEUA-a-Buy-Heading-Into-Fall-Months.jpg,etftrends.com,English,China,1,6,eu_ets_strong,NO,-1,"[""NO"", ""NO"", ""NO""]","[""KEUA\u2019s buy signal may reflect short-term sentiment but lacks direct correlation to EU ETS fundamentals or pricing drivers."", ""KEUA\u2019s buy signal may reflect short-term sentiment but lacks direct correlation to EU ETS fundamentals or pricing drivers."", ""KEUA\u2019s buy signal may reflect short-term sentiment but lacks direct correlation to EU ETS fundamentals or pricing drivers.""]",3,1.0,-0.3,-0.3,"[3, 3, 3]"
6344,https://athens-times.com/eu-new-rules-come-for-easier-and-financial-repairs/,,EU : New rules come for easier and financial repairs,2024-08-25,,athens-times.com,English,Greece,2,2,eu_context,NO,-1,"[""NO"", ""NO"", ""NO""]","[""New rules may ease compliance but don\u2019t signal major price shifts or financial repairs in the short term."", ""New rules may ease compliance but don\u2019t signal major price shifts or financial repairs in the short term."", ""New rules may ease compliance but don\u2019t signal major price shifts or financial repairs in the short term.""]",5,1.0,-0.5,-0.5,"[5, 5, 5]"
6350,https://www.devdiscourse.com/article/law-order/3065430-environmental-campaigners-challenge-eus-2030-emissions-rules-in-court,https://www.devdiscourse.com/article/law-order/3065430-environmental-campaigners-challenge-eus-2030-emissions-rules-in-court?amp,Environmental Campaigners Challenge EU 2030 Emissions Rules in Court,2024-08-27,https://www.devdiscourse.com/remote.axd?https://devdiscourse.blob.core.windows.net/aiimagegallery/27_08_2024_12_02_48_5840018.png?&format=jpeg,devdiscourse.com,English,China,2,4,eu_context;carbon_terms=2,NO,-1,"[""NO"", ""NO"", ""NO""]","[""Legal challenges may delay or alter policy, but unlikely to cause immediate price swings in EU ETS."", ""Legal challenges may delay or alter policy, but unlikely to cause immediate price swings in EU ETS."", ""Legal challenges may delay or alter policy, but unlikely to cause immediate price swings in EU ETS.""]",5,1.0,-0.5,-0.5,"[5, 5, 5]"
6356,https://www.finanznachrichten.de/nachrichten-2024-08/63122586-cryogenic-industries-nikkiso-clean-energy-industrial-gases-group-announces-it-will-double-manufacturing-capacity-in-europe-399.htm,,Cryogenic Industries : Nikkiso Clean Energy & Industrial Gases Group Announces It Will Double Manufacturing Capacity in Europe,2024-08-29,https://ml.globenewswire.com/media/OGU1OGQ5MWItMjg4Mi00YmI0LWE4YzMtMWNmZWYyMTY2N2NiLTEwMzAxNDQ=/tiny/Cryogenic-Industries.png,finanznachrichten.de,English,Germany,2,3,eu_context;energy_driver,NO,-1,"[""NO"", ""NO"", ""NO""]","[""Increased manufacturing capacity may boost emissions, potentially raising EU ETS prices if compliance is tight."", ""Increased manufacturing capacity may boost emissions, potentially raising EU ETS prices if compliance is tight."", ""Increased manufacturing capacity may boost emissions, potentially raising EU ETS prices if compliance is tight.""]",5,1.0,-0.5,-0.5,"[5, 5, 5]"
6362,https://www.thejakartapost.com/world/2024/08/31/countries-still-far-apart-on-cop29-finance-goal.html,,Countries still far apart on COP29 finance goal - Europe,2024-08-31,https://img.jakpost.net/c/2024/08/30/2024_08_30_154218_1725034986._large.jpg,thejakartapost.com,English,Indonesia,2,2,eu_context,NO,-1,"[""NO"", ""NO"", ""NO""]","[""EU ETS prices may be affected by global climate finance uncertainty, but short-term volatility is unlikely to be driven by this headline alone."", ""EU ETS prices may be affected by global climate finance uncertainty, but short-term volatility is unlikely to be driven by this headline alone."", ""EU ETS prices may be affected by global climate finance uncertainty, but short-term volatility is unlikely to be driven by this headline alone.""]",6,1.0,-0.6,-0.6,"[6, 6, 6]"
6368,https://worldoil.com/news/2024/9/2/digital-feature-premium-energy-basins-at-center-stage-to-decrease-carbon-emissions-on-rising-oil-and-gas-demand/,,Digital feature : Premium energy basins at center stage to decrease carbon emissions on rising oil and gas demand,2024-09-02,https://www.worldoil.com/media/xjudan1g/stock-oil-barrels-2-social.jpg,worldoil.com,English,United States,2,4,carbon_terms=3;energy_driver,NO,-1,"[""NO"", ""NO"", ""NO""]","[""Digital features may not directly impact EU ETS pricing, as emissions reductions are tied to policy and market mechanisms, not tech features alone."", ""Digital features may not directly impact EU ETS pricing, as emissions reductions are tied to policy and market mechanisms, not tech features alone."", ""Digital features may not directly impact EU ETS pricing, as emissions reductions are tied to policy and market mechanisms, not tech features alone.""]",3,1.0,-0.3,-0.3,"[3, 3, 3]"
6374,https://www.globenewswire.com/news-release/2024/09/04/2940416/0/en/Europe-Air-Conditioning-Market-Forecast-and-Company-Analysis-2024-2032-Featuring-Daikin-Robert-Bosch-Mitsubishi-Danfoss-Lennox-International-Carrier-Hitachi-Panasonic.html,,Europe Air Conditioning Market Forecast and Company,2024-09-04,https://ml.globenewswire.com/Resource/Download/dfc87f5e-1b6a-4079-852b-5df23bdc23a5,globenewswire.com,English,United States,2,3,eu_context;carbon_terms=1,NO,-1,"[""NO"", ""NO"", ""NO""]","[""Air conditioning market trends have limited direct impact on EU ETS pricing unless tied to energy demand or emissions intensity changes."", ""Air conditioning market trends have limited direct impact on EU ETS pricing unless tied to energy demand or emissions intensity changes."", ""Air conditioning market trends have limited direct impact on EU ETS pricing unless tied to energy demand or emissions intensity changes.""]",3,1.0,-0.3,-0.3,"[3, 3, 3]"
6380,https://menafn.com/1108642557/Gas-Separation-Membrane-Market-To-Grow-By-USD-84131-Million-2023-2027-With-Biogas-Demand-Boost-AI-Driven-Market-Transformation-Report-Technavio,,"Gas Separation Membrane Market To Grow By USD 841 . 31 Million ( 2023 - 2027 ) With Biogas Demand Boost , AI - Driven Market Transformation Report",2024-09-06,https://menafn.com/updates/pr/2024-09/05/PN_c99b2image_story.jpg,menafn.com,English,Qatar,2,2,carbon_terms=1;energy_driver,NO,-1,"[""NO"", ""NO"", ""NO""]","[""Gas membrane market growth is unlikely to directly influence EU ETS prices in the short term."", ""Gas membrane market growth is unlikely to directly influence EU ETS prices in the short term."", ""Gas membrane market growth is unlikely to directly influence EU ETS prices in the short term.""]",3,1.0,-0.3,-0.3,"[3, 3, 3]"
6386,https://carbon-pulse.com/320144/,,LEAK : Poland wants immediate access to free EU ETS allowances for district heating « Carbon Pulse,2024-09-09,,carbon-pulse.com,English,China,1,11,eu_ets_strong;eu_context;carbon_terms=3,NO,-1,"[""NO"", ""NO"", ""NO""]","[""Poland\u2019s demand for immediate free allowances may trigger regulatory adjustments or market volatility due to potential over-allocation."", ""Poland\u2019s demand for immediate free allowances may trigger regulatory adjustments or market volatility due to potential over-allocation."", ""Poland\u2019s demand for immediate free allowances may trigger regulatory adjustments or market volatility due to potential over-allocation.""]",7,1.0,-0.7,-0.7,"[7, 7, 7]"
6392,https://www.agensir.it/quotidiano/2024/9/11/eu-commission-energy-half-of-production-from-renewables-positive-indicators-for-markets-prices-and-emissions/,,"EU Commission : energy , half of production from renewables . Positive indicators for markets , prices and emissions",2024-09-11,,agensir.it,English,Italy,2,6,eu_context;carbon_terms=4,YES,1,"[""YES"", ""YES"", ""YES""]","[""Renewables expansion signals long-term price support but may dampen short-term volatility due to reduced emissions intensity."", ""Renewables expansion signals long-term price support but may dampen short-term volatility due to reduced emissions intensity."", ""Renewables expansion signals long-term price support but may dampen short-term volatility due to reduced emissions intensity.""]",7,1.0,0.7,0.7,"[7, 7, 7]"
6398,https://www.newsnow.co.uk/h/Industry+Sectors/Energy+and+Utilities/Coal/Europe,,Coal in Europe news | Breaking News & Top Stories,2024-09-13,,newsnow.co.uk,English,United Kingdom,2,3,eu_context;energy_driver,NO,-1,"[""NO"", ""NO"", ""NO""]","[""Coal news may signal policy shifts but lacks immediate price drivers in EU ETS."", ""Coal news may signal policy shifts but lacks immediate price drivers in EU ETS."", ""Coal news may signal policy shifts but lacks immediate price drivers in EU ETS.""]",5,1.0,-0.5,-0.5,"[5, 5, 5]"
6404,https://www.finanznachrichten.de/nachrichten-2024-09/63262739-research-and-markets-europe-biopesticides-and-biofertilizers-market-analysis-and-10-year-forecast-2023-2033-increasing-usage-of-liquid-biofertilizer-004.htm,,Research and Markets : Europe Biopesticides and Biofertilizers Market Analysis and 10 Year Forecast 2023 - 2033 : Increasing Usage of Liquid Biofertilizers and Biopesticides as a Sustainable Solution for Agriculture,2024-09-15,https://cts.businesswire.com/ct/CT?id=bwnews&sty=20240913680764r1&sid=gefi2&distro=ftp,finanznachrichten.de,English,Germany,2,3,eu_context;carbon_terms=1,NO,-1,"[""NO"", ""NO"", ""NO""]","[""Biofertilizers and biopesticides may indirectly support EU ETS compliance via reduced chemical inputs, but no direct price signal is evident."", ""Biofertilizers and biopesticides may indirectly support EU ETS compliance via reduced chemical inputs, but no direct price signal is evident."", ""Biofertilizers and biopesticides may indirectly support EU ETS compliance via reduced chemical inputs, but no direct price signal is evident.""]",3,1.0,-0.3,-0.3,"[3, 3, 3]"
6410,http://www.theseanation.gr/news-in-english/60657-new-guide-to-reducing-ghg-emissions-in-shipping-launched-by-ics.html,,New guide to reducing GHG emissions in shipping launched by ICS,2024-09-17,http://www.theseanation.gr/images/PHOTOS/PERIVALON/aerioi-rypo-0098.jpg,theseanation.gr,English,Greece,1,2,carbon_terms=2,NO,-1,"[""NO"", ""NO"", ""NO""]","[""Shipping emissions are a major but non-EU ETS-covered sector, so this guide may indirectly influence ETS prices via broader carbon policy signals."", ""Shipping emissions are a major but non-EU ETS-covered sector, so this guide may indirectly influence ETS prices via broader carbon policy signals."", ""Shipping emissions are a major but non-EU ETS-covered sector, so this guide may indirectly influence ETS prices via broader carbon policy signals.""]",5,1.0,-0.5,-0.5,"[5, 5, 5]"
6416,https://www.feednavigator.com/Article/2024/09/18/european-commission-agriculture-commissioner-christophe-hansen,,European Commission agriculture commissioner Christophe Hansen,2024-09-19,https://www.feednavigator.com/var/wrbm_gb_food_pharma/storage/images/publications/food-beverage-nutrition/foodnavigator.com/article/2024/09/18/european-commission-agriculture-commissioner-christophe-hansen/17756848-1-eng-GB/European-Commission-agriculture-commissioner-Christophe-Hansen.jpg,feednavigator.com,English,United States,1,2,eu_context,NO,-1,"[""NO"", ""NO"", ""NO""]","[""Lack of direct policy linkage to EU ETS pricing mechanisms."", ""Lack of direct policy linkage to EU ETS pricing mechanisms."", ""Lack of direct policy linkage to EU ETS pricing mechanisms.""]",2,1.0,-0.2,-0.2,"[2, 2, 2]"
6422,https://www.evwind.es/2024/09/21/photovoltaics-proposes-mandatory-storage-in-renewable-energy-auctions/101091,,Photovoltaics proposes mandatory storage in renewable energy auctions | REVE News of the wind sector in Spain and in the world,2024-09-21,,evwind.es,English,Spain,2,2,carbon_terms=2,NO,-1,"[""NO"", ""NO"", ""NO""]","[""Mandatory storage requirements may increase costs for renewable projects, potentially dampening auction competitiveness and affecting EU ETS price pressure."", ""Mandatory storage requirements may increase costs for renewable projects, potentially dampening auction competitiveness and affecting EU ETS price pressure."", ""Mandatory storage requirements may increase costs for renewable projects, potentially dampening auction competitiveness and affecting EU ETS price pressure.""]",3,1.0,-0.3,-0.3,"[3, 3, 3]"
6428,https://www.eureporter.co/energy/2024/09/23/state-of-the-energy-union-report-2024-shows-eu-progress-to-ensure-secure-competitive-and-affordable-energy-for-all-2/,,"State of the Energy Union Report 2024 shows EU progress to ensure secure , competitive and affordable energy for all",2024-09-23,https://www.eureporter.co/wp-content/uploads/2024/09/Energy.jpg,eureporter.co,English,United Kingdom,1,2,eu_context,NO,-1,"[""NO"", ""NO"", ""NO""]","[""Mildly positive sentiment may support long-term price stability but lacks immediate market catalysts."", ""Mildly positive sentiment may support long-term price stability but lacks immediate market catalysts."", ""Mildly positive sentiment may support long-term price stability but lacks immediate market catalysts.""]",3,1.0,-0.3,-0.3,"[3, 3, 3]"
6434,http://www.theseanation.gr/news-in-english/60756-european-shipowners-call-for-stronger-measures-to-accelerate-clean-fuel-uptake-in-shipping.html,,European shipowners call for stronger measures to accelerate clean fuel uptake in shipping,2024-09-25,http://www.theseanation.gr/images/raptis_800_400.jpg,theseanation.gr,English,Greece,1,2,eu_context,YES,1,"[""YES"", ""YES"", ""YES""]","[""Stronger clean fuel mandates could drive demand for carbon credits, boosting EU ETS prices."", ""Stronger clean fuel mandates could drive demand for carbon credits, boosting EU ETS prices."", ""Stronger clean fuel mandates could drive demand for carbon credits, boosting EU ETS prices.""]",7,1.0,0.7,0.7,"[7, 7, 7]"
6440,https://www.briefingwire.com/pr/the-europe-dairy-alternatives-market-growth-and-trends-2024-2032,,The Europe Dairy Alternatives Market : Growth and Trends ( 2024 - 2032 ) ,2024-09-27,,briefingwire.com,English,United States,2,3,eu_context;carbon_terms=1,NO,-1,"[""NO"", ""NO"", ""NO""]","[""Dairy alternatives market growth is unlikely to directly impact EU ETS pricing in the short term."", ""Dairy alternatives market growth is unlikely to directly impact EU ETS pricing in the short term."", ""Dairy alternatives market growth is unlikely to directly impact EU ETS pricing in the short term.""]",2,1.0,-0.2,-0.2,"[2, 2, 2]"
6446,https://hungarytoday.hu/hungary-among-europes-leaders-in-solar-energy-production/,,Hungary among Europe Leaders in Solar Energy Production,2024-09-30,https://hungarytoday.hu/wp-content/uploads/2024/09/pexels-gustavo-fring-4254171.jpg,hungarytoday.hu,English,Hungary,2,2,eu_context,NO,-1,"[""NO"", ""NO"", ""NO""]","[""Solar growth in Hungary may slightly boost EU ETS demand but won\u2019t decisively alter short-term price trends."", ""Solar growth in Hungary may slightly boost EU ETS demand but won\u2019t decisively alter short-term price trends."", ""Solar growth in Hungary may slightly boost EU ETS demand but won\u2019t decisively alter short-term price trends.""]",3,1.0,-0.3,-0.3,"[3, 3, 3]"
6452,https://www.businesstimes.com.sg/opinion-features/business-watching-starmers-reset-eu-relations,,Business watching Starmer reset of EU relations,2024-10-02,https://cassette.sphdigital.com.sg/image/businesstimes/ca88d480aa7fd0ec20f41d3f7a2c5f2684e41beb03d763ac7237b2ba92f231eb,businesstimes.com.sg,English,Singapore,2,2,eu_context,NO,-1,"[""NO"", ""NO"", ""NO""]","[""EU trade policy shifts under Starmer may indirectly affect carbon pricing via regulatory divergence, but no immediate price signal."", ""EU trade policy shifts under Starmer may indirectly affect carbon pricing via regulatory divergence, but no immediate price signal."", ""EU trade policy shifts under Starmer may indirectly affect carbon pricing via regulatory divergence, but no immediate price signal.""]",3,1.0,-0.3,-0.3,"[3, 3, 3]"
6458,https://business-review.eu/property/genesis-property-is-committed-to-reducing-carbon-emissions-in-line-with-targets-approved-by-the-science-based-targets-initiative-271345,,Genesis Property is committed to reducing carbon emissions,2024-10-04,https://business-review.eu/wp-content/uploads/2024/10/Ioan-Bejan-Genesis-Property.jpg,business-review.eu,English,Romania,2,3,carbon_terms=3,NO,-1,"[""NO"", ""NO"", ""NO""]","[""A single company\u2019s emission reduction commitment has limited direct impact on EU ETS pricing."", ""A single company\u2019s emission reduction commitment has limited direct impact on EU ETS pricing."", ""A single company\u2019s emission reduction commitment has limited direct impact on EU ETS pricing.""]",2,1.0,-0.2,-0.2,"[2, 2, 2]"
6464,https://cleantechnica.com/2024/10/06/criticisms-of-lng-export-emissions-study-dont-withstand-scrutiny/,https://cleantechnica.com/2024/10/06/criticisms-of-lng-export-emissions-study-dont-withstand-scrutiny/?amp=1,Criticisms Of LNG Export Emissions Study Dont Withstand Scrutiny,2024-10-07,https://cleantechnica.com/wp-content/uploads/2024/10/DALL%C2%B7E-2024-10-06-18.18.41-A-panoramic-hyperspectral-image-of-an-LNG-tanker-at-sea.-The-hyperspectral-imaging-captures-a-detailed-and-realistic-view-of-the-tanker-with-various-s-800x457.png,cleantechnica.com,English,United States,2,3,carbon_terms=2;energy_driver,NO,-1,"[""NO"", ""NO"", ""NO""]","[""LNG export emissions studies are unlikely to significantly alter EU ETS pricing unless regulatory or policy changes follow."", ""LNG export emissions studies are unlikely to significantly alter EU ETS pricing unless regulatory or policy changes follow."", ""LNG export emissions studies are unlikely to significantly alter EU ETS pricing unless regulatory or policy changes follow.""]",3,1.0,-0.3,-0.3,"[3, 3, 3]"
6470,https://www.nationalobserver.com/2024/10/09/news/exported-gas-far-worse-emissions-coal,,"Exported gas produces far worse emissions than coal , major study finds",2024-10-09,https://www.nationalobserver.com/sites/default/files/img/2024/10/07/50863941591_975e19aca9_h.jpg,nationalobserver.com,English,Canada,2,3,carbon_terms=2;energy_driver,YES,1,"[""YES"", ""YES"", ""YES""]","[""Shifts emissions accounting toward gas exports, potentially increasing EU ETS compliance costs and driving price upward."", ""Shifts emissions accounting toward gas exports, potentially increasing EU ETS compliance costs and driving price upward."", ""Shifts emissions accounting toward gas exports, potentially increasing EU ETS compliance costs and driving price upward.""]",7,1.0,0.7,0.7,"[7, 7, 7]"
6476,https://www.pv-magazine.com/press-releases/ampyr-solar-europe-completes-13-2mwp-groensebos-solar-park-in-partnership-with-echt-susteren-energy-cooperative-to-power-local-community/,,AMPYR Solar Europe Completes 13 . 2MWp Groensebos Solar Park in Partnership with Echt - Susteren Energy Cooperative to Power Local Community,2024-10-11,,pv-magazine.com,English,United States,2,3,eu_context;energy_driver,NO,-1,"[""NO"", ""NO"", ""NO""]","[""Small-scale solar project unlikely to materially affect EU ETS price dynamics."", ""Small-scale solar project unlikely to materially affect EU ETS price dynamics."", ""Small-scale solar project unlikely to materially affect EU ETS price dynamics.""]",3,1.0,-0.3,-0.3,"[3, 3, 3]"
6482,https://renews.biz/96388/energy-coalition-calls-for-improved-euuk-electricity-exchanges/,,Energy coalition calls for improved EU / UK electricity exchanges - reNews,2024-10-14,https://renews.biz/media/17197/grid-infrastructure-credit-arteche.jpg,renews.biz,English,United Kingdom,1,3,eu_context;energy_driver,NO,-1,"[""NO"", ""NO"", ""NO""]","[""Improved exchanges may enhance market efficiency but don\u2019t directly signal short-term ETS price movement."", ""Improved exchanges may enhance market efficiency but don\u2019t directly signal short-term ETS price movement."", ""Improved exchanges may enhance market efficiency but don\u2019t directly signal short-term ETS price movement.""]",3,1.0,-0.3,-0.3,"[3, 3, 3]"
6488,https://www.thehindubusinessline.com/economy/need-to-be-smart-in-looking-at-decarbonisation-devise-our-own-cbam-type-mechanism-godrej/article68761673.ece,https://www.thehindubusinessline.com/economy/need-to-be-smart-in-looking-at-decarbonisation-devise-our-own-cbam-type-mechanism-godrej/article68761673.ece/amp/,"Need to be smart in looking at decarbonisation , devise our own CBAM type mechanism : Godrej",2024-10-16,https://bl-i.thgim.com/public/news/national/qne4dr/article68761829.ece/alternates/LANDSCAPE_1200/Flickr_-_World_Economic_Forum_-_Jamshyd_N._Godrej_-_World_Economic_Forum_on_East_Asia_2008.jpg,thehindubusinessline.com,English,India,1,7,eu_ets_strong;carbon_terms=1,NO,-1,"[""NO"", ""NO"", ""NO""]","[""Godrej\u2019s comment suggests policy innovation but doesn\u2019t signal immediate market impact on EU ETS prices."", ""Godrej\u2019s comment suggests policy innovation but doesn\u2019t signal immediate market impact on EU ETS prices."", ""Godrej\u2019s comment suggests policy innovation but doesn\u2019t signal immediate market impact on EU ETS prices.""]",3,1.0,-0.3,-0.3,"[3, 3, 3]"
6494,https://www.pv-magazine.com/press-releases/corpower-ocean-secures-eur-32m-series-b1-funding-to-commercialise-wave-energy/,,CorPower Ocean secures EUR 32m Series B1 funding to commercialise wave energy,2024-10-18,,pv-magazine.com,English,United States,2,3,eu_context;energy_driver,NO,-1,"[""NO"", ""NO"", ""NO""]","[""Wave energy is still nascent and not yet commercially viable at scale, so funding won\u2019t immediately impact EU ETS prices."", ""Wave energy is still nascent and not yet commercially viable at scale, so funding won\u2019t immediately impact EU ETS prices."", ""Wave energy is still nascent and not yet commercially viable at scale, so funding won\u2019t immediately impact EU ETS prices.""]",3,1.0,-0.3,-0.3,"[3, 3, 3]"
6500,https://www.mckinsey.com/industries/electric-power-and-natural-gas/our-insights/electricity-demand-in-europe-growing-or-going,,European power demand : Growing or going ? ,2024-10-24,https://www.mckinsey.com/~/media/mckinsey/industries/electric%20power%20and%20natural%20gas/our%20insights/electricity%20demand%20in%20europe%20growing%20or%20going/thumb-gettyimages-1329896509.jpg,mckinsey.com,English,China,1,3,eu_context;energy_driver,NO,-1,"[""NO"", ""NO"", ""NO""]","[""Power demand uncertainty could dampen ETS price momentum if supply-side adjustments outweigh demand growth."", ""Power demand uncertainty could dampen ETS price momentum if supply-side adjustments outweigh demand growth."", ""Power demand uncertainty could dampen ETS price momentum if supply-side adjustments outweigh demand growth.""]",5,1.0,-0.5,-0.5,"[5, 5, 5]"
6506,https://www.politico.eu/article/eu-uk-youth-mobility-essential-brexit-reset-leak-shows/,,"Visas for under - 30s  essential  to Brexit reset , leaked EU document says – POLITICO",2024-10-30,"https://www.politico.eu/cdn-cgi/image/width=1200,height=630,fit=crop,quality=80,onerror=redirect/wp-content/uploads/2024/10/25/GettyImages-2164019596-scaled.jpg",politico.eu,English,United States,1,2,eu_context,NO,-1,"[""NO"", ""NO"", ""NO""]","[""EU visa policy changes are unlikely to directly affect carbon pricing mechanisms."", ""EU visa policy changes are unlikely to directly affect carbon pricing mechanisms."", ""EU visa policy changes are unlikely to directly affect carbon pricing mechanisms.""]",2,1.0,-0.2,-0.2,"[2, 2, 2]"
6512,https://www.theguardian.com/environment/2024/nov/04/what-farmers-eu-required-do-protect-environment,,What are farmers in the EU required to do to protect the environment ? ,2024-11-04,https://i.guim.co.uk/img/media/29bbb57c0670e4f8d51df78b582e441db7875bf7/0_161_4928_2957/master/4928.jpg?&quality=85&auto=format&fit=crop&overlay-align=bottom%2Cleft&overlay-width=100p&overlay-base64=L2ltZy9zdGF0aWMvb3ZlcmxheXMvdGctZGVmYXVsdC5wbmc&enable=upscale&s=3711d06b5f51badd574d1c8047d024f8,theguardian.com,English,United Kingdom,1,2,eu_context,NO,-1,"[""NO"", ""NO"", ""NO""]","[""Farmers\u2019 compliance with environmental regulations may influence carbon emissions, but the headline does not specify policy changes or direct market impact."", ""Farmers\u2019 compliance with environmental regulations may influence carbon emissions, but the headline does not specify policy changes or direct market impact."", ""Farmers\u2019 compliance with environmental regulations may influence carbon emissions, but the headline does not specify policy changes or direct market impact.""]",3,1.0,-0.3,-0.3,"[3, 3, 3]"
6518,https://www.eureporter.co/environment/2024/11/07/eu-invests-e4-8-billion-of-emissions-trading-revenues-in-innovative-net-zero-projects-2/,,EU invests €4 . 8 billion of emissions trading revenues in innovative net - zero projects,2024-11-07,https://www.eureporter.co/wp-content/uploads/2023/03/Net-Zero.jpg,eureporter.co,English,United Kingdom,1,5,eu_context;carbon_terms=3,YES,1,"[""YES"", ""YES"", ""YES""]","[""Reinvestment of ETS revenues into net-zero projects may boost market confidence and support long-term price stability."", ""Reinvestment of ETS revenues into net-zero projects may boost market confidence and support long-term price stability."", ""Reinvestment of ETS revenues into net-zero projects may boost market confidence and support long-term price stability.""]",7,1.0,0.7,0.7,"[7, 7, 7]"
6524,https://www.yourfortdodge.com/syndicated-article/?id=1593879,,Climate and environment updates : UN - backed carbon credits market gets greenlight,2024-11-14,https://s3.amazonaws.com/syndication.abcaudio.com/files/2024-11-06/GETTYRF_72222_HeatSunThermometer.jpg?icb=1731610034,yourfortdodge.com,English,United States,1,2,carbon_terms=2,YES,1,"[""YES"", ""YES"", ""YES""]","[""UN-backed carbon credits could boost demand and price pressure in EU ETS."", ""UN-backed carbon credits could boost demand and price pressure in EU ETS."", ""UN-backed carbon credits could boost demand and price pressure in EU ETS.""]",7,1.0,0.7,0.7,"[7, 7, 7]"
6530,https://www.mondaq.com:443/unitedstates/climate-change/1545520/carbon-markets-roundup-fall-2024,,Carbon Markets Roundup - Fall 2024,2024-11-18,http://www.mondaq.com/images/MondaqThumb.png,mondaq.com,English,United States,1,2,carbon_terms=2,NO,-1,"[""NO"", ""NO"", ""NO""]","[""Short-term price volatility may arise from regulatory updates or market sentiment shifts."", ""Short-term price volatility may arise from regulatory updates or market sentiment shifts."", ""Short-term price volatility may arise from regulatory updates or market sentiment shifts.""]",5,1.0,-0.5,-0.5,"[5, 5, 5]"
6536,https://www.presseschleuder.com/2024/11/esg-netceed-launches-its-decarbonization-plan-to-reduce-greenhouse-gas-emissions/,,ESG : Netceed launches its Decarbonization Plan to reduce greenhouse gas emissions,2024-11-21,https://www.presseschleuder.com/wp-content/uploads/2024/11/455918-1024x660.png,presseschleuder.com,English,Germany,2,4,carbon_terms=3;energy_driver,NO,-1,"[""NO"", ""NO"", ""NO""]","[""ESG initiatives like Netceed\u2019s plan may signal future compliance risks but don\u2019t immediately impact short-term EU ETS pricing."", ""ESG initiatives like Netceed\u2019s plan may signal future compliance risks but don\u2019t immediately impact short-term EU ETS pricing."", ""ESG initiatives like Netceed\u2019s plan may signal future compliance risks but don\u2019t immediately impact short-term EU ETS pricing.""]",3,1.0,-0.3,-0.3,"[3, 3, 3]"
6542,https://azertag.az/en/xeber/total_of_25_countries__amp_eu_pledge_to_commit_to_no_new_unabated_coal_power_at_cop29-3299512,,Total of 25 countries & EU pledge to commit to no new unabated coal power at COP29,2024-11-23,https://azertag.az/files/2024/3/1200x630/17323589951455337971_1200x630.jpg,azertag.az,English,Azerbaijan,2,3,eu_context;energy_driver,YES,1,"[""YES"", ""YES"", ""YES""]","[""Strong policy signal reduces future coal emissions, likely pressuring carbon prices via tighter compliance demands."", ""Strong policy signal reduces future coal emissions, likely pressuring carbon prices via tighter compliance demands."", ""Strong policy signal reduces future coal emissions, likely pressuring carbon prices via tighter compliance demands.""]",8,1.0,0.8,0.8,"[8, 8, 8]"
6548,https://sciencebusiness.net/network-updates/eua-launches-universities-futures-lab-podcast,,EUA launches Universities Futures Lab podcast,2024-11-25,,sciencebusiness.net,English,United Kingdom,1,7,eu_ets_strong;carbon_terms=1,NO,-1,"[""NO"", ""NO"", ""NO""]","[""Podcast launches are unlikely to influence short-term EU ETS price movements significantly."", ""Podcast launches are unlikely to influence short-term EU ETS price movements significantly."", ""Podcast launches are unlikely to influence short-term EU ETS price movements significantly.""]",1,1.0,-0.1,-0.1,"[1, 1, 1]"
6554,https://tribune.com.pk/story/2512218/pakistan-ill-prepared-for-cbam-environmental-standards,,Pakistan ill - prepared for CBAM environmental standards,2024-11-27,https://i.tribune.com.pk/media/images/1864852-smokestackinchinacarbonemissionsafpxxxxx-1544618015/1864852-smokestackinchinacarbonemissionsafpxxxxx-1544618015.jpg,tribune.com.pk,English,Pakistan,1,6,eu_ets_strong,NO,-1,"[""NO"", ""NO"", ""NO""]","[""CBAM impacts Pakistan\u2019s exports, but EU ETS is not directly affected by Pakistan\u2019s compliance status."", ""CBAM impacts Pakistan\u2019s exports, but EU ETS is not directly affected by Pakistan\u2019s compliance status."", ""CBAM impacts Pakistan\u2019s exports, but EU ETS is not directly affected by Pakistan\u2019s compliance status.""]",3,1.0,-0.3,-0.3,"[3, 3, 3]"
6560,https://www.wkrb13.com/2024/11/29/kraneshares-european-carbon-allowance-strategy-etf-nysearcakeua-stock-price-up-0-5-heres-what-happened.html,,KraneShares European Carbon Allowance Strategy ETF ( NYSEARCA : KEUA ) Stock Price Up 0 . 5 % – Here What Happened,2024-11-29,,wkrb13.com,English,United States,1,11,eu_ets_strong;eu_context;carbon_terms=3,NO,-1,"[""NO"", ""NO"", ""NO""]","[""Minor price movement in a single ETF doesn't signal broader EU ETS trend direction."", ""Minor price movement in a single ETF doesn't signal broader EU ETS trend direction."", ""Minor price movement in a single ETF doesn't signal broader EU ETS trend direction.""]",2,1.0,-0.2,-0.2,"[2, 2, 2]"
6566,https://en.trend.az/business/3978044.html,,European Hydrogen Bank launches second auction to drive renewable fuel projects,2024-12-03,https://cdn.trend.az/2023/12/26/trend_solar_panels.jpg,en.trend.az,English,United States,1,3,eu_context;carbon_terms=1,YES,1,"[""YES"", ""YES"", ""YES""]","[""Hydrogen bank auctions can boost demand for low-carbon fuels, potentially pressuring EU ETS prices upward."", ""Hydrogen bank auctions can boost demand for low-carbon fuels, potentially pressuring EU ETS prices upward."", ""Hydrogen bank auctions can boost demand for low-carbon fuels, potentially pressuring EU ETS prices upward.""]",7,1.0,0.7,0.7,"[7, 7, 7]"
6572,https://www.hellenicshippingnews.com/oceanscore-reviews-the-first-year-of-eu-ets-what-have-we-learned-and-what-lies-ahead/,,OceanScore reviews the first year of EU ETS : what have we learned and what lies ahead ? ,2024-12-05,,hellenicshippingnews.com,English,China,1,8,eu_ets_strong;eu_context,NO,-1,"[""NO"", ""NO"", ""NO""]","[""The headline focuses on retrospective analysis and future outlook, not immediate market drivers or policy changes."", ""The headline focuses on retrospective analysis and future outlook, not immediate market drivers or policy changes."", ""The headline focuses on retrospective analysis and future outlook, not immediate market drivers or policy changes.""]",3,1.0,-0.3,-0.3,"[3, 3, 3]"
6578,https://menafn.com/1108964546/A-New-Global-Carbon-Trading-Market-Could-Be-Held-Hostage-By-Speculators,,A New Global Carbon Trading Market Could Be Held Hostage By Speculators,2024-12-09,https://menafn.com/updates/pr/2024-12/06/TC_febbeimage_story.jpg,menafn.com,English,Qatar,1,3,carbon_terms=3,NO,-1,"[""NO"", ""NO"", ""NO""]","[""Speculative pressure could distort pricing and create volatility in the EU ETS if global carbon markets become entangled."", ""Speculative pressure could distort pricing and create volatility in the EU ETS if global carbon markets become entangled."", ""Speculative pressure could distort pricing and create volatility in the EU ETS if global carbon markets become entangled.""]",7,1.0,-0.7,-0.7,"[7, 7, 7]"
6584,https://www.marketscreener.com/quote/stock/CROSSJECT-15844218/news/Crossject-announces-the-pricing-of-its-reserved-capital-increase-and-warrants-issuance-for-an-aggreg-48567221/,,Crossject announces the pricing of its reserved capital increase and warrants issuance for an aggregate amount of EUR 7 . 2M,2024-12-11,https://www.marketscreener.com/images/twitter_MS_fdblanc.png,marketscreener.com,English,,1,2,eu_context,NO,-1,"[""NO"", ""NO"", ""NO""]","[""Crossject\u2019s capital raise is unlikely to directly affect EU ETS pricing due to its non-industrial nature and limited emissions exposure."", ""Crossject\u2019s capital raise is unlikely to directly affect EU ETS pricing due to its non-industrial nature and limited emissions exposure."", ""Crossject\u2019s capital raise is unlikely to directly affect EU ETS pricing due to its non-industrial nature and limited emissions exposure.""]",2,1.0,-0.2,-0.2,"[2, 2, 2]"
6590,https://eturbonews.com/emissions-trading-scheme-comes-under-more-fire/,,Emissions Trading Scheme comes under more fire,2024-12-16,,eturbonews.com,English,United States,1,3,carbon_terms=3,NO,-1,"[""NO"", ""NO"", ""NO""]","[""Increased scrutiny may trigger policy tightening or market volatility."", ""Increased scrutiny may trigger policy tightening or market volatility."", ""Increased scrutiny may trigger policy tightening or market volatility.""]",7,1.0,-0.7,-0.7,"[7, 7, 7]"
6596,https://www.yahoo.com/news/imminent-eu-climate-rule-ships-165303744.html,,Imminent EU Climate Rule for Ships Is Set to Add to Fuel Bills,2024-12-19,https://s.yimg.com/ny/api/res/1.2/ayTgERYHtZUmhL89UiVJCQ--/YXBwaWQ9aGlnaGxhbmRlcjt3PTEyMDA7aD04MDA-/https://media.zenfs.com/en/bloomberg_markets_842/04a3370a56c1da52d9c191d6b53378e6,yahoo.com,English,United States,1,2,eu_context,YES,1,"[""YES"", ""YES"", ""YES""]","[""Shipping emissions compliance will increase demand for carbon credits and push EU ETS prices higher."", ""Shipping emissions compliance will increase demand for carbon credits and push EU ETS prices higher."", ""Shipping emissions compliance will increase demand for carbon credits and push EU ETS prices higher.""]",7,1.0,0.7,0.7,"[7, 7, 7]"
6602,https://www.stltoday.com/news/nation-world/government-politics/trump-threatens-eu-tariffs/article_4077aff0-a823-5d97-9332-31a54f74bc6e.html,,Trump threatens tariffs on EU over trade deficit,2024-12-21,https://bloximages.newyork1.vip.townnews.com/stltoday.com/content/tncms/assets/v3/editorial/4/07/4077aff0-a823-5d97-9332-31a54f74bc6e/6765efee076d5.preview.jpg?crop=1919%2C1007%2C0%2C36,stltoday.com,English,United States,2,2,eu_context,NO,-1,"[""NO"", ""NO"", ""NO""]","[""Tariffs on EU trade could trigger retaliatory measures and disrupt supply chains, potentially affecting EU ETS-linked industries and demand."", ""Tariffs on EU trade could trigger retaliatory measures and disrupt supply chains, potentially affecting EU ETS-linked industries and demand."", ""Tariffs on EU trade could trigger retaliatory measures and disrupt supply chains, potentially affecting EU ETS-linked industries and demand.""]",7,1.0,-0.7,-0.7,"[7, 7, 7]"
6608,https://news.az/news/qatar-threatens-to-halt-gas-exports-to-eu-over-new-sustainability-legislation,,Qatar threatens to halt gas exports to EU over new sustainability legislation,2024-12-23,https://news.az/photos/2024/12/1734933456.jpg,news.az,English,Azerbaijan,2,3,eu_context;energy_driver,NO,-1,"[""NO"", ""NO"", ""NO""]","[""Qatar\u2019s potential export halt could disrupt EU gas supply, impacting energy prices and indirectly affecting ETS compliance costs."", ""Qatar\u2019s potential export halt could disrupt EU gas supply, impacting energy prices and indirectly affecting ETS compliance costs."", ""Qatar\u2019s potential export halt could disrupt EU gas supply, impacting energy prices and indirectly affecting ETS compliance costs.""]",7,1.0,-0.7,-0.7,"[7, 7, 7]"
6614,https://www.aa.com.tr/en/environment/climate-crisis-in-2025-ring-the-alarm-bells-for-european-policymakers-at-all-levels-/3434219,,Climate crisis in 2025 :  Ring the alarm bells for European policymakers at all levels  ,2024-12-25,https://cdnuploads.aa.com.tr/uploads/Contents/2024/12/25/thumbs_b_c_369000f7d12effebabc2fa27930596be.jpg?v=173520,aa.com.tr,English,Turkey,2,2,eu_context,NO,-1,"[""NO"", ""NO"", ""NO""]","[""The headline signals heightened policy urgency, likely increasing ETS demand as regulators tighten emissions targets."", ""The headline signals heightened policy urgency, likely increasing ETS demand as regulators tighten emissions targets."", ""The headline signals heightened policy urgency, likely increasing ETS demand as regulators tighten emissions targets.""]",7,1.0,-0.7,-0.7,"[7, 7, 7]"
6620,https://www.bulgariagazette.com/500-milion-euro-invested-in-green-energy-in-bulgaria/,,Bulgaria Gazette – News from Bulgaria » 500 milion euro invested in green energy in Bulgaria,2024-12-27,,bulgariagazette.com,English,Bulgaria,2,2,eu_context,NO,-1,"[""NO"", ""NO"", ""NO""]","[""Bulgaria\u2019s green energy investment is modest compared to EU-wide trends and unlikely to significantly impact EU ETS prices."", ""Bulgaria\u2019s green energy investment is modest compared to EU-wide trends and unlikely to significantly impact EU ETS prices."", ""Bulgaria\u2019s green energy investment is modest compared to EU-wide trends and unlikely to significantly impact EU ETS prices.""]",3,1.0,-0.3,-0.3,"[3, 3, 3]"
6626,https://eturbonews.com/eastern-airways-chairman-calls-government-step-re-emissions-trad/,,Eastern Airways chairman calls on government to step in re emissions trading impact,2024-12-30,,eturbonews.com,English,United States,1,3,carbon_terms=3,NO,-1,"[""NO"", ""NO"", ""NO""]","[""Chairman\u2019s call may signal regulatory pressure but lacks concrete policy details to materially affect short-term ETS pricing."", ""Chairman\u2019s call may signal regulatory pressure but lacks concrete policy details to materially affect short-term ETS pricing."", ""Chairman\u2019s call may signal regulatory pressure but lacks concrete policy details to materially affect short-term ETS pricing.""]",3,1.0,-0.3,-0.3,"[3, 3, 3]"
6632,https://shipandbunker.com/news/world/912451-eu-ets-added-90mt-to-eu-bunker-costs-in-2024,,EU ETS Added $90 / mt to EU Bunker Costs in 2024,2025-01-01,https://shipandbunker.cdn.speedyrails.net/a/img/_mt_969d53dc5ed237952415f97de4494081.jpg,shipandbunker.com,English,Singapore,1,8,eu_ets_strong;eu_context,YES,1,"[""YES"", ""YES"", ""YES""]","[""Bunker cost inflation directly pressures shipping fuel demand and may drive higher EU ETS compliance costs for emitters."", ""Bunker cost inflation directly pressures shipping fuel demand and may drive higher EU ETS compliance costs for emitters."", ""Bunker cost inflation directly pressures shipping fuel demand and may drive higher EU ETS compliance costs for emitters.""]",8,1.0,0.8,0.8,"[8, 8, 8]"
6638,https://www.independent.ie/business/personal-finance/fears-of-major-surge-in-energy-prices-after-jump-in-european-wholesale-gas-costs/a796608124.html,https://m.independent.ie/business/personal-finance/fears-of-major-surge-in-energy-prices-after-jump-in-european-wholesale-gas-costs/a796608124.html,Fears of major surge in energy prices after jump in European wholesale gas costs,2025-01-03,https://focus.independent.ie/thumbor/um5i5nzBSNQjEd9J_qKj2IHXTQ8=/60x0:735x450/629x0/prod-mh-ireland/02de2e99-e0c5-4d4a-a59a-80636b8b4068/c9d70a84-7b95-4828-b8e4-115ede8b9bbf/video/video.jpg,independent.ie,English,Ireland,2,4,eu_context;carbon_terms=1;energy_driver,NO,-1,"[""NO"", ""NO"", ""NO""]","[""Higher gas prices may trigger policy responses that could dampen ETS demand or lead to carbon-intensive alternatives."", ""Higher gas prices may trigger policy responses that could dampen ETS demand or lead to carbon-intensive alternatives."", ""Higher gas prices may trigger policy responses that could dampen ETS demand or lead to carbon-intensive alternatives.""]",7,1.0,-0.7,-0.7,"[7, 7, 7]"
6644,https://www.marketscreener.com/quote/index/S-P-GSCI-BIO-FUEL-INDEX-46869729/news/EU-s-cleaner-marine-fuel-rules-are-inflationary-shipbrokers-say-48688282/,,"EU cleaner marine fuel rules are inflationary , shipbrokers say",2025-01-06,https://www.marketscreener.com/images/reuters/2025-01/2025-01-06T135623Z_1_LYNXMPEL050HV_RTROPTP_3_SHIPPING-EMISSIONS-REGULATION.JPG,marketscreener.com,English,,1,2,eu_context,NO,-1,"[""NO"", ""NO"", ""NO""]","[""Marine fuel price inflation may indirectly pressure EU ETS via increased emissions from shipping, but direct ETS impact is uncertain."", ""Marine fuel price inflation may indirectly pressure EU ETS via increased emissions from shipping, but direct ETS impact is uncertain."", ""Marine fuel price inflation may indirectly pressure EU ETS via increased emissions from shipping, but direct ETS impact is uncertain.""]",5,1.0,-0.5,-0.5,"[5, 5, 5]"
6650,https://eturbonews.com/airlines-snapping-eu-emission-allowances-bargain-prices/,,Airlines snapping up EU emission allowances at bargain prices,2025-01-08,,eturbonews.com,English,United States,1,6,eu_context;carbon_terms=4,YES,1,"[""YES"", ""YES"", ""YES""]","[""Airlines\u2019 bargain purchases signal oversupply or weak demand, potentially pressuring prices short-term."", ""Airlines\u2019 bargain purchases signal oversupply or weak demand, potentially pressuring prices short-term."", ""Airlines\u2019 bargain purchases signal oversupply or weak demand, potentially pressuring prices short-term.""]",7,1.0,0.7,0.7,"[7, 7, 7]"
6656,https://www.pv-magazine.com/2025/01/10/european-solar-market-2024-2025-balancing-growth-challenges-and-opportunities/,,"European solar market 2024 - 2025 : balancing growth , challenges and opportunities",2025-01-10,https://www.pv-magazine.com/wp-content/uploads/2025/01/Screenshot-2025-01-10-at-13.39.25.v1-1200x572.png,pv-magazine.com,English,United States,2,3,eu_context;carbon_terms=1,NO,-1,"[""NO"", ""NO"", ""NO""]","[""Solar growth may offset emissions, but EU ETS price depends more on policy, compliance, and carbon intensity trends than solar market specifics."", ""Solar growth may offset emissions, but EU ETS price depends more on policy, compliance, and carbon intensity trends than solar market specifics."", ""Solar growth may offset emissions, but EU ETS price depends more on policy, compliance, and carbon intensity trends than solar market specifics.""]",3,1.0,-0.3,-0.3,"[3, 3, 3]"
6662,https://menafn.com/1109079778/Digital-Transformation-Market-In-Oil-Gas-To-Grow-By-USD-564-Billion-From-2025-2029-Driven-By-Investments-Partnerships-And-AI-Powered-Market-Evolution-Technavio,,"Digital Transformation Market In Oil & Gas To Grow By USD 56 . 4 Billion From 2025 - 2029 , Driven By Investments , Partnerships , And AI - Powered Market Evol ... ",2025-01-12,https://menafn.com/updates/pr/2025-01/11/PN_04272image_story.jpg,menafn.com,English,Qatar,2,2,carbon_terms=1;energy_driver,NO,-1,"[""NO"", ""NO"", ""NO""]","[""Digital transformation in oil & gas may indirectly affect carbon emissions and trading, but its direct impact on EU ETS prices is limited and speculative."", ""Digital transformation in oil & gas may indirectly affect carbon emissions and trading, but its direct impact on EU ETS prices is limited and speculative."", ""Digital transformation in oil & gas may indirectly affect carbon emissions and trading, but its direct impact on EU ETS prices is limited and speculative.""]",5,1.0,-0.5,-0.5,"[5, 5, 5]"
6668,https://www.yahoo.com/news/greek-premier-urges-eu-tackle-121645064.html,,Greek Premier Urges EU to Tackle High Energy Prices Faster,2025-01-14,https://media.zenfs.com/en/bloomberg_politics_602/dc4aea91077efafac0168e4325cd8c95,yahoo.com,English,United States,2,3,eu_context;carbon_terms=1,NO,-1,"[""NO"", ""NO"", ""NO""]","[""Greek energy price pressures may signal broader EU ETS demand concerns but lack immediate policy clarity."", ""Greek energy price pressures may signal broader EU ETS demand concerns but lack immediate policy clarity."", ""Greek energy price pressures may signal broader EU ETS demand concerns but lack immediate policy clarity.""]",5,1.0,-0.5,-0.5,"[5, 5, 5]"
6674,https://www.hellenicshippingnews.com/lloyds-register-oneocean-launches-risk-manager-fueleu/,,Lloyd Register OneOcean launches Risk Manager FuelEU | Hellenic Shipping News Worldwide,2025-01-16,,hellenicshippingnews.com,English,China,1,2,eu_context,NO,-1,"[""NO"", ""NO"", ""NO""]","[""Risk management tools like this may influence fuel pricing indirectly but don\u2019t signal immediate ETS price movement."", ""Risk management tools like this may influence fuel pricing indirectly but don\u2019t signal immediate ETS price movement."", ""Risk management tools like this may influence fuel pricing indirectly but don\u2019t signal immediate ETS price movement.""]",3,1.0,-0.3,-0.3,"[3, 3, 3]"
6680,https://www.hellenicshippingnews.com/europe-gas-prices-ease-on-milder-weather-ahead-of-trump-inauguration/,,Europe Gas Prices ease on milder weather ahead of Trump inauguration | Hellenic Shipping News Worldwide,2025-01-20,,hellenicshippingnews.com,English,China,1,4,eu_context;carbon_terms=1;energy_driver,NO,-1,"[""NO"", ""NO"", ""NO""]","[""Milder weather reduces gas demand, potentially lowering EU ETS price pressure but not directly tied to carbon trading mechanics."", ""Milder weather reduces gas demand, potentially lowering EU ETS price pressure but not directly tied to carbon trading mechanics."", ""Milder weather reduces gas demand, potentially lowering EU ETS price pressure but not directly tied to carbon trading mechanics.""]",3,1.0,-0.3,-0.3,"[3, 3, 3]"
6686,https://www.cemnet.com/News/story/178510/cembureau-calls-for-timely-cbam-start.html,,CEMBUREAU calls for timely CBAM start,2025-01-22,https://www.cemnet.com/images/opengraph.jpg,cemnet.com,English,United States,1,6,eu_ets_strong,NO,-1,"[""NO"", ""NO"", ""NO""]","[""CBAM implementation timing may influence EU ETS demand but not immediately affect price."", ""CBAM implementation timing may influence EU ETS demand but not immediately affect price."", ""CBAM implementation timing may influence EU ETS demand but not immediately affect price.""]",5,1.0,-0.5,-0.5,"[5, 5, 5]"
6692,https://www.politico.eu/article/eu-rule-derail-gas-deal-donald-trump/,,The EU rules that may derail a gas deal with Trump,2025-01-24,"https://www.politico.eu/cdn-cgi/image/width=1200,height=630,fit=crop,quality=80,onerror=redirect/wp-content/uploads/2025/01/23/GettyImages-2194384170-scaled.jpg",politico.eu,English,United States,2,3,eu_context;energy_driver,NO,-1,"[""NO"", ""NO"", ""NO""]","[""EU gas deal disruption may affect energy pricing but not directly ETS price movement."", ""EU gas deal disruption may affect energy pricing but not directly ETS price movement."", ""EU gas deal disruption may affect energy pricing but not directly ETS price movement.""]",3,1.0,-0.3,-0.3,"[3, 3, 3]"
6698,https://english.radio.cz/czech-government-opposes-emissions-trading-household-heating-says-vyborny-8841052,,"Czech government opposes emissions trading for household heating , says Výborný",2025-01-26,https://english.radio.cz/sites/default/files/images/4f5197446b1f6808606b2a0aab5e5a67.png,english.radio.cz,English,,1,3,carbon_terms=3,NO,-1,"[""NO"", ""NO"", ""NO""]","[""Czech opposition may signal regional divergence from EU ETS policy, potentially affecting market sentiment."", ""Czech opposition may signal regional divergence from EU ETS policy, potentially affecting market sentiment."", ""Czech opposition may signal regional divergence from EU ETS policy, potentially affecting market sentiment.""]",5,1.0,-0.5,-0.5,"[5, 5, 5]"
6704,https://carbon-pulse.com/362687/,,EU centre - right divide deepens amid  violent  talks on ETS2 and CBAM « Carbon Pulse,2025-01-28,,carbon-pulse.com,English,China,1,9,eu_ets_strong;eu_context;carbon_terms=1,NO,-1,"[""NO"", ""NO"", ""NO""]","[""Political gridlock risks delaying ETS2/CBAM implementation, potentially suppressing short-term prices."", ""Political gridlock risks delaying ETS2/CBAM implementation, potentially suppressing short-term prices."", ""Political gridlock risks delaying ETS2/CBAM implementation, potentially suppressing short-term prices.""]",7,1.0,-0.7,-0.7,"[7, 7, 7]"
6710,https://www.hellenicshippingnews.com/the-commodities-feed-european-gas-prices-surge-to-15-month-high/,,The Commodities Feed : European gas prices surge to 15 - month high | Hellenic Shipping News Worldwide,2025-01-30,,hellenicshippingnews.com,English,China,2,4,eu_context;carbon_terms=1;energy_driver,NO,-1,"[""NO"", ""NO"", ""NO""]","[""Gas price spikes can pressure EU ETS via increased industrial energy costs and carbon intensity."", ""Gas price spikes can pressure EU ETS via increased industrial energy costs and carbon intensity."", ""Gas price spikes can pressure EU ETS via increased industrial energy costs and carbon intensity.""]",6,1.0,-0.6,-0.6,"[6, 6, 6]"
6716,https://cleantechnica.com/2025/01/31/solar-surpasses-coal-for-the-first-time-in-the-eu/,https://cleantechnica.com/2025/01/31/solar-surpasses-coal-for-the-first-time-in-the-eu/?amp=1,Solar Surpasses Coal For The First Time In The EU,2025-02-01,https://cleantechnica.com/wp-content/uploads/2025/01/Ember-2024-EU-report.jpg,cleantechnica.com,English,United States,2,3,eu_context;energy_driver,YES,1,"[""YES"", ""YES"", ""YES""]","[""Shifts long-term decarbonization trajectory, potentially lowering emissions targets and affecting carbon pricing dynamics."", ""Shifts long-term decarbonization trajectory, potentially lowering emissions targets and affecting carbon pricing dynamics."", ""Shifts long-term decarbonization trajectory, potentially lowering emissions targets and affecting carbon pricing dynamics.""]",7,1.0,0.7,0.7,"[7, 7, 7]"
6722,https://www.miragenews.com/europe-power-prices-may-stabilize-if-2030-green-1401387/,,Europe Power Prices May Stabilize if 2030 Green Goals Hit,2025-02-03,https://cdn1.miragenews.com/tmp_cache?cdn=images.unsplash.com%2Fphoto-1588600878108-578307a3cc9d%3Fixid%3DMnwxMjA3fDB8MHxwaG90by1wYWdlfHx8fGVufDB8fHx8%26amp%3Bixlib%3Drb-1.2.1%26amp%3Bauto%3Dformat%26amp%3Bfit%3Dcrop%26amp%3Bw%3D755%26amp%3Bq%3D80,miragenews.com,English,United States,2,4,eu_context;carbon_terms=1;energy_driver,NO,-1,"[""NO"", ""NO"", ""NO""]","[""Stabilization may reduce volatility but doesn\u2019t guarantee price increases or decreases."", ""Stabilization may reduce volatility but doesn\u2019t guarantee price increases or decreases."", ""Stabilization may reduce volatility but doesn\u2019t guarantee price increases or decreases.""]",5,1.0,-0.5,-0.5,"[5, 5, 5]"
6728,https://www.marinelink.com/news/report-eu-needs-action-decarbonization-521920,,Report : EU Needs More Action On Decarbonization,2025-02-05,https://images.marinelink.com/images/maritime/w800/zgphotography-adobe-156710.jpeg,marinelink.com,English,United States,1,3,eu_context;carbon_terms=1,YES,1,"[""YES"", ""YES"", ""YES""]","[""Policy pressure to accelerate decarbonization likely boosts ETS demand."", ""Policy pressure to accelerate decarbonization likely boosts ETS demand."", ""Policy pressure to accelerate decarbonization likely boosts ETS demand.""]",7,1.0,0.7,0.7,"[7, 7, 7]"
6734,https://www.cam.ac.uk/research/news/electricity-prices-across-europe-to-stabilise-if-2030-targets-for-renewable-energy-are-met-study,,Electricity prices across Europe to stabilise if 2030 targets for renewable energy are met,2025-02-07,https://www.cam.ac.uk/sites/default/files/news/research/news/anadonpic_0.jpg,cam.ac.uk,English,United Kingdom,2,4,eu_context;carbon_terms=1;energy_driver,NO,-1,"[""NO"", ""NO"", ""NO""]","[""Renewable energy targets may reduce emissions, but electricity price stability depends on multiple factors beyond just renewables."", ""Renewable energy targets may reduce emissions, but electricity price stability depends on multiple factors beyond just renewables."", ""Renewable energy targets may reduce emissions, but electricity price stability depends on multiple factors beyond just renewables.""]",5,1.0,-0.5,-0.5,"[5, 5, 5]"
6740,https://www.euronews.com/green/2025/02/09/hydrogen-homes-are-being-built-around-europe-but-does-the-renewable-fuel-cut-your-heating-,,Hydrogen homes are being built around Europe but does the renewable fuel cut your heating bills ? ,2025-02-09,https://static.euronews.com/articles/stories/09/03/69/44/1200x675_cmsv2_dcaf8672-2c66-53d3-888d-6686302e59e7-9036944.jpg,euronews.com,English,United States,2,2,eu_context,NO,-1,"[""NO"", ""NO"", ""NO""]","[""Hydrogen home adoption is still nascent and not yet widespread enough to meaningfully impact EU ETS pricing."", ""Hydrogen home adoption is still nascent and not yet widespread enough to meaningfully impact EU ETS pricing."", ""Hydrogen home adoption is still nascent and not yet widespread enough to meaningfully impact EU ETS pricing.""]",3,1.0,-0.3,-0.3,"[3, 3, 3]"
6746,https://www.prnewswire.com/news-releases/ev-market-to-grow-by-usd-446-4-billion-from-2025-2029--driven-by-rising-demand-for-low-emission-vehicles-report-on-how-ai-is-driving-market-transformation---technavio-302372260.html,,"EV Market to Grow by USD 446 . 4 Billion from 2025 - 2029 , Driven by Rising Demand for Low - Emission Vehicles , Report on How AI is Driving Market Transformation",2025-02-11,,prnewswire.com,English,United States,2,2,carbon_terms=2,NO,-1,"[""NO"", ""NO"", ""NO""]","[""AI-driven EV growth may boost emissions reductions, but EU ETS price is more sensitive to policy, compliance, and industrial demand than tech adoption trends."", ""AI-driven EV growth may boost emissions reductions, but EU ETS price is more sensitive to policy, compliance, and industrial demand than tech adoption trends."", ""AI-driven EV growth may boost emissions reductions, but EU ETS price is more sensitive to policy, compliance, and industrial demand than tech adoption trends.""]",6,1.0,-0.6,-0.6,"[6, 6, 6]"
6752,https://www.azomining.com/News.aspx?newsID=18285,,Komatsu Europe Introduces New WA700 - 8 Wheel Loader,2025-02-13,https://d2c0zrx8qw0prh.cloudfront.net/images/news/ImageForNews_18285_17394352888384666.png,azomining.com,English,United States,2,2,eu_context,NO,-1,"[""NO"", ""NO"", ""NO""]","[""New equipment launch has minimal direct impact on EU ETS pricing unless tied to major emissions changes or industry-wide shifts."", ""New equipment launch has minimal direct impact on EU ETS pricing unless tied to major emissions changes or industry-wide shifts."", ""New equipment launch has minimal direct impact on EU ETS pricing unless tied to major emissions changes or industry-wide shifts.""]",2,1.0,-0.2,-0.2,"[2, 2, 2]"
6758,https://eadaily.com/en/news/2025/02/15/refugees-from-the-gaza-strip-are-waiting-in-ukraine-what-could-this-mean-for-eastern-europe,https://eadaily.com/en/ampnews/2025/02/15/refugees-from-the-gaza-strip-are-waiting-in-ukraine-what-could-this-mean-for-eastern-europe,"Refugees from the Gaza Strip are waiting in Ukraine what could this mean for Eastern Europe ? EADaily , February 15th , 2025 Politics , Belarus",2025-02-15,https://img7.eadaily.com/r650x400/o/623/e380383287e8461f951493fc51238.jpeg,eadaily.com,English,Russia,2,2,eu_context,NO,-1,"[""NO"", ""NO"", ""NO""]","[""No direct financial or carbon market linkage to EU ETS pricing."", ""No direct financial or carbon market linkage to EU ETS pricing."", ""No direct financial or carbon market linkage to EU ETS pricing.""]",1,1.0,-0.1,-0.1,"[1, 1, 1]"
6764,https://www.thehindu.com/business/power-sector-trends-reveal-widening-divide-between-eu-and-russia/article69233429.ece,https://www.thehindu.com/business/power-sector-trends-reveal-widening-divide-between-eu-and-russia/article69233429.ece/amp/,Power sector trends reveal widening divide between EU and Russia,2025-02-18,https://www.thehindu.com/theme/images/og-image.png,thehindu.com,English,India,2,3,eu_context;energy_driver,NO,-1,"[""NO"", ""NO"", ""NO""]","[""EU ETS prices may be affected by diverging power sector policies and supply risks between EU and Russia, but no immediate price direction is clear."", ""EU ETS prices may be affected by diverging power sector policies and supply risks between EU and Russia, but no immediate price direction is clear."", ""EU ETS prices may be affected by diverging power sector policies and supply risks between EU and Russia, but no immediate price direction is clear.""]",6,1.0,-0.6,-0.6,"[6, 6, 6]"
6770,https://www.farmweekly.com.au/story/8897353/european-agri-reforms-may-affect-aussie-trade/,,European agri reforms may affect Aussie trade | Farm Weekly,2025-02-20,https://www.farmweekly.com.au/images/transform/v1/crop/frm/230597393/bdc0b8b7-309a-41cb-8e85-152f975cd02c.jpg/r0_36_1920_1044_w1200_h630_fmax.jpg,farmweekly.com.au,English,Australia,2,2,eu_context,NO,-1,"[""NO"", ""NO"", ""NO""]","[""EU agri reforms could indirectly affect Aussie exports via trade policy shifts, but direct ETS price impact is unlikely."", ""EU agri reforms could indirectly affect Aussie exports via trade policy shifts, but direct ETS price impact is unlikely."", ""EU agri reforms could indirectly affect Aussie exports via trade policy shifts, but direct ETS price impact is unlikely.""]",3,1.0,-0.3,-0.3,"[3, 3, 3]"
6776,https://www.hellenicshippingnews.com/why-europe-may-be-forced-to-pay-more-for-gas/,,Why Europe may be forced to pay more for gas ? | Hellenic Shipping News Worldwide,2025-02-24,,hellenicshippingnews.com,English,China,2,3,eu_context;energy_driver,NO,-1,"[""NO"", ""NO"", ""NO""]","[""Gas price pressures may indirectly affect EU ETS via energy cost inflation, but no direct link to carbon pricing is evident."", ""Gas price pressures may indirectly affect EU ETS via energy cost inflation, but no direct link to carbon pricing is evident."", ""Gas price pressures may indirectly affect EU ETS via energy cost inflation, but no direct link to carbon pricing is evident.""]",3,1.0,-0.3,-0.3,"[3, 3, 3]"
6782,https://news.webindia123.com/news/Articles/Business/20250226/4291548.html,,"EU carbon border adjustment mechanism will impact Indian exports , especially in steel and aluminium , says World Bank Thomas Kerr",2025-02-26,,news.webindia123.com,English,India,2,9,eu_ets_strong;eu_context;carbon_terms=1,YES,1,"[""YES"", ""YES"", ""YES""]","[""EU CBAM could increase costs for Indian steel/aluminium exports, pressuring prices and potentially triggering market adjustments."", ""EU CBAM could increase costs for Indian steel/aluminium exports, pressuring prices and potentially triggering market adjustments."", ""EU CBAM could increase costs for Indian steel/aluminium exports, pressuring prices and potentially triggering market adjustments.""]",7,1.0,0.7,0.7,"[7, 7, 7]"
6788,https://www.financialexpress.com/policy/economy/india-eu-to-address-cbam-concerns-for-msmes/3763767/,https://www.financialexpress.com/policy/economy/india-eu-to-address-cbam-concerns-for-msmes/3763767/lite/,"India , EU to address CBAM concerns for MSMEs",2025-02-28,https://www.financialexpress.com/wp-content/uploads/2025/02/FotoJet-5_20250228162459.jpg,financialexpress.com,English,India,2,8,eu_ets_strong;eu_context,NO,-1,"[""NO"", ""NO"", ""NO""]","[""CBAM concerns for MSMEs may influence EU trade policy but not directly impact short-term EU ETS pricing."", ""CBAM concerns for MSMEs may influence EU trade policy but not directly impact short-term EU ETS pricing."", ""CBAM concerns for MSMEs may influence EU trade policy but not directly impact short-term EU ETS pricing.""]",5,1.0,-0.5,-0.5,"[5, 5, 5]"
6794,https://www.esi-africa.com/business-and-markets/impact-of-the-eus-cbam-on-africa-challenges-and-opportunities/,https://www.esi-africa.com/business-and-markets/impact-of-the-eus-cbam-on-africa-challenges-and-opportunities/?amp=1,Impact of the EU CBAM on Africa : Challenges and opportunities,2025-03-03,https://www.esi-africa.com/wp-content/uploads/2024/11/231080190_xl_normal_none.jpg,esi-africa.com,English,South Africa,1,8,eu_ets_strong;eu_context,NO,-1,"[""NO"", ""NO"", ""NO""]","[""EU CBAM\u2019s direct impact on EU ETS prices is minimal as Africa is not a major emitter or trading partner."", ""EU CBAM\u2019s direct impact on EU ETS prices is minimal as Africa is not a major emitter or trading partner."", ""EU CBAM\u2019s direct impact on EU ETS prices is minimal as Africa is not a major emitter or trading partner.""]",3,1.0,-0.3,-0.3,"[3, 3, 3]"
6800,https://biztoc.com/x/a2bb3af685ea68f1,,New EU Carbon Market Set To Hammer Households And Small Businesses,2025-03-07,https://biztoc.com/cdn/a2bb3af685ea68f1_s.webp,biztoc.com,English,,1,4,eu_context;carbon_terms=2,NO,-1,"[""NO"", ""NO"", ""NO""]","[""The headline suggests regulatory pressure and cost increases likely to drive short-term ETS price upward due to heightened compliance burdens."", ""The headline suggests regulatory pressure and cost increases likely to drive short-term ETS price upward due to heightened compliance burdens."", ""The headline suggests regulatory pressure and cost increases likely to drive short-term ETS price upward due to heightened compliance burdens.""]",7,1.0,-0.7,-0.7,"[7, 7, 7]"
6806,https://www.globalcement.com/news/item/18530-eu-funds-14-cement-decarbonisation-projects-with-innovation-fund-grants,,EU funds 14 cement decarbonisation projects with Innovation Fund grants,2025-03-12,https://www.globalcement.com/media/k2/items/cache/83ae357fec8eba398717da5e96b247b3_M.jpg,globalcement.com,English,India,1,3,eu_context;carbon_terms=1,YES,1,"[""YES"", ""YES"", ""YES""]","[""Innovation Fund grants signal strong policy support for cement decarbonisation, likely boosting ETS demand and prices."", ""Innovation Fund grants signal strong policy support for cement decarbonisation, likely boosting ETS demand and prices."", ""Innovation Fund grants signal strong policy support for cement decarbonisation, likely boosting ETS demand and prices.""]",7,1.0,0.7,0.7,"[7, 7, 7]"
6812,https://phys.org/news/2025-03-companies-high-greenhouse-gas-emissions.html,https://phys.org/news/2025-03-companies-high-greenhouse-gas-emissions.amp,Companies with high greenhouse gas emissions more likely to manipulate finances,2025-03-18,https://scx2.b-cdn.net/gfx/news/hires/2018/1-emissions.jpg,phys.org,English,United States,1,3,carbon_terms=2;energy_driver,NO,-1,"[""NO"", ""NO"", ""NO""]","[""May signal increased regulatory scrutiny, potentially raising compliance costs and affecting ETS pricing indirectly."", ""May signal increased regulatory scrutiny, potentially raising compliance costs and affecting ETS pricing indirectly."", ""May signal increased regulatory scrutiny, potentially raising compliance costs and affecting ETS pricing indirectly.""]",5,1.0,-0.5,-0.5,"[5, 5, 5]"
6818,https://www.lngindustry.com/liquid-natural-gas/21032025/wood-mackenzie-us-lng-full-lifecycle-emissions-delivered-to-europe-are-48-of-the-coal-equivalent/,https://www.lngindustry.com/liquid-natural-gas/21032025/wood-mackenzie-us-lng-full-lifecycle-emissions-delivered-to-europe-are-48-of-the-coal-equivalent/amp/,Wood Mackenzie : US LNG full lifecycle emissions delivered to Europe are 48 % of the coal equivalent,2025-03-21,https://d11onib03523a2.cloudfront.net/media/articles/pop/293532.jpg,lngindustry.com,English,United States,2,5,eu_context;carbon_terms=2;energy_driver,NO,-1,"[""NO"", ""NO"", ""NO""]","[""LNG emissions being 48% of coal equivalent may influence EU ETS pricing if it affects competitiveness of LNG vs coal imports."", ""LNG emissions being 48% of coal equivalent may influence EU ETS pricing if it affects competitiveness of LNG vs coal imports."", ""LNG emissions being 48% of coal equivalent may influence EU ETS pricing if it affects competitiveness of LNG vs coal imports.""]",6,1.0,-0.6,-0.6,"[6, 6, 6]"
6824,https://www.maltatoday.com.mt/news/national/134187/airfares_to_malta_set_to_rise_by_10_as_airlines_face_higher_eu_emissions_costs,,Airfares to Malta set to rise by €10 as airlines face higher EU emissions costs,2025-03-23,https://content.maltatoday.com.mt/ui_frontend/thumbnail/684/400/1.1_airport_passenger_pic.png,maltatoday.com.mt,English,Malta,1,4,eu_context;carbon_terms=2,YES,1,"[""YES"", ""YES"", ""YES""]","[""Higher EU ETS costs directly increase airline operating expenses, likely pushing up airfares."", ""Higher EU ETS costs directly increase airline operating expenses, likely pushing up airfares."", ""Higher EU ETS costs directly increase airline operating expenses, likely pushing up airfares.""]",7,1.0,0.7,0.7,"[7, 7, 7]"
6830,https://en.trend.az/business/energy/4022086.html,,Concrete steps needed for Southern Gas Corridor expansion in Southeast Europe & Balkans – Romanian minister ( Exclusive ) ,2025-03-25,https://en.trend.az/media/2024/11/15/sebastyan_ioan_burduja_151124.jpg,en.trend.az,English,United States,2,3,eu_context;energy_driver,NO,-1,"[""NO"", ""NO"", ""NO""]","[""EU ETS price unlikely to be directly impacted by regional gas corridor expansion news."", ""EU ETS price unlikely to be directly impacted by regional gas corridor expansion news."", ""EU ETS price unlikely to be directly impacted by regional gas corridor expansion news.""]",3,1.0,-0.3,-0.3,"[3, 3, 3]"
6836,https://www.bssnews.net/news/258610,,EU emission target delay sparks worries of climate retreat,2025-03-27,https://www.bssnews.net/assets/news_photos/2025/03/27/image-258610-1743061218.jpg,bssnews.net,English,Bangladesh,2,3,eu_context;carbon_terms=1,NO,-1,"[""NO"", ""NO"", ""NO""]","[""Market fears of policy retreat could trigger short-term price volatility."", ""Market fears of policy retreat could trigger short-term price volatility."", ""Market fears of policy retreat could trigger short-term price volatility.""]",7,1.0,-0.7,-0.7,"[7, 7, 7]"
6842,https://www.finanznachrichten.de/nachrichten-2025-03/64968669-tesla-stock-eu-emissions-strategy-boosts-market-position-660.htm,,Tesla Stock : EU Emissions Strategy Boosts Market Position,2025-03-29,https://www.finanznachrichten.de/chart-tesla-inc-aktie-intraklein-tradegate.png,finanznachrichten.de,English,Germany,1,5,eu_context;carbon_terms=3,NO,-1,"[""NO"", ""NO"", ""NO""]","[""Tesla\u2019s market position may be influenced by EU ETS policy, but direct price impact on EU ETS is minimal."", ""Tesla\u2019s market position may be influenced by EU ETS policy, but direct price impact on EU ETS is minimal."", ""Tesla\u2019s market position may be influenced by EU ETS policy, but direct price impact on EU ETS is minimal.""]",3,1.0,-0.3,-0.3,"[3, 3, 3]"
6848,https://pina.com.fj/2025/03/31/small-islands-fear-eu-betrayal-over-shipping-emissions-levy/,,Small islands fear EU betrayal over shipping emissions levy,2025-03-31,,pina.com.fj,English,Fiji,1,4,eu_context;carbon_terms=2,NO,-1,"[""NO"", ""NO"", ""NO""]","[""Small islands may push for regulatory alignment, potentially triggering market volatility but not yet a clear price signal."", ""Small islands may push for regulatory alignment, potentially triggering market volatility but not yet a clear price signal."", ""Small islands may push for regulatory alignment, potentially triggering market volatility but not yet a clear price signal.""]",5,1.0,-0.5,-0.5,"[5, 5, 5]"
6854,https://www.energylivenews.com/2025/04/02/helsinki-closes-last-coal-power-plant-cutting-its-emissions-by-30/,,"Helsinki closes last coal power plant , cutting its emissions by 30 % ",2025-04-02,,energylivenews.com,English,United Kingdom,2,3,carbon_terms=2;energy_driver,YES,1,"[""YES"", ""YES"", ""YES""]","[""Coal phase-out signals long-term emission reduction, likely to support ETS prices."", ""Coal phase-out signals long-term emission reduction, likely to support ETS prices."", ""Coal phase-out signals long-term emission reduction, likely to support ETS prices.""]",7,1.0,0.7,0.7,"[7, 7, 7]"
6860,https://www.pv-magazine.com/2025/04/04/european-markets-hit-by-negative-electricity-prices/,,European markets hit by negative electricity prices,2025-04-04,https://www.pv-magazine.com/wp-content/uploads/2025/04/20250331-AleaSoft-European-electricity-market-prices-1200x836.png,pv-magazine.com,English,United States,2,5,eu_context;carbon_terms=2;energy_driver,NO,-1,"[""NO"", ""NO"", ""NO""]","[""Negative prices may signal oversupply or market stress, potentially pressuring ETS prices as emissions trading adjusts to energy market volatility."", ""Negative prices may signal oversupply or market stress, potentially pressuring ETS prices as emissions trading adjusts to energy market volatility."", ""Negative prices may signal oversupply or market stress, potentially pressuring ETS prices as emissions trading adjusts to energy market volatility.""]",6,1.0,-0.6,-0.6,"[6, 6, 6]"
6866,https://www.fastmarkets.com/insights/stainless-steel-price-forecast-2025-global-regional-market-analysis-asia-europe-us/,,"Stainless steel price forecast 2025 – global & regional market analysis ( Asia , Europe , US ) ",2025-04-07,https://www.fastmarkets.com/uploads/2024/12/MM_Steel_RebarFrame_Getty-1347991741_Med-1024x683.jpg,fastmarkets.com,English,China,2,4,eu_context;carbon_terms=2,NO,-1,"[""NO"", ""NO"", ""NO""]","[""Stainless steel prices are not directly tied to EU ETS emissions trading, though indirect industrial demand effects may be minor."", ""Stainless steel prices are not directly tied to EU ETS emissions trading, though indirect industrial demand effects may be minor."", ""Stainless steel prices are not directly tied to EU ETS emissions trading, though indirect industrial demand effects may be minor.""]",3,1.0,-0.3,-0.3,"[3, 3, 3]"
6872,https://www.newscentralasia.net/2025/04/09/brussels-based-expert-on-central-asia-told-about-negative-emissions-technologies-at-the-students-conference-in-turkmenistan/,,Brussels - based expert on Central Asia told about negative emissions technologies at the Students Conference in Turkmenistan,2025-04-09,https://www.newscentralasia.net/wp-content/uploads/2025/04/derya-soysal-lecture.jpg,newscentralasia.net,English,Turkmenistan,2,4,eu_context;carbon_terms=2,NO,-1,"[""NO"", ""NO"", ""NO""]","[""Negligible direct impact on EU ETS pricing as Central Asia\u2019s emissions tech discussions are not yet tied to EU market mechanisms."", ""Negligible direct impact on EU ETS pricing as Central Asia\u2019s emissions tech discussions are not yet tied to EU market mechanisms."", ""Negligible direct impact on EU ETS pricing as Central Asia\u2019s emissions tech discussions are not yet tied to EU market mechanisms.""]",2,1.0,-0.2,-0.2,"[2, 2, 2]"
6878,https://www.brecorder.com/news/40356970/cbam-a-green-squeeze-for-developing-countries-like-pakistan,,CBAM a green squeeze for developing countries like Pakistan - Opinion,2025-04-11,,brecorder.com,English,Pakistan,2,6,eu_ets_strong,NO,-1,"[""NO"", ""NO"", ""NO""]","[""CBAM\u2019s implementation may indirectly affect EU ETS prices via global trade dynamics, but direct short-term impact is limited."", ""CBAM\u2019s implementation may indirectly affect EU ETS prices via global trade dynamics, but direct short-term impact is limited."", ""CBAM\u2019s implementation may indirectly affect EU ETS prices via global trade dynamics, but direct short-term impact is limited.""]",3,1.0,-0.3,-0.3,"[3, 3, 3]"
6884,https://www.theguardian.com/business/2025/apr/13/bp-dropped-its-green-pledges-and-turned-back-to-oil-now-the-price-of-crude-has-collapsed,,BP dropped its green pledges and turned back to oil . Now the price of crude has collapsed,2025-04-13,https://i.guim.co.uk/img/media/637c99a09a0a3e5edece26a070e1c32722555af0/60_136_3475_2084/master/3475.jpg?&quality=85&auto=format&fit=crop&overlay-align=bottom%2Cleft&overlay-width=100p&overlay-base64=L2ltZy9zdGF0aWMvb3ZlcmxheXMvdG8tZGVmYXVsdC5wbmc&enable=upscale&s=854aed5cf1c31d7bf078f0b13fd27c79,theguardian.com,English,United Kingdom,2,2,carbon_terms=1;energy_driver,NO,-1,"[""NO"", ""NO"", ""NO""]","[""BP\u2019s shift may signal broader industry sentiment but crude\u2019s collapse is more driven by supply-demand fundamentals than ETS directly."", ""BP\u2019s shift may signal broader industry sentiment but crude\u2019s collapse is more driven by supply-demand fundamentals than ETS directly."", ""BP\u2019s shift may signal broader industry sentiment but crude\u2019s collapse is more driven by supply-demand fundamentals than ETS directly.""]",5,1.0,-0.5,-0.5,"[5, 5, 5]"
6890,https://www.hellenicshippingnews.com/europe-gas-prices-slightly-down-on-healthy-norwegian-and-lng-supply/,,Europe Gas Prices slightly down on healthy Norwegian and LNG supply | Hellenic Shipping News Worldwide,2025-04-15,,hellenicshippingnews.com,English,China,2,4,eu_context;carbon_terms=1;energy_driver,NO,-1,"[""NO"", ""NO"", ""NO""]","[""Gas price declines may slightly dampen ETS demand but are unlikely to trigger major price shifts."", ""Gas price declines may slightly dampen ETS demand but are unlikely to trigger major price shifts."", ""Gas price declines may slightly dampen ETS demand but are unlikely to trigger major price shifts.""]",3,1.0,-0.3,-0.3,"[3, 3, 3]"
6896,https://indianexpress.com/article/explained/explained-climate/world-first-particulate-emissions-market-gujarat-9949535/,https://indianexpress.com/article/explained/explained-climate/world-first-particulate-emissions-market-gujarat-9949535/lite/,"Explained : World first market for particulate emissions trading in Gujarat , how it worked | Explained News",2025-04-17,https://images.indianexpress.com/2025/04/emissions-scheme-explained.jpg,indianexpress.com,English,India,1,4,carbon_terms=4,NO,-1,"[""NO"", ""NO"", ""NO""]","[""Gujarat\u2019s particulate emissions market is a regional, non-EU initiative and unlikely to directly influence EU ETS pricing."", ""Gujarat\u2019s particulate emissions market is a regional, non-EU initiative and unlikely to directly influence EU ETS pricing."", ""Gujarat\u2019s particulate emissions market is a regional, non-EU initiative and unlikely to directly influence EU ETS pricing.""]",1,1.0,-0.1,-0.1,"[1, 1, 1]"
6902,https://news.dupontregistry.com/sponsored/broad-arrow-auctions-preview-2021-porsche-911-gt3-cup/,,Broad Arrow Auctions Preview : 2021 Porsche 911 GT3 Cup,2025-04-20,https://news.dupontregistry.com/wp-content/uploads/2025/04/PO25_r0051-2021-Porsche-911-GT3-Cup_001.jpg,news.dupontregistry.com,English,United States,2,2,carbon_terms=2,NO,-1,"[""NO"", ""NO"", ""NO""]","[""Irrelevant to EU ETS pricing; unrelated to carbon markets or emissions trading."", ""Irrelevant to EU ETS pricing; unrelated to carbon markets or emissions trading."", ""Irrelevant to EU ETS pricing; unrelated to carbon markets or emissions trading.""]",1,1.0,-0.1,-0.1,"[1, 1, 1]"
6908,https://www.manilatimes.net/2025/04/22/tmt-newswire/globenewswire/update-watchguard-signs-the-climate-pledge-commits-to-net-zero-carbon-emissions-by-2040/2096255,https://www.manilatimes.net/2025/04/22/tmt-newswire/globenewswire/update-watchguard-signs-the-climate-pledge-commits-to-net-zero-carbon-emissions-by-2040/2096255/amp,"UPDATE -- WatchGuard Signs The Climate Pledge , Commits to Net - Zero Carbon Emissions by 2040",2025-04-22,https://www.manilatimes.net/manilatimes/uploads/images/2025/04/22/601117.png,manilatimes.net,English,Philippines,2,3,carbon_terms=3,NO,-1,"[""NO"", ""NO"", ""NO""]","[""Small corporate climate pledge unlikely to materially affect EU ETS price short-term."", ""Small corporate climate pledge unlikely to materially affect EU ETS price short-term."", ""Small corporate climate pledge unlikely to materially affect EU ETS price short-term.""]",2,1.0,-0.2,-0.2,"[2, 2, 2]"
6914,https://www.irishtimes.com/special-reports/2025/04/24/ireland-risks-up-to-26-billion-in-penalties-by-missing-eu-climate-targets-whats-at-stake/,,Ireland risks up to €26 billion in penalties by missing EU climate targets – what at stake ? – The Irish Times,2025-04-24,https://www.irishtimes.com/resizer/v2/ILLJ2265ARC45AIQNJ5JV4NOTA.jpg?smart=true&auth=ed3c10a3574294793595fafe6f3e596650614b7eb4490d16210d59439695f667,irishtimes.com,English,Ireland,2,2,eu_context,NO,-1,"[""NO"", ""NO"", ""NO""]","[""Ireland\u2019s potential penalties signal tightening EU ETS compliance, likely pressuring prices upward in the short term."", ""Ireland\u2019s potential penalties signal tightening EU ETS compliance, likely pressuring prices upward in the short term."", ""Ireland\u2019s potential penalties signal tightening EU ETS compliance, likely pressuring prices upward in the short term.""]",7,1.0,-0.7,-0.7,"[7, 7, 7]"
6920,https://www.thetimes.com/uk/politics/article/pat-mcfadden-casts-doubt-on-uk-us-trade-deal-as-eu-beckons-hgcxxkqnd,,Pat McFadden casts doubt on united kingdom - US trade deal as EU beckons,2025-04-27,https://www.thetimes.com/imageserver/image/%2Fb1242ac8-715e-4d64-a0fa-62706a392753.jpg?crop=3702%2C2082%2C0%2C151,thetimes.com,English,,1,2,eu_context,NO,-1,"[""NO"", ""NO"", ""NO""]","[""EU\u2019s carbon pricing influence may indirectly affect UK trade negotiations, but direct price impact is low."", ""EU\u2019s carbon pricing influence may indirectly affect UK trade negotiations, but direct price impact is low."", ""EU\u2019s carbon pricing influence may indirectly affect UK trade negotiations, but direct price impact is low.""]",3,1.0,-0.3,-0.3,"[3, 3, 3]"
6926,https://www.thenews.com.pk/latest/1306351-eu-faces-internal-split-as-finland-supports-reducing-emissions-90-by-2040,,EU faces internal split as Finland supports reducing emissions 90 % by 2040,2025-04-29,https://www.thenews.com.pk/assets/uploads/updates/2025-04-29/l_1306351_112233_updates.jpg,thenews.com.pk,English,Pakistan,2,4,eu_context;carbon_terms=2,NO,-1,"[""NO"", ""NO"", ""NO""]","[""Finland\u2019s support for a 90% emissions reduction by 2040 may signal stricter policy, but lacks immediate market impact without legislative action or binding targets."", ""Finland\u2019s support for a 90% emissions reduction by 2040 may signal stricter policy, but lacks immediate market impact without legislative action or binding targets."", ""Finland\u2019s support for a 90% emissions reduction by 2040 may signal stricter policy, but lacks immediate market impact without legislative action or binding targets.""]",5,1.0,-0.5,-0.5,"[5, 5, 5]"
6932,https://cleantechnica.com/2025/04/30/how-to-defuse-the-eus-carbon-tax-time-bomb/,https://cleantechnica.com/2025/04/30/how-to-defuse-the-eus-carbon-tax-time-bomb/?amp=1,How to Defuse the EU Carbon Tax Time Bomb,2025-05-01,https://cleantechnica.com/wp-content/uploads/2023/04/Air-Pollution-Vehicle-Exhaust-CleanTechnica-Watermark.png,cleantechnica.com,English,United States,1,3,eu_context;carbon_terms=1,NO,-1,"[""NO"", ""NO"", ""NO""]","[""The headline suggests potential policy shifts that could lower carbon prices, but exact timing and magnitude remain uncertain."", ""The headline suggests potential policy shifts that could lower carbon prices, but exact timing and magnitude remain uncertain."", ""The headline suggests potential policy shifts that could lower carbon prices, but exact timing and magnitude remain uncertain.""]",7,1.0,-0.7,-0.7,"[7, 7, 7]"
6938,https://economictimes.indiatimes.com/news/international/world-news/eu-power-grid-needs-trillion-dollar-upgrade-to-avert-spain-style-blackouts/articleshow/120899383.cms,https://m.economictimes.com/news/international/world-news/eu-power-grid-needs-trillion-dollar-upgrade-to-avert-spain-style-blackouts/amp_articleshow/120899383.cms,EU power grid needs trillion - dollar upgrade to avert Spain - style blackouts,2025-05-05,"https://img.etimg.com/thumb/msid-120899635,width-1200,height-630,imgsize-103,overlay-economictimes/articleshow.jpg",economictimes.indiatimes.com,English,India,2,3,eu_context;energy_driver,NO,-1,"[""NO"", ""NO"", ""NO""]","[""Grid upgrades may reduce future emissions and regulatory risk, but short-term ETS price impact is uncertain."", ""Grid upgrades may reduce future emissions and regulatory risk, but short-term ETS price impact is uncertain."", ""Grid upgrades may reduce future emissions and regulatory risk, but short-term ETS price impact is uncertain.""]",6,1.0,-0.6,-0.6,"[6, 6, 6]"
6944,https://www.fastmarkets.com/insights/uk-publishes-draft-cbam-primary-legislation-for-technical-consultation/,,UK publishes draft CBAM primary legislation for technical consultation,2025-05-07,https://www.fastmarkets.com/tachyon/2024/10/ET_VCM_LaptopCO2ReductionSymbols_Getty-1837972755_Med.jpg,fastmarkets.com,English,China,1,6,eu_ets_strong,NO,-1,"[""NO"", ""NO"", ""NO""]","[""CBAM\u2019s technical consultation may influence EU ETS policy but doesn\u2019t yet signal short-term price movement."", ""CBAM\u2019s technical consultation may influence EU ETS policy but doesn\u2019t yet signal short-term price movement."", ""CBAM\u2019s technical consultation may influence EU ETS policy but doesn\u2019t yet signal short-term price movement.""]",5,1.0,-0.5,-0.5,"[5, 5, 5]"
6950,https://www.marketscreener.com/quote/stock/INTERCONTINENTAL-EXCHANGE-14931198/news/ICE-Launches-EU-Carbon-Allowance-2-Futures-49892259/,,ICE Launches EU Carbon Allowance 2 Futures,2025-05-09,https://www.marketscreener.com/images/twitter_MS_fdblanc.png,marketscreener.com,English,,1,5,eu_context;carbon_terms=3,YES,1,"[""YES"", ""YES"", ""YES""]","[""ICE\u2019s entry may increase liquidity and attract institutional traders, potentially boosting short-term EU ETS volatility."", ""ICE\u2019s entry may increase liquidity and attract institutional traders, potentially boosting short-term EU ETS volatility."", ""ICE\u2019s entry may increase liquidity and attract institutional traders, potentially boosting short-term EU ETS volatility.""]",7,1.0,0.7,0.7,"[7, 7, 7]"
6956,https://www.eurasiareview.com/11052025-new-eu-roadmap-resets-energy-relationship-with-russia-oped/,,New EU Roadmap Resets Energy Relationship With Russia – OpEd,2025-05-11,https://www.eurasiareview.com/wp-content/uploads/2018/09/c-102-e1686453912999.jpg,eurasiareview.com,English,United States,2,2,eu_context,NO,-1,"[""NO"", ""NO"", ""NO""]","[""Russia\u2019s energy ties may reshape EU ETS compliance costs and carbon pricing dynamics."", ""Russia\u2019s energy ties may reshape EU ETS compliance costs and carbon pricing dynamics."", ""Russia\u2019s energy ties may reshape EU ETS compliance costs and carbon pricing dynamics.""]",6,1.0,-0.6,-0.6,"[6, 6, 6]"
6962,https://carbon-pulse.com/396885/,,"EU Parliament members call for EU - UK ETS link - up , amid fears of separate CBAMs « Carbon Pulse",2025-05-13,,carbon-pulse.com,English,China,1,3,eu_ets_strong;eu_context;carbon_terms=1;non_eu_market,YES,1,"[""YES"", ""YES"", ""YES""]","[""EU Parliament push for ETS linkage could boost price via reduced arbitrage and CBAM alignment."", ""EU Parliament push for ETS linkage could boost price via reduced arbitrage and CBAM alignment."", ""EU Parliament push for ETS linkage could boost price via reduced arbitrage and CBAM alignment.""]",7,1.0,0.7,0.7,"[7, 7, 7]"
6968,https://carbon-pulse.com/397860/,,EU housing affordability talks overshadow question of ETS2 implementation « Carbon Pulse,2025-05-15,,carbon-pulse.com,English,China,1,3,eu_context;carbon_terms=1,NO,-1,"[""NO"", ""NO"", ""NO""]","[""Affordability talks divert attention from ETS2, but no direct price signal is implied."", ""Affordability talks divert attention from ETS2, but no direct price signal is implied."", ""Affordability talks divert attention from ETS2, but no direct price signal is implied.""]",3,1.0,-0.3,-0.3,"[3, 3, 3]"
6974,https://www.theguardian.com/commentisfree/2025/may/17/keir-starmer-deal-european-union-brussels,,What does Keir Starmer really believe in ? His deal with the European Union will provide answers | Tom Baldwin,2025-05-17,https://i.guim.co.uk/img/media/c72bc306fe1d93ed1d1d67483e183fe016a43f49/351_0_3505_2804/master/3505.jpg?&quality=85&auto=format&fit=crop&overlay-align=bottom%2Cleft&overlay-width=100p&overlay-base64=L2ltZy9zdGF0aWMvb3ZlcmxheXMvdGctb3BpbmlvbnMucG5n&enable=upscale&s=a06bc0896f1871301113f2b3e29d02f5,theguardian.com,English,United Kingdom,1,2,eu_context,NO,-1,"[""NO"", ""NO"", ""NO""]","[""The headline discusses political negotiations, not direct market drivers affecting EU ETS pricing."", ""The headline discusses political negotiations, not direct market drivers affecting EU ETS pricing."", ""The headline discusses political negotiations, not direct market drivers affecting EU ETS pricing.""]",2,1.0,-0.2,-0.2,"[2, 2, 2]"
6980,https://www.rigzone.com/news/wire/uk_eu_agree_to_link_carbon_markets_in_postbrexit_reset-20-may-2025-180580-article/,,"UK , EU Agree to Link Carbon Markets in Post - Brexit Reset",2025-05-20,https://images.rigzone.com/images/news/articles/UK-EU-Agree-to-Link-Carbon-Markets-in-PostBrexit-Reset-180580-1200x628.png,rigzone.com,English,United States,1,4,eu_context;carbon_terms=2,YES,1,"[""YES"", ""YES"", ""YES""]","[""EU-UK carbon market linkage could boost EU ETS demand and price volatility."", ""EU-UK carbon market linkage could boost EU ETS demand and price volatility."", ""EU-UK carbon market linkage could boost EU ETS demand and price volatility.""]",8,1.0,0.8,0.8,"[8, 8, 8]"
6986,https://www.jdsupra.com/legalnews/upcoming-revisions-to-eu-carbon-pricing-6117320/,,Upcoming Revisions to EU Carbon Pricing and united kingdom Linkage | White & Case LLP,2025-05-22,https://jdsupra-static.s3.amazonaws.com/profile-images/og.12122_4252.jpg,jdsupra.com,English,United States,1,3,eu_context;carbon_terms=1,YES,1,"[""YES"", ""YES"", ""YES""]","[""Revisions to EU ETS pricing and UK linkage could trigger short-term volatility and upward pressure due to regulatory uncertainty and market anticipation."", ""Revisions to EU ETS pricing and UK linkage could trigger short-term volatility and upward pressure due to regulatory uncertainty and market anticipation."", ""Revisions to EU ETS pricing and UK linkage could trigger short-term volatility and upward pressure due to regulatory uncertainty and market anticipation.""]",7,1.0,0.7,0.7,"[7, 7, 7]"
6992,https://energeticcity.ca/2025/05/23/study-finds-lng-exports-to-asia-europe-could-be-key-to-cutting-greenhouse-gas-emissions/,,"Study encourages increase in LNG exports to Asia , Europe",2025-05-24,https://energeticcity.s3.us-west-2.amazonaws.com/wp-content/uploads/2025/04/10065655/63f0f1ddf0e3c357a7a90d93c1b1b22c6088af253be21f9f1daf4300e4fa792b.jpg,energeticcity.ca,English,Canada,2,3,eu_context;energy_driver,NO,-1,"[""NO"", ""NO"", ""NO""]","[""LNG export growth may offset EU ETS emissions, potentially reducing price pressure."", ""LNG export growth may offset EU ETS emissions, potentially reducing price pressure."", ""LNG export growth may offset EU ETS emissions, potentially reducing price pressure.""]",5,1.0,-0.5,-0.5,"[5, 5, 5]"
6998,https://sciencebusiness.net/live-blog/horizon-blog-european-rd-policy-newsbytes-2025?page=0&entry=19908&redirected=1,,HORIZON BLOG : European R & D policy newsbytes,2025-05-26,https://sciencebusiness.net/sites/default/files/styles/article/public/2025-05/bigstock-Brussels-Belgium--------444168650_0.jpg?itok=Q7jkgwzL,sciencebusiness.net,English,United Kingdom,1,2,eu_context,NO,-1,"[""NO"", ""NO"", ""NO""]","[""Lack of specific policy details or market signals in the headline."", ""Lack of specific policy details or market signals in the headline."", ""Lack of specific policy details or market signals in the headline.""]",1,1.0,-0.1,-0.1,"[1, 1, 1]"
7004,http://www.bjreview.com.cn/Latest_Headlines/202505/t20250528_800402996.html,,Top Chinese cargo port partners with 3 European hubs for low - carbon maritime cooperation -- Beijing Review,2025-05-28,,bjreview.com.cn,English,China,2,3,eu_context;carbon_terms=1,NO,-1,"[""NO"", ""NO"", ""NO""]","[""Low-carbon maritime cooperation may signal future emissions reductions, but immediate EU ETS price impact is uncertain."", ""Low-carbon maritime cooperation may signal future emissions reductions, but immediate EU ETS price impact is uncertain."", ""Low-carbon maritime cooperation may signal future emissions reductions, but immediate EU ETS price impact is uncertain.""]",5,1.0,-0.5,-0.5,"[5, 5, 5]"
7010,https://www.myjoyonline.com/over-75-of-people-in-17-countries-support-cutting-methane-emissions-global-survey-finds/,,Over 75 % of people in 17 countries support cutting methane emissions – Global Survey finds,2025-05-30,https://www.myjoyonline.com/wp-content/uploads/2024/03/image-391.png,myjoyonline.com,English,Ghana,2,2,carbon_terms=2,YES,1,"[""YES"", ""YES"", ""YES""]","[""Methane emissions are a key policy focus in EU ETS, and public support may drive regulatory tightening, boosting prices."", ""Methane emissions are a key policy focus in EU ETS, and public support may drive regulatory tightening, boosting prices."", ""Methane emissions are a key policy focus in EU ETS, and public support may drive regulatory tightening, boosting prices.""]",7,1.0,0.7,0.7,"[7, 7, 7]"
7016,https://www.ecoticias.com/en/europe-says-goodbye-hydrogen-invention/15637/,,150 M ºC and - 269 °C liquid gas ― Europe says goodbye to hydrogen with this invention,2025-06-02,https://www.ecoticias.com/en/wp-content/uploads/2025/05/Screenshot_29-5-2025_54337_www.jpg,ecoticias.com,English,Spain,2,3,eu_context;energy_driver,NO,-1,"[""NO"", ""NO"", ""NO""]","[""Hydrogen\u2019s role in EU ETS is speculative, and this invention may not directly affect carbon pricing."", ""Hydrogen\u2019s role in EU ETS is speculative, and this invention may not directly affect carbon pricing."", ""Hydrogen\u2019s role in EU ETS is speculative, and this invention may not directly affect carbon pricing.""]",3,1.0,-0.3,-0.3,"[3, 3, 3]"
7022,https://www.fastmarkets.com/insights/important-report-carbon-emissions-pulp-paper-mills/,,Carbon Emissions Benchmarking for Sustainability,2025-06-04,https://www.fastmarkets.com/tachyon/2024/10/FM_General_NetZeroGreenGlobeConcept_Getty-1614045654_Med.jpg,fastmarkets.com,English,China,2,3,carbon_terms=3,NO,-1,"[""NO"", ""NO"", ""NO""]","[""May signal regulatory tightening but lacks immediate market impact."", ""May signal regulatory tightening but lacks immediate market impact."", ""May signal regulatory tightening but lacks immediate market impact.""]",3,1.0,-0.3,-0.3,"[3, 3, 3]"
7028,https://www.brownfieldagnews.com/news/mitloehner-concerned-about-european-views-on-reactive-nitrogen-emissions/,,Mitloehner concerned about European views on reactive nitrogen emissions,2025-06-06,https://cdn.brownfieldagnews.com/wp-content/uploads/2019/06/mitloehner-frank-ames-2019.jpg,brownfieldagnews.com,English,United States,2,4,eu_context;carbon_terms=2,NO,-1,"[""NO"", ""NO"", ""NO""]","[""Nitrogen emissions policy shifts may indirectly affect EU ETS compliance costs but are not immediate price drivers."", ""Nitrogen emissions policy shifts may indirectly affect EU ETS compliance costs but are not immediate price drivers."", ""Nitrogen emissions policy shifts may indirectly affect EU ETS compliance costs but are not immediate price drivers.""]",3,1.0,-0.3,-0.3,"[3, 3, 3]"
7034,https://www.thenationalnews.com/business/aviation/2025/06/10/jazeera-airways-in-the-market-for-more-narrow-body-jets-to-capture-european-traffic/,,Jazeera Airways in the market for more narrow - body jets to capture European traffic,2025-06-10,https://www.thenationalnews.com/resizer/v2/Y2S55TFRWVA5XAKCBWOFIKM2IA.jpg?smart=true&auth=1689ef4ac6ec33cdff564c9c8cd1a8009151504c30e55cf19c76bbdbf35c8ded,thenationalnews.com,English,,2,3,eu_context;carbon_terms=1,NO,-1,"[""NO"", ""NO"", ""NO""]","[""Narrow-body jet acquisition may slightly increase fuel efficiency but doesn\u2019t directly impact EU ETS compliance or carbon pricing."", ""Narrow-body jet acquisition may slightly increase fuel efficiency but doesn\u2019t directly impact EU ETS compliance or carbon pricing."", ""Narrow-body jet acquisition may slightly increase fuel efficiency but doesn\u2019t directly impact EU ETS compliance or carbon pricing.""]",3,1.0,-0.3,-0.3,"[3, 3, 3]"
7040,https://e360.yale.edu:8443/features/corn-soy-biofuel-aviation-congress,,The  Green  Aviation Fuel That Would Increase Carbon Emissions,2025-06-12,https://yale-threesixty.transforms.svdcdn.com/production/Corn-Ethanol_AP-HEADER.jpg?&q=60&auto=format&fit=max&dm=1748014090&s=ed5aa80ddb2b10abdc07d70ef2239b72,e360.yale.edu,English,United States,2,3,carbon_terms=3,NO,-1,"[""NO"", ""NO"", ""NO""]","[""Green aviation fuel claims to reduce emissions but may not always deliver net reductions if production or usage is not fully decarbonized."", ""Green aviation fuel claims to reduce emissions but may not always deliver net reductions if production or usage is not fully decarbonized."", ""Green aviation fuel claims to reduce emissions but may not always deliver net reductions if production or usage is not fully decarbonized.""]",3,1.0,-0.3,-0.3,"[3, 3, 3]"
7046,https://www.euronews.com/my-europe/2025/07/02/eu-open-to-carbon-offsets-on-path-to-2040-emissions-target,,EU open to carbon offsets on path to 2040 emissions target,2025-07-02,https://static.euronews.com/articles/stories/09/35/29/40/1200x675_cmsv2_96bb04f4-3e95-5f24-a452-892a34ce552a-9352940.jpg,euronews.com,English,United States,1,5,eu_context;carbon_terms=3,YES,1,"[""YES"", ""YES"", ""YES""]","[""Carbon offsets may ease compliance burdens, potentially supporting price stability or modest upward pressure."", ""Carbon offsets may ease compliance burdens, potentially supporting price stability or modest upward pressure."", ""Carbon offsets may ease compliance burdens, potentially supporting price stability or modest upward pressure.""]",7,1.0,0.7,0.7,"[7, 7, 7]"
7052,https://mondovisione.com/media-and-resources/news/europex-the-eu-ets-remains-the-most-cost-effective-tool-to-achieve-the-2040-emi-202574/,,Europex : The EU ETS Remains The Most Cost - Effective Tool To Achieve The 2040 Emissions Reduction Target,2025-07-04,,mondovisione.com,English,United States,1,10,eu_ets_strong;eu_context;carbon_terms=2,YES,1,"[""YES"", ""YES"", ""YES""]","[""Supports long-term price stability by reinforcing ETS as the primary policy instrument."", ""Supports long-term price stability by reinforcing ETS as the primary policy instrument."", ""Supports long-term price stability by reinforcing ETS as the primary policy instrument.""]",7,1.0,0.7,0.7,"[7, 7, 7]"
7058,https://quicknews-africa.net/the-energy-transition-requires-policies-that-prioritise-resilience-as-well-as-carbon-emissions-crescent-petroleum-ceo-tells-industry-leaders/,,"The energy transition requires policies that prioritise resilience as well as carbon emissions , Crescent Petroleum CEO tells industry leaders",2025-07-06,,quicknews-africa.net,English,Nigeria,2,3,carbon_terms=3,NO,-1,"[""NO"", ""NO"", ""NO""]","[""Resilience focus may divert investment from high-emission assets, potentially reducing demand for carbon credits in the short term."", ""Resilience focus may divert investment from high-emission assets, potentially reducing demand for carbon credits in the short term."", ""Resilience focus may divert investment from high-emission assets, potentially reducing demand for carbon credits in the short term.""]",3,1.0,-0.3,-0.3,"[3, 3, 3]"
7064,https://mondovisione.com/media-and-resources/news/eex-eu-ets2-futures-launched-with-first-day-trade-202578/,,EEX EU ETS2 Futures Launched With First - Day Trade,2025-07-08,,mondovisione.com,English,United States,1,9,eu_ets_strong;eu_context;carbon_terms=1,YES,1,"[""YES"", ""YES"", ""YES""]","[""First-day trading volume and liquidity may set initial price volatility but doesn\u2019t signal long-term trend direction."", ""First-day trading volume and liquidity may set initial price volatility but doesn\u2019t signal long-term trend direction."", ""First-day trading volume and liquidity may set initial price volatility but doesn\u2019t signal long-term trend direction.""]",5,1.0,0.5,0.5,"[5, 5, 5]"
7070,https://www.americanthinker.com/blog/2025/07/eu_s_climate_leviathan.html,,EU climate leviathan - American Thinker,2025-07-10,https://images.americanthinker.com/ln/lnfjbxlxppi5g37sjcx6_800.jpg,americanthinker.com,English,United States,1,2,eu_context,NO,-1,"[""NO"", ""NO"", ""NO""]","[""The headline lacks specific economic or policy details to influence short-term EU ETS pricing."", ""The headline lacks specific economic or policy details to influence short-term EU ETS pricing."", ""The headline lacks specific economic or policy details to influence short-term EU ETS pricing.""]",2,1.0,-0.2,-0.2,"[2, 2, 2]"
7076,https://themunicheye.com/greenhouse-gas-emissions-halved-europe-24490,https://themunicheye.com/amp/greenhouse-gas-emissions-halved-europe-24490.html,Greenhouse Gas Emissions Halved Over Two Decades in Europe,2025-07-16,https://themunicheye.com/content_images/open-graph-tme.webp,themunicheye.com,English,Germany,1,5,eu_context;carbon_terms=2;energy_driver,YES,1,"[""YES"", ""YES"", ""YES""]","[""Reduced emissions may signal tighter future caps or lower compliance costs, potentially pressuring prices."", ""Reduced emissions may signal tighter future caps or lower compliance costs, potentially pressuring prices."", ""Reduced emissions may signal tighter future caps or lower compliance costs, potentially pressuring prices.""]",7,1.0,0.7,0.7,"[7, 7, 7]"
7082,https://www.hulldailymail.co.uk/news/hull-east-yorkshire-news/major-hull-employer-ineos-invests-10350151,https://www.hulldailymail.co.uk/news/hull-east-yorkshire-news/major-hull-employer-ineos-invests-10350151.amp,Major hull employer INEOS invests £30m to slash carbon emissions by 75 % ,2025-07-18,https://i2-prod.grimsbytelegraph.co.uk/incoming/article10350163.ece/ALTERNATES/s1200/0_CFR_NJL_160725ineos_01.jpg,hulldailymail.co.uk,English,United Kingdom,2,3,carbon_terms=3,YES,1,"[""YES"", ""YES"", ""YES""]","[""Large industrial emitter reducing emissions signals policy compliance and potential ETS price support."", ""Large industrial emitter reducing emissions signals policy compliance and potential ETS price support."", ""Large industrial emitter reducing emissions signals policy compliance and potential ETS price support.""]",7,1.0,0.7,0.7,"[7, 7, 7]"
7088,https://labourlist.org/2025/07/uk-rejoin-european-union-growth-strategy/,https://labourlist.org/2025/07/uk-rejoin-european-union-growth-strategy/?amp,  The growth strategy no one will say out loud : rejoin the European Union  ,2025-07-20,https://labourlist.org/wp-content/uploads/2025/01/shutterstock_1285308130-800x450.jpg,labourlist.org,English,United Kingdom,2,2,eu_context,NO,-1,"[""NO"", ""NO"", ""NO""]","[""Rejoining the EU is unlikely to directly impact EU ETS pricing, as carbon markets are governed by EU legislation, not membership status."", ""Rejoining the EU is unlikely to directly impact EU ETS pricing, as carbon markets are governed by EU legislation, not membership status."", ""Rejoining the EU is unlikely to directly impact EU ETS pricing, as carbon markets are governed by EU legislation, not membership status.""]",3,1.0,-0.3,-0.3,"[3, 3, 3]"
7094,https://www.marinelog.com/news/navios-opts-for-abs-wavesight-for-fueleu-and-eu-ets-compliance/,,Navios opts for ABS Wavesight for FuelEU and EU ETS compliance,2025-07-22,https://www.marinelog.com/wp-content/uploads/2025/07/ABSSwavesightfancy.jpg,marinelog.com,English,United States,1,8,eu_ets_strong;eu_context,NO,-1,"[""NO"", ""NO"", ""NO""]","[""ABS Wavesight\u2019s selection may offer operational efficiency but doesn\u2019t signal a major market shift in EU ETS pricing."", ""ABS Wavesight\u2019s selection may offer operational efficiency but doesn\u2019t signal a major market shift in EU ETS pricing."", ""ABS Wavesight\u2019s selection may offer operational efficiency but doesn\u2019t signal a major market shift in EU ETS pricing.""]",3,1.0,-0.3,-0.3,"[3, 3, 3]"
7100,https://www.maritime-executive.com/article/nyk-joins-the-push-for-bio-lng-in-european-shipping,,NYK Joins the Push for Bio - LNG in European Shipping,2025-07-24,https://maritime-executive.com/media/images/article/Photos/Vessels_Large/Bio-LNG-fuel-2025-NYK.178206.png,maritime-executive.com,English,United States,1,3,eu_context;energy_driver,NO,-1,"[""NO"", ""NO"", ""NO""]","[""Bio-LNG adoption by NYK may signal industry shift but lacks immediate market impact on EU ETS pricing."", ""Bio-LNG adoption by NYK may signal industry shift but lacks immediate market impact on EU ETS pricing."", ""Bio-LNG adoption by NYK may signal industry shift but lacks immediate market impact on EU ETS pricing.""]",5,1.0,-0.5,-0.5,"[5, 5, 5]"
7106,https://indianexpress.com/article/upsc-current-affairs/upsc-key-india-maldives-renewable-energy-india-uk-cbam-carbon-10151032/,https://indianexpress.com/article/upsc-current-affairs/upsc-key-india-maldives-renewable-energy-india-uk-cbam-carbon-10151032/lite/,"UPSC Key - 26th July , 2025 - India - Maldives , Renewable energy , and CBAM",2025-07-26,https://images.indianexpress.com/2025/07/Modi-in-Maldives_upsc-key.jpg,indianexpress.com,English,India,1,6,eu_ets_strong,NO,-1,"[""NO"", ""NO"", ""NO""]","[""CBAM impacts EU ETS indirectly via trade, but India-Maldives renewable energy news has minimal direct short-term price influence."", ""CBAM impacts EU ETS indirectly via trade, but India-Maldives renewable energy news has minimal direct short-term price influence."", ""CBAM impacts EU ETS indirectly via trade, but India-Maldives renewable energy news has minimal direct short-term price influence.""]",3,1.0,-0.3,-0.3,"[3, 3, 3]"
7112,https://cyprus-mail.com/2025/07/28/eu-ports-lose-ground-as-carriers-reroute-to-cut-carbon-charges,,EU ports lose ground as carriers reroute to cut carbon charges,2025-07-28,https://cyprus-mail.com/wp-content/uploads/2023/02/maersk-shipping-trading-trade-deficit.jpg,cyprus-mail.com,English,Cyprus,1,3,eu_context;carbon_terms=1,NO,-1,"[""NO"", ""NO"", ""NO""]","[""Carriers rerouting to avoid carbon charges may reduce demand for EU ETS compliance, potentially pressuring prices short-term."", ""Carriers rerouting to avoid carbon charges may reduce demand for EU ETS compliance, potentially pressuring prices short-term."", ""Carriers rerouting to avoid carbon charges may reduce demand for EU ETS compliance, potentially pressuring prices short-term.""]",6,1.0,-0.6,-0.6,"[6, 6, 6]"
7118,https://www.thejournal.ie/eu-us-deal-energy-gas-oil-fracking-ireland-supplies-risk-6777093-Jul2025/,,Fracked gas could enter Ireland energy supplies as EU promises US billions in  energy cooperation  ,2025-07-30,https://img2.thejournal.ie/article/6777093/river/?&version=6777167,thejournal.ie,English,Ireland,2,3,eu_context;energy_driver,NO,-1,"[""NO"", ""NO"", ""NO""]","[""Potential influx of cheaper fracked gas could depress EU ETS prices via increased supply, though long-term impacts remain uncertain."", ""Potential influx of cheaper fracked gas could depress EU ETS prices via increased supply, though long-term impacts remain uncertain."", ""Potential influx of cheaper fracked gas could depress EU ETS prices via increased supply, though long-term impacts remain uncertain.""]",6,1.0,-0.6,-0.6,"[6, 6, 6]"
7124,https://www.drive.com.au/news/2025-nissan-patrol-y62-price-hike-partially-due-to-new-emissions-laws/,,PRICE HIKE : Emissions laws cited as one reason for more exxy Nissan Patrol,2025-08-01,"https://media.drive.com.au/obj/tx_q:70,rs:auto:1920:1080:1/driveau/upload/cms/uploads/476f45f4-5323-5c8f-84ad-1678ad650000",drive.com.au,English,Australia,2,3,carbon_terms=3,NO,-1,"[""NO"", ""NO"", ""NO""]","[""Emissions laws may indirectly affect vehicle pricing but do not directly signal a major shift in EU ETS price."", ""Emissions laws may indirectly affect vehicle pricing but do not directly signal a major shift in EU ETS price."", ""Emissions laws may indirectly affect vehicle pricing but do not directly signal a major shift in EU ETS price.""]",3,1.0,-0.3,-0.3,"[3, 3, 3]"
7130,https://www.terradaily.com/reports/EU_urged_to_act_on_forests_faltering_absorption_of_carbon_999.html,,EU urged to act on forest faltering absorption of carbon,2025-08-03,https://www.spxdaily.com/images-hg/forest-spix-hg.jpg,terradaily.com,English,United States,2,3,eu_context;carbon_terms=1,YES,1,"[""YES"", ""YES"", ""YES""]","[""Forest carbon absorption capacity is a key factor in EU ETS compliance and emissions targets, so policy shifts here could influence pricing."", ""Forest carbon absorption capacity is a key factor in EU ETS compliance and emissions targets, so policy shifts here could influence pricing."", ""Forest carbon absorption capacity is a key factor in EU ETS compliance and emissions targets, so policy shifts here could influence pricing.""]",7,1.0,0.7,0.7,"[7, 7, 7]"
7136,https://oilprice.com/Metals/Commodities/Energy-Costs-and-Emissions-Push-European-Steel-Producer-to-Cut-Output.html,https://oilprice.com/Metals/Commodities/Energy-Costs-and-Emissions-Push-European-Steel-Producer-to-Cut-Output.amp.html,Energy Costs and Emissions Push European Steel Producer to Cut Output,2025-08-05,https://d32r1sh890xpii.cloudfront.net/article/718x300/2025-08-05_bkodmcd3gj.jpg,oilprice.com,English,United States,1,4,eu_context;carbon_terms=2,NO,-1,"[""NO"", ""NO"", ""NO""]","[""Reduced output may lower emissions but could also depress demand, creating mixed short-term price pressure."", ""Reduced output may lower emissions but could also depress demand, creating mixed short-term price pressure."", ""Reduced output may lower emissions but could also depress demand, creating mixed short-term price pressure.""]",6,1.0,-0.6,-0.6,"[6, 6, 6]"
7142,https://www.yahoo.com/news/articles/food-banks-long-prevented-emissions-083000899.html,,Food banks have long prevented emissions . Now theyre getting into the carbon credit business . ,2025-08-07,https://s.yimg.com/ny/api/res/1.2/vQR3UJd4FlnQSAnfgVKU8w--/YXBwaWQ9aGlnaGxhbmRlcjt3PTEyMDA7aD02Njg7Y2Y9d2VicA--/https://media.zenfs.com/en/grist_112/d32659b0e35fabfca415ff7fa7227868,yahoo.com,English,United States,2,3,carbon_terms=3,NO,-1,"[""NO"", ""NO"", ""NO""]","[""Food banks entering carbon credit markets may signal niche demand but lack scale or regulatory alignment to materially affect EU ETS prices."", ""Food banks entering carbon credit markets may signal niche demand but lack scale or regulatory alignment to materially affect EU ETS prices."", ""Food banks entering carbon credit markets may signal niche demand but lack scale or regulatory alignment to materially affect EU ETS prices.""]",3,1.0,-0.3,-0.3,"[3, 3, 3]"
7148,https://www.fitzhugh.ca/national-business/greener-steel-arrives-in-canada-to-a-market-in-turmoil-and-future-unclear-11056717,,Greener steel arrives in Canada to a market in turmoil and future unclear,2025-08-10,,fitzhugh.ca,English,Canada,2,2,carbon_terms=1;energy_driver,NO,-1,"[""NO"", ""NO"", ""NO""]","[""Greener steel imports may disrupt supply dynamics but lack immediate price pressure due to market uncertainty."", ""Greener steel imports may disrupt supply dynamics but lack immediate price pressure due to market uncertainty."", ""Greener steel imports may disrupt supply dynamics but lack immediate price pressure due to market uncertainty.""]",5,1.0,-0.5,-0.5,"[5, 5, 5]"
7154,https://www.manilatimes.net/2025/08/12/tmt-newswire/globenewswire/sandoz-launches-renewable-energy-partnership-to-cover-nearly-90-of-electricity-demand-for-european-operations/2166186,https://www.manilatimes.net/2025/08/12/tmt-newswire/globenewswire/sandoz-launches-renewable-energy-partnership-to-cover-nearly-90-of-electricity-demand-for-european-operations/2166186/amp,Sandoz launches renewable energy partnership to cover nearly 90 % of electricity demand for European operations,2025-08-12,https://www.manilatimes.net/manilatimes/uploads/images/2025/08/12/709367.png,manilatimes.net,English,Philippines,2,3,eu_context;energy_driver,YES,1,"[""YES"", ""YES"", ""YES""]","[""Sandoz\u2019s large-scale renewable energy commitment signals a major ESG-driven shift in EU ETS-emitting firms, likely boosting carbon price expectations."", ""Sandoz\u2019s large-scale renewable energy commitment signals a major ESG-driven shift in EU ETS-emitting firms, likely boosting carbon price expectations."", ""Sandoz\u2019s large-scale renewable energy commitment signals a major ESG-driven shift in EU ETS-emitting firms, likely boosting carbon price expectations.""]",7,1.0,0.7,0.7,"[7, 7, 7]"
7160,https://www.romania-insider.com/dri-secures-loan-unicredit-garanti-bbva-romania,https://www.romania-insider.com/dri-secures-loan-unicredit-garanti-bbva-romania?amp,DRI secures EUR 60 million loan from UniCredit and Garanti BBVA for the construction of Vacaresti solar park in Romania,2025-08-18,https://cdn.romania-insider.com/sites/default/files/styles/article_large_image/public/2025-08/dri_parcul_fotovoltaic_vacaresti.jpg,romania-insider.com,English,Romania,2,2,eu_context,NO,-1,"[""NO"", ""NO"", ""NO""]","[""Solar project financing may signal green investment but lacks direct ETS linkage or regulatory impact."", ""Solar project financing may signal green investment but lacks direct ETS linkage or regulatory impact."", ""Solar project financing may signal green investment but lacks direct ETS linkage or regulatory impact.""]",3,1.0,-0.3,-0.3,"[3, 3, 3]"
7166,https://dailycaller.com/2025/08/19/how-trump-end-europes-reign-terror-american-oil-gas/,,How Trump Can End Europe Reign Of Terror On American Oil And Gas,2025-08-20,"https://images.dailycaller.com/image/width=1280,height=549,fit=cover,format=webp,f=auto/https://cdn01.dailycaller.com/wp-content/uploads/2025/07/GettyImages-2226607553-e1753647522426.jpg",dailycaller.com,English,United States,2,3,eu_context;energy_driver,NO,-1,"[""NO"", ""NO"", ""NO""]","[""Irrelevant to EU ETS pricing as it pertains to U.S. energy policy, not EU carbon markets."", ""Irrelevant to EU ETS pricing as it pertains to U.S. energy policy, not EU carbon markets."", ""Irrelevant to EU ETS pricing as it pertains to U.S. energy policy, not EU carbon markets.""]",2,1.0,-0.2,-0.2,"[2, 2, 2]"
7172,https://www.factcheck.org/2025/08/qa-on-the-trump-epas-effort-to-curtail-regulation-of-greenhouse-gas-emissions/,,Q & A on the Trump EPA Effort to Curtail Regulation of Greenhouse Gas Emissions,2025-08-22,https://cdn.factcheck.org/UploadedFiles/traffic-720x307-1.jpeg,factcheck.org,English,United States,2,3,carbon_terms=2;energy_driver,NO,-1,"[""NO"", ""NO"", ""NO""]","[""Potential regulatory rollback could reduce emissions targets, but EU ETS pricing is less directly affected than U.S. markets."", ""Potential regulatory rollback could reduce emissions targets, but EU ETS pricing is less directly affected than U.S. markets."", ""Potential regulatory rollback could reduce emissions targets, but EU ETS pricing is less directly affected than U.S. markets.""]",5,1.0,-0.5,-0.5,"[5, 5, 5]"
7178,https://www.frontpagemag.com/europeans-choose-air-conditioning-over-death/,,Europeans Choose Air Conditioning Over Death,2025-08-24,https://www.frontpagemag.com/wp-content/uploads/2025/08/image-26.jpg,frontpagemag.com,English,United States,2,2,eu_context,NO,-1,"[""NO"", ""NO"", ""NO""]","[""Extreme heat events may drive increased energy demand and emissions, pressuring EU ETS prices upward."", ""Extreme heat events may drive increased energy demand and emissions, pressuring EU ETS prices upward."", ""Extreme heat events may drive increased energy demand and emissions, pressuring EU ETS prices upward.""]",7,1.0,-0.7,-0.7,"[7, 7, 7]"
7184,https://en.antaranews.com/news/375721/dksh-healthcare-establishes-industry-benchmark-in-carbon-emissions-tracking-in-thailand,,DKSH Healthcare Establishes Industry Benchmark in Carbon Emissions Tracking in Thailand,2025-08-26,https://cdn.antaranews.com/cache/1200x800/2025/08/26/dksh.jpg,en.antaranews.com,English,Indonesia,2,3,carbon_terms=3,NO,-1,"[""NO"", ""NO"", ""NO""]","[""Limited direct impact on EU ETS due to Thailand\u2019s non-EU carbon market and lack of immediate regulatory linkage."", ""Limited direct impact on EU ETS due to Thailand\u2019s non-EU carbon market and lack of immediate regulatory linkage."", ""Limited direct impact on EU ETS due to Thailand\u2019s non-EU carbon market and lack of immediate regulatory linkage.""]",3,1.0,-0.3,-0.3,"[3, 3, 3]"
7190,https://www.nationalobserver.com/2025/08/28/news/canada-europe-lng-export-concerns,,"Canada forges ahead on European LNG exports , despite concerns",2025-08-28,https://www.nationalobserver.com/sites/default/files/img/2025/08/27/cp174687337.JPG,nationalobserver.com,English,Canada,2,3,eu_context;energy_driver,NO,-1,"[""NO"", ""NO"", ""NO""]","[""LNG exports may increase EU supply, potentially pressuring prices but not necessarily causing a sharp decline."", ""LNG exports may increase EU supply, potentially pressuring prices but not necessarily causing a sharp decline."", ""LNG exports may increase EU supply, potentially pressuring prices but not necessarily causing a sharp decline.""]",5,1.0,-0.5,-0.5,"[5, 5, 5]"
7196,https://androidguys.com/news/honor-magic-v5-foldable-magicbook-art-14-magicpad3-launch-in-europe/,,"HONOR Magic V5 Foldable , MagicBook Art 14 , MagicPad3 Launch in Europe",2025-08-30,https://i0.wp.com/androidguys.com/wp-content/uploads/2025/08/honor-magic-v5-gold-scaled-1.jpg?fit=1200%2C675&ssl=1,androidguys.com,English,China,2,2,eu_context,NO,-1,"[""NO"", ""NO"", ""NO""]","[""No direct impact on EU ETS pricing as these are consumer electronics, not carbon-intensive industries."", ""No direct impact on EU ETS pricing as these are consumer electronics, not carbon-intensive industries."", ""No direct impact on EU ETS pricing as these are consumer electronics, not carbon-intensive industries.""]",1,1.0,-0.1,-0.1,"[1, 1, 1]"
7202,https://www.politico.eu/sponsored-content/europes-next-budget-must-power-its-security-and-energy-transition/,,Europe next budget must power its security and energy transition – POLITICO,2025-09-02,"https://www.politico.eu/cdn-cgi/image/width=1200,height=630,fit=crop,quality=80,onerror=redirect/wp-content/uploads/2025/09/01/4096-2729-max-scaled.jpg",politico.eu,English,United States,1,3,eu_context;energy_driver,NO,-1,"[""NO"", ""NO"", ""NO""]","[""Policy focus on security and energy transition may divert attention from carbon pricing mechanics."", ""Policy focus on security and energy transition may divert attention from carbon pricing mechanics."", ""Policy focus on security and energy transition may divert attention from carbon pricing mechanics.""]",3,1.0,-0.3,-0.3,"[3, 3, 3]"
7208,https://www.climatechangenews.com/2025/09/03/without-robust-action-new-eu-carbon-pricing-plan-risks-leaving-vulnerable-people-behind/,,"Without robust action , new EU carbon pricing plan could leave vulnerable people behind",2025-09-04,https://www.climatechangenews.com/wp-content/files/2025/09/Germany-garden-heat-pump-scaled.jpg,climatechangenews.com,English,France,1,3,eu_context;carbon_terms=1,NO,-1,"[""NO"", ""NO"", ""NO""]","[""Risk of policy delays or implementation gaps may dampen market confidence and reduce short-term price momentum."", ""Risk of policy delays or implementation gaps may dampen market confidence and reduce short-term price momentum."", ""Risk of policy delays or implementation gaps may dampen market confidence and reduce short-term price momentum.""]",6,1.0,-0.6,-0.6,"[6, 6, 6]"
7214,https://www.fairfieldsuntimes.com/business/energy/norway-environmentalists-back-in-court-over-oil-field-permits/article_6f419ca3-7f88-50b9-8e36-50a8a99f6212.html,,"Norway , environmentalists back in court over oil field permits",2025-09-06,https://bloximages.newyork1.vip.townnews.com/fairfieldsuntimes.com/content/tncms/assets/v3/editorial/9/b9/9b9d10b6-57b4-5a51-bcbe-1c9675574bed/68aff3ed3aa9f.image.jpg?crop=341%2C341%2C85%2C0,fairfieldsuntimes.com,English,United States,2,3,carbon_terms=2;energy_driver,NO,-1,"[""NO"", ""NO"", ""NO""]","[""Environmentalist legal actions may delay or block oil permits, potentially reducing emissions and influencing EU ETS pricing."", ""Environmentalist legal actions may delay or block oil permits, potentially reducing emissions and influencing EU ETS pricing."", ""Environmentalist legal actions may delay or block oil permits, potentially reducing emissions and influencing EU ETS pricing.""]",3,1.0,-0.3,-0.3,"[3, 3, 3]"
7220,https://oilprice.com/Latest-Energy-News/World-News/New-EU-Emission-Rules-May-Impact-EV-Market-Growth.html,https://oilprice.com/Latest-Energy-News/World-News/New-EU-Emission-Rules-May-Impact-EV-Market-Growth.amp.html,New EU Emission Rules May Impact EV Market Growth,2025-09-08,https://d32r1sh890xpii.cloudfront.net/news/718x300/2025-09-08_rsubqjv549.jpg,oilprice.com,English,United States,2,4,eu_context;carbon_terms=2,NO,-1,"[""NO"", ""NO"", ""NO""]","[""EU ETS rules may indirectly affect EV adoption via cost structures, but direct price impact is limited."", ""EU ETS rules may indirectly affect EV adoption via cost structures, but direct price impact is limited."", ""EU ETS rules may indirectly affect EV adoption via cost structures, but direct price impact is limited.""]",5,1.0,-0.5,-0.5,"[5, 5, 5]"
7226,https://www.prnewswire.com/news-releases/rethinking-carbon-emissions-how-ccu-enables-circularity-302552025.html,,Rethinking Carbon Emissions : How CCU Enables Circularity,2025-09-10,,prnewswire.com,English,United States,1,3,carbon_terms=3,NO,-1,"[""NO"", ""NO"", ""NO""]","[""CCU may offset emissions but doesn't directly affect EU ETS price volatility in the short term."", ""CCU may offset emissions but doesn't directly affect EU ETS price volatility in the short term."", ""CCU may offset emissions but doesn't directly affect EU ETS price volatility in the short term.""]",5,1.0,-0.5,-0.5,"[5, 5, 5]"
7232,https://www.theguardian.com/politics/2025/sep/12/uk-rejoining-eu-european-union-membership-nick-thomas-symonds,,"No prospect of united kingdom rejoining EU in my lifetime , says Starmer reset negotiator | Foreign policy",2025-09-12,"https://i.guim.co.uk/img/media/b65aacd43e8436e320abd3e488b6f38930fe3c7b/976_453_4065_3252/master/4065.jpg?&quality=85&auto=format&fit=crop&precrop=40:21,offset-x50,offset-y0&overlay-align=bottom%2Cleft&overlay-width=100p&overlay-base64=L2ltZy9zdGF0aWMvb3ZlcmxheXMvdGctZGVmYXVsdC5wbmc&enable=upscale&s=d52aa2a5d03a449f75746b901e5972d4",theguardian.com,English,United Kingdom,1,2,eu_context,NO,-1,"[""NO"", ""NO"", ""NO""]","[""UK non-rejoining EU likely reduces carbon trading complexity but has minimal short-term price impact."", ""UK non-rejoining EU likely reduces carbon trading complexity but has minimal short-term price impact."", ""UK non-rejoining EU likely reduces carbon trading complexity but has minimal short-term price impact.""]",3,1.0,-0.3,-0.3,"[3, 3, 3]"
7238,https://www.dw.com/en/india-europe-trade-trump-tariffs/a-74014445,https://amp.dw.com/en/india-europe-trade-trump-tariffs/a-74014445,"India , EU near trade deal amid global turmoil – DW – 09 / 16 / 2025",2025-09-17,https://static.dw.com/image/71779535_6.jpg,dw.com,English,Germany,2,3,eu_context;energy_driver,NO,-1,"[""NO"", ""NO"", ""NO""]","[""EU ETS price may be affected by India\u2019s potential trade deal, but short-term volatility is unlikely without concrete policy changes."", ""EU ETS price may be affected by India\u2019s potential trade deal, but short-term volatility is unlikely without concrete policy changes."", ""EU ETS price may be affected by India\u2019s potential trade deal, but short-term volatility is unlikely without concrete policy changes.""]",5,1.0,-0.5,-0.5,"[5, 5, 5]"
7244,https://www.asiaone.com/world/europe-champions-fighting-climate-change-misses-emissions-deadline,,Europe champions fighting climate change but misses emissions deadline,2025-09-19,https://media.asiaone.com/sites/default/files/styles/article_top_image/public/original_images/Sep2025/0919_climate%20change.jpg?itok=ufm0nuqQ,asiaone.com,English,Singapore,2,4,eu_context;carbon_terms=2,NO,-1,"[""NO"", ""NO"", ""NO""]","[""Market may react negatively due to perceived policy inconsistency despite climate rhetoric."", ""Market may react negatively due to perceived policy inconsistency despite climate rhetoric."", ""Market may react negatively due to perceived policy inconsistency despite climate rhetoric.""]",6,1.0,-0.6,-0.6,"[6, 6, 6]"
7250,https://www.eurasiareview.com/21092025-the-political-economy-of-one-china-policy-in-conundrum-philippines-stake-in-taiwan-china-geopolitical-controversy-analysis/,,The Political Economy Of One China Policy In Conundrum : Philippine Stake In Taiwan - China Geopolitical Controversy – Analysis – Eurasia Review,2025-09-21,https://www.eurasiareview.com/wp-content/uploads/2019/01/b-31-e1693417602829.jpg,eurasiareview.com,English,United States,2,2,eu_context,NO,-1,"[""NO"", ""NO"", ""NO""]","[""Geopolitical tensions in the Taiwan-China dispute are unlikely to directly impact EU ETS pricing unless they trigger major global supply chain disruptions or energy policy shifts."", ""Geopolitical tensions in the Taiwan-China dispute are unlikely to directly impact EU ETS pricing unless they trigger major global supply chain disruptions or energy policy shifts."", ""Geopolitical tensions in the Taiwan-China dispute are unlikely to directly impact EU ETS pricing unless they trigger major global supply chain disruptions or energy policy shifts.""]",2,1.0,-0.2,-0.2,"[2, 2, 2]"
7256,https://www.hellenicshippingnews.com/europe-gas-prices-steady-as-temperatures-dip-wind-power-rises/,,"Europe Gas Prices steady as temperatures dip , wind power rises | Hellenic Shipping News Worldwide",2025-09-23,,hellenicshippingnews.com,English,China,2,4,eu_context;carbon_terms=1;energy_driver,NO,-1,"[""NO"", ""NO"", ""NO""]","[""Steady gas prices and rising wind power may offset demand pressure but don\u2019t signal a clear ETS price trend."", ""Steady gas prices and rising wind power may offset demand pressure but don\u2019t signal a clear ETS price trend."", ""Steady gas prices and rising wind power may offset demand pressure but don\u2019t signal a clear ETS price trend.""]",3,1.0,-0.3,-0.3,"[3, 3, 3]"
7262,https://northafricapost.com/90878-morocco-faces-limited-short-term-impact-from-eu-carbon-border-tax.html,,Morocco faces limited short - term impact from EU carbon border tax – The North Africa Post,2025-09-25,,northafricapost.com,English,Morocco,2,3,eu_context;carbon_terms=1,NO,-1,"[""NO"", ""NO"", ""NO""]","[""Morocco\u2019s limited short-term impact suggests minimal immediate pressure on EU ETS prices due to low exposure to EU carbon border adjustments."", ""Morocco\u2019s limited short-term impact suggests minimal immediate pressure on EU ETS prices due to low exposure to EU carbon border adjustments."", ""Morocco\u2019s limited short-term impact suggests minimal immediate pressure on EU ETS prices due to low exposure to EU carbon border adjustments.""]",3,1.0,-0.3,-0.3,"[3, 3, 3]"
7268,https://cyprus-mail.com/2025/09/27/silent-speed-the-fast-fuel-efficient-european-helicopter-setting-the-pace-for-clean-aviation,,"Silent speed : the fast , fuel - efficient European helicopter setting the pace for clean aviation",2025-09-27,https://cyprus-mail.com/wp-content/uploads/2025/09/airbus-racer-helicopter.jpg,cyprus-mail.com,English,Cyprus,2,2,eu_context,NO,-1,"[""NO"", ""NO"", ""NO""]","[""Clean aviation tech may indirectly influence ETS pricing via sectoral emissions trends, but helicopter impact is negligible."", ""Clean aviation tech may indirectly influence ETS pricing via sectoral emissions trends, but helicopter impact is negligible."", ""Clean aviation tech may indirectly influence ETS pricing via sectoral emissions trends, but helicopter impact is negligible.""]",3,1.0,-0.3,-0.3,"[3, 3, 3]"
7274,https://www.dailysabah.com/opinion/op-ed/gastech-2025-turning-point-in-europes-lng-future,https://www.dailysabah.com/opinion/op-ed/gastech-2025-turning-point-in-europes-lng-future/amp,Gastech 2025 : Turning point in Europe LNG future,2025-09-29,https://idsb.tmgrup.com.tr/ly/uploads/images/2025/09/29/thumbs/1200x675/403795.jpg,dailysabah.com,English,Turkey,2,3,eu_context;energy_driver,NO,-1,"[""NO"", ""NO"", ""NO""]","[""LNG market dynamics and EU ETS pricing are influenced by supply-demand shifts, but Gastech 2025\u2019s impact remains speculative without concrete policy or infrastructure commitments."", ""LNG market dynamics and EU ETS pricing are influenced by supply-demand shifts, but Gastech 2025\u2019s impact remains speculative without concrete policy or infrastructure commitments."", ""LNG market dynamics and EU ETS pricing are influenced by supply-demand shifts, but Gastech 2025\u2019s impact remains speculative without concrete policy or infrastructure commitments.""]",5,1.0,-0.5,-0.5,"[5, 5, 5]"
7280,https://bioprepwatch.com/2025/a-shot-that-allows-round-business-models-in-europepublications-european-environment-agency/16485,,A shot that allows round business models in EuropePublications |European Environment Agency () ,2025-10-01,https://bioprepwatch.com/Images/Blog/2025/16485-a-shot-that-allows-round-business-models-in-europepublicatio.jpg,bioprepwatch.com,English,United States,2,2,eu_context,NO,-1,"[""NO"", ""NO"", ""NO""]","[""The headline lacks clear financial or policy context to influence EU ETS pricing."", ""The headline lacks clear financial or policy context to influence EU ETS pricing."", ""The headline lacks clear financial or policy context to influence EU ETS pricing.""]",3,1.0,-0.3,-0.3,"[3, 3, 3]"
7286,https://cleantechnica.com/2025/10/03/vinfast-electrifies-european-bus-market-with-dual-debut-at-busworld/,https://cleantechnica.com/2025/10/03/vinfast-electrifies-european-bus-market-with-dual-debut-at-busworld/?amp=1,VinFast Electrifies European Bus Market with Dual Debut at Busworld,2025-10-03,https://cleantechnica.com/wp-content/uploads/2025/10/VFBus1.jpg,cleantechnica.com,English,United States,2,3,eu_context;carbon_terms=1,NO,-1,"[""NO"", ""NO"", ""NO""]","[""VinFast\u2019s entry could disrupt bus demand but lacks immediate ETS price impact due to limited scale and market penetration."", ""VinFast\u2019s entry could disrupt bus demand but lacks immediate ETS price impact due to limited scale and market penetration."", ""VinFast\u2019s entry could disrupt bus demand but lacks immediate ETS price impact due to limited scale and market penetration.""]",5,1.0,-0.5,-0.5,"[5, 5, 5]"
7292,https://www.irishmirror.ie/news/irish-news/ireland-could-decisively-disadvantageous-position-36015583,https://www.irishmirror.ie/news/irish-news/ireland-could-decisively-disadvantageous-position-36015583.amp,Ireland could be in  decisively disadvantageou position with high energy prices if nuclear power not considered,2025-10-05,https://i2-prod.irishmirror.ie/article25863283.ece/ALTERNATES/s1200/1_GettyImages-1237376197.jpg,irishmirror.ie,English,Ireland,2,2,carbon_terms=1;energy_driver,NO,-1,"[""NO"", ""NO"", ""NO""]","[""Ireland\u2019s nuclear exclusion risks energy cost spikes, but EU ETS pricing is more influenced by carbon intensity and policy than single-country energy mix shifts."", ""Ireland\u2019s nuclear exclusion risks energy cost spikes, but EU ETS pricing is more influenced by carbon intensity and policy than single-country energy mix shifts."", ""Ireland\u2019s nuclear exclusion risks energy cost spikes, but EU ETS pricing is more influenced by carbon intensity and policy than single-country energy mix shifts.""]",5,1.0,-0.5,-0.5,"[5, 5, 5]"
7298,https://www.prnewswire.com/news-releases/mars-signs-first-european-renewable-acceleration-contract-in-europe-in-partnership-with-goldenpeaks-capital-to-power-full-value-chain-302576332.html,,Mars Signs First European Renewable Acceleration Contract in Europe in Partnership with GoldenPeaks Capital to Power Full Value Chain,2025-10-07,,prnewswire.com,English,United States,2,3,eu_context;energy_driver,NO,-1,"[""NO"", ""NO"", ""NO""]","[""Renewable acceleration contracts may signal policy support but lack direct market impact on EU ETS pricing."", ""Renewable acceleration contracts may signal policy support but lack direct market impact on EU ETS pricing."", ""Renewable acceleration contracts may signal policy support but lack direct market impact on EU ETS pricing.""]",3,1.0,-0.3,-0.3,"[3, 3, 3]"
7304,https://resource.co/article/zero-waste-europe-proposes-cap-and-trade-system-residual-waste,,Zero Waste Europe proposes cap - and - trade system for residual waste,2025-10-09,https://resource.co/sites/default/files/styles/large/public/article_teaser_image/EfW%20plant%20in%20Germany.jpg?itok=Mm90JAd3,resource.co,English,United Kingdom,1,2,eu_context,NO,-1,"[""NO"", ""NO"", ""NO""]","[""Potential regulatory shift could influence waste-related emissions pricing but lacks immediate market impact."", ""Potential regulatory shift could influence waste-related emissions pricing but lacks immediate market impact."", ""Potential regulatory shift could influence waste-related emissions pricing but lacks immediate market impact.""]",5,1.0,-0.5,-0.5,"[5, 5, 5]"
7310,https://simpleflying.com/salaries-pilots-europe-2025/,,A Look At The Salaries Of Pilots In Europe In 2025,2025-10-12,https://static0.simpleflyingimages.com/wordpress/wp-content/uploads/2025/10/pilotpay.jpg?&fit=crop,simpleflying.com,English,,2,2,eu_context,NO,-1,"[""NO"", ""NO"", ""NO""]","[""Pilot salaries in Europe are unlikely to directly influence EU ETS pricing, as they are not a major driver of carbon emissions or regulatory compliance."", ""Pilot salaries in Europe are unlikely to directly influence EU ETS pricing, as they are not a major driver of carbon emissions or regulatory compliance."", ""Pilot salaries in Europe are unlikely to directly influence EU ETS pricing, as they are not a major driver of carbon emissions or regulatory compliance.""]",1,1.0,-0.1,-0.1,"[1, 1, 1]"
7316,https://www.manilatimes.net/2025/10/14/tmt-newswire/globenewswire/diginex-launches-diginexghg-ai-powered-platform-revolutionizing-carbon-accounting-amid-surging-global-regulations-and-market-growth/2200238,https://www.manilatimes.net/2025/10/14/tmt-newswire/globenewswire/diginex-launches-diginexghg-ai-powered-platform-revolutionizing-carbon-accounting-amid-surging-global-regulations-and-market-growth/2200238/amp,Diginex Launches diginexGHG : AI - Powered Platform Revolutionizing Carbon Accounting Amid Surging Global Regulations and Market Growth,2025-10-14,https://www.manilatimes.net/manilatimes/uploads/images/2025/10/14/782162.jpg,manilatimes.net,English,Philippines,2,3,carbon_terms=2;energy_driver,YES,1,"[""YES"", ""YES"", ""YES""]","[""AI-driven carbon accounting tools may lower compliance costs and increase transparency, potentially boosting demand for EU ETS credits."", ""AI-driven carbon accounting tools may lower compliance costs and increase transparency, potentially boosting demand for EU ETS credits."", ""AI-driven carbon accounting tools may lower compliance costs and increase transparency, potentially boosting demand for EU ETS credits.""]",7,1.0,0.7,0.7,"[7, 7, 7]"
7322,https://www.yahoo.com/news/articles/electricity-trade-europe-imports-exports-050030233.html,,Electricity trade in Europe : Who imports and who exports the most ? ,2025-10-17,https://media.zenfs.com/en/euronews_us_articles_576/695c07b326088dd8d9d523b3522356fc,yahoo.com,English,United States,2,3,eu_context;energy_driver,NO,-1,"[""NO"", ""NO"", ""NO""]","[""Shifts in electricity trade can influence demand for carbon allowances but are not a direct price driver."", ""Shifts in electricity trade can influence demand for carbon allowances but are not a direct price driver."", ""Shifts in electricity trade can influence demand for carbon allowances but are not a direct price driver.""]",5,1.0,-0.5,-0.5,"[5, 5, 5]"
7328,https://www.tourism-review.com/european-airlines-warn-against-biofuels-news15147,,European Airlines Expect Higher Prices due to Biofuels,2025-10-19,https://www.tourism-review.com/temp/aktualita-detail-facebook_tmb_15147.jpg,tourism-review.com,English,China,2,3,eu_context;carbon_terms=1,NO,-1,"[""NO"", ""NO"", ""NO""]","[""Biofuels may reduce emissions but likely have limited immediate impact on EU ETS prices due to small-scale adoption and high costs."", ""Biofuels may reduce emissions but likely have limited immediate impact on EU ETS prices due to small-scale adoption and high costs."", ""Biofuels may reduce emissions but likely have limited immediate impact on EU ETS prices due to small-scale adoption and high costs.""]",5,1.0,-0.5,-0.5,"[5, 5, 5]"
7334,https://www.manilatimes.net/2025/10/21/tmt-newswire/globenewswire/abaxx-confirms-growing-trading-activity-in-its-north-pacific-asia-npa-dap-and-us-gulf-of-mexico-gom-fob-lng-futures/2205000,https://www.manilatimes.net/2025/10/21/tmt-newswire/globenewswire/abaxx-confirms-growing-trading-activity-in-its-north-pacific-asia-npa-dap-and-us-gulf-of-mexico-gom-fob-lng-futures/2205000/amp,Abaxx Confirms Growing Trading Activity in its North Pacific - Asia ( NPA DAP ) and US Gulf of Mexico ( GOM FOB ) LNG Futures,2025-10-21,https://www.manilatimes.net/manilatimes/uploads/images/2025/10/21/791738.png,manilatimes.net,English,Philippines,2,3,carbon_terms=2;energy_driver,NO,-1,"[""NO"", ""NO"", ""NO""]","[""LNG futures activity may indirectly affect energy markets but has limited direct impact on EU ETS pricing."", ""LNG futures activity may indirectly affect energy markets but has limited direct impact on EU ETS pricing."", ""LNG futures activity may indirectly affect energy markets but has limited direct impact on EU ETS pricing.""]",3,1.0,-0.3,-0.3,"[3, 3, 3]"
7340,https://www.hellenicshippingnews.com/european-gas-prices-little-changed-on-higher-wind-colder-weather/,,"European gas prices little changed on higher wind , colder weather | Hellenic Shipping News Worldwide",2025-10-23,,hellenicshippingnews.com,English,China,2,4,eu_context;carbon_terms=1;energy_driver,NO,-1,"[""NO"", ""NO"", ""NO""]","[""Wind generation and cold weather may slightly offset gas demand but not significantly alter EU ETS price trends."", ""Wind generation and cold weather may slightly offset gas demand but not significantly alter EU ETS price trends."", ""Wind generation and cold weather may slightly offset gas demand but not significantly alter EU ETS price trends.""]",3,1.0,-0.3,-0.3,"[3, 3, 3]"
7346,https://leadership.ng/eu-split-on-proposed-date-to-reduce-greenhouse-gas-emissions-by-90/,,EU Split On Proposed Date To Reduce Greenhouse Gas Emissions By 90 % ,2025-10-25,https://leadership.ng/wp-content/uploads/2024/09/Greenhouse-Emissions-1024x643.jpeg,leadership.ng,English,Nigeria,1,5,eu_context;carbon_terms=2;energy_driver,NO,-1,"[""NO"", ""NO"", ""NO""]","[""Uncertainty in the proposed date could delay compliance, affecting market expectations and pricing."", ""Uncertainty in the proposed date could delay compliance, affecting market expectations and pricing."", ""Uncertainty in the proposed date could delay compliance, affecting market expectations and pricing.""]",7,1.0,-0.7,-0.7,"[7, 7, 7]"
7352,https://www.politico.eu/article/eu-climate-law-2040-emissions-target/,,EU opens door to watered down climate law over 2040 emissions target impasse,2025-10-27,"https://www.politico.eu/cdn-cgi/image/width=1200,height=630,fit=crop,quality=80,onerror=redirect/wp-content/uploads/2025/10/27/GettyImages-2242421008-scaled.jpg",politico.eu,English,United States,1,4,eu_context;carbon_terms=2,NO,-1,"[""NO"", ""NO"", ""NO""]","[""Watered-down climate law may reduce policy certainty, potentially dampening investor confidence in EU ETS."", ""Watered-down climate law may reduce policy certainty, potentially dampening investor confidence in EU ETS."", ""Watered-down climate law may reduce policy certainty, potentially dampening investor confidence in EU ETS.""]",5,1.0,-0.5,-0.5,"[5, 5, 5]"
7358,https://www.terradaily.com/afp/251029161520.71y2qg6v.html,,EU in race against time to agree climate emissions target,2025-10-29,,terradaily.com,English,United States,1,4,eu_context;carbon_terms=2,YES,1,"[""YES"", ""YES"", ""YES""]","[""Racing against time may pressure policymakers to tighten targets, potentially boosting ETS prices."", ""Racing against time may pressure policymakers to tighten targets, potentially boosting ETS prices."", ""Racing against time may pressure policymakers to tighten targets, potentially boosting ETS prices.""]",7,1.0,0.7,0.7,"[7, 7, 7]"
7364,https://www.marinelink.com/news/vessels-face-fueleu-maritime-eu-ets-531852,,"Vessels Face Fueleu Maritime , EU ETS Challenge Despite",2025-10-31,https://images.marinelink.com/images/maritime/w800/-165066.jpg,marinelink.com,English,United States,1,8,eu_ets_strong;eu_context,NO,-1,"[""NO"", ""NO"", ""NO""]","[""Maritime fuel emissions are subject to EU ETS compliance, but the impact on short-term price is indirect and uncertain."", ""Maritime fuel emissions are subject to EU ETS compliance, but the impact on short-term price is indirect and uncertain."", ""Maritime fuel emissions are subject to EU ETS compliance, but the impact on short-term price is indirect and uncertain.""]",6,1.0,-0.6,-0.6,"[6, 6, 6]"
7370,https://www.theguardian.com/environment/2025/nov/02/germans-challenging-fight-to-go-green-climate-net-zero,,"  If you ignore emissions , we did great : Germany challenging fight to go green | Environment",2025-11-02,"https://i.guim.co.uk/img/media/9416d8e6e867f50bdbb84af50b3a8e3626e40523/625_0_3750_3000/master/3750.png?&quality=85&auto=format&fit=crop&precrop=40:21,offset-x50,offset-y0&overlay-align=bottom%2Cleft&overlay-width=100p&overlay-base64=L2ltZy9zdGF0aWMvb3ZlcmxheXMvdGctZGVmYXVsdC5wbmc&enable=upscale&s=2d52077ec8b550fd4f629fc147256852",theguardian.com,English,United Kingdom,1,2,carbon_terms=2,NO,-1,"[""NO"", ""NO"", ""NO""]","[""Germany\u2019s green ambitions may be undermined by emissions oversight, potentially pressuring EU ETS prices."", ""Germany\u2019s green ambitions may be undermined by emissions oversight, potentially pressuring EU ETS prices."", ""Germany\u2019s green ambitions may be undermined by emissions oversight, potentially pressuring EU ETS prices.""]",6,1.0,-0.6,-0.6,"[6, 6, 6]"
7376,https://www.rte.ie/news/2025/1104/1541994-eu-emissions-targets/,https://amp.rte.ie/amp/1541994/ ,EU states gather for emergency emissions targets meeting,2025-11-04,https://www.rte.ie/images/00231234-1600.jpg,rte.ie,English,Ireland,2,4,eu_context;carbon_terms=2,YES,1,"[""YES"", ""YES"", ""YES""]","[""Emergency meeting signals potential policy tightening, likely to push prices higher."", ""Emergency meeting signals potential policy tightening, likely to push prices higher."", ""Emergency meeting signals potential policy tightening, likely to push prices higher.""]",7,1.0,0.7,0.7,"[7, 7, 7]"
7382,https://neweasterneurope.eu/2025/11/06/underpowered-how-energy-limits-europes-ai-future/,,Underpowered : how energy limits Europe AI future,2025-11-06,https://neweasterneurope.eu/wp-content/uploads/2025/11/shutterstock_1942280281-scaled.jpg,neweasterneurope.eu,English,Russia,2,3,eu_context;energy_driver,NO,-1,"[""NO"", ""NO"", ""NO""]","[""AI demand may strain energy infrastructure, but EU ETS pricing is more influenced by policy and carbon intensity than direct energy constraints."", ""AI demand may strain energy infrastructure, but EU ETS pricing is more influenced by policy and carbon intensity than direct energy constraints."", ""AI demand may strain energy infrastructure, but EU ETS pricing is more influenced by policy and carbon intensity than direct energy constraints.""]",5,1.0,-0.5,-0.5,"[5, 5, 5]"
7388,https://www.argusmedia.com/en/news-and-insights/latest-market-news/2751720-cop-eu-china-join-brazil-in-carbon-market-coalition,,"Cop : EU , China join Brazil in carbon market coalition",2025-11-08,https://www.argusmedia.com/-/media/project/argusmedia/mainsite/images/14-generic-hero-banners/herobanner_1600x530_generic-c.jpg?&iar=0&rev=2cf023b4e0484c1bb091b9f72dbf7771&hash=72DBDFEBEF6EE62E751AB5DD2221C77E,argusmedia.com,English,United States,2,5,eu_context;carbon_terms=2;energy_driver,YES,1,"[""YES"", ""YES"", ""YES""]","[""Signifies growing global carbon market alignment, potentially increasing EU ETS demand."", ""Signifies growing global carbon market alignment, potentially increasing EU ETS demand."", ""Signifies growing global carbon market alignment, potentially increasing EU ETS demand.""]",7,1.0,0.7,0.7,"[7, 7, 7]"
7394,https://www.euronews.com/my-europe/2025/11/10/cop30-eu-backs-global-carbon-markets-alliance-to-crack-down-on-co2-emissions,,COP30 : EU backs global carbon market alliance to crack down on CO2 emissions,2025-11-10,https://images.euronews.com/articles/stories/09/54/12/37/1200x675_cmsv2_ca388c6f-0e88-50c2-b568-faac9e18bc7f-9541237.jpg,euronews.com,English,United States,1,6,eu_context;carbon_terms=4,YES,1,"[""YES"", ""YES"", ""YES""]","[""EU\u2019s global carbon market alignment could boost demand and price pressure in EU ETS."", ""EU\u2019s global carbon market alignment could boost demand and price pressure in EU ETS."", ""EU\u2019s global carbon market alignment could boost demand and price pressure in EU ETS.""]",7,1.0,0.7,0.7,"[7, 7, 7]"
7400,https://greentechlead.com/renewable-energy/world-energy-outlook-2025-insights-on-europes-clean-energy-transition-and-decarbonisation-goals-51371,https://greentechlead.com/renewable-energy/world-energy-outlook-2025-insights-on-europes-clean-energy-transition-and-decarbonisation-goals-51371/amp,World Energy Outlook 2025 : Insights on Europe Clean Energy Transition and Decarbonisation Goals,2025-11-12,https://greentechlead.com/wp-content/uploads/2025/11/Europe-electrification-and-price-IEA-report-2025.png,greentechlead.com,English,India,2,3,eu_context;carbon_terms=1,NO,-1,"[""NO"", ""NO"", ""NO""]","[""EU ETS price may be influenced by long-term policy shifts, but short-term volatility is unlikely without immediate market signals."", ""EU ETS price may be influenced by long-term policy shifts, but short-term volatility is unlikely without immediate market signals."", ""EU ETS price may be influenced by long-term policy shifts, but short-term volatility is unlikely without immediate market signals.""]",5,1.0,-0.5,-0.5,"[5, 5, 5]"
7406,https://www.compositesworld.com:443/news/zeroavia-is-selected-for-21-million-eu-grant-application-to-deliver-hydrogen-aircraft-network-in-norway,,ZeroAvia is selected for €21 million EU grant application to deliver hydrogen aircraft network in Norway,2025-11-14,https://d2n4wb9orp1vta.cloudfront.net/cms/brand/cw/2025-cw/1125-cw-news-zeroavia-za600-engine-min.jpg;maxWidth=1200,compositesworld.com,English,United States,1,2,eu_context,NO,-1,"[""NO"", ""NO"", ""NO""]","[""Hydrogen aviation infrastructure could influence long-term ETS demand but not immediate price movement."", ""Hydrogen aviation infrastructure could influence long-term ETS demand but not immediate price movement."", ""Hydrogen aviation infrastructure could influence long-term ETS demand but not immediate price movement.""]",5,1.0,-0.5,-0.5,"[5, 5, 5]"
7412,https://www.eurasiareview.com/16112025-fossil-fuel-co2-emissions-hit-record-high-in-2025/,,Fossil Fuel CO2 Emissions Hit Record High In 2025,2025-11-16,https://www.eurasiareview.com/wp-content/uploads/2020/11/c-67.jpg,eurasiareview.com,English,United States,2,2,carbon_terms=2,NO,-1,"[""NO"", ""NO"", ""NO""]","[""Record emissions suggest policy backfire and potential price pressure in EU ETS."", ""Record emissions suggest policy backfire and potential price pressure in EU ETS."", ""Record emissions suggest policy backfire and potential price pressure in EU ETS.""]",7,1.0,-0.7,-0.7,"[7, 7, 7]"
7418,https://www.suncommercial.com/banner_graphic/news/national/article_3a259859-f3b9-54da-a73d-b781d2c2de7c.html,,EU defends carbon tax as ministers take over COP30 negotiations,2025-11-18,https://bloximages.chicago2.vip.townnews.com/suncommercial.com/content/tncms/assets/v3/editorial/5/63/56324047-37a9-547f-92f0-98f98cec39f8/691b3c648d287.image.jpg?crop=341%2C341%2C85%2C0,suncommercial.com,English,United States,2,3,eu_context;carbon_terms=1,YES,1,"[""YES"", ""YES"", ""YES""]","[""EU\u2019s defense of carbon tax signals policy continuity, likely supporting price stability."", ""EU\u2019s defense of carbon tax signals policy continuity, likely supporting price stability."", ""EU\u2019s defense of carbon tax signals policy continuity, likely supporting price stability.""]",7,1.0,0.7,0.7,"[7, 7, 7]"
7424,https://www.washingtonexaminer.com/policy/energy-and-environment/3892765/republicans-fossil-fuel-trump-epa-emissions-reporting/,,Republicans and fossil fuel industry ask Trump EPA to keep emissions reporting,2025-11-20,https://www.washingtonexaminer.com/wp-content/uploads/2025/11/image-collage-nu4i5rvfy-1763586676243-e1763589334943.jpg,washingtonexaminer.com,English,United States,2,2,carbon_terms=2,NO,-1,"[""NO"", ""NO"", ""NO""]","[""Emissions reporting delays may reduce regulatory pressure but are unlikely to significantly alter short-term EU ETS pricing."", ""Emissions reporting delays may reduce regulatory pressure but are unlikely to significantly alter short-term EU ETS pricing."", ""Emissions reporting delays may reduce regulatory pressure but are unlikely to significantly alter short-term EU ETS pricing.""]",3,1.0,-0.3,-0.3,"[3, 3, 3]"
7430,https://www.hometownregister.com/news/national/fossil-fuel-fight-threatens-to-sink-cop30-as-eu-rejects-brazils-draft/article_2cd7a34a-80e7-55a1-a7ea-bfe055734b26.html,,Fossil fuel fight threatens to sink COP30 as EU rejects Brazil draft,2025-11-22,https://bloximages.chicago2.vip.townnews.com/hometownregister.com/content/tncms/assets/v3/editorial/2/d7/2d781b68-dcb9-5dca-b891-97f6a9aa4102/692074529797b.image.jpg?crop=341%2C341%2C85%2C0,hometownregister.com,English,,2,2,eu_context,NO,-1,"[""NO"", ""NO"", ""NO""]","[""EU\u2019s rejection of Brazil\u2019s draft signals potential policy divergence that could dampen global carbon market confidence."", ""EU\u2019s rejection of Brazil\u2019s draft signals potential policy divergence that could dampen global carbon market confidence."", ""EU\u2019s rejection of Brazil\u2019s draft signals potential policy divergence that could dampen global carbon market confidence.""]",6,1.0,-0.6,-0.6,"[6, 6, 6]"
7436,https://www.argusmedia.com/en/news-and-insights/latest-market-news/2757766-falling-gas-price-boosts-europe-nitrogen-margins,,Falling gas price boosts Europe nitrogen margins,2025-11-24,https://www.argusmedia.com/-/media/project/argusmedia/mainsite/images/14-generic-hero-banners/herobanner_1600x530_generic-c.jpg?&iar=0&rev=2cf023b4e0484c1bb091b9f72dbf7771&hash=72DBDFEBEF6EE62E751AB5DD2221C77E,argusmedia.com,English,United States,2,4,eu_context;carbon_terms=1;energy_driver,NO,-1,"[""NO"", ""NO"", ""NO""]","[""Falling gas prices reduce input costs for nitrogen production, potentially lowering margins and indirectly affecting ETS price dynamics."", ""Falling gas prices reduce input costs for nitrogen production, potentially lowering margins and indirectly affecting ETS price dynamics."", ""Falling gas prices reduce input costs for nitrogen production, potentially lowering margins and indirectly affecting ETS price dynamics.""]",3,1.0,-0.3,-0.3,"[3, 3, 3]"
7442,https://www.socialeurope.eu/europes-industrial-crisis-invest-now-or-accept-decline,,Europe Industrial Crisis : Invest Now or Accept Decline,2025-11-26,https://cdn.socialeurope.eu/wp-content/uploads/2025/11/6-2b12b764f12a_1.jpg,socialeurope.eu,English,United Kingdom,2,2,eu_context,NO,-1,"[""NO"", ""NO"", ""NO""]","[""Industrial crisis signals potential oversupply and reduced demand, pressuring EU ETS prices short-term."", ""Industrial crisis signals potential oversupply and reduced demand, pressuring EU ETS prices short-term."", ""Industrial crisis signals potential oversupply and reduced demand, pressuring EU ETS prices short-term.""]",7,1.0,-0.7,-0.7,"[7, 7, 7]"
7448,https://www.hellenicshippingnews.com/europe-gas-prices-edge-higher-on-low-storage-levels/,,Europe Gas Prices edge higher on low storage levels | Hellenic Shipping News Worldwide,2025-11-29,,hellenicshippingnews.com,English,China,2,4,eu_context;carbon_terms=1;energy_driver,NO,-1,"[""NO"", ""NO"", ""NO""]","[""Low storage levels may signal future price pressure but don\u2019t directly impact EU ETS pricing."", ""Low storage levels may signal future price pressure but don\u2019t directly impact EU ETS pricing."", ""Low storage levels may signal future price pressure but don\u2019t directly impact EU ETS pricing.""]",5,1.0,-0.5,-0.5,"[5, 5, 5]"
7454,https://maritime-executive.com/corporate/emissionslink-imo-delay-could-spark-fragmentation-of-carbon-regulations,,EmissionsLink : IMO Delay Could Spark Fragmentation of Carbon Regulations,2025-12-01,https://maritime-executive.com/media/images/article/Philippos-Ioulianou-EmissionsLink.2cce14.jpg,maritime-executive.com,English,United States,1,3,carbon_terms=3,NO,-1,"[""NO"", ""NO"", ""NO""]","[""IMO delay may create regulatory divergence, impacting global carbon pricing alignment and EU ETS competitiveness."", ""IMO delay may create regulatory divergence, impacting global carbon pricing alignment and EU ETS competitiveness."", ""IMO delay may create regulatory divergence, impacting global carbon pricing alignment and EU ETS competitiveness.""]",6,1.0,-0.6,-0.6,"[6, 6, 6]"
7460,https://www.fastmarkets.com/insights/cbam-regulation-report-navigating-the-eus-new-carbon-border-rules-for-metals/,,CBAM regulation report : navigating the EU new carbon border rules for metals,2025-12-03,https://www.fastmarkets.com/uploads/d8/eb/4782d14c4b178ae9f6c632470f20/cargo-frieght-shipping-1024x666.jpg,fastmarkets.com,English,China,1,9,eu_ets_strong;eu_context;carbon_terms=1,NO,-1,"[""NO"", ""NO"", ""NO""]","[""CBAM\u2019s phased implementation may pressure EU ETS-linked importers to adjust compliance costs, indirectly affecting ETS pricing."", ""CBAM\u2019s phased implementation may pressure EU ETS-linked importers to adjust compliance costs, indirectly affecting ETS pricing."", ""CBAM\u2019s phased implementation may pressure EU ETS-linked importers to adjust compliance costs, indirectly affecting ETS pricing.""]",6,1.0,-0.6,-0.6,"[6, 6, 6]"
7466,https://www.hellenicshippingnews.com/the-port-of-valencia-presents-the-results-of-h2ports-europes-largest-pilot-project-for-hydrogen-powered-port-machinery/,,"The Port of Valencia presents the results of H2PORTS , Europe largest pilot project for hydrogen - powered port machinery",2025-12-05,,hellenicshippingnews.com,English,China,2,3,eu_context;energy_driver,NO,-1,"[""NO"", ""NO"", ""NO""]","[""Hydrogen-powered port machinery may signal long-term decarbonization trends but has limited immediate impact on EU ETS pricing."", ""Hydrogen-powered port machinery may signal long-term decarbonization trends but has limited immediate impact on EU ETS pricing."", ""Hydrogen-powered port machinery may signal long-term decarbonization trends but has limited immediate impact on EU ETS pricing.""]",3,1.0,-0.3,-0.3,"[3, 3, 3]"
7472,https://oilprice.com/Energy/Energy-General/Europe-Fast-Tracks-Industrial-Electrification-With-1B-Auction.html,https://oilprice.com/Energy/Energy-General/Europe-Fast-Tracks-Industrial-Electrification-With-1B-Auction.amp.html,Europe Fast - Tracks Industrial Electrification With €1B Auction,2025-12-08,https://d32r1sh890xpii.cloudfront.net/article/718x300/2025-12-08_kc5ev36yj8.jpg,oilprice.com,English,United States,2,3,eu_context;carbon_terms=1,YES,1,"[""YES"", ""YES"", ""YES""]","[""Industrial electrification drives long-term demand for clean energy, potentially boosting EU ETS prices through increased compliance costs."", ""Industrial electrification drives long-term demand for clean energy, potentially boosting EU ETS prices through increased compliance costs."", ""Industrial electrification drives long-term demand for clean energy, potentially boosting EU ETS prices through increased compliance costs.""]",7,1.0,0.7,0.7,"[7, 7, 7]"
7478,https://www.namibian.com.na/eu-to-cut-emissions-90-by-2040-offshore-carbon-credits-allowed/,,"EU to cut emissions 90 % by 2040 , offshore carbon credits allowed",2025-12-10,https://d4f7y6nbupj5z.cloudfront.net/wp-content/uploads/2025/12/b655235e-dc90-4039-b53d-120d887b1240.jpeg,namibian.com.na,English,Namibia,1,5,eu_context;carbon_terms=3,YES,1,"[""YES"", ""YES"", ""YES""]","[""Offshore carbon credits may introduce new compliance flexibility, potentially easing short-term price pressure."", ""Offshore carbon credits may introduce new compliance flexibility, potentially easing short-term price pressure."", ""Offshore carbon credits may introduce new compliance flexibility, potentially easing short-term price pressure.""]",7,1.0,0.7,0.7,"[7, 7, 7]"
7484,https://www.fastmarkets.com/insights/stop-the-clock-constellium-ceo-warns-on-eu-cbam/,,  Stop the clock  Constellium CEO warns on EU CBAM,2025-12-12,https://www.fastmarkets.com/uploads/32/06/b6e4721a4561bac19b01af98dc51/automotive-production-robot-1024x433.jpg,fastmarkets.com,English,China,1,8,eu_ets_strong;eu_context,NO,-1,"[""NO"", ""NO"", ""NO""]","[""CBAM compliance risks may pressure EU ETS-linked emissions trading as firms adjust supply chains."", ""CBAM compliance risks may pressure EU ETS-linked emissions trading as firms adjust supply chains."", ""CBAM compliance risks may pressure EU ETS-linked emissions trading as firms adjust supply chains.""]",6,1.0,-0.6,-0.6,"[6, 6, 6]"
7490,https://cyprus-mail.com/2025/12/14/from-mines-to-meadows-how-science-is-reviving-europes-forgotten-landscapes,,From mines to meadows : how science is reviving Europe forgotten landscapes,2025-12-14,https://cyprus-mail.com/wp-content/uploads/2025/12/mining-mine.jpg,cyprus-mail.com,English,Cyprus,1,2,eu_context,NO,-1,"[""NO"", ""NO"", ""NO""]","[""Carbon trading relevance is minimal as the headline focuses on ecological restoration rather than direct emissions or compliance."", ""Carbon trading relevance is minimal as the headline focuses on ecological restoration rather than direct emissions or compliance."", ""Carbon trading relevance is minimal as the headline focuses on ecological restoration rather than direct emissions or compliance.""]",2,1.0,-0.2,-0.2,"[2, 2, 2]"
7496,https://www.cbc.ca/news/climate/eu-2035-gas-car-ban-evs-9.7018046,,Ban on gas car sales walked back by EU | CBC Climate Change News,2025-12-16,"https://i.cbc.ca/ais/092eff4d-9aae-43e6-bd2e-ad9f81e768e7,1765905686975/full/max/0/default.jpg?im=Crop%2Crect%3D%28859%2C1216%2C3468%2C1950%29%3BResize%3D620",cbc.ca,English,Canada,2,3,eu_context;energy_driver,NO,-1,"[""NO"", ""NO"", ""NO""]","[""Relaxing the gas car ban may reduce demand for carbon-intensive vehicles, potentially lowering emissions and easing pressure on EU ETS prices."", ""Relaxing the gas car ban may reduce demand for carbon-intensive vehicles, potentially lowering emissions and easing pressure on EU ETS prices."", ""Relaxing the gas car ban may reduce demand for carbon-intensive vehicles, potentially lowering emissions and easing pressure on EU ETS prices.""]",5,1.0,-0.5,-0.5,"[5, 5, 5]"
7502,https://www.marketscreener.com/news/eu-rules-out-uk-exemption-from-carbon-border-levy-until-markets-link-ce7d50dfdb8ff620,,EU rules out united kingdom exemption from carbon border levy until markets link,2025-12-18,https://cdn.zonebourse.com/static/resize/0/0/images/reuters/2025-12/2025-12-16T105340Z_1_LYNXMPELBF0JN_RTROPTP_4_EU-EUROPE-COMMISSION.JPG,marketscreener.com,English,,2,4,eu_context;carbon_terms=2,YES,1,"[""YES"", ""YES"", ""YES""]","[""EU\u2019s firm stance on UK inclusion signals stronger market alignment, boosting price expectations."", ""EU\u2019s firm stance on UK inclusion signals stronger market alignment, boosting price expectations."", ""EU\u2019s firm stance on UK inclusion signals stronger market alignment, boosting price expectations.""]",7,1.0,0.7,0.7,"[7, 7, 7]"
7508,https://cyprus-mail.com/2025/12/21/microbes-on-a-mission-to-clean-up-europes-toxic-soils,,Microbes on a mission to clean up Europe toxic soils,2025-12-21,https://cyprus-mail.com/wp-content/uploads/2025/12/soil-dirt.jpg,cyprus-mail.com,English,Cyprus,2,3,eu_context;energy_driver,NO,-1,"[""NO"", ""NO"", ""NO""]","[""Carbon sequestration via microbes is a long-term mitigation strategy, not a near-term market driver for EU ETS prices."", ""Carbon sequestration via microbes is a long-term mitigation strategy, not a near-term market driver for EU ETS prices."", ""Carbon sequestration via microbes is a long-term mitigation strategy, not a near-term market driver for EU ETS prices.""]",2,1.0,-0.2,-0.2,"[2, 2, 2]"
7514,https://www.jdsupra.com/legalnews/eu-carbon-border-adjustment-mechanism-9811962/,,EU Carbon Border Adjustment Mechanism : Financial Obligations Commence Amid Proposed Scope Expansion to Include New Downstream Products | Akin Gump Strauss Hauer & Feld LLP,2025-12-23,https://jdsupra-static.s3.amazonaws.com/profile-images/og.15281_268.jpg,jdsupra.com,English,United States,1,9,eu_ets_strong;eu_context;carbon_terms=1,YES,1,"[""YES"", ""YES"", ""YES""]","[""Scope expansion increases compliance costs and market uncertainty, likely pushing prices higher."", ""Scope expansion increases compliance costs and market uncertainty, likely pushing prices higher."", ""Scope expansion increases compliance costs and market uncertainty, likely pushing prices higher.""]",7,1.0,0.7,0.7,"[7, 7, 7]"
7520,https://www.dailypolitical.com/2025/12/24/sgl-carbon-etrsgl-trading-3-3-higher-heres-what-happened.html,,SGL Carbon ( ETR : SGL ) Trading 3 . 3 % Higher – Here What Happened,2025-12-25,,dailypolitical.com,English,United States,2,2,carbon_terms=2,NO,-1,"[""NO"", ""NO"", ""NO""]","[""SGL\u2019s 3.3% gain reflects short-term market sentiment but doesn\u2019t signal a broader EU ETS trend."", ""SGL\u2019s 3.3% gain reflects short-term market sentiment but doesn\u2019t signal a broader EU ETS trend."", ""SGL\u2019s 3.3% gain reflects short-term market sentiment but doesn\u2019t signal a broader EU ETS trend.""]",3,1.0,-0.3,-0.3,"[3, 3, 3]"
7526,https://cleantechnica.com/2025/12/26/industrial-green-hydrogen-is-coming-to-europe-from-the-us-no-less/,https://cleantechnica.com/2025/12/26/industrial-green-hydrogen-is-coming-to-europe-from-the-us-no-less/?amp=1,Industrial Green Hydrogen Is Coming To Europe From The US,2025-12-27,https://cleantechnica.com/wp-content/uploads/2025/12/EH2-Columbus-004-Kieran-Reeves-Photography-green-hydrogen-.jpeg,cleantechnica.com,English,United States,2,2,eu_context,YES,1,"[""YES"", ""YES"", ""YES""]","[""US green hydrogen exports could boost EU ETS demand as Europe decarbonizes industry."", ""US green hydrogen exports could boost EU ETS demand as Europe decarbonizes industry."", ""US green hydrogen exports could boost EU ETS demand as Europe decarbonizes industry.""]",7,1.0,0.7,0.7,"[7, 7, 7]"
7532,https://economictimes.indiatimes.com/small-biz/sustainability/europe-wanted-its-carbon-border-tax-to-go-global-is-it-working/articleshow/126224526.cms,https://m.economictimes.com/small-biz/sustainability/europe-wanted-its-carbon-border-tax-to-go-global-is-it-working/amp_articleshow/126224526.cms,Europe wanted its carbon border tax to go global - is it working ? ,2025-12-29,"https://img.etimg.com/thumb/msid-126224540,width-1200,height-630,imgsize-297186,overlay-etrise/articleshow.jpg",economictimes.indiatimes.com,English,India,1,3,eu_context;carbon_terms=1,NO,-1,"[""NO"", ""NO"", ""NO""]","[""Carbon border tax expansion could influence EU ETS pricing via global trade dynamics and compliance costs."", ""Carbon border tax expansion could influence EU ETS pricing via global trade dynamics and compliance costs."", ""Carbon border tax expansion could influence EU ETS pricing via global trade dynamics and compliance costs.""]",6,1.0,-0.6,-0.6,"[6, 6, 6]"
7538,https://markets.financialcontent.com/stocks/article/marketminute-2025-12-31-year-end-oil-market-outlook-crude-drifts-higher-amid-geopolitical-heat-and-looming-2026-glut,,FinancialContent - Year - End Oil Market Outlook : Crude Drifts Higher Amid Geopolitical Heat and Looming 2026 Glut,2025-12-31,https://marketminute.ghost.io/content/images/size/w1200/2025/12/1bdad4d6-8766-44bf-958e-03097ca650ab.png,markets.financialcontent.com,English,United States,2,2,carbon_terms=1;energy_driver,NO,-1,"[""NO"", ""NO"", ""NO""]","[""Crude oil price movements can influence EU ETS via energy demand and carbon intensity, but 2026 glut may offset short-term gains."", ""Crude oil price movements can influence EU ETS via energy demand and carbon intensity, but 2026 glut may offset short-term gains."", ""Crude oil price movements can influence EU ETS via energy demand and carbon intensity, but 2026 glut may offset short-term gains.""]",5,1.0,-0.5,-0.5,"[5, 5, 5]"
7544,https://indianexpress.com/article/opinion/columns/between-india-and-eu-a-carbon-gap-and-an-fta-bridge-10450577/,https://indianexpress.com/article/opinion/columns/between-india-and-eu-a-carbon-gap-and-an-fta-bridge-10450577/lite/,"Between India and EU , a carbon gap and an FTA bridge",2026-01-02,https://images.indianexpress.com/2026/01/indEUR26id.jpg,indianexpress.com,English,India,1,3,eu_context;carbon_terms=1,NO,-1,"[""NO"", ""NO"", ""NO""]","[""India\u2019s FTA with EU may not immediately affect EU ETS pricing due to regulatory divergence and market timing."", ""India\u2019s FTA with EU may not immediately affect EU ETS pricing due to regulatory divergence and market timing."", ""India\u2019s FTA with EU may not immediately affect EU ETS pricing due to regulatory divergence and market timing.""]",5,1.0,-0.5,-0.5,"[5, 5, 5]"
7550,https://www.hellenicshippingnews.com/eu-shipping-leaders-warn-of-regulatory-overload/,,EU shipping leaders warn of  regulatory overload  | Hellenic Shipping News Worldwide,2026-01-05,,hellenicshippingnews.com,English,China,1,2,eu_context,NO,-1,"[""NO"", ""NO"", ""NO""]","[""Regulatory overload may increase compliance costs, potentially pressuring shipping firms to hedge or adjust operations, but short-term ETS price impact is uncertain without concrete policy details."", ""Regulatory overload may increase compliance costs, potentially pressuring shipping firms to hedge or adjust operations, but short-term ETS price impact is uncertain without concrete policy details."", ""Regulatory overload may increase compliance costs, potentially pressuring shipping firms to hedge or adjust operations, but short-term ETS price impact is uncertain without concrete policy details.""]",5,1.0,-0.5,-0.5,"[5, 5, 5]"
